Time_s,Error
0,-0.1001
5.6691999554816e-30,-0.1001
6.81617413467732e-09,-0.100099346555637
4.08970448080639e-08,-0.100096080121132
2.11301398174997e-07,-0.100079764876677
8.546747819125e-07,-0.100018419238874
1.50014874126267e-06,-0.0999572746016211
2.1469507941085e-06,-0.0998964057915515
2.79475483826294e-06,-0.0998358444871823
3.47802459533756e-06,-0.0997724018559397
4.19250657591331e-06,-0.0997065360455274
4.93511128521215e-06,-0.0996385901278629
5.70347077689683e-06,-0.0995688350493455
6.49576259137992e-06,-0.0994974873266877
7.31057427141244e-06,-0.0994247226159316
8.14679269693988e-06,-0.0993506866543616
9.00354720606548e-06,-0.0992755011086205
9.88016252257925e-06,-0.0991992683862913
1.07761149772353e-05,-0.0991220759984883
1.16910169106541e-05,-0.0990439983587288
1.26245914303415e-05,-0.0989650993475713
1.3576658787922e-05,-0.0988854338087207
1.45471263872052e-05,-0.0988050486956449
1.55359775575076e-05,-0.0987239842826251
1.65432627416972e-05,-0.0986422751348259
1.75690975953121e-05,-0.0985599504897781
1.86136555316386e-05,-0.0984770350741977
1.96771660960097e-05,-0.0983935494322019
2.07599098429904e-05,-0.0983095105188111
2.18622176347263e-05,-0.0982249319321049
2.29844716240797e-05,-0.0981398240165228
2.41271004470689e-05,-0.098054194404317
2.52905806217559e-05,-0.0979680480753059
2.64754377815264e-05,-0.0978813874360339
2.76822437071795e-05,-0.0977942127069268
2.89116227362658e-05,-0.0977065216277699
3.0164248066805e-05,-0.0976183099035172
3.14408461325488e-05,-0.0975295710710664
3.27421981243487e-05,-0.0974402965817054
3.4069143872946e-05,-0.0973504757304069
3.54225831198596e-05,-0.0972600957762802
3.68034812557935e-05,-0.0971691417740194
3.821287183035e-05,-0.0970775966405268
3.96518632967261e-05,-0.096985440961187
4.11216450098857e-05,-0.0968926528740743
4.26234925752258e-05,-0.0967992080209768
4.41587778924923e-05,-0.0967050792348796
4.57289774524392e-05,-0.0966102363789591
4.73356814886104e-05,-0.09651464617173
4.89806102871369e-05,-0.0964182716357942
5.06656241405687e-05,-0.0963210719877396
5.23927462790358e-05,-0.0962230018387051
5.41641794653757e-05,-0.0961240108556935
5.59823329074652e-05,-0.0960240429343914
5.78498510784751e-05,-0.095923035396226
5.97696513177274e-05,-0.0958209178568275
6.17449707574687e-05,-0.0957176107889555
6.37794205558311e-05,-0.0956130239375587
6.58770572028159e-05,-0.095507054139189
6.80424809584013e-05,-0.0953995821512658
7.02809521173441e-05,-0.0952904691035847
7.25985564487662e-05,-0.095179551190335
7.50024320135044e-05,-0.0950666323310797
7.75010838494229e-05,-0.0949514739660633
8.01048592535303e-05,-0.0948337792708744
8.28266568936222e-05,-0.0947131695784088
8.56830938632925e-05,-0.0945891448589717
8.86965147031733e-05,-0.0944610150455171
9.1898827344871e-05,-0.0943277672059653
9.53398387467559e-05,-0.0941877733836913
9.91094396938797e-05,-0.0940380035362523
0.000103423132440762,-0.0938709534412697
0.000108440371287514,-0.0936820963064215
0.000113328167964305,-0.0935034310272756
0.000117801822875649,-0.0933443542404035
0.000122172781016528,-0.0931928244786865
0.000126475327934966,-0.0930471738980751
0.000130748298712679,-0.092905764052697
0.000135016099826328,-0.0927675642310095
0.000139296264133052,-0.0926318460005338
0.000143601998456693,-0.0924980715848035
0.000147943740813341,-0.0923658269390495
0.000152330087330079,-0.0922347818688246
0.000156768356872786,-0.0921046654758637
0.000161264983937934,-0.0919752493540257
0.000165825758219792,-0.0918463369594712
0.000170456026475975,-0.0917177551721679
0.000175160809835194,-0.0915893490262483
0.000179944902344821,-0.0914609774750154
0.00018481294700403,-0.0913325101583419
0.000189769502371813,-0.0912038247167692
0.000194819069477588,-0.0910748053558928
0.000199960773516196,-0.0909454751385567
0.000205195436287274,-0.0908158116157935
0.000210551290495277,-0.0906851260211547
0.00021601783705179,-0.0905536906762946
0.000221600345097246,-0.0904213899023319
0.00022730365330446,-0.0902881206574197
0.000233132727089191,-0.0901537791931743
0.000239092661343595,-0.0900182608450283
0.000245188704545164,-0.0898814592849867
0.000251426251206131,-0.0897432664911316
0.000257810848220172,-0.0896035723868852
0.000264348209947659,-0.089462264286596
0.000271044190084802,-0.0893192272654495
0.000277904793819079,-0.0891743436242966
0.000284936152501962,-0.0890274931324897
0.000292144511603171,-0.0888785529463501
0.000299536173591228,-0.0887273984135456
0.0003071175019035,-0.0885739025630924
0.000314894827029031,-0.0884179375446236
0.000322874400093194,-0.0882593750193345
0.000331062312001299,-0.0880980871809068
0.000339464399633714,-0.0879339479606463
0.000348086119064584,-0.0877668348060042
0.000356932443666764,-0.0875966299100087
0.000366007706664884,-0.0874232224719843
0.000375315460149012,-0.0872465106039767
0.000384858347721855,-0.0870664029815468
0.00038840098899538,-0.0869998151030348
0.000388400988995383,-0.0869998151030347
0.000398180598015491,-0.0868167782789506
0.000408291151556224,-0.0866282494993657
0.000418628995377719,-0.0864362409890428
0.000429199027459091,-0.0862406125268813
0.000439998143823568,-0.0860413420498443
0.000451021586767048,-0.0858384255285413
0.000462263530162292,-0.0856318699017487
0.000473717431573655,-0.0854216877914332
0.000485376319465125,-0.0852078930501232
0.000497233089383631,-0.0849904961423875
0.000509280827734428,-0.0847694990343616
0.000521513073475191,-0.0845448911831728
0.00053392404327174,-0.0843166461025828
0.000546508873151448,-0.0840847174827604
0.000559263702353823,-0.0838490380390038
0.000572185801956947,-0.0836095173517348
0.000585273645565468,-0.0833660405793282
0.000598526895838578,-0.0831184685485404
0.000611946425440169,-0.0828666370385719
0.000625534295008259,-0.0826103567092006
0.000639293711132978,-0.0823494132705587
0.000653229035377955,-0.0820835665623883
0.000667345731343238,-0.0818125506878997
0.000681650384205503,-0.0815360726550658
0.000696150666562767,-0.081253811932395
0.000710855399128318,-0.0809654180499899
0.000725774548859193,-0.0806705092739776
0.000740919325231769,-0.080368669200576
0.000756302221968645,-0.0800594442348865
0.000771937174337166,-0.0797423385408879
0.000787839706319515,-0.0794168088870862
0.000804027068461387,-0.0790822593533538
0.000820518546763987,-0.0787380321026936
0.000837335737166349,-0.078383398285747
0.000854502955042776,-0.0780175454378713
0.000872047764574895,-0.0776395614183018
0.000890001623671207,-0.0772484146894651
0.000901291800803309,-0.0770000634307372
0.000901291800803316,-0.0770000634307371
0.00091969095167111,-0.0765907512133705
0.000938858076621499,-0.0761600000650514
0.000958625860897912,-0.0757103758389562
0.000979039320378248,-0.0752401447155145
0.00100017749818678,-0.0747467964180736
0.00102214687726076,-0.0742270665126958
0.00104509006579234,-0.0736766576427601
0.00106920696460608,-0.0730896414776832
0.00109479861959877,-0.0724572402625538
0.00112237237628539,-0.0717649326296071
0.00115296836058683,-0.0709835419096917
0.00118686372986162,-0.0701017796644701
0.00122313752806553,-0.0691394306895385
0.0012573776756233,-0.0682131370815572
0.00128891273901267,-0.067344403559657
0.00131924322969571,-0.0664948023143816
0.00134891698922749,-0.0656505198559182
0.0013782163346908,-0.064804420445091
0.00140731818717731,-0.0639519584416909
0.0014363447175917,-0.063089918916082
0.00146538618886163,-0.0622158535982706
0.00149451278210837,-0.0613277902498833
0.00152378134629707,-0.0604240673490534
0.00155323948109406,-0.0595032346575218
0.00158292827079821,-0.0585639860766002
0.00161288395743995,-0.0576051197070333
0.00164313921749044,-0.0566255065879884
0.00167372405569061,-0.0556240689102442
0.00170466641818191,-0.0545997654037506
0.00173599273197976,-0.0535515777297919
0.00176772827444624,-0.0524785013977814
0.00179989744980243,-0.051379539017937
0.00183252400621144,-0.0502536949844694
0.0018656313330589,-0.0490999668681532
0.00189904043080941,-0.0479244835199812
0.00193251395210227,-0.0467356925767621
0.00196607322173031,-0.0455330445225821
0.00199973768644297,-0.0443160415230343
0.00203352530818407,-0.0430842159473478
0.00206745267309734,-0.0418371279243527
0.00210153517146213,-0.0405743613289364
0.00213578715193899,-0.0392955204855977
0.00217022209809058,-0.0380002256711559
0.0022048527170723,-0.0366881115588484
0.00223969103326717,-0.0353588252353927
0.00227474849397435,-0.0340120235261464
0.00231003602196037,-0.0326473721504717
0.00234556409289614,-0.0312645437671667
0.00238134274340162,-0.0298632185810095
0.0024173816775221,-0.0284430810029124
0.00245369026189712,-0.0270038205466733
0.0024902775627786,-0.0255451310241837
0.0025271523918695,-0.0240667093065283
0.00256432333494633,-0.0225682546937042
0.00260179874592896,-0.021049469627219
0.00263958679184206,-0.019510058310479
0.00267769548438116,-0.0179497258046715
0.0027161326517092,-0.0163681795339458
0.00271807131907027,-0.0162881824191351
0.00271844482795676,-0.0162727577922119
0.00271881833684326,-0.0162573306645658
0.00271927400228981,-0.016238508947102
0.00271937701359937,-0.0162342537986618
0.00271941440971751,-0.016232709031659
0.00271945180583564,-0.0162311642551791
0.00271949466183422,-0.0162293939361394
0.0027197089418271,-0.0162205423262786
0.00272078034179153,-0.0161762840013258
0.00272613734161368,-0.0159549855589009
0.00275292234072441,-0.0148483241065043
0.00280757785647888,-0.0125892861342152
0.0028633214822992,-0.0102840688113574
0.00292042666232865,-0.00792126277380384
0.00297892239405701,-0.00549960927905042
0.00303884227461074,-0.00301766403050785
0.00310022085003019,-0.000473942029881144
0.00311206559256076,1.71054818033645e-05
0.00311206559256078,1.71054818045441e-05
0.00315430483562879,0.00173460835371539
0.0031593541472631,0.00193539616784799
0.00316440345889742,0.00213522279956012
0.00316796388207473,0.00227554652313118
0.00317152430525205,0.00241539018340056
0.00317457456480743,0.00253481406453733
0.00317762482436282,0.00265388545136305
0.00318130167770953,0.00279694820027962
0.00318288027628412,0.00285821274352546
0.00318338073987686,0.00287761584591711
0.0031838812034696,0.00289700978270897
0.00318638352143329,0.00299384201345809
0.00319889511125177,0.00347458246902241
0.00321637381217745,0.00413672791906708
0.00323390730342474,0.00479004806610575
0.00325151797816264,0.00543543394685463
0.00326920603033308,0.0060729274472337
0.00328697176998972,0.00670257498984378
0.00330481551305133,0.0073244235972767
0.00332273758634534,0.00793852107004596
0.00334073832400182,0.00854491583053427
0.00335881805476612,0.00914365647814011
0.00337697713641375,0.00973479290735824
0.0033952159215813,0.0103183751354058
0.00341353477701593,0.01089445391007
0.00343193406530082,0.0114630801050654
0.00345041417302282,0.0120243055732015
0.00346897547557797,0.012578182036066
0.00348761837326858,0.0131247621572863
0.0035063432639089,0.0136640986911166
0.00352515056392235,0.0141962450762868
0.00354404068635801,0.0147212547797316
0.00356301405421407,0.0152391816620492
0.00358207110232194,0.0157500799997652
0.00360121227602701,0.0162540044194387
0.00362043801982133,0.016751009579109
0.00363974879715922,0.0172411506666065
0.00365914506610484,0.0177244827524583
0.00367862731145982,0.0182010615795257
0.00369819601043175,0.0186709426847534
0.0037178516559841,0.0191341819608051
0.00373759475326863,0.0195908355391106
0.0037574258104521,0.0200409595572938
0.0037773453377562,0.0204846101319603
0.00379735387221084,0.0209218438905006
0.00381745194928902,0.0213527173139317
0.00383764010989776,0.021777286887232
0.00385791891314352,0.0221956093505316
0.00387828892087093,0.0226077413548516
0.00389875070876836,0.0230137396771274
0.00391930486163592,0.0234136611046295
0.00393995197014172,0.0238075623590917
0.00396069263868336,0.0241955002342234
0.00398152748273628,0.0245775315253512
0.00400245712249867,0.0249537128997401
0.00402348219575644,0.0253241011162435
0.00404460333742803,0.0256887526486383
0.00406582121072838,0.0260477242167264
0.00408713647582584,0.0264010722279746
0.00410854980797793,0.0267488530791229
0.00413006189760393,0.0270911231371028
0.00415167344566197,0.0274279386482339
0.00417338515474988,0.0277593555924694
0.00419519775169301,0.0280854300206071
0.00421711196576521,0.028406217706891
0.00423912853372119,0.0287217742228998
0.00426124822064749,0.0290321552218831
0.00428347179109196,0.0293374160108599
0.00430580002708522,0.0296376117981102
0.00432823372341211,0.0299327976134192
0.00435077368537256,0.0302230282688063
0.00437342073194449,0.0305083583907748
0.00439617568116484,0.0307888422309768
0.0044190393951444,0.0310645342119175
0.0044420127348,0.0313354883485182
0.00446509656176939,0.0316017582802173
0.00448829176672186,0.0318633975941162
0.00451159924276985,0.0321204595068505
0.00453501991574184,0.0323729971930685
0.00455855471870381,0.0326210634890562
0.00458220458740867,0.0328647108471834
0.00460597048477779,0.0331039915856546
0.00462985338487302,0.0333389577105633
0.00465385428215708,0.0335696610009227
0.00467797418334232,0.0337961529200959
0.0047022141085696,0.0340184846231044
0.0047265751081962,0.0342367071008637
0.0047510582283883,0.0344508708611974
0.00477566455400573,0.0346610263056081
0.00480039517819257,0.0348672234498374
0.00482525121028348,0.0350695119901384
0.00485023376927565,0.0352679412470638
0.00487534401714537,0.0354625604221311
0.00490058311128842,0.0356534182130888
0.00492595223870934,0.0358405630788118
0.00495145260814851,0.0360240431676821
0.00497708544990749,0.0362039063086235
0.00500285200492293,0.0363801999302443
0.00502875354035188,0.0365529711662558
0.00505479135183865,0.0367222668597992
0.00508096674443798,0.036888133432743
0.00510728105586097,0.0370506170320948
0.0051337356408341,0.0372097634234752
0.00516033188150024,0.0373656180506072
0.00518707117907249,0.0375182259799972
0.00521395495631388,0.0376676319130544
0.0052409846837243,0.0378138803228817
0.00526816182832198,0.0379570151668411
0.00529548789969704,0.0380970801352868
0.00532296442729973,0.0382341185235014
0.00535059297444431,0.0383681732987372
0.00537837511439553,0.0384992869799655
0.00540631248208646,0.0386275018790964
0.0054344067068078,0.038752859779235
0.00546265946729916,0.0388754021879047
0.0054910724706259,0.0389951702328496
0.00551964744585973,0.0391122046337853
0.00554838616434994,0.0392265457832275
0.00557729042510688,0.039338233680855
0.00560636207849454,0.0394473080200825
0.00563560298431714,0.0395538080241126
0.00566501504468504,0.0396577725701782
0.00569460019849549,0.0397592401633075
0.0057243604310966,0.0398582489639303
0.00575429776547476,0.0399548367515579
0.00578441425035918,0.0400490408849138
0.00581471198999124,0.040140898393717
0.00584519312054493,0.0402304458997073
0.0058758598146546,0.040317719630225
0.00590671430744685,0.040402755487969
0.00593775886259727,0.0404855889501123
0.00596899579517844,0.0405662551300358
0.0060004274780606,0.0406447887873949
0.00603205632379309,0.0407212242774979
0.006063884788986,0.0407955955618075
0.006095915386982,0.0408679362351509
0.00612815068581005,0.0409382795160423
0.00616059332239181,0.0410066582722822
0.00619324596267145,0.0410731049329306
0.00622611135311315,0.0411376515942637
0.00625919228853593,0.0412003299488622
0.00629249164862057,0.0412611713519039
0.00632601234631116,0.0413202067212174
0.00635975737686979,0.041377466625756
0.00639372980525499,0.041432981256925
0.0064279327653672,0.0414867804237654
0.00646236947238707,0.041538893568533
0.00649704319435037,0.0415893497204923
0.00653195729457549,0.0416381775572176
0.00656711522409961,0.041685405386472
0.00660252049602343,0.0417310611086442
0.00663817673396422,0.0417751722777888
0.0066740876472651,0.0418177660633126
0.00671025704642922,0.0418588692648398
0.00674668882556743,0.0418985082882324
0.00678338697206012,0.0419367091550938
0.00682035560607313,0.0419734975392696
0.00685759894687914,0.0420088987256053
0.00689512131638902,0.0420429376115678
0.00693292718479261,0.0420756387442632
0.00697102110482116,0.0421070262575001
0.00700940780904601,0.0421371239503628
0.00704809212103449,0.0421659552085763
0.00708707905240371,0.0421935430754377
0.00712637371777812,0.0422199101831738
0.00716598142103098,0.0422450788096511
0.0072059076033032,0.0422690708372073
0.00724615789410102,0.0422919077800482
0.00728673812765126,0.0423136107846122
0.00732765427226731,0.0423342005857275
0.0073689125206855,0.0423536975507262
0.00741051928406166,0.0423721216670424
0.00745248121588434,0.042389492544306
0.0074948051541747,0.0424058293834465
0.00753749819268583,0.0424211510012409
0.00758056771841323,0.0424354758340066
0.00762402136026407,0.0424488219109524
0.00766786706508392,0.0424612068713131
0.00771211306075945,0.0424726479441712
0.00775676797222006,0.0424831619695023
0.00780184071870132,0.042492765361135
0.00784734062668757,0.0425014741242151
0.00789327739368784,0.0425093038362951
0.00793966118322554,0.0425162696533826
0.0079865026123673,0.0425223862939104
0.00803381279302506,0.0425276680320552
0.00808160339018564,0.0425321286903848
0.0081298866639087,0.0425357816278411
0.00817867547287925,0.0425386397242954
0.00822798336369641,0.0425407153706333
0.00827782463134534,0.0425420204528164
0.0083282143941649,0.0425425663337718
0.00837916864793877,0.0425423638324751
0.00843070439460908,0.0425414232004535
0.00848283967081673,0.0425397540957002
0.00853559368741401,0.0425373655531084
0.00858898706155327,0.0425342659431828
0.00864304173357131,0.0425304629429159
0.00869778141590713,0.0425259634717898
0.00875323158019732,0.0425207736491907
0.00880941975884852,0.0425148987251709
0.00886637582615631,0.0425083430024613
0.00892413241685695,0.0425011097322126
0.00898272515443121,0.0424932010215958
0.00904219321235352,0.0424846176900456
0.00910257990384846,0.0424753591033122
0.00916393332686059,0.0424654229819156
0.0092263073618947,0.0424548051325358
0.00928976263402367,0.0424434991574021
0.00935436799595401,0.0424314960431886
0.00942020239087118,0.042418783636874
0.00948735719504891,0.0424053459773978
0.00955593949239967,0.0423911623759838
0.0096260765299141,0.04237620616288
0.00969792185205851,0.0423604429567483
0.00977166458804263,0.0423438280764684
0.00984754328023627,0.042326302682573
0.00992586737714721,0.0423077877832282
0.0100070543844408,0.0422881739622502
0.0100916957173148,0.0422673031838002
0.0101806903517015,0.0422449320767004
0.0102755544597162,0.0422206472152799
0.0103793373577428,0.0421936157723857
0.010501008251146,0.0421613980222945
0.010615017636061,0.0421307216701282
0.010729027020976,0.0420995281815633
0.0108296132200743,0.0420716057027616
0.0109236476717617,0.0420451524676869
0.0110133699304011,0.0420196429509984
0.0111003709896859,0.041994687827891
0.011185444235538,0.0419701006135732
0.0112690568473275,0.0419457746409523
0.011351506209361,0.0419216446204824
0.0114329993880249,0.0418976667809647
0.0115136894970724,0.0418738099333951
0.0115936950385445,0.0418500507477229
0.0116731100946567,0.0418263713421066
0.0117520113415243,0.0418027576035178
0.0118304622228581,0.0417791982304516
0.0119085162426191,0.0417556839588954
0.0119862186219446,0.0417322072262745
0.0120636081811172,0.0417087617299862
0.0121407187207532,0.0416853421109736
0.0122175794595647,0.0416619439022023
0.0122942161188741,0.0416385632652481
0.0123706514510539,0.0416151968853604
0.0124469054380905,0.0415918419570087
0.0125229961968171,0.041568495946287
0.0125989395949716,0.0415451567425374
0.012674749995437,0.041521822457924
0.0127504403729988,0.0414984914175193
0.0128260223033411,0.0414751621841226
0.0129015063677278,0.0414518334524312
0.0129769021428997,0.0414285040693913
0.0130522182268164,0.0414051730407281
0.0131274625682652,0.0413818394422159
0.0132026424494937,0.041358502437254
0.0132777644277311,0.0413351613051252
0.0133528344999532,0.0413118153990888
0.0134278582005695,0.0412884641248488
0.0135028405655231,0.0412651069594155
0.0135777862530636,0.0412417434203284
0.0136526995341275,0.0412183730750612
0.0137275844061959,0.0411949955112103
0.0138024444688125,0.0411716103805132
0.0138772830257742,0.0411482173713873
0.0139521031769922,0.0411248161848403
0.0140269077510119,0.0411014065596013
0.014101699378951,0.0410779882524514
0.0141764804090323,0.0410545610682856
0.0142512532286666,0.0410311247624558
0.0143260198064777,0.0410076791872108
0.0144007821239914,0.0409842241582804
0.0144755419180008,0.0409607595387511
0.0145503008279991,0.0409372851945228
0.0146250604621455,0.0409138009760284
0.0146998221565472,0.0408903067955055
0.0147745872744065,0.0408668025344571
0.014849356965237,0.0408432881213417
0.0149241323899483,0.0408197634619524
0.0149989145996161,0.0407962284792924
0.0150737045594258,0.0407726831070001
0.0151485032301211,0.0407491272650116
0.015223311370897,0.0407255609226223
0.0152981298118995,0.040701984013499
0.0153729591744053,0.0406783965250883
0.0154478002577813,0.0406547983773413
0.0155226536099459,0.0406311895593203
0.015597519808159,0.0406075700406237
0.0156723994379178,0.0405839397794223
0.01574729301864,0.040560298746424
0.015822200907865,0.0405366469553096
0.015897123603893,0.0405129843679085
0.0159720614874916,0.0404893109767563
0.0160470149741957,0.0404656267569862
0.0161219843907157,0.0404419317060022
0.0161969700076223,0.0404182258332737
0.0162719721749923,0.0403945091181263
0.0163469911967174,0.0403707815500542
0.0164220272801301,0.0403470431445406
0.0164970806801078,0.0403232938978209
0.0165721516469586,0.0402995338040047
0.01664724034701,0.0402757628802198
0.0167223469993073,0.0402519811235478
0.0167974717364106,0.0402281885555023
0.0168726148202938,0.0402043851538282
0.016947776258761,0.0401805709742022
0.017022956339453,0.0401567459809778
0.0170981551389319,0.040132910203668
0.0171733727663174,0.0401090636589011
0.0172486093160549,0.0400852063660914
0.0173238649905295,0.040061338308826
0.0173991397705397,0.0400374595393236
0.0174744338558149,0.0400135700385477
0.0175497472227375,0.0399896698571981
0.017625080024963,0.0399657589880911
0.0177004323070428,0.0399418374578073
0.017775804198434,0.0399179052647247
0.0178511956779115,0.0398939624540381
0.0179266068771617,0.039870009021248
0.018002037817515,0.0398460449963092
0.0180774885563218,0.0398220703966966
0.0181529591041737,0.0397980852540213
0.0182284494970899,0.0397740895910555
0.0183039598393551,0.0397500834084493
0.0183794901425405,0.0397260667358389
0.0184550404716306,0.0397020395851708
0.0185306107956844,0.0396780019984076
0.0186062011857817,0.0396539539845162
0.0186818116863072,0.0396298955608275
0.0187574422663754,0.0396058267680901
0.0188330929726719,0.0395817476219308
0.0189087638774058,0.0395576581298407
0.0189844549579429,0.0395335583291926
0.0190601662244814,0.03950944824643
0.019135897681466,0.0394853279096954
0.0192116493609998,0.0394611973381885
0.0192874212830659,0.0394370565548854
0.0193632134198975,0.0394129055977284
0.0194390258322456,0.0393887444763312
0.0195148585761084,0.0393645732019894
0.0195907115580486,0.0393403918333012
0.0196665848966351,0.0393162003610837
0.0197424785199583,0.0392919988371566
0.0198183924351703,0.039267787287672
0.0198943266733885,0.0392435657313605
0.0199702812607535,0.0392193341886275
0.0200462561934173,0.0391950926893836
0.0201222515092441,0.0391708412502068
0.0201982671232627,0.0391465799268075
0.0202743031504912,0.0391223087110518
0.0203503594852341,0.03909802766554
0.0204264362786532,0.0390737367706965
0.0205025334068236,0.0390494360951318
0.0205786509183781,0.0390251256518812
0.0206547888041421,0.0390008054728963
0.020730947054266,0.0389764755902845
0.0208071257604037,0.0389521360039638
0.0208833248253924,0.0389277867742692
0.0209595443011632,0.0389034279136437
0.0210357841204876,0.0388790594729369
0.0211120443535017,0.0388546814590889
0.0211883250575868,0.0388302938836202
0.0212646260985579,0.0388058968190646
0.02134094755376,0.0387814902701535
0.0214172894228186,0.0387570742670996
0.0214936517112927,0.0387326488381578
0.0215700344495517,0.038708214003803
0.0216464375381686,0.0386837698260081
0.0217228610390542,0.0386593163151134
0.021799304982419,0.0386348534921818
0.0218757693265374,0.0386103814012483
0.0219522540845255,0.0385859000687705
0.0220287593097709,0.038561409508682
0.0221052849296082,0.0385369097753357
0.022181830987945,0.038512400885696
0.0222583975140286,0.0384878828618898
0.0223349844730523,0.0384633557465728
0.0224115918462355,0.0384388195772179
0.0224882196886581,0.0384142743679539
0.0225648678976654,0.0383897201835618
0.0226415365771453,0.0383651570226677
0.0227182256709458,0.0383405849356893
0.022794935231009,0.0383160039382789
0.0228716652010164,0.0382914140810525
0.0229484156626344,0.0382668153704726
0.0230251865878641,0.0382422078485425
0.0231019779617744,0.0382175915529254
0.0231787898045146,0.0381929665102657
0.0232556220685496,0.0381683327690708
0.0233324748139446,0.0381436903434874
0.0234093479810142,0.0381190392863544
0.0234862416873655,0.0380943795937651
0.0235631558204659,0.0380697113359318
0.02364009041726,0.0380450345348244
0.0237170455013537,0.0380203492172698
0.0237940211473004,0.0379956553940161
0.0238710172349891,0.0379709531382407
0.023948033827581,0.0379462424641598
0.0240250708295644,0.0379215234373507
0.0241021283857252,0.0378967960464131
0.0241792064259955,0.0378720603494533
0.0242563049476744,0.0378473163825843
0.024333423985834,0.0378225641701916
0.0244105634917501,0.0377978037637298
0.0244877235296396,0.037773035178504
0.0245649040487764,0.0377482584670436
0.0246421051057716,0.0377234736474277
0.024719326638222,0.0376986807762339
0.0247965687375507,0.03767387986073
0.0248738313977689,0.0376490709399521
0.0249511145675031,0.0376242540673101
0.025028418252128,0.0375994292780755
0.0251057424368503,0.0375745966143226
0.0251830871704785,0.037549756097952
0.0252604524966548,0.037524907752911
0.0253378383337739,0.037500051643321
0.0254152447659831,0.0374751877801009
0.0254926717688036,0.0374503162095777
0.0255701193639738,0.0374254369631743
0.0256475874776596,0.0374005501031416
0.0257250762208166,0.0373756556325694
0.0258025855228378,0.0373507536133458
0.0258801153977361,0.0373258440799355
0.0259576658333591,0.0373009270755789
0.0260352369080419,0.0372760026147344
0.0261128285597275,0.0372510707572061
0.0261904408366492,0.037226131527279
0.0262680737811044,0.037201184951658
0.0263457273164125,0.0371762310952597
0.0264234014581983,0.037151269993269
0.0265010962334964,0.0371263016777
0.0265788116593094,0.0371013261840391
0.0266565477186491,0.0370763435587898
0.0267343044226222,0.037051353839538
0.0268120817639116,0.0370263570700324
0.0268898798000363,0.0370013532734407
0.0269676984926396,0.0369763425039795
0.0270455378407442,0.036951324803789
0.0271233978939993,0.0369263001991221
0.0272012786379866,0.0369012687370908
0.0272791800759569,0.0368762304591405
0.0273571022021608,0.0368511854098215
0.027435045072035,0.0368261336143014
0.0275130086269248,0.0368010751346135
0.0275909928793193,0.0367760100098625
0.0276689978887437,0.0367509382645343
0.0277470236832554,0.0367258599335629
0.0278250701429627,0.0367007750992491
0.0279031373339578,0.0366756837841126
0.0279812253028472,0.0366505860177196
0.028059334105651,0.0366254818268308
0.0281374636356679,0.0366003712904138
0.0282156140097079,0.036575254415626
0.0282937851236262,0.036550131281165
0.0283719770643055,0.0365250019041809
0.0284501898303946,0.0364998663308265
0.0285284234018465,0.0364747246131766
0.0286066777766883,0.0364495767976285
0.0286849529737924,0.0364244229241794
0.0287632490458572,0.0363992630223096
0.0288415659616606,0.0363740971486395
0.0289199037178331,0.0363489253507956
0.0289982623439897,0.0363237476661391
0.0290766418647136,0.0362985641339748
0.0291550422631558,0.0362733748070392
0.0292334635233164,0.0362481797378433
0.0293119057002368,0.0362229789564021
0.0293903687688234,0.0361977725187904
0.0294688527724052,0.0361725604591719
0.0295473577286405,0.0361473428203326
0.0296258836194114,0.0361221196566164
0.0297044304395633,0.0360968910182894
0.0297829982651347,0.0360716569299376
0.0298615870611543,0.0360464174521008
0.0299401968207791,0.0360211726361659
0.0300188275877678,0.0359959225176342
0.0300974793429557,0.0359706671525005
0.0301761521247674,0.0359454065783768
0.0302548459047267,0.0359201408546239
0.0303335607638178,0.0358948700056554
0.0304122966599208,0.0358695940957592
0.0304910536306637,0.0358443131635704
0.030569831632888,0.0358190272739566
0.0306486306910145,0.0357937364701676
0.030727450847782,0.0357684407900481
0.0308062920947818,0.0357431402880686
0.0308851544556064,0.035717835008521
0.0309640379879135,0.0356925249851446
0.0310429426428059,0.0356672102860095
0.0311218683799771,0.0356418909762702
0.0312008153210339,0.0356165670696626
0.0312797834361402,0.0355912386290386
0.0313587727655916,0.0355659056946072
0.0314377832233097,0.0355405683472695
0.0315168149200892,0.0355152266049464
0.0315958678249707,0.0354898805316482
0.0316749419184979,0.035464530187483
0.0317540372752055,0.0354391756028158
0.0318331538788392,0.0354138168375146
0.0319122917557188,0.0353884539378002
0.031991450891116,0.0353630869633083
0.0320706313675399,0.0353377159427879
0.0321498331229245,0.0353123409515991
0.0322290561777065,0.0352869620385419
0.0323083006372155,0.0352615792258664
0.0323875664022743,0.0352361926015019
0.032466853523053,0.0352108022053192
0.0325461619868004,0.0351854080979166
0.0326254918940952,0.0351600103038817
0.0327048431888944,0.0351346088982672
0.0327842158707019,0.0351092039381214
0.0328636099555252,0.0350837954756108
0.0329430254942405,0.035058383552127
0.0330224624710608,0.035032968230631
0.0331019208930795,0.0350075495667917
0.0331814008514092,0.0349821275898538
0.0332609023337287,0.0349567023624987
0.0333404252972345,0.0349312739569552
0.0334199697932513,0.0349058424156023
0.0334995358644481,0.0348804077841489
0.0335791234855225,0.0348549701301353
0.0336587326191621,0.0348295295248748
0.0337383633478389,0.0348040860017942
0.0338180157010834,0.0347786396118232
0.0338976896201804,0.0347531904339841
0.0339773851867414,0.0347277385026215
0.0340571024033206,0.0347022838779031
0.0341368413164928,0.0346768266060179
0.0342166018880325,0.0346513667604219
0.0342963841900056,0.0346259043795066
0.0343761881813932,0.0346004395381482
0.0344560139072284,0.03457497228378
0.0345358613411747,0.0345495026869783
0.0346157305663864,0.0345240307836115
0.034695621522094,0.0344985566557869
0.0347755342806975,0.0344730803431396
0.0348554688842926,0.0344476018955975
0.03493542528349,0.0344221213922361
0.0350154035339079,0.0343966388787426
0.0350954036659155,0.034371154409402
0.0351754256576568,0.0343456680552146
0.0352554695710465,0.0343201798606929
0.0353355354073412,0.0342946898900815
0.0354156231611297,0.0342691982097697
0.035495732835769,0.0342437048835556
0.0355758645179464,0.0342182099491606
0.035656018153424,0.0341927134894285
0.0357361938027432,0.0341672155506478
0.0358163914295958,0.0341417162103333
0.0358966111281131,0.0341162155047036
0.0359768528967823,0.0340907135009012
0.036057116717541,0.0340652102712122
0.0361374025933048,0.0340397058814265
0.0362177105889207,0.0340142003781023
0.0362980407568609,0.0339886938122078
0.0363783930119031,0.033963186278368
0.0364587675103871,0.0339376777947109
0.0365391641098077,0.0339121684747246
0.0366195829501233,0.0338866583420238
0.0367000240000974,0.0338611474754061
0.0367804873405591,0.0338356359180556
0.0368609729012786,0.0338101237613487
0.0369414807582068,0.0337846110503149
0.0370220109036064,0.0337590978570889
0.0371025633895716,0.0337335842349549
0.0371831381782288,0.0337080702659512
0.0372637353909426,0.0336825559819379
0.0373443549782853,0.0336570414693296
0.0374249969599344,0.0336315267924469
0.0375056613443459,0.0336060120195758
0.0375863481846215,0.0335804972052069
0.037667057541659,0.0335549824018119
0.0377477893681131,0.0335294676961548
0.0378285436935819,0.0335039531506522
0.0379093205620025,0.0334784388237226
0.037990119978795,0.0334529247862145
0.0380709419260272,0.0334274111164023
0.0381517864542268,0.0334018978712245
0.0382326536298044,0.033376385103159
0.0383135434535753,0.0333508728855924
0.0383944559442948,0.0333253612862809
0.0384753910734715,0.0332998503880599
0.0385563488737592,0.0332743402546809
0.0386373294565782,0.0332488309257246
0.0387183327935505,0.033223322485122
0.0387993588845105,0.0331978150076985
0.0388804077735771,0.0331723085547209
0.0389614794605958,0.0331468032017368
0.0390425739789021,0.0331212990139251
0.0391236913438455,0.0330957960624501
0.0392048316152162,0.0330702944047948
0.0392859947877405,0.0330447941191796
0.0393671809010106,0.0330192952698309
0.0394483899704649,0.0329937979289117
0.0395296220342059,0.0329683021616929
0.0396108770968777,0.0329428080442102
0.0396921551603475,0.0329173156534879
0.0397734563064183,0.0328918250418755
0.0398547805536754,0.0328663362819935
0.0399361278634789,0.0328408494643096
0.0400174983040295,0.0328153646460269
0.0400988919207401,0.0327898818921015
0.0401803087079296,0.0327644012835966
0.0402617486949577,0.0327389228907163
0.0403432118910567,0.0327134467902857
0.0404246983586504,0.0326879730427997
0.0405062080786672,0.0326625017345214
0.0405877410941935,0.0326370329323676
0.0406692974486895,0.0326115667036101
0.0407508771686447,0.0325861031210745
0.0408324802541214,0.032560642265965
0.0409141067852051,0.0325351841948265
0.0409957567104563,0.0325097290055134
0.0410774300807718,0.0324842767639441
0.0411591269507064,0.0324588275355188
0.0412408473330866,0.0324333813988743
0.0413225912335711,0.0324079384349514
0.0414043587389462,0.0323824986998185
0.041486149837433,0.0323570622805889
0.0415679645406271,0.032331629257045
0.0416498028614062,0.0323061997088702
0.0417316648880115,0.0322807736927671
0.0418135506052175,0.0322553512979305
0.041895460043753,0.0322299325992526
0.0419773932733341,0.0322045176600059
0.0420593502717635,0.032179106572218
0.042141331088551,0.0321536994057329
0.0422233357554209,0.0321282962363758
0.0423053642802333,0.032102897147533
0.0423874166881173,0.0320775022174294
0.0424694930177372,0.0320521115204455
0.0425515933700549,0.0320267251121568
0.0426337176539441,0.0320013431076464
0.042715865945081,0.0319759655702826
0.0427980382994442,0.0319505925703301
0.0428802347185741,0.0319252241950122
0.0429624552080634,0.0318998605303321
0.043044699885108,0.0318745016283531
0.0431269687086334,0.0318491475903276
0.0432092617490571,0.0318237984830445
0.0432915790140715,0.0317984543931187
0.043373920543653,0.0317731153973459
0.0434562863305526,0.0317477815873123
0.0435386764475412,0.0317224530302405
0.0436210909194171,0.0316971298085713
0.043703529763817,0.0316718120070312
0.0437859930481388,0.0316464996953784
0.0438684807899501,0.0316211929590229
0.0439509930302007,0.0315958918763296
0.04403352971552,0.0315705965547011
0.0441160910139009,0.0315453070340527
0.0441986768230033,0.0315200234376613
0.0442812872736549,0.0314947458171655
0.0443639223493217,0.0314694742700736
0.0444465820591084,0.0314442088858613
0.044529266500965,0.0314189497273351
0.0446119756669921,0.0313936968900536
0.0446947096105335,0.0313684504508733
0.0447774683586336,0.0313432104950781
0.0448602519384844,0.031317977108083
0.0449430603502863,0.0312927503837118
0.0450258937053979,0.031267530382314
0.0451087519632784,0.0312423172108721
0.045191635235593,0.0312171109300649
0.0452745435065279,0.0311919116398836
0.0453574768676639,0.031166719407713
0.0454404352605249,0.0311415343468332
0.0455234187120149,0.0311163565444511
0.0456064273676932,0.0310911860525772
0.0456894612161944,0.0310660229712841
0.045772520271286,0.0310408673927438
0.0458556045648325,0.0310157194039531
0.0459387141688117,0.0309905790801972
0.0460218490920498,0.03096544651617
0.0461050093710519,0.0309403217982692
0.0461881950168973,0.0309152050208506
0.0462714061109258,0.0308900962573721
0.0463546427372141,0.0308649955810289
0.0464379048279039,0.0308399031108068
0.0465211924367288,0.0308148189289095
0.0466045056458,0.0307897431097404
0.0466878444492448,0.0307646757544394
0.0467712089023279,0.0307396169457918
0.0468545990522973,0.0307145667694411
0.0469380149084075,0.0306895253226118
0.0470214565579694,0.030664492679359
0.0471049240053691,0.0306394689390014
0.0471884173278192,0.0306144541791305
0.047271936486549,0.0305894485123445
0.0473554815949752,0.0305644520058042
0.0474390526229005,0.0305394647701626
0.0475226497184526,0.0305144868628784
0.0476062728094068,0.0304895184077051
0.0476899220040023,0.030464559474311
0.0477735973127395,0.0304396101622153
0.0478572988100684,0.0304146705519455
0.0479410264880862,0.0303897407488603
0.0480247804295296,0.0303648208314596
0.0481085606569927,0.0303399108966021
0.0481923672156213,0.0303150110345345
0.0482762001048087,0.0302901213493046
0.048360059444167,0.0302652419095996
0.0484439451563278,0.0302403728428487
0.0485278573845901,0.0302155142110162
0.0486117961350634,0.0301906661174986
0.048695761453888,0.0301658286537148
0.0487797534254578,0.0301410019002064
0.0488637720109312,0.0301161859740951
0.0489478172860757,0.0300913809586354
0.0490318893222332,0.030066586939051
0.0491159881315349,0.0300418040181942
0.049200113759496,0.0300170322891446
0.0492842662539846,0.0299922718446445
0.0493684457256064,0.029967522759402
0.0494526521129256,0.0299427851588449
0.0495368854929192,0.0299180591275706
0.0496211459561117,0.0298933447469742
0.0497054334944031,0.0298686421275456
0.0497897481789741,0.0298439513565462
0.049874090037179,0.0298192725344973
0.0499584590776501,0.0297946057674443
0.0500428553759516,0.0297699511421448
0.0501272790551279,0.0297453087321279
0.0502117300405665,0.0297206786686697
0.0502962084186202,0.0296960610358587
0.0503807142749868,0.0296714559187925
0.0504652476358613,0.0296468634201004
0.0505498085517241,0.0296222836353927
0.0506343970788595,0.029597716658912
0.0507190132519654,0.0295731625913978
0.0508036570503777,0.0295486215496654
0.05088832860919,0.0295240936056963
0.0509730279376045,0.029499578868548
0.0510577551511406,0.0294750774165416
0.0511425102144708,0.0294505893719118
0.0512272932268794,0.0294261148179318
0.0513121041696447,0.029401653872398
0.0513969431328807,0.0293772066217507
0.0514818101769689,0.0293527731615791
0.0515667053830906,0.0293283535817116
0.0516516287500191,0.0293039479958105
0.0517365802907129,0.0292795565133576
0.0518215601600812,0.0292551792036372
0.0519065683010094,0.029230816197141
0.0519916048032535,0.0292064675819839
0.052076669767125,0.0291821334440322
0.0521617632097477,0.0291578138931329
0.0522468851483285,0.0291335090389816
0.0523320357081632,0.0291092189608265
0.0524172148123595,0.0290849437958253
0.052502422648937,0.0290606836056412
0.0525876592492675,0.0290364384974685
0.0526729246042881,0.0290122085896128
0.0527582188335292,0.0289879939640795
0.0528435419029892,0.02896379474686
0.0529288938961506,0.0289396110305078
0.0530142749372816,0.0289154428967684
0.0530996850433254,0.0288912904580144
0.0531851242327463,0.0288671538259702
0.0532705925763422,0.0288430330978376
0.0533560901346904,0.0288189283741218
0.0534416169522331,0.028794839760053
0.0535271730853338,0.0287707673576728
0.0536127585652442,0.0287467112762845
0.0536983734981071,0.0287226716044245
0.0537840179096372,0.0286986484535678
0.0538696918701624,0.0286746419226867
0.0539553954576298,0.0286506521090029
0.0540411287187233,0.0286266791186977
0.0541268916378141,0.0286027230753048
0.0542126843355589,0.0285787840645001
0.0542985068932806,0.0285548621836272
0.0543843593249919,0.0285309575487748
0.054470241754365,0.0285070702456474
0.0545561541045901,0.0284832004158901
0.0546420965405903,0.0284593481339084
0.0547280691312342,0.0284355135017112
0.0548140718714177,0.0284116966415895
0.0549001048850522,0.0283878976402241
0.0549861681187095,0.0283641166336561
0.0550722617197258,0.0283403537023953
0.0551583858094011,0.0283166089350818
0.0552445403621191,0.0282928824607609
0.0553307254558966,0.0282691743797085
0.0554169410746313,0.0282454848184077
0.0555031873834791,0.0282218138537834
0.055589464458298,0.0281981615880375
0.0556757722980297,0.028174528144218
0.0557621109423127,0.0281509136341077
0.0558484804965745,0.0281273181519469
0.0559348810827878,0.0281037417880236
0.056021312667182,0.0280801846750991
0.0561077753766808,0.0280566469020133
0.0561942691963554,0.0280331285966861
0.0562807942592955,0.0280096298467827
0.0563673506463878,0.0279861507548032
0.0564539382871788,0.0279626914639984
0.056540557394003,0.0279392520411222
0.0566272080375272,0.0279158325923028
0.0567138902050901,0.0278924332457607
0.0568006039420214,0.027869054113905
0.0568873493873253,0.0278456952844628
0.0569741265164782,0.0278223568894584
0.0570609355277808,0.0277990390010321
0.0571477763795429,0.0277757417563177
0.0572346492102802,0.0277524652437731
0.0573215540223807,0.0277292095888423
0.057408490969292,0.0277059748765765
0.0574954599719897,0.0276827612543855
0.0575824612606425,0.0276595687870866
0.0576694948204999,0.0276363976056413
0.0577565607489606,0.0276132478107027
0.0578436590848862,0.0275901195188692
0.057930789939656,0.0275670128276198
0.0580179533263393,0.0275439278607404
0.0581051493506985,0.0275208647174522
0.0581923781241001,0.0274978234960357
0.0582796396546889,0.0274748043220636
0.0583669340482828,0.0274518072952793
0.0584542613351068,0.0274288325356863
0.058541621621237,0.0274058801433909
0.0586290149417109,0.0273829502374544
0.058716441454662,0.0273600429048263
0.0588039011821803,0.0273371582684746
0.0588913941295257,0.0273142964553558
0.0589789204640685,0.0272914575504144
0.0590664802058726,0.0272686416775598
0.0591540734713067,0.0272458489354525
0.0592417003228815,0.0272230794371428
0.0593293608368176,0.0272003332921274
0.0594170550567143,0.0271776106184685
0.0595047830876649,0.0271549115184402
0.0595925450299415,0.0271322360959649
0.0596803409278194,0.0271095844694876
0.0597681708873142,0.0270869567415683
0.0598560349922126,0.0270643530208325
0.0599439332627896,0.0270417734321849
0.0600318657550113,0.0270192180912685
0.0601198326950099,0.0269966870707272
0.0602078340292399,0.026974180515151
0.0602958698680924,0.0269516985265928
0.0603839402997781,0.0269292412133862
0.0604720453839299,0.0269068086912239
0.0605601852201148,0.0268844010657312
0.0606483598883503,0.0268620184477557
0.060736569507184,0.0268396609385422
0.0608248140996361,0.0268173286636315
0.0609130937796788,0.026795021725483
0.0610014086136188,0.0267727402389576
0.0610897586810317,0.0267504843155757
0.0611781441162504,0.0267282540533592
0.0612665649451609,0.0267060495777479
0.0613550212271509,0.0266838710055162
0.0614435130947429,0.0266617184354529
0.0615320406143108,0.0266395919832283
0.0616206039032289,0.0266174917517828
0.0617092030391714,0.0265954178541935
0.0617978380343644,0.0265733704196613
0.061886509056265,0.0265513495389151
0.0619752162006266,0.0265293553211019
0.062063959471752,0.0265073878977518
0.0621527390835755,0.026485447348651
0.0622415550039728,0.0264635338148155
0.0623304073597547,0.0264416473975657
0.0624192962828513,0.0264197881976249
0.0625082218658087,0.0263979563255713
0.0625971840711071,0.0263761519235638
0.062686183136622,0.0263543750663698
0.062775219102197,0.0263326258780089
0.0628642920548024,0.0263109044705361
0.0629534020971608,0.0262892109523883
0.0630425493029857,0.0262675454391884
0.0631317337800387,0.0262459080383504
0.0632209555801483,0.0262242988709583
0.063310214796678,0.0262027180479903
0.0633995115597769,0.0261811656718543
0.0634888460343697,0.0261596418369644
0.0635782182260918,0.0261381466760651
0.0636676282649775,0.0261166802916775
0.0637570762145205,0.0260952428026609
0.0638465622117108,0.0260738343103033
0.063936086259633,0.0260524549479939
0.0640256485485741,0.0260311048043757
0.064115249161768,0.0260097839942063
0.0642048882430093,0.0259884926177469
0.0642945657657825,0.0259672308156152
0.064384281925903,0.0259459986755647
0.0644740367345487,0.0259247963295562
0.0645638304247005,0.0259036238570891
0.0646536629581536,0.0258824814019483
0.0647435345474072,0.0258613690485153
0.0648334452065004,0.0258402869283426
0.064923395125579,0.0258192351314625
0.0650133843400183,0.0257982137845142
0.0651034130005127,0.0257772229869727
0.0651934811682676,0.0257562628594558
0.0652835889577358,0.0257353335100567
0.0653737364593465,0.0257144350526338
0.0654639238371046,0.0256935675841614
0.0655541511807102,0.0256727312190436
0.0656444185657008,0.025651926074728
0.0657347261161764,0.025631152257523
0.065825073854042,0.0256104098972523
0.0659154620223141,0.0255896990731161
0.0660058907292218,0.0255690198958995
0.0660963599565825,0.0255483725046606
0.0661868699386927,0.0255277569808034
0.0662774207325941,0.0255071734467711
0.0663680124590599,0.0254866220101378
0.0664586451871139,0.0254661027903151
0.0665493190842801,0.0254456158844892
0.0666400342640969,0.0254251614023903
0.0667307908115308,0.0254047394600324
0.0668215888351485,0.0253843501680585
0.0669124283978214,0.0253639936473739
0.0670033097067348,0.0253436699867217
0.0670942328608073,0.0253233792994895
0.0671851979806597,0.0253031216939817
0.0672762051198671,0.0252828972933485
0.0673672544878105,0.0252627061862142
0.0674583460213727,0.0252425485216789
0.0675494800842931,0.0252224243542981
0.0676406566770161,0.025202333819792
0.06773187592174,0.0251822770261101
0.0678231379034293,0.0251622540896069
0.0679144428352651,0.0251422650987226
0.0680057908300331,0.0251223101642668
0.0680971819369806,0.0251023894105028
0.0681886163058211,0.0250825029396876
0.068280094091233,0.0250626508534141
0.0683716153416428,0.0250428332762277
0.0684631802197482,0.0250230503077541
0.0685547888425878,0.0250033020578204
0.06864644137001,0.0249835886270443
0.0687381378775896,0.0249639101341832
0.0688298786034655,0.0249442666631768
0.0689216635013357,0.024924658358913
0.0690134927994268,0.0249050853071221
0.0691053666325126,0.0248855476142481
0.0691972851742111,0.0248660453784091
0.0692892484254026,0.0248465787341453
0.0693812566277525,0.0248271477648353
0.0694733099031115,0.0248077525798342
0.0695654083716522,0.0247883932885509
0.0696575520994147,0.0247690700115825
0.0697497414054251,0.0247497828168076
0.0698419762905629,0.0247305318390735
0.069934256840917,0.0247113171944607
0.0700265832901321,0.0246921389687668
0.0701189557406231,0.0246729972754552
0.0702113743643589,0.0246538922133317
0.0703038391533474,0.0246348239182164
0.0703963504057018,0.024615792462724
0.070488908226747,0.0245967979599171
0.0705815126881915,0.0245778405291116
0.0706741640587291,0.0245589202494722
0.0707668623534567,0.024540037252213
0.0708596077294175,0.0245211916389968
0.0709524004493446,0.0245023834906722
0.0710452405781438,0.0244836129283425
0.0711381282892406,0.0244648800506875
0.0712310636424377,0.0244461849793535
0.071324046903029,0.0244275277946651
0.0714170781350171,0.0244089086177104
0.0715101575271561,0.0243903275441859
0.0716032851617115,0.0243717846911948
0.071696461250405,0.0243532801499563
0.071721443482182,0.0243482958783548
0.0717214434821829,0.0243482958783545
0.0718146681581918,0.0243295038292909
0.0719065643636556,0.0243113262152593
0.0719997693968521,0.0242929882008628
0.0720932232565888,0.0242746611092303
0.0721867734277277,0.0242563645867944
0.0722803761892428,0.024238105021141
0.0723740221804859,0.0242198839323443
0.0724677097980919,0.0242017017742035
0.0725614392649992,0.0241835587441182
0.0726552112086962,0.0241654549766305
0.0727490263784594,0.0241473905791081
0.0728428854056139,0.0241293656738378
0.0729367889842401,0.024111380362629
0.0730307378284247,0.024093434736087
0.0731247324839345,0.0240755289097572
0.0732187735070667,0.024057662990075
0.0733128613691159,0.0240398370933768
0.073406996617431,0.0240220513158715
0.0735011796717709,0.0240043057727861
0.0735954110822865,0.0239866005499332
0.0736896912274909,0.0239689357612049
0.0737840205978999,0.0239513114952133
0.0738783994858499,0.0239337278739047
0.0739728283033586,0.0239161849930685
0.0740673074676819,0.0238986829448013
0.0741618371818071,0.0238812218577022
0.0742564179522883,0.0238638018014444
0.0743510500611876,0.0238464228852923
0.0744457338044541,0.0238290852131051
0.0745404694992987,0.0238117888827668
0.074635257347051,0.0237945340112458
0.0747300977345284,0.0237773206799156
0.0748249909072591,0.0237601489945863
0.0749199371925605,0.0237430190445604
0.0750149368152101,0.0237259309363436
0.0751099900237076,0.0237088847706081
0.0752050971068763,0.0236918806397452
0.0753002583086335,0.0236749186432065
0.0753954738290944,0.0236579988870369
0.0754907439847758,0.0236411214557253
0.0755860690392787,0.0236242864426647
0.0756814491353171,0.0236074939614809
0.0757768845668847,0.0235907440982391
0.0758723755711255,0.0235740369487273
0.075967922294274,0.0235573726237283
0.0760635250649191,0.0235407512016353
0.0761591841346469,0.0235241727742566
0.076254899660287,0.0235076374490242
0.0763506718664491,0.0234911453209337
0.0764465010079015,0.0234746964796229
0.0765423873001391,0.0234582910211958
0.0766383309815136,0.0234419290374465
0.0767343322562247,0.0234256106256875
0.0768303914655147,0.0234093358598406
0.0769265086642568,0.0233931048620521
0.0770226841766562,0.0233769177082342
0.0771189181386953,0.0233607745062128
0.0772152108735146,0.0233446753320218
0.0773115625453261,0.023328620288402
0.0774079733375414,0.0233126094742497
0.0775044435554192,0.0232966429682649
0.077600973356645,0.023280720873615
0.0776975630097397,0.0232648432747918
0.0777942128091327,0.0232490102523213
0.0778909229270556,0.0232332219066111
0.0779876936135273,0.0232174783249901
0.0780845250088052,0.0232017796125195
0.0781814174116029,0.0231861258483801
0.0782783709955174,0.0231705171321658
0.0783753860645419,0.0231549535422929
0.0784724628296199,0.0231394351723101
0.0785696015265724,0.023123962111524
0.0786668023607485,0.0231085344540156
0.078764065666744,0.0230931522734595
0.0788613915241465,0.0230778156838013
0.078958780268845,0.0230625247581439
0.0790562321415654,0.0230472795851176
0.0791537473756842,0.0230320802542886
0.0792513262384613,0.0230169268499284
0.0793489689524391,0.0230018194632718
0.0794466757922368,0.0229867581774411
0.0795444469230534,0.0229717430923579
0.0796422826501181,0.0229567742862893
0.0797401832241819,0.0229418518461809
0.0798381489226714,0.0229269758548753
0.0799361799359734,0.0229121464083478
0.0800342766007239,0.022897363580418
0.0801324391161553,0.0228826274658542
0.0802306676776136,0.0228679381595663
0.0803289626775533,0.0228532957272504
0.0804273243790789,0.0228387002544155
0.0805257529857801,0.0228241518350136
0.0806242487211349,0.0228096505597861
0.080722811939982,0.0227951965003893
0.0808214428546787,0.0227807897496365
0.0809201416660602,0.0227664304015768
0.0810189087386477,0.02275211852661
0.0811177443869007,0.0227378542029432
0.0812166488839388,0.02272363751471
0.0813156223950882,0.022709468561205
0.0814146653343979,0.0226953474061567
0.0815137778907546,0.0226812741458537
0.0816129603930638,0.0226672488563549
0.0817122131110787,0.0226532716223927
0.0818115363054535,0.0226393425298693
0.0819109303718786,0.022625461646
0.0820103955187,0.022611629064388
0.0821099319596545,0.0225978448773387
0.0822095402074386,0.0225841091362454
0.0823092203227953,0.0225704219551498
0.0824089727670513,0.0225567833924558
0.0825087977694924,0.0225431935390835
0.0826086957219881,0.0225296524636248
0.082708666802705,0.0225161602637854
0.0828087114899718,0.0225027169967131
0.0829088299755432,0.0224893227585875
0.0830090225736853,0.0224759776286622
0.0831092895795456,0.0224626816890009
0.0832096313967857,0.0224494350075468
0.0833100482699827,0.0224362376734568
0.0834105405652873,0.0224230897597401
0.0835111085762698,0.0224099913491913
0.0836117526440218,0.0223969425184087
0.0837124731230184,0.0223839433425166
0.0838132703521804,0.0223709938988248
0.0839141446679496,0.0223580942650501
0.0840150963473139,0.0223452445264936
0.0841161257793432,0.0223324447542677
0.084217233356088,0.0223196950195988
0.0843184193749752,0.0223069954057273
0.0844196841014664,0.0222943459996374
0.0845210280064236,0.0222817468629302
0.0846224514129736,0.0222691980761513
0.0847239547179521,0.022256699710672
0.0848255381367441,0.0222442518601927
0.0849272022106465,0.0222318545785779
0.0850289471759306,0.0222195079575209
0.0851307734677904,0.0222072120642487
0.0852326814324712,0.0221949669772321
0.0853346714776636,0.022182772767649
0.0854367439291713,0.022170629516666
0.0855388992333239,0.0221585372912504
0.0856411377708754,0.0221464961665801
0.0857434597987299,0.0221345062322324
0.0858458658491066,0.0221225675456885
0.0859483562260798,0.0221106801916667
0.0860509313502157,0.0220988442411827
0.0861535916355681,0.0220870597664495
0.0862563375992935,0.0220753268283155
0.0863591694347973,0.0220636455246467
0.0864620876843626,0.0220520159134326
0.0865650927706849,0.0220404380671427
0.0866681850905016,0.0220289120612031
0.0867713649637529,0.0220174379795783
0.0868746329601702,0.0220060158787951
0.08697798945379,0.0219946458377402
0.0870814349475183,0.0219833279211625
0.0871849697264747,0.0219720622178518
0.0872885942184883,0.0219608488008459
0.0873923090430156,0.0219496877233277
0.0874961145030551,0.0219385790730421
0.0876000111536711,0.0219275229106009
0.0877039994018285,0.0219165193130584
0.0878080795869118,0.0219055683644308
0.0879122523055129,0.0218946701220366
0.0880165180893266,0.0218838246509967
0.0881208772707804,0.0218730320371724
0.0882253303758172,0.0218622923463692
0.0883298779672,0.0218516056414715
0.0884345204649223,0.0218409720003383
0.0885392582822873,0.0218303915014185
0.0886440920539777,0.0218198642013581
0.0887490221330842,0.0218093901856738
0.0888540490538322,0.021798969521685
0.088959173322837,0.0217886022801451
0.0890643956031166,0.0217782885170622
0.0891697162327271,0.0217680283207232
0.0892751358346888,0.0217578217515843
0.0893806548775647,0.0217476688858862
0.0894862738336208,0.0217375697995775
0.0895919933606077,0.021727524551492
0.0896978139346699,0.0217175332184557
0.0898037360982524,0.0217075958711512
0.0899097604373561,0.0216977125767866
0.0900158875535349,0.0216878834017898
0.0901221179482715,0.0216781084222865
0.0902284521723498,0.0216683877101125
0.0903348909088482,0.0216587213257791
0.0904414345377693,0.0216491093577742
0.0905480838458409,0.0216395518581681
0.0906548392681442,0.0216300489115683
0.0907617015270029,0.0216206005771611
0.0908686711747148,0.0216112069301353
0.0909757488150305,0.0216018680414436
0.0910829351650201,0.0215925839729725
0.091190230748901,0.0215833548039847
0.0912976360574813,0.0215741806165957
0.0914051519301241,0.0215650614639647
0.0915127789557331,0.0215559974217434
0.0916205177857276,0.0215469885605672
0.0917283690551167,0.0215380349531081
0.0918363333880545,0.0215291366735003
0.0919444114912749,0.0215202937897736
0.0920526041170305,0.0215115063672175
0.0921609119399077,0.0215027744782472
0.0922693356347743,0.0214940981958039
0.0923778758009196,0.0214854775993961
0.09248653326448,0.0214769127512849
0.0925953086660323,0.02146840372942
0.0927042027621727,0.0214599506031994
0.0928132163018409,0.0214515534436058
0.0929223499289757,0.0214432123303607
0.0930316044918868,0.0214349273283272
0.0931409807199571,0.0214266985125428
0.0932504794050887,0.021418525954064
0.0933601013441894,0.0214104097245663
0.0934698472294498,0.0214023499042293
0.0935797178857574,0.0213943465642172
0.0936897142043553,0.0213863997721397
0.0937998368458979,0.021378509613123
0.0939100867211711,0.0213706761550294
0.0940204646632355,0.0213628994726161
0.0941309715024253,0.0213551796417261
0.0942416080988356,0.0213475167371151
0.0943523753340454,0.0213399108331539
0.0944632740354549,0.0213323620089495
0.0945743050900515,0.0213248703405125
0.0946854694617578,0.021317435899945
0.0947967679033954,0.0213100587744857
0.0949082014419115,0.0213027390341101
0.0950197709945497,0.0212954767575687
0.0951314775077589,0.0212882720227665
0.0952433219640911,0.0212811249065443
0.0953553052934554,0.0212740354903348
0.0954674284275509,0.0212670038565216
0.0955796924772769,0.0212600300776692
0.0956920983608912,0.0212531142397923
0.0958046470795046,0.0212462564247876
0.0959173396619613,0.0212394567142653
0.0960301772268093,0.0212327151859546
0.0961431607506141,0.0212260319275032
0.0962562912922718,0.0212194070228376
0.096369570073312,0.0212128405480926
0.0964829980231298,0.0212063325978583
0.0965965763946586,0.0211998832493771
0.0967103063347167,0.0211934925879464
0.0968241888720229,0.02118716070678
0.0969382252645168,0.021180887687814
0.0970524166552636,0.0211746736212073
0.0971667643324683,0.0211685185908643
0.0972812693201236,0.021162422696526
0.0973959330392014,0.0211563860183372
0.0975107566180602,0.0211504086540119
0.0976257413930314,0.0211444906919136
0.0977408887281422,0.0211386322211775
0.0978561998893329,0.0211328333378331
0.0979716761191986,0.021127094140687
0.0980873187646675,0.0211214147251723
0.0982031293144709,0.0211157951820303
0.098319109109279,0.0211102356113989
0.0984352594410479,0.0211047361174159
0.0985515819860633,0.0210992967882944
0.0986680780979548,0.0210939177299504
0.0987847492267182,0.0210885990455662
0.0989015968507128,0.0210833408392518
0.0990186225830674,0.0210781432114663
0.0991358279196529,0.0210730062703335
0.0992532144869335,0.0210679301205186
0.0993707839330746,0.0210629148683883
0.0994885378259234,0.0210579606261746
0.0996064779465348,0.0210530674996849
0.0997246058826853,0.0210482356054885
0.0998429233544309,0.0210434650570992
0.0999614322188865,0.0210387559654601
0.10008013401713,0.0210341084567273
0.100199030872778,0.0210295226369723
0.100318124485397,0.021024998632119
0.100437416818604,0.02102053656061
0.100556909618041,0.0210161365520901
0.100676605045653,0.0210117987238971
0.100796504912527,0.0210075232095572
0.100916611328558,0.0210033101348097
0.101036926410183,0.02099915962885
0.101157452136753,0.0209950718288761
0.101278190727154,0.0209910468672578
0.101399144338027,0.020987084882198
0.101520315184855,0.0209831860134961
0.101641705631136,0.0209793504000318
0.101763317980732,0.0209755781865459
0.101885154488414,0.0209718695229609
0.102007217638453,0.0209682245561084
0.102129509885236,0.0209646434380208
0.10225203396452,0.0209611263169235
0.102374792152917,0.0209576733585381
0.102497787260488,0.020954284717536
0.102621021862206,0.0209509605599883
0.102744498631892,0.0209477010535552
0.102868220539864,0.0209445063629949
0.102992190423821,0.020941376661703
0.103116411197259,0.0209383121259876
0.103240885849546,0.0209353129353922
0.103365617474549,0.0209323792722599
0.103490609047494,0.020929511326999
0.103615863888154,0.0209267092875166
0.103741385315693,0.0209239733477944
0.103867176560418,0.0209213037094543
0.103993241244022,0.0209187005717965
0.104119582914179,0.0209161641422602
0.1042462051743,0.0209136946334458
0.104373111618461,0.0209112922644957
0.104500306070326,0.0209089572567829
0.104627792443124,0.0209066898371006
0.104755574861237,0.0209044902357944
0.104883657348353,0.0209023586923906
0.105012044192521,0.0209002954494508
0.105140739666442,0.0208983007576687
0.105269748238889,0.0208963748726236
0.105399074593335,0.0208945180551644
0.105528723319563,0.0208927305760741
0.105658699447218,0.0208910127088595
0.105789007771204,0.0208893647393888
0.105919653625687,0.0208877869559494
0.106050642244444,0.020886279658125
0.106181978954263,0.0208848431541649
0.106313669638238,0.0208834777567455
0.106445719778121,0.0208821837936069
0.106578135573248,0.0208809615962102
0.106710923290257,0.0208798115075187
0.106844089149073,0.0208787338827406
0.106977639924623,0.02087772908487
0.107111582467781,0.0208767974895736
0.107245923605717,0.0208759394857548
0.107380670684721,0.0208751554725123
0.107515831484577,0.0208744458612095
0.107651413737366,0.0208738110786439
0.107787425575117,0.0208732515650438
0.107923875552583,0.0208727677752539
0.10806077233851,0.0208723601806786
0.108198125054053,0.0208720292687927
0.108335943242835,0.0208717755445325
0.108474236709644,0.0208715995315728
0.108613015805294,0.0208715017728935
0.108752291083788,0.0208714828322571
0.108892073789452,0.0208715432950694
0.109032375650768,0.0208716837701306
0.10917320872333,0.0208719048905891
0.109314585684433,0.0208722073155326
0.109456519969557,0.0208725917322139
0.109599025554661,0.0208730588573882
0.109742117000623,0.0208736094389369
0.109885809808553,0.0208742442592074
0.110030120127365,0.0208749641361481
0.110175065007726,0.0208757699265646
0.110320662173782,0.0208766625272091
0.110466930913158,0.0208776428829384
0.11061389097106,0.0208787119828274
0.110761563465973,0.0208798708688077
0.110909970865214,0.0208811206394938
0.111059137196075,0.0208824624560101
0.111209087608166,0.020883897542135
0.111359849077398,0.0208854271948754
0.111511450227608,0.0208870527878408
0.111663922074116,0.0208887757846684
0.111817297700051,0.0208905977420783
0.111971612619462,0.020892520320551
0.112126904747476,0.0208945452911062
0.112283215673683,0.0208966745601685
0.112440589893171,0.0208989101693191
0.112599075975575,0.0209012543216487
0.112758726566947,0.0209037093940213
0.112919599983552,0.0209062779753206
0.113081759279457,0.0209089628678827
0.113245274658462,0.0209117671441703
0.113410223334639,0.0209146941661023
0.113576691619614,0.0209177476457152
0.113744776117494,0.0209209316963395
0.113914585353078,0.0209242508971561
0.114086242877108,0.0209277103942843
0.114259888699691,0.0209313159786182
0.114435685256052,0.0209350742680204
0.114613820934409,0.0209389928579124
0.114794517255829,0.0209430805705428
0.114978038376107,0.020947347787432
0.11516470301452,0.0209518068791686
0.115354904448794,0.0209564728847322
0.115549136084034,0.0209613644151548
0.115748035590069,0.0209665051509108
0.115952452377273,0.0209719261516339
0.116163569599191,0.020977669956842
0.116383129978541,0.0209837981466115
0.116613923362785,0.0209904074755324
0.116861022502544,0.0209976704050175
0.117136084071986,0.0210059746412301
0.117490192941581,0.0210169753803597
0.117820686442652,0.0210275691525418
0.118045388950521,0.0210350335328861
0.11827009145839,0.0210427372826935
0.118467080266724,0.0210496370119569
0.118658416080491,0.0210564693634295
0.118844355848466,0.021063218291633
0.119027568481219,0.0210699702240094
0.119208575579861,0.0210767381564884
0.119387735829025,0.0210835317599479
0.119565173571492,0.0210903528425645
0.119740965241012,0.0210972017746736
0.119915168085443,0.0211040783255605
0.120087838590529,0.0211109823103377
0.120259035929622,0.0211179137200607
0.120428821225472,0.0211248727059562
0.120597256313779,0.0211318595439288
0.120764402037237,0.0211388745742854
0.120930317615882,0.0211459181801586
0.121095059244906,0.0211529907284908
0.121258680641448,0.0211600925903772
0.121421231909009,0.0211672240870477
0.121582760872216,0.0211743855421677
0.121743311700015,0.0211815772146674
0.121902925992239,0.0211887993403717
0.12206164288488,0.0211960521300395
0.122219498529294,0.0212033357393782
0.122376527117342,0.0212106503098839
0.12253276088165,0.0212179959632028
0.122688229615337,0.0212253727735043
0.122842961410384,0.0212327807971885
0.122996983081902,0.0212402200884426
0.123150319263166,0.0212476906516274
0.123302993824994,0.0212551925062129
0.123455028565632,0.0212627256189001
0.123606444529938,0.0212702899653346
0.123757261445162,0.0212778854987269
0.123907498087485,0.0212855121655326
0.124057172370749,0.0212931699072891
0.124206301042271,0.0213008586427132
0.124354900270924,0.0213085782955883
0.124502984982026,0.0213163287580798
0.124650570052513,0.0213241099511018
0.124797669103802,0.0213319217590605
0.124944295364472,0.0213397640739519
0.12509046123594,0.0213476367703249
0.125236178964277,0.02135553973992
0.125381459724772,0.0213634728407761
0.125526314753691,0.0213714359575844
0.125670754427423,0.0213794289498741
0.125814789038653,0.0213874516939006
0.12595842786529,0.0213955040297057
0.126101680695386,0.0214035858453586
0.12624455602702,0.0214116969746732
0.126387062631683,0.0214198372850496
0.126529208733657,0.0214280066295152
0.126671002320487,0.0214362048640444
0.126812451024768,0.0214444318398954
0.126953562425574,0.021452687420419
0.127094343213298,0.0214609714316635
0.127234800537968,0.0214692837407829
0.127374940957578,0.0214776241931675
0.127514770828097,0.021485992635412
0.127654296556112,0.0214943889296505
0.127793523823077,0.0215028129065605
0.127932458798658,0.0215112644381308
0.128071106725718,0.0215197433511758
0.128209473054194,0.0215282494962983
0.128347563229163,0.021536782734044
0.128485382131983,0.0215453429003878
0.128622934774182,0.0215539298493755
0.1287602260115,0.0215625434347208
0.128897260478211,0.0215711835055636
0.129034042782541,0.0215798499184286
0.129170577019395,0.0215885425060718
0.129306867706249,0.0215972611365584
0.129442918973568,0.0216060056611621
0.129578734813933,0.0216147759304509
0.129714319002863,0.0216235717887196
0.129849675660418,0.0216323931099781
0.129984808158558,0.0216412397267295
0.130119720333623,0.0216501115091223
0.130254415687995,0.0216590083119619
0.130357508962902,0.0216658590313413
0.130357508962904,0.0216658590313413
0.130491990845141,0.021674973332524
0.130622057984723,0.0216836776966267
0.13075579352178,0.0216926411342712
0.130889876660329,0.0217016588669352
0.13102393360709,0.0217107129998928
0.131157777249706,0.0217197923030093
0.131291370518123,0.0217288941808706
0.13142471047434,0.0217380178970844
0.131557805380485,0.0217471633865219
0.131690665080823,0.0217563307032101
0.131823299566138,0.0217655199499393
0.131955717811997,0.0217747312012618
0.132087927751991,0.0217839644988058
0.132219936723368,0.0217932198775369
0.132351751005642,0.0218024973288962
0.132483376369097,0.0218117968354427
0.132614818038654,0.0218211183645297
0.132746080846687,0.0218304618762038
0.132877168810524,0.0218398272907138
0.13300808624378,0.0218492145654637
0.133138836529365,0.021858623605101
0.133269423034207,0.0218680543260856
0.133399848919649,0.0218775066410732
0.133530117298706,0.0218869804692542
0.133660230730072,0.0218964756987395
0.133790191988592,0.0219059922418403
0.133920003378758,0.0219155299838294
0.134049667394813,0.021925088830928
0.134179186175551,0.0219346686693709
0.134308561925789,0.0219442693962506
0.134437796554767,0.0219538908921122
0.134566892167687,0.021963533057157
0.134695850591386,0.0219731957753943
0.134824673743735,0.0219828789421966
0.134953363496136,0.0219925824535352
0.135081921388114,0.0220023061844698
0.135210349143735,0.0220120500278852
0.135338648407677,0.0220218138740179
0.135466820711632,0.022031597607975
0.135594867767658,0.0220414011318787
0.135722790971598,0.0220512243267758
0.135850591826867,0.0220610670851936
0.135978271839102,0.0220709293026332
0.136105832383539,0.0220808108673883
0.136233274780788,0.0220907116663745
0.136360600425579,0.0221006315948877
0.136487810670087,0.0221105705474094
0.136614906807235,0.0221205284163563
0.136741890069124,0.0221305050918965
0.13686876183787,0.0221405004783317
0.136995523403795,0.0221505144749916
0.137122175768842,0.0221605469609476
0.137248720254267,0.0221705978428637
0.13737515805116,0.0221806670189969
0.137501490335482,0.0221907543886619
0.137627718078396,0.0222008598370431
0.137753842515377,0.0222109832725535
0.137879864809034,0.0222211245995517
0.138005785777437,0.0222312836968906
0.138131606706263,0.0222414604831392
0.138257328597332,0.0222516548555141
0.138382952511225,0.0222618667181132
0.138508479568881,0.0222720959817357
0.138633910376993,0.022282342517303
0.13875924632948,0.0222926062618438
0.138884488320289,0.0223028871127213
0.139009637215629,0.0223131849672612
0.139134694042733,0.0223234997377052
0.139259659651987,0.0223338313232992
0.139384534952011,0.0223441796298673
0.139509320980161,0.0223545445753903
0.139634018465385,0.0223649260538777
0.139758628424011,0.0223753239849828
0.139883151561755,0.0223857382638797
0.140007588947678,0.0223961688177434
0.140131941170918,0.0224066155349468
0.140256209336587,0.0224170783488659
0.14038039391471,0.0224275571407182
0.140504496059253,0.0224380518510894
0.140628516490772,0.0224485623849221
0.140752455833383,0.0224590886408868
0.140876315003263,0.0224696305437778
0.141000094588637,0.0224801879916921
0.141123795525236,0.0224907609138146
0.141247418664877,0.0225013492332011
0.141370964648437,0.0225119528563998
0.141494434141942,0.0225225716936508
0.141617827810912,0.0225332056563736
0.141741146340408,0.0225438546588604
0.141864390661624,0.0225545186377066
0.14198756137727,0.0225651975022768
0.14211065908347,0.022575891162959
0.14223368446967,0.0225865995393945
0.142356638281631,0.0225973225571391
0.142479521072592,0.0226080601261693
0.142602333682813,0.0226188121827332
0.142725076484667,0.0226295786232403
0.142847750301057,0.0226403593849483
0.142970355819603,0.0226511543939368
0.143092893547439,0.0226619635617487
0.143215364060114,0.0226727868072183
0.143337768035058,0.0226836240590916
0.143460106090022,0.0226944752417912
0.143582378704567,0.0227053402686777
0.143704586551082,0.0227162190713069
0.143826730287076,0.02272711158072
0.143948810319573,0.0227380177068048
0.144070827290643,0.0227489373815768
0.144192781661739,0.0227598705217018
0.144314674176293,0.0227708170700931
0.144436505264979,0.0227817769424367
0.144558275298911,0.0227927500503945
0.144679985195359,0.0228037363554927
0.144801635169268,0.0228147357566142
0.144923225939789,0.0228257481996268
0.145044757979391,0.0228367736085832
0.145166231504569,0.0228478118856191
0.145287647507048,0.0228588630039794
0.145409006190888,0.0228699268657106
0.145530308135545,0.0228810034086151
0.145651553847741,0.0228920925643675
0.1457727437427,0.0229031942572287
0.145893878386364,0.0229143084261157
0.146014958217938,0.0229254349990554
0.146135983638161,0.022936573901526
0.146256955189213,0.0229477250727837
0.146377873321097,0.0229588884442737
0.146498738430791,0.0229700639434784
0.146619551119718,0.0229812515175055
0.146740311754704,0.0229924510924377
0.146861020679273,0.0230036625932638
0.14698167842355,0.0230148859629638
0.147102285390557,0.0230261211332845
0.14722284187274,0.023037368026627
0.147343348592431,0.0230486266060752
0.147463805822009,0.0230598967932031
0.147584213919587,0.0230711785188235
0.147704573216726,0.0230824717119069
0.147824884444263,0.0230937763393107
0.147945147792017,0.0231050923176539
0.148065363668141,0.0231164195853209
0.148185532507589,0.0231277580836494
0.148305654553452,0.0231391077366101
0.148425730340262,0.0231504684964
0.148545760189932,0.0231618402955493
0.148665744687287,0.0231732230922339
0.148785683896417,0.0231846167959578
0.148905578347213,0.0231960213614304
0.149025428432096,0.023207436730443
0.149145234542526,0.0232188628454705
0.149264996939288,0.0232302996372802
0.149384716080552,0.0232417470561365
0.149504392168075,0.0232532050283278
0.149624025627477,0.0232646735023218
0.149743616967691,0.0232761524348396
0.14986316644255,0.0232876417587948
0.149982674151117,0.0232991413932777
0.150102140740856,0.0233106513105315
0.150221566368467,0.0233221714357211
0.150340951549336,0.0233337017295381
0.150460296491065,0.0233452421233359
0.150579601562844,0.0233567925649227
0.150698867159128,0.0233683530049098
0.150818093356867,0.0233799233638685
0.15093728064606,0.0233915036031021
0.151056429421079,0.0234030936746977
0.151175539855828,0.0234146935101048
0.151294612386968,0.0234263030670269
0.151413647105313,0.0234379222698958
0.151532644633449,0.0234495510956082
0.151651605063422,0.0234611894694525
0.151770528740924,0.0234728373425412
0.151889415916459,0.023484494656946
0.152008266922498,0.0234961613633071
0.152127082032325,0.0235078374068925
0.152245861650087,0.0235195227463068
0.152364605839755,0.0235312173072764
0.152483315152766,0.0235429210641087
0.152601989688232,0.0235546339467078
0.152720629807299,0.0235663559117028
0.152839235882457,0.0235780869170012
0.152957807956383,0.023589826888578
0.153076346500073,0.0236015757954105
0.1531948516848,0.0236133335768907
0.153313323791664,0.023625100184054
0.153431763170435,0.0236368755750423
0.15355016997124,0.0236486596886498
0.153668544599464,0.0236604524896057
0.15378688713203,0.023672253910279
0.153905197873262,0.0236840639064057
0.154023477169104,0.0236958824379813
0.154141725134778,0.0237077094424744
0.154259942185312,0.0237195448878656
0.15437812859148,0.0237313887278447
0.154496284449171,0.0237432408993269
0.154614410130763,0.0237551013674345
0.154732505805679,0.0237669700771031
0.154850571705467,0.0237788469801289
0.154968608093534,0.0237907320318259
0.155086615336954,0.0238026251982185
0.155204593449285,0.0238145264102457
0.155322542750328,0.023826435630394
0.155440463573889,0.0238383528225337
0.155558356071475,0.0238502779325998
0.155676220524946,0.0238622109202803
0.155794056925006,0.0238741517162332
0.155911865840866,0.0238861003100498
0.156029647393179,0.0238980566457608
0.156147401778161,0.0239100206759998
0.15626512917548,0.0239219923520634
0.156382829862099,0.0239339716354371
0.156500504047445,0.0239459584810079
0.156618151856915,0.0239579528356243
0.156735773642386,0.0239699546695341
0.156853369342349,0.0239819639111661
0.15697093957232,0.0239939805584733
0.157088484240848,0.0240060045371363
0.157206003788293,0.0240180358281411
0.157323498223381,0.024030074368294
0.157440967967272,0.0240421201372477
0.157558413031573,0.0240541730727811
0.15767583371194,0.0240662331424942
0.157793230199269,0.0240783003032746
0.157910602514836,0.0240903744951629
0.158027951197868,0.0241024557116488
0.158145276249277,0.0241145438908293
0.158262577660747,0.0241266389709414
0.158379855922825,0.0241387409416392
0.158497111155808,0.0241508497542341
0.158614343710874,0.0241629653845329
0.158731553491386,0.0241750877624845
0.158848740830219,0.0241872168630667
0.158965905951334,0.0241993526497793
0.159083048948801,0.0242114950731967
0.159200170059228,0.0242236440990774
0.15931726944748,0.0242357996859043
0.159434347410606,0.0242479618061705
0.15955140395432,0.0242601304024711
0.159668439475279,0.0242723054584507
0.159785453780644,0.0242844868966584
0.159902447460573,0.0242966747216343
0.16001942033061,0.0243088688570391
0.160136372891637,0.0243210692987831
0.16025330516746,0.0243332759927638
0.160370217345597,0.0243454889027742
0.160487109623237,0.0243577079937141
0.160603982022525,0.0243699332125727
0.160720834866919,0.0243821645381424
0.160837668266515,0.0243944019268952
0.160954482525274,0.0244066453560235
0.161071277612623,0.0244188947679641
0.161188053872615,0.0244311501448998
0.161304811375513,0.0244434114402491
0.161421550179223,0.0244556786067861
0.161538270622088,0.0244679516268323
0.161654972667512,0.0244802304434265
0.16177165673561,0.0244925150480842
0.161888322863535,0.0245048053919464
0.162004971232613,0.0245171014420341
0.162121601947791,0.0245294031574768
0.162238215267652,0.0245417105138304
0.162354811302945,0.024554023471203
0.162471390159028,0.0245663419896104
0.162587952033518,0.0245786660390185
0.16270449693234,0.0245909955693878
0.162821025153502,0.024603330561853
0.162937536764187,0.024615670973121
0.163054032053853,0.0246280167838272
0.163170510985687,0.0246403679402499
0.163286973997716,0.0246527244393463
0.16340342083423,0.0246650862046106
0.163519852001017,0.024677453240988
0.163636267526643,0.0246898255022746
0.163752667546897,0.0247022029544671
0.163869052100283,0.0247145855534433
0.163985421470407,0.0247269732813057
0.164101775730466,0.0247393660977893
0.164218115064768,0.0247517639749041
0.164334439531626,0.0247641668714321
0.164450749362612,0.0247765747648892
0.16456704468099,0.0247889876213
0.164683325528868,0.0248014053984756
0.164799592051777,0.0248138280655475
0.164915844623489,0.0248262556158948
0.16503208312897,0.0248386879909233
0.165148307799514,0.0248511251697639
0.165264518824967,0.0248635671268807
0.165380716101685,0.0248760138058014
0.165496899926051,0.0248884651932358
0.165613070471756,0.0249009212624543
0.165729227820262,0.0249133819772783
0.165845372176797,0.0249258473150951
0.165961503431559,0.024938317219788
0.166077621999884,0.0249507916918553
0.166193727789621,0.024963270677122
0.166309821130212,0.0249757541673075
0.166425901985755,0.0249882421147763
0.166541970519211,0.0250007344938457
0.166658026924678,0.0250132312820875
0.166774071293666,0.0250257324462392
0.166890103853074,0.025038237967878
0.16700612436847,0.0250507477792713
0.167122133297488,0.0250632618876066
0.167238130746391,0.0250757802616056
0.167354116689376,0.025088302856531
0.167470091174421,0.0251008296360203
0.167586054576621,0.0251133605988273
0.167702006888697,0.0251258957023682
0.167817948122362,0.0251384349068778
0.167933878583613,0.0251509782043736
0.168049798268093,0.0251635255532673
0.168165707438824,0.0251760769413321
0.1682816060925,0.0251886323275477
0.168397494324685,0.0252011916821007
0.168513372157409,0.0252137549673269
0.168629239935499,0.0252263221805401
0.16874509761372,0.0252388932767583
0.168860945467334,0.0252514682462773
0.168976783390296,0.025264047038069
0.16909261158329,0.0252766296348917
0.169208430224704,0.0252892160168204
0.169324239324759,0.0253018061459712
0.169440039077894,0.0253144000047859
0.169555829522945,0.025326997558822
0.169671610795804,0.0253395987845107
0.169787383048577,0.025352203660068
0.169903146278111,0.0253648121470774
0.170018900590495,0.0253774242193455
0.170134646126599,0.0253900398544374
0.170250383044077,0.0254026590318205
0.170366111418172,0.0254152817221934
0.170481831524179,0.0254279079182106
0.170597543207941,0.0254405375659193
0.170713246738529,0.0254531706580315
0.170828942089023,0.0254658071547252
0.170944629363096,0.0254784470309018
0.171060308776937,0.0254910902736359
0.17117598039294,0.0255037368532861
0.171291644279745,0.0255163867413001
0.171407300464231,0.0255290399047708
0.171522949117217,0.025541696326626
0.17163859035031,0.0255543559832792
0.171754224357472,0.0255670188603231
0.171869851012315,0.0255796849086035
0.171985470571103,0.0255923541212145
0.172101083070881,0.0256050264669815
0.17221668857366,0.0256177019178997
0.172332287350986,0.025630380468895
0.172447879298297,0.0256430620737872
0.172563464537821,0.0256557467118255
0.172679043357024,0.0256684343800629
0.172794615650606,0.025681125032632
0.172910181619759,0.0256938186578345
0.173025741347945,0.025706515230843
0.173141294679546,0.0257192147010726
0.173256841939079,0.0257319170708182
0.173372383239649,0.0257446223186853
0.173487918790509,0.0257573304341999
0.173603448341088,0.0257700413567757
0.173718972101259,0.0257827550769701
0.173834490442001,0.0257954716023342
0.173950003131705,0.0258081908744359
0.174065510363092,0.02582091288233
0.17418101212378,0.025833637592182
0.174296508724823,0.0258463650058927
0.174412000077695,0.0258590950813232
0.174527486363923,0.0258718278066278
0.174642967580466,0.0258845631495267
0.174758443764865,0.0258973010825768
0.174873915178756,0.0259100416029335
0.174989381808233,0.025922784677349
0.175104843656956,0.0259355302750733
0.175220300877286,0.02594827838178
0.175335753660363,0.0259610289872548
0.17545120199626,0.0259737820593099
0.175566645890416,0.025986537567921
0.175682085638105,0.0259992955149545
0.175797521156007,0.0260120558604145
0.175912952535661,0.0260248185842065
0.176028380015956,0.0260375836822816
0.176143803473607,0.0260503511107205
0.176259223124745,0.0260631208635583
0.176374638900518,0.0260758929031653
0.17649005095445,0.0260886672168617
0.176605459559241,0.0261014438048331
0.176720864513678,0.0261142226151339
0.176836266056005,0.0261270036449986
0.176951664212045,0.0261397868677758
0.177067059020805,0.0261525722586689
0.177182450511196,0.0261653597919019
0.17729783901378,0.026178149474975
0.177413224359447,0.0261909412600788
0.177528606738843,0.0262037351398915
0.177643986177184,0.026216531088486
0.177759362745099,0.0262293290852652
0.177874736530917,0.0262421291116422
0.177990107650751,0.0262549311521648
0.178105476254833,0.0262677351952035
0.178220842292607,0.0262805412070977
0.178336205774512,0.0262933491613609
0.178451566930233,0.0263061590556738
0.178566925736069,0.0263189708595322
0.178682282311076,0.0263317845586709
0.178797636649952,0.0263446001250403
0.178912988922264,0.0263574175501545
0.17902833909545,0.0263702368030843
0.179143687363074,0.0263830578782508
0.17925903385173,0.0263958807624503
0.179374378466943,0.0264087054183114
0.179489721471487,0.0264215318483581
0.179605062715109,0.0264343600090994
0.179720402343449,0.0264471898904307
0.179835740441902,0.0264600214752569
0.179951077130752,0.0264728547504874
0.180066412404143,0.0264856896891768
0.18018174633922,0.0264985262738638
0.180297079036467,0.0265113644896427
0.180412410570553,0.0265242043188057
0.180527740821398,0.0265370457222936
0.180643070158053,0.0265498887154901
0.180758398546929,0.0265627332686035
0.180873726088092,0.0265755793673369
0.180989052692387,0.0265884269764472
0.181104378542246,0.0266012760910922
0.181219703658906,0.0266141266882685
0.181335028119574,0.0266269787514875
0.181450352001942,0.0266398322643472
0.181565675377645,0.026652687209867
0.181680998394192,0.0266655435795663
0.18179632102625,0.026678401345834
0.181911643355302,0.0266912604932606
0.182026965358353,0.0267041209948232
0.182142287193732,0.0267169828437984
0.182257608852864,0.026729846014797
0.182372930480457,0.0267427104997378
0.182488252164162,0.0267555762840904
0.182603573929776,0.0267684433466598
0.182718895794958,0.0267813116655703
0.182834217823489,0.026794181224166
0.182949540263755,0.026807052026225
0.183064862887686,0.026819924022566
0.183180185993127,0.0268327972231125
0.183295509592467,0.0268456716054447
0.183410833694686,0.026858547147269
0.18352615830853,0.0268714238264175
0.183641483516537,0.026884301628976
0.183756809332872,0.026897180533408
0.183872136010618,0.0269100605448232
0.183987463438216,0.0269229416276432
0.184102791815738,0.0269358237814993
0.184218121121024,0.0269487069810242
0.18433345135125,0.0269615912034165
0.184448782708282,0.0269744764486365
0.184564115073124,0.0269873626808211
0.184679448662162,0.0270002499018754
0.18479478344861,0.0270131380863173
0.184910119491559,0.0270260272186365
0.185025456968676,0.0270389172964401
0.185140795766391,0.0270518082849292
0.185256135956896,0.0270647001704688
0.18537147771753,0.0270775929508781
0.185486821053153,0.0270904866047238
0.185602165917156,0.0271033811052444
0.185717512581069,0.0271162764611475
0.185832860943237,0.0271291726393064
0.185948211223324,0.0271420696429026
0.186063563288948,0.0271549674356822
0.186178917273407,0.0271678660114899
0.186294273203371,0.0271807653520163
0.186409631166482,0.0271936654459282
0.186524991198686,0.0272065662761526
0.186640353379418,0.0272194678306022
0.186755717811111,0.0272323700997557
0.186871084445837,0.0272452730574547
0.186986453361776,0.027258176691867
0.187101824625868,0.0272710809897923
0.187217198172079,0.0272839859233537
0.187332574262164,0.0272968915013353
0.187447952928984,0.0273097977066604
0.187563334141737,0.0273227045156284
0.187678717906274,0.0273356119088449
0.187794104391827,0.0273485198850517
0.187909493706876,0.027361428436026
0.188024885684602,0.0273743375231731
0.188140280442481,0.0273872471400084
0.188255678122084,0.0274001572823293
0.188371078762484,0.0274130679345395
0.188486482454828,0.0274259790870802
0.188601889172555,0.0274388907173489
0.188717298930525,0.0274518028076133
0.188832711774111,0.0274647153435389
0.188948127792752,0.0274776283156791
0.189063547177534,0.0274905417258478
0.189178969766919,0.0275034555366403
0.189294395686783,0.0275163697432222
0.189409824980651,0.0275292843312443
0.189525257658949,0.0275421992828452
0.189640693844589,0.0275551145927827
0.189756133583901,0.0275680302472
0.18987157683839,0.0275809462230231
0.189987023841136,0.0275938625275383
0.190102474493176,0.0276067791308075
0.190217928910306,0.0276196960273286
0.190333387110616,0.0276326132005117
0.190448849010557,0.0276455306226931
0.190564314816575,0.0276584482986336
0.190679784590122,0.0276713662165756
0.190795258414515,0.0276842843674673
0.190910736209147,0.0276972027241452
0.191026218033327,0.0277101212753242
0.191141704075098,0.0277230400238349
0.191257194287274,0.0277359589462292
0.191372688721235,0.0277488780304596
0.191488187414897,0.0277617972629221
0.191603690403812,0.0277747166298186
0.191719197784556,0.0277876361241859
0.191834709433302,0.0278005557145769
0.191950225566077,0.0278134754076727
0.192065746216471,0.0278263951894198
0.192181271362398,0.0278393150399244
0.192296801093149,0.0278522349518443
0.192412335591097,0.0278651549280343
0.192527874637853,0.0278780749268018
0.192643418386752,0.0278909949484264
0.192758966896649,0.0279039149821795
0.192874520172269,0.027916835011487
0.1929900783191,0.0279297550311225
0.193105641429271,0.027942675034276
0.193221209396761,0.0279555949922504
0.193336782433049,0.0279685149119574
0.193452360495372,0.0279814347716621
0.193567943693077,0.0279943545669449
0.193683531921922,0.0280072742695573
0.193799125336356,0.0280201938803265
0.193914723860964,0.0280331133742403
0.19403032773032,0.0280460327610502
0.194145936805189,0.0280589520086448
0.194261551258568,0.0280718711201778
0.194377171087975,0.0280847900789375
0.194492796427549,0.0280977088836621
0.194608427211191,0.0281106275107642
0.194724063432507,0.0281235459436634
0.194839705193619,0.0281364641777793
0.194955352535305,0.0281493822015811
0.195071005402115,0.0281622999930279
0.195186664043084,0.0281752175640349
0.195302328492814,0.0281881349023108
0.195417998639271,0.0282010519797259
0.195533674502453,0.0282139687831343
0.195649356335659,0.028226885325053
0.195765043952492,0.0282398015689363
0.195880737551843,0.0282527175216863
0.19599643703286,0.028265633156482
0.196112142515789,0.0282785484714874
0.196227854145233,0.0282914634672745
0.196343571789576,0.0283043781138275
0.19645929565213,0.0283172924187388
0.196575025573098,0.0283302063489373
0.196690761787891,0.0283431199157083
0.196806504206675,0.0283560330937723
0.196922252785612,0.0283689458635002
0.197038007684193,0.0283818582277765
0.197153769037493,0.0283947701864592
0.197269536805066,0.0284076817200646
0.197385310877672,0.0284205928018887
0.19750109154853,0.0284335034499293
0.197616878751777,0.0284464136418277
0.197732672480989,0.0284593233624198
0.197848472765003,0.0284722326004566
0.197964279708834,0.028485141353079
0.198080093318527,0.0284980496063954
0.198195913556402,0.0285109573419003
0.198311740657527,0.0285238645713693
0.198427574552243,0.0285367712724874
0.19854341518239,0.0285496774247627
0.198659262740496,0.0285625830354786
0.198775117279007,0.0285754880960417
0.198890978682544,0.0285883925795852
0.199006847048991,0.0286012964831702
0.199122722436747,0.0286141997991919
0.199238604831347,0.0286271025120769
0.199354494276862,0.028640004612899
0.199470390890658,0.0286529061007799
0.199586294647915,0.0286658069590596
0.199702205558882,0.0286787071752418
0.199818123746865,0.0286916067493167
0.199934049172167,0.0287045056631315
0.200049981913939,0.0287174039119625
0.200165921992038,0.0287303014844132
0.200281869484614,0.028743198375648
0.200397824337109,0.0287560945661532
0.200513786635689,0.0287689900522058
0.200629756396604,0.0287818848221904
0.200745733743708,0.0287947788764971
0.200861718575201,0.0288076721905169
0.200977711118572,0.0288205647763616
0.201093711235876,0.0288334566053797
0.201209719033885,0.0288463476765205
0.201325734499024,0.028859237975151
0.201441757686047,0.0288721274943747
0.201557788664868,0.0288850162289084
0.201673827495418,0.0288979041723759
0.201789874080486,0.0289107913011658
0.201905928598402,0.0289236776223284
0.202021990916401,0.0289365631082497
0.202138061294327,0.0289494477750708
0.202254139535082,0.0289623315880524
0.202370225834753,0.0289752145565077
0.202486320166369,0.0289880966646359
0.202602422631697,0.0290009779111676
0.202718533081925,0.0290138582671332
0.202834651722788,0.0290267377430181
0.202950778573286,0.0290396163282259
0.203066913626536,0.0290524940096287
0.203183057015322,0.0290653707895812
0.203299208492807,0.0290782466285192
0.203415368290686,0.029091121540152
0.203531536387852,0.02910399550966
0.203647712963423,0.0291168685446211
0.203763897990883,0.0291297406297678
0.203880091401639,0.0291426117455989
0.203996293349622,0.0291554818972047
0.204112503699195,0.0291683510575294
0.204228722600707,0.0291812192314217
0.204344950132373,0.0291940864153938
0.204461186202906,0.0292069525874753
0.204577430958256,0.0292198177520898
0.204693684278246,0.029232681884113
0.204809946400973,0.0292455449981893
0.204926217239185,0.0292584070727305
0.20504249680583,0.0292712680976957
0.205158785049444,0.0292841280559052
0.205275082152783,0.0292969869559832
0.205391388128628,0.0293098447875507
0.205507703046311,0.0293227015467324
0.205624026962408,0.0293355572282371
0.205740359692648,0.029348411800448
0.205856701453946,0.02936126527616
0.205973052188862,0.0293741176374785
0.206089411973013,0.0293869688815286
0.206205780843956,0.029399819001123
0.206322158779599,0.0294126679826311
0.206438545846888,0.0294255158223188
0.206554942027669,0.0294383625070301
0.206671347449347,0.029451208039705
0.206787762258754,0.0294640524252038
0.206904186171319,0.029476895621192
0.207020619361472,0.0294897376363357
0.207137061777737,0.0295025784538903
0.20725351352668,0.0295154180747289
0.207369974695891,0.0295282564974465
0.207486445283413,0.0295410937109023
0.207602925413943,0.0295539297180042
0.207719414997199,0.0295667644980127
0.207835913936563,0.0295795980298955
0.207952422493918,0.0295924303318452
0.208068940571325,0.0296052613821577
0.208185468237151,0.0296180911778952
0.208302005545542,0.0296309197143812
0.208418552490749,0.0296437469804348
0.208535109115037,0.0296565729702601
0.208651675355074,0.0296693976665038
0.208768251321841,0.0296822210710331
0.208884837043415,0.0296950431764159
0.209001432590548,0.0297078639800235
0.209118038027944,0.0297206834785483
0.209234653251928,0.0297335016503802
0.209351278338188,0.029746318493789
0.209467913327043,0.0297591340029327
0.2095845581922,0.029771948164771
0.209701212983131,0.0297847609746741
0.209817877800846,0.0297975724335334
0.209934552773019,0.0298103825450723
0.210051237621966,0.029823191268887
0.210167932519021,0.0298359986141866
0.210284637576017,0.0298488045830051
0.210401352592479,0.029861609143457
0.210518077829821,0.0298744123144873
0.210634813314279,0.029887214088743
0.210751558884865,0.0299000144388895
0.210868314755998,0.0299128133788094
0.210985080979667,0.029925610904132
0.211101857415397,0.0299384069898326
0.211218644151006,0.0299512016360922
0.211335441289469,0.0299639948443954
0.211452248601145,0.0299767865800712
0.211569066371475,0.0299895768649797
0.211685894598614,0.0300023656889762
0.211802733296369,0.0300151530440647
0.211919582380533,0.0300279389116865
0.212036442068813,0.0300407233062328
0.212153312227136,0.0300535062034562
0.212270192902091,0.0300662875992991
0.212387084209338,0.0300790674969641
0.212503986171856,0.0300918458894835
0.212620898787731,0.0301046227673805
0.212737821998151,0.0301173981151129
0.212854755843585,0.030130171928025
0.212971700471663,0.03014294421292
0.21308865567742,0.0301557149382495
0.213205621705396,0.0301684841217554
0.213322598512385,0.0301812517493406
0.213439586139794,0.0301940178165217
0.213556584607437,0.0302067823164199
0.213673593957011,0.0302195452445785
0.21379061424102,0.0302323065977038
0.21390764539035,0.0302450663593648
0.214024687567661,0.0302578245384216
0.214141740665787,0.0302705811142206
0.214258804712178,0.0302833360811146
0.214375879718241,0.0302960894315617
0.214492965728535,0.0303088411616258
0.214610062881845,0.0303215912775124
0.214727171171612,0.0303343397696026
0.214844290585762,0.0303470866279621
0.214961421034226,0.0303598318343153
0.215078562672678,0.0303725753970522
0.215195715601987,0.0303853173182512
0.21531287958488,0.0303980575636203
0.215430054898114,0.0304107961549135
0.215547241451411,0.0304235330735111
0.215664439313907,0.0304362683185507
0.215781648383017,0.0304490018704918
0.215898868859108,0.0304617337427176
0.216016100670245,0.0304744639188156
0.216133343802571,0.0304871923890807
0.216250598470048,0.0304999191683003
0.216367864419159,0.0305126442205837
0.216485141928658,0.0305253675681046
0.216602430881185,0.0305380891896124
0.216719731425869,0.0305508090931366
0.21683704344684,0.0305635272578571
0.216954366940474,0.0305762436754638
0.217071702081787,0.0305889583567092
0.21718904878834,0.0306016712843787
0.217306407076777,0.0306143824523493
0.217423776958283,0.0306270918538146
0.21754115855229,0.0306397994935995
0.217658551823161,0.0306525053597258
0.217775956882739,0.0306652094563223
0.21789337372224,0.0306779117743813
0.218010802308749,0.0306906123025227
0.218128242660373,0.0307033110349278
0.218245694777469,0.0307160079638108
0.21836315866359,0.0307287030817679
0.218480634393629,0.0307413963890571
0.218598122126907,0.0307540878948776
0.218715621690729,0.0307667775727497
0.218833133246692,0.0307794654325833
0.218950656712597,0.030792151457696
0.219068192175577,0.0308048356499116
0.219185739668487,0.0308175180050191
0.219303299110925,0.0308301985067846
0.21942087056129,0.0308428771540491
0.219538454021193,0.0308555539393803
0.219656049602097,0.0308682288671794
0.219773657293652,0.0308809019286772
0.219891277035946,0.0308935731100367
0.220008908924569,0.030906242414162
0.220126552985326,0.030918909836264
0.220244209257953,0.0309315753731581
0.220361877735317,0.0309442390166764
0.220479558489764,0.0309569007672362
0.220597251560231,0.0309695606215862
0.220714956847668,0.0309822185618341
0.220832674425833,0.0309948745887797
0.220950404315098,0.0310075286972736
0.221068146619429,0.0310201808911529
0.221185901266622,0.0310328311553808
0.221303668236715,0.0310454794808071
0.221421447692035,0.0310581258776486
0.221539239500228,0.0310707703244507
0.221657043808245,0.031083412829984
0.221774860640889,0.0310960533896157
0.221892689888888,0.0311086919846438
0.222010531687584,0.0311213286226549
0.222128386077574,0.0311339633007813
0.22224625295892,0.0311465960013658
0.222364132390075,0.031159226723867
0.222482024395072,0.0311718554638555
0.222599929084873,0.0311844822261801
0.222717846432432,0.0311971070009203
0.222835776389312,0.0312097297761421
0.222953719081619,0.0312223505585155
0.223071674397864,0.0312349693292278
0.223189642387013,0.031247586086884
0.223307623137459,0.03126020083405
0.223425616702553,0.0312728135695003
0.223543623047865,0.0312854242827903
0.223661642109909,0.0312980329605884
0.223779674092432,0.0313106396179471
0.223897718913049,0.0313232442391838
0.224015776585015,0.0313358468192145
0.224133847194664,0.0313484473605966
0.224251930742759,0.0313610458567118
0.224370027076143,0.0313736422848239
0.224488136353034,0.0313862366554179
0.224606258654663,0.0313988289703398
0.224724393969818,0.0314114192217655
0.224842542337408,0.0314240074073725
0.224960703636664,0.031436593507934
0.225078878000946,0.0314491775313402
0.225197065496976,0.0314617594780463
0.225315265976683,0.0314743393259348
0.225433479651441,0.0314869170912156
0.225551706447033,0.0314994927594144
0.225669946312882,0.0315120663190032
0.225788199307618,0.0315246377699959
0.225906465621238,0.0315372071260692
0.226024745036308,0.0315497743577529
0.226143037691399,0.0315623394737826
0.226261343641134,0.0315749024735286
0.226379662745294,0.0315874633359544
0.226497995089271,0.0316000220641369
0.226616340871279,0.0316125786726792
0.226734699914402,0.0316251331365186
0.226853072255803,0.0316376854537598
0.226971458080256,0.0316502356377389
0.227089857249581,0.0316627836675792
0.227208269808256,0.0316753295421482
0.227326695718018,0.0316878732513873
0.227445135069816,0.0317004147989251
0.22756358784675,0.031712954176878
0.227682054174789,0.0317254913925356
0.227800533876332,0.031738026421143
0.227919027192864,0.0317505592824133
0.228037533992547,0.0317630899562705
0.228156054365149,0.0317756184464545
0.22827458829415,0.0317881447452738
0.228393135834007,0.031800668852633
0.228511697011853,0.0318131907654911
0.228630271773117,0.0318257104723095
0.228748860158775,0.0318382279717138
0.228867462202186,0.0318507432613976
0.228986077920331,0.031863256337353
0.229104707278583,0.0318757671902262
0.22922335040745,0.0318882758280353
0.229342007202438,0.0319007822339848
0.229460677771339,0.0319132864138526
0.229579362154346,0.0319257883660503
0.229698060312991,0.0319382880808768
0.229816772253418,0.0319507855534567
0.229935498021737,0.0319632807830395
0.230054237626529,0.031975773764897
0.230172991117028,0.0319882644986159
0.230291758424609,0.032000752971452
0.230410539785154,0.032013239202611
0.230529334841341,0.0320257231490105
0.230648143947942,0.0320382048427233
0.230766966892088,0.0320506842556073
0.230885803909672,0.0320631614071013
0.231004654689162,0.0320756362590261
0.231123519577531,0.0320881088425896
0.231242398643685,0.0321005791590561
0.231361291716572,0.0321130471851293
0.231480198842651,0.0321255129206142
0.231599119927541,0.0321379763503676
0.231718055149398,0.0321504374877611
0.23183700443331,0.0321628963194521
0.231955967838226,0.0321753528464011
0.232074945330062,0.0321878070597502
0.232193937170178,0.0322002589814468
0.232312943127836,0.0322127085819291
0.232431963210479,0.0322251558571501
0.232550997525682,0.0322376008131345
0.232670046186936,0.0322500434563123
0.232789109188209,0.0322624837807214
0.232908186409376,0.0322749217688182
0.233027277740012,0.0322873574043009
0.233146383361178,0.0322997907010419
0.233265503354911,0.0323122216621659
0.233384637565535,0.0323246502663473
0.233503786212727,0.0323370765315237
0.233622949282301,0.0323495004508788
0.233742126588967,0.0323619220002692
0.233861318305025,0.032374341192846
0.233980524448693,0.0323867580252747
0.234099745043929,0.0323991724950244
0.23421898009131,0.0324115845971927
0.234338229635274,0.0324239943314622
0.234457493582406,0.0324364016832433
0.234576772074597,0.0324488066624487
0.234696065015215,0.0324612092540405
0.234815372540649,0.0324736094673726
0.234934694673499,0.0324860072997391
0.235054031298767,0.0324984027344365
0.235173382427066,0.0325107957679679
0.235292748278255,0.0325231864181879
0.235412128733187,0.0325355746677068
0.235531523751104,0.0325479605077611
0.235650933430515,0.0325603439438512
0.235770357816561,0.0325727249757502
0.235889796797814,0.0325851035872239
0.236009250590534,0.0325974797959932
0.236128719017323,0.03260985357884
0.236248202089004,0.032622224932498
0.236367699931968,0.0326345938653208
0.23648721251125,0.0326469603688878
0.236606739831378,0.0326593244391008
0.236726281994994,0.0326716860819008
0.236845838933365,0.0326840452855078
0.2369654107582,0.0326964020569201
0.23708499733285,0.0327087563774389
0.237204598792209,0.0327211082565738
0.237324215045138,0.0327334576802903
0.237443846228423,0.0327458046582255
0.237563492228483,0.032758149174073
0.237683153256899,0.0327704912451784
0.237802829198756,0.0327828308550201
0.237922520131634,0.0327951680072639
0.238042225971061,0.0328075026887683
0.238161946715557,0.0328198348951206
0.238281682506965,0.0328321646364345
0.238401433254179,0.0328444918988025
0.238521199141883,0.0328568166968411
0.23864097993431,0.0328691390018792
0.238760775826401,0.0328814588298399
0.238880586876662,0.0328937761820932
0.23900041295457,0.0329060910409188
0.239120254178958,0.0329184034143596
0.239240110439186,0.0329307132867161
0.239359981687821,0.0329430206490774
0.239479868271643,0.0329553255325853
0.239599769963933,0.0329676279093781
0.239719686964884,0.0329799277959323
0.239839619139443,0.0329922251740458
0.239959566511223,0.0330045200421483
0.240079528930549,0.0330168123808642
0.240199506629855,0.0330291022098893
0.240319499421974,0.0330413895057125
0.240439507729708,0.0330536743073807
0.2405595312615,0.0330659565805328
0.24067957003593,0.03307823632339
0.240799624051399,0.0330905135317433
0.240919693494787,0.0331027882204683
0.241039778216499,0.0331150603700424
0.241159878269047,0.0331273299819697
0.241279993872184,0.0331395970744191
0.241400124785432,0.033151861618674
0.241520271051518,0.0331641236154377
0.241640432736176,0.0331763830673556
0.241760609828735,0.033188639969261
0.241880802365791,0.0332008943209018
0.242001010301458,0.0332131461136408
0.242121233670351,0.0332253953471172
0.242241472580586,0.0332376420282817
0.242361727029959,0.0332498861528244
0.242481996862574,0.0332621277011192
0.242602282260207,0.0332743666878953
0.242722583201312,0.0332866031068436
0.242842899719571,0.033298836957517
0.242963231913625,0.0333110682459742
0.243083579523351,0.0333232969420324
0.243203942888883,0.0333355230765603
0.243324321810947,0.0333477466251856
0.243444716343789,0.0333599675898622
0.243565126520255,0.0333721859700745
0.24368555237383,0.0333844017653707
0.243805993923564,0.0333966149738632
0.243926450977699,0.033408825572519
0.244046923904956,0.0334210335949773
0.24416741248799,0.0334332390151249
0.244287916866618,0.0334454418436084
0.244408436777233,0.0334576420501075
0.244528972446568,0.0334698396541178
0.244649523975299,0.0334820346617418
0.244770091320179,0.0334942270647927
0.244890674437278,0.0335064168553033
0.245011273360871,0.0335186040331855
0.245131888099486,0.0335307885956489
0.245252518594718,0.0335429705332372
0.245373164905554,0.0335551498483691
0.245493827101744,0.0335673265443642
0.245614505305175,0.0335795006297304
0.24573519937174,0.0335916720863128
0.245855909423754,0.0336038409230396
0.245976635326613,0.0336160071227825
0.246097377175027,0.0336281706917048
0.246218134865417,0.0336403316158394
0.246338908537245,0.0336524899057749
0.246459698186727,0.0336646455574448
0.246580503919631,0.0336767985779208
0.246701325537211,0.0336889489437765
0.2468221631287,0.0337010966607894
0.246943016884432,0.0337132417443876
0.247063886642317,0.0337253841746897
0.247184772370269,0.0337375239453462
0.247305674223074,0.0337496610684616
0.247426592033354,0.0337617955237598
0.247547525932836,0.0337739273212248
0.247668476046613,0.0337860564697495
0.247789442247298,0.0337981829531094
0.247910424660421,0.0338103067806451
0.248031423091963,0.0338224279296005
0.248152437736106,0.0338345464162527
0.248273468467991,0.0338466622246308
0.248394515528892,0.0338587753755593
0.248515578766086,0.0338708858502497
0.24863665815248,0.0338829936429771
0.248757753622376,0.0338950987440597
0.248878865427768,0.0339072011753333
0.248999993445123,0.0339193009209276
0.249121137868269,0.0339313979969772
0.249242298476521,0.0339434923781542
0.249363475350008,0.0339555840695361
0.249484668422694,0.0339676730613231
0.249605877912451,0.0339797593719731
0.249727103697932,0.033991842985987
0.249848345903387,0.0340039239126578
0.249969604408588,0.0340160021368038
0.250090879275208,0.0340280776615728
0.250212170353861,0.0340401504690327
0.250333477945403,0.0340522205859855
0.250454801901705,0.0340642879942597
0.250576142376963,0.0340763527061664
0.250697499287136,0.0340884147101367
0.250818872571971,0.0341004739973006
0.250940262370072,0.034112530578377
0.251061668613452,0.0341245844434211
0.251183091260243,0.0341366355853744
0.251304530328278,0.0341486840030526
0.251425986009047,0.0341607297122471
0.251547458181808,0.0341727726977766
0.251668946947712,0.0341848129667627
0.251790452186351,0.0341968505042701
0.25191197397761,0.0342088853153633
0.252033512325177,0.0342209173973412
0.252155067250507,0.0342329467493442
0.252276638748651,0.0342449733679174
0.252398226829072,0.0342569972510712
0.252519831526841,0.0342690183993158
0.252641452784935,0.0342810368041043
0.252763090659959,0.0342930524681736
0.252884745200238,0.0343050653932873
0.253006416474678,0.0343170755832277
0.253128104380294,0.0343290830249451
0.253249809084633,0.0343410877321358
0.253371530338024,0.0343530896773084
0.253493268263888,0.0343650888700729
0.25361502316445,0.0343770853369655
0.253736794600525,0.034389079031783
0.253858582634102,0.0344010699584426
0.253980387621589,0.0344130581488965
0.254102209342213,0.034425043578235
0.254224047770252,0.0344370262414778
0.25434590306291,0.0344490061512693
0.254467775141827,0.0344609832969756
0.254589664103875,0.0344729576853918
0.254711569929037,0.0344849293116994
0.25483349243939,0.0344968981558845
0.254955431886058,0.0345088642399563
0.255077388140138,0.034520827548295
0.255199361250374,0.0345327880831069
0.25532135128296,0.0345447458480802
0.255443358208831,0.0345567008376023
0.255565381987105,0.034568653045076
0.255687422681002,0.0345806024740546
0.25580948038621,0.0345925491310791
0.255931554972065,0.0346044930006762
0.256053646622939,0.0346164340982934
0.256175755159936,0.0346283724037049
0.256297880702581,0.0346403079261442
0.256420023252853,0.0346522406630417
0.256542182766946,0.034664170607544
0.256664359162369,0.0346760977491563
0.256786552591999,0.03468802210023
0.256908763197716,0.0346999436716811
0.257030990890205,0.0347118624520689
0.257153235542112,0.0347237784266753
0.257275497404548,0.034735691617452
0.257397776274912,0.0347476020019331
0.257520072160747,0.0347595095786151
0.25764238523813,0.0347714143619985
0.257764715495034,0.0347833163481351
0.257887062820574,0.034795215523837
0.258009427326071,0.0348071118975382
0.258131808964721,0.0348190054620992
0.258254207750064,0.0348308962164171
0.25837662386216,0.0348427841753561
0.258499056975834,0.03485466930489
0.258621507265028,0.0348665516198071
0.258743974746179,0.0348784311190285
0.258866459452004,0.0348903078032135
0.258988961318993,0.0349021816637883
0.2591114805472,0.0349140527176607
0.25923401696039,0.0349259209452092
0.259356570692427,0.0349377863571524
0.25947914165958,0.034949648942901
0.259601729954507,0.0349615087090896
0.259724335475213,0.0349733656434491
0.259846958241587,0.0349852197456822
0.259969598505538,0.0349970710375601
0.260092255937247,0.035008919484761
0.260214930884195,0.0350207651187099
0.260337622931219,0.0350326078968704
0.260460332537351,0.0350444478614452
0.26058305941754,0.0350562849822123
0.260705803779186,0.0350681192770837
0.260828565471015,0.0350799507290434
0.260951344497391,0.0350917793364439
0.261074140901915,0.0351036051011965
0.2611969548119,0.0351154280331144
0.261319786112705,0.0351272481187982
0.261442634880659,0.035139065363449
0.261565501141765,0.0351508797672132
0.261688384729199,0.0351626913119195
0.261811285871837,0.0351745000174109
0.261934204566329,0.0351863058808205
0.262057140709888,0.0351981088901348
0.262180094479078,0.0352099090601284
0.262303065635428,0.035221706365682
0.262426054309212,0.0352335008173535
0.262549060472632,0.0352452924101599
0.262672084442207,0.0352570811720231
0.262795125855014,0.0352688670658335
0.26291818487645,0.0352806501056802
0.263041261353596,0.03529243027472
0.263164355498848,0.0353042075911792
0.263287467318734,0.0353159820532352
0.263410596670172,0.03532775364517
0.263533743664561,0.0353395223756584
0.263656908351253,0.0353512882471244
0.263780090541703,0.0353630512395318
0.263903290529657,0.0353748113788817
0.264026508174224,0.0353865686493374
0.264149743432796,0.0353983230449802
0.264272996385579,0.0354100745714228
0.26439626711032,0.0354218232338369
0.264519555410597,0.0354335690114907
0.264642861405471,0.0354453119138828
0.264766185204453,0.0354570519491565
0.264889526845656,0.0354687891186905
0.265012886219014,0.0354805234100203
0.265136263226392,0.0354922548120674
0.265259657979277,0.0355039833335105
0.265383070549026,0.0355157089789094
0.265506500798298,0.0355274317332098
0.265629948981009,0.0355391516185311
0.265753415007156,0.0355508686240612
0.265876898752577,0.035562582736269
0.266000400405637,0.0355742939711222
0.266123919776457,0.0355860023085569
0.266247457217279,0.035597707779983
0.266371012378101,0.0356094103500847
0.266494585527187,0.0356211100426119
0.266618176472916,0.0356328068373083
0.266741785437591,0.0356445007533691
0.266865412223373,0.0356561917700267
0.266989056812625,0.0356678798840061
0.26711271936968,0.0356795651088634
0.267236399826211,0.0356912474360536
0.267360098274727,0.0357029268724343
0.267483814677637,0.0357146034124856
0.267607548947798,0.0357262770462442
0.267731301339787,0.0357379477957974
0.267855071566432,0.0357496156320783
0.267978859932049,0.0357612805820827
0.268102666248056,0.0357729426259397
0.268226490631898,0.0357846017730351
0.268350332969545,0.0357962580107594
0.268474193352903,0.0358079113460313
0.268598071679101,0.0358195617673243
0.268721967942166,0.0358312092724212
0.268845882504871,0.0358428538933376
0.268969815068492,0.0358544955999046
0.269093765727742,0.0358661343995742
0.269217734512639,0.0358777702932767
0.269341721478349,0.0358894032843221
0.269465726450449,0.0359010333546482
0.26958974962692,0.035912660521168
0.269713790908973,0.035924284772678
0.269837850178211,0.0359359060965648
0.269961927663159,0.0359475245125008
0.270086023263592,0.0359591400091151
0.270210136980782,0.0359707525849199
0.270334268883481,0.0359823622445866
0.270458419059631,0.0359939689944518
0.270582587400328,0.0360055728225828
0.270706773896818,0.036017173726638
0.270830978635293,0.0360287717129434
0.270955201549561,0.0360403667735617
0.271079442644858,0.0360519589073896
0.271203702059873,0.0360635481255821
0.271327979672404,0.0360751344149687
0.271452275667482,0.0360867177911582
0.271576589871613,0.0360982982362215
0.271700922373394,0.036109875756941
0.271825273180753,0.0361214503523069
0.271949642315183,0.036133022022648
0.272074029687159,0.0361445907580543
0.272198435400764,0.0361561565666365
0.272322859380747,0.0361677194397033
0.27244730172335,0.0361792793846079
0.272571762376151,0.0361908363947879
0.27269624146607,0.0362023904803951
0.272820739034808,0.0362139416434951
0.272945254888764,0.0362254898646362
0.273069789102256,0.0362370351493753
0.27319434157418,0.036248577486773
0.273318912545167,0.0362601168974984
0.27344350198887,0.0362716533772152
0.273568109758752,0.036283186910934
0.273692735998204,0.0362947175104976
0.273817380633668,0.0363062451674311
0.273942043681219,0.0363177698817655
0.274066725192584,0.0363292916566987
0.274191425258861,0.0363408104989707
0.274316143745188,0.0363523263945805
0.2744408806493,0.0363638393420126
0.27456563618952,0.036375349359759
0.27469041006811,0.0363868564187727
0.27481520256397,0.0363983605434742
0.274940013588362,0.0364098617238951
0.275064843106665,0.0364213599554924
0.275189691210412,0.0364328552452192
0.275314557749561,0.0364443475777892
0.275439442897674,0.0364558369677844
0.275564346585611,0.0364673234072027
0.27568926879487,0.0364788068929872
0.275814209623394,0.0364902874326548
0.275939169145723,0.0365017650314102
0.276064146988049,0.0365132396536763
0.276189143648363,0.0365247113438919
0.276314158870261,0.036536180076618
0.276439192784997,0.0365476458626873
0.276564245291093,0.036559108691318
0.276689316447572,0.0365705685666096
0.276814406279689,0.0365820254893855
0.276939514677224,0.0365934794482055
0.277064641786985,0.0366049304551637
0.277189787663206,0.0366163785135899
0.277314952151478,0.0366278236080116
0.277440135299859,0.0366392657416453
0.27756533704607,0.0366507049074375
0.277690557647975,0.0366621411274558
0.277815797026022,0.0366735743927645
0.277941055113232,0.036685004696047
0.278066331919602,0.0366964320369914
0.278191627595345,0.0367078564278394
0.278316941943344,0.0367192778492263
0.278442275007685,0.0367306963040862
0.278567626772992,0.0367421117896717
0.278692997315525,0.0367535243115572
0.278818386600618,0.0367649338651842
0.278943794765091,0.0367763404616211
0.279069221692595,0.0367877440888845
0.279194667549822,0.0367991447608594
0.279320132247961,0.0368105424680368
0.279445615617864,0.0368219371940269
0.279571117856738,0.0368333289555683
0.279696638955726,0.0368447177503151
0.279822178950897,0.0368561035802231
0.279947737827053,0.0368674864426154
0.280073315594596,0.0368788663371947
0.280198912139497,0.0368902432524648
0.280324527733847,0.0369016172117723
0.280450162044745,0.0369129881836184
0.280575815386662,0.0369243561954294
0.280701487601283,0.0369357212313607
0.280827178811346,0.0369470833013782
0.280952888826553,0.0369584423870602
0.28107861788963,0.036969798509194
0.281204365786013,0.0369811516470298
0.281330132681617,0.0369925018144908
0.281455918590083,0.0370038490113798
0.281581723648741,0.0370151932487364
0.281707547515684,0.0370265344946258
0.281833390363983,0.0370378727638217
0.281959252273391,0.0370492080620562
0.282085133190243,0.0370605403832148
0.282211032960101,0.0370718697124196
0.282336951836669,0.0370831960713639
0.282462889751442,0.0370945194524209
0.282588846705529,0.0371058398545988
0.282714822712364,0.037117157277957
0.282840817808496,0.0371284717245897
0.282966831979559,0.0371397831920269
0.283092865330603,0.0371510916884984
0.283218917560239,0.037162397185931
0.283344988938458,0.0371736997076289
0.283471079437132,0.0371849992496101
0.283597189038785,0.0371962958092057
0.283723317836513,0.0372075893935998
0.283849465653882,0.0372188799859044
0.283975632554792,0.0372301675909364
0.284101818721773,0.0372414522237095
0.284228023966948,0.0372527338662015
0.284354248485527,0.0372640125348719
0.284480492058982,0.0372752882090349
0.284606754868048,0.0372865609039089
0.284733036792517,0.0372978306075507
0.2848593380215,0.037309097335766
0.284985658306129,0.0373203610652318
0.285111997952631,0.0373316218222882
0.285238356682619,0.0373428795808795
0.285364734651338,0.0373541343540294
0.285491131850641,0.0373653861397832
0.285617548173747,0.0373766349276686
0.285743983789201,0.0373878807316662
0.285870438791361,0.0373991235588241
0.285996913033721,0.037410363395051
0.286123406510506,0.0374216002390309
0.286249919282787,0.0374328340951596
0.286376451368818,0.0374440649639423
0.286503002616752,0.0374552928309789
0.286629573256254,0.0374665177156746
0.286756163239407,0.0374777396125006
0.286882772378502,0.0374889585040122
0.287009400941676,0.0375001744130453
0.287136048897164,0.0375113873354572
0.287262716144272,0.0375225972614433
0.287389402706192,0.0375338041922198
0.287516108755636,0.0375450081419351
0.287642834106716,0.0375562090930797
0.287769578805068,0.0375674070489383
0.287896342767371,0.037578602001218
0.28802312623048,0.037589793969799
0.288149929074815,0.0376009829429297
0.288276751269897,0.0376121689171417
0.288403592938154,0.037623351902258
0.288530454028411,0.0376345318926977
0.288657334546319,0.0376457088880811
0.288784234373384,0.0376568828771389
0.288911153673529,0.0376680538734187
0.289038092449971,0.0376792218760519
0.289165050700384,0.0376903868838892
0.289292028465127,0.037701548899543
0.289419025643669,0.0377127079132987
0.289546042329178,0.0377238639325096
0.289673078458803,0.0377350169506859
0.289800134099218,0.0377461669728091
0.28992720930894,0.0377573140029873
0.290054303921571,0.0377684580257779
0.290181418102943,0.037779599054942
0.290308551887429,0.0377907370923679
0.29043570522225,0.0378018721325285
0.29056287807271,0.0378130041716215
0.290690070376077,0.0378241332034025
0.290817282282727,0.0378352592401388
0.290944513765829,0.0378463822784304
0.291071764796802,0.0378575023149626
0.291199035455468,0.0378686193558436
0.291326325492657,0.0378797333785517
0.291453635245835,0.0378908444117861
0.291580964623698,0.0379019524463532
0.291708313623231,0.0379130574812444
0.291835682163925,0.0379241595086977
0.291963070392232,0.0379352585406577
0.292090478228424,0.0379463545692185
0.29221790575551,0.0379574476008214
0.292345352711606,0.0379685376119564
0.292472819392916,0.0379796246277156
0.292600305848957,0.0379907086511627
0.292727811981404,0.0380017896729118
0.292855337697458,0.0380128676843197
0.292982883225037,0.038023942704365
0.293110448241569,0.0380350147041898
0.293238033060558,0.0380460837103989
0.293365637715838,0.0380571497247081
0.293493262032024,0.0380682127311801
0.293620906047797,0.038079272732619
0.293748569766689,0.0380903297285305
0.293876253072085,0.0381013837081249
0.294003956278138,0.0381124346977431
0.294131679216489,0.0381234826817483
0.29425942202776,0.0381345276716388
0.294387184456167,0.0381455696445801
0.294514966769642,0.0381566086231212
0.294642768737152,0.0381676445863922
0.294770590480708,0.0381786775443805
0.294898432138181,0.0381897075079932
0.295026293609313,0.0382007344677094
0.295154174761282,0.0382117584115798
0.295282075900531,0.0382227793652615
0.295409996812037,0.0382337973092533
0.295537937333335,0.0382448122292375
0.295665897981991,0.0382558241689078
0.295793878277331,0.0382668330858436
0.295921878465985,0.0382778390009729
0.296049898411062,0.0382888419016433
0.296177938354126,0.038299841807882
0.296305998078967,0.0383108387002596
0.296434077716689,0.0383218325895164
0.296562177288156,0.0383328234765824
0.296690296726597,0.0383438113550504
0.29681843600634,0.0383547962221521
0.296946595221705,0.0383657780852663
0.297074774300348,0.0383767569374408
0.297202973213255,0.0383877327756284
0.297331192165803,0.0383987056166298
0.297459431003357,0.0384096754463786
0.297587689847501,0.038420642274713
0.297715968734613,0.0384316061039128
0.297844267386275,0.0384425669096867
0.297972586164825,0.0384535247224494
0.298100924754549,0.0384644795143619
0.298229283480757,0.0384754313126899
0.298357662146325,0.0384863800997094
0.298486060696306,0.0384973258703792
0.298614479437949,0.038508268650122
0.298742917934941,0.0385192084010414
0.298871376426885,0.0385301451433039
0.298999855024557,0.0385410788853438
0.299128353750608,0.038552009628256
0.299256872535903,0.0385629373655572
0.299385411237769,0.0385738620847228
0.299513969967911,0.038584783794766
0.299642548742271,0.0385957024962783
0.299771147633096,0.0386066181946897
0.299899766530742,0.0386175308800734
0.300028405577428,0.038628440563936
0.300157064632949,0.0386393472337208
0.300285743901497,0.0386502509061691
0.300414443122162,0.0386611515585232
0.300543162458227,0.0386720492042432
0.300671901910911,0.038682943842654
0.300800661476407,0.0386938354728326
0.300929441165267,0.038704724095094
0.301058240872016,0.0387156097000199
0.301187060903704,0.0387264923129008
0.301315901044109,0.0387373719146576
0.301444761286164,0.0387482485044096
0.301573641725775,0.0387591220896638
0.301702542337365,0.0387699926675947
0.301831463144467,0.0387808602396412
0.301960403955182,0.038791724789199
0.302089365111715,0.0388025863445554
0.302218346470652,0.038813444892744
0.30234734802013,0.0388243004323937
0.302476369631132,0.0388351529522542
0.302605411523348,0.0388460024702831
0.302734473731441,0.0388568489885424
0.302863556037879,0.0388676924883152
0.30299265858415,0.0388785329811584
0.303121781445757,0.0388893704726646
0.303250924533797,0.0389002049548003
0.30338008783904,0.0389110364264008
0.303509271555422,0.0389218649030979
0.303638475384281,0.0389326903593135
0.303767699516504,0.0389435128107828
0.303896943724785,0.0389543322379128
0.304026208550445,0.0389651486853862
0.304155493490343,0.0389759621102671
0.304284798696636,0.0389867725253076
0.304414124192087,0.0389975799317622
0.304543470075592,0.0390083843372767
0.30467283610753,0.0390191857213927
0.30480222255147,0.0390299841057536
0.304931629295896,0.039040779480325
0.305061056342495,0.0390515718448924
0.305190503886615,0.0390623612151383
0.305319971664672,0.0390731475685611
0.305449459665435,0.039083930904115
0.305578968154734,0.0390947112433187
0.30570849715349,0.0391054885870666
0.305838046504596,0.0391162629218927
0.305967616304331,0.0391270342555084
0.306097206403301,0.0391378025750547
0.306226816956418,0.0391485678930335
0.306356447823969,0.0391593301973024
0.306486098999725,0.0391700894870738
0.306615770750444,0.0391808457838595
0.306745462893207,0.0391915990718175
0.306875175426675,0.039202349350624
0.307004908282915,0.0392130966143001
0.307134661898139,0.0392238408983133
0.307264435652224,0.0392345821507694
0.307394229890087,0.0392453204003339
0.30752404457645,0.0392560556432978
0.307653879709049,0.0392667878790541
0.307783735431823,0.0392775171189826
0.307913611586524,0.0392882433495259
0.308043508305078,0.0392989665812785
0.308173425249077,0.0393096867860013
0.308303362843399,0.0393204039984723
0.308433320980168,0.0393311182089303
0.308563299609481,0.0393418294129938
0.308693298753364,0.0393525376121576
0.308823318359854,0.039363242801771
0.308953358560311,0.0393739449922287
0.309083419406031,0.0393846441871529
0.30921350079772,0.0393953403779866
0.309343602770873,0.0394060335673795
0.309473725108704,0.0394167237372712
0.309603868132013,0.0394274109136864
0.309734031665368,0.0394380950815583
0.309864215804063,0.0394487762484606
0.309994420485482,0.0394594544088286
0.31012464588573,0.0394701295766805
0.310254891825501,0.0394808017368625
0.310385158409071,0.0394914708977082
0.310515445442553,0.0395021370430105
0.310645753141907,0.0395128001901789
0.310776081350654,0.0395234603258966
0.31090643022772,0.0395341174628724
0.311036799840838,0.0395447716060472
0.311167190058977,0.0395554227443598
0.311297600826581,0.0395660708731516
0.311428032337551,0.0395767160078654
0.311558484513305,0.0395873581415539
0.311688957292733,0.0395979972690275
0.311819450832083,0.0396086334026758
0.311949964962725,0.03961926652835
0.312080499672946,0.039629896644988
0.312211055188911,0.0396405237705476
0.312341631439144,0.0396511478986349
0.312472228339478,0.0396617690222188
0.312602846085514,0.0396723871568761
0.312733484460362,0.0396830022845779
0.312864143554529,0.039693614412572
0.312994823182933,0.0397042235255606
0.313125523780139,0.0397148296584232
0.313256244949832,0.0397254327784214
0.313386986892291,0.0397360329018311
0.313517749587311,0.0397466300265131
0.31364853313247,0.0397572241600078
0.31377933741942,0.0397678152932014
0.313910162463558,0.0397784034271801
0.314041008336238,0.0397889885673744
0.314171874987924,0.0397995707094315
0.314302762415046,0.0398101498528415
0.314433670644599,0.0398207259994966
0.314564599561498,0.0398312991398682
0.314695549338051,0.0398418692876138
0.314826520093383,0.0398524364517641
0.314957511442336,0.0398630006010786
0.315088523695115,0.0398735617605828
0.315219556639992,0.0398841199127281
0.315350610358163,0.0398946750639687
0.31548168502853,0.0399052272282275
0.315612780569952,0.0399157763985197
0.315743896845762,0.0399263225637848
0.315875033973677,0.0399368657333493
0.316006192225811,0.0399474059284955
0.316137371211541,0.0399579431174989
0.316268571041032,0.0399684773093794
0.316399791740003,0.0399790085058437
0.316531033235667,0.0399895367008064
0.316662295744294,0.0400000619113031
0.31679357923988,0.0400105841347476
0.316924883522658,0.0400211033550556
0.317056208672349,0.0400316195785982
0.317187554700863,0.040042132806006
0.317318921945329,0.0400526430637514
0.317450309964726,0.0400631503162018
0.317581718974841,0.0400736545807875
0.317713148874144,0.0400841558490184
0.317844599742093,0.0400946541270707
0.317976071698846,0.0401051494241359
0.318107564380555,0.0401156417110538
0.318239078164364,0.0401261310178947
0.318370612878755,0.0401366173304326
0.318502168554168,0.0401471006510402
0.318633745053903,0.0401575809686975
0.318765342717726,0.0401680583101856
0.318896961224975,0.0401785326495681
0.31902860070192,0.0401890039969835
0.319160261213264,0.0401994723572044
0.319291942700521,0.0402099377253236
0.319423645465014,0.0402204001249463
0.319555368898224,0.0402308595076045
0.319687113538197,0.0402413159162141
0.319818879521516,0.0402517693606917
0.31995066636363,0.0402622198025281
0.320082474237963,0.0402726672558066
0.320214303031385,0.0402831117112959
0.32034615305498,0.0402935531933522
0.320478023900575,0.0403039916693651
0.320609916079071,0.0403144271797241
0.320741829264729,0.0403248596980986
0.320873763500644,0.0403352892280671
0.321005718775576,0.0403457157685692
0.32113769527209,0.0403561393337385
0.321269692686938,0.0403665598994386
0.321401711231678,0.0403769774824308
0.32153375093268,0.0403873920843721
0.321665811615741,0.0403978036914277
0.321797893673657,0.0404082123343491
0.321929996565431,0.0404186179702531
0.322062120943519,0.0404290206505747
0.322194266285235,0.040439420333605
0.322326432739201,0.0404498170313984
0.322458620122123,0.0404602107293926
0.322590829181347,0.0404706014858759
0.322723058951762,0.0404809892245962
0.322855310000875,0.0404913739907672
0.32298758214409,0.0405017557692636
0.323119875681163,0.0405121345834246
0.323252190235677,0.0405225104034917
0.323384526022141,0.0405328832464638
0.323516883145342,0.0405432531201187
0.323649261307435,0.0405536200010484
0.323781660592007,0.0405639838959929
0.323914081358918,0.0405743448326611
0.324046523263403,0.0405847027837228
0.324178986464941,0.040595057761832
0.3243114706028,0.040605409738773
0.324443976329899,0.0406157587654238
0.324576503003069,0.0406261047910879
0.324709050986195,0.040636447844555
0.324841620187246,0.0406467879182012
0.324974210763845,0.0406571250241715
0.325106822529942,0.0406674591477963
0.325239455521076,0.0406777902919463
0.325372109932689,0.0406881184715796
0.325504785539783,0.0406984436689842
0.32563748263659,0.0407087659070219
0.325770200867724,0.0407190851578601
0.325902940332809,0.0407294014295095
0.326035701141878,0.0407397147302576
0.32616848316355,0.0407500250497384
0.326301286532129,0.0407603323983455
0.326434111235562,0.0407706367749042
0.326566957235612,0.0407809381763916
0.326699824657055,0.0407912366123645
0.326832713337243,0.0408015320701006
0.326965623494987,0.0408118245665153
0.327098554791607,0.0408221140752874
0.327231507652792,0.0408324006293991
0.327364481835416,0.0408426842096304
0.327497477245385,0.0408529648089654
0.327630494007173,0.0408632424370184
0.327763532175183,0.0408735170977273
0.327896591860935,0.0408837887994681
0.328029672850683,0.0408940575256836
0.328162775281688,0.0409043232870761
0.328295899085048,0.0409145860781735
0.328429044147939,0.0409248458903693
0.328562210707625,0.040935102741869
0.32869539879782,0.0409453566348913
0.328828608166023,0.0409556075500533
0.328961838942165,0.0409658554975368
0.329095091122469,0.0409761004768644
0.329228364733591,0.0409863424900002
0.329361659743714,0.0409965815344383
0.32949497627033,0.0410068176191124
0.329628314535899,0.0410170507607606
0.329761673866872,0.0410272809078408
0.329895054804072,0.0410375081022632
0.330028457303032,0.0410477323399935
0.330161881094908,0.0410579536005709
0.330295326445219,0.0410681719044633
0.330428793307575,0.0410783872478074
0.330562281693364,0.0410885996314639
0.330695791537096,0.041098809050435
0.330829322975372,0.0411090155151284
0.330962875846153,0.0411192190130834
0.331096450169929,0.0411294195460169
0.331230046015031,0.0411396171190646
0.331363663493834,0.0411498117406089
0.331497302529106,0.0411600034046407
0.33163096299143,0.0411701921014576
0.331764645013085,0.0411803778412102
0.33189834842914,0.0411905606112751
0.332032073575054,0.0412007404371378
0.332165820278546,0.0412109173053828
0.332299588423608,0.0412210912074401
0.332433378284202,0.0412312621641192
0.332567189457745,0.0412414301447571
0.33270102229809,0.0412515951764628
0.332834876705585,0.0412617572513266
0.332968752768575,0.0412719163760752
0.333102650473205,0.0412820725495716
0.333236569744662,0.0412922257662137
0.333370510439652,0.0413023760153447
0.333504472973573,0.0413125233283443
0.333638457044429,0.0413226676820432
0.333772462664339,0.0413328090776957
0.333906489966792,0.0413429475253429
0.334040538936319,0.0413530830236662
0.334174609455309,0.0413632155638727
0.334308701715405,0.0413733451604799
0.334442815357246,0.0413834717863804
0.334576950732813,0.0413935954683492
0.334711107746202,0.0414037161988229
0.334845286508678,0.0414138339862161
0.334979486940734,0.0414239488244888
0.335113708944705,0.0414340607064695
0.335247952733389,0.0414441696482043
0.335382218145359,0.0414542756374204
0.335516505321368,0.0414643786848244
0.335650814160122,0.0414744787827407
0.335785144619473,0.0414845759281764
0.33591949678651,0.0414946701277127
0.336053870599135,0.0415047613766531
0.336188266253998,0.0415148496897292
0.336322683625691,0.0415249350574137
0.336457122862205,0.041535017490892
0.336591583690841,0.0415450969697822
0.336726066305106,0.0415551735088285
0.336860570568004,0.0415652470976916
0.336995096578181,0.0415753177438792
0.337129644213394,0.041585385438256
0.337264213630912,0.0415954501926633
0.337398804755623,0.0416055120013957
0.337533417552284,0.0416155708619668
0.337668052204165,0.041625626788048
0.337802708745961,0.0416356797820382
0.33793738713721,0.0416457298409472
0.338072087237134,0.0416557769544879
0.338206809103725,0.0416658211271962
0.338341552690695,0.0416758623556551
0.338476318130866,0.0416859006497777
0.338611105539553,0.0416959360179715
0.33874591454178,0.0417059684324888
0.338880745364671,0.0417159979105995
0.339015597947289,0.0417260244476344
0.339150472576331,0.0417360480648244
0.339285368855341,0.0417460687327003
0.339420287079934,0.041756086473559
0.339555227104408,0.0417661012764357
0.339690188979619,0.0417761131452937
0.339825172778877,0.0417861220855507
0.339960178541334,0.0417961281000677
0.340095206196569,0.0418061311837033
0.340230255687989,0.0418161313324773
0.340365326922573,0.0418261285397273
0.340500420125712,0.0418361228221778
0.340635535189717,0.0418461141717406
0.340770671980353,0.0418561025787692
0.340905830774716,0.0418660880638152
0.341041011465311,0.0418760706187645
0.341176213926368,0.0418860502346071
0.341311438342913,0.041896026925131
0.341446684613036,0.0419060006827628
0.341581952729998,0.0419159715072062
0.341717242842905,0.0419259394094632
0.341852555025778,0.041935904394852
0.341987889172351,0.0419458664556199
0.342123245044717,0.0419558255746538
0.342258622826517,0.0419657817657489
0.34239402275555,0.0419757350461248
0.342529444708937,0.041985685406619
0.342664888371501,0.0419956328245284
0.342800354201351,0.0420055773336992
0.342935841879731,0.0420155189105259
0.343071351687448,0.0420254575758681
0.343206883324823,0.0420353933077547
0.343342436828018,0.0420453261092605
0.343478012539666,0.0420552560053534
0.343613610060782,0.0420651829667654
0.343749229700199,0.0420751070164652
0.343884871267776,0.0420850281404515
0.344020534694055,0.0420949463340091
0.344156220287424,0.042104861619694
0.344291927701852,0.0421147739722004
0.344427657295755,0.042124683417975
0.34456340891999,0.0421345899459552
0.344699182672307,0.0421444935634826
0.344834978300371,0.0421543942523562
0.344970795994712,0.0421642920267656
0.345106635706525,0.042174186883107
0.345242497335546,0.0421840788143052
0.345378381452485,0.0421939678617829
0.345514287450259,0.0422038539812243
0.345650215506351,0.0422137371862453
0.345786165627052,0.0422236174772911
0.345922137877187,0.0422334948591319
0.346058132024342,0.0422433693150933
0.346194148433765,0.0422532408718586
0.34633018680245,0.0422631095073563
0.346466247151218,0.0422729752235505
0.346602329675754,0.0422828380346415
0.346738434253661,0.0422926979317363
0.346874560967365,0.0423025549210224
0.347010709780648,0.0423124089999637
0.347146880732635,0.0423222601715506
0.34728307385133,0.0423321084378988
0.347419288998512,0.0423419537892228
0.347555526463396,0.0423517962465493
0.347691786082719,0.0423616357980135
0.347828067735944,0.04237147243532
0.347964371609971,0.0423813061721546
0.348100697641571,0.042391137003937
0.348237045883698,0.0424009649346614
0.348373416076704,0.0424107899458864
0.348509808560256,0.042420612062319
0.348646223045247,0.0424304312631017
0.34878265987126,0.0424402475729174
0.348919118950748,0.042450060985309
0.349055600240486,0.0424598714974379
0.349192103513701,0.0424696790933919
0.349328629265952,0.0424794838088883
0.34946517706422,0.0424892856127102
0.349601746967658,0.0424990845097005
0.349738339261033,0.0425088805202415
0.349874953756776,0.042518673630823
0.350011590493308,0.0425284638445436
0.350148249450473,0.0425382511601256
0.350284930541305,0.0425480355715911
0.350421633723605,0.0425578170762232
0.350558359175038,0.0425675956868377
0.350695106968368,0.0425773714085481
0.350831877039164,0.0425871442368627
0.350968669374121,0.042596914171099
0.351105484117789,0.0426066812216984
0.351242320906023,0.0426164453629259
0.351379180077741,0.0426262066193438
0.351516061513242,0.0426359649823072
0.351652965125097,0.0426457204459286
0.351789890928227,0.0426554730115597
0.351926839267973,0.0426652227037404
0.352063809774262,0.0426749694961407
0.352200802583292,0.0426847133989644
0.352337817564089,0.0426944544030499
0.352474854764296,0.0427041925120802
0.352611914508171,0.0427139277490212
0.352748996552275,0.0427236600965456
0.352886100832797,0.0427333895506253
0.353023227450913,0.042743116118679
0.353160376469359,0.0427528398051971
0.353297547688177,0.0427625605962461
0.353434741157434,0.042772278495769
0.353571957117176,0.0427819935207659
0.353709195526599,0.0427917056682819
0.353846456267718,0.0428014149302808
0.353983739234219,0.0428111212996699
0.354121044611379,0.0428208247897706
0.354258372340807,0.0428305253964837
0.354395722641707,0.0428402231354018
0.354533095057009,0.0428499179745115
0.354670489847606,0.0428596099327826
0.354807907211241,0.0428692990239746
0.354945346974089,0.0428789852358925
0.355082808958249,0.0428886685565174
0.355220293427458,0.0428983490046987
0.355357800165737,0.0429080265652844
0.355495329521485,0.0429177012630007
0.355632881171852,0.042927373075175
0.355770455491978,0.0429370420285059
0.35590805205043,0.0429467080927713
0.356045670992003,0.0429563712787401
0.356183312305539,0.0429660315857237
0.356320976056862,0.042975689018503
0.356458662112904,0.042985343567966
0.356596370650469,0.0429949952467591
0.356734101899313,0.0430046440708623
0.356871855469169,0.0430142900131344
0.357009631568969,0.0430239330887448
0.357147430185575,0.0430335732968122
0.357285251280304,0.0430432106348789
0.357423094572737,0.0430528450837949
0.357560960458346,0.043062476671497
0.357626124757099,0.0430670486641854
0.357691289055852,0.0430716418357867
0.357751820457119,0.0430758802681593
0.357874156484897,0.0430843254488523
0.357996557660688,0.0430926051746342
0.358121617954438,0.0431009664892655
0.358248257917135,0.0431093528103253
0.358376283282461,0.0431177623860615
0.358505540256855,0.043126193663015
0.358635903995765,0.0431346458712785
0.358767257258978,0.0431431178808049
0.358899489626987,0.043151608255339
0.359032496711373,0.0431601152640631
0.359166182016016,0.0431686370581873
0.359300457756824,0.0431771717775989
0.359435244589005,0.0431857175891773
0.359570472082884,0.0431942727720932
0.359706078084287,0.0432028357294732
0.35984200842863,0.0432114050199922
0.359978216317081,0.0432199793638973
0.360114661493643,0.0432285576326584
0.360251309533499,0.0432371388414619
0.36038813116786,0.0432457221395813
0.360525101939824,0.043254306817191
0.360662200806251,0.0432628922426944
0.360799410251809,0.0432714778917519
0.360936715758727,0.0432800633316416
0.361074105269575,0.0432886482032103
0.361211568547171,0.0432972321943211
0.361349097017341,0.0433058150413293
0.361486683165849,0.0433143965007675
0.361624321742567,0.0433229764316524
0.361762007694397,0.0433315546726228
0.361899736966293,0.0433401310987605
0.362037506116845,0.0433487056013631
0.362175312507746,0.0433572781034607
0.362313153884833,0.0433658485367237
0.362451028327122,0.0433744168412203
0.362588934201753,0.0433829829647442
0.362726870277458,0.0433915468714866
0.36286483529666,0.0434001085169765
0.363002828596605,0.0434086678878534
0.363140849247577,0.0434172249492032
0.363278896661081,0.0434257796836125
0.363416970433542,0.0434343320815872
0.363555070343252,0.0434428821420108
0.363693195796939,0.0434514298387017
0.36383134666226,0.0434599751724197
0.363969522711598,0.0434685181361681
0.364107723713289,0.0434770587215963
0.364245949267546,0.0434855969091218
0.364384199475455,0.043494132709173
0.364522474294789,0.0435026661221825
0.364660773603767,0.043511197143305
0.36479909739324,0.0435197257742433
0.364937445340502,0.0435282519970782
0.36507581764726,0.0435367758259218
0.365214214218902,0.043545297255979
0.365352635008067,0.0435538162854231
0.365491079911544,0.0435623329088336
0.365629549104046,0.0435708471376271
0.365768042440756,0.0435793589633416
0.365906560020731,0.0435878683926002
0.366045101576749,0.0435963754094298
0.366183667199,0.0436048800199106
0.366322257229326,0.0436133822449648
0.366460871233906,0.043621882058055
0.366599509363327,0.0436303794689606
0.366738171699877,0.0436388744826837
0.366876858197921,0.0436473670964604
0.367015568780859,0.0436558573057907
0.36715430317789,0.0436643450944453
0.367293062071088,0.0436728305040895
0.367431845126272,0.0436813135137886
0.367570652322741,0.043689794122666
0.367709483603403,0.0436982723273803
0.367848339035563,0.0437067481321042
0.367987218902466,0.043715221553899
0.368126122903811,0.0437236925743339
0.368265051063215,0.0437321611951883
0.368404003334419,0.0437406274137012
0.368542979825856,0.0437490912364736
0.368681980490434,0.0437575526605572
0.368821005395485,0.0437660116900625
0.368960054446611,0.0437744683192497
0.369099127641525,0.0437829225480973
0.369238225091011,0.0437913743832939
0.369377346843842,0.0437998238276568
0.369516492731482,0.0438082708710109
0.369655662945361,0.0438167155250665
0.369794857575474,0.0438251577950469
0.369934075964528,0.0438335976414073
0.370073318835818,0.043842035108297
0.370212586109155,0.0438504701901504
0.370351877628578,0.0438589028776649
0.370491193246333,0.04386733316221
0.370630532927376,0.0438757610418953
0.370769896890215,0.0438841865298559
0.370909285381811,0.0438926096406257
0.371048698072631,0.0439010303542245
0.371188135095987,0.0439094486790156
0.371327596382667,0.0439178646107821
0.371467081942691,0.0439262781502189
0.371606591710394,0.0439346892934274
0.371746125958788,0.0439430980567944
0.371885684679146,0.0439515044395265
0.372025267484186,0.0439599084185668
0.372164874817634,0.0439683100208344
0.372304506076044,0.043976709209956
0.372444161849991,0.0439851060217476
0.372583842061953,0.0439935004510064
0.372723546385642,0.0440018924783946
0.372863275298263,0.0440102821326961
0.37300302850202,0.0440186693957495
0.373142806135653,0.0440270542761302
0.373282607926411,0.044035436757564
0.373422434260268,0.0440438168632849
0.373562284973637,0.0440521945832174
0.373702160025977,0.0440605699151511
0.373842059478733,0.0440689428628348
0.373981983254701,0.0440773134216742
0.37412193155804,0.0440856816038769
0.374261904199173,0.0440940473980494
0.374401901123168,0.0441024108011848
0.374541922567142,0.0441107718274246
0.374681968203575,0.0441191304571947
0.374822038371634,0.0441274867109166
0.374962133052266,0.0441358405871598
0.375102252035055,0.0441441920735533
0.375242395603123,0.0441525411870934
0.375382563572639,0.0441608879167027
0.375522756197363,0.0441692322775729
0.375662973151787,0.0441775742503299
0.375803214626153,0.0441859138465782
0.375943480563802,0.0441942510628569
0.376083771088332,0.0442025859065352
0.376224085872473,0.0442109183582994
0.376364425255843,0.0442192484385143
0.376504789031516,0.0442275761347282
0.37664517722184,0.0442359014485048
0.376785590062189,0.0442442243937045
0.376926027234256,0.0442525449514509
0.37706648895764,0.044260863135016
0.377206975218159,0.0442691789434134
0.377347486007193,0.0442774923761987
0.377488021273815,0.0442858034304701
0.37762858105963,0.0442941121087884
0.377769165350917,0.0443024184103749
0.377909774356721,0.0443107223475288
0.378050407845002,0.0443190239065331
0.378191065811957,0.0443273230874826
0.378331748406642,0.0443356198991768
0.378472455461808,0.0443439143317557
0.378613187113127,0.0443522063933744
0.378753943317326,0.0443604960814433
0.378894724188171,0.044368783402701
0.37903552949855,0.0443770683438714
0.379176359373704,0.044385350912565
0.37931721394253,0.0443936311162353
0.379458093053659,0.0444019089459974
0.379598996934285,0.0444101844152992
0.379739925290474,0.0444184575069065
0.379880878017577,0.0444267282151279
0.380021855670552,0.0444349965723974
0.380162857891234,0.044443262557397
0.380303884833294,0.0444515261794756
0.380444936301937,0.0444597874272953
0.380586012433207,0.0444680463090275
0.380727113064548,0.0444763028152018
0.380868238665714,0.0444845569732616
0.381009388746149,0.0444928087543986
0.381150563543466,0.0445010581729509
0.381291763033427,0.0445093052273889
0.381432987057131,0.0445175499086195
0.381574235972886,0.0445257922376029
0.38171550945909,0.0445340321954758
0.381856807448172,0.0445422697787508
0.381998130123135,0.0445505049981715
0.382139477475855,0.0445587378531488
0.38228084968546,0.0445669683540833
0.382422246684585,0.0445751964969979
0.382563668439335,0.044583422280109
0.382705114685987,0.0445916456883904
0.382846585697118,0.044599866737908
0.382988081319499,0.0446080854196579
0.383129601782993,0.044616301747079
0.383271146977529,0.044624515713704
0.383412716855935,0.0446327273170267
0.383554311578132,0.0446409365663901
0.38369593084149,0.044649143444362
0.383837575096735,0.044657347977204
0.383979244043812,0.0446655501473528
0.384120937749134,0.0446737499590087
0.384262656078311,0.0446819474045347
0.384404399155488,0.0446901424912732
0.384546167196481,0.0446983352315421
0.384687959957159,0.0447065256112383
0.384829777358979,0.0447147136262328
0.384971619789078,0.0447228992988592
0.385113486990572,0.0447310826141392
0.385255378900183,0.04473926356882
0.385397295518397,0.0447474421631325
0.385539237048867,0.0447556184087952
0.385681203537194,0.0447637923082885
0.385823194879259,0.0447719638557312
0.385965210912093,0.0447801330420768
0.386107251856004,0.0447882998801657
0.386249317638079,0.0447964643657311
0.386391407985165,0.0448046264834066
0.386533523614221,0.0448127862743536
0.386675664059278,0.0448209437114585
0.386817829178515,0.0448290987872367
0.386960019290664,0.0448372515200971
0.387102234182608,0.0448454018977254
0.387244474055743,0.0448535499318555
0.387386738898761,0.0448616956217661
0.387529028356267,0.0448698389474385
0.387671342793046,0.0448779799300324
0.387813682066142,0.0448861185612014
0.387956046207273,0.0448942548429737
0.388098435347191,0.0449023887828407
0.388240849449119,0.0449105203787036
0.388383288324481,0.0449186496200667
0.388525752172919,0.0449267765185369
0.388668241076019,0.0449349010786429
0.388810754728945,0.0449430232832056
0.388953293333438,0.0449511431440507
0.389095856929418,0.0449592606633607
0.389238445419003,0.0449673758356815
0.389381058711266,0.0449754886561214
0.389523697197197,0.0449835991469199
0.389666360581574,0.0449917072911826
0.389809048885904,0.0449998130905379
0.389951762104163,0.0450079165447855
0.390094500392318,0.0450160176628188
0.390237263757386,0.0450241164449948
0.390380052042499,0.0450322128826253
0.390522865278509,0.0450403069777497
0.390665703519982,0.0450483987335396
0.390808566769938,0.0450564881502312
0.390951455274832,0.0450645752417587
0.391094368787214,0.045072659994145
0.391237307234897,0.0450807424037417
0.391380270481411,0.0450888224631499
0.391523258854642,0.0450969001909779
0.391666272272586,0.0451049755824227
0.391809310580703,0.0451130486290402
0.391952374166518,0.0451211193527828
0.392095462726182,0.0451291877364311
0.392238576317092,0.0451372537836262
0.392381715147809,0.0451453175061097
0.392524878900554,0.0451533788860848
0.39266806756569,0.0451614379234782
0.392811281309372,0.0451694946277136
0.392954520150296,0.0451775489997837
0.393097784130578,0.0451856010421348
0.393241073105701,0.0451936507468323
0.393384387303909,0.0452016981268631
0.393527726451268,0.045209743166927
0.393671090887912,0.0452177858863322
0.393814480325452,0.0452258262688826
0.393957894960273,0.045233864325903
0.394101334751034,0.0452419000550673
0.394244799537669,0.0452499334476816
0.394388289425288,0.0452579645098893
0.394531804519848,0.0452659932476026
0.394675344901333,0.0452740196652749
0.394818910377095,0.0452820437523119
0.394962500779378,0.0452900654997928
0.395106116580868,0.0452980849341872
0.395249757380337,0.0453061020329853
0.395393423345155,0.0453141168059644
0.395537114370519,0.0453221292473477
0.395680830798069,0.0453301393762283
0.395824572471944,0.0453381471838178
0.395968339085547,0.0453461526535178
0.39611213084912,0.0453541557974072
0.396255947881852,0.0453621566219989
0.396399789996164,0.0453701551169693
0.396543657436606,0.0453781512961179
0.396687549872045,0.0453861451411531
0.396831467829732,0.0453941366815434
0.396975410667368,0.0454021258816356
0.397119378770944,0.0454101127634191
0.39726337245478,0.0454180973439545
0.397407391197719,0.0454260795944524
0.397551435129393,0.0454340595227195
0.397695504305566,0.0454420371318852
0.397839598770846,0.0454500124244786
0.397983718389579,0.045457985393179
0.398127863254458,0.0454659560433602
0.398272033488159,0.0454739243818084
0.398416228995774,0.0454818904033637
0.398560449819081,0.0454898541105711
0.398704695901239,0.045497815500462
0.398848967216227,0.0455057745718404
0.398993263809876,0.045513731327402
0.399137585764157,0.0455216857717381
0.399281932952068,0.0455296378979973
0.399426305423929,0.0455375877092182
0.399570703197172,0.0455455352064749
0.399715126258123,0.0455534803891663
0.399859574691706,0.0455614232620954
0.400004048343488,0.0455693638169442
0.400148547241775,0.0455773020555751
0.400293071487284,0.045585237983612
0.400437621197702,0.0455931716075094
0.400582195972515,0.0456011029055615
0.400726796339504,0.0456090319069987
0.400871422044124,0.0456169585976719
0.401016072986957,0.0456248829725912
0.401160749510732,0.045632805050639
0.401305451332798,0.0456407248163347
0.401450178447497,0.0456486422698173
0.401594930820093,0.0456565574094109
0.401739708649147,0.0456644702460612
0.401884511741678,0.0456723807692977
0.402029340481205,0.0456802890002096
0.402174194618719,0.0456881949251496
0.402319074163101,0.0456960985450171
0.402463979092031,0.0457039998588074
0.402608909346285,0.045711898863528
0.402753865043615,0.0457197955657645
0.402898846285846,0.0457276899710633
0.403043852746858,0.0457355820619206
0.403188884698235,0.0457434718534705
0.40333394205048,0.0457513593408199
0.403479024984305,0.0457592445339397
0.403624133172799,0.0457671274152585
0.403769267117006,0.0457750080122167
0.403914426103758,0.0457828862861969
0.404059610676119,0.0457907622672367
0.404204820890755,0.0457986359580548
0.404350056245439,0.0458065073317876
0.404495317306755,0.0458143764195192
0.404640603817068,0.0458222432070859
0.404785915806297,0.0458301076964985
0.404931253121028,0.0458379698797243
0.405076616100558,0.0458458297752645
0.405222004564959,0.0458536873733425
0.405367418418159,0.0458615426691709
0.40551285777624,0.0458693956692585
0.405658322677513,0.045877246375727
0.405803813327214,0.0458850947996764
0.405949329243088,0.0458929409153553
0.406094870793691,0.0459007847431009
0.406240437717397,0.0459086262688127
0.406386030152375,0.0459164655002749
0.406531648146214,0.0459243024400889
0.406677291827637,0.0459321370952393
0.406822961025055,0.0459399694566588
0.40696865552844,0.0459477995135412
0.407114375722433,0.0459556272867606
0.407260121616609,0.0459634527766389
0.407405893111158,0.0459712759780323
0.407551689836524,0.0459790968716272
0.407697512648549,0.0459869155034301
0.407843360823982,0.0459947318344277
0.407989234533884,0.0460025458745613
0.408135133779673,0.0460103576239895
0.408281058822929,0.0460181670967429
0.408427009448339,0.0460259742813528
0.408572985670611,0.0460337791790023
0.40871898737764,0.0460415817839662
0.408865014852078,0.0460493821114994
0.40901106793517,0.0460571801531283
0.409157146550806,0.0460649759051735
0.409303250760951,0.0460727693711972
0.409449380692876,0.0460805605580555
0.409595536260287,0.0460883494612606
0.409741717289659,0.0460961360719453
0.409887924161955,0.0461039204105714
0.410034156551586,0.0461117024598164
0.410180414531559,0.046119482224027
0.410326698221568,0.0461272597096568
0.41047300765465,0.0461350349185198
0.410619342768417,0.0461428078475033
0.410765703618789,0.0461505784998223
0.410912089946704,0.0461583468620282
0.411058502009112,0.0461661129480736
0.41120493989188,0.0461738767624272
0.411351403462991,0.0461816382982657
0.411497892659633,0.0461893975526385
0.411644407576635,0.0461971545308005
0.411790948276388,0.0462049092361357
0.411937514961683,0.0462126616794035
0.412084106924742,0.0462204118235753
0.412230724786119,0.0462281597020172
0.412377368209083,0.0462359052967543
0.412524037563486,0.0462436486276033
0.412670732714717,0.0462513896874018
0.412817453543242,0.0462591284702359
0.412964200178738,0.0462668649832239
0.413110972314354,0.0462745992104502
0.41325777030519,0.0462823311709291
0.413404594247936,0.046290060869573
0.413551443727419,0.0462977882848468
0.413698318975302,0.0463055134294406
0.413845220097097,0.0463132363088557
0.41399214703523,0.0463209569201878
0.414139099713194,0.046328675259729
0.414286078294593,0.0463363913362854
0.414433082576285,0.046344105139367
0.414580112789838,0.0463518166814053
0.414727168671129,0.0463595259486969
0.414874250507205,0.0463672329565928
0.415021358119793,0.0463749376958021
0.415168491641879,0.0463826401735915
0.415315650769366,0.0463903403743125
0.415462835806952,0.0463980383142456
0.415610046791599,0.0464057339952349
0.415757283431612,0.0464134274023521
0.415904545896387,0.0464211185448616
0.416051834173485,0.0464288074221893
0.416199148558067,0.0464364940497949
0.416346488645325,0.0464441784067163
0.416493854532452,0.0464518604985776
0.416641246318079,0.0464595403306235
0.416788664270005,0.0464672179167725
0.416936107802073,0.0464748932267788
0.417083577166146,0.0464825662744036
0.417231072673609,0.0464902370756906
0.41737859393207,0.0464979056103406
0.417526141017212,0.0465055718828392
0.417673714251924,0.0465132359099663
0.417821312991735,0.0465208976585059
0.417968937844586,0.0465285571605137
0.418116588649654,0.0465362144074045
0.418264265381281,0.0465438693982008
0.418411967984182,0.0465515221303391
0.418559696476923,0.0465591726050581
0.418707451045101,0.0465668208320769
0.418855231461389,0.046574466799799
0.419003037947372,0.0465821105200082
0.419150870510465,0.0465897519931181
0.419298728829236,0.0465973912029024
0.419446613000794,0.0466050281548687
0.419594523304151,0.0466126628634203
0.419742459351028,0.0466202953086668
0.419890421609772,0.0466279255151006
0.42003840976917,0.0466355534666479
0.420186424055383,0.0466431791753489
0.420334464061385,0.0466508026204965
0.420482530109787,0.0466584238191362
0.420630622364,0.0466660427795308
0.420778740614922,0.0466736594910865
0.420926884710626,0.0466812739465086
0.421075054901858,0.0466888861589486
0.421223250959488,0.0466964961167516
0.42137147301445,0.0467041038269992
0.42151972123243,0.0467117092982226
0.421667995333693,0.0467193125162853
0.421816295557057,0.046726913493803
0.421964621951974,0.0467345122333108
0.422112974339421,0.046742108725912
0.422261352779765,0.0467497029750797
0.422409757345533,0.0467572949846803
0.422558187632895,0.0467648847344329
0.422706644149412,0.0467724722506296
0.422855126887446,0.0467800575326486
0.423003635672441,0.0467876405718784
0.423152170535653,0.0467952213703199
0.42330073144834,0.046802799926748
0.423449318423002,0.0468103762420552
0.423597931541108,0.0468179503205751
0.423746570677355,0.0468255221561456
0.423895235968209,0.0468330917559979
0.424043927343963,0.0468406591167368
0.424192644881099,0.0468482242425106
0.424341388691463,0.0468557871391241
0.424490158438871,0.0468633477897994
0.424638954518331,0.0468709062149602
0.424787776615937,0.0468784623987154
0.424936624704725,0.0468860163402228
0.425085498818505,0.0468935680414614
0.425234399205342,0.0469011175150756
0.425383325767385,0.0469086647561513
0.425532278428483,0.0469162097611947
0.425681257417266,0.0469237525419968
0.425830262476711,0.0469312930857196
0.425979293754509,0.0469388314002376
0.426128351201372,0.0469463674832077
0.42627743469434,0.0469539013287586
0.426426544468271,0.0469614329489932
0.426575680396263,0.046968962337596
0.426724842377453,0.0469764894898757
0.426874030659951,0.0469840144185692
0.427023245259736,0.0469915371244879
0.427172485944213,0.0469990575962492
0.427321752952613,0.0470065758462558
0.427471046225089,0.047014091871565
0.427620365623854,0.047021605665604
0.427769711272968,0.0470291172349332
0.427919083054693,0.0470366265738296
0.428068481230307,0.0470441336956343
0.428217905539297,0.0470516385874019
0.428367356172025,0.0470591412590729
0.428516832910038,0.047066641699884
0.428666336074966,0.0470741399262447
0.428815865434891,0.0470816359266047
0.428965421122926,0.047089129708017
0.429115002879434,0.0470966212577536
0.429264611045489,0.0471041105931978
0.429414245342938,0.047111597700512
0.429563906123128,0.0471190825975781
0.429713593045357,0.0471265652674782
0.429863306359773,0.0471340457231385
0.430013045771722,0.0471415239500331
0.43016281173153,0.0471489999709234
0.430312603844002,0.047156473766139
0.43046242226166,0.0471639453438063
0.430612267109996,0.0471714147102547
0.430762138229773,0.0471788818577551
0.430912035520867,0.0471863467817704
0.43106195917267,0.0471938094919873
0.431211909159303,0.0472012699872067
0.431361885599448,0.0472087282735335
0.431511888362394,0.0472161843446886
0.431661917331684,0.0472236381953227
0.431811972760304,0.0472310898382454
0.431962054531651,0.0472385392677498
0.432112162567629,0.0472459864803475
0.432262297075111,0.0472534314865328
0.432412457960887,0.0472608742817996
0.432562645421148,0.0472683148761043
0.43271285913987,0.0472757532540467
0.432863099068574,0.0472831894137974
0.433013365599302,0.0472906233748739
0.433163658292517,0.0472980551156446
0.433313977538237,0.047305484655829
0.433464323173986,0.0473129119874046
0.433614695197647,0.0473203371106542
0.433765093649178,0.0473277600278053
0.433915518392489,0.0473351807324326
0.434065969665306,0.0473425992365196
0.434216447249522,0.0473500155294691
0.434366951255487,0.0473574296171081
0.43451748185118,0.0473648415077946
0.434668038975798,0.0473722511986684
0.434818622474467,0.0473796586825049
0.434969232312231,0.0473870639580217
0.435119868627929,0.0473944670322704
0.435270531472037,0.0474018679078326
0.435421220639474,0.0474092665749409
0.435571936287872,0.0474166630417026
0.435722678456967,0.0474240573101735
0.435873447202345,0.0474314493832654
0.436024242292409,0.047438839249959
0.436175063996037,0.04744622692377
0.436325911957912,0.0474536123875074
0.436476786637828,0.047460995664014
0.436627687748003,0.0474683767392171
0.436778615464716,0.0474757556221493
0.436929569577976,0.047483132302781
0.437080550304807,0.0474905067920527
0.437231557549204,0.0474978790854022
0.437382591357769,0.047505249185421
0.437533651469548,0.0475126170797396
0.437684738172814,0.0475199827827667
0.437835851515411,0.0475273462968163
0.437986991600027,0.0475347076270435
0.438138158052082,0.0475420667555785
0.438289351195599,0.0475494236986448
0.438440570812017,0.0475567784457121
0.438591816862676,0.0475641309953621
0.438743089409013,0.0475714813508566
0.438894388698094,0.0475788295242739
0.439045714510781,0.0475861755051162
0.439197066947987,0.0475935192986899
0.439348446044155,0.0476008609068464
0.439499851672484,0.0476082003237349
0.439651283834742,0.0476155375498251
0.439802742609995,0.0476228725891788
0.439954227984133,0.047630205441311
0.440105740083154,0.0476375361125304
0.440257278626243,0.0476448645895521
0.44040884392448,0.047652190887781
0.440560435889824,0.0476595150030104
0.440712054283805,0.0476668369241723
0.440863699386426,0.0476741566651389
0.441015371197266,0.047681474225914
0.441167069562962,0.0476887895994285
0.441318794687966,0.0476961027958521
0.441470546496424,0.0477034138116657
0.441622324948222,0.0477107226452885
0.441774130067036,0.0477180292981659
0.441925961681247,0.0477253337623758
0.442077820070252,0.0477326360516367
0.442229705166698,0.0477399361627656
0.442381616906637,0.0477472340930368
0.442533555011912,0.0477545298295664
0.442685520011118,0.0477618233979872
0.4428375116775,0.0477691147873319
0.442989530207827,0.0477764040073874
0.443141575290323,0.0477836910434869
0.443293647165822,0.0477909759076033
0.443445745692585,0.0477982585930948
0.443597870976737,0.047805539105375
0.443750022738115,0.0478128174313626
0.44390220132911,0.0478200935882512
0.444054406661225,0.04782736757182
0.444206638696128,0.0478346393805885
0.444358897697287,0.0478419090273326
0.444511183398749,0.0478491764995393
0.444663496131143,0.047856441813333
0.444815835195472,0.0478637049357312
0.444968201101755,0.0478709658916761
0.445120593764856,0.0478782246769987
0.445273013239198,0.0478854812945713
0.445425459442216,0.0478927357407374
0.445577932557571,0.0478999880244953
0.44573043238648,0.0479072381366113
0.445882958884469,0.04791448607544
0.446035512351033,0.0479217318553894
0.44618809248429,0.0479289754622806
0.446340699299345,0.0479362168973513
0.44649333324385,0.0479434561818991
0.446645993756993,0.047950693289483
0.446798681192605,0.047957928237457
0.446951395402621,0.0479651610188792
0.44710413643146,0.0479723916362166
0.447256904101926,0.0479796200814158
0.447409698793025,0.0479868463726484
0.447562520261731,0.0479940704984908
0.44771536861367,0.0480012924643588
0.447868243787767,0.0480085122676047
0.448021145912327,0.0480157299145546
0.448174074743998,0.0480229453940138
0.448327030424611,0.0480301587130928
0.448480012925439,0.0480373698706145
0.448633022383928,0.0480445788732805
0.448786058834043,0.0480517857228345
0.448939122220294,0.0480589904169447
0.449092212410097,0.0480661929497766
0.449245329368047,0.0480733933200891
0.449398473083886,0.048080591527715
0.449551643926058,0.0480877875900672
0.449704841601653,0.0480949814934802
0.449858066240061,0.0481021732444918
0.450011317916007,0.0481093628467676
0.450164596467616,0.048116550293008
0.450317901929729,0.0481237355852576
0.450471234315362,0.048130918724382
0.450624593535343,0.0481380997065109
0.450777979738843,0.0481452785389101
0.450931392558369,0.0481524552047095
0.451084832634529,0.048159629734149
0.451238299659766,0.0481668021127351
0.451391793521407,0.0481739723357816
0.451545314389328,0.0481811404115523
0.451698862266956,0.0481883063403453
0.451852437048556,0.0481954701175496
0.45200603876755,0.0482026317450873
0.45215966760186,0.0482097912314262
0.452313323391462,0.0482169485693152
0.452467006125109,0.0482241037586562
0.452620715833829,0.0482312568011856
0.452774452594065,0.0482384077006786
0.452928216373815,0.0482455564558762
0.453082007045451,0.0482527030612193
0.453235824774608,0.0482598475247219
0.453389669602819,0.0482669898484374
0.453543541209649,0.048274130017886
0.453697439738059,0.0482812680401935
0.453851365564726,0.0482884039328152
0.454005318306469,0.048295537678119
0.454159298208082,0.0483026692879372
0.454313305002277,0.0483097987501285
0.454467338872118,0.0483169260735844
0.454621400005232,0.0483240512670365
0.454775488086054,0.0483311743161604
0.454929603148584,0.0483382952230712
0.455083745399036,0.0483454139974736
0.455237914833832,0.0483525306393045
0.455392111275394,0.0483596451407383
0.455546334579116,0.0483667574956207
0.455700585138053,0.0483738677223041
0.455854862595946,0.0483809758044825
0.456009167134298,0.0483880817509977
0.45616349874975,0.0483951855618444
0.456317857552019,0.0484022872422952
0.456472243578287,0.0484093867942415
0.456626656671063,0.04841648421078
0.456781097121283,0.0484235795055775
0.45693556447202,0.0484306726579208
0.457090058895908,0.0484377636763234
0.457244580560341,0.048444852568546
0.457399129102924,0.0484519393182611
0.457553704822909,0.0484590239396337
0.45770830781921,0.0484661064371928
0.457862937948066,0.0484731868046087
0.458017595140706,0.0484802650391845
0.458172279416325,0.0484873411421517
0.458326991028675,0.0484944151252678
0.458481729651127,0.0485014869738253
0.45863649560058,0.0485085567027164
0.458791288705778,0.0485156243042431
0.458946109102565,0.0485226897849672
0.459100956409333,0.0485297531278489
0.459255831010611,0.0485368143508507
0.459410732905479,0.0485438734539057
0.459565661778871,0.0485509304230752
0.459720617974715,0.048557985274425
0.459875601380637,0.0485650380029044
0.460030612068786,0.0485720886121316
0.460185649743179,0.0485791370890297
0.460340714860113,0.0485861834546642
0.460495807137141,0.048593227696252
0.460650926590078,0.0486002698150148
0.460806073421965,0.0486073098203722
0.460961247410187,0.048614347702448
0.461116448695371,0.048621383468027
0.461271677242158,0.0486284171157122
0.461426933031306,0.0486354486449555
0.461582216177038,0.0486424780611895
0.461737526469275,0.0486495053552024
0.461892864016063,0.0486565305322971
0.462048228666192,0.0486635535859158
0.462203620838581,0.0486705745351999
0.462359040265104,0.0486775933681068
0.462514486778764,0.0486846100776806
0.462669960801578,0.0486916246832246
0.462825462052146,0.0486986371721177
0.462980990456,0.0487056475415494
0.463136546408421,0.0487126558095233
0.463292129634937,0.0487196619637663
0.463447740059864,0.0487266660014188
0.463603377953002,0.0487336679348741
0.463759043052048,0.0487406677525236
0.463914735485599,0.0487476654605904
0.464070455071379,0.048754661051167
0.464226202078183,0.0487616545366346
0.464381976581492,0.0487686459204189
0.464537778363268,0.0487756351930596
0.46469360754359,0.0487826223603754
0.464849464024482,0.0487896074182315
0.465005347858369,0.0487965903693236
0.465161258932599,0.0488035712089113
0.465317197566432,0.0488105499515226
0.46547316333732,0.0488175265784775
0.465629156638881,0.0488245011078328
0.465785177404376,0.0488314735366258
0.465941225554827,0.0488384438616994
0.466097300998792,0.0488454120793898
0.466253403858884,0.0488523781954929
0.46640953406001,0.0488593422068849
0.466565691817696,0.0488663041234268
0.466721876955987,0.0488732639374795
0.466878089185659,0.0488802216367282
0.467034329256702,0.0488871772547702
0.467190596358349,0.0488941307555702
0.467346891008139,0.0489010821628507
0.467503213300227,0.048908031480663
0.467659562911112,0.0489149786949717
0.467815940061173,0.0489219238160429
0.467972344636742,0.0489288668390185
0.468128776444624,0.0489358077557932
0.468285236023651,0.0489427465904831
0.468441723000478,0.0489496833265611
0.468598237212217,0.0489566179574693
0.468754778958623,0.048963550496803
0.468911348314329,0.0489704809478782
0.469067945096429,0.0489774093029039
0.469224569449936,0.0489843355686844
0.469381221158327,0.04899125973594
0.469537900358182,0.0489981818111139
0.469694607123917,0.0490051017976515
0.469851341466295,0.0490120196962508
0.470008103106533,0.0490189354950284
0.470164892572483,0.0490258492175571
0.470321709272189,0.0490327608378874
0.470478553660139,0.0490396703766024
0.470635425512648,0.0490465778239063
0.470792324999319,0.0490534831876467
0.470949251897937,0.0490603864583226
0.471106206269065,0.0490672876390442
0.471263188119288,0.0490741867303531
0.471420197597105,0.0490810837389889
0.471577234628567,0.0490879786619108
0.471734299099151,0.0490948714945026
0.471891391262928,0.0491017622481983
0.472048511033388,0.0491086509193407
0.472205658009633,0.0491155374909026
0.472362832636764,0.0491224219828164
0.472520035056273,0.0491293044011579
0.472677265249657,0.049136184745287
0.472834522958442,0.0491430630043466
0.472991808216332,0.0491499391803295
0.473149121081761,0.0491568132760528
0.473306461573274,0.0491636852925611
0.473463829682484,0.0491705552297695
0.473621225270386,0.0491774230819804
0.473778648395085,0.0491842888521142
0.473936099434762,0.0491911525567424
0.474093577952567,0.0491980141770091
0.474251084133396,0.0492048737215366
0.474408617884436,0.0492117311865027
0.474566179340842,0.0492185865780922
0.474723768369136,0.0492254398907526
0.474881385176244,0.0492322911337918
0.475039029458914,0.0492391402943096
0.47519670153359,0.0492459873864491
0.475354401232597,0.0492528324030635
0.475512128607122,0.0492596753467761
0.475669883741405,0.0492665162214743
0.47582766633427,0.0492733550144698
0.475985476750751,0.0492801917419588
0.476143314591589,0.0492870263868427
0.476301180358004,0.0492938589711983
0.476459073865487,0.0493006894870397
0.47661699495673,0.0493075179280683
0.476774943886437,0.0493143443056324
0.476932920665247,0.0493211686202924
0.477090925113809,0.0493279908646721
0.47724895696577,0.0493348110278481
0.477407016774692,0.0493416291339789
0.47756510423882,0.0493484451700384
0.47772321932432,0.0493552591350999
0.477881362306602,0.0493620710412551
0.47803953280155,0.0493688808722138
0.478197731338322,0.0493756886511179
0.478355957502629,0.0493824943602262
0.478514211415725,0.0493892980053184
0.478672493240165,0.0493960995935404
0.478830802570545,0.0494028991078222
0.478989139775589,0.0494096965644558
0.479147504711881,0.0494164919573699
0.479305897483257,0.049423285291371
0.479464318199314,0.0494300765713414
0.47962276668182,0.0494368657899416
0.47978124283504,0.0494436529435652
0.479939746866132,0.0494504380413817
0.480098278588427,0.0494572210756191
0.48025683820776,0.0494640020554301
0.480415425585333,0.0494707809750886
0.480574040688728,0.0494775578336283
0.480732683555385,0.0494843326329671
0.480891354349616,0.0494911053803176
0.481050053149858,0.0494978760791628
0.481208779783253,0.0495046447224513
0.481367534164029,0.0495114113070199
0.481526316442941,0.0495181758396131
0.481685126356057,0.0495249383092871
0.481843964258759,0.0495316987315158
0.482002830080242,0.0495384571033433
0.482161723530976,0.0495452134129294
0.482320645118922,0.0495519676821884
0.482479594381019,0.0495587198915604
0.482638571552612,0.0495654700515896
0.482797576624264,0.04957221816202
0.482956609413634,0.0495789642154937
0.483115670377423,0.0495857082316299
0.483274759223356,0.0495924501981203
0.483433875909511,0.0495991901137343
0.483593020491925,0.0496059279811837
0.483752192802803,0.0496126637936972
0.483911393230582,0.0496193975679669
0.484070621540749,0.0496261292941794
0.484229877931861,0.0496328589811191
0.484389162061306,0.0496395866146325
0.484548474174911,0.0496463122055638
0.484707814289523,0.0496530357547403
0.484867182284231,0.0496597572573921
0.485026578177107,0.0496664767146756
0.485186001875336,0.0496731941230149
0.485345453665877,0.0496799094947443
0.485504933399176,0.0496866228237095
0.485664441071137,0.0496933341101561
0.48582397679257,0.0497000433590201
0.485983540547647,0.0497067505698668
0.486143132228899,0.0497134557385462
0.486302751955792,0.0497201588704229
0.486462399595583,0.0497268599601984
0.486622075284693,0.0497335590139439
0.486781778824582,0.0497402560236201
0.48694151033081,0.0497469509944747
0.48710126994759,0.0497536439327067
0.487261057685513,0.0497603348389394
0.487420873316356,0.0497670237040194
0.48758071688891,0.0497737105304613
0.487740588391512,0.0497803953180568
0.487900488188652,0.0497870780821895
0.488060416179774,0.049793758818725
0.4882203719723,0.0498004375118236
0.488380355681689,0.0498071141668866
0.488540367593463,0.049813788795929
0.488700407668271,0.0498204613973919
0.488860475804882,0.0498271319674305
0.489020571924927,0.049833800503214
0.489180696152905,0.0498404670102493
0.489340848271537,0.049847131479794
0.489501028330336,0.04985379391435
0.489661236666897,0.0498604543280764
0.489821473122755,0.0498671127144902
0.489981737725548,0.0498737690751541
0.49014203030795,0.0498804234035003
0.490302350935036,0.0498870757026416
0.490462699783089,0.0498937259800757
0.490623076778672,0.0499003742329523
0.49078348199054,0.0499070204644557
0.490943915067539,0.0499136646604571
0.491104376192204,0.049920306829014
0.49126486579224,0.0499269469878128
0.491425383320049,0.0499335851144004
0.491585929156184,0.0499402212250733
0.491746503009562,0.0499468553079724
0.491907105096485,0.0499534873724548
0.492067735142663,0.0499601174074665
0.492228393434954,0.0499667454252274
0.492389079919611,0.0499733714236364
0.492549794525583,0.0499799954001313
0.492710537244898,0.0499866173547564
0.492871308266168,0.0499932372955177
0.493032107571957,0.0499998552218682
0.493192934887308,0.0500064711229321
0.493353790229463,0.0500130849999386
0.493514673886732,0.0500196968649137
0.493675585922575,0.0500263067205121
0.493836525872766,0.0500329145481185
0.493997494143527,0.0500395203649072
0.494158490555193,0.050046124163596
0.494319515152691,0.0500527259464319
0.494480568237025,0.0500593257259086
0.494641649544642,0.050065923491423
0.494802758953989,0.0500725192385608
0.49496389659757,0.0500791129731098
0.495125062513067,0.0500857046967998
0.495286256602999,0.0500922944059533
0.495447479046679,0.0500988821082041
0.495608729608103,0.0501054677941864
0.495770008528209,0.0501120514741188
0.49593131574165,0.050118633145496
0.49609265114069,0.0501252128043191
0.496254014741886,0.0501317904516539
0.496415406670474,0.0501383660928472
0.496576826753299,0.0501449397211254
0.496738275139172,0.0501515113429193
0.496899752038936,0.050158080966921
0.497061256967539,0.0501646485737518
0.497222790347748,0.0501712141811007
0.497384352099725,0.0501777777857662
0.497545942195904,0.050184339386993
0.497707560445906,0.0501908989774767
0.497869207014606,0.0501974565642925
0.498030881924034,0.0502040121485098
0.49819258539569,0.050210565739294
0.498354317189458,0.0502171173271649
0.498516077063553,0.0502236669029271
0.498677865479757,0.0502302144855845
0.498839682035074,0.0502367600589576
0.499001527152426,0.0502433036405613
0.499163400331157,0.0502498452103746
0.499325302094713,0.0502563847899951
0.499487232095256,0.0502629223654548
0.499649190454526,0.0502694579421662
0.499811177241454,0.0502759915231162
0.499973192433893,0.050282523107673
0.500135236149228,0.0502890527008471
0.500297308019363,0.0502955802881929
0.500459408145074,0.050302105874311
0.500621536684447,0.0503086294657359
0.500783693930039,0.0503151510742864
0.50094587944878,0.050321670682819
0.501108093590928,0.0503281883059055
0.501270336022675,0.0503347039303526
0.501432606704498,0.0503412175551388
0.50159490604885,0.0503477291969921
0.50175723368463,0.0503542388411727
0.501919589738195,0.0503607464932655
0.502081974358724,0.0503672521594197
0.502244387250549,0.0503737558281037
0.50240682846414,0.050380257501844
0.502569298514117,0.0503867572012982
0.502731796729246,0.050393254899817
0.502894323361455,0.0503997506081682
0.503056878817876,0.0504062443426006
0.503219462612767,0.0504127360839083
0.503382074967648,0.0504192258415129
0.50354471587568,0.0504257136153173
0.503707384968174,0.0504321993910751
0.503870082479102,0.0504386831785958
0.5040328085688,0.0504451649843332
0.50419556304814,0.0504516448010005
0.504358346099367,0.050458122636222
0.504521157873329,0.0504645984961237
0.504683997958566,0.0504710723647129
0.504846866856661,0.0504775442623423
0.505009764095856,0.0504840141704231
0.505172689861692,0.0504904820968909
0.505335644046885,0.0504969480377207
0.50549862691725,0.0505034120037196
0.505661638098988,0.0505098739803317
0.50582467799965,0.0505163339841173
0.505987746359336,0.0505227920049106
0.506150843336245,0.0505292480493963
0.506313968872753,0.0505357021155254
0.506477122977843,0.0505421542039991
0.506640305658953,0.0505486043154165
0.506803516913021,0.0505550524499641
0.506966756777752,0.050561498609429
0.50713002530662,0.0505679427961835
0.507293322277168,0.0505743850018129
0.507456647912104,0.0505808252354832
0.507620002146458,0.0505872634948102
0.50778338492967,0.0505936997781694
0.507946796387085,0.0506001340907974
0.508110236496968,0.0506065664320664
0.50827370506648,0.0506129967947904
0.508437202379167,0.0506194251904587
0.508600728336186,0.0506258516153331
0.508764282912083,0.0506322760687948
0.508927866061292,0.050638698549411
0.509091477860833,0.0506451190605178
0.509255118328827,0.050651537603069
0.509418787535124,0.0506579541800685
0.509582485298039,0.0506643687847311
0.509746211724934,0.0506707814216632
0.509909966687058,0.0506771920861114
0.510073750395607,0.0506836007866492
0.510237562785249,0.0506900075209034
0.510401403808008,0.0506964122873686
0.510565273647686,0.0507028150935064
0.510729172072509,0.050709215930537
0.510893099077904,0.0507156147987603
0.511057054818401,0.0507220117044641
0.511221039569584,0.050728406658478
0.511385052710262,0.0507347996369419
0.511549094665605,0.0507411906570173
0.51171316547075,0.0507475797200812
0.511877264860813,0.0507539668161932
0.512041393170891,0.0507603519587652
0.512205549988338,0.0507667351319926
0.512369735626917,0.0507731163485415
0.512533949969839,0.0507794956040152
0.512698193101692,0.0507858729020413
0.512862464981453,0.0507922482412991
0.513026765553302,0.050798621619983
0.513191094859552,0.0508049930400688
0.51335545311603,0.0508113625101144
0.51351984006576,0.0508177300204196
0.513684255564442,0.050824095565949
0.513848700011907,0.0508304591624392
0.514013173160923,0.0508368208004414
0.514177675330627,0.0508431804926409
0.514342206303632,0.0508495382308213
0.514506765796873,0.0508558940046263
0.514671354234586,0.0508622478307915
0.514835971415496,0.0508685997016306
0.515000617204949,0.0508749496124353
0.51516529209889,0.0508812975825426
0.515329995730228,0.0508876435979061
0.515494728140335,0.0508939876606661
0.51565948941852,0.0509003297745264
0.515824279424909,0.0509066699344017
0.515989098354985,0.0509130081481378
0.516153946240346,0.0509193444171117
0.516318823072621,0.0509256787412898
0.516483728546276,0.0509320111093846
0.516648663007253,0.0509383415350731
0.516813626127497,0.0509446700059631
0.516978618161991,0.0509509965322566
0.517143639064627,0.0509573211123376
0.517308688962562,0.0509636437513571
0.517473767673118,0.0509699644426181
0.517638875451938,0.0509762831962473
0.517804011998924,0.0509826000010221
0.517969177287937,0.0509889148564705
0.518134371776036,0.0509952277802165
0.518299595133945,0.0510015387597892
0.518464847249636,0.0510078477914893
0.518630128309008,0.0510141548827453
0.518795438070986,0.0510204600246254
0.518960776867958,0.0510267632301363
0.519126144560674,0.0510330644941007
0.51929154146912,0.0510393638289793
0.519456967241808,0.0510456612216275
0.519622421856181,0.0510519566717572
0.519787905446782,0.0510582501847768
0.519953417858643,0.0510645417550598
0.520118959153454,0.0510708313853328
0.520284529716533,0.0510771190903455
0.520450129146119,0.051083404855036
0.520615757633196,0.0510896886871711
0.520781414986996,0.051095970579787
0.520947101301716,0.0511022505368533
0.521112816644408,0.0511085285611293
0.52127856093661,0.0511148046499269
0.521444334255714,0.0511210788065078
0.521610136599414,0.0511273510310436
0.521775967752209,0.0511336213157772
0.52194182810059,0.0511398896756271
0.522107717398699,0.0511461561014404
0.522273635887395,0.0511524206026906
0.522439583161034,0.0511586831643799
0.5226055596672,0.0511649438038094
0.522771565167487,0.0511712025120881
0.522937599461548,0.0511774592822026
0.523103662957831,0.0511837141298393
0.523269755427717,0.0511899670464967
0.523435876985534,0.0511962180368869
0.523602027706997,0.0512024671040706
0.523768207439963,0.0512087142426424
0.523934416219697,0.0512149594543337
0.524100654145291,0.0512212027431192
0.524266921085279,0.0512274441043506
0.52443321740761,0.0512336835520927
0.524599542470906,0.0512399210625968
0.524765896858871,0.0512461566582708
0.52493228016247,0.0512523903238625
0.525098692536623,0.0512586220656811
0.525265133938655,0.051264851882356
0.525431604802261,0.051271079790273
0.525598104358504,0.0512773057609786
0.52576463340674,0.0512835298248865
0.525931191514836,0.0512897519657947
0.52609777875903,0.0512959721871052
0.526264395035857,0.0513021904852758
0.526431040471593,0.0513084068653416
0.526597714994593,0.0513146213248748
0.526764418623707,0.051320833864919
0.526931151428658,0.0513270444883394
0.527097913426909,0.0513332531960367
0.527264704312323,0.0513394599770299
0.527431524545731,0.0513456648488045
0.52759837407034,0.051351867809264
0.52776525248324,0.051358068843924
0.527932160308355,0.0513642679726468
0.528099097358795,0.0513704651885219
0.528266063718711,0.0513766604950648
0.528433059188012,0.0513828538851998
0.528600083926906,0.0513890453652551
0.528767137801171,0.0513952349305101
0.528934220775594,0.0514014225800646
0.529101333108199,0.0514076083237024
0.529268474436054,0.0514137921482561
0.52943564520572,0.0514199740706195
0.529602845144457,0.0514261540808248
0.529770074374997,0.0514323321838442
0.529937332576731,0.0514385083681975
0.530104620150404,0.051444682649045
0.530271937289733,0.0514508550334952
0.530439283326309,0.0514570254973173
0.530606658677758,0.0514631940565221
0.53077406334643,0.0514693607112338
0.530941497379118,0.0514755254634394
0.531108960739333,0.0514816883120926
0.531276453222311,0.0514878492500773
0.531443974880541,0.0514940082797542
0.531611526059431,0.0515001654139563
0.531779106357545,0.0515063206381493
0.531946716021051,0.0515124739618541
0.532114355250217,0.0515186253925003
0.532282023583061,0.0515247749134807
0.532449721315437,0.0515309225361596
0.53261744824926,0.0515370682534702
0.532785204386704,0.0515432120659157
0.532952989856361,0.0515493539784591
0.533120804531412,0.0515554939867147
0.533288648710672,0.0515616321018842
0.533456522154014,0.0515677683153873
0.533624425003477,0.0515739026328293
0.533792357330614,0.0515800350570222
0.533960318961376,0.051586165581937
0.534128309729817,0.0515922942020116
0.534296330002395,0.0515984209308963
0.534464379571222,0.0516045457611415
0.534632458431935,0.0516106686930239
0.534800566933594,0.0516167897394434
0.534968704806129,0.0516229088907419
0.535136871947744,0.0516290261437443
0.5353050686809,0.0516351415104484
0.535473294643631,0.0516412549779207
0.535641549946752,0.0516473665506863
0.535809834802082,0.0516534762365964
0.53597814890992,0.0516595840250368
0.536146492577023,0.0516656899275253
0.536314865528877,0.0516717939343199
0.536483267998314,0.0516778960542529
0.536651699806272,0.0516839962810628
0.536820161048863,0.0516900946186119
0.536988651670294,0.0516961910651471
0.537157171987809,0.0517022856323642
0.537325721848367,0.0517083783148858
0.537494301068333,0.0517144691065568
0.537662909683747,0.0517205580091123
0.537831547841915,0.0517266450280967
0.538000215294977,0.0517327301548543
0.538168912186678,0.051738813394978
0.538337638685852,0.0517448947547004
0.53850639446605,0.0517509742225624
0.538675179915032,0.0517570518129081
0.53884399491304,0.051763127521527
0.539012839360106,0.0517692013452394
0.539181713258841,0.0517752732845232
0.539350616549607,0.0517813433375621
0.539519549412288,0.0517874115110902
0.53968851213611,0.0517934778155676
0.53985750407993,0.0517995422283334
0.54002652572785,0.0518056047673153
0.540195576953881,0.0518116654280446
0.540364657651608,0.0518177242071186
0.540533767969249,0.0518237811101755
0.540702907692177,0.0518298361298171
0.540872076940928,0.0518358892707505
0.541041275805169,0.0518419405363747
0.541210504115034,0.0518479899209129
0.541379762070316,0.0518540374318467
0.541549049752926,0.0518600830722492
0.541718366801696,0.0518661268296064
0.541887713398194,0.0518721687108799
0.542057089673134,0.0518782087208743
0.542226495736392,0.0518842468636716
0.54239593119126,0.0518902831255176
0.54256539630119,0.0518963175162726
0.54273489091358,0.0519023500306997
0.542904415232789,0.0519083806763843
0.543073969224658,0.0519144094522953
0.543243552639977,0.0519204363499895
0.543413165737762,0.051926461379047
0.543582808644777,0.0519324845440568
0.543752480726855,0.0519385058229541
0.543922182752247,0.0519445252434348
0.544091914216805,0.0519505427876124
0.544261675530162,0.0519565584704665
0.544431466241746,0.0519625722762568
0.544601286860612,0.0519685842234115
0.54477113703375,0.051974594299551
0.54494101716333,0.0519806025192802
0.545110926991687,0.0519866088736443
0.545280866472372,0.0519926133614926
0.545450835467911,0.0519986159783677
0.545620834497037,0.0520046167427838
0.545790862981373,0.0520106156344991
0.545960921116358,0.0520166126610056
0.54613100863557,0.0520226078131945
0.546301125828683,0.0520286011016192
0.546471273163292,0.0520345925426807
0.546641450178897,0.0520405821203243
0.546811656896814,0.0520465698359099
0.546981893177981,0.0520525556849166
0.547152159097592,0.0520585396703478
0.547322455011243,0.0520645218048133
0.547492780476447,0.0520705020729971
0.547663135734897,0.0520764804838843
0.54783352076538,0.0520824570368999
0.548003935902498,0.0520884317439637
0.548174380359729,0.0520944045778894
0.54834485494026,0.052100375567338
0.548515359064275,0.0521063446920157
0.548685893035023,0.0521123119630778
0.548856456855811,0.0521182773807599
0.54902705019601,0.052124240933909
0.549197673546225,0.0521302026400093
0.549368326719131,0.0521361624925728
0.549539009913111,0.0521421204988651
0.549709722576312,0.0521480766400218
0.549880465223953,0.0521540309344855
0.550051237815718,0.0521599833808418
0.550222040168635,0.0521659339730905
0.550392872076649,0.0521718827045575
0.550563733948171,0.0521778295897498
0.550734625937256,0.052183774634
0.550905547514536,0.052189717819279
0.551076498927801,0.0521956591547662
0.551247480061647,0.0522015986366454
0.551418490906732,0.0522075362649495
0.551589531803164,0.0522134720516637
0.551760602443026,0.0522194059862922
0.55193170330352,0.0522253380857101
0.552102833950483,0.05223126833504
0.552273994394511,0.0522371967352276
0.552445184785806,0.0522431232917323
0.552616405009449,0.0522490480008152
0.552787654953759,0.0522549708590182
0.552958934754076,0.0522608918713431
0.553130244607379,0.0522668110447327
0.553301584428223,0.0522727283764338
0.553472954269202,0.0522786438686041
0.553644354079283,0.0522845575197858
0.553815783735166,0.0522904693261093
0.553987243213864,0.0522963792871748
0.554158732827419,0.0523022874139355
0.554330252501229,0.0523081937039423
0.554501801897757,0.0523140981460416
0.554673381082329,0.0523200007429817
0.554844990408704,0.0523259015070595
0.555016629533175,0.0523318004266376
0.555188298672237,0.0523376975095889
0.555359997564666,0.0523435927472074
0.55553172669448,0.0523494861563912
0.555703485843802,0.0523553777297404
0.555875275013438,0.0523612674677186
0.556047094223289,0.0523671553713211
0.556218943281214,0.0523730414343247
0.556390822238444,0.0523789256588857
0.556562731369685,0.0523848080545713
0.556734670507991,0.0523906886158444
0.556906639645218,0.0523965673428322
0.557078638771222,0.0524024442355092
0.557250667919553,0.0524083192953123
0.557422727049537,0.0524141925211433
0.557594816455351,0.0524200639232593
0.557766935866392,0.0524259334926428
0.557939085081912,0.0524318012229919
0.558111264539568,0.0524376671295005
0.558283473991492,0.0524435312038297
0.558455713406562,0.0524493934453726
0.558627983114822,0.0524552538655706
0.55880028270145,0.0524611124505513
0.558972612588588,0.0524669692150717
0.559144972285669,0.0524728241426816
0.559317362158587,0.0524786772462749
0.55948978218436,0.0524845285251546
0.559662232471568,0.0524903779832676
0.559834712609547,0.0524962256070705
0.560007222817719,0.0525020714044838
0.560179763097577,0.0525079153757183
0.560352333507884,0.0525137575230229
0.560524933972966,0.0525195978441216
0.560697564998672,0.0525254363562944
0.560870225859364,0.0525312730352524
0.561042916791658,0.0525371078896636
0.561215638068706,0.0525429409288281
0.561388389495576,0.0525487721463414
0.561561170941531,0.0525546015382564
0.561733982563218,0.0525604291101898
0.561906824322919,0.0525662548610787
0.562079696219556,0.052572078791199
0.562252598353164,0.0525779009041819
0.562425530328031,0.0525837211870789
0.562598492868953,0.052589539664564
0.562771485262402,0.0525953563127378
0.562944508159316,0.0526011711539827
0.563117561225122,0.0526069841770901
0.563290644505328,0.0526127953840666
0.563463758148981,0.0526186047801517
0.563636901660408,0.0526244123490921
0.563810075515257,0.0526302181072725
0.563983279370597,0.0526360220433194
0.564156513676207,0.0526418241726311
0.564329778041548,0.0526476244822903
0.564503072785671,0.052653422983394
0.564676397839986,0.0526592196737866
0.564849752964255,0.0526650145458532
0.565023138482181,0.052670807610753
0.565196554176598,0.0526765988614049
0.565370000104491,0.0526823883001129
0.565543476408414,0.0526881759318521
0.565716982807044,0.0526939617475405
0.565890519520176,0.0526997457548966
0.566064086527931,0.0527055279534291
0.566237684213882,0.0527113083560803
0.566411311755127,0.0527170869358105
0.566584969749585,0.0527228637131142
0.56675865794464,0.0527286386796169
0.566932376563206,0.0527344118430762
0.567106125639468,0.052740183204783
0.567279904935013,0.0527459527571762
0.567453714227987,0.0527517204934163
0.567627554295175,0.0527574864394388
0.567801424438902,0.052763250572157
0.567975324845201,0.0527690128983825
0.568149255884686,0.0527747734304667
0.568323216976906,0.0527805321494449
0.568497208435383,0.0527862890662335
0.568671230347531,0.0527920441838075
0.568845282789385,0.0527977975048809
0.569019365556807,0.0528035490230328
0.569193478229451,0.0528092987249519
0.56936762165201,0.0528150466387865
0.569541795539576,0.0528207927550027
0.569715999625233,0.0528265370653394
0.569890234082858,0.0528322795759491
0.570064498817973,0.0528380202839399
0.570238794281524,0.0528437592043463
0.570413119962597,0.0528494963205458
0.570587475870948,0.0528552316334606
0.570761862502605,0.0528609651595345
0.57093627946434,0.0528666968859587
0.571110727034509,0.0528724268223125
0.571285204500059,0.0528781549455664
0.571459712852279,0.0528838812886355
0.571634251572145,0.0528896058343649
0.571808820716074,0.0528953285851724
0.571983420202148,0.0529010495386851
0.572158050429395,0.052906768708176
0.572332710903858,0.0529124860776898
0.572507402067014,0.0529182016621147
0.572682123512701,0.0529239154483424
0.572856875361125,0.0529296274407876
0.573031657904259,0.0529353376491187
0.573206470829853,0.0529410460633462
0.573381314038845,0.0529467526807511
0.573556187773987,0.0529524575095298
0.573731092294111,0.0529581605581729
0.57390602724484,0.0529638618153783
0.574080992861038,0.0529695612892361
0.574255988822589,0.0529752589695992
0.574431015591632,0.0529809548718339
0.57460607275938,0.0529866489827985
0.574781160380244,0.0529923413047727
0.574956278604897,0.0529980318428703
0.57513142733265,0.0530037205940427
0.575306606548906,0.0530094075581654
0.575481816348029,0.0530150927385705
0.575657056876052,0.0530207761401776
0.57583232784014,0.0530264577537932
0.576007629407332,0.0530321375852464
0.5761829615544,0.0530378156339895
0.576358324210571,0.0530434918980519
0.576533717310333,0.0530491663756668
0.57670914110708,0.0530548390752715
0.576884595605914,0.053060509997164
0.577060080692387,0.0530661791379697
0.577235596487291,0.0530718465019198
0.577411143038084,0.0530775120907584
0.577586720030247,0.0530831758947082
0.577762327371767,0.0530888379113127
0.577937965578221,0.0530944981573592
0.578113634276945,0.0531001566209311
0.578289333505502,0.0531058133037257
0.578465063567557,0.0531114682156933
0.578640824354372,0.0531171213534779
0.578816615389318,0.0531227727022677
0.578992437394985,0.0531284222856275
0.579168289889291,0.0531340700880919
0.579344172945118,0.0531397161125358
0.579520087069943,0.0531453603753388
0.579696031941662,0.0531510028662608
0.579872007111478,0.0531566435715503
0.580048013118438,0.0531622825088763
0.58022404997517,0.053167919678602
0.580400117128415,0.0531735550634612
0.580576215243876,0.0531791886851583
0.58075234406763,0.0531848205355533
0.580928503495436,0.0531904506117718
0.581104693433223,0.0531960789112041
0.581280914562817,0.0532017054557384
0.581457166513969,0.0532073302335646
0.581633449381324,0.0532129532481816
0.581809762603468,0.0532185744821382
0.581986106697573,0.0532241939523637
0.582162481096024,0.0532298116409407
0.582338886631698,0.0532354275747054
0.582515322900745,0.0532410417407344
0.582691789909871,0.0532466541397519
0.582868287852153,0.0532522647781409
0.583044816711886,0.0532578736555838
0.583221376421573,0.0532634807702609
0.583397966533757,0.0532690861084509
0.583574587627466,0.053274689688887
0.58375123945975,0.0532802915038802
0.583927921897708,0.05328589154967
0.584104635300733,0.0532914898378945
0.584281379378287,0.0532970863595202
0.584458154416989,0.0533026811239746
0.584634960049056,0.0533082741198717
0.584811796601686,0.0533138653579478
0.584988664178587,0.0533194548415495
0.585165562533415,0.0533250425631953
0.585342491525847,0.0533306285189417
0.585519451477652,0.0533362127192142
0.58569644214803,0.0533417951565861
0.585873463738221,0.053347375837753
0.586050516150893,0.0533529547598538
0.586227599509791,0.0533585319270854
0.586404713914749,0.0533641073427798
0.58658185901634,0.0533696809962866
0.586759034928492,0.0533752528916485
0.586936242008444,0.0533808230402034
0.587113479770163,0.0533863914269058
0.587290748521382,0.0533919580618881
0.587468048442977,0.0533975229508884
0.587645378836822,0.053403086072402
0.587822740612448,0.0534086474553535
0.588000132777898,0.0534142070687339
0.588177555945566,0.0534197649323685
0.588355010057387,0.0534253210444003
0.588532495568004,0.0534308754192053
0.588710011769036,0.0534364280348881
0.588887558978246,0.0534419789019887
0.589065136878905,0.0534475280108301
0.5892427458172,0.0534530753725618
0.589420385730853,0.0534586209853384
0.589598056802329,0.0534641648551047
0.589775758925758,0.0534697069787825
0.589953492022259,0.0534752473542911
0.59013125560087,0.0534807859668299
0.590309050784076,0.0534863228515597
0.590486876859713,0.053491857986169
0.59066473357282,0.0534973913634867
0.590842621529618,0.0535029230026268
0.591020540440082,0.0535084528945889
0.591198490257078,0.0535139810383583
0.59137647134178,0.0535195074453566
0.591554483253187,0.0535250321021127
0.591732526176387,0.0535305550148434
0.591910599871791,0.0535360761763811
0.592088705089952,0.0535415956101542
0.59226684113385,0.0535471132946466
0.592445008313132,0.0535526292400289
0.592623206734017,0.053558143449684
0.592801435860599,0.0535636559074214
0.592979696098437,0.0535691666262413
0.593157987638041,0.0535746756120209
0.593336309895654,0.0535801828470733
0.593514663534933,0.0535856883522952
0.593693048253733,0.0535911921183732
0.593871464028748,0.0535966941450395
0.594049910996236,0.0536021944367629
0.594228388867624,0.0536076929849472
0.594406898155089,0.0536131898056454
0.594585438298507,0.0536186848817866
0.594764009901021,0.0536241782323304
0.594942612253246,0.053629669835639
0.595121245922959,0.0536351597096552
0.595299910475047,0.053640647841117
0.595478606251559,0.0536461342409274
0.595657333489968,0.0536516189163923
0.595836091746871,0.0536571018541921
0.596014881151699,0.0536625830588001
0.596193701713695,0.0536680625307181
0.596372553498369,0.0536735402721967
0.596551436683455,0.0536790162888644
0.596730350853743,0.0536844905683288
0.596909295973145,0.0536899631100161
0.597088272447894,0.0536954339265173
0.597267280019814,0.0537009030100589
0.597446318744127,0.053706370362725
0.597625388638582,0.0537118359853085
0.597804489982237,0.0537172998865026
0.597983622403275,0.0537227620552102
0.59816278595558,0.0537282224935512
0.598341980999274,0.0537336812126444
0.598521207503034,0.053739138211618
0.598700465097944,0.0537445934796633
0.598879753739581,0.053750047015945
0.599059073592331,0.0537554988257144
0.599238424865183,0.0537609489154268
0.599417807502934,0.0537663972835719
0.599597221328976,0.0537718439251576
0.599776666439254,0.0537772888434556
0.599956142763474,0.0537827320365812
0.60013565013525,0.0537881734998532
0.600315189118953,0.0537936132505626
0.600494759246069,0.0537990512746221
0.600674360682072,0.0538044875775264
0.600853993476312,0.0538099221609546
0.601033657525156,0.0538153550220493
0.601213352903978,0.0538207861634033
0.60139307972903,0.0538262155887313
0.601572837889488,0.0538316432949345
0.601752627548951,0.0538370692872437
0.601932448415784,0.0538424935571476
0.602112300527514,0.0538479161062058
0.602292184340093,0.0538533369482757
0.602472099099887,0.0538587560609046
0.602652045284767,0.0538641734590231
0.602832022798674,0.053869589139787
0.603012031601876,0.053875003102323
0.603192072042027,0.0538804153572775
0.60337214378986,0.0538858258949434
0.603552246797279,0.0538912347143553
0.603732381492315,0.0538966418285454
0.603912547191963,0.0539020472172647
0.604092744622774,0.0539074509027301
0.604272973362446,0.0539128528722951
0.604453233491445,0.0539182531288428
0.60463352510691,0.0539236516754978
0.604813848051602,0.0539290485078184
0.604994202233311,0.0539344436234353
0.605174588377245,0.053939837044136
0.605355005583139,0.0539452287431637
0.605535454145222,0.0539506187299886
0.605715934264223,0.053956007010672
0.605896445716912,0.0539613935787627
0.6060769884294,0.0539667784324759
0.606257563152435,0.0539721615942819
0.60643816878775,0.053977543031651
0.606618806180923,0.0539829227703899
0.606799475160632,0.0539883008052798
0.60698017557683,0.0539936771322545
0.607160907313994,0.0539990517482876
0.607341670666832,0.0540044246623897
0.607522465415035,0.054009795868189
0.607703291689924,0.0540151653699326
0.607884149762779,0.0540205331757982
0.608065039135181,0.0540258992712773
0.608245960210635,0.0540312636687666
0.608426912720793,0.0540366263604578
0.60860789686351,0.0540419873525627
0.608788912391948,0.0540473466380186
0.608969959354179,0.0540527042186355
0.609151037951166,0.0540580601005415
0.609332148136388,0.0540634142825286
0.609513289732172,0.0540687667596967
0.60969446301376,0.054074117540469
0.609875668011165,0.0540794666258467
0.610056904598053,0.0540848140123976
0.610238172667529,0.054090159697355
0.610419472318335,0.0540955036839362
0.610600803564139,0.0541008459727542
0.610782166344236,0.0541061865622986
0.610963560922311,0.0541115254605536
0.611144987072612,0.0541168626610774
0.611326444792357,0.0541221981641869
0.611507934417744,0.054127531979944
0.611689455626901,0.0541328640990796
0.611871008429822,0.0541381945223343
0.612052592813707,0.0541435232496102
0.612234208647072,0.0541488502773607
0.612415856203488,0.0541541756138542
0.612597535340202,0.0541594992550657
0.612779246367696,0.0541648212103377
0.612960989134942,0.0541701414754049
0.613142763332619,0.0541754600416683
0.613324569354764,0.0541807769209837
0.613506406971061,0.0541860921067424
0.613688276107076,0.0541914055971758
0.613870176997573,0.0541967173993819
0.614052109848686,0.0542020275194549
0.614234074116135,0.0542073359418365
0.614416070310046,0.0542126426818227
0.614598098050474,0.0542179477284584
0.614780157678222,0.0542232510920334
0.614962249144198,0.0542285527712308
0.615144372139658,0.05423385275745
0.615326526981014,0.0542391510602461
0.615508713468348,0.0542444476739648
0.615690931893838,0.0542497426073766
0.615873181913025,0.0542550358506971
0.616055463711394,0.0542603274097072
0.616237777429296,0.0542656172886136
0.616420122671156,0.054270905476249
0.616602499757673,0.0542761919822957
0.616784908569535,0.0542814768034315
0.616967349434661,0.054286759949378
0.617149821935052,0.0542920414082611
0.617332326394046,0.0542973211898362
0.617514862612203,0.0543025992885019
0.617697430559221,0.0543078757037608
0.617880030364655,0.0543131504396049
0.618062662015857,0.0543184234958659
0.618245325474998,0.054323694871735
0.618428020488453,0.0543289645602597
0.618610747492412,0.0543342325742873
0.618793506442678,0.054339498912587
0.618976297355078,0.0543447635758968
0.619159119995346,0.0543500265578155
0.619341974517237,0.054355287863122
0.619524860965646,0.0543605474932832
0.619707779364651,0.0543658054492196
0.619890729727728,0.0543710617315739
0.620073711692098,0.0543763163302989
0.620256725742786,0.0543815692596335
0.620439771498571,0.0543868205087584
0.620622849130825,0.0543920700829924
0.620805958674327,0.054397317983503
0.620989100249511,0.0544025642139437
0.621172273601753,0.0544078087673051
0.621355479135005,0.0544130516554354
0.621538716308727,0.0544182928630908
0.62172198578349,0.0544235324095133
0.621905286969985,0.0544287702779625
0.622088619899555,0.0544340064698932
0.622271984842744,0.0544392409932054
0.622455381819406,0.0544444738485673
0.622638810675042,0.0544497050318663
0.62282227161375,0.0544549345492165
0.623005764503381,0.0544601623970561
0.623189289245619,0.054465388572949
0.623372846270012,0.0544706130893192
0.623556435255534,0.0544758359371667
0.623740055802594,0.0544810571056807
0.623923708652499,0.0544862766161952
0.624107393762273,0.0544914944673699
0.624291110746461,0.0544967106486501
0.624474859801211,0.0545019251660342
0.624658640705406,0.0545071380134835
0.624842453928812,0.0545123492045493
0.625026299253158,0.0545175587331284
0.625210176178275,0.0545227665855737
0.625394085068743,0.0545279727726334
0.625578026236723,0.0545331773031093
0.62576199936163,0.0545383801681077
0.625946004656014,0.0545435813740124
0.626130041939593,0.0545487809159467
0.626314111156395,0.0545539787927037
0.626498212390537,0.0545591750069279
0.626682345875698,0.0545643695653576
0.626866511417193,0.0545695624626964
0.627050709117399,0.0545747537021707
0.627234938895123,0.0545799432817385
0.627419200891223,0.0545851312056325
0.627603494894844,0.0545903174681729
0.627787820974663,0.0545955020716443
0.627972179249418,0.0546006850195782
0.628156569707835,0.0546058663118566
0.628340992117299,0.0546110459422811
0.628525446750066,0.054616223918802
0.628709933733996,0.0546214002450914
0.628894452991469,0.0546265749191877
0.629079004344175,0.0546317479364578
0.629263587545722,0.0546369192904344
0.629448203021619,0.054642088993294
0.629632850666077,0.0546472570421322
0.6298175304358,0.0546524234360547
0.630002242641141,0.0546575881839387
0.63018698686548,0.0546627512743668
0.630371763294618,0.0546679127129544
0.630556572199716,0.0546730725073688
0.630741413321026,0.054678230650553
0.630926286476917,0.0546833871378923
0.631111191705469,0.0546885419708008
0.631296129378599,0.0546936951597657
0.631481099207187,0.0546988466968733
0.631666101180093,0.0547039965822243
0.631851135593727,0.0547091448242561
0.63203620212166,0.0547142914140873
0.632221300849133,0.0547194363544908
0.632406431996238,0.0547245796517407
0.632591595535805,0.0547297213052325
0.63277679139278,0.054734861313182
0.632962019581557,0.0547399996762961
0.633147279744828,0.0547451363850243
0.633332572396089,0.05475027145389
0.633517897184366,0.0547554048732573
0.633703254198077,0.0547605366459752
0.633888643511551,0.054765666774296
0.634074065586408,0.0547707952710717
0.634259519670386,0.0547759221157463
0.634445006041162,0.0547810473165665
0.634630524836071,0.0547861708774145
0.634816075756318,0.054791292790299
0.635001659244953,0.0547964130677264
0.635187275093774,0.0548015317040496
0.635372923138614,0.054806648695152
0.635558603707001,0.0548117640503159
0.635744316628184,0.0548168777649779
0.635930062027584,0.0548219898428962
0.636115839637033,0.0548271002769717
0.636301649685016,0.0548322090738141
0.636487491821084,0.0548373162240315
0.636673366419453,0.0548424217382207
0.636859273839573,0.054847525626213
0.637045213360311,0.0548526278684945
0.637231185219081,0.0548577284721468
0.637417189819183,0.0548628274482611
0.637603226621941,0.054867924782268
0.637789296038241,0.0548730204858386
0.637975397679463,0.0548781145485027
0.638161532107785,0.0548832069859296
0.638347698632181,0.0548882977793924
0.638533897761904,0.0548933869432676
0.638720129570345,0.0548984744795456
0.638906393690222,0.0549035603785098
0.639092690097893,0.0549086446399723
0.639279019018992,0.0549137272702925
0.639465380353869,0.0549188082669097
0.639651774422975,0.0549238876387649
0.639838200670014,0.0549289653709591
0.64002465934593,0.0549340414707911
0.640211150735969,0.0549391159460751
0.640397674632219,0.0549441887913154
0.640584231105498,0.0549492600087836
0.640770820010965,0.0549543295948168
0.640957441556527,0.0549593975553316
0.641144095404569,0.0549644638814098
0.641330782186414,0.0549695285904238
0.641517501366181,0.0549745916679326
0.641704252790436,0.0549796531103404
0.641891037026097,0.0549847129331878
0.642077853643822,0.0549897711249248
0.64226470295828,0.0549948276944408
0.642451585227971,0.0549998826487644
0.642638499756443,0.0550049359693872
0.642825446761532,0.0550099876627478
0.64301242654374,0.0550150377370287
0.643199438703209,0.0550200861816307
0.643386483534364,0.0550251330048642
0.643573561272087,0.0550301782131109
0.643760671273495,0.0550352217893516
0.643947814107086,0.0550402637493278
0.644134989394382,0.0550453040829267
0.644322197481825,0.0550503427998056
0.644509438213639,0.055055379895904
0.644696711537951,0.0550604153701691
0.64488401756044,0.0550654492256962
0.645071356074772,0.0550704814571975
0.645258727184079,0.0550755120677625
0.645446131085067,0.0550805410628135
0.645633567850314,0.0550855684444268
0.645821037290803,0.0550905942078087
0.646008539546739,0.0550956183570364
0.64619607452977,0.0551006408899598
0.646383641798694,0.0551056617951834
0.646571242025378,0.055110681090965
0.646758874763804,0.0551156987654072
0.646946540303008,0.0551207148266114
0.647134238355791,0.0551257292670995
0.647321969362739,0.0551307420989012
0.647509733209481,0.0551357533190334
0.647697529906077,0.0551407629280717
0.64788535916324,0.0551457709186428
0.648073221220841,0.0551507772974712
0.648261116258166,0.0551557820694147
0.64844904383833,0.0551607852231149
0.648637003989676,0.0551657867597851
0.648824996948633,0.0551707866858845
0.649013022645297,0.0551757849996886
0.649201081359023,0.0551807817088227
0.649389172834567,0.0551857768066984
0.649577297057234,0.0551907702933106
0.649765454371714,0.0551957621779794
0.649953644046894,0.055200752441595
0.650141866544211,0.055205741096867
0.650330121889374,0.0552107281444908
0.650518410161982,0.0552157135867689
0.650706731583347,0.0552206974297152
0.650895085283104,0.0552256796506946
0.651083472379835,0.0552306602796594
0.651271892051627,0.0552356392948191
0.651460344807927,0.0552406167101266
0.651648830479949,0.0552455925211924
0.651837348523204,0.0552505667141162
0.65202589984816,0.0552555393131798
0.652214483598546,0.0552605102958378
0.652403100687733,0.0552654796865553
0.652591750726967,0.0552704474750186
0.652780433401369,0.055275413653456
0.65296914903974,0.0552803782308478
0.653157897589419,0.0552853412059054
0.653346679193592,0.0552903025826162
0.653535493454435,0.0552952623508172
0.653724341202691,0.0553002205325407
0.653913221617525,0.0553051771063161
0.654102135332678,0.0553101320892409
0.654291081337925,0.0553150854550598
0.654480060605813,0.0553200372297145
0.654669072781272,0.0553249874037719
0.654858117935142,0.0553299359794646
0.65504719610136,0.055334882957896
0.655236306992347,0.0553398283318508
0.655425451057613,0.0553447721133421
0.655614628307367,0.0553497143026612
0.655803838377337,0.0553546548906328
0.65599308165265,0.0553595938876411
0.656182357810775,0.0553645312854228
0.656371666810922,0.0553694670833199
0.656561008954635,0.0553744012893743
0.656750384362445,0.0553793339067853
0.656939792650778,0.0553842649258543
0.657129233590816,0.0553891943411276
0.657318708038494,0.055394122174993
0.657508215330249,0.0553990484101977
0.657697755878601,0.0554039730579095
0.657887329443963,0.0554088961120348
0.658076935912563,0.0554138175700066
0.658266575604805,0.0554187374403533
0.658456248442805,0.0554236557211626
0.658645954229741,0.0554285724076627
0.658835693117606,0.0554334875040944
0.659025464885657,0.0554384010049685
0.659215270141609,0.055443312926193
0.659405108405553,0.0554482232554339
0.659594979567845,0.05545313199036
0.659784883983014,0.0554580391403459
0.659974821532492,0.0554629447024243
0.660164792265657,0.0554678486781524
0.66035479628979,0.0554727510704978
0.660544833081204,0.0554776518662884
0.660734903255024,0.0554825510817102
0.660925006602161,0.0554874487113786
0.661115143218075,0.0554923447580601
0.661305313025564,0.0554972392199971
0.661495515880681,0.0555021320938068
0.661685751781475,0.0555070233797506
0.661876020856916,0.0555119130813432
0.662066323408186,0.0555168012064123
0.662256658966465,0.0555216877431431
0.662447027855299,0.0555265727002233
0.662637430019111,0.0555314560763406
0.662827865298509,0.0555363378677126
0.663018333824711,0.0555412180779889
0.663208835575788,0.0555460967067908
0.663399370598172,0.0555509737555401
0.663589939015248,0.0555558492275817
0.663780540548751,0.0555607231160581
0.663971175502432,0.0555655954290285
0.664161843578508,0.0555704661590633
0.664352545179451,0.0555753353167102
0.664543279722235,0.0555802028872959
0.664734047721979,0.0555850688843345
0.664924849120633,0.0555899333063602
0.665115683511161,0.0555947961433644
0.665306551410522,0.0555996574088163
0.66549745240638,0.0556045170923204
0.665688386987257,0.0556093752066041
0.665879355173417,0.0556142317521951
0.666070356247827,0.0556190867112877
0.666261390930612,0.0556239401025792
0.666452458868903,0.0556287919171
0.666643560154205,0.0556336421575377
0.666834694336115,0.0556384908127844
0.667025862346459,0.0556433379066631
0.66721706363929,0.0556481834252761
0.667408298364783,0.0556530273728787
0.667599566460729,0.0556578697481008
0.667790867751947,0.0556627105468196
0.667982202406113,0.05566754977355
0.668173570593939,0.0556723874327166
0.668364972389325,0.0556772235263204
0.668556407131274,0.05568205803805
0.668747875619778,0.0556868909884432
0.668939377540043,0.0556917223695047
0.66913091297538,0.0556965521836884
0.669322482109869,0.0557013804358016
0.669514084301378,0.0557062071099904
0.669705719959133,0.0557110322169892
0.669897389093809,0.0557158557571059
0.670089091749186,0.0557206777316429
0.670280827572984,0.055725498132051
0.670472597135665,0.0557303169729178
0.670664399831399,0.0557351342391517
0.670856236086687,0.055739949941859
0.671048106004495,0.0557447640836402
0.671240009264061,0.0557495766567163
0.671431946357458,0.0557543876736895
0.671623916980576,0.055759197127038
0.671815921003075,0.0557640050139124
0.672007958630186,0.0557688113397027
0.672200029687122,0.0557736161002157
0.672392134206553,0.0557784192965683
0.672584272345969,0.055783220932872
0.672776443831451,0.0557880210025107
0.67296864901209,0.0557928195144687
0.673160887649282,0.0557976164629271
0.673353160018148,0.0558024118550181
0.67354546601893,0.0558072056883963
0.67373780557094,0.0558119979613552
0.67393017884859,0.0558167886784738
0.674122585615586,0.0558215778340868
0.674315026033843,0.0558263654325218
0.674507499598015,0.0558311514615007
0.674700006970794,0.0558359359377772
0.674892547951529,0.0558407188563389
0.675085122450696,0.0558455002152996
0.675277730809501,0.0558502800233272
0.675470373049853,0.0558550582810412
0.675663048842259,0.0558598349805891
0.675855758005634,0.055864610117928
0.676048501060572,0.0558693837061349
0.676241277745639,0.0558741557387875
0.676434088016032,0.055878926215133
0.676626932082671,0.0558836951405937
0.676819809786917,0.0558884625114225
0.67701272101208,0.0558932283250676
0.677205666070833,0.0558979925894572
0.677398644867549,0.0559027553023404
0.677591657427681,0.055907516464612
0.677784703538429,0.0559122760713074
0.677977783533385,0.0559170341308924
0.678170897275948,0.0559217906401158
0.678364045013289,0.0559265456052921
0.67855722591029,0.0559312990062098
0.678750440678131,0.0559360508607881
0.678943689093744,0.0559408011635002
0.679136971546334,0.0559455499241209
0.679330287812726,0.0559502971372892
0.679523637651429,0.0559550427974794
0.679717021216497,0.0559597869087814
0.679910438531365,0.0559645294719192
0.680103889459074,0.0559692704837783
0.68029737463102,0.0559740099599556
0.680490893387204,0.0559787478844061
0.680684446000199,0.055983484264266
0.680878032271255,0.0559882190948438
0.681071652764705,0.0559929523901036
0.681265306764805,0.0559976841327133
0.681458994508115,0.0560024143289436
0.681652716119574,0.0560071429819394
0.681846472095673,0.0560118701038489
0.682040261855044,0.0560165956806534
0.682234085298771,0.0560213197104714
0.682427942337017,0.0560260421914235
0.682621833586665,0.056030763138626
0.682815758616707,0.0560354825416357
0.683009717210143,0.0560402003956458
0.683203710063134,0.0560449167177405
0.683397736599823,0.0560496314939783
0.683591797312533,0.0560543447366771
0.683785891516148,0.0560590564293967
0.683980020065333,0.0560637665931912
0.6841741824708,0.0560684752161658
0.684368378543189,0.0560731822942194
0.684562608982325,0.056077887844456
0.684756873298821,0.0560825918550561
0.684951171456432,0.0560872943255989
0.685145503461627,0.056091995256491
0.685339869634886,0.0560966946556173
0.685534269697516,0.0561013925163879
0.685728703576375,0.056106088837404
0.685923171368222,0.0561107836212399
0.686117673564019,0.0561154768797954
0.686312209617951,0.05612016860005
0.686506779548583,0.0561248587829231
0.686701383817236,0.0561295474396451
0.686896021923392,0.056134234558301
0.687090694057968,0.0561389201438863
0.687285400119969,0.056143604194142
0.687480140184194,0.0561482867111064
0.687674914360225,0.0561529676975746
0.687869722825492,0.0561576471579391
0.688064565034993,0.0561623250793995
0.688259441107767,0.0561670014652545
0.688454351339751,0.056171676322697
0.688649295764114,0.0561763496525921
0.688844274540635,0.0561810214589401
0.68903928691331,0.0561856917239885
0.689234333635795,0.0561903604661587
0.689429414533386,0.0561950276812052
0.689624529324453,0.0561996933627507
0.689819678317046,0.0562043575184413
0.690014861714683,0.0562090201531765
0.69021007902111,0.0562136812553612
0.690405330702321,0.0562183408364528
0.690600616337788,0.0562229988865482
0.690795936153653,0.0562276554113837
0.690991290116883,0.0562323104103065
0.691186678149765,0.056236963881712
0.691382100457543,0.0562416158306918
0.691577556622124,0.0562462662475306
0.691773047294362,0.0562509151479494
0.691968572078559,0.0562555625225772
0.692164131288036,0.0562602083791762
0.692359724658569,0.0562648527116379
0.692555352256281,0.056269495521856
0.692751013606762,0.056274136798888
0.692946709364842,0.0562787765585183
0.693142439259819,0.0562834147943208
0.693338203717805,0.0562880515166123
0.693534002093284,0.0562926867103176
0.693729834842815,0.0562973203866362
0.693925701808044,0.0563019525418898
0.694121603269649,0.0563065831829262
0.694317538716137,0.0563112122978918
0.694513508489512,0.0563158398952247
0.694709512688869,0.0563204659773132
0.694905551101287,0.0563250905393549
0.695101623837862,0.0563297135842623
0.695297730897293,0.0563343351121795
0.695493872227851,0.0563389551221195
0.695690047925171,0.0563435736165539
0.695886257889836,0.0563481905933446
0.696082501808554,0.056352806045458
0.696278780525866,0.0563574199928959
0.696475093477816,0.0563620324223907
0.696671440404343,0.056366643328361
0.696867821811458,0.0563712527229049
0.697064237814241,0.0563758606086845
0.697260688266991,0.0563804669824838
0.697457172965739,0.0563850718398698
0.697653692001903,0.0563896751832807
0.697850245809093,0.0563942770229416
0.698046833897667,0.0563988773475406
0.6982434564678,0.0564034761621476
0.698440113146032,0.0564080734582611
0.698636804228849,0.0564126692431054
0.698833529980274,0.0564172635228638
0.699030289679023,0.0564218562809656
0.699227083853598,0.0564264475301424
0.69942391262954,0.0564310372732813
0.699620775994851,0.0564356255102575
0.699817673649653,0.0564402122343926
0.70001460580151,0.0564447974508276
0.700211572748889,0.0564493811665679
0.700408573917967,0.0564539633684912
0.700605609729161,0.0564585440667412
0.700802680037084,0.0564631232580163
0.700999784908643,0.0564677009441246
0.701196923809693,0.0564722771129858
0.701394097280247,0.0564768517774357
0.701591305545323,0.0564814249426139
0.701788548423747,0.0564859966044745
0.701985825795939,0.0564905667605845
0.702183137440396,0.0564951354061481
0.702380484103847,0.0564997025585773
0.702577864790795,0.0565042681949729
0.702775280102817,0.0565088323297346
0.702972730250995,0.0565133949676527
0.703170214972588,0.0565179561028338
0.703367734170067,0.0565225157333887
0.7035652882442,0.0565270738687356
0.703762876554785,0.0565316304943054
0.703960499670761,0.056536185623561
0.704158156926506,0.0565407392412976
0.704355849180712,0.0565452913675669
0.704553576051788,0.0565498419935261
0.704751337401392,0.0565543911163987
0.704949133244175,0.0565589387368038
0.705146964162386,0.056563484868188
0.705344829554296,0.056568029496837
0.70554272958273,0.0565725726269247
0.705740664275261,0.0565771142592327
0.705938633492475,0.0565816543907901
0.70613663733628,0.0565861930241752
0.706334676001207,0.0565907301639653
0.706532749341691,0.0565952658069896
0.70673085736065,0.0565997999535926
0.706929000172206,0.0566043326065771
0.70712717769392,0.0566088637642431
0.707325389870362,0.0566133934255842
0.707523636869524,0.0566179215946377
0.707721918477048,0.0566224482666989
0.707920234970484,0.0566269734483376
0.708118586366832,0.056631497140034
0.708316972244445,0.0566360193324803
0.708515392817699,0.0566405400309043
0.708713848216465,0.0566450592383481
0.708912338599255,0.0566495769585288
0.709110863211238,0.056654093174597
0.709309422900622,0.0566586079061709
0.709508017416171,0.0566631211474512
0.709706646937582,0.0566676329027872
0.709905311158349,0.0566721431654443
0.710104009973321,0.0566766519334064
0.710302743947381,0.0566811592196076
0.710501512339874,0.0566856650073962
0.710700315681393,0.056690169309186
0.710899153894456,0.0566946721232307
0.711098026972059,0.0566991734496064
0.711296934822803,0.0567036732864864
0.711495877625802,0.0567081716381304
0.71169485533934,0.0567126685037405
0.711893867777715,0.0567171638793936
0.712092915233695,0.0567216577719201
0.712291997627806,0.0567261501796335
0.712491114992857,0.0567306411035072
0.712690266876157,0.0567351305336415
0.71288945387805,0.0567396184838197
0.713088675954297,0.0567441049530083
0.713287932835537,0.0567485899354288
0.713487224768418,0.0567530734369051
0.713686551418615,0.0567575554501062
0.713885913094865,0.0567620359822399
0.714085309627519,0.0567665150296129
0.714284741100907,0.0567709925943697
0.71448420762477,0.0567754686791214
0.714683708946139,0.0567799432784147
0.714883245653798,0.0567844164056269
0.715082817158803,0.0567888880476675
0.715282423666369,0.0567933582095393
0.715482065056869,0.056797826888722
0.715681741474811,0.0568022940886626
0.715881452836398,0.0568067598076483
0.716081199524487,0.0568112240543868
0.716280980900962,0.0568156868148223
0.71648079725499,0.0568201480958171
0.716680648992084,0.0568246079064148
0.716880535595595,0.0568290662352423
0.717080457358335,0.0568335230891855
0.717280414305941,0.0568379784689058
0.717480406273232,0.0568424323709547
0.717680433188879,0.0568468847940383
0.71788049515887,0.0568513357407237
0.718080592661286,0.0568557852216874
0.718280725043049,0.0568602332225737
0.71848089245267,0.0568646797471271
0.718681095090024,0.0568691247998899
0.718881332571947,0.0568735683725566
0.719081605020996,0.0568780104681724
0.719281912739952,0.0568824510935283
0.719482255764173,0.0568868902494716
0.719682633660863,0.0568913279267097
0.719883046934844,0.0568957641366935
0.720083495281899,0.0569001988727638
0.720283979043925,0.0569046321427292
0.720484497667617,0.0569090639345592
0.720685051530252,0.0569134942569321
0.720885640692434,0.0569179231112212
0.721086264925153,0.0569223504925965
0.721286924654581,0.0569267764106619
0.721487619609177,0.0569312008595292
0.721688349770207,0.056935623839106
0.721889114872933,0.0569400453438412
0.72208991574692,0.0569444653921108
0.722290751736707,0.0569488839695041
0.722491622461299,0.0569533010681985
0.722692528659015,0.0569577167046146
0.722893470208497,0.0569621308759994
0.723094446966687,0.0569665435794856
0.723295458982334,0.0569709548164035
0.723496506572426,0.0569753645938219
0.723697589377373,0.0569797729040139
0.723898707567591,0.0569841797510283
0.724099860627454,0.0569885851238273
0.724301049209745,0.0569929890369526
0.724502273024776,0.0569973914840594
0.724703532147212,0.0570017924670726
0.724904826772122,0.0570061919903898
0.725106156598302,0.0570105900476233
0.725307522133043,0.0570149866500614
0.725508922776957,0.057019381784762
0.725710358713174,0.0570237754561208
0.72591182991316,0.0570281676636509
0.726113336970904,0.0570325584203607
0.726314878906076,0.0570369477050817
0.726516456236184,0.0570413355295592
0.726718069197422,0.0570457218988741
0.726919717601541,0.0570501068090668
0.727121401464723,0.0570544902607698
0.727323120805725,0.0570588722545909
0.727524875461429,0.0570632527872178
0.7277266654503,0.0570676318593107
0.727928490988132,0.0570720094756872
0.728130352078994,0.0570763856365409
0.728332248488053,0.0570807603370334
0.728534180279751,0.0570851335788435
0.728736147580541,0.0570895053648491
0.728938150519233,0.0570938756979521
0.729140189001748,0.0570982445762867
0.729342262737984,0.0571026119938903
0.729544372141335,0.0571069779599177
0.729746516948694,0.057111342468776
0.72994869725639,0.0571157055228185
0.73015091310626,0.0571200671231012
0.730353164472171,0.0571244272692422
0.730555451490257,0.057128785964356
0.730757774148905,0.0571331432083403
0.730960132052261,0.0571374989929666
0.731162525379174,0.0571418533223969
0.731364954257478,0.0571462061994704
0.731567419160574,0.0571505576343903
0.731769919296723,0.0571549076103369
0.731972455126869,0.057159256137628
0.732175026577707,0.0571636032147285
0.732377633645102,0.0571679488417663
0.732580276418984,0.057172293020853
0.732782954815311,0.0571766357503703
0.732985668703134,0.0571809770277728
0.733188418395315,0.0571853168599357
0.733391203888775,0.057189655246865
0.733594024655705,0.0571939921775862
0.733796881390152,0.0571983276671873
0.733999773649608,0.0572026617062319
0.734202701436926,0.0572069942951404
0.734405665020211,0.0572113254397736
0.734608664547199,0.0572156551433328
0.734811699499916,0.0572199833950267
0.73501477016555,0.0572243102013191
0.735217876371397,0.0572286355586492
0.735421018515637,0.0572329594756567
0.735624196655618,0.0572372819535861
0.735827409903756,0.0572416029739339
0.736030659249849,0.0572459225580705
0.736233943943738,0.0572502406900238
0.736437265034612,0.0572545573923127
0.736640621766397,0.0572588726488551
0.736844014414791,0.0572631864659324
0.73704744231649,0.0572674988297309
0.737250906125778,0.0572718097544112
0.737454405696644,0.0572761192368377
0.737657941261072,0.0572804272821067
0.737861512899572,0.0572847338920162
0.738065120307036,0.0572890390603532
0.738268763273737,0.0572933427830541
0.738472442133492,0.0572976450673704
0.738676156453725,0.0573019459043121
0.738879906848055,0.0573062453070388
0.739083692997393,0.0573105432688386
0.739287515207338,0.0573148397964017
0.739491372999104,0.0573191348798275
0.739695266922673,0.0573234285309581
0.739899196802908,0.0573277207461272
0.740103162690052,0.0573320115266421
0.740307164208346,0.0573363008648654
0.740511201440864,0.0573405887628616
0.74071527488632,0.0573448752311473
0.740919384360966,0.0573491602658916
0.741123529413556,0.0573534438579904
0.741327710929398,0.057357726026194
0.741531928236749,0.0573620067564163
0.741736181006852,0.057366286042286
0.741940470268825,0.057370563905455
0.742144795202109,0.0573748403287039
0.74234915613394,0.0573791153193076
0.742553553047862,0.0573833888770002
0.74275798600036,0.0573876610031379
0.74296245502117,0.057391931698506
0.743166960142504,0.0573962009639516
0.743371501370473,0.0574004687997821
0.743576078773074,0.0574047352075953
0.743780691488159,0.057409000169769
0.743985340307477,0.0574132637031393
0.744190025489035,0.0574175258128929
0.744394746862448,0.0574217864955942
0.744599503716935,0.0574260457368788
0.744804296855776,0.0574303035537459
0.745009126260044,0.0574345599456799
0.745213991830252,0.0574388149108215
0.745418893052352,0.0574430684388517
0.745623830397084,0.057447320539823
0.745828803896366,0.0574515712143882
0.746033813650164,0.057455820464762
0.746238859418464,0.0574600682861815
0.746443941654825,0.0574643146882284
0.746649059779719,0.0574685596590539
0.746854213771012,0.0574728031986137
0.747059404595924,0.0574770453268939
0.747264631361728,0.0574812860254462
0.747469894342217,0.0574855253004035
0.74767519350363,0.0574897631511711
0.747880528730486,0.0574939995755802
0.748085900556252,0.0574982345847444
0.748291308119395,0.0575024681610699
0.748496751854911,0.0575067003139363
0.748702231753381,0.0575109310431686
0.748907747889783,0.0575151603504641
0.749113300544754,0.0575193882416936
0.749318888960101,0.0575236147015144
0.749524514212128,0.0575278397522926
0.749730175753813,0.0575320633826926
0.749935873053793,0.0575362855823124
0.750141606541581,0.0575405063602679
0.750347376468896,0.0575447257216722
0.750553182985774,0.0575489436696427
0.750759025416759,0.0575531601906226
0.750964904149591,0.0575573752929187
0.751170819371158,0.0575615889803519
0.751376770683352,0.0575658012449672
0.751582758310729,0.0575700120916452
0.751788782485184,0.0575742215251754
0.751994842870349,0.0575784295388529
0.752200939646748,0.0575826361366404
0.752407072960064,0.0575868413216002
0.752613242481743,0.0575910450872282
0.752819448409248,0.0575952474378184
0.753025691076317,0.0575994483802074
0.753231969709116,0.0576036478988594
0.753438284405319,0.0576078459962149
0.753644635628197,0.0576120426817358
0.753851023648582,0.0576162379608585
0.754057448005437,0.0576204318243981
0.754263909096885,0.0576246242807286
0.75447040645033,0.0576288153204044
0.754676939769763,0.0576330049378387
0.75488350965091,0.0576371931452707
0.755090116116071,0.0576413799430858
0.755296758879622,0.0576455653257223
0.75550343803423,0.0576497492953326
0.755710154274249,0.0576539318659713
0.755916906574898,0.057658113017054
0.756123695553109,0.0576622927614943
0.756330520859134,0.0576664710922566
0.756537382444396,0.0576706480086671
0.75674428083291,0.0576748235213876
0.756951216170437,0.0576789976333086
0.75715818745662,0.0576831703246029
0.757365195830893,0.0576873416185589
0.75757224028542,0.0576915114948454
0.757779321570816,0.0576956799689584
0.757986439166716,0.0576998470304396
0.758193593407127,0.057704012686299
0.758400784420118,0.0577081769391393
0.758608011941364,0.0577123397838371
0.75881527601811,0.0577165012216128
0.759022576477164,0.0577206612491899
0.759229913488843,0.0577248198701837
0.759437287427954,0.0577289770921371
0.759644697587681,0.0577331329010718
0.759852144500028,0.0577372873079761
0.76005962843998,0.0577414403182828
0.760267148872318,0.0577455919214712
0.760474705973782,0.0577497421214269
0.760682299529266,0.0577538909140141
0.760889929741006,0.0577580383034771
0.761097597100364,0.0577621842996213
0.761305300548431,0.0577663288815314
0.761513041485289,0.0577704720774156
0.76172081871731,0.0577746138633955
0.761928632595581,0.0577787542470062
0.762136483088878,0.0577828932276861
0.762344370073061,0.0577870308031586
0.762552294302118,0.0577911669884822
0.762760254696533,0.057795301762313
0.762968252558109,0.0577994351508316
0.763176287048654,0.0578035671372717
0.763384358230463,0.0578076977233431
0.763592466166327,0.057811826910446
0.763800611009878,0.0578159547017393
0.764008792765381,0.0578200810974208
0.764217011021398,0.0578242060895993
0.764425266179582,0.0578283296864704
0.764633558394913,0.0578324518910952
0.764841886849026,0.0578365726875619
0.76505025227917,0.0578406920907707
0.765258655080496,0.0578448101083509
0.765467094082212,0.0578489267174405
0.765675569958326,0.0578530419318227
0.765884083185991,0.0578571557607402
0.766092632928782,0.0578612681878613
0.766301219782441,0.0578653792252957
0.766509843371404,0.0578694888656873
0.766718504246119,0.0578735971200649
0.766927201624661,0.0578777039731825
0.767135936231044,0.057881809439588
0.767344707811236,0.0578859135142547
0.767553515902264,0.0578900161884369
0.767762361381794,0.0578941174795383
0.767971243247655,0.0578982173679377
0.768180162303637,0.0579023158697672
0.768389118592203,0.0579064129857359
0.768598111772838,0.057910508709393
0.76880714171519,0.0579146030385212
0.769016208908618,0.0579186959828243
0.769225312937362,0.0579227875342366
0.769434453496534,0.0579268776871774
0.76964363164142,0.0579309664623407
0.769852846602113,0.0579350538446222
0.770062098692626,0.0579391398405416
0.770271387888468,0.0579432244497014
0.770480714273856,0.0579473076739069
0.770690077519168,0.0579513895069433
0.770899477590331,0.0579554699484427
0.771108915025477,0.0579595490089556
0.771318389815422,0.0579636266882742
0.771527901466634,0.0579677029770758
0.771737450102632,0.0579717778780956
0.77194703604352,0.0579758513976164
0.772156659180115,0.0579799235335844
0.772366319311571,0.0579839942823509
0.772576016357668,0.0579880636426219
0.772785751167888,0.0579921316308965
0.772995522673237,0.0579961982265283
0.773205331368984,0.0580002634395683
0.773415177138589,0.0580043272677809
0.773625059739847,0.0580083897067173
0.773834979899107,0.0580124507705367
0.774044936794657,0.0580165104434172
0.774254931199658,0.0580205687406098
0.774464962932726,0.0580246256585491
0.774675032300986,0.0580286812033407
0.774885139352658,0.058032735375988
0.775095282976233,0.0580367881554459
0.775305463526815,0.0580408395490558
0.77551568195162,0.0580448895749011
0.775725936773424,0.0580489382046331
0.775936229618401,0.0580529854699124
0.776146559626356,0.0580570313539633
0.776356926516477,0.058061075851907
0.776567330887295,0.058065118975407
0.776777772875008,0.0580691607269955
0.776988252139388,0.0580732011003283
0.777198768818077,0.0580772400983221
0.777409322640829,0.0580812777159712
0.777619913593653,0.0580853139532667
0.777830541747117,0.0580893488117061
0.778041207706463,0.058093382302888
0.778251910963331,0.0580974144171359
0.778462651425813,0.0581014451530631
0.778673429385204,0.0581054745163906
0.778884244680624,0.0581095025041339
0.779095097269789,0.0581135291157096
0.779305986887548,0.0581175543462905
0.779516914093952,0.058121578206698
0.779727879040961,0.0581256006997629
0.779938880603844,0.0581296218043828
0.780149919914239,0.0581336415424577
0.78036099708499,0.0581376599158792
0.780572111495643,0.0581416769130843
0.780783263305621,0.0581456925374782
0.780994452584076,0.0581497067904776
0.781205679698181,0.0581537196791194
0.78141694414402,0.0581577311939704
0.781628246066792,0.0581617413381062
0.78183958543986,0.0581657501111424
0.782050962111713,0.0581697575103993
0.782262376575655,0.0581737635453377
0.782473828441318,0.0581777682086294
0.782685318144508,0.0581817715087386
0.782896845039888,0.0581857734336021
0.783108409802546,0.0581897739962423
0.783320012005799,0.0581937731886081
0.783531652100549,0.0581977710194335
0.783743329494369,0.0582017674776655
0.783955044557122,0.0582057625705771
0.784166796976185,0.0582097562923641
0.784378586618178,0.0582137486407946
0.78459041396046,0.0582177396249671
0.784802279309889,0.0582217292505863
0.785014182467925,0.0582257175140134
0.785226122963674,0.0582297044067333
0.78543810122689,0.0582336899370835
0.785650117338624,0.0582376741065783
0.78586217155256,0.0582416569200653
0.786074262748235,0.0582456383568109
0.786286391970776,0.0582496184367752
0.786498558704316,0.0582535971501731
0.786710762880039,0.0582575744960497
0.786923004973461,0.0582615504834033
0.787135284754105,0.0582655251079519
0.787347602168957,0.0582694983689521
0.787559957072382,0.058273470263893
0.787772350229025,0.0582774408071277
0.78798478121533,0.0582814099907237
0.788197249739705,0.058285377809606
0.788409755778421,0.0582893442636086
0.788622299678216,0.0582933093592898
0.788834881365424,0.0582972730953172
0.789047501340908,0.0583012354811109
0.789260158618228,0.0583051964984863
0.789472854070757,0.0583091561640408
0.789685587388132,0.0583131144719205
0.78989835835783,0.0583170714184741
0.790111166900361,0.0583210270024731
0.790324013429666,0.0583249812317042
0.790536897477349,0.0583289340975638
0.790749819235569,0.0583328856038904
0.790962779768513,0.0583368357703145
0.791175777799241,0.0583407845732045
0.791388813992023,0.0583447320253573
0.791601887977494,0.0583486781199523
0.791814999645734,0.058352622855249
0.79202814902585,0.0583565662319692
0.792241336908486,0.0583605082647148
0.792454562099055,0.0583644489315192
0.79266782586144,0.0583683882560569
0.792881127650308,0.0583723262280996
0.793094467062872,0.0583762628406333
0.793307844684777,0.058380198104652
0.793521260271329,0.0583841320156427
0.793734713457187,0.0583880645671734
0.793948204587254,0.0583919957658075
0.794161733869286,0.0583959256153546
0.794375301365246,0.0583998541170208
0.794588906867975,0.0584037812671832
0.794802550063012,0.0584077070603564
0.795016231784256,0.0584116315119637
0.795229950905694,0.0584155546014134
0.795443708637596,0.0584194763512148
0.795657504791427,0.0584233967576987
0.795871338500422,0.0584273158053637
0.796085210662068,0.0584312335109423
0.796299120268628,0.0584351498560217
0.796513068444102,0.0584390648614349
0.796727054808009,0.0584429785200676
0.796941079282679,0.0584468908307945
0.797155141656422,0.058450801789983
0.797369242616815,0.0584547114102817
0.797583381620791,0.0584586196818014
0.797797558657734,0.058462526604688
0.798011773981817,0.0584664321836895
0.798226027596285,0.0584703364189242
0.79844031875519,0.058474239297095
0.798654648360873,0.0584781408348554
0.798869016085792,0.0584820410261472
0.799083422092219,0.0584859398741436
0.79929786646037,0.0584898373803956
0.799512348673019,0.0584937335357361
0.799726869701629,0.0584976283579493
0.799941428723265,0.0585015218320871
0.800156026046956,0.0585054139641242
0.800370661381557,0.0585093047488923
0.800585334988864,0.0585131941913245
0.800800046837491,0.0585170822909161
0.801014797545291,0.058520969058892
0.801229586237681,0.0585248544795492
0.801444412943461,0.0585287385538558
0.80165927839452,0.058532621295044
0.801874181943292,0.058536502691434
0.802089124441818,0.0585403827586163
0.802304104755908,0.0585442614762167
0.802519123572849,0.0585481388570313
0.802734180893531,0.0585520149009962
0.802949276533378,0.0585558896049592
0.803164410338791,0.0585597629663979
0.803379583055889,0.0585636349988002
0.80359479414362,0.058567505692436
0.803810042927239,0.0585713750356321
0.804025330549663,0.0585752430490839
0.804240656281778,0.0585791097195877
0.804456021177673,0.0585829750662464
0.804671424055036,0.0585868390678859
0.804886865520165,0.0585907017358101
0.805102345381154,0.058594563066571
0.805317863367392,0.0585984230555697
0.805533419804849,0.0586022817088128
0.805749015240897,0.0586061390360252
0.805964649824255,0.0586099950398117
0.80618032187667,0.0586138496906084
0.806396033180334,0.0586177030206368
0.806611782174432,0.0586215550018704
0.806827569733501,0.0586254056503868
0.807043396485489,0.0586292549771295
0.807259261713795,0.0586331029693877
0.807475165174783,0.0586369496232676
0.807691107365371,0.0586407949477655
0.807907088028452,0.0586446389383234
0.808123107477636,0.0586484816006859
0.808339165378144,0.0586523229290124
0.808555262044069,0.0586561629290815
0.808771397021242,0.0586600015929562
0.808987570855473,0.0586638389305159
0.80920378319506,0.0586676749355513
0.809420034314259,0.0586715096131348
0.809636324351755,0.0586753429657604
0.80985265303863,0.0586791749888192
0.810069020312497,0.0586830056814605
0.810285426270449,0.0586868350455504
0.810501871222219,0.0586906630866167
0.810718354472609,0.0586944897925395
0.810934876879401,0.0586983151786896
0.811151437517108,0.0587021392287546
0.811368036398888,0.0587059619433999
0.81158467495696,0.0587097833477618
0.811801352239506,0.0587136034249017
0.812018067950352,0.0587174221701231
0.812234822486578,0.0587212395906077
0.812451615701904,0.0587250556838091
0.812668447877366,0.0587288704548015
0.8128853186314,0.0587326838969982
0.813102228293812,0.0587364960164015
0.813319176618672,0.0587403068087738
0.813536163760773,0.0587441162770231
0.81375319015357,0.0587479244287717
0.813970255288765,0.0587517312552045
0.814187359534477,0.0587555367630262
0.814404502390373,0.0587593409435932
0.814621683791349,0.0587631437960768
0.814838904081932,0.0587669453265965
0.81505616345451,0.0587707455384981
0.815273462311208,0.0587745444388178
0.815490798977034,0.058778341998616
0.815708174967984,0.0587821382447805
0.815925590551564,0.0587859331815791
0.816143044357421,0.0587897267854004
0.816360537213327,0.0587935190711276
0.816578069203834,0.0587973100400921
0.816795639963245,0.0588010996860891
0.817013249801333,0.0588048880147204
0.81723089892317,0.0588086750295607
0.817448586987612,0.0588124607248167
0.817666313648163,0.0588162450947843
0.817884079585423,0.058820028151414
0.8181018845234,0.0588238098898733
0.818319728742212,0.0588275903152008
0.818537611789353,0.0588313694196879
0.818755533933064,0.0588351472082223
0.818973495427337,0.0588389236852148
0.819191495821394,0.0588426988429932
0.819409535111965,0.0588464726817884
0.819627613437655,0.0588502452041105
0.819845731220998,0.0588540164172727
0.820063887621966,0.0588577863069114
0.820282083341867,0.058861554885422
0.820500318707238,0.0588653221583005
0.820718592949436,0.0588690881124579
0.820936905709079,0.0588728527421557
0.821155257730732,0.0588766160603381
0.821373649291849,0.0588803780716166
0.821592079851878,0.0588841387668252
0.821810550204416,0.0588878981598052
0.822029059266874,0.0588916562320328
0.822247607754671,0.0588954129961619
0.822466195720394,0.058899168452999
0.822684822504937,0.0589029225914569
0.822903488502635,0.0589066754185806
0.823122194111966,0.0589104269411381
0.823340938269494,0.0589141771410869
0.823559721953759,0.0589179260354934
0.823778544848014,0.0589216736188117
0.823997407531495,0.0589254199010837
0.824216309586106,0.0589291648751994
0.824435250398968,0.0589329085310691
0.824654230553077,0.0589366508788839
0.824873250043451,0.0589403919184962
0.825092309474529,0.0589441316602453
0.825311408010195,0.0589478700899685
0.825530545947431,0.0589516072130896
0.825749723609807,0.0589553430351165
0.825968939928879,0.0589590775380598
0.826188195302036,0.0589628107290784
0.826407490705899,0.0589665426246158
0.826626825304994,0.0589702732104197
0.826846199952801,0.0589740025012585
0.827065613906364,0.058977730484529
0.827285067304226,0.0589814571629367
0.827504560177183,0.0589851825370943
0.827724092574927,0.0589889066079504
0.827943664079037,0.0589926293685968
0.828163275360454,0.0589963508305408
0.828382925160529,0.0590000709725983
0.828602615315763,0.0590037898260475
0.828822344748875,0.0590075073724089
0.829042113540719,0.0590112236135033
0.829261921998129,0.0590149385545887
0.829481770039339,0.0590186521943284
0.829701657853183,0.0590223645360407
0.829921584744482,0.0590260755681951
0.830141551218046,0.059029785299567
0.830361557553607,0.0590334937347917
0.83058160384929,0.0590372008755452
0.830801689405758,0.05904090671029
0.831021814860537,0.0590446112500032
0.831241979347236,0.059048314480196
0.831462183892654,0.0590520164183369
0.831682428171836,0.0590557170588331
0.831902712074154,0.0590594164000745
0.832123035740926,0.059063114444586
0.83234339877844,0.0590668111859177
0.832563801684061,0.0590705066325686
0.832784244203277,0.0590742007802888
0.833004726012577,0.059077893623917
0.833225247602876,0.0590815851718137
0.833445809266137,0.0590852754287839
0.833666410594003,0.0590889643881086
0.833887051239454,0.0590926520443174
0.834107732150926,0.0590963384133293
0.83432845223449,0.0591000234769
0.834549212634607,0.0591037072543937
0.834770012504169,0.0591073897316111
0.834990852186107,0.0591110709145962
0.835211731748892,0.0591147508045072
0.835432650603542,0.0591184293917394
0.835653609765495,0.0591221066933244
0.835874608443996,0.0591257826960577
0.83609564696511,0.0591294574056761
0.836316725733576,0.0591331308288701
0.836537843995863,0.0591368029532614
0.836759002479633,0.059140473791167
0.836980200750326,0.0591441433353653
0.837201438786963,0.0591478115857683
0.837422716546234,0.0591514785417996
0.837644034526044,0.0591551442117547
0.837865392283217,0.0591588085883426
0.838086789829699,0.0591624716720252
0.8383082278486,0.0591661334741081
0.838529705114758,0.0591697939744696
0.838751222898788,0.0591734531943816
0.838972780608197,0.0591771111239071
0.83919437831386,0.0591807677645063
0.839416015779205,0.0591844231124302
0.839637693343327,0.0591880771734031
0.839859411227561,0.0591917299510515
0.840081169046109,0.0591953814391491
0.840302966758669,0.0591990316372875
0.8405248044495,0.0592026805469757
0.840746682067117,0.0592063281674658
0.840968600347922,0.0592099745108673
0.841190558457463,0.0592136195635252
0.841412556624086,0.0592172633295323
0.841634594147162,0.0592209057975724
0.841856672362506,0.0592245469896376
0.842078790611582,0.0592281868947607
0.842300948917603,0.0592318255136389
0.842523147498426,0.0592354628499351
0.84274538642762,0.0592390989049006
0.842967665579435,0.0592427336766082
0.843189984226947,0.0592463671534663
0.843412343856256,0.0592499993598384
0.843634743199117,0.0592536302749012
0.843857182602472,0.0592572599047575
0.844079662700065,0.0592608882596629
0.844302182953529,0.0592645153308556
0.844524743211453,0.0592681411161871
0.844747343677563,0.0592717656191134
0.844969984929536,0.0592753888489922
0.8451926659489,0.0592790107893762
0.845415387333187,0.0592826314503108
0.845638149181184,0.0592862508333281
0.845860950725453,0.0592898689261748
0.846083792479719,0.0592934857374511
0.846306674864736,0.0592971012738689
0.846529597651528,0.059300715531745
0.846752561032415,0.0593043285143656
0.846975564542005,0.0593079402143536
0.847198608329556,0.0593115506343636
0.8474216925942,0.0593151597776572
0.847644817367151,0.0593187676447876
0.847867982216396,0.0593223742289567
0.848091187969586,0.0593259795436479
0.848314433882134,0.059329583576838
0.848537720464798,0.0593331863370277
0.848761047311188,0.0593367878177041
0.848984414924428,0.0593403880271271
0.84920782268567,0.0593439869554043
0.849431270983055,0.0593475846090175
0.84965475944793,0.0593511809820969
0.849878288561685,0.0593547760825213
0.850101858301252,0.0593583699098957
0.850325468071657,0.0593619624548852
0.850549119262452,0.0593655537398728
0.85077281072432,0.059369143746316
0.850996542303721,0.0593727324722414
0.851220314618963,0.0593763199276283
0.851444127508328,0.0593799061098311
0.851667980865357,0.059383491017322
0.851891874736431,0.0593870746509882
0.852115809801959,0.0593906570217065
0.852339784784816,0.0593942381091891
0.852563800674277,0.0593978179295776
0.852787857369847,0.0594013964811118
0.853011954035835,0.0594049737507257
0.853236091385316,0.059408549750041
0.853460269380516,0.0594121244783571
0.853684487999661,0.0594156979354473
0.853908747417837,0.0594192701242019
0.854133047938618,0.0594228410494791
0.85435738887696,0.0594264107005303
0.854581770741842,0.0594299790856937
0.854806193658363,0.059433546206909
0.855030657314725,0.0594371120593552
0.855255161319966,0.0594406766370993
0.855479706062918,0.0594442399464739
0.855704291195267,0.0594478019819947
0.855928917884806,0.0594513627621836
0.856153585039237,0.059454922269691
0.856378292851363,0.0594584805079799
0.856603041540748,0.0594620374805551
0.856827831285713,0.0594655931902489
0.857052661363337,0.0594691476258117
0.857277532382223,0.0594727007970844
0.857502444914303,0.0594762527129436
0.857727397702599,0.0594798033537002
0.857952391474963,0.0594833527312067
0.858177425888965,0.0594869008400224
0.858402501475996,0.0594904476886301
0.858627617799686,0.05949399327019
0.858852775498007,0.0594975375948833
0.8590779737981,0.059501080650613
0.85930321301238,0.0595046224425811
0.859528493294661,0.0595081629732009
0.859753814367,0.0595117022382118
0.859979176972426,0.0595152402493518
0.860204580156768,0.0595187769917059
0.860430023874939,0.0595223124649641
0.860655508981279,0.0595258466824969
0.860881034705486,0.0595293796322093
0.8611066017873,0.0595329113258952
0.861332209954621,0.0595364417592497
0.861557859034966,0.059539970929794
0.861783549025827,0.0595434988376594
0.862009280403168,0.0595470254903128
0.862235052747879,0.059550550881252
0.862460865905308,0.0595540750083204
0.862686720116513,0.059557597875394
0.86291261576948,0.0595611194884929
0.863138552084965,0.0595646398355983
0.863364530306987,0.0595681589362226
0.863590549286517,0.0595716767724289
0.863816609779172,0.0595751933562939
0.864042711059785,0.0595787086765616
0.8642688539041,0.0595822227454722
0.864495037738199,0.0595857355540904
0.864721262089793,0.0595892470954263
0.864947528603605,0.0595927573949707
0.86517383545679,0.0595962664243817
0.865400183786788,0.0595997742017312
0.865626573773582,0.05960328072957
0.865853005242652,0.0596067860052797
0.866079477544027,0.0596102900190859
0.866305991482535,0.0596137927836043
0.866532546359443,0.0596172942880223
0.866759142597143,0.0596207945390917
0.866985780202528,0.0596242935369068
0.867212459546165,0.0596277912872237
0.867439179338826,0.0596312877703765
0.867665941057579,0.0596347830093681
0.86789274445531,0.0596382770001155
0.868119588829771,0.0596417697320929
0.868346474146534,0.0596452612050943
0.86857340109099,0.0596487514296569
0.868800370011399,0.0596522404109786
0.869027379598089,0.0596557281291595
0.869254431024324,0.0596592146025175
0.869481524193028,0.0596626998293535
0.869708658030392,0.0596661837934956
0.869935834254262,0.0596696665214239
0.87016305166773,0.0596731479946074
0.870390310864963,0.0596766282224973
0.870617611474152,0.0596801071994127
0.870844953396897,0.0596835849240668
0.87107233654955,0.0596870613953207
0.871299761186545,0.0596905366171342
0.871527227677444,0.059694010595115
0.87175473544675,0.059697483320568
0.871982285224253,0.059700954804789
0.872209876458038,0.0597044250393544
0.872437508803352,0.0597078940193271
0.872665183114025,0.0597113617577772
0.872892899056994,0.0597148282495402
0.873120656599081,0.0597182934943166
0.873348455637761,0.0597217574906837
0.873576296048149,0.0597252202368908
0.873804178346638,0.059728681740833
0.874032102696615,0.0597321420049216
0.874260068807067,0.0597356010248534
0.87448807653467,0.0597390587986771
0.874716125674212,0.0597425153234608
0.874944216777974,0.0597459706076361
0.875172349407603,0.0597494246445725
0.875400523560856,0.059752877434455
0.875628739951005,0.0597563289880615
0.875856998429163,0.0597597793030676
0.87608529800473,0.0597632283648167
0.876313639009579,0.0597666761786485
0.876542022217509,0.0597701227561119
0.876770447269586,0.0597735680917207
0.876998914164897,0.0597770121856685
0.877227423447274,0.0597804550461825
0.877455973978403,0.0597838966562559
0.877684566174868,0.0597873370225127
0.877913200722386,0.0597907761551358
0.878141876589331,0.0597942140386737
0.878370594423908,0.0597976506831511
0.878599354646752,0.0598010860947427
0.878828156129826,0.0598045202566736
0.879057000033891,0.0598079531865943
0.87928588574002,0.0598113848751028
0.879514812808244,0.05981481531594
0.879743782647747,0.0598182445302143
0.879972794634527,0.0598216725083912
0.880201847962718,0.0598250992388186
0.880430944000105,0.0598285247420721
0.880660081866368,0.0598319490048468
0.880889261917439,0.0598353720327452
0.881118483716408,0.0598387938193184
0.881347746991404,0.059842214360757
0.881577052673273,0.0598456336709573
0.881806400231182,0.0598490517419169
0.88203579060545,0.0598524685877436
0.882265222749126,0.0598558841928686
0.882494696242057,0.0598592985514973
0.882724212505303,0.0598627116847533
0.882953770855398,0.0598661235822751
0.883183371382034,0.0598695342456686
0.883413014244864,0.05987294367737
0.883642699090594,0.0598763518722439
0.883872426522603,0.0598797588393417
0.884102195746232,0.0598831645669385
0.884332006726793,0.0598865690548328
0.884561860459331,0.0598899723177025
0.884791756350182,0.0598933743466668
0.885021694427497,0.0598967751424016
0.885251675244701,0.0599001747131012
0.885481697752681,0.0599035730433762
0.885711762621674,0.0599069701433979
0.885941869872449,0.0599103660133796
0.886172019490351,0.0599137606531871
0.886402211379518,0.0599171540615263
0.886632445188943,0.0599205462333986
0.886862721351386,0.0599239371752956
0.887093039646703,0.0599273268839756
0.887323400571845,0.0599307153668219
0.88755380416808,0.0599341026244012
0.887784250278265,0.0599374886545251
0.888014738389866,0.0599408734498935
0.88824526884249,0.0599442570156739
0.888475841976252,0.059947639356794
0.888706456689748,0.0599510204572638
0.888937114569017,0.0599544003404691
0.889167814929857,0.0599577789961604
0.889398557696787,0.059961156423523
0.889629343032611,0.0599645326250467
0.889860171286435,0.0599679076058331
0.890091041560269,0.0599712813528944
0.890321954668269,0.0599746538783364
0.890552910525768,0.0599780251808065
0.890783908562816,0.059981395252184
0.89101494920412,0.0599847640988452
0.891246032347311,0.0599881317192819
0.891477157767972,0.0599914981103678
0.891708326330164,0.0599948632846981
0.891939537379716,0.0599982272327143
0.892170790468811,0.0600015899482434
0.892402086439404,0.0600049514436028
0.892633425150167,0.0600083117166182
0.892864806478999,0.0600116707656598
0.893096230142982,0.0600150285867983
0.893327696375559,0.0600183851835473
0.893559205771504,0.0600217405644591
0.893790758063439,0.0600250947256354
0.894022352948344,0.0600284476629117
0.894253990098732,0.0600317993717768
0.894485669992342,0.0600351498592349
0.894717393138244,0.0600384991325194
0.894949158753285,0.060041847180385
0.895180967302262,0.0600451940097809
0.895412818914177,0.0600485396225215
0.895644712805496,0.0600518840074763
0.895876649693674,0.0600552271751754
0.896108628875813,0.0600585691154848
0.896340650801822,0.0600619098350755
0.896572715964746,0.060065249340934
0.896804824035504,0.0600685876283325
0.897036975116608,0.0600719246989195
0.897269168799049,0.0600752605469546
0.897501406244269,0.0600785951891401
0.897733685649676,0.0600819285996584
0.897966008333176,0.0600852607977776
0.898198374388839,0.0600885917845716
0.89843078356265,0.0600919215564938
0.898663235267084,0.0600952501053872
0.898895729883991,0.0600985774369006
0.899128267773639,0.0601019035561055
0.899360848119022,0.0601052284514228
0.899593472044724,0.0601085521390519
0.899826138316885,0.0601118746013457
0.900058847858995,0.0601151958517493
0.900291600641085,0.0601185158896854
0.900524396058805,0.0601218347067173
0.900757234886321,0.0601251523140101
0.900990116785986,0.0601284687066888
0.901223041861841,0.0601317838863947
0.901456010156607,0.0601350978537948
0.9016890214624,0.0601384106060388
0.901922075671539,0.0601417221417503
0.902155172970081,0.0601450324636504
0.902388313886769,0.0601483415791938
0.902621497800509,0.0601516494796087
0.90285472450914,0.0601549561623097
0.903087994684802,0.0601582616368589
0.903321308861741,0.0601615659106477
0.903554665401861,0.0601648689606803
0.90378806563555,0.0601681708061049
0.904021508981088,0.060171471438515
0.90425499523755,0.0601747708553205
0.904488525033867,0.0601780690654451
0.904722097860508,0.0601813660616829
0.904955713939761,0.0601846618473486
0.905189373544766,0.0601879564262782
0.905423076992509,0.0601912498029101
0.905656823589633,0.0601945419675887
0.90589061313155,0.0601978329177385
0.906124446341886,0.0602011226635636
0.906358322910598,0.0602044112006311
0.906592242979435,0.060207698531071
0.906826206528973,0.0602109846546655
0.907060213209433,0.06021426956664
0.907294262761756,0.0602175532635623
0.907528356055298,0.0602208357576318
0.907762493267484,0.060224117051154
0.907996673607069,0.0602273971332062
0.908230897646598,0.0602306760120165
0.908465165349082,0.0602339536870154
0.908699476445554,0.0602372301545669
0.908933830996976,0.0602405054156657
0.909168228662179,0.0602437794656542
0.909402670718709,0.060247052322342
0.909637156116104,0.0602503239709767
0.909871685410953,0.0602535944195962
0.910106258015579,0.0602568636600434
0.910340873460619,0.0602601316860683
0.910575532940436,0.0602633985143065
0.910810235983138,0.0602666641380175
0.911044983044243,0.0602699285636682
0.911279773544361,0.0602731917832694
0.911514608402137,0.0602764538096846
0.911749486148842,0.0602797146225852
0.911984407539807,0.0602829742327891
0.912219372761003,0.0602862326427266
0.912454381832529,0.0602894898526861
0.912689434235039,0.0602927458556254
0.912924530486842,0.0602960006588567
0.913159670833927,0.0602992542656922
0.913394855266094,0.0603025066760102
0.913630083288262,0.0603057578831342
0.913865354592284,0.0603090078830576
0.914100670206462,0.0603122566899744
0.914336029411709,0.0603155042938695
0.91457143183662,0.0603187506899264
0.914806878978296,0.0603219958987356
0.915042369707576,0.060325239904596
0.91527790401774,0.0603284827077829
0.91551348257224,0.0603317243174169
0.915749105182442,0.0603349647308336
0.91598477168033,0.0603382039458747
0.916220482111038,0.0603414419632791
0.916456236806481,0.0603446787876228
0.916692035564777,0.0603479144161541
0.91692787790781,0.0603511488425129
0.917163764646489,0.0603543820778901
0.917399694485641,0.0603576141045853
0.917635669094021,0.0603608449455987
0.917871687536419,0.0603640745879149
0.918107750415458,0.060367303040001
0.918343857154081,0.0603705302939868
0.918580007486499,0.0603737563464964
0.918816202037933,0.0603769812061069
0.919052440765946,0.0603802048721494
0.919288723431443,0.0603834273414764
0.919525050476248,0.0603866486201868
0.919761422016871,0.0603898687098182
0.919997837681626,0.0603930876054163
0.920234297608264,0.0603963053090114
0.920470801352582,0.0603995218146625
0.920707349552374,0.0604027371311218
0.920943942067567,0.0604059512564122
0.921180578286842,0.0604091641824192
0.921417258675617,0.0604123759156151
0.921653983295648,0.0604155864567716
0.921890752382033,0.0604187958090897
0.922127565844685,0.0604220039713802
0.922364423228988,0.0604252109376523
0.922601324858316,0.0604284167124232
0.922838271119501,0.0604316213008534
0.923075261484922,0.0604348246958587
0.923312296141264,0.0604380269001391
0.923549375627302,0.0604412279209235
0.923786499261234,0.0604444277490415
0.924023666935409,0.0604476263833012
0.924260878936316,0.0604508238276159
0.924498135455956,0.0604540200845301
0.924735436789976,0.0604572151580026
0.924972782246736,0.0604604090388282
0.925210172327524,0.0604636017339276
0.925447607187499,0.0604667932453125
0.925685086422156,0.0604699835676335
0.925922609935779,0.0604731726997937
0.926160178527259,0.0604763606524902
0.926397791274138,0.0604795474133471
0.926635448395273,0.0604827329855603
0.926873150222646,0.060485917373542
0.927110896863535,0.0604891005786886
0.927348687597841,0.0604922825915072
0.927586523323204,0.0604954634241231
0.927824403245296,0.0604986430658721
0.928062327595341,0.0605018215200644
0.928300297092606,0.0605049987962124
0.928538311276463,0.0605081748881227
0.928776369944827,0.0605113497933166
0.929014472911251,0.0605145235094563
0.929252621401021,0.0605176960527999
0.929490814744784,0.060520867414295
0.929729052048154,0.0605240375824026
0.929967334598544,0.060527206574355
0.930205661882222,0.0605303743831357
0.930444033661328,0.0605335410057984
0.930682450227586,0.0605367064463037
0.930920912198592,0.0605398707127499
0.931159418024085,0.0605430337847018
0.931397968752178,0.0605461956763508
0.93163656527721,0.0605493563992244
0.931875205683615,0.0605525159280674
0.93211389158381,0.0605556742845353
0.932352621833883,0.060558831453331
0.932591397167977,0.0605619874443871
0.93283021773453,0.0605651422595331
0.933069082788014,0.0605682958890524
0.933307993033282,0.0605714483423997
0.933546947994514,0.0605745996132546
0.933785948298706,0.0605777497099687
0.934024993509343,0.0605808986267663
0.934264083502047,0.0605840463621968
0.934503218475783,0.0605871929189426
0.934742398660833,0.0605903383000067
0.93498162324085,0.0605934824947726
0.935220893199954,0.0605966255162894
0.935460208338036,0.0605997673617781
0.935699568841269,0.060602908033769
0.935938974028935,0.0606060475234576
0.93617842416163,0.0606091858344483
0.936417919259504,0.0606123229669922
0.9366574597012,0.0606154589260385
0.936897045377891,0.0606185937101507
0.937136676149305,0.060621727317606
0.937376352431367,0.0606248597538871
0.937616073775531,0.0606279910131603
0.937855840212351,0.0606311210959896
0.938095651759375,0.0606342500026523
0.938335508720504,0.0606373777371166
0.938575411031866,0.0606405042985441
0.938815358273785,0.0606436296816023
0.9390553514102,0.0606467538988703
0.939295389700624,0.0606498769406466
0.939535473908952,0.0606529988170013
0.939775602703181,0.0606561195106888
0.940015776865432,0.0606592390321309
0.940255996966398,0.0606623573885217
0.940496261988306,0.0606654745667067
0.940736572089717,0.0606685905690224
0.94097692761075,0.0606717053998441
0.941217327863841,0.0606748190503167
0.94145777456056,0.0606779315425806
0.941698266707074,0.0606810428635716
0.94193880410736,0.0606841530110872
0.942179386689602,0.0606872619843287
0.942420015309781,0.0606903697943025
0.942660689262706,0.0606934764318488
0.942901409242056,0.0606965819060537
0.943142173831892,0.0606996861987486
0.943382984772431,0.060702789332511
0.943623841118356,0.0607058912949331
0.943864742960106,0.060708992087442
0.944105690054105,0.0607120917069755
0.944346683268769,0.0607151901646855
0.944587721149079,0.0607182874419113
0.944828805633829,0.0607213835636907
0.945069935488807,0.0607244785139459
0.945311110664612,0.0607275722923962
0.945552331665034,0.0607306649055058
0.945793598663197,0.0607337563553974
0.946034911528702,0.0607368466404377
0.946276269782763,0.0607399357546537
0.946517674045132,0.060743023706063
0.946759124160493,0.0607461104926031
0.947000619798423,0.0607491961101823
0.947242161249644,0.0607522805626065
0.947483748612378,0.060755363851095
0.947725381846275,0.0607584459751665
0.947967060963317,0.060761526935036
0.948208786143459,0.0607646067330251
0.948450556467458,0.0607676853575599
0.94869237329829,0.0607707628260675
0.94893423511387,0.0607738391191127
0.949176143453409,0.0607769142564592
0.949418097396524,0.0607799882262295
0.949660097682427,0.0607830610379759
0.949902143931045,0.0607861326868187
0.950144236292754,0.0607892031747893
0.950386374254729,0.0607922724954767
0.950628558289691,0.0607953406549729
0.950870788275711,0.060798407651682
0.951113063994406,0.0608014734829393
0.951355385902366,0.0608045381545597
0.951597754021053,0.0608076016667539
0.951840168625308,0.0608106640230078
0.952082628979597,0.0608137252141315
0.952325135260475,0.0608167852425515
0.952567687799032,0.0608198441124058
0.952810286587509,0.0608229018235585
0.953052931520459,0.0608259583747493
0.953295622742675,0.0608290137678594
0.953538360099979,0.0608320680009871
0.953781143217643,0.0608351210695504
0.954023972962306,0.060838172984457
0.954266848671487,0.0608412237373145
0.954509771335315,0.0608442733406266
0.954752740009199,0.0608473217824979
0.954995755235221,0.0608503690699257
0.955238816039058,0.0608534151907488
0.955481923668813,0.0608564601606988
0.955725077205243,0.0608595039681377
0.955968277311533,0.0608625466215292
0.956211523780504,0.0608655881182095
0.956454817274548,0.0608686284664644
0.956698156407822,0.0608716676490705
0.956941541658859,0.060874705672299
0.957184973192536,0.0608777425381103
0.957428451664282,0.0608807782545814
0.957671977009416,0.0608838128208179
0.957915548436497,0.060886846227144
0.958159166401256,0.0608898784794093
0.958402830612895,0.0608929095739713
0.958646541457809,0.060895939515683
0.95889029863378,0.0608989683007804
0.959134103170698,0.0609019959420346
0.959377953648582,0.0609050224218231
0.959621850842547,0.0609080477500324
0.959865794906843,0.0609110719284237
0.960109785216141,0.0609140949493302
0.960353821928933,0.0609171168148791
0.960597905485158,0.060920137530459
0.960842035932538,0.0609231570965912
0.961086212718109,0.0609261755065496
0.961330436261475,0.0609291927656367
0.961574706273055,0.0609322088702587
0.961819023431751,0.06093522382881
0.962063387279786,0.0609382376355972
0.962307797846077,0.0609412502911223
0.962552254800745,0.0609442617914052
0.962796759246775,0.0609472721499943
0.963041310281625,0.0609502813556931
0.963285908426143,0.060953289415092
0.963530553029434,0.0609562963202036
0.963775244384573,0.0609593020747724
0.964019982599074,0.0609623066800703
0.964264767610294,0.0609653101353432
0.96450959875023,0.0609683124325336
0.964754478170833,0.0609713135979307
0.964999403625475,0.0609743136038615
0.965244376524479,0.0609773124679679
0.965489396012806,0.060980310179629
0.965734462975599,0.060983306749781
0.965979577076691,0.0609863021742077
0.966224737864722,0.0609892964475721
0.966469945659471,0.0609922895738789
0.966715200151288,0.0609952815493472
0.966960502295217,0.0609982723855978
0.967205850648042,0.0610012620650494
0.967451246196141,0.0610042505999489
0.967696689072218,0.0610072379917096
0.967942179011135,0.0610102242371436
0.968187716654524,0.0610132093440839
0.96843330123275,0.0610161933031815
0.968678933109585,0.0610191761190247
0.968924612300414,0.0610221577917601
0.969170338466433,0.0610251383173464
0.969416112082386,0.0610281177015915
0.969661932752268,0.0610310959396726
0.969907800041668,0.0610340730265003
0.970153715404937,0.0610370489796189
0.970399677818797,0.0610400237864908
0.970645687831734,0.0610429974539471
0.970891745189741,0.0610459699788791
0.971137849784817,0.061048941360086
0.971384001362584,0.0610519115945905
0.971630200298769,0.0610548806869554
0.971876446775176,0.0610578486392935
0.972122740740681,0.0610608154509894
0.972369082356355,0.0610637811240156
0.972615471022269,0.0610667456512349
0.97286190732396,0.0610697090397837
0.973108390787397,0.0610726712839234
0.973354921718472,0.0610756323874209
0.973601500181366,0.0610785923510045
0.973848126233127,0.0610815511753696
0.97409479966448,0.0610845088580577
0.974341521435337,0.0610874654105387
0.974588290288627,0.0610904208177448
0.974835107582988,0.0610933750960877
0.975081971272165,0.061096328221082
0.975328882920412,0.0610992802117028
0.975575842626786,0.0611022310688028
0.975822849361869,0.0611051807802184
0.976069904539563,0.0611081293629164
0.976317006740423,0.0611110767998651
0.976564157009232,0.06111402310373
0.976811355056697,0.061116968270905
0.977058600849597,0.0611199123010927
0.977305894267833,0.0611228551929207
0.977553236227336,0.0611257969572275
0.977800624771796,0.0611287375708326
0.9780480611859,0.0611316770492879
0.978295546269953,0.0611346154017381
0.978543078437597,0.0611375526094063
0.978790659448295,0.0611404886933307
0.9790382877107,0.0611434236345035
0.979285963862671,0.0611463574407717
0.979533687796624,0.0611492901107665
0.979781459986855,0.0611522216500809
0.980029279885811,0.0611551520522374
0.980277148143822,0.0611580813249915
0.980525064071353,0.0611610094601774
0.980773028325957,0.0611639364656536
0.981021040407805,0.0611668623354721
0.981269100269588,0.0611697870692144
0.981517208479469,0.0611727106735392
0.98176536456028,0.0611756331427863
0.982013568580984,0.061178554477889
0.98226182127085,0.0611814746873525
0.982510122031012,0.0611843937640831
0.982758470576419,0.0611873117049285
0.983006867187229,0.0611902285132309
0.983255312388868,0.0611931441950523
0.983503805673218,0.0611960587444043
0.983752346912659,0.0611989721599487
0.984000936415954,0.061201884445318
0.984249574294327,0.0612047956017548
0.984498260141223,0.0612077056245518
0.984746994214561,0.061210614516806
0.984995776456042,0.0612135222778104
0.985244606765198,0.0612164289064344
0.985493485744629,0.0612193344096884
0.985742412881974,0.0612222387815549
0.985991388806352,0.061225142029437
0.986240413679795,0.0612280441551084
0.986489486380914,0.0612309451456424
0.986738607622063,0.061233845009515
0.986987777374779,0.0612367437462625
0.987236995896162,0.0612396413588639
0.987486262536439,0.0612425378398203
0.987735577231208,0.0612454331885473
0.987984941117691,0.0612483274181367
0.988234353337309,0.0612512205185093
0.988483813524989,0.0612541124856808
0.98873332289578,0.061257003333688
0.988982880471828,0.0612598930510822
0.98923248727695,0.0612627816498229
0.989482142029028,0.0612656691150489
0.989731845786242,0.0612685554591566
0.989981598303421,0.0612714406791413
0.990231399063214,0.0612743247691615
0.990481248669716,0.061277207736247
0.99073114678597,0.061280089576441
0.990981094278988,0.0612829702997223
0.991231090356778,0.0612858498969096
0.991481134787003,0.06128872836555
0.99173122829817,0.0612916057140064
0.991981370276564,0.0612944819351494
0.992231560843256,0.0612973570305023
0.992481800476261,0.0613002310054874
0.992732088980707,0.0613031038578097
0.992982426489885,0.0613059755890491
0.993232812932142,0.0613088461983931
0.993483248567363,0.0613117156888286
0.993733733029932,0.0613145840561811
0.993984266373068,0.0613174513011515
0.994234848646302,0.0613203174243019
0.994485479781885,0.0613231824248675
0.994736160409699,0.0613260463100001
0.994986889894979,0.0613289090724148
0.99523766815327,0.0613317707113113
0.995488495517817,0.061334631230484
0.995739371911715,0.0613374906290028
0.995990297363972,0.0613403489072258
0.996241271970056,0.0613432060662401
0.996492295539261,0.0613460621038936
0.996743368183256,0.0613489170214999
0.996994490057199,0.0613517708207963
0.997245661616726,0.0613546235068899
0.997496881829356,0.061357475068109
0.997748151041513,0.0613603255085758
0.997999469071413,0.0613631748261852
0.9982508368171,0.0613660230310465
0.998502254331372,0.061368870123586
0.99875372097696,0.0613717160966841
0.999005237236042,0.0613745609559052
0.999256801850585,0.061377404687089
0.999508416437799,0.0613802473085784
0.999760080311915,0.0613830888123857
1.00001179303826,0.0613859291938064
1.00026355598542,0.0613887684682238
1.00051536757833,0.0613916066177996
1.00076722868202,0.0613944436525143
1.00101913927982,0.0613972795720162
1.00127109962314,0.0614001143791182
1.00152310934761,0.0614029480697345
1.00177516920622,0.0614057806523386
1.00202727848693,0.0614086121188816
1.0022794368395,0.0614114424656341
1.00253164504295,0.0614142717013243
1.00278390265669,0.0614170998209037
1.00303621005908,0.0614199268286658
1.00328856719619,0.0614227527239498
1.00354097420351,0.0614255775082825
1.00379343067314,0.0614284011771385
1.0040459367549,0.0614312237322668
1.0042984927175,0.0614340451766143
1.00455109806848,0.0614368655046903
1.00480375399784,0.0614396847297463
1.00505645911043,0.0614425028361577
1.0053092141928,0.0614453198328949
1.00556201873518,0.0614481357141866
1.00581487302332,0.0614509504832808
1.00606777688796,0.0614537641382601
1.00632073139851,0.0614565766909335
1.00657373571579,0.0614593881318713
1.00682678942651,0.0614621984567206
1.00707989296836,0.0614650076703832
1.0073330459512,0.0614678157684786
1.00758624910568,0.0614706227590981
1.00783950266945,0.0614734286447108
1.00809280590446,0.0614762334171989
1.0083461593275,0.0614790370823886
1.00859956287057,0.0614818396394479
1.0088530162482,0.0614846410852735
1.00910651995677,0.0614874414253569
1.00936007381589,0.0614902406576375
1.00961367811002,0.0614930387852667
1.00986733216672,0.06149583580086
1.01012103627332,0.0614986317076905
1.01037479007112,0.0615014265017862
1.01062859443656,0.061504220192759
1.01088244903613,0.0615070127768066
1.01113635384341,0.0615098042537193
1.01139030921446,0.0615125946273901
1.01164431439089,0.0615153838895127
1.01189836988295,0.0615181720457839
1.01215247582891,0.0615209590976052
1.01240663207242,0.0615237450432527
1.01266083857411,0.0615265298823401
1.01291509594593,0.0615293136215117
1.01316940291277,0.0615320962468436
1.01342376035849,0.0615348777681556
1.01367816815526,0.0615376581838843
1.01393262674005,0.0615404374987763
1.01418713571285,0.0615432157084351
1.01444169536763,0.0615459928161256
1.01469630514161,0.0615487688157247
1.01495096561487,0.0615515437135979
1.01520567717227,0.0615543175137803
1.01546043896421,0.0615570902070509
1.01571525126178,0.0615598617965031
1.01597011431472,0.0615626322847694
1.01622502746041,0.0615654016646655
1.01647999180238,0.0615681699481799
1.01673500652389,0.0615709371263225
1.01699007232173,0.061573703206737
1.01724518887742,0.0615764681858787
1.01750035621065,0.0615792320640246
1.01775557370632,0.0615819948345827
1.01801084223,0.0615847565069304
1.01826616127083,0.0615875170754233
1.01852153096903,0.0615902765416539
1.01877695202404,0.0615930349130723
1.01903242332696,0.0615957921776978
1.01928794631401,0.0615985483510851
1.01954351951757,0.0616013034172994
1.01979914353252,0.0616040573829682
1.02005481891882,0.0616068102539376
1.02031054475325,0.06160956202026
1.02056632198389,0.0616123126922071
1.02082214988369,0.0616150622618608
1.021078029109,0.0616178107363391
1.02133395917764,0.0616205581103909
1.02158993978329,0.0616233043808535
1.02184597210827,0.0616260495603248
1.02210205545713,0.061628793641194
1.02235818989177,0.0616315366242578
1.02261437562798,0.0616342785117935
1.02287061185127,0.0616370192951306
1.0231268995847,0.0616397589852392
1.02338323849659,0.061642497578403
1.02363962852815,0.0616452350740616
1.02389606964287,0.0616479714718411
1.02415256214943,0.0616507067750001
1.0244091059819,0.0616534409827786
1.02466570151545,0.0616561740991456
1.02492234801623,0.0616589061162976
1.02517904606039,0.0616616370404404
1.0254357955014,0.0616643668699149
1.02569259634479,0.0616670956047974
1.02594944864928,0.0616698232456999
1.02620635215049,0.0616725497898264
1.02646330729769,0.0616752752419321
1.02672031436224,0.0616779996047706
1.02697737191653,0.0616807228633164
1.02723448137806,0.0616834450326845
1.02749164241704,0.0616861661091349
1.02774885481444,0.0616888860904257
1.02800611908314,0.0616916049819626
1.02826343439384,0.0616943227749701
1.02852080154953,0.0616970394779846
1.0287782204861,0.0616997550901749
1.02903569020155,0.0617024696010842
1.02929321196476,0.0617051830241287
1.02955078537783,0.0617078953549011
1.02980840999799,0.0617106065888558
1.03006608697456,0.0617133167380391
1.03032381523251,0.0617160257910397
1.03058159580266,0.0617187337587786
1.03083942797132,0.0617214406336398
1.03109731215356,0.061724146420064
1.03135524810061,0.0617268511153851
1.03161323574329,0.061729554718919
1.03187127503848,0.0617322572302164
1.03212936650618,0.0617349586546553
1.03238750963984,0.061737658986878
1.0326457053522,0.0617403582364183
1.03290395260966,0.0617430563924094
1.03316225218083,0.0617457534629816
1.03342060356572,0.0617484494428165
1.03367900743897,0.0617511443389565
1.03393746336153,0.0617538381467369
1.03419597088134,0.0617565308615649
1.03445453040353,0.0617592224876843
1.03471314246101,0.0617619130304799
1.03497180677928,0.0617646024870103
1.03523052256168,0.0617672908491272
1.03548929094144,0.061769978128615
1.0357481113339,0.0617726643192308
1.03600698409268,0.0617753494247003
1.03626590893218,0.0617780334420171
1.03652488625478,0.061780716375346
1.03678391621769,0.0617833982262127
1.0370429984279,0.0617860789905521
1.0373021330923,0.0617887586705482
1.03756132013242,0.0617914372653422
1.037820558944,0.0617941147687514
1.03807985050018,0.0617967911908025
1.03833919407182,0.0617994665238456
1.03859859009601,0.061802140772453
1.03885803878586,0.0618048139387032
1.03911753996565,0.0618074860207486
1.03937709345608,0.0618101570167854
1.03963669968738,0.0618128269312118
1.03989635845317,0.0618154957618323
1.04015606976048,0.0618181635087392
1.04041583434703,0.0618208301794155
1.04067565060121,0.0618234957573437
1.04093551997779,0.0618261602575659
1.04119544184234,0.0618288236733543
1.04145541667356,0.0618314860096532
1.04171544369663,0.061834147258511
1.04197552386275,0.0618368074296796
1.04223565651711,0.0618394665163372
1.04249584194441,0.0618421245214607
1.04275608017687,0.0618447814453052
1.04301637092784,0.0618474372849459
1.04327671452257,0.0618500920436974
1.04353711154285,0.0618527457273462
1.04379756120985,0.0618553983279209
1.04405806410221,0.0618580498513822
1.04431861955381,0.0618607002909007
1.04457922805785,0.0618633496515347
1.04483988962884,0.0618659979333126
1.04510060410095,0.0618686451345432
1.04536137171104,0.0618712912576141
1.04562219229401,0.0618739363008013
1.04588306588737,0.0618765802644893
1.04614399237657,0.0618792231474968
1.04640497207193,0.0618818649529281
1.04666600492928,0.0618845056802591
1.04692709140154,0.0618871453340098
1.04718823008527,0.061889783900043
1.04744942300307,0.0618924213988082
1.04771066903755,0.0618950578187501
1.04797196792403,0.0618976931574112
1.04823331986163,0.0619003274168005
1.04849472551594,0.0619029606034825
1.04875618394305,0.0619055927079014
1.04901769569523,0.0619082237357015
1.04927926125286,0.0619108536915395
1.04954088007014,0.0619134825698749
1.04980255238039,0.0619161103731113
1.05006427838994,0.0619187371032345
1.05032605776311,0.0619213627568508
1.0505878905082,0.0619239873340774
1.05084977723355,0.0619266108409167
1.051111716494,0.0619292332629083
1.05137371002471,0.0619318546174631
1.05163575720755,0.0619344748981204
1.05189785753806,0.0619370940999731
1.052160011384,0.0619397122267241
1.05242221844397,0.0619423292752922
1.05268448000449,0.061944945258397
1.05294679490787,0.0619475601643598
1.05320916369559,0.0619501739987115
1.05347158623645,0.0619527867600388
1.05373406188003,0.0619553984419273
1.0539965921394,0.0619580090593526
1.05425917639464,0.0619606186059173
1.05452181406855,0.0619632270760372
1.0547845053861,0.0619658344720003
1.05504725106591,0.0619684408007824
1.05531005027803,0.0619710460540746
1.0555729034937,0.061973650236618
1.05583581054864,0.0619762533466877
1.0560987722774,0.0619788553924524
1.05636178739449,0.0619814563611568
1.0566248569418,0.0619840562631936
1.05688798045902,0.0619866550938456
1.05715115775002,0.0619892528512397
1.05741438932249,0.0619918495403354
1.05767767484545,0.0619944451577746
1.0579410147843,0.061997039708119
1.05820440836086,0.0619996331836724
1.05846785633907,0.0620022255919755
1.05873135882021,0.0620048169338455
1.05899491565081,0.0620074072077422
1.05925852637737,0.0620099964092576
1.05952219124543,0.0620125845408236
1.05978591082253,0.0620151716078624
1.06004968429655,0.0620177576023574
1.06031351260779,0.0620203425335385
1.06057739513733,0.0620229263952106
1.06084133243185,0.0620255091927447
1.06110532398419,0.0620280909211047
1.06136937004289,0.0620306715827509
1.06163347085063,0.0620332511799454
1.06189762561427,0.0620358297049433
1.06216183499666,0.0620384071642436
1.062426098478,0.0620409835526688
1.0626904173334,0.0620435588825622
1.06295479016846,0.0620461331402296
1.06321921777938,0.0620487063335512
1.06348370049939,0.0620512784655608
1.06374823698686,0.0620538495232537
1.06401282867157,0.0620564195205736
1.06427747470952,0.0620589884491173
1.06454217552883,0.0620615563131009
1.06480693096445,0.06206412311083
1.06507174165133,0.0620666888483839
1.0653366069744,0.0620692535197241
1.06560152749315,0.0620718171302853
1.06586650314926,0.06207437967938
1.06613153286622,0.0620769411566796
1.06639661770431,0.0620795015724648
1.06666175825974,0.0620820609321978
1.06692695285731,0.0620846192197378
1.0671922021046,0.0620871764411351
1.06745750709931,0.0620897326067032
1.06772286733065,0.0620922877113387
1.06798828205572,0.0620948417480239
1.06825375207634,0.0620973947244844
1.06851927687127,0.0620999466355721
1.06878485696049,0.0621024974862735
1.06905049301542,0.0621050472828385
1.06931618390017,0.0621075960143328
1.06958193010701,0.0621101436855925
1.06984773108893,0.0621126902912984
1.07011358733907,0.0621152358361622
1.07037949951756,0.0621177803263016
1.07064546637528,0.0621203237497379
1.0709114895161,0.0621228661218206
1.07117756759854,0.0621254074295537
1.07144370116832,0.062127947678278
1.07170989019439,0.0621304868675626
1.07197613449213,0.0621330249956179
1.07224243491165,0.0621355620704472
1.07250879034589,0.0621380980814262
1.07277520123982,0.0621406330328901
1.07304166745755,0.0621431669234301
1.0733081895613,0.0621456997583026
1.07357476677448,0.0621482315300637
1.073841400265,0.0621507622497722
1.07410808913758,0.0621532919087816
1.0743748337256,0.0621558205103284
1.07464163370165,0.0621583480512401
1.07490849012511,0.0621608745414482
1.07517540207295,0.0621633999720835
1.07544237004764,0.0621659243479634
1.07570939316869,0.0621684476607204
1.07577745093312,0.0621690953553818
1.07584550869755,0.0621697516028036
1.0758877181063,0.0621701589162541
1.07590544216591,0.0621703302915263
1.07592316622552,0.0621705019016648
1.07595583977936,0.0621708367880643
1.0759885133332,0.062171213380299
1.07611471773553,0.0621730328262965
1.07624084915784,0.0621753677228215
1.07637084458608,0.0621782446595237
1.07650483137759,0.062181637632183
1.07664306584066,0.0621855253324727
1.0767858203957,0.0621898894781921
1.07693339434238,0.0621947150679865
1.07708611888309,0.062199990513666
1.07724435949077,0.0622057076884369
1.07740852288091,0.0622118621362389
1.07757906298405,0.0622184532610937
1.07775648907975,0.0622254846047317
1.07794137672455,0.0622329642454394
1.07813437888444,0.0622409052159233
1.07833624409129,0.0622493262174443
1.07854783595729,0.0622582524059126
1.07877016459065,0.0622677166908621
1.07900442630726,0.0622777614074993
1.07925206265012,0.062288440834657
1.07951485220022,0.0622998251527754
1.07979506077709,0.062312006967511
1.0800956909727,0.0623251122008869
1.08042099011889,0.0623393223217038
1.0807775503298,0.0623549225752292
1.08117735093877,0.0623724354655405
1.08165025222246,0.0623931689971778
1.08215895567294,0.0624154877143367
1.08266765912341,0.0624378201960326
1.08312814311503,0.0624580468860817
1.08356546914148,0.0624772650767898
1.08398958491043,0.0624959085087978
1.08441085394694,0.0625144312990212
1.08483263406739,0.0625329805248103
1.08525661029531,0.0625516302655514
1.08568295611259,0.0625703882832683
1.08611150591759,0.062589247460418
1.08654195581853,0.062608194566352
1.08697408212289,0.0626272198643255
1.08740774221126,0.0626463171565629
1.08784287637911,0.0626654838779613
1.08827948017186,0.0626847198876122
1.08871757628387,0.0627040262377992
1.08915720207177,0.0627234046275285
1.08959839884797,0.0627428569322307
1.09004120807408,0.0627623850364781
1.0904856741455,0.0627819909567592
1.09093183913579,0.0628016766096207
1.09137974699596,0.0628214439968723
1.09182944249807,0.0628412951589127
1.09228097395495,0.0628612322948602
1.09273439140929,0.0628812576827467
1.09318974487526,0.062901373602045
1.09364708867116,0.0629215825251355
1.09410648221792,0.0629418871527655
1.09456798743863,0.0629622902994479
1.09503166921949,0.062982794914118
1.0954975967095,0.0630034041378074
1.0959658438618,0.0630241213278607
1.09643648799064,0.0630449499944255
1.09690961296456,0.0630658939420719
1.09738530703766,0.0630869571741762
1.09786366635766,0.0631081440486684
1.09834479026991,0.0631294590705083
1.09882879314175,0.0631509074159876
1.09931578645975,0.0631724941400758
1.09980590334072,0.0631942252633687
1.10029928244305,0.0632161070595943
1.10079607124353,0.0632381462018726
1.1012964384408,0.0632603503136671
1.10180056260889,0.0632827274665187
1.10230864132708,0.0633052865865059
1.10282089246106,0.0633280375124233
1.10333756117292,0.0633509913088025
1.10385891247607,0.063374159937165
1.1043852529482,0.0633975572230106
1.10491692693947,0.0634211986901386
1.10545431829981,0.0634451016408187
1.10599788068652,0.0634692865075689
1.10654812801404,0.0634937764334383
1.10710566482624,0.0635185986297891
1.10767120679537,0.063543785296592
1.10824561559924,0.0635693751858307
1.10882994128128,0.0635954155020105
1.10942549402617,0.0636219651187574
1.11003395080357,0.0636490993581621
1.11065753177442,0.0636769178944482
1.1112993011259,0.0637055582309745
1.11196374208709,0.0637352214538703
1.11265799394761,0.0637662276229781
1.11339511387383,0.0637991617914434
1.11420585410529,0.0638354011156862
1.11524344858079,0.0638818035939007
1.11608516317596,0.063919468148408
1.11680329612782,0.0639516220192823
1.11769707991262,0.0639916580149361
1.11830225701172,0.0640187776888178
1.11890743411081,0.0640459090295625
1.11964766788673,0.0640791059268034
1.12027504901681,0.0641072521371454
1.12085410630344,0.0641332405790346
1.12143841421179,0.0641594735859808
1.12200973357239,0.0641851318744489
1.12256570668868,0.0642101091886863
1.12311231116987,0.0642346735842803
1.1236512409159,0.0642589008193154
1.12418320705032,0.0642828225770536
1.12470907019198,0.0643064773080436
1.12522951775044,0.0643298957125197
1.12574506955111,0.0643531009838144
1.12625614136586,0.0643761116578837
1.12676308020997,0.0643989431960726
1.12726617591197,0.0644216085017902
1.12776568274292,0.0644441188915646
1.12826181627787,0.064466483951144
1.12875476722339,0.0644887121564977
1.12924470862177,0.0645108111971156
1.12973179107823,0.0645327877594225
1.13021615337559,0.0645546480043833
1.13069792253215,0.064576397569296
1.13117721139329,0.0645980414582002
1.13165412532301,0.0646195843432148
1.1321287640438,0.0646410306471795
1.13260121422232,0.0646623842080821
1.13307156140673,0.0646836488179488
1.13353988269387,0.0647048278911045
1.134006253646,0.0647259247765245
1.13447073807435,0.0647469422953529
1.13493339834301,0.064767883206558
1.1353942961188,0.0647887502408212
1.13585348828196,0.0648095459152499
1.13631102638565,0.0648302725085324
1.1367669621438,0.0648509323093146
1.13722133980201,0.0648715272703587
1.13767420453971,0.0648920593890288
1.13812559982685,0.0649125305874985
1.13857556735379,0.0649329427094299
1.13902414074955,0.0649532972347325
1.13947136041227,0.0649735959523149
1.13991726014285,0.0649938403536044
1.14036187234817,0.0650140318683846
1.14080522972954,0.0650341719414579
1.14124736079764,0.0650542618288266
1.14168829651103,0.065074302899197
1.14212806238447,0.0650942962752975
1.14256668826162,0.0651142432780155
1.14300419633474,0.0651341448816312
1.14344061472574,0.0651540023313469
1.14387596520302,0.065173816584586
1.14431026684194,0.0651935884771536
1.14474354630179,0.0652133191912446
1.14517582239741,0.0652330095530443
1.14560711647034,0.0652526605047351
1.14603744749191,0.0652722728815323
1.14646683435239,0.0652918475158689
1.14689529526277,0.065311385210126
1.14732284743332,0.0653308867219136
1.14774950840599,0.0653503528248175
1.14817529434196,0.0653697842302559
1.14860022111118,0.0653891816371189
1.14902430406463,0.0654085457213679
1.14944755691649,0.0654278770849258
1.14986999546543,0.0654471764256238
1.15029163294616,0.0654664443248883
1.15071248535999,0.0654856814912495
1.15113256355725,0.0655048883984582
1.15155188119383,0.0655240656490688
1.15197045063548,0.065543213787303
1.15238828200765,0.0655623332554095
1.1528053896558,0.0655814246893144
1.15322178492368,0.0656004885882254
1.15363747789204,0.0656195253939803
1.15405247780105,0.0656385355103573
1.15446679754246,0.0656575195089509
1.15488044791509,0.0656764778660733
1.15529343624842,0.0656954108994011
1.15570577297287,0.0657143190691501
1.15611746781757,0.0657332028039198
1.1565285302004,0.0657520625184681
1.1569389702813,0.0657708986620623
1.15734879489434,0.0657897115317271
1.15775801473036,0.0658085016019077
1.15816663798083,0.0658272692327953
1.15857466985355,0.0658460146477889
1.15898212094197,0.0658647383180618
1.15938899794002,0.0658834405360903
1.15979530939259,0.0659021216797116
1.16020106263272,0.0659207820714519
1.16060626358163,0.0659394219691777
1.1610109196013,0.0659580416973325
1.16141503769922,0.0659766415644137
1.16181862542378,0.0659952219041516
1.16222169039746,0.0660137830540487
1.16262423799188,0.0660323252482367
1.16302627453326,0.0660508487650496
1.16342780611999,0.066069353872639
1.16382883849872,0.0660878408232138
1.16422937772898,0.0661063098836788
1.16462943099686,0.0661247613732071
1.16502900356125,0.0661431955223787
1.16542809890768,0.0661616124800975
1.16582672669273,0.0661800126803641
1.16622488865819,0.0661983961921836
1.16662259098816,0.0662167632896896
1.16701983984626,0.0662351142464749
1.16741663910383,0.0662534492304442
1.16781299453342,0.0662717684975341
1.16820891109061,0.0662900722662091
1.1686043931365,0.0663083607276361
1.16899944565591,0.0663266341020275
1.16939407318299,0.0663448925889863
1.16978828007488,0.0663631363801121
1.17018207067254,0.0663813656664512
1.17057545052185,0.0663995806950682
1.17096842290709,0.0664177816085095
1.17136099235127,0.0664359686068293
1.17175316360528,0.0664541419008874
1.17214493941532,0.0664723016087981
1.17253632549466,0.0664904479863782
1.1729273246497,0.0665085811549174
1.17331794104073,0.0665267012985812
1.17370817848487,0.0665448085858321
1.1740980401311,0.0665629031542757
1.17448753104496,0.0665809852306586
1.17487665314743,0.066599054895916
1.17526541244314,0.0666171124207549
1.17565380982395,0.0666351578386074
1.17604185025663,0.0666531913722657
1.17642953565492,0.0666712131028802
1.17681687133861,0.0666892232700476
1.17720385993099,0.0667072219882293
1.17759050484589,0.0667252094087139
1.17797680880246,0.0667431856506276
1.17836277411447,0.0667611508143221
1.17874840585012,0.0667791051285512
1.17913370597371,0.0667970486777595
1.17951867732925,0.0668149815873736
1.17990332348651,0.0668329040168155
1.180287648065,0.0668508161280116
1.18067165158975,0.0668687179387094
1.18105533850669,0.0668866096495192
1.18143871167331,0.0669044913872497
1.18182177291817,0.0669223632307553
1.18220452640958,0.0669402253681813
1.18258697411902,0.0669580778853383
1.18296911854958,0.0669759208928836
1.18335096257447,0.0669937545189031
1.18373250881653,0.0670115788799222
1.18411375826187,0.0670293940160521
1.18449471531657,0.0670472001273318
1.18487538259879,0.0670649973304838
1.18525576094009,0.0670827856586774
1.18563585371889,0.0671005652642581
1.18601566374642,0.0671183362732691
1.18639519283335,0.0671360987649999
1.18677444250244,0.0671538528052929
1.18715341529612,0.0671715985078341
1.18753211349386,0.0671893359741352
1.18791054070829,0.0672070653682942
1.1882886969279,0.0672247866846765
1.18866658711239,0.0672425001506728
1.18904421140712,0.06726020576822
1.18942157253548,0.0672779036600573
1.1897986720885,0.067295593895993
1.19017551167279,0.0673132765466017
1.19055209416608,0.0673309517422261
1.19092842187412,0.0673486195865133
1.19130449651286,0.0673662801554752
1.19168031961329,0.0673839335164784
1.19205589331121,0.0674015797653894
1.19243121945648,0.067419218984751
1.19280630113061,0.0674368513151077
1.19318113761661,0.0674544767184685
1.1935557321108,0.0674720953408295
1.19393008760191,0.0674897073187243
1.19430420356112,0.067507312623167
1.19467808313438,0.0675249113980861
1.19505172777122,0.067542503707784
1.19542513900442,0.0675600896204799
1.19579831946325,0.0675776692561444
1.19617126935647,0.0675952426207843
1.19654399208692,0.0676128098709562
1.19691648817303,0.0676303710274301
1.19728875971154,0.0676479261853521
1.19766080794568,0.067665475399744
1.19803263486461,0.0676830187608651
1.19840424088978,0.0677005562850606
1.19877562950097,0.0677180881330953
1.19914680008367,0.0677356142725674
1.19951775699132,0.0677531349056567
1.19988850041202,0.067770650038042
1.20025902996055,0.067788159648115
1.20062934915571,0.0678056638988883
1.20099945877995,0.0678231628242512
1.2013693599121,0.0678406564720234
1.20173905535492,0.067858144971686
1.20210854621134,0.0678756283724363
1.2024778328828,0.0678931066902187
1.20284691718213,0.0679105800078267
1.20321580047169,0.0679280483868624
1.20358448411926,0.0679455118892204
1.20395296916078,0.067962970561125
1.20432125763016,0.067980424496152
1.20468935077447,0.0679978737506946
1.20505724962222,0.0680153183707853
1.20542495601383,0.068032758441031
1.2057924693392,0.0680501939298233
1.20615979304711,0.0680676249981561
1.20652692667317,0.0680850516215004
1.20689387307354,0.068102473932878
1.20726063203907,0.0681198919199218
1.20762720652247,0.0681373057204079
1.20799359683406,0.0681547153467529
1.20835980220296,0.0681721207598334
1.20872582678466,0.0681895221548215
1.20909167021721,0.0682069195123388
1.20945733451339,0.0682243129257994
1.20982281920809,0.0682417023708407
1.21018812724331,0.0682590879852333
1.21055325863936,0.0682764697678589
1.21091821531878,0.068293847808096
1.21128299760244,0.0683112221191596
1.21164760719385,0.0683285927801226
1.21201204406969,0.0683459597878532
1.21237630989973,0.0683633232198947
1.2127404073234,0.0683806832002164
1.21310433480445,0.0683980396536597
1.2134680950642,0.0684153927080318
1.21383168813536,0.0684327423631053
1.21419511582597,0.0684500887033096
1.21455837956892,0.068467431795321
1.21492147888319,0.0684847716143896
1.21528441534644,0.0685021082340619
1.21564719088601,0.0685194417447846
1.21600980443508,0.0685367720938986
1.2163722599451,0.0685540994686221
1.21673455566071,0.0685714237835132
1.21709669317673,0.0685887451131185
1.2174586745164,0.0686060635527466
1.21782049992795,0.0686233791128107
1.21818216989806,0.0686406918150549
1.21854368654121,0.0686580017592645
1.21890504975334,0.0686753089390693
1.21926626056319,0.0686926134022846
1.21962732111388,0.0687099152502762
1.21998822949252,0.068727214390004
1.2203489894216,0.0687445109985175
1.22070959959147,0.0687618050118287
1.22107006113732,0.0687790964829858
1.22143037700176,0.0687963855520129
1.22179054595021,0.0688136721585183
1.22215056904117,0.0688309563519921
1.2225104478746,0.0688482382081284
1.22287018354304,0.0688655177783325
1.22322977618742,0.068882795068261
1.22358922629086,0.0689000700999879
1.2239485349323,0.0689173429242983
1.22430770378458,0.0689346136206398
1.22466673306795,0.0689518821986429
1.22502562328609,0.0689691486815068
1.22538437534178,0.0689864131116971
1.22574298988918,0.069003675519769
1.22610146753687,0.0690209359340971
1.22645980996996,0.0690381944349681
1.22681801740792,0.0690554510321407
1.22717609049549,0.0690727057558021
1.22753402915143,0.0690899586011803
1.2278918361438,0.0691072097009458
1.22824951006517,0.0691244589865244
1.22860705258253,0.0691417065374621
1.22896446554641,0.0691589524424248
1.22932174863788,0.0691761966853722
1.22967890197378,0.0691934392711749
1.23003592681153,0.0692106802598676
1.23039282458094,0.0692279197199502
1.23074959397491,0.0692451575876408
1.23110623674033,0.0692623939466626
1.23146275367302,0.0692796288349854
1.23181914599021,0.0692968623109481
1.23217541451587,0.0693140944139237
1.23253155917829,0.0693313251399298
1.2328875803853,0.0693485545081517
1.23324347913466,0.0693657825664179
1.23359925572565,0.0693830093287856
1.23395491136427,0.0694002348532377
1.23431044688429,0.0694174591798125
1.23466586233618,0.0694346823105697
1.23502115785238,0.0694519042515035
1.23537633571834,0.0694691251130989
1.23573139501632,0.0694863448505988
1.23608633663089,0.0695035635065052
1.2364411630876,0.0695207812031736
1.23679587184019,0.0695379978167892
1.23715046473317,0.0695552134364631
1.23750494423,0.069572428181759
1.23785930892029,0.0695896419840412
1.23821355900819,0.0696068548528782
1.2385676968443,0.0696240669023767
1.23892172169552,0.0696412780968357
1.23927563591138,0.0696584885503567
1.2396294381568,0.069675698197957
1.23998312918333,0.0696929070759774
1.24033670999667,0.0697101152333165
1.24069018070902,0.069727322675401
1.24104354306878,0.0697445294873434
1.24139679617325,0.069761735625193
1.2417499419258,0.0697789411816233
1.24210298055234,0.0697961461677551
1.24245591228884,0.0698133505951009
1.2428087373462,0.069830554473962
1.24316145573909,0.0698477578050763
1.24351406924453,0.0698649606752314
1.24386657812516,0.0698821630974372
1.24421898199422,0.0698993650528831
1.2445712820902,0.0699165666021267
1.24492347910829,0.0699337677793355
1.24527557374712,0.0699509686188358
1.24562756671594,0.0699681691555002
1.24597945743271,0.0699853693610622
1.2463312468528,0.0700025692823859
1.24668293623644,0.0700197689814065
1.24703452514973,0.070036968437187
1.24738601436456,0.0700541676877103
1.24773740447287,0.0700713667622615
1.24808869472315,0.0700885656243134
1.24843988763364,0.0701057643974844
1.24879098204183,0.0701229630252641
1.24914197937735,0.070140161577959
1.24949288003332,0.0701573600752715
1.24984368484042,0.0701745585583234
1.25019439365526,0.0701917570204863
1.25054500650505,0.0702089554634449
1.25089552503128,0.0702261539681773
1.25124594879588,0.0702433525136939
1.25159627863612,0.0702605511415021
1.25194651419843,0.0702777498347112
1.25229665801419,0.07029494871817
1.25264670797126,0.0703121476886791
1.25299666640376,0.0703293468613412
1.2533465330173,0.0703465462223406
1.2536963087632,0.0703637458189755
1.25404599338291,0.0703809456391125
1.25439558762436,0.0703981457200854
1.25474509209371,0.0704153460923568
1.25509450712474,0.0704325467729859
1.25544383226891,0.0704497477404656
1.25579306841596,0.0704669490392012
1.25614221685809,0.0704841507335795
1.25649127722891,0.0705013528062587
1.25684024955065,0.0705185552589308
1.2571891353492,0.0705357581675351
1.25753793376648,0.0705529614904995
1.25788664700766,0.0705701653373079
1.25823527485144,0.0705873696979054
1.25858381711206,0.0706045745638054
1.25893227377347,0.0706217799349092
1.25928064661284,0.0706389858997932
1.25962893437395,0.0706561923972414
1.25997713814436,0.070673399481692
1.26032525847064,0.0706906071810383
1.26067329601212,0.0707078155287407
1.26102125057585,0.070725024516102
1.2613691226407,0.0707422341676184
1.26171691258326,0.0707594445027993
1.26206462132877,0.0707766555683499
1.26241224922704,0.0707938673825335
1.26275979593975,0.0708110799294751
1.26310726271266,0.0708282932717839
1.2634546493717,0.070845507401828
1.26380195735629,0.0708627223919077
1.26414918545953,0.0708799381831785
1.26449633524587,0.0708971548541243
1.26484340626262,0.0709143723833488
1.26519039815234,0.0709315907540194
1.26553731242758,0.0709488100422032
1.26588414910049,0.0709660302496214
1.26623090857245,0.0709832513972156
1.26657759186917,0.0710004735370223
1.26692419810028,0.0710176966258681
1.2672707280768,0.0710349207050434
1.2676171830913,0.0710521458399787
1.26796356234871,0.0710693719922771
1.26830986709055,0.0710865992247488
1.26865609610676,0.0711038274783121
1.26900225200994,0.0711210568841066
1.26934833319933,0.0711382873637062
1.26969434149923,0.0711555190090177
1.27004027570941,0.0711727517614898
1.2703861374554,0.0711899857032266
1.27073192693879,0.0712072208455897
1.27107764374389,0.071224457169024
1.27142328828298,0.0712416946952437
1.27176886084977,0.0712589334401375
1.2721143629991,0.0712761734825889
1.27245979412433,0.0712934147936531
1.27280515466504,0.071310657396468
1.27315044471318,0.0713279012969062
1.27349566408356,0.0713451464869635
1.2738408137299,0.0713623930155794
1.27418589429487,0.0713796409162649
1.27453090428405,0.0713968901155773
1.27487584638801,0.0714141407493379
1.275220719044,0.0714313927408524
1.27556552409736,0.0714486461837099
1.27591026155554,0.0714659010797783
1.27625493062372,0.0714831573905657
1.2765995337124,0.0715004152381745
1.27694406877345,0.0715176745214988
1.27728853741714,0.0715349353224811
1.27763294027024,0.0715521976740995
1.27797727585331,0.0715694615035703
1.2783215457493,0.0715867268916122
1.27866574965751,0.0716039938246867
1.27900988916328,0.0716212623838205
1.2793539634563,0.071638532529891
1.27969797269529,0.0716558042722438
1.28004191792343,0.0716730776647877
1.28038579870087,0.0716903526869737
1.28072961629594,0.0717076294040387
1.28107337010369,0.0717249077871585
1.28141706107653,0.0717421878857115
1.28176068840105,0.0717594696603557
1.28210425392894,0.0717767532057772
1.2824477558006,0.0717940384300265
1.28279119652033,0.0718113254606415
1.28313457486951,0.071828614238005
1.28347789261752,0.0718459048527698
1.28382114759302,0.0718631971971876
1.28416434235152,0.0718804914015344
1.28450747554683,0.0718977873997316
1.28485054850202,0.0719150852600313
1.28519356111214,0.071932384978879
1.28553651392352,0.0719496865854815
1.2858794068279,0.0719669900760596
1.28622224058492,0.071984295490633
1.28656501422834,0.0720016027820979
1.28690772956055,0.0720189120431454
1.2872503859333,0.0720362232428521
1.28759298415771,0.0720535364238733
1.28793552426849,0.0720708515897424
1.28827800631448,0.0720881687446472
1.28862043070314,0.0721054879109376
1.28896279869677,0.0721228091543159
1.28930510817944,0.0721401323694653
1.28964736140856,0.0721574576723075
1.28998955769959,0.0721747850301289
1.29033169726899,0.072192114455612
1.29067378124609,0.0722094460078258
1.29101580851268,0.0722267796319485
1.29135778014023,0.0722441153840339
1.29169969625594,0.0722614532724487
1.29204155734817,0.0722787933238203
1.29238336357391,0.0722961355479988
1.2927251152178,0.0723134799612964
1.29306681215638,0.0723308265593149
1.29340845442682,0.0723481753457863
1.29375004268235,0.0723655263557919
1.29409157637839,0.0723828795635729
1.29443305743921,0.0724002350688538
1.29477448444588,0.0724175928015139
1.29511585928038,0.0724349528591125
1.29545718128696,0.0724523152103652
1.2957984491973,0.0724696797925285
1.29613966477711,0.0724870466973503
1.29648082939829,0.0725044159968716
1.29682194152416,0.0725217876148601
1.29716300195075,0.0725391615937033
1.29750401122969,0.0725565379635849
1.29784496949911,0.0725739167335982
1.29818587647906,0.0725912978914623
1.29852673228072,0.0726086814448209
1.298867537159,0.072626067408709
1.29920829259126,0.0726434558606371
1.29954899713324,0.0726608467289958
1.29988965141827,0.0726782400480342
1.30023025616978,0.0726956358568428
1.30057081151715,0.07271303416417
1.30091131716632,0.0727304349570504
1.30125177281326,0.0727478382219569
1.3015921810942,0.0727652440958698
1.30193253937323,0.0727826524462026
1.30227284969648,0.0728000633795608
1.30261311126401,0.0728174768572783
1.30295332543743,0.072834892951168
1.30329349163802,0.0728523116338314
1.30363360975164,0.0728697329014883
1.30397368040532,0.0728871567884234
1.30431370338225,0.0729045832857325
1.30465367904726,0.0729220124142703
1.30499360860328,0.0729394442379926
1.30533349088,0.0729568786991136
1.30567332699994,0.0729743158573473
1.30601311724117,0.0729917557292913
1.30635286140857,0.0730091983071587
1.30669255940286,0.0730266435880345
1.3070322114661,0.0730440915865765
1.30737181860894,0.0730615423570274
1.30771138066401,0.07307899589313
1.30805089646289,0.0730964521369751
1.30839036740388,0.0731139111626714
1.30872979455457,0.0731313730276183
1.30906917595001,0.0731488376329846
1.30940851425479,0.0731663051181371
1.30974780839847,0.0731837754304797
1.31008705849472,0.0732012485780627
1.31042626470795,0.0732187245716812
1.31076542752744,0.073236203438913
1.31110454598003,0.0732536851319146
1.31144362143264,0.0732711697234706
1.3117826541214,0.0732886572282624
1.31212164380926,0.0733061476364242
1.31246059128132,0.0733236409908461
1.3127994958743,0.0733411372596993
1.31313835835854,0.0733586364851076
1.31347717908084,0.073376138687475
1.31381595733563,0.0733936438327346
1.314154694104,0.0734111519739701
1.3144933884478,0.0734286630651383
1.31483204143614,0.0734461771638998
1.31517065380336,0.073463694310823
1.31550922610296,0.0734812145371061
1.31584775639426,0.0734987377446862
1.31618624666581,0.0735162640388648
1.31652469636872,0.0735337933938634
1.31686310562586,0.0735513258184715
1.31720147415672,0.073568861300617
1.31753980282613,0.073586399887629
1.31787809211745,0.0736039416071904
1.31821634227237,0.073621486474409
1.31855455216173,0.0736390344331689
1.31889272281051,0.0736565855391055
1.31923085459203,0.0736741398142598
1.31956894741975,0.0736916972567153
1.31990700168623,0.0737092578894144
1.32024501669211,0.0737268216785681
1.32058299378408,0.0737443886967274
1.32092093240004,0.0737619589173516
1.32125883280635,0.0737795323568187
1.32159669558102,0.0737971090478414
1.32193452003583,0.0738146889572221
1.32227230711539,0.0738322721366998
1.32261005673581,0.0738498585846155
1.32294776876531,0.073867448296698
1.32328544389005,0.0738850413113413
1.3236230814012,0.0739026375942663
1.32396068255835,0.0739202372137623
1.32429824733996,0.0739378401714964
1.324635774735,0.0739554464173203
1.32497326586591,0.0739730560123993
1.3253107210341,0.0739906689752795
1.32564814039761,0.0740082853169342
1.32598552438895,0.0740259050626811
1.32632287181273,0.0740435281527413
1.32666018449557,0.0740611546852318
1.32699746082211,0.0740787845785432
1.32733470267503,0.0740964179337565
1.32767190865421,0.0741140546804978
1.32800908075694,0.0741316949259524
1.32834621780167,0.0741493386111887
1.32868331979599,0.0741669857392161
1.32902038745981,0.0741846363505219
1.32935742046273,0.0742022904306335
1.32969442025308,0.0742199480582567
1.33003138489627,0.0742376091348321
1.33036831634308,0.0742552737653025
1.33070521385917,0.074272941914138
1.33104207699452,0.0742906135604194
1.3313789071935,0.0743082887827745
1.33171570378431,0.0743259675488895
1.33205246750757,0.0743436499004396
1.33238919803848,0.074361335823261
1.33272589554194,0.074379025328828
1.33306256040273,0.0743967184402448
1.33339919203105,0.0744144151293723
1.33373579245975,0.0744321155060211
1.33407236020167,0.074449819494991
1.33440889562614,0.0744675271184386
1.3347453987844,0.0744852383819841
1.33508186999359,0.0745029533052449
1.33541830966879,0.0745206719130463
1.33575471813004,0.0745383942252276
1.33609109492682,0.0745561202209771
1.33642744059086,0.074573849931221
1.33676375519421,0.0745915833627611
1.33710003815026,0.07460932048757
1.33743629056505,0.0746270613669436
1.33777251155049,0.0746448059570458
1.3381087020321,0.0746625543096449
1.33844486260142,0.0746803064590949
1.33878099247478,0.0746980623670025
1.33911709217754,0.0747158220640426
1.3394531619403,0.0747335855654741
1.33978920167611,0.0747513528697215
1.34012521156047,0.0747691239890754
1.34046119093319,0.0747868988915977
1.3407971416472,0.0748046776784013
1.34113306190116,0.0748224602572748
1.34146895318235,0.0748402467098744
1.3418048151323,0.0748580370204102
1.3421406484099,0.0748758312268439
1.34247645267004,0.0748936293139982
1.34281222841073,0.0749114313113287
1.34314797529975,0.0749292372043314
1.34348369389652,0.074947047025757
1.34381938415236,0.0749648607761784
1.34415504644726,0.0749826784788855
1.3444906806073,0.0750005001277852
1.34482628639551,0.0750183257133679
1.34516186435134,0.0750361552674144
1.3454974141841,0.0750539887776528
1.34583293616606,0.0750718262616688
1.34616843087982,0.075089667753654
1.34650389884424,0.0751075132844653
1.34683933896924,0.0751253627992497
1.34717475220452,0.0751432163516373
1.34751013808524,0.0751610739201332
1.34784549744848,0.0751789355524993
1.34818083022498,0.0751968012483323
1.34851613551626,0.0752146709628732
1.34885141456581,0.0752325447655716
1.34918666762965,0.0752504226734617
1.34952189352338,0.0752683046265373
1.34985709383421,0.0752861907126562
1.35019226807106,0.0753040809090036
1.35052741615137,0.0753219752143424
1.3508625392863,0.0753398736966671
1.35119763540583,0.0753577762486582
1.35153270671926,0.0753756829915147
1.3518677525768,0.0753935938940057
1.35220277330678,0.0754115089769073
1.35253776807896,0.075429428199072
1.35287273884709,0.0754473516683443
1.35320768411618,0.0754652793081597
1.35354260438003,0.0754832111480988
1.35387750096755,0.0755011472627919
1.35421237126273,0.0755190875154131
1.35454721768346,0.0755370320386724
1.35488203940549,0.075554980791973
1.35521683717494,0.0755729338186107
1.35555161083867,0.0755908911137993
1.35588635989721,0.0756088526540349
1.35622108566025,0.0756268185129892
1.35655578738797,0.0756447886544343
1.3568904647229,0.0756627630624239
1.35722511869781,0.0756807417958353
1.35755974972728,0.0756987248805037
1.35789435776454,0.0757167123173691
1.35822894223222,0.0757347040787405
1.35856350336396,0.0757527001805332
1.35889804119148,0.0757707006279041
1.35923255583098,0.0757887054305467
1.35956704802575,0.0758067146319764
1.35990151766229,0.075824728229613
1.36023596501788,0.0758427462418473
1.36057038917373,0.0758607686225888
1.36090479118132,0.0758787954319283
1.36123917138785,0.0758968266922221
1.36157352849831,0.0759148623370557
1.36190786377381,0.0759329024378635
1.36224217757779,0.0759509470179452
1.36257646881056,0.0759689960214041
1.36291073826848,0.0759870494946547
1.36324498596099,0.0760051074418172
1.363579212363,0.0760231698921144
1.36391341788633,0.0760412368714244
1.36424760176972,0.0760593083421194
1.36458176355215,0.0760773842826611
1.36491590491307,0.0760954647875197
1.36525002449672,0.0761135497870043
1.36558412359915,0.0761316393547538
1.3659182015089,0.0761497334559232
1.36625225869695,0.076167832119539
1.36658629570317,0.0761859353785393
1.36692031173105,0.0762040431933514
1.36725430792325,0.0762221556295067
1.3675882840609,0.0762402726788785
1.36792223979456,0.0762583943260676
1.36825617509682,0.0762765205731522
1.36859009005314,0.0762946514283978
1.36892398612342,0.0763127869748509
1.36925786153865,0.0763309271201203
1.36959171701029,0.076349071906321
1.36992555393066,0.0763672214129928
1.37025937039325,0.0763853755401836
1.37059316796957,0.0764035343768961
1.37092694538168,0.076421697857382
1.37126070497265,0.0764398661128652
1.37159444456947,0.0764580390288843
1.37192816515607,0.0764762166624978
1.37226186670696,0.0764943990161472
1.37259554865662,0.0765125860626817
1.37292921224189,0.0765307778732543
1.37326285834304,0.0765489744998367
1.37359648547607,0.0765671758652267
1.37393009397439,0.0765853819911678
1.37426368398343,0.0766035928893972
1.37459725544156,0.0766218085603235
1.37493080925377,0.0766400290572037
1.37526434446378,0.0766582543316115
1.37559786222929,0.0766764844505486
1.37593136183912,0.0766947193790234
1.3762648438612,0.0767129591518302
1.37659830738297,0.0767312037228486
1.37693175359994,0.0767494531612668
1.37726518277118,0.0767677074852658
1.37759859382411,0.0767859666398897
1.3779319878347,0.0768042306878241
1.3782653643848,0.0768224996101049
1.37859872407629,0.0768407734435531
1.37893206674871,0.0768590521832873
1.37926539260982,0.0768773358445523
1.37959870133905,0.076895624413623
1.37993199411988,0.0769139179593688
1.38026526929691,0.0769322163948273
1.38059852805826,0.0769505197889858
1.38093176991196,0.0769688281188335
1.3812649957472,0.0769871414371362
1.38159820506456,0.07700545972043
1.38193139884651,0.0770237830266579
1.38226457532997,0.0770421112627591
1.38259773583454,0.0770604445051118
1.38293088037073,0.0770787827584099
1.38326400955451,0.077097126060568
1.38359712242864,0.0771154743628198
1.38393021937702,0.0771338276901559
1.38426330086518,0.0771521860722798
1.38459636601523,0.0771705494647602
1.38492941596612,0.0771889179343375
1.38526245114057,0.0772072915085063
1.38559547179892,0.077225670205714
1.38592847662639,0.0772440539573115
1.38626146661157,0.0772624428217737
1.3865944416168,0.0772808367956431
1.3869274017731,0.0772992358901808
1.38726034688649,0.0773176400986953
1.38759327686464,0.0773360494200791
1.38792619231295,0.0773544638918887
1.38825909315392,0.0773728835139696
1.38859197928017,0.0773913082844123
1.38892485061369,0.0774097382029316
1.38925770798878,0.0774281733198491
1.38959055083476,0.077446613607704
1.38992337952961,0.0774650590914684
1.39025619420497,0.0774835097825873
1.39058899492304,0.0775019656886334
1.39092178141719,0.0775204267989059
1.39125455388992,0.0775388931287258
1.39158731308219,0.0775573647234241
1.39192005832575,0.077575841550083
1.392252789453,0.0775943236034099
1.39258550771149,0.0776128109569255
1.3929182125696,0.0776313035853807
1.39325090378863,0.0776498014795598
1.39358358123601,0.0776683046361986
1.39391624608649,0.0776868131248923
1.39424889681997,0.0777053268652766
1.39458153503982,0.0777238459506876
1.39491416065227,0.077742370380324
1.39524677373476,0.0777609001626956
1.39557937279414,0.0777794352186888
1.39591195955531,0.077797975648569
1.39624453358393,0.0778165214325611
1.39657709537248,0.0778350726023437
1.39690964395868,0.0778536291084469
1.39724218001599,0.077872190992602
1.39757470498676,0.0778907583398039
1.39790721771144,0.0779093310896815
1.39823971796443,0.0779279092336976
1.39857220603388,0.0779464927922065
1.3989046816042,0.0779650817518661
1.39923714500087,0.077983676135141
1.39956959674005,0.0780022759752864
1.39990203698715,0.0780208812859527
1.40023446552371,0.078039492059221
1.40056688214942,0.0780581082881341
1.4008992868517,0.0780767299762687
1.401231679597,0.0780953571260628
1.40156406094443,0.0781139897732276
1.40189643172767,0.0781326279690027
1.40222879072679,0.0781512716493365
1.40256113879848,0.0781699208665302
1.4028934754747,0.0781885755987611
1.4032258010491,0.0782072358668421
1.40355811574886,0.078225901687969
1.40389041905509,0.0782445730373663
1.40422271223934,0.0782632499909109
1.40455499450717,0.0782819325084688
1.40488726565849,0.0783006205830535
1.40521952625382,0.0783193142506185
1.40555177644307,0.0783380135241215
1.4058840164107,0.0783567184184154
1.4062162460199,0.0783754289302486
1.40654846583533,0.0783941450958979
1.40688067493004,0.0784128668675917
1.40721287409504,0.0784315942943007
1.40754506224466,0.0784503273192977
1.4078772406581,0.0784690660191499
1.40820940861979,0.0784878103580976
1.40854156704607,0.0785065603923144
1.4088737156482,0.0785253161101012
1.40920585469314,0.0785440775310159
1.40953798338676,0.0785628446146621
1.40987010277592,0.0785816174246824
1.41020221270607,0.0786003959570106
1.41053431316204,0.0786191802152963
1.41086640373509,0.0786379701809064
1.41119848558478,0.0786567659240399
1.41153055791664,0.0786755674043885
1.41186262077763,0.0786943746290479
1.41219467435523,0.0787131876132193
1.41252671876645,0.0787320063681452
1.41285875439079,0.0787508309199701
1.41319078137138,0.0787696612814669
1.41352279954398,0.0787884974479237
1.41385480781563,0.0788073393617937
1.41418680825951,0.0788261871453702
1.41451880028658,0.0788450407701037
1.41485078317604,0.0788639001995254
1.41518275781297,0.0788827654885088
1.41551472336949,0.0789016365947038
1.41584668068856,0.0789205135706284
1.41617862946957,0.0789393964039387
1.41651057026466,0.0789582851307125
1.41684250242431,0.0789771797186743
1.41717442666967,0.0789960802135129
1.41750634306903,0.0790149866239163
1.4178382516444,0.0790338989558453
1.41817015243757,0.0790528172163848
1.41850204461393,0.0790717413625842
1.41883392958616,0.0790906714797131
1.41916580686758,0.0791096075449126
1.41949767656569,0.0791285495689827
1.41982953897473,0.0791474975734957
1.42016139345921,0.0791664515268954
1.42049323992425,0.0791854114283984
1.42082507907105,0.0792043773228729
1.42115691141197,0.0792233492445385
1.42148873604802,0.0792423271467634
1.4218205541037,0.0792613110985997
1.42215236505798,0.0792803010751571
1.42248416796661,0.0792992970270069
1.42281596400767,0.0793182990263524
1.42314775308019,0.0793373070724034
1.42347953488915,0.0793563211530289
1.42381131051083,0.0793753413347892
1.42414307928564,0.0793943675848055
1.42447484114695,0.0794133999039813
1.42480659634728,0.079432438311653
1.42513834461987,0.0794514827973801
1.42547008727764,0.0794705334414832
1.42580182309416,0.0794895901784965
1.42613355275303,0.0795086530524319
1.42646527525608,0.079527722010814
1.42679699200622,0.0795467971391611
1.42712870258973,0.079565878418769
1.42746040720073,0.0795849658656685
1.42779210570926,0.0796040594773087
1.4281237978686,0.0796231592443584
1.42845548373803,0.0796422651751204
1.42878716378204,0.0796613773013433
1.42911883792684,0.0796804956237867
1.42945050569158,0.0796996201196164
1.42978216792937,0.0797187508429809
1.43011382513285,0.0797378878274509
1.43044547596005,0.0797570310005101
1.43077712227707,0.0797761804748124
1.43110876280552,0.0797953361817095
1.43144039766007,0.0798144981326226
1.43177202757303,0.0798336663749556
1.43210365184563,0.0798528408733864
1.43243527086975,0.079872021655517
1.43276688465624,0.0798912087270654
1.43309849333872,0.0799104021008127
1.43343009637152,0.0799296017501799
1.43376169450172,0.0799488077234512
1.43409328759201,0.0799680200178351
1.43442487679077,0.0799872387050341
1.43475646075714,0.0800064637124565
1.4350880400154,0.0800256950754031
1.4354196141943,0.0800449327774718
1.43575118347934,0.0800641768344784
1.43608274894204,0.0800834273138605
1.43641430915161,0.080102684137692
1.43674586505635,0.0801219473660209
1.43707741651807,0.0801412169960805
1.43740896343953,0.0801604930273219
1.43774050576218,0.0801797754614549
1.43807204388387,0.0801990643267901
1.43840357773273,0.0802183596243596
1.43873510788725,0.0802376613930443
1.43906663348594,0.0802569695878597
1.43939815569153,0.0802762842816765
1.43972967365861,0.0802956054305351
1.44006118655897,0.0803149329911244
1.44039269669531,0.0803342671029888
1.44072420284525,0.0803536077003187
1.44105570554078,0.0803729548192212
1.44138720447984,0.08039230844734
1.44171869919899,0.0804116685627495
1.44205019092729,0.0804310352425178
1.44238167845521,0.080450408421315
1.4427131629107,0.0804697881702282
1.44304464307905,0.0804891744235624
1.44337612081902,0.0805085672952833
1.44370759477411,0.0805279667114839
1.444039065953,0.0805473727363571
1.44437053369094,0.0805667853363735
1.44470199798463,0.080586204516529
1.44503345942974,0.0806056303170882
1.44536491782463,0.0806250627316377
1.44569637333702,0.08064450177532
1.44602782623919,0.0806639474694931
1.44635927602291,0.0806833997896753
1.44669072267964,0.0807028587406219
1.44702216594594,0.0807223243121898
1.4473536067192,0.0807417965624927
1.44768504542513,0.0807612755221211
1.44801648068382,0.0807807611152787
1.44834791419995,0.0808002534475088
1.4486793455908,0.0808197525019537
1.44901077449906,0.0808392582629015
1.4493422001049,0.0808587706873519
1.44967362358756,0.0808782898501304
1.45000504494434,0.080897815756718
1.45033646431935,0.0809173484210653
1.45066788112487,0.0809368878139326
1.45099929566581,0.0809564339586727
1.45133070827604,0.0809759868805205
1.45166211953015,0.0809955466189743
1.45199352737332,0.0810151130581081
1.45232493387408,0.0810346863253827
1.45265633804527,0.08105426636824
1.45298774073016,0.0810738532419256
1.45331914141273,0.0810934469215288
1.45365054098788,0.081113047465483
1.45398193871971,0.0811326548358592
1.45431333477662,0.0811522690480398
1.4546447292415,0.0811718901125028
1.45497612244644,0.0811915180545141
1.45530751390723,0.0812111528509552
1.45563890455299,0.0812307945624596
1.45597029255503,0.081250443086169
1.45630167948779,0.0812700985208568
1.4566330644213,0.08128976081712
1.45696444898063,0.0813094300769915
1.45729583204219,0.081329106239545
1.45762721395494,0.0813487893309427
1.45795859498697,0.0813684793728045
1.45828997461719,0.0813881763397855
1.45862135344369,0.0814078802730386
1.4589527312189,0.0814275911635628
1.4592841080054,0.0814473090206894
1.4596154844174,0.0814670338867037
1.45994686034974,0.0814867657611154
1.46027823482612,0.0815065045913338
1.46060960902711,0.0815262504533122
1.4609409824973,0.0815460033257734
1.46127235547645,0.0815657632286562
1.46160372817088,0.0815855301800369
1.46193509993313,0.0816053041469736
1.462266471421,0.0816250851743977
1.4625978421637,0.0816448732400007
1.46292921263048,0.0816646683775147
1.46326058355707,0.0816844706368039
1.46359195431413,0.0817042799860884
1.46392332392541,0.0817240963725428
1.46425469334642,0.0817439198589961
1.46458606287345,0.0817637504691651
1.46491743201187,0.0817835881792433
1.4652488017443,0.0818034330538687
1.46558017113323,0.0818232850427712
1.46591154126441,0.0818431442167618
1.4662429113223,0.0818630105328927
1.46657428070983,0.0818828839609772
1.46690565095542,0.0819027645985756
1.46723702167126,0.0819226524285149
1.46756839170995,0.0819425473875844
1.46789976312803,0.0819624496051322
1.46823113498509,0.0819823590308234
1.46856250681068,0.0820022756420512
1.46889387932426,0.0820221994879274
1.46922525234521,0.0820421305636044
1.46955662561424,0.08206206885933
1.46988800006484,0.0820820144372401
1.47021937446396,0.0821019672290678
1.47055074999629,0.0821219273119796
1.4708821264978,0.082141894682232
1.47121350368209,0.0821618693284543
1.47154488130805,0.0821818512419773
1.47187625974907,0.0822018404512695
1.47220763983538,0.0822218370125537
1.47253902036815,0.0822418408594864
1.47287040220288,0.0822618520495656
1.47320178458754,0.0822818705434397
1.47353316904368,0.0823018964390695
1.47386455367012,0.0823219296276388
1.47419594005007,0.0823419702107047
1.47452732820554,0.0823620181959233
1.47485871759874,0.0823820735567541
1.47519010819131,0.08240213629681
1.47552150030293,0.0824222064415277
1.47585289368321,0.0824422839818451
1.47618428844211,0.0824623689304623
1.47651568507351,0.0824824613234721
1.47684708299969,0.0825025611319671
1.47717848283314,0.0825226683991543
1.47750988347581,0.0825427830644974
1.47784128703424,0.082562905262011
1.47817269214887,0.0825830349155142
1.47850409791808,0.0826031719760088
1.47883550662282,0.0826233165883133
1.47916691668477,0.0826434686628939
1.47949832965469,0.0826636283001006
1.47982974399758,0.0826837954128306
1.48016116041828,0.0827039700499435
1.48049257869083,0.0827241522039671
1.48082399921772,0.0827443419056181
1.48115542162845,0.0827645391385584
1.48148684678614,0.082784743961629
1.48181827364663,0.0828049563174323
1.48214970277473,0.0828251762465038
1.48248113430759,0.0828454037635661
1.48281256808378,0.0828656388650218
1.48314400428789,0.0828858815683789
1.4834754432917,0.0829061319026852
1.48380688447759,0.0829263898364735
1.48413832788498,0.0829466553783101
1.4844697750483,0.0829669286284945
1.4848012244627,0.0829872095014062
1.48513267666371,0.0830074980358933
1.48546413084432,0.0830277941888667
1.48579558794407,0.0830480980241411
1.48612704790003,0.0830684095443695
1.48645851089643,0.0830887287671992
1.4867899761976,0.083109055653822
1.48712144406047,0.0831293902262292
1.48745291529749,0.0831497325407714
1.48778438982015,0.0831700825985445
1.48811586685233,0.0831904403581719
1.48844734697839,0.0832108058618402
1.48877883030115,0.0832311791223917
1.4891103172299,0.0832515601714659
1.48944180707827,0.0832719489732799
1.48977330081534,0.0832923455938484
1.4901047973705,0.0833127499737932
1.49043629698531,0.0833331621342529
1.49076779991877,0.0833535820977019
1.4910993064886,0.0833740098902705
1.49143081639493,0.0833944454999816
1.49176232980554,0.0834148889436182
1.49209384730592,0.0834353402638813
1.4924253679034,0.0834557994060297
1.49275689239672,0.0834762664257648
1.49308842009274,0.0834967412868824
1.49341995170795,0.0835172240401128
1.49375148688491,0.0835377146700052
1.49408302563492,0.0835582131837361
1.4944145692242,0.0835787196663015
1.49474611586182,0.0835992340135313
1.49507766629495,0.0836197562779587
1.49540922027643,0.0836402864509692
1.49574077888238,0.0836608246058811
1.49607234122122,0.0836813706941713
1.49640390777496,0.0837019247521967
1.49673547876652,0.0837224868005105
1.49706705388641,0.0837430568265601
1.49739863269607,0.0837636348096563
1.4977302157187,0.0837842207888851
1.49806180266461,0.0838048147529845
1.49839339453024,0.0838254167705742
1.49872499013194,0.0838460267748365
1.49905658997863,0.0838666448039037
1.4993881942392,0.0838872708750792
1.49971980345942,0.0839079050291179
1.50005141674639,0.0839285472171657
1.50038303490344,0.0839491974958616
1.50071465742829,0.0839698558407523
1.50104628478611,0.0839905222875107
1.50137791688821,0.0840111968374396
1.50170955355463,0.0840318794860387
1.50204119454866,0.0840525702252398
1.50237284080105,0.0840732691199545
1.50270449136501,0.084093976117949
1.50303614684977,0.084114691263936
1.50336780765378,0.0841354145897727
1.50369947295874,0.0841561460511274
1.50403114251882,0.0841768856392481
1.50436281715357,0.084197633412249
1.50469449722,0.0842183893995211
1.50502618263605,0.0842391536028449
1.50535787268969,0.0842599259843887
1.50568956826969,0.0842807066066383
1.50602126809473,0.0843014953962143
1.50635297374599,0.0843222924590355
1.50668468464401,0.0843430977659164
1.50701640102958,0.0843639113387852
1.5073481227571,0.0843847331754445
1.50767984932171,0.0844055632510315
1.50801158141445,0.0844264016158528
1.50834331972924,0.0844472483206756
1.50867506308257,0.0844681032980828
1.50900681119131,0.0844889665369482
1.50933856590904,0.0845098381609818
1.5096703253284,0.0845307180573181
1.51000209101183,0.0845516063310901
1.51033386213843,0.0845725029378222
1.51066563879172,0.0845934078896318
1.5109974211866,0.0846143212071158
1.51132920921796,0.0846352428907094
1.51166100269691,0.0846561729354921
1.51199280250275,0.0846771114040484
1.51232460783522,0.0846980582530131
1.51265641919017,0.0847190135206533
1.51298823687724,0.0847399772337379
1.51332006063553,0.0847609493829063
1.51365189040306,0.0847819299712761
1.51398372564814,0.0848029189722498
1.51431556711341,0.0848239164398988
1.51464741499971,0.084844922394241
1.514979268844,0.0848659368130914
1.5153111284213,0.0848869596892122
1.51564299474308,0.08490799109391
1.51597486709125,0.0849290309889664
1.51630674604215,0.0849500794180177
1.51663863088094,0.0849711363429316
1.51697052246059,0.084992201824981
1.51730242012144,0.0850132758295908
1.51763432410454,0.0850343583791725
1.51796623442686,0.0850554494820722
1.51829815158108,0.0850765491768964
1.51863007493688,0.0850976574308403
1.51896200528663,0.0851187743015128
1.51929394187526,0.0851398997482043
1.51962588527976,0.0851610338148237
1.51995783557348,0.0851821765134511
1.52028979266824,0.0852033278457714
1.52062175651533,0.085224487815959
1.52095372676048,0.0852456564086813
1.52128570392115,0.0852668336642482
1.52161768793538,0.0852880195861433
1.52194967854835,0.0853092141654002
1.52228167601655,0.0853304174257184
1.5226136806674,0.0853516293954627
1.52294569204919,0.0853728500531568
1.52327771062853,0.085394079435965
1.52360973563014,0.085415317501695
1.52394176813282,0.0854365643267268
1.52427380838295,0.0854578199345012
1.52460585579756,0.0854790842951068
1.52493791014722,0.0855003574011205
1.52526997122629,0.0855216392467236
1.52560203964608,0.0855429298785838
1.52593411550775,0.0855642293107982
1.52626619866009,0.0855855375411446
1.52659828950144,0.0856068546026819
1.52693038737444,0.0856281804607036
1.5272624928679,0.0856495151604545
1.52759460552743,0.0856708586803215
1.52792672591393,0.0856922110638512
1.52825885469318,0.085713572361597
1.52859099010328,0.0857349424676977
1.52892313381508,0.085756321497049
1.52925528429237,0.0857777093584856
1.52958744281972,0.085799106142146
1.52991960877101,0.0858205118154697
1.53025178348799,0.085841926472575
1.53058396450261,0.0858633499619113
1.53091615401443,0.0858847824327023
1.53124835119182,0.0859062238392797
1.53158055624395,0.0859276742026399
1.53191276866316,0.085949133497612
1.53224498919594,0.085970601780058
1.5325772178112,0.0859920790557927
1.53290945500578,0.0860135653646786
1.5332416995571,0.0860350606352759
1.53357395288516,0.0860565649670729
1.53390621370428,0.0860780782847025
1.53423848260228,0.0860996006337476
1.53457075998571,0.0861211320484459
1.5349030453978,0.0861426725069792
1.53523533904364,0.0861642220303183
1.53556764092547,0.0861857806264089
1.53589995111561,0.0862073483077298
1.5362322692233,0.0862289250566604
1.5365645954112,0.0862505108914849
1.53689693033241,0.0862721058625461
1.53722927408397,0.0862937099841293
1.53756162644433,0.0863153232496515
1.53789398625083,0.0863369455911199
1.53822635593623,0.0863585771747198
1.53855873284607,0.0863802178357297
1.53889111840493,0.086401867674375
1.53922351268113,0.0864235267032903
1.53955591552458,0.0864451949205943
1.53988832713636,0.0864668723472791
1.54022074775548,0.086488559006917
1.54055317663328,0.0865102548585327
1.54088561520461,0.0865319600037321
1.54121806186867,0.086553674346043
1.54155051744183,0.0865753979464975
1.54188298205081,0.0865971308215313
1.5422154551011,0.0866188729402154
1.54254793681755,0.0866406243251255
1.54288042737095,0.0866623849954987
1.5432129272951,0.0866841549943921
1.54354543598088,0.0867059342899768
1.54387795436572,0.0867277229516731
1.54421048130989,0.0867495209128851
1.54454301794854,0.0867713282559791
1.54487556345005,0.0867931449346178
1.54520811844146,0.0868149709979194
1.54554068205775,0.0868368063972134
1.54587325488236,0.0868586511787873
1.54620583716233,0.0868805053671361
1.54653842935089,0.0869023690002916
1.54687102969715,0.0869242419711377
1.54720363965946,0.0869461243835131
1.54753625946175,0.0869680162606588
1.54786888853761,0.0869899175734444
1.54820152714087,0.0870118283466553
1.54853417486845,0.0870337485619178
1.5488668316918,0.0870556782254429
1.54919949857108,0.0870776174088577
1.54953217485668,0.08709956607767
1.54986486091376,0.0871215242641009
1.55019755675847,0.0871434919775359
1.55053026207015,0.0871654692050084
1.55086297759531,0.0871874560041258
1.55119570219018,0.087209452307588
1.5515284358418,0.087231458122552
1.55186117937763,0.0872534735121354
1.55219393287489,0.0872754984899601
1.55252669641296,0.0872975330696276
1.55285947065608,0.0873195773035592
1.55319225486234,0.0873416311510025
1.55352504799216,0.0873636945510908
1.55385785106879,0.0873857675799133
1.55419066419014,0.087407850252594
1.55452348707734,0.0874299425590076
1.55485632039074,0.0874520445514074
1.55518916279375,0.0874741561493964
1.55552201623369,0.0874962774907232
1.55585487939109,0.0875184084963823
1.55618775360327,0.0875405492636259
1.55652063786664,0.0875626997343147
1.55685353220893,0.0875848599185366
1.55718643700192,0.0876070298495698
1.55751935110145,0.0876292094596339
1.55785227551956,0.0876513988245287
1.55818521057073,0.0876735979739985
1.55851815577763,0.0876958068847543
1.55885111155535,0.0877180255929574
1.55918407860587,0.0877402541541961
1.55951705568753,0.0877624924941266
1.55985004264259,0.0877847406104616
1.56018304017052,0.0878069985585675
1.56051604790454,0.087829266322634
1.56084906707872,0.0878515439938884
1.56118209617006,0.0878738314791279
1.56151513628909,0.0878961288611016
1.56184818664163,0.0879184360954103
1.56218124802117,0.0879407532437858
1.56251432015308,0.0879630802966332
1.56284740254212,0.0879854172292941
1.56318049615815,0.0880077641155111
1.56351360050298,0.0880301209307191
1.5638467152985,0.0880524876648053
1.56417984073778,0.0880748643394048
1.56451297733766,0.0880972509980863
1.5648461251894,0.088119647655868
1.56517928328464,0.0881420542535928
1.56551245261904,0.0881644708668846
1.56584563280417,0.0881868974785643
1.56617882434269,0.0882093341312503
1.56651202691165,0.0882317808120675
1.5668452405627,0.0882542375332452
1.56717846474972,0.0882767042667286
1.56751170049633,0.0882991810903913
1.56784494671582,0.0883216679398707
1.56817820386572,0.0883441648547048
1.56851147300638,0.088366671915607
1.56884475366406,0.0883891890996665
1.56917804455451,0.0884117163287104
1.5695113479578,0.0884342537657737
1.56984466302889,0.0884568013630767
1.57017798869538,0.0884793590566671
1.57051132661139,0.08850192696741
1.57084467481253,0.0885245049713848
1.57117803483112,0.0885470931811124
1.57151140603526,0.0885696915630293
1.57184478851836,0.0885923001323393
1.57217818201302,0.0886149188798818
1.57251158832201,0.0886375479371916
1.5728450051819,0.0886601871597815
1.57317843356868,0.0886828366225544
1.57351187510751,0.0887054964454329
1.57384532730213,0.0887281664678948
1.57417879106574,0.0887508467606294
1.5745122666064,0.0887735373471155
1.57484575368014,0.0887962382198962
1.57517925275517,0.0888189494199697
1.57551276315941,0.0888416709107119
1.5758462855664,0.0888644027470896
1.57617981972822,0.0888871449214839
1.57651336586534,0.0889098974580747
1.57684692381225,0.0889326603547765
1.57718049359563,0.0889554336225663
1.57751407555052,0.0889782172935792
1.57784766913594,0.0890010113400908
1.57818127465303,0.0890238157918151
1.57851489303624,0.0890466307220899
1.57884852226902,0.0890694560021977
1.5791821644519,0.0890922917849354
1.5795158186968,0.0891151380191784
1.57984948448317,0.0891379946782976
1.58018316270869,0.0891608618330833
1.58051685339842,0.0891837394948057
1.58085055598498,0.0892066276338271
1.58118427094129,0.0892295262918555
1.58151799810045,0.0892524354668881
1.58185173778886,0.089275355190718
1.58218548972629,0.0892982854535239
1.58251925418744,0.0893212262835524
1.58285303107866,0.0893441776838332
1.5831868200599,0.0893671396403338
1.58352062146568,0.0893901121854702
1.58385443545431,0.0894130953396953
1.58418826135053,0.0894360890659179
1.58452209910765,0.0894590933702087
1.58485595032678,0.0894821083726095
1.58518981442671,0.0895051340428786
1.58552369090973,0.0895281703559908
1.58585757943122,0.0895512172974954
1.58619148093792,0.0895742749423359
1.58652539477678,0.0895973432551088
1.58685932146301,0.0896204222808953
1.58719326099496,0.0896435120292805
1.58752721269069,0.0896666124626014
1.58786117781016,0.0896897236776356
1.58819515626797,0.0897128456784021
1.58852914669851,0.0897359783797672
1.58886315036696,0.0897591218788435
1.58919716717811,0.089782276178998
1.58953119680566,0.0898054412672305
1.58986523938472,0.0898286171625321
1.59019929404579,0.089851803814169
1.59053336211692,0.0898750013240189
1.59086744237446,0.0898982096169748
1.59120153621195,0.0899214287994955
1.59153564321244,0.0899446588526334
1.59186976303501,0.089967899762296
1.59220389586513,0.0899911515510899
1.59253804198675,0.0900144142486511
1.59287220066536,0.0900376878136072
1.59320637236517,0.0900609722879833
1.59354055812916,0.0900842677545587
1.59387475707274,0.0901075741616554
1.5942089691762,0.0901308915175317
1.59454319433892,0.0901542198250032
1.5948774329547,0.0901775591214818
1.59521168467797,0.0902009093927859
1.5955459489251,0.0902242706078709
1.59588022757137,0.0902476429078632
1.59621451900168,0.0902710261900076
1.59654882470696,0.0902944205683763
1.596883143285,0.090317825954958
1.59721747586408,0.0903412424385529
1.59755182118187,0.0903646699408226
1.59788618008721,0.0903881085310664
1.59822055281915,0.0904115582363151
1.59855493943601,0.0904350190707813
1.59888933911727,0.0904584909868294
1.59922375239703,0.0904819740318766
1.59955818012526,0.0905054682759601
1.59989262047174,0.0905289736005349
1.60022707462427,0.0905524900988924
1.60056154330133,0.090576017832087
1.60089602534626,0.0905995567289134
1.60123052061725,0.0906231067892055
1.60156502978445,0.0906466680703609
1.60189955272668,0.0906702405741774
1.60223408917406,0.0906938242917535
1.60256864032449,0.0907174193178562
1.60290320439786,0.0907410255371804
1.60323778285133,0.0907646430625354
1.60357237534482,0.0907882718804776
1.60390698114807,0.0908119119494991
1.60424160143709,0.0908355633629428
1.60457623514289,0.090859226055669
1.60491088380543,0.0908829001468497
1.60524554587557,0.0909065855373573
1.60558022181886,0.0909302822701404
1.6056365303534,0.0909342640498401
1.60563653035342,0.0909342640498419
1.60597122112704,0.0909610079169397
1.60642340723707,0.0910068630784414
1.60687934771696,0.0910636702455246
1.60734111186,0.0911312634720961
1.60780874588583,0.0912093386106672
1.6082823503752,0.0912976104371795
1.60876202468987,0.0913958038582155
1.60924786557206,0.0915036531230649
1.60973996602852,0.0916209012171928
1.61023841518093,0.0917472994748186
1.61074329682089,0.0918826068801893
1.6112546886314,0.0920265894953177
1.61177266251951,0.092179020224934
1.61229728111119,0.0923396774656272
1.6128285992981,0.0925083452016825
1.61336666065875,0.0926848115663775
1.61391149832988,0.0928688687652613
1.61446313300556,0.0930603121122774
1.61502157196744,0.0932589393829627
1.615586806859,0.093464549716774
1.61615881451229,0.0936769436189225
1.61673755456413,0.0938959218298653
1.617322969951,0.0941212852552363
1.61791498400663,0.0943528336194182
1.61851350315716,0.0945903662865023
1.61911841375274,0.0948336808324713
1.61972958453277,0.095082573835764
1.6203468652975,0.0953368401906825
1.62097008839054,0.0955962735558483
1.62159906995128,0.095860666746456
1.6222336113741,0.0961298122303896
1.6228734996301,0.0964035021451522
1.62351851108182,0.0966815298086075
1.62416841125252,0.0969636895143143
1.62482295884783,0.0972497781461957
1.62548190803067,0.0975395960651722
1.62614501038108,0.0978329478466669
1.62681201639252,0.0981296427992811
1.62748267798583,0.0984294959246089
1.62815675221427,0.0987323294195447
1.62883400078939,0.0990379723005669
1.62951419274658,0.0993462614120984
1.63019710622783,0.0996570420502763
1.63088252818332,0.0999701676293215
1.63157025703955,0.100285500692792
1.63226010139145,0.100602912113543
1.63295188196782,0.100922281783211
1.63364543087084,0.101243498061461
1.63434059155338,0.101566457556885
1.63503721980211,0.101891065387667
1.63573518114017,0.102217233780019
1.63643435278559,0.102544882789812
1.63713462204325,0.102873939382896
1.63783588519029,0.10320433673659
1.63853804814394,0.103536014394132
1.63924102590488,0.10386891786165
1.63994474027512,0.104202997386266
1.64064912117608,0.104538208447282
1.6413541052556,0.104874510983064
1.64205963440851,0.10521186856914
1.64276565736987,0.105550249078113
1.64347212800584,0.105889623778535
1.64417900496482,0.10622996707869
1.64488625011944,0.10657125569589
1.64559383017035,0.106913469357951
1.64630171485393,0.107256589880838
1.64700987813325,0.107600601686369
1.64771829563522,0.107945490508369
1.64842694529361,0.108291243647006
1.64913580883317,0.108637850659199
1.64984486910185,0.108985302022114
1.65055411139791,0.109333589740104
1.65126352209048,0.109682706640777
1.65197308922085,0.110032646638369
1.65268280230101,0.110383404613212
1.65339265204181,0.110734976255162
1.65410263041756,0.11108735807564
1.65481273025762,0.111440547187495
1.65552294510372,0.111794541215964
1.65623326957462,0.112149338466685
1.65694369736259,0.112504936908317
1.65765422576057,0.112861336428015
1.65836485054848,0.113218536271644
1.65907556834695,0.113576536195318
1.65978637632592,0.113935336320344
1.66049727202806,0.114294937036498
1.661208253459,0.114655339040772
1.6619193183023,0.115016542931724
1.66263046616072,0.115378550344952
1.66334169480549,0.115741362043018
1.66405300394412,0.116104979821209
1.66476439278123,0.116469405272296
1.66547586065741,0.116834640099626
1.66618740672992,0.117200685951054
1.66689903084108,0.117567544863582
1.66761073269406,0.117935218839672
1.66832251277018,0.118303710317855
1.66903437046088,0.118673021203836
1.66974630650997,0.11904315413112
1.67045832081738,0.119414111326326
1.67117041311436,0.119785894948203
1.67188258469815,0.120158508000268
1.67259483555413,0.120531952828826
1.67330716634962,0.120906232155309
1.67401957709676,0.121281348379295
1.67473206889639,0.1216573044938
1.67544464249319,0.122034103329759
1.67615729809468,0.122411747450712
1.67687003660901,0.122790239808856
1.67758285870061,0.123169583248795
1.67829576465643,0.123549780429892
1.67900875578996,0.123930834577406
1.67972183244007,0.12431274841658
1.68043499545304,0.12469552495774
1.68114824620184,0.125079167515658
1.68186158516367,0.125463678941757
1.68257501295509,0.125849062174373
1.68328853077304,0.126235320483985
1.68400213869806,0.126622456553145
1.68471583805967,0.127010473755205
1.68542963004304,0.127399375408747
1.68614351521928,0.127789164512772
1.68685749536365,0.128179844740801
1.68757157001625,0.128571418559869
1.68828574060203,0.128963889478434
1.68900000905969,0.129357261316823
1.68971437497318,0.12975153661277
1.69042883960351,0.130146718835769
1.69114340392845,0.130542811323073
1.69185806925904,0.130939817614168
1.69257283598554,0.131337740752991
1.6932877058337,0.131736584542456
1.69400267889168,0.13213635189146
1.6947177563554,0.132537046338273
1.69543293975013,0.132938671630269
1.69614822984101,0.133341231106354
1.69686362760516,0.133744728238078
1.69757913411608,0.134149166569847
1.69829475014761,0.134554549493716
1.69901047630174,0.134960880318659
1.69972631447916,0.135368163111514
1.70044226556191,0.135776401383595
1.70115832977041,0.136185598278429
1.70187450887695,0.136595757843712
1.7025908043129,0.13700688395983
1.70330721580097,0.137418979537739
1.70402374509289,0.13783204866772
1.70474039327696,0.138246095086509
1.70545716107252,0.138661122332139
1.70617405002708,0.139077134440892
1.70689106082144,0.139494134967595
1.70760819421514,0.139912127526157
1.70832545151146,0.140331116067664
1.70904283448396,0.140751104843476
1.70976034394558,0.14117209756364
1.71047798040125,0.141594097769315
1.7111957454939,0.142017109690953
1.71191363956648,0.142441136815452
1.71263166432372,0.142866183450205
1.71334982088564,0.143292253583744
1.71406811044825,0.143719351267798
1.7147865337857,0.144147480322279
1.71550509157193,0.144576644523567
1.71622378547256,0.145006848262879
1.71694261661201,0.145438095634002
1.71766158592816,0.145870390636395
1.71838069498101,0.146303737665517
1.71909994439752,0.146738140576958
1.71981933566238,0.147173603762485
1.72053886974791,0.147610131329067
1.72125854754157,0.148047727350279
1.72197837049199,0.148486396263615
1.72269833983869,0.148926142404922
1.72341845658489,0.149366969986401
1.7241387217686,0.149808883261967
1.72485913699756,0.150251886859969
1.72557970316967,0.150695984997149
1.72630042107244,0.151141181839452
1.72702129213747,0.151587481974076
1.72774231748002,0.152034889819134
1.7284634986561,0.152483410090081
1.72918483665735,0.152933047176579
1.72990633254319,0.153383805530586
1.73062798770739,0.153835689838098
1.7313498030647,0.154288704509994
1.73207178091057,0.154742854850897
1.73279392138587,0.155198144837485
1.73351622606508,0.155654579364592
1.73423869596446,0.156112163005786
1.7349613325298,0.156570900630396
1.73568413683047,0.157030796895712
1.7364071103795,0.157491856766264
1.73713025439998,0.157954085049906
1.73785356991934,0.158417486452784
1.73857705818518,0.158882065846896
1.73930072035053,0.159347828070632
1.74002455814465,0.159814778361832
1.74074857284663,0.160282921698418
1.74147276553327,0.160752262951056
1.74219713740392,0.161222807095153
1.74292168972419,0.161694559177188
1.74364642412548,0.162167524511782
1.74437134187534,0.16264170820629
1.74509644393033,0.163117115188902
1.74582173212972,0.163593750995542
1.74654720714774,0.164071620427172
1.74727287071408,0.164550729004092
1.74799872436649,0.165031082156203
1.74872476910248,0.165512684982823
1.74945100638814,0.165995542920758
1.75017743728583,0.166479661169363
1.75090406374174,0.166965045547913
1.75163088626389,0.167451700946252
1.75235790724576,0.167939633543955
1.75308512704086,0.168428848188229
1.75381254817776,0.168919351214592
1.75454017132665,0.169411147746004
1.75526799791239,0.16990424343632
1.75599602990304,0.170398644346264
1.75672426809237,0.170894355771953
1.75745271443554,0.171391383828017
1.75818136957146,0.171889733766369
1.75891023555906,0.172389411838431
1.75963931383388,0.172890423910308
1.7603686056895,0.173392775779941
1.76109811280396,0.173896473543876
1.76182783591292,0.174401522680503
1.76255777729902,0.174907929771706
1.76328793826518,0.175415700763414
1.76401831993729,0.175924841505769
1.76474892447683,0.176435358608095
1.76547975322888,0.176947258151019
1.76621080714451,0.177460545967021
1.76694208785663,0.177975228400927
1.76767359724994,0.178491312017835
1.76840533666827,0.179008803039375
1.76913730777708,0.179527707949001
1.76986951145261,0.180048032706156
1.77060195048597,0.180569784670755
1.7713346255743,0.181092969757282
1.77206753808174,0.181617594380279
1.7728006901991,0.182143665591766
1.7735340833746,0.182671189955645
1.77426771924186,0.183200174204374
1.77500159895951,0.183730624765957
1.77573572509083,0.184262549126318
1.77647009860871,0.184795953665673
1.77720472098713,0.185330845157766
1.77793959357747,0.185867230329111
1.77867471830377,0.186405116366995
1.77941009725766,0.186944510630238
1.78014573194723,0.187485420092968
1.78088162386786,0.188027851757598
1.78161777483167,0.188571812903512
1.78235418677836,0.189117310951873
1.78309086094712,0.189664352847417
1.78382779894696,0.190212945848167
1.78456500254867,0.190763097379937
1.78530247420249,0.191314815426867
1.78604021467066,0.191868106755265
1.78677822633792,0.192422979386098
1.78751651046404,0.192979440548931
1.78825506876712,0.193537497858066
1.78899390379863,0.194097159612481
1.78973301687774,0.194658433229403
1.79047240964121,0.195221326405771
1.79121208371933,0.195785846882583
1.79195204172112,0.196352003202244
1.79269228472504,0.196919802788667
1.79343281444187,0.197489253588949
1.7941736333932,0.1980603642323
1.79491474272887,0.198633142343765
1.79565614475059,0.199207596482964
1.79639784139754,0.199783734989039
1.79713983419983,0.200361565931669
1.79788212542306,0.200941098005222
1.79862471688549,0.201522339613299
1.79936761057585,0.202105299344537
1.80011080790188,0.202689985383788
1.80085431095233,0.203276406503088
1.80159812210675,0.203864571767313
1.80234224261403,0.204454489401659
1.80308667536685,0.205046168988453
1.80383142205973,0.20563961922553
1.80457648456674,0.206234849002491
1.80532186433391,0.206831866921928
1.80606756378193,0.20743068242522
1.80681358537427,0.208031305058263
1.80755993054795,0.208633743597922
1.80830660127994,0.209238007308569
1.8090535999951,0.209844105884253
1.80980092897189,0.210452048967814
1.8105485898936,0.21106184577698
1.81129658486064,0.211673505927624
1.81204491627775,0.21228703935317
1.81279358619375,0.21290245576213
1.8135425964802,0.213519764777791
1.81429194954707,0.21413897653284
1.81504164724277,0.214760100764435
1.81579169168693,0.215383147496708
1.81654208570319,0.216008127412655
1.81729283077732,0.216635050150683
1.81804392943011,0.217263926273847
1.81879538371297,0.217894766028383
1.81954719589819,0.218527579913487
1.82029936848888,0.219162378697206
1.82105190380406,0.219799173066883
1.82180480422225,0.220437973832305
1.82255807129808,0.221078791172594
1.82331170833557,0.22172163682924
1.82406571688007,0.222366521127641
1.82482009929902,0.22301345515826
1.8255748584499,0.223662450517685
1.82632999629122,0.224313518109069
1.82708551567554,0.224966669680557
1.82784141800828,0.225621915807958
1.82859770699709,0.226279269139895
1.82935438420421,0.226938740554048
1.83011145210035,0.227600341784289
1.83086891373172,0.228264085160394
1.83162677066549,0.228929981798617
1.83238502588466,0.229598044134055
1.83314368199026,0.230268284362609
1.83390274156232,0.230940714746042
1.83466220677162,0.231615347267198
1.83542208049745,0.232292194624618
1.83618236502712,0.232971269082343
1.83694306354806,0.233652583798013
1.83770417794045,0.234336150851533
1.83846571125347,0.235021983456229
1.83922766599556,0.235710094439846
1.83999004486683,0.236400496893407
1.84075285047385,0.237093203918803
1.84151608522049,0.237788228526548
1.84227975220246,0.238485584455003
1.84304385405963,0.239185285130038
1.84380839372205,0.239887344340276
1.844573373752,0.240591775637568
1.84533879701552,0.241298592952093
1.84610466627707,0.242007810224903
1.8468709840503,0.242719441265142
1.84763775379762,0.243433500870174
1.84840497834266,0.24415000335753
1.84917266015265,0.244868962810534
1.84994080258554,0.245590394254486
1.8507094077236,0.246314311627623
1.85147847945522,0.247040730676101
1.85224802047943,0.247769666149656
1.85301803368943,0.248501133084867
1.85378852182808,0.249235146488582
1.85455948843602,0.249971722246607
1.85533093600783,0.25071087536623
1.85610286816437,0.251452622047582
1.85687528712289,0.252196977265203
1.85764819703393,0.252943957973835
1.85842160042722,0.253693579698301
1.85919550061884,0.25444585883692
1.85996990065432,0.255200811656086
1.86074480421587,0.255958455172603
1.86152021451477,0.256718806078493
1.86229613400961,0.257481880447168
1.86307256687612,0.25824769617195
1.86384951625803,0.259016270278158
1.86462698498266,0.259787619600373
1.86540497703974,0.260561762264354
1.86618349489282,0.261338715019755
1.86696254279785,0.262118496537847
1.8677421237817,0.262901124415864
1.86852224148065,0.263686616997334
1.86930289929343,0.264474992536627
1.87008410047886,0.265266269290034
1.87086584921001,0.266060466593111
1.87164814846836,0.266857602726773
1.87243100213398,0.267657697031238
1.87321441432556,0.268460769258777
1.87399838791829,0.269266838040812
1.87478292629106,0.270075922668768
1.87556803361618,0.270888043420959
1.87635371376419,0.271703220437479
1.87713997054344,0.272521473957536
1.87792680789695,0.273342824528247
1.87871422875117,0.27416729179755
1.87950223777687,0.274994897406951
1.88029083903727,0.275825662554224
1.88108003594122,0.276659607914652
1.88186983257876,0.277496755054326
1.88266023246997,0.278337125117782
1.88345124025714,0.27918074062568
1.88424285982916,0.280027623491655
1.88503509498497,0.280877795710889
1.88582795009883,0.28173128008635
1.88662142934064,0.282588099400619
1.88741553702916,0.283448276792265
1.88821027687528,0.284311834935819
1.88900565379491,0.285178798014957
1.88980167136403,0.286049188962615
1.89059833428286,0.286923032136015
1.89139564702882,0.28780035186969
1.89219361357767,0.288681172152416
1.89299223877267,0.289565518142585
1.89379152658649,0.290453414256549
1.89459148212465,0.291344886385962
1.89539210980855,0.292239959895287
1.89619341391191,0.293138660200288
1.89699539954826,0.294041013890233
1.89779807092197,0.294947046769659
1.89860143264675,0.295856785329734
1.89940548964103,0.296770256651066
1.90021024656249,0.297687487763709
1.90101570860371,0.298608506554514
1.9018218806736,0.299533340842759
1.90262876765326,0.300462018665983
1.90343637408858,0.301394567927165
1.90424470518585,0.302331017549225
1.90505376595388,0.303271396497774
1.90586356160929,0.30421573424769
1.90667409767964,0.305164060915192
1.90748537816664,0.30611640509835
1.90829740961799,0.307072798657516
1.90911019681658,0.308033271684556
1.90992374503105,0.308997855113468
1.91073805951681,0.309966580156513
1.9115531456501,0.310939478465408
1.91236900934942,0.311916582646465
1.91318565602516,0.312897925009505
1.91400309087445,0.313883537907539
1.91482131991642,0.31487345499917
1.91564034852918,0.315867709493839
1.91646018294951,0.316866335965707
1.91728082905071,0.317869368887465
1.91810229194007,0.318876842117299
1.91892457815466,0.319888791601088
1.91974769329266,0.320905252487716
1.92057164412064,0.321926261716775
1.92139643616791,0.322951855058765
1.92222207536733,0.323982069127868
1.92304856786328,0.325016941169922
1.92387592046618,0.326056509646362
1.92470413928579,0.327100812524065
1.92553323030955,0.328149887985305
1.92636320055031,0.329203775902438
1.92719405684355,0.330262516337577
1.92802580500964,0.331326148452092
1.92885845213718,0.332394713427011
1.92969200476232,0.333468252163606
1.9305264701053,0.334546806865767
1.93136185403269,0.335630418413183
1.93219816478505,0.336719131197196
1.93303540876716,0.337812987688766
1.93387359332846,0.338912032023782
1.93471272476472,0.340016307413304
1.93555281110398,0.341125859807467
1.93639385971519,0.342240734784732
1.93723587766489,0.343360977993298
1.93807887250535,0.344486636211235
1.93892285157812,0.345617756435686
1.93976782289061,0.346754387064005
1.9406137938432,0.347896576197241
1.94146077267868,0.349044373594317
1.94230876722203,0.350197828991758
1.94315778506021,0.351356992333193
1.94400783413586,0.352521914590661
1.9448589231612,0.35369264836274
1.94571106048427,0.354869246332553
1.9465642540913,0.356051761255184
1.94741851242471,0.357240247100636
1.94827384385591,0.358434758343866
1.94913025741079,0.359635350989839
1.94998776118998,0.360842080370404
1.95084636470674,0.362055004433369
1.95170607655752,0.363274180493276
1.95256690557012,0.36449966683323
1.95342886102962,0.365731523058256
1.95429195272381,0.366969810188127
1.95515618932474,0.368214588335442
1.95602158066555,0.369465919977019
1.95688813629429,0.370723867912613
1.95775586546606,0.371988495239335
1.95862477865152,0.373259867574463
1.95949488512211,0.374538049551082
1.96036619571627,0.375823108871086
1.96123872010439,0.377115112320262
1.96211246889492,0.378414128864139
1.96298745239129,0.379720227845697
1.96386368056654,0.381033478936065
1.96474116511685,0.382353955246905
1.96561991636635,0.383681728716441
1.96649994496235,0.385016872629297
1.96738126235405,0.386359462394276
1.9682638796738,0.387709573870063
1.96914780823596,0.389067284126016
1.97003306003234,0.390432672237791
1.97091964652966,0.391805817456862
1.97180757937316,0.393186800294357
1.97269687084429,0.39457570327121
1.97358753283899,0.395972609349844
1.97447957817012,0.397377603989593
1.97537301850459,0.398790771926667
1.97626786724667,0.400212201736646
1.97716413678229,0.401641981524792
1.97806184043386,0.403080202026807
1.97896099109293,0.404526954469966
1.97986160194434,0.405982331738437
1.98076368699715,0.407446429280511
1.98166725979128,0.408919343044601
1.98257233447872,0.410401171247453
1.98347892465388,0.41189201249538
1.98438704514797,0.413391968754938
1.98529671028092,0.414901142526534
1.98620793475205,0.416419638319716
1.9871207338925,0.417947563128004
1.98803512255197,0.419485024597905
1.98895111583464,0.421032132271001
1.98986872982615,0.422588998871779
1.99078798034895,0.424155738249194
1.99170888334921,0.425732466042676
1.99263145514736,0.427319300153524
1.993555712041,0.42891636010267
1.99448167148987,0.430523769126026
1.99540934993452,0.43214165043936
1.99633876577928,0.433770132459479
1.99726993606574,0.435409343064764
1.99820287844508,0.437059413036584
1.99913761170738,0.438720477093735
2.00007415319367,0.440392669334661
2.00101252248441,0.442076129835559
2.00195273899486,0.443771000475751
2.00289482111756,0.445477423371603
2.00383878955306,0.44719554695904
2.00478466348661,0.448925519148813
2.00573246411725,0.450667493776212
2.00668221129426,0.452421624531851
2.0076339265756,0.454188070612312
2.00858763091723,0.4559669925509
2.00954334726523,0.457758557098431
2.0105010971252,0.459562930897217
2.01146090243109,0.461380283973408
2.012422786467,0.463210791603822
2.01338677235835,0.465054631549279
2.01435288453451,0.466911986911295
2.01532114643058,0.468783041804231
2.01629158310785,0.470667986455081
2.01726421983562,0.472567014601152
2.01823908102063,0.474480321428295
2.01921619291158,0.476408108946023
2.020195050733,0.478349521425706
2.02117542097659,0.480304219160704
2.02215731389706,0.482272350939558
2.02314074114429,0.484254076251121
2.02412571705115,0.486249563360651
2.02511225566185,0.488258982670313
2.0261003722093,0.490282509627317
2.02709008197653,0.492320322485223
2.0280814002733,0.494372602294445
2.02907434231898,0.496439532715138
2.0300689241015,0.49852130188262
2.03106516103568,0.500618099686759
2.03206306914408,0.502730120297249
2.03306266456909,0.504857561239456
2.03406396368655,0.507000623707659
2.03506698379168,0.509159514137387
2.03607174054218,0.511334438770292
2.03707825180057,0.513525612004953
2.03808653446333,0.515733249684549
2.03909660586155,0.517957572166862
2.04010848454047,0.52019880619137
2.0411221879795,0.522457179939799
2.04213773392336,0.524732926012074
2.04315514155932,0.527026284224437
2.04417442973166,0.529337497742128
2.04519561681536,0.531666812823834
2.04621872261572,0.534014483268322
2.04724376662135,0.536380766584455
2.04827076920024,0.538765926836751
2.04929975014287,0.5411702314004
2.05033073008625,0.543593954371646
2.05136372974961,0.546037374942184
2.05239877031057,0.548500778407378
2.05343587407378,0.550984457936033
2.05447506192375,0.553488708604309
2.05551635649937,0.556013835116633
2.05655978020632,0.558560147240893
2.05760535626511,0.561127962481791
2.05865310849068,0.563717605749744
2.05970305952742,0.566329405122635
2.06075523469618,0.568963701563857
2.06180965754817,0.57162083807928
2.06286635347246,0.574301168861243
2.06392534792245,0.577005055106731
2.06498666659256,0.579732865617446
2.06605033600113,0.5824849785119
2.06711638325988,0.585261780883261
2.06818483523699,0.588063666821224
2.06925571997493,0.590891041334389
2.07032906514932,0.593744316554968
2.07140490002429,0.596623917153874
2.07248325358203,0.599530275659795
2.07356415591155,0.602463836414676
2.07464763730258,0.605425053437713
2.07573372941028,0.608414393895705
2.07682246343528,0.611432333422476
2.07791387201073,0.614479361599773
2.07900798699341,0.617555976144027
2.08010484274329,0.620662692417548
2.08120447298475,0.62380003501692
2.08230691240465,0.626968542567732
2.08341219705397,0.630168769334828
2.08452036290903,0.633401281472863
2.08563144709423,0.636666660940069
2.08674548734796,0.639965504401491
2.08786252243539,0.643298424889765
2.08898259158219,0.646666050588695
2.09010573522252,0.650069027547449
2.09123199427021,0.65350801800097
2.09236141082496,0.656983703023845
2.09349402717495,0.660496780009618
2.09462988844695,0.66404797148065
2.09576903850823,0.667638012963293
2.09691152366445,0.671267665075083
2.09805739057936,0.674937707718598
2.09920668718303,0.678648943585353
2.10035946290105,0.68240219965671
2.10151576794016,0.686198325639258
2.10267565332634,0.69003819479674
2.10383917207284,0.693922708635868
2.10500637813499,0.697852794340562
2.10617732666874,0.701829406472111
2.1073520744204,0.705853529227097
2.10853067982576,0.709926177797429
2.10971320217185,0.714048396487754
2.11089970238936,0.718221262474681
2.11209024272161,0.722445885776892
2.11328488781493,0.726723414315342
2.1144837036243,0.731055031309759
2.11568675793024,0.735441958382983
2.11689411987372,0.739885455213214
2.11810586094483,0.744386824572267
2.11932205528454,0.748947415070001
2.12054277758957,0.753568614867502
2.12176810549877,0.758251862209055
2.12299811936389,0.762998646483096
2.12423290080621,0.76781050448783
2.12547253430765,0.772689028448297
2.12671710701968,0.777635867422605
2.12796670884729,0.782652729835129
2.12922143133337,0.787741381224085
2.13048137019813,0.792903656886455
2.13174662414311,0.798141459776873
2.13301729309194,0.803456755757377
2.13429348243837,0.808851594090141
2.13557529961966,0.814328096295373
2.13686285614022,0.81988846777369
2.13815626706146,0.825534999110647
2.13945565078609,0.831270068662624
2.14076113163792,0.837096157841125
2.1420728360256,0.843015838230199
2.14339089579822,0.849031790686549
2.14471544794506,0.855146808846331
2.14604663362616,0.861363799550849
2.14738459970375,0.86768579510063
2.14872949749737,0.87411595296278
2.15008148569329,0.880657575559063
2.15144072822329,0.887314106636697
2.15280739441285,0.894089138455058
2.15418166185082,0.900986433211905
2.15556371500657,0.908009924221051
2.15695374539204,0.915163724917652
2.15835195309031,0.92245214560706
2.15975854643773,0.929879701539915
2.16117374147356,0.937451120108049
2.16259776640744,0.945171375841578
2.16403085719243,0.953045678816536
2.16547326181573,0.961079510592023
2.16692523968107,0.969278635106251
2.16838706245745,0.97764911851565
2.16985901358374,0.986197342516977
2.17134139235912,0.994930045673657
2.17283451145883,1.00385432839366
2.17433870294339,1.01297770970499
2.17585431101491,1.0223081064621
2.17738170300457,1.03185392476049
2.17892126353367,1.04162405186784
2.18047340056154,1.05162792358847
2.18203854578267,1.061875560212
2.18361715498837,1.07237760467203
2.18520971285415,1.08314539368439
2.18681673545816,1.09419101927196
2.18843876896459,1.10552736813441
2.19007640012541,1.11716824846481
2.19173025297459,1.12912842791342
2.19340099697916,1.1414237586457
2.19508935124807,1.15407128440275
2.19679609017414,1.16708936803769
2.19852204866764,1.18049782756947
2.20026813144102,1.1943181172186
2.20203532173353,1.20857352163172
2.20382469407267,1.22328940276143
2.20563742252391,1.23849343382333
2.2074748005691,1.25421595736695
2.20933825867006,1.27049036203504
2.21122939000992,1.28735357419385
2.21314997784014,1.30484662046219
2.21510203672971,1.32301538656372
2.21708785866105,1.34191151512095
2.21911007961172,1.36159361701604
2.22117176462986,1.38212882645383
2.22327652322389,1.40359487778258
2.22542868062802,1.4260830633821
2.2276335076595,1.44970225796537
2.22989758330547,1.47458503102725
2.2322293480981,1.5008969130835
2.2343851748636,1.5258564560693
2.23438517486362,1.52585645606964
2.23484128849293,1.53112422757409
2.23529740212223,1.53626932247701
2.23576118687672,1.54137928060637
2.23622850293681,1.54640825289633
2.23669942452472,1.55135840915176
2.23717398658172,1.55623147357142
2.23765222493428,1.56102916041062
2.23813417646758,1.56575317337486
2.2386198793958,1.57040520740412
2.23910937318955,1.57498694728968
2.2396026988959,1.57950007005028
2.24009989808107,1.58394623479994
2.24060101446466,1.58832709720915
2.24110609287055,1.59264429939267
2.24161517949763,1.5968994719876
2.242128322157,1.60109423569577
2.24264557002867,1.60523019881994
2.24316697384437,1.60930895840479
2.24369258638626,1.61333210362894
2.24422246172724,1.61730120943612
2.24475665574052,1.62121784016565
2.24529522611574,1.62508354924164
2.24583823252948,1.62889987997573
2.24638573643032,1.63266836365173
2.24693780153404,1.63639052258855
2.24749449339891,1.64006786683203
2.24805587968883,1.64370189565593
2.24862203049582,1.64729409927864
2.2491930183432,1.65084595842912
2.24976891814725,1.65435894372467
2.25034980736109,1.65783451621796
2.25093576608676,1.66127412771972
2.25152687716232,1.6646792209648
2.25212322658395,1.66805123166294
2.25272490336314,1.67139158724535
2.25333200013925,1.67470170985319
2.253944611583,1.67798300731123
2.25456283750829,1.68123688963375
2.25518678092973,1.6844647579706
2.25581654843503,1.68766800635417
2.25645225157987,1.69084802839495
2.25709400554669,1.69400621001373
2.25774193065795,1.69714393661508
2.25839615246244,1.70026259289549
2.25905680121229,1.70336355987282
2.2597240130403,1.70644822003572
2.26039793070734,1.7095179601549
2.26107870245439,1.71257416545748
2.26176648408865,1.71561822856627
2.26246143851667,1.71865154670412
2.26316373677664,1.72167552560089
2.2638735582584,1.72469157973952
2.26459109167215,1.72770113578112
2.26531653615896,1.73070563640343
2.26605010092564,1.73370653794696
2.26679200772824,1.7367053197728
2.26754249087194,1.73970348321321
2.26830179896679,1.74270255760014
2.26907019566152,1.74570410205117
2.26984796236668,1.74870971492245
2.27063539828146,1.75172103255968
2.27143282465762,1.75473974424382
2.27224058580086,1.75776759426926
2.27305905219558,1.76080639193939
2.2738886230338,1.76385801904445
2.27472973117985,1.76692444601769
2.27558284762624,1.77000774569223
2.27644848574673,1.77311010593739
2.27732720905491,1.77623385443231
2.27821963821454,1.77938148003298
2.27912646037045,1.78255566169308
2.28004844256196,1.78575931075994
2.2809864452751,1.78899561254238
2.28194144119946,1.79226808463196
2.28291453870822,1.7955806497604
2.28390701580657,1.79893774215707
2.28492035993676,1.80234443081024
2.28595632378455,1.80580659311616
2.28598705046349,1.80590884447603
2.28601777714244,1.80601079418573
2.28605860050202,1.80614598432822
2.28626271729994,1.80681844223462
2.28689772300347,1.80887496278355
2.28753338148459,1.81088109589212
2.28817533858859,1.81285415585244
2.28882388406104,1.8147954998586
2.28947920384415,1.81670640387907
2.29014145989682,1.81858809163268
2.29081081500837,1.82044176930054
2.29148743900472,1.82226863558788
2.29217150945591,1.82406988162853
2.29286321300336,1.82584669354576
2.29356274546071,1.82760025185676
2.29427031465632,1.82933173768368
2.29498613839944,1.83104232665295
2.29571044722951,1.83273319471659
2.2964434860956,1.83440552087462
2.29718551409204,1.8360604853186
2.29793680678963,1.83769927349796
2.29869765822463,1.83932307905338
2.29946838273015,1.84093310616211
2.30024931653128,1.84253057123205
2.30104082094498,1.84411670771043
2.30184328565187,1.845692770622
2.30265713199478,1.84726004080298
2.30348281661641,1.84881982948173
2.30432083710722,1.85037348626984
2.30517173837171,1.85192240784922
2.30603611914798,1.85346804630879
2.30691464150074,1.85501192214966
2.30780804141323,1.85655563828298
2.30871714206229,1.85810089766495
2.30964287047256,1.85964952544234
2.31058628150058,1.86120350174236
2.31154858380005,1.86276499557435
2.31253117769838,1.86433641573687
2.31353570721046,1.86592048092389
2.31456412661745,1.86752030831733
2.31561880258786,1.86913955162087
2.31670265441739,1.87078258899075
2.31781937574559,1.87245482249554
2.31897378510441,1.8741631518064
2.32017241813922,1.87591677600233
2.32142461876755,1.87772867510505
2.3227447716669,1.8796186491805
2.32415765461826,1.88162062502661
2.32571512515534,1.88380550628959
2.3275876493698,1.88640695349297
2.32923255241129,1.88867014797929
2.33087745545278,1.89090939191572
2.33234108784022,1.89288414274385
2.33371867532843,1.89472750621749
2.33503863849948,1.89648190095681
2.33632162098366,1.89817748886013
2.33757828379548,1.89983016972513
2.33881502509032,1.9014496223035
2.34003596634788,1.90304219181777
2.34124398636225,1.90461238349925
2.34244121699373,1.90616358422903
2.34362930581393,1.90769844704487
2.3448095618769,1.90921910691438
2.34598305219636,1.91072732337983
2.34715065943835,1.91222456766749
2.34831312404825,1.91371208624482
2.34947107523474,1.91519094774405
2.35062505201745,1.91666207551617
2.35177551902781,1.91812627228236
2.35292288247632,1.91958424411936
2.35406749682386,1.92103661193969
2.35520967274596,1.92248392407016
2.35634968755094,1.92392667156341
2.3574877856883,1.92536529061893
2.35862418582523,1.92680017302233
2.35975908271958,1.92823166982392
2.36089265240362,1.92966009900441
2.36202505154226,1.93108574564979
2.36315642261086,1.93250886932187
2.36428689362891,1.9339297044927
2.36541658087602,1.93534846461765
2.36654558967367,1.93676534371565
2.36767401633797,1.93818051934742
2.36880194675195,1.93959415129082
2.36992946119916,1.94100638802095
2.37105663129422,1.94241736325781
2.37218352380149,1.943827201073
2.37331019896787,1.94523601412464
2.37443671177667,1.94664390548986
2.37556311327381,1.94805097058358
2.37668944961885,1.9494572962033
2.37781576334038,1.95086296229745
2.37894209354153,1.95226804241754
2.380068476479,1.95367260461387
2.38119494490638,1.9550767107718
2.38232152943912,1.95648041845437
2.38344825754426,1.95788377977854
2.38457515525794,1.95928684367252
2.38570224633007,1.96068965492894
2.38682955317535,1.96209225548528
2.38795709509838,1.96349468230478
2.38908489057046,1.9648969702877
2.39021295661668,1.96629915160302
2.39134131000506,1.96770125723928
2.39246996327602,1.96910331212522
2.39359893139753,1.97050534345471
2.3947282270293,1.97190737489574
2.39585786077332,1.97330942691368
2.39698784397656,1.97471152030897
2.39811818599465,1.9761136728782
2.39924889488594,1.97751590029492
2.40037998048117,1.97891821997375
2.40151145004065,1.98032064572733
2.4026433105226,1.98172319058133
2.4037755683801,1.98312586656855
2.40490822977209,1.98452868501886
2.4060413004759,1.98593165647705
2.40717478617989,1.98733479108859
2.40830869037521,1.98873809600236
2.40944301816019,1.99014158009844
2.41057777509129,1.99154525261424
2.41171296394852,1.99294911913435
2.4128485865693,1.99435318385013
2.4139846483701,1.99575745520504
2.41512115141528,1.99716193735024
2.41625809846284,1.99856663511312
2.41739549354101,1.99997155475707
2.41853333721993,2.00137669813579
2.41967163287418,2.00278207042395
2.42081038220685,2.00418767463426
2.42194958703197,2.00559351379692
2.42308924851614,2.00699959004079
2.42422936964861,2.0084059076558
2.42536995069044,2.00981246748551
2.42651099353316,2.01121927228828
2.42765249942838,2.01262632397106
2.42879446906661,2.01403362367389
2.42993690468958,2.01544117438786
2.43107980648461,2.01684897651883
2.43222317523242,2.01825703113302
2.43336701243725,2.01966534014546
2.43451131916748,2.02107390489389
2.43565609572515,2.02248272572131
2.43680134235854,2.02389180285528
2.43794706089183,2.02530113843246
2.43909325074173,2.02671073159667
2.44023991237099,2.02812058272839
2.44138704733655,2.02953069353808
2.44253465519326,2.03094106324912
2.44368273691099,2.03235169278597
2.44483129323786,2.03376258278784
2.44598032393611,2.03517373265412
2.44712982927627,2.03658514237971
2.44827980999864,2.03799681252395
2.44943026594113,2.03940874252123
2.45058119728484,2.04082093220334
2.45173260544193,2.04223338290662
2.45288448945748,2.04364609304919
2.4540368500614,2.04505906308741
2.45518968761349,2.0464722930243
2.45634300122615,2.04788578131305
2.45749679183119,2.04929952862246
2.45865105969032,2.05071353480459
2.45980580507837,2.05212779971309
2.46096102901072,2.0535423241028
2.46211672972723,2.05495710531331
2.46327290816478,2.05637214396427
2.46442956452616,2.05778743979177
2.46558669905019,2.05920299256495
2.46674431104996,2.06061880090826
2.46790240171776,2.06203486573918
2.46906097044879,2.0634511857812
2.47022001760412,2.06486776092143
2.47137954326753,2.06628459070985
2.47253954741304,2.06770167455508
2.4737000293002,2.06911901098296
2.47486098991506,2.07053660062621
2.47602242896322,2.0719544425611
2.47718434714496,2.0733725370683
2.47834674330481,2.07479088215836
2.47950961873764,2.07620947882344
2.48067297208476,2.07762832482491
2.48183680412282,2.07904742051189
2.4830011153859,2.08046676595412
2.48416590553766,2.08188636015228
2.48533117482645,2.0833062028103
2.48649692273095,2.08472629269247
2.48766314929666,2.086146629247
2.48882985383696,2.08756721102974
2.48999703803721,2.08898803948963
2.49116470128254,2.09040911328554
2.49233284327263,2.09183043143585
2.49350146387394,2.09325199316144
2.49467056344535,2.09467379828582
2.49584014224676,2.09609584651593
2.49701019977386,2.09751813662272
2.4981807368452,2.09894066898261
2.49935175214561,2.10036344137855
2.50052324694656,2.10178645472788
2.50169522154227,2.10320970878027
2.50286767422489,2.10463320083259
2.50404060562855,2.10605693101398
2.50521401639244,2.10748089948298
2.50638790547094,2.10890510434555
2.50756227400129,2.1103295463487
2.50873712200544,2.11175422490123
2.50991244857415,2.11317913826562
2.5110882543235,2.11460428654951
2.51226453849323,2.11602966819929
2.51344130170638,2.11745528333145
2.51461854364147,2.11888113092578
2.51579626464751,2.120307210768
2.51697446501488,2.12173352257784
2.5181531439472,2.12316006475163
2.51933230176467,2.12458683703021
2.52051193855894,2.12601383888719
2.52169205438699,2.1274410697519
2.52287264934387,2.12886852909826
2.5240537221608,2.1302962147421
2.52523527435842,2.13172412787179
2.52641730478768,2.13315226646299
2.52759981412658,2.13458063068175
2.52878280288764,2.13600922050998
2.52996627073988,2.13743803490488
2.53115021682257,2.1388670721695
2.5323346415781,2.14029633217964
2.53351954559398,2.14172581500129
2.53470492801954,2.14315551895908
2.53589078933565,2.1445854439742
2.5370771295537,2.14601558941158
2.53826394880646,2.14744595477853
2.53945124658763,2.14887653880799
2.54063902289031,2.15030734082947
2.54182727817055,2.15173836073744
2.54301601198559,2.15316959734372
2.54420522434375,2.15460104999515
2.54539491568314,2.15603271856185
2.54658508585978,2.1574646022146
2.54777573429671,2.1588966995932
2.54896686153258,2.16032901067953
2.55015846738008,2.16176153458996
2.55135055167003,2.16319427045483
2.55254311472886,2.16462721800164
2.55373615674639,2.16606037679791
2.55492967709097,2.16749374541715
2.55612367594169,2.16892732340071
2.5573181527076,2.17036110936854
2.55851310829618,2.1717951037401
2.55970854283977,2.17322930601593
2.56090445587774,2.17466371497283
2.56210084720918,2.17609832969133
2.5632977160845,2.17753314859221
2.56449506444835,2.17896817333669
2.56569289135923,2.18040340213958
2.56689119645703,2.1818388338833
2.56808997969833,2.18327446783375
2.56928924151611,2.18471030383447
2.57048898211662,2.18614634146173
2.57168920127414,2.18758257976878
2.57288989817502,2.18901901709475
2.57409107312293,2.19045565311433
2.57529272647103,2.1918924875742
2.57649485839731,2.193329520012
2.57769746779166,2.19476674841397
2.57890055643321,2.19620417422099
2.58010412355994,2.19764179585399
2.58130816874641,2.19907961210964
2.58251269147579,2.20051762167455
2.58371769350159,2.20195582595945
2.58492317295285,2.20339422205282
2.58612913049948,2.20483281004891
2.58733556596147,2.20627158904825
2.58854248052239,2.20771055977874
2.58974987233084,2.20914971934458
2.59095774198195,2.21058906774532
2.59216608967099,2.21202860452707
2.59337491568919,2.21346832934876
2.59458421997482,2.21490824144621
2.59579400154981,2.21634833895252
2.5970042610421,2.21778862191047
2.59821499922153,2.21922909055093
2.59942621555233,2.22066974354576
2.60063790909017,2.22211057906069
2.6018500810058,2.2235515977827
2.60306273105649,2.22499279873449
2.60427585915819,2.2264341811127
2.60548946502302,2.2278757438693
2.60670354778912,2.22931748526746
2.6079181090908,2.23075940654344
2.6091331481461,2.23220150607886
2.61034866438968,2.23364378248573
2.61156465838929,2.23508623572646
2.61278113057721,2.23652886561585
2.61399808012998,2.23797167047004
2.61521550749999,2.23941465010905
2.6164334128727,2.24085780404826
2.61765179529311,2.24230113044149
2.618870655056,2.24374462891587
2.62008999292693,2.24518829967301
2.62130980811976,2.24663214107383
2.62253010092123,2.24807615273609
2.62375087157732,2.2495203342395
2.62497211960602,2.25096468429769
2.6261938449664,2.25240920213861
2.62741604750135,2.25385388685603
2.62863872785507,2.25529873849479
2.62986188519338,2.25674375535204
2.63108552011545,2.25818893740907
2.63230963165981,2.25963428280886
2.6335342205778,2.26107979170968
2.63475928749278,2.26252546413709
2.63598483153702,2.26397129834635
2.63721085284419,2.2654172937601
2.63843735142454,2.26686344966443
2.63966432717571,2.26830976521112
2.64089178012613,2.26975623970462
2.64211971003329,2.27120287212895
2.64334811644335,2.27264966121356
2.64457700038214,2.27409660743714
2.64580636225915,2.27554371056654
2.64703620023366,2.27699096769689
2.6482665151388,2.27843837905681
2.6494973068042,2.27988594371885
2.65072857580061,2.28133366162267
2.65196032134973,2.28278153111964
2.65319254412987,2.28422955226547
2.65442524421965,2.28567772442317
2.65565842093856,2.28712604605173
2.65689207433869,2.28857451646373
2.6581262045141,2.29002313502927
2.65936081174999,2.29147190134518
2.66059589572174,2.29292081429006
2.66183145572711,2.29436987228797
2.66306749309461,2.29581907615223
2.66430400672569,2.29726842385926
2.66554099719509,2.29871791532814
2.6667784644457,2.30016754975079
2.66801640784277,2.30161732563142
2.66925482855367,2.30306724358797
2.67049372443229,2.30451730035795
2.67173309741909,2.30596749744849
2.67297294686306,2.30741783336542
2.67421327274081,2.30886830732327
2.67545407524918,2.31031891879908
2.67669535393434,2.31176966650734
2.67793710914654,2.31322055009871
2.67917934125171,2.31467156925136
2.68042204875286,2.31612272145445
2.68166523199798,2.31757400633881
2.68290889163611,2.31902542391085
2.68415302788499,2.32047697367689
2.68539763983419,2.32192865381206
2.68664272818536,2.32338046436593
2.68788829247055,2.32483240403522
2.6891343332504,2.32628447270873
2.69038084956213,2.32773666850021
2.69162784222629,2.32918899159365
2.69287531077024,2.33064144067891
2.69412325508127,2.33209401485154
2.69537167478384,2.33354671290145
2.69662057086984,2.33499953521591
2.6978699425773,2.33645248014679
2.69911979013222,2.33790554717878
2.70037011344121,2.33935873543279
2.70162091287234,2.34081204456559
2.70287218732738,2.34226547252445
2.70412393786252,2.34371901975444
2.7053761636034,2.3451726844716
2.70662886489673,2.3466264662941
2.70788204225242,2.34808036504383
2.70913569500672,2.34953437917538
2.71038982293002,2.3509885076328
2.71164442606545,2.3524427496818
2.712899505065,2.35389710530226
2.71415505946699,2.35535157318341
2.7154110884779,2.35680615161165
2.71666759339874,2.35826084130724
2.71792457338404,2.3597156405177
2.71918202916153,2.36117054929501
2.72043996005293,2.36262556607136
2.72169836611639,2.36408069011775
2.72295724671105,2.36553591989916
2.72421660240166,2.366991255274
2.72547643392818,2.3684466963199
2.72673673947456,2.36990224014556
2.72799752007008,2.37135788713001
2.72925877577064,2.37281363655686
2.7305205066984,2.3742694877765
2.7317827117896,2.37572543876015
2.73304539209959,2.37718148992147
2.73430854734742,2.37863764015079
2.73557217673146,2.38009388771749
2.73683628093768,2.38155023260612
2.7381008599965,2.38300667406068
2.73936591387383,2.38446321124243
2.74063144240635,2.38591984315954
2.74189744497789,2.38737656829238
2.74316392175769,2.38883338602371
2.74443087364908,2.39029029659641
2.74569829967775,2.39174729809073
2.74696620031991,2.39320439023817
2.74823457541015,2.39466157204473
2.74950342431665,2.39611884196911
2.75077274766503,2.39757619991536
2.75204254518195,2.39903364476522
2.75331281632383,2.40049117507629
2.75458356239182,2.40194879153066
2.75585478253801,2.40340649235416
2.75712647643588,2.40486427634478
2.75839864479201,2.40632214349584
2.75967128702038,2.40778009232452
2.76094440272106,2.40923812154454
2.7622179921896,2.41069623067135
2.76349205510736,2.41215441852241
2.76476659223735,2.41361268515294
2.76604160286364,2.41507102892825
2.76731708760068,2.4165294497243
2.76859304555799,2.4179879457006
2.76986947774882,2.41944651718648
2.77114638280801,2.42090516179971
2.77242376251526,2.42236388074207
2.77370161508901,2.42382267116228
2.77497994195652,2.42528153384844
2.77625874169781,2.42674046635785
2.77753801462235,2.42819946819647
2.77881776069994,2.42965853850078
2.78009798030586,2.43111767686994
2.78137867242986,2.43257688131757
2.78265983812594,2.43403615220445
2.78394147675483,2.43549548797695
2.78522358885971,2.4369548884141
2.78650617366997,2.4384143518028
2.78778923240405,2.43987387869008
2.78907276284906,2.44133346571916
2.79035676634926,2.4427931135575
2.79164124224183,2.44425282062245
2.79292619150949,2.44571258718953
2.79421161383044,2.44717241206202
2.79549750911906,2.4486322942946
2.7967838761317,2.450092231618
2.79807071525862,2.45155222361274
2.79935802758957,2.45301227068141
2.8006458124965,2.45447237127707
2.80193406991539,2.45593252447016
2.80322280043368,2.45739273007876
2.80451200252662,2.4588529855205
2.80580167712381,2.46031329098091
2.8070918245106,2.46177364594416
2.80838244373428,2.46323404847642
2.80967353561023,2.46469449863751
2.81096509895134,2.46615499422986
2.8122571340242,2.46761553468314
2.8135496414003,2.46907611979257
2.8148426205419,2.47053674809727
2.81613607177975,2.47199741910662
2.81742999490029,2.47345813172109
2.81872439038815,2.47491888562694
2.82001925622693,2.47637967767625
2.82131459510476,2.4778405100287
2.82261040540955,2.47930138002707
2.82390668693753,2.4807622865534
2.82520344093177,2.48222323014549
2.82650066530422,2.48368420758485
2.82779836170236,2.48514521984072
2.82909652902321,2.48660626481481
2.83039516812112,2.48806734259046
2.83169427786419,2.48952845102472
2.83299385877512,2.49098958982047
2.83429391173346,2.49245075910645
2.83559443537989,2.49391195648373
2.83689543032776,2.49537318175009
2.83819689639756,2.49683443383228
2.83949883308658,2.4982957112817
2.84080124082356,2.49975701369564
2.84210411996523,2.50121834060324
2.84340747020451,2.50267969078281
2.84471128978526,2.50414106136382
2.84601558108369,2.50560245411725
2.84732034267792,2.5070638665893
2.84862557476732,2.50852529810158
2.84993127728864,2.50998674769721
2.85123745022426,2.5114482144685
2.85254409301177,2.51290969689317
2.85385120706151,2.51437119566248
2.85515879053399,2.51583270783604
2.85646684444617,2.51729423364057
2.85777536904695,2.51875577247715
2.85908436387593,2.52021732294023
2.86039382848365,2.5216788836224
2.86170376271584,2.52314045344612
2.86301416736676,2.52460203240457
2.86432504221486,2.5260636193643
2.86563638730788,2.5275252134782
2.86694820149011,2.52898681254855
2.86826048512996,2.53044841606901
2.86957323822417,2.53191002313848
2.87088646139025,2.5333716335485
2.87220015401462,2.534833245718
2.87351431728383,2.53629486006351
2.87482894847958,2.53775647265056
2.87614404957224,2.53921808473669
2.87745961934716,2.54067969408136
2.87877565863518,2.54214130069018
2.88009216685685,2.54360290301688
2.88140914449708,2.54506450068534
2.88272659124506,2.54652609244304
2.88404450646476,2.54798767666158
2.8853628913752,2.54944925377813
2.88668174505341,2.55091082186556
2.88800106765661,2.55237238017009
2.88932085809662,2.55383392656022
2.89064111807414,2.55529546199802
2.89196184564018,2.5567569834167
2.89328304308435,2.55821849242056
2.89460470805198,2.55967998549794
2.89592684203215,2.56114146335067
2.89724944462944,2.56260292463526
2.89857251489783,2.56406436736965
2.89989605353303,2.56552579138614
2.90122006064323,2.56698719588864
2.90254453593876,2.56844857963075
2.90386947879206,2.56990994098118
2.90519488926285,2.57137127906543
2.90652076778274,2.5728325934327
2.9078471139533,2.57429388271685
2.90917392837693,2.57575514664868
2.91050121048283,2.57721638367027
2.91182896017856,2.57867759273533
2.91315717683834,2.58013877221081
2.91448586181277,2.58159992264674
2.91581501396013,2.58306104186165
2.91714463292322,2.58452212850378
2.91847471963829,2.58598318266184
2.9198052736066,2.58744420285807
2.92113629553982,2.58890518893145
2.92246778386823,2.59036613821262
2.92379973928192,2.59182705049435
2.92513216158351,2.59328792462177
2.92646505132486,2.59474876025674
2.92779840695577,2.59620955474826
2.92913222990068,2.59767030869544
2.930466519926,2.59913102091264
2.93180127668008,2.60059169005985
2.93313649908998,2.6020523139946
2.93447218827146,2.60351289297518
2.9358083433259,2.60497342507487
2.93714496512151,2.606433910283
2.93848205295704,2.60789434688507
2.9398196070063,2.60935473410519
2.94115762797349,2.61081507176228
2.94249611437139,2.61227535727308
2.94383506698734,2.61373559051848
2.94517448556226,2.61519577026305
2.9465143691891,2.61665589454453
2.94785471909725,2.6181159637344
2.94919553432546,2.61957597583276
2.95053681500112,2.62103593000005
2.95187856175788,2.62249582596594
2.95322077407157,2.62395566219929
2.9545634513272,2.62541543704881
2.95590659411598,2.62687515018081
2.957250202345,2.62833480053199
2.95859427633517,2.62979438748175
2.95993881448152,2.63125390830477
2.9612838177032,2.63271336300507
2.9626292862059,2.63417275084614
2.96397521926488,2.63563207006519
2.96532161690155,2.63709131969628
2.96666847959514,2.63855049928416
2.96801580683424,2.64000960729967
2.96936359860759,2.64146864274213
2.9707118547998,2.64292760450294
2.97206057473561,2.64438649086066
2.9734097597747,2.64584530230328
2.97475940936895,2.64730403727198
2.97610952265284,2.64876269383036
2.97746010028487,2.65022127169212
2.97881114223697,2.65167976984879
2.98016264775046,2.65313818648625
2.98151461683636,2.65459652061276
2.98286705018307,2.65605477198517
2.98421994686945,2.65751293862248
2.98557330797225,2.65897102068715
2.98692713225961,2.66042901586368
2.98828141959247,2.6618869229852
2.98963617021299,2.6633447413133
2.99099138372634,2.66480246942669
2.99234706054628,2.66626010677013
2.99370320073867,2.66771765242305
2.99505980390139,2.66917510495132
2.99641687106406,2.67063246446187
2.99777440105168,2.67208972869647
2.99913239363422,2.67354689638178
3.00049084879989,2.67500396649272
3.00184976668368,2.67646093816869
3.00320914646211,2.6779178095148
3.00456898931534,2.67937458078475
3.005929294894,2.68083125061237
3.00729006209562,2.68228781679239
3.00865129232884,2.68374427981343
3.01001298444577,2.68520063744757
3.01137513840815,2.68665688862166
3.0127377540315,2.68811303211906
3.01410083192313,2.68956906757586
3.01546437138375,2.69102499323322
3.01682837202047,2.69248080763866
3.01819283577366,2.69393651185455
3.01955776034855,2.69539210242615
3.02092314665415,2.69684757927142
3.02228899494907,2.69830294165809
3.02365530347714,2.69975818668117
3.02502207310162,2.70121331421188
3.02638930368202,2.7026683230871
3.02775699549848,2.70412321258159
3.0291251482784,2.70557798138112
3.03049376200942,2.70703262843958
3.03186283733074,2.70848715341205
3.03323237260111,2.70994155351975
3.03460236853335,2.71139582846471
3.03597282484982,2.71284997692657
3.03734374163445,2.71430399795806
3.03871511884516,2.71575789048064
3.04008695634736,2.71721165331383
3.04145925345846,2.71866528468781
3.04283201131839,2.72011878477
3.04420522881757,2.72157215135586
3.04557890628586,2.72302538373877
3.04695304324504,2.72447848037059
3.04832764002279,2.7259314405503
3.04970269632878,2.72738426293022
3.05107821212803,2.72883694642386
3.05245418736413,2.73028948992427
3.05383062152297,2.73174189183584
3.05520751451591,2.73319415100665
3.05658486743968,2.73464626755326
3.05796267954598,2.73609823965079
3.05934095039435,2.73755006576736
3.06071968029809,2.73900174517322
3.06209886840047,2.7404532759093
3.06347851576342,2.74190465803387
3.0648586211814,2.74335588923027
3.06623918550969,2.74480696932915
3.06762020772306,2.74625789619918
3.06900168855066,2.74770866953721
3.07038362678545,2.74915928701606
3.07176602346828,2.75060974865657
3.07314887858119,2.75206005339617
3.07453219162133,2.75351019964167
3.0759159623586,2.75496018607528
3.07730019049672,2.75641001131238
3.07868487633049,2.75785967459235
3.08007001997259,2.75930917497269
3.0814556212617,2.76075851121778
3.08284167907001,2.76220768106397
3.08422819475266,2.76365668484879
3.08561516707668,2.76510552022408
3.08700259627591,2.76655418634298
3.08839048241418,2.76800268220143
3.08977882606336,2.76945100732962
3.09116762545567,2.77089915880115
3.09255688270266,2.77234713772866
3.0939465961061,2.77379494128457
3.09533676609908,2.77524256881612
3.09672739234174,2.77669001889018
3.0981184746702,2.77813729024728
3.09951001257073,2.77958438126165
3.10090200746605,2.78103129233408
3.10229445758632,2.78247802055
3.10368736359157,2.78392456548442
3.10508072473248,2.78537092527423
3.10647454156293,2.78681709939959
3.10786881443634,2.78826308715253
3.10926354290177,2.78970888697974
3.11065872639978,2.79115449719604
3.11205436496992,2.79259991673809
3.11345045859301,2.79404514449232
3.11484700760156,2.79549017971249
3.11624401096472,2.79693502023304
3.11764146883537,2.79837966509753
3.11903938163351,2.79982411364842
3.12043774930153,2.80126836473683
3.12183657109301,2.8027124164847
3.12323584759475,2.80415626838804
3.12463557795435,2.80559991846691
3.12603576260127,2.80704336605026
3.12743640124576,2.80848660973974
3.12883749376124,2.80992964829418
3.13023903966663,2.81137248010422
3.13164103972195,2.81281510484368
3.1330434928762,2.81425752032703
3.13444639973435,2.81569972605446
3.13584975996313,2.81714172058013
3.13725357378303,2.81858350301658
3.13865784050293,2.82002507153826
3.14006256063392,2.82146642554808
3.14146773340249,2.82290756313864
3.14287335888578,2.82434848325975
3.14427943723406,2.82578918495064
3.14568596837738,2.82722966702509
3.14709295183824,2.82866992786949
3.1485003872394,2.83010996596393
3.14990827484126,2.83154978044832
3.15131661534488,2.83298937093069
3.15272540730392,2.83442873480996
3.15413465139133,2.83586787162856
3.1555443471333,2.83730677978319
3.15695449414158,2.83874545773937
3.15836509271509,2.84018390466968
3.15977614328746,2.84162211989903
3.16118764488125,2.84306010130176
3.16259959799833,2.84449784824493
3.16401200173817,2.84593535867862
3.16542485708492,2.8473726324653
3.16683816369409,2.84880966813621
3.16825192077657,2.85024646374089
3.16966612804851,2.85168301783432
3.17108078601766,2.8531193297935
3.1724958940837,2.85455539787562
3.17391145292192,2.85599122162414
3.1753274622695,2.8574267996433
3.17674392121889,2.85886212985825
3.17816083075668,2.86029721211757
3.17957818969341,2.86173204407932
3.1809959978929,2.86316662443735
3.18241425598093,2.86460095268157
3.18383296408706,2.86603502781226
3.18525212061748,2.86746884705849
3.18667172656947,2.86890241025705
3.18809178147825,2.87033571580234
3.18951228518848,2.87176876237902
3.19093323776731,2.87320154890077
3.19235463904767,2.87463407404672
3.19377648912635,2.87606633675935
3.19519878743099,2.87749833530345
3.19662153473133,2.87893006929534
3.19804473067045,2.88036153723075
3.19946837391742,2.88179273659245
3.2008924653702,2.88322366710475
3.20231700455723,2.88465432714555
3.20374199211707,2.88608471619557
3.20516742683585,2.88751483187426
3.20659330933743,2.88894467362708
3.20801963914267,2.89037423981516
3.20944641624339,2.89180352925689
3.21087364096094,2.89323254111104
3.21230131173028,2.89466127263327
3.2137294303033,2.89608972439555
3.21515799514577,2.89751789371208
3.21658700650245,2.89894577963155
3.21801646401974,2.90037338062782
3.21944636781772,2.90180069564389
3.22087671899143,2.90322772461519
3.22230751536441,2.90465446419649
3.22373875758061,2.90608091381688
3.22517044661402,2.90750707329114
3.2266025808709,2.9089329398601
3.22803516104096,2.91035851300758
3.22946818586825,2.91178379030154
3.23090165646856,2.91320877165877
3.23233557269546,2.91463345577348
3.23376993409974,2.91605784101216
3.23520474014574,2.91748192564304
3.23663999071581,2.91890570835058
3.23807568594882,2.92032918808552
3.23951182544566,2.92175236326525
3.24094840976859,2.9231752332588
3.24238543805283,2.92459779602385
3.24382291120618,2.92602005126286
3.2452608280392,2.92744199661326
3.24669918875441,2.92886363106198
3.24813799351587,2.93028495358247
3.24957724129058,2.93170596195357
3.25101693277078,2.93312665565027
3.25245706700384,2.93454703253993
3.25389764425916,2.93596709167648
3.25533866474867,2.93738683207904
3.25678012862446,2.93880625270766
3.25822203491932,2.94022535140398
3.25966438416917,2.94164412747997
3.26110717582527,2.94306257919796
3.26255041009884,2.94448070555508
3.26399408632609,2.94589850469177
3.26543820457879,2.94731597546092
3.26688276454346,2.94873311634653
3.26832776732061,2.9501499272289
3.26977321174238,2.95156640576688
3.27121909698469,2.95298254991092
3.27266542362521,2.95439835900252
3.27411219198069,2.95581383215727
3.27555940153875,2.95722896766661
3.27700705146291,2.95864376348012
3.27845514284099,2.96005821944046
3.2799036749571,2.96147233364926
3.28135264746562,2.96288610453678
3.28280206050078,2.96429953100998
3.2842519133347,2.96571261113595
3.28570220563157,2.96712534334982
3.28715293880992,2.96853772782318
3.28860411187096,2.96994976238522
3.29005572433717,2.97136144532591
3.29150777657365,2.97277277576912
3.29296026759804,2.97418375153296
3.29441319853092,2.97559437247467
3.29586656817431,2.97700463621646
3.29732037758182,2.97841454254335
3.29877462611929,2.97982408962769
3.30022931288639,2.98123327534595
3.3016844382266,2.98264209878344
3.30314000146027,2.98405055805037
3.30459600380239,2.98545865309278
3.30605244320811,2.98686638070469
3.30750932053371,2.98827374044776
3.30896663618825,2.98968073150463
3.31042438896107,2.99108735147058
3.31188258024229,2.9924936004421
3.31334120825561,2.99389947547815
3.31480027341029,2.99530497570291
3.31625977561322,2.99671009979288
3.31771971443604,2.99811484609127
3.31918009029646,2.99951921375604
3.32064090217732,3.00092320056544
3.32210215081427,3.00232680597173
3.32356383613375,3.00373002867639
3.32502595745362,3.00513286677341
3.3264885148467,3.00653531907273
3.32795150777853,3.00793738380986
3.32941493570936,3.00933905920255
3.33087880020935,3.01074034551374
3.33234309965323,3.01214123995676
3.33380783343677,3.01354174066296
3.33527300274771,3.01494184751454
3.33673860658558,3.01634155832041
3.33820464600986,3.01774087283441
3.33967111948434,3.01913978834189
3.3411380278063,3.0205383043256
3.34260537007139,3.02193641867278
3.34407314627704,3.0233341301063
3.34554135605643,3.02473143701431
3.34700999992312,3.02612833862711
3.34847907718472,3.02752483303219
3.34994858722792,3.02892091836554
3.35141853117684,3.03031659443369
3.35288890867514,3.03171185965994
3.35435971840396,3.03310671150976
3.35583096142239,3.03450114970539
3.35730263750815,3.03589517279255
3.3587747458912,3.0372887787658
3.36024728674546,3.03868196650749
3.36172025931812,3.04007473403203
3.36319366342212,3.04146707987607
3.36466749965054,3.04285900333453
3.36614176798575,3.0442505031376
3.36761646793537,3.04564157754701
3.3690915992071,3.04703222500086
3.3705671613496,3.04842244378802
3.37204315465,3.04981223289906
3.37351957886534,3.05120159083597
3.3749964341748,3.05259051649155
3.37647371929473,3.05397900737181
3.37795143493916,3.05536706285064
3.37942958070193,3.05675468128004
3.38090815670363,3.05814186149072
3.38238716157518,3.05952860090546
3.38386659683,3.06091489965114
3.38534646160628,3.06230075566456
3.38682675601491,3.06368616775421
3.38830747901215,3.06507113364905
3.38978863191921,3.06645565329415
3.39127021357396,3.06783972433574
3.39275222310922,3.06922334464357
3.39423466137718,3.07060651371503
3.39571752859012,3.07198923048549
3.39720082362775,3.0733714926184
3.39868454658783,3.0747532988918
3.40016869724258,3.07613464780225
3.40165327529505,3.07751553777618
3.40313828068669,3.07889596746199
3.40462371367726,3.08027593581319
3.40610957325964,3.08165544059741
3.40759585989615,3.08303448093423
3.40908257351228,3.0844130554706
3.41056971400301,3.08579116281461
3.41205728033006,3.08716880069375
3.41354527309403,3.08854596835065
3.41503369164678,3.08992266389415
3.41652253666821,3.09129888665173
3.41801180725244,3.09267463449297
3.41950150316661,3.09404990588064
3.42099162393245,3.09542469905977
3.42248217054832,3.09679901365296
3.42397314235513,3.09817284776875
3.42546453774984,3.09954619859416
3.42695635815708,3.10091906611542
3.42844860318982,3.10229144870172
3.42994127222439,3.10366334446343
3.4314343658959,3.10503475267214
3.43292788341291,3.10640567130017
3.43315162825677,3.10660799457322
3.43337537310064,3.10680440116044
3.43449409731997,3.10778428365539
3.43616122728057,3.10925891384488
3.43783518795505,3.11073582325848
3.43950783131296,3.11219018666022
3.44116504397828,3.11360771291387
3.44280622474579,3.11498889663994
3.4444327680736,3.11633668559908
3.44604641414806,3.1176543056855
3.44764874574621,3.11894467661743
3.44924111376848,3.12021033805997
3.45082466549351,3.12145349492643
3.45240037710695,3.12267606961642
3.45396908754656,3.12387975154107
3.45553152131332,3.12506603375064
3.45708830982025,3.12623624471401
3.45864000990952,3.12739157503808
3.46018711158887,3.12853309374834
3.46173005053306,3.1296617662861
3.46326921448163,3.1307784666521
3.46480495087379,3.13188398927384
3.46633757179001,3.13297905801172
3.46786736057552,3.13406433559822
3.46939457134479,3.13514042734975
3.47091943507124,3.13620788899537
3.4724421630366,3.13726723229162
3.47396294636713,3.13831892745657
3.4754819605071,3.13936340870482
3.47699936671338,3.14040107750912
3.47851531156042,3.141432304197
3.48002992990882,3.14245743171502
3.48154334666114,3.14347677844306
3.48305567614824,3.14449063920632
3.48456702372009,3.1454992876146
3.48458468744884,3.14551078865361
3.48460235117758,3.145521770068
3.48462383730525,3.14553500288405
3.48473126794362,3.14560096829557
3.48526842113543,3.14592905905142
3.48697221339889,3.14695148907594
3.48868046800196,3.14793991180043
3.49043069056537,3.14888342771113
3.49228012248504,3.14980513914312
3.49427984173515,3.15072282133632
3.49654118350858,3.15167346258403
3.49901453120235,3.15261925761619
3.50148787889612,3.15346853026426
3.50358646407662,3.15410461885836
3.50550736986866,3.15461238376756
3.50731807952872,3.15503490071068
3.50906431900234,3.15539758754935
3.51076721531933,3.1557138247268
3.51243834265906,3.15599157107033
3.51408460877479,3.1562361168665
3.51571061522404,3.15645133229082
3.51731967342085,3.1566402376304
3.51891430295875,3.15680529070635
3.52049648893034,3.15694854661788
3.52139976551996,3.15701556530991
3.52139976551999,3.15701556530991
3.52297111618494,3.1570165615846
3.52747542333928,3.15653075415834
3.53198383572226,3.15523958730506
3.53651820333636,3.15291558896908
3.54108638507806,3.14951832766595
3.54566216689601,3.14507055438692
3.55023551781378,3.13960210298409
3.55480656406877,3.13313898874061
3.559375505899,3.12570846505861
3.56394270588105,3.11733777246376
3.5685087246645,3.10805377737928
3.57307435729527,3.09788273389141
3.57764066381659,3.08685006158318
3.58220901705019,3.07498006786733
3.58678115448917,3.06229563326132
3.59135925148073,3.04881780906669
3.5959460109339,3.03456532762722
3.60054478525187,3.0195539664221
3.60515974280354,3.00379570540805
3.60979609377393,2.98729760062283
3.61446041903269,2.97006018352182
3.61529754206083,2.96687129875336
3.61613466508897,2.9636036943706
3.6170545103088,2.95998062905973
3.61797435552863,2.95633468846394
3.61858390283948,2.95390476671707
3.61919345015032,2.951461927924
3.62019402916233,2.9474351235719
3.62519692422238,2.92716708978135
3.63032218069598,2.90620285971602
3.63551515649896,2.88447628214305
3.64086294715374,2.86158047383344
3.64646310611871,2.83709474874521
3.65251644916528,2.81012909899606
3.65977252803896,2.77729207640664
3.66537561617738,2.75157056672708
3.6709787043158,2.72543431264692
3.67597683607514,2.70189289986128
3.68060055586807,2.67994540513172
3.68496303342426,2.65913664919273
3.68912814461292,2.63921729807212
3.69313435267652,2.62004139376194
3.69700720150943,2.60151417096047
3.70076503057149,2.58356875014624
3.70442176425628,2.56615494471881
3.70798840503607,2.5492333535031
3.71147390969063,2.53277194211382
3.71488573664692,2.5167439449731
3.71823020771369,2.50112650479567
3.72151276263569,2.4858997296763
3.72473813831784,2.47104604598438
3.72791050260563,2.45654972346908
3.73103355684524,2.44239651734568
3.7341106090906,2.42857342458959
3.73714464116317,2.4150684534351
3.73885342819675,2.40750586208986
3.73944323687113,2.40489238194202
3.74003304554551,2.40227490679806
3.74022192800948,2.40143687283664
3.74041081047344,2.4005984534142
3.74135522279328,2.39641852298803
3.74427979067889,2.38362709986664
3.74718133919567,2.37114746527392
3.75005810614002,2.35892572630018
3.75290561491101,2.34696943905678
3.75572439739426,2.33527318674932
3.75851579372188,2.32382970135031
3.76128121723008,2.31263163406376
3.76402202244512,2.30167185918492
3.76673948143232,2.29094353262313
3.7694347898024,2.28044006788404
3.77210907030546,2.27015512831199
3.77476337871555,2.26008261045956
3.77739871037969,2.250216624674
3.78001600376362,2.24055148658865
3.78261614684209,2.23108169749299
3.78519997730178,2.22180194703115
3.78776828950979,2.21270709064626
3.79032183517332,2.203792149766
3.79286132724627,2.19505229984241
3.79538744277004,2.18648286217226
3.79790082459549,2.17807929932558
3.80040208312486,2.16983721017221
3.80289179924386,2.16175232086863
3.80537052414793,2.1538204858959
3.80783878301967,2.14603767639956
3.81029707686479,2.13839997478671
3.81274588133433,2.13090357844946
3.81518564994729,2.12354478955858
3.8176168142886,2.11632001433854
3.82003978601781,2.10922575676386
3.82245495732429,2.10225861694594
3.82486270065566,2.09541529137594
3.82726337186202,2.08869256338823
3.82965731011331,2.08208730306916
3.832044837732,2.07559646710576
3.83442626190539,2.06921709343246
3.83680187461225,2.06294630082776
3.83917195366857,2.05678128543841
3.84153676477091,2.05071931490932
3.84198542786504,2.04957486308296
3.84243409095917,2.04842512647206
3.84280468182963,2.0474767110579
3.84465763618196,2.04278056841923
3.84700052336356,2.03696320747455
3.84934253776817,2.03125258597671
3.85168332182827,2.02563301986629
3.85402085034857,2.02010494252427
3.85635492940581,2.01466636566928
3.85868565962638,2.00931502203129
3.8610131918615,2.00404864008727
3.86333768042342,1.99886499513593
3.86565927283506,1.99376192121857
3.86797810583176,1.98873731696417
3.87029430972142,1.98378913477461
3.87260800641487,1.97891538443041
3.87491930851645,1.97411413406459
3.87722832206758,1.96938350358223
3.87953514658822,1.96472166399979
3.88183987136101,1.96012684410215
3.88414258245183,1.95559731553651
3.88644335745225,1.95113140275994
3.88874226799637,1.94672747718809
3.89103938031439,1.94238395551909
3.89333475285862,1.93809930348646
3.89562844097329,1.9338720263678
3.89792049350995,1.92970067475579
3.9002109547159,1.92558384031895
3.9024998650464,1.92152015378681
3.90478725779425,1.91750829025114
3.90707316390433,1.91354695992516
3.90935760985967,1.90963491138057
3.91164061836315,1.90577092969917
3.91392220804821,1.90195383634116
3.91620239402323,1.89818248759102
3.91848118933224,1.89445577159168
3.92075860286963,1.89077261120954
3.92303464158929,1.88713195980213
3.92374489150014,1.8859981507029
3.92445514141098,1.88485670128541
3.92521281799368,1.88364194900801
3.92597049457639,1.88243235963947
3.92822718037292,1.87887687944858
3.93047579344002,1.87541091976376
3.9327327519739,1.87197750315703
3.93499049576381,1.86858253147389
3.93724785915097,1.86522578317122
3.93950457558407,1.86190647068302
3.94176056869372,1.85862369959378
3.94401579903576,1.8553765780804
3.94627023500926,1.8521642358479
3.94852384428489,1.84898583131161
3.95077659415682,1.84584054947548
3.95302845090642,1.84272760202502
3.95527938161151,1.83964622417914
3.95752935287872,1.83659567587464
3.95977832944104,1.83357524296605
3.96202627697566,1.83058423277248
3.96427316059614,1.82762197555914
3.96651894678398,1.82468782138946
3.9687636016684,1.82178114184628
3.97100708977044,1.81890133097301
3.97324937934292,1.81604779786037
3.97549043639859,1.81321997381851
3.97773022887007,1.81041730642243
3.97996872529646,1.80763926072858
3.98220589399169,1.80488531973142
3.98444170490903,1.80215498152864
3.98667612790491,1.79944776096839
3.98890913370381,1.79676318792771
3.99114069530839,1.7941008051831
3.99337078562952,1.79146017079626
3.99559937878104,1.78884085604854
3.99782644858947,1.7862424467322
4.00005197183844,1.78366453891421
4.00069378435825,1.78291910617459
4.00133559687807,1.78216456353456
4.00155656744936,1.78190412586859
4.00171421865542,1.78171763616695
4.00187186986147,1.78153104771001
4.00207808633669,1.78128719403944
4.0031091687128,1.7800763367497
4.00529908084688,1.77755498585297
4.00748931320819,1.77508512206001
4.0096895217023,1.77262936947117
4.0118908663629,1.77019307780481
4.01409194696138,1.76777640676964
4.01629240738526,1.7653790660289
4.0184921310846,1.7630006573994
4.02069104929226,1.76064077622391
4.02288910688643,1.75829902576796
4.02508624968999,1.75597502578583
4.02728242800891,1.75366840719081
4.02947759461522,1.75137881355753
4.03167170429005,1.74910590098074
4.03386471266754,1.74684933868229
4.03605657808197,1.74460880655634
4.03824726151637,1.74238399477383
4.04043672565923,1.74017460425247
4.04262493413345,1.73798034691156
4.04481185417517,1.7358009425298
4.04699745288699,1.73363612206734
4.0491817012146,1.73148562324191
4.05136457057655,1.72934919350335
4.05354603473132,1.72722658774066
4.05572606729817,1.72511757031085
4.05790464678458,1.72302190980355
4.06008175044449,1.72093938466665
4.06225735790588,1.71886977926366
4.06443145028806,1.7168128844548
4.0666040110996,1.71476849643795
4.06877502300986,1.71273641946316
4.07094447248137,1.71071646116809
4.07311234511304,1.70870843670152
4.07527862964686,1.7067121646754
4.07744331285896,1.70472747164391
4.07785937122738,1.70434329205643
4.07818023456467,1.70404126675548
4.07850109790195,1.70373842691998
4.08010541458835,1.70223998339276
4.08222786492104,1.70030524938537
4.08435935739019,1.69839196257278
4.08649741928113,1.6964881498234
4.08863629895812,1.69459630352087
4.09077500787444,1.69271646694526
4.09291327715166,1.69084845576385
4.09505100245754,1.68899203434458
4.09718811418882,1.68714696625035
4.09932455389603,1.68531302125555
4.10146026778893,1.68348997779911
4.10359520592096,1.68167762259139
4.10572931928802,1.67987575241368
4.10786256273025,1.67808417109633
4.10999489296049,1.67630269073827
4.11212627123167,1.67453112901407
4.1142566606947,1.67276931097932
4.1163860244154,1.67101707019252
4.11851433024568,1.66927424429099
4.12064154945606,1.66754067585544
4.1227676514369,1.66581621627823
4.12489261021684,1.66410072004469
4.12701640245802,1.66239404616377
4.1291390049147,1.66069605983718
4.13126039652499,1.65900663042918
4.13338055652455,1.65732563269856
4.13549946887018,1.65565294303323
4.13761711719944,1.65398844323334
4.13973348585774,1.65233201934596
4.14184856189141,1.65068355990228
4.14396233366539,1.64904295681855
4.1460747895228,1.64741010618099
4.14818591892599,1.64578490713152
4.15029571265808,1.64416726154806
4.15240416471225,1.64255707245744
4.15451126853914,1.64095424674627
4.15661701726066,1.63935869474188
4.15872140540145,1.63777032875254
4.16082442916141,1.63618906276739
4.16292608519793,1.6346148132397
4.16502637059483,1.63304749895063
4.16712528325655,1.63148704059064
4.1692228213145,1.62993336108632
4.17131898425884,1.62838638465248
4.17341377203066,1.62684603737739
4.17550718548189,1.62531224677488
4.17759922428171,1.62378494320676
4.17968988981091,1.62226405766007
4.18177918361728,1.62074952283708
4.18386710709258,1.61924127327719
4.18595366321682,1.61773924403075
4.18803885457371,1.61624337203851
4.19012268519948,1.6147535947185
4.19220515755144,1.61326985207365
4.19428627597787,1.61179208412801
4.19636604167231,1.61032023446568
4.19844446274473,1.60885424305676
4.20052154110705,1.60739405554494
4.2025972813735,1.60593961674553
4.2046716892262,1.60449087190516
4.20674476816838,1.60304776887611
4.20881652484181,1.60161025435235
4.21088696384635,1.60017827748713
4.21295609049933,1.59875178786736
4.21502391030341,1.5973307358899
4.2170904292883,1.59591507249386
4.21915565357936,1.59450474942907
4.22121958876311,1.59309971964224
4.2232822391494,1.5916999377204
4.22534361171752,1.59030535720997
4.22740371309911,1.58891593269654
4.22946254894738,1.58753162014017
4.23152012560468,1.58615237572321
4.23185570513182,1.58592488789029
4.23219128465896,1.58569173736237
4.23259311694354,1.5854121552881
4.23459053392438,1.58404728111888
4.23658044234483,1.58273117681942
4.238588301631,1.58141811471888
4.24060018589966,1.58011298909789
4.24261415321822,1.57881579070951
4.244629635278,1.57752633663864
4.24664640870376,1.57624437692846
4.24866432403845,1.57496966142486
4.25068325124754,1.57370195178891
4.25270306934806,1.57244102271465
4.25472366179614,1.57118666301526
4.25674492159869,1.56993867142459
4.25876674531924,1.56869685952003
4.26078903716235,1.56746104834214
4.26281170365008,1.56623107091521
4.26483465945362,1.56500676792303
4.26685782309464,1.56378798970636
4.26888111673751,1.56257459563775
4.27090446871326,1.56136645198896
4.27292781249809,1.56016343199904
4.27495108462856,1.55896541651074
4.27697422438804,1.55777229355497
4.2789971770202,1.55658395596375
4.28101989095536,1.55540030256508
4.28304231687827,1.55422123820418
4.28506440986987,1.55304667205315
4.2870861278417,1.55187651814234
4.28910743141577,1.55071069501274
4.29112828402906,1.54954912528502
4.29314865345463,1.54839173446378
4.29516850501774,1.54723845445844
4.29718781278076,1.54608921686218
4.29920654867255,1.54494395897691
4.30122468749246,1.54380262054
4.30324220697028,1.54266514352242
4.30525908543959,1.54153147319336
4.30727530407674,1.54040155661253
4.30929084604947,1.53927534293593
4.3113056933882,1.53815278492001
4.31331983347928,1.53703383511823
4.31533324997762,1.53591845079625
4.31734593234741,1.53480658840164
4.31935786893346,1.5336982073581
4.32136904971569,1.53259326830785
4.32337946455598,1.53149173396589
4.32538910729895,1.53039356676312
4.32739796927358,1.52929873230088
4.32940604438813,1.52820719638656
4.33141332707685,1.52711892612239
4.33341981222479,1.52603388982003
4.33542549654228,1.52495205617884
4.33743037457045,1.52387339634431
4.33943444472247,1.52279788056091
4.34143770354738,1.52172548124078
4.34344014885878,1.52065617114515
4.34544177931173,1.519589923597
4.34744259448144,1.51852671238178
4.34944259221985,1.51746651307035
4.35144177271667,1.51640930079955
4.35344013518651,1.51535505202286
4.35543768109191,1.51430374274019
4.35743441074806,1.51325535027039
4.35943032458586,1.51220985249657
4.36142542368103,1.51116722757599
4.36341970896373,1.51012745432542
4.36541318251016,1.50909051151538
4.36740584676139,1.50805637826632
4.36939770210571,1.50702503523626
4.37138875116354,1.50599646236618
4.3733789960958,1.50497064030414
4.37536843904639,1.503947550114
4.37735708375548,1.50292717244561
4.37934493202035,1.50190948932968
4.38133198569055,1.50089448308617
4.38331824898417,1.49988213518137
4.38530372407351,1.49887242847144
4.38728841398902,1.49786534565355
4.38927232254412,1.49686086933947
4.39125545258783,1.49585898291507
4.39151937296586,1.49572360485995
4.39178329334389,1.49558395605183
4.39310289523403,1.49489180982725
4.39504140176753,1.49390590014035
4.39698943944013,1.49293507464433
4.39894762355653,1.49196615795213
4.40090799561651,1.4910010293954
4.40286935565547,1.49003967493597
4.40483135272384,1.4890820154058
4.40679385294689,1.48812794239234
4.40875676700593,1.48717734951123
4.4107200174729,1.48623013668245
4.41268353521486,1.4852862090928
4.41464725630206,1.48434547773863
4.41661112073232,1.48340785939592
4.41857507068816,1.48247327690455
4.42053905469425,1.48154165673317
4.42250302544445,1.48061292964794
4.42446693694241,1.47968703159975
4.42643074845438,1.47876390145708
4.42839441909067,1.47784348321767
4.43035791416425,1.47692572265667
4.43232120061855,1.47601056922936
4.4342842471097,1.47509797566361
4.43624702498883,1.47418789723091
4.43820950898846,1.47328029120182
4.44017167319225,1.47237511844878
4.44213349658094,1.47147234064047
4.44409495754492,1.47057192260984
4.44605603881159,1.4696738298507
4.44801672115651,1.46877803124274
4.44997699032973,1.46788449567155
4.45193683032226,1.46699319500139
4.45389622967254,1.46610410100486
4.45585517361938,1.46521718882191
4.45781365298814,1.46433243275452
4.45977165780235,1.46344980913546
4.46172917921287,1.4625692952614
4.46368620853673,1.46169086973825
4.46564273850499,1.46081451182308
4.46759876127999,1.45994020222798
4.46955427420565,1.45906792049058
4.47150926947283,1.45819764951767
4.47346374341249,1.45732937127555
4.47541769068392,1.45646306941012
4.4773711094939,1.45559872683026
4.47932399560109,1.45473632833776
4.4812763466897,1.45387585857875
4.48322816009991,1.4530173030462
4.48517943533049,1.45216064692431
4.48713016931731,1.45130587711827
4.489080361501,1.45045297995639
4.49103001138012,1.44960194228997
4.49297911836941,1.44875275148449
4.49492768253757,1.44790539506663
4.4968757033245,1.44705986125445
4.49882318026181,1.44621613860103
4.50077011355238,1.44537421573535
4.50271650534266,1.44453408081578
4.50466235553598,1.44369572330248
4.50660766515662,1.44285913244153
4.5085524347872,1.4420242979588
4.5104966658808,1.44119120946956
4.51244036014399,1.44035985674416
4.51438351811527,1.43953023027847
4.51632614179845,1.43870232015231
4.51826823185958,1.43787611723191
4.52020979175736,1.43705161139321
4.52215082147763,1.43622879418535
4.52409132359171,1.43540765619825
4.52603130032582,1.43458818836846
4.52797075349456,1.433770381955
4.52990968507927,1.4329542282857
4.53184809792117,1.43213971847505
4.53378599314874,1.43132684448836
4.5357233722681,1.43051559822996
4.53766023853029,1.42970597101211
4.53959659371386,1.428897954895
4.5415324408448,1.42809154151467
4.54346778091661,1.42728672345746
4.54540261797153,1.42648349213401
4.54733695262985,1.4256818404896
4.54927078842874,1.42488176032134
4.55120412753312,1.42408324411498
4.5531369721557,1.42328628440065
4.5550693239351,1.42249087401776
4.55700118562366,1.42169700542389
4.55758648252319,1.42145312303135
4.55797405568504,1.42128665624783
4.5583616288469,1.42111915956635
4.56025545522198,1.42031692053957
4.56214113230319,1.41954891289463
4.56404718009454,1.41877988064939
4.56595684190758,1.41801360908711
4.56786813062535,1.41725004090615
4.56978046131281,1.41648912611384
4.57169364641124,1.41573077002923
4.57360757806975,1.41497487758573
4.57552216830411,1.41422135934144
4.57743733894125,1.41347013141508
4.5793530182839,1.41272111556618
4.58126913874402,1.41197423941835
4.58318563678106,1.41122943591538
4.58510245562193,1.41048664181155
4.58701953985372,1.40974579932899
4.5889368423548,1.40900685303663
4.59085431429185,1.40826975334807
4.59277191419572,1.40753445258125
4.59468960045347,1.4068009075826
4.5966073375844,1.4060690769495
4.59852509150672,1.40533892260574
4.60044283253471,1.4046104083421
4.60236053081339,1.40388350130261
4.60427815888982,1.40315817071807
4.60619569259663,1.40243438740018
4.60811311034468,1.40171212382277
4.61003039153223,1.40099135450846
4.61194751703927,1.40027205564168
4.61386446944456,1.39955420483272
4.61578123177767,1.39883778142816
4.61769778954962,1.39812276560925
4.61961413075604,1.3974091382978
4.62153024186864,1.39669688249757
4.62344611327855,1.39598598113686
4.62536173364484,1.39527641910284
4.62727709307268,1.39456818190599
4.62919218557757,1.39386125475151
4.6311070016249,1.39315562519568
4.63302153588218,1.39245128015455
4.63493578061839,1.39174820832824
4.63684973056848,1.39104639829001
4.63876338200389,1.39034583883564
4.64067672928994,1.38964652015054
4.64258976941975,1.38894843207964
4.64319850552145,1.3887229677663
4.64380724162315,1.38849068192507
4.64402842212273,1.38840567373653
4.64424960262231,1.38831993434845
4.64445897372519,1.38823876039901
4.64550582923956,1.38783789565441
4.64737561304419,1.38714693732018
4.64925244975442,1.38647301226292
4.6511429641405,1.38579958898386
4.65303636420388,1.38512852353931
4.65493123401155,1.38445973423544
4.65682714878437,1.38379315052735
4.65872395298777,1.38312868209828
4.66062154611463,1.3824662419589
4.66251984410678,1.38180574860272
4.66441877106812,1.38114712618397
4.66631825570659,1.38049030475755
4.66821823373026,1.37983521884324
4.67011864258421,1.37918180874468
4.67201942756867,1.3785300179614
4.67392053580654,1.37787979488837
4.67582191970853,1.37723109117505
4.67772353415237,1.37658386235083
4.67962533705165,1.37593806725318
4.68152729172195,1.37529366693642
4.68342936269602,1.37465062580412
4.68533151861301,1.37400891031625
4.68723372811122,1.37336849012853
4.68913596407269,1.37272933639825
4.69103820043426,1.37209142267818
4.6929404152424,1.37145472366984
4.69484258643121,1.37081921646128
4.69674469478022,1.37018487932281
4.69864672138275,1.36955169241282
4.70054865094035,1.36891963652312
4.70245046753726,1.36828869436253
4.70435215785466,1.36765884932407
4.70625370808194,1.36703008641195
4.7081551081327,1.36640239072834
4.7100563471685,1.36577574888043
4.71195741562232,1.36515014816839
4.71385830437528,1.36452557679074
4.71575900473071,1.36390202376287
4.71765951168057,1.36327947780023
4.71955981632035,1.36265792972634
4.72145991439035,1.36203736956625
4.72335980055572,1.36141778844195
4.7252594700289,1.36079917792128
4.72715891767788,1.36018153026998
4.72905814101104,1.35956483744949
4.73095713554658,1.35894909258929
4.73285589814536,1.35833428882277
4.73475442685611,1.35772041935007
4.73665271890602,1.3571074780414
4.73855077269146,1.35649545874731
4.74044858645586,1.35588435571649
4.74234615863988,1.35527416344169
4.74424348776579,1.35466487667635
4.74614057307512,1.35405649021247
4.74803741364774,1.35344899914669
4.7499340093461,1.35284239855399
4.75183035932602,1.35223668394895
4.7537264625269,1.3516318510941
4.75562232112837,1.35102789491881
4.75751793153615,1.35042481235965
4.75941329729435,1.34982259820475
4.7613084161826,1.34922124927433
4.76320328956894,1.34862076132715
4.7650979179406,1.34802113056503
4.76699230129736,1.34742235344334
4.76888644043586,1.34682442626748
4.77078033554253,1.34622734563956
4.7726739877727,1.34563110794602
4.77456739838086,1.34503570964217
4.77646056692853,1.34444114778262
4.77835349520481,1.34384741878653
4.78024618381713,1.34325451953566
4.78213863399939,1.34266244676871
4.78403084586361,1.34207119763364
4.78592282087287,1.34148076890586
4.78781455925269,1.340891157809
4.78970606271706,1.34030236114622
4.79159733359713,1.33971437560232
4.79348837174693,1.33912719866683
4.79537917860333,1.33854082735212
4.79726975534134,1.33795525880949
4.79916010331345,1.33737049017114
4.80105022298572,1.33678651887279
4.80294011673808,1.33620334179305
4.8048297853543,1.33562095635009
4.80671922860391,1.3350393602721
4.80860844905369,1.33445855045836
4.81049744757961,1.33387852438386
4.81238622637211,1.3332992791333
4.8142747848373,1.33272081266438
4.81616312503528,1.33214312212368
4.81805124923129,1.33156620465728
4.8199391581097,1.33099005790964
4.82182685337539,1.33041467921728
4.82248951230794,1.33020944245061
4.82315217124049,1.3299976531879
4.82337542629425,1.32992570308794
4.82359868134801,1.32985296582001
4.823810783425,1.32978384400626
4.82487129380996,1.3294430273955
4.82671535025755,1.32887323669068
4.82856736790533,1.32831816997695
4.83043325089676,1.32776344975191
4.83230210194543,1.32721060968846
4.83417255460927,1.32665954344956
4.83604418623653,1.32611018249132
4.83791684057745,1.3255624445059
4.8397904143083,1.3250162516783
4.84166482159723,1.32447153131814
4.84353998355669,1.32392821657939
4.84541582797436,1.32338624561713
4.84729228716919,1.32284556164129
4.84916929977649,1.32230611191271
4.85104680993115,1.32176784756705
4.8529247645971,1.32123072394699
4.85480311286794,1.32069470037633
4.85668181065968,1.32015973849692
4.85856081757758,1.31962580289184
4.86044009411721,1.31909286151655
4.86231960602168,1.31856088417169
4.86419932158226,1.31802984305652
4.86607921034093,1.31749971285166
4.86795924521557,1.31697046989318
4.86983940164531,1.31644209223699
4.87171965623816,1.31591455983125
4.87359998834899,1.31538785389144
4.87548037846667,1.31486195720358
4.8773608092841,1.31433685366396
4.87924126334796,1.31381252879608
4.88112172642669,1.31328896867854
4.88300218538056,1.31276616045706
4.88488262887784,1.31224409201715
4.88676304380103,1.31172275286354
4.88864342050375,1.3112021325593
4.89052375004335,1.31068222146625
4.89240402381199,1.31016301073261
4.89428423275382,1.30964449242313
4.89616437152333,1.30912665832884
4.89804443287645,1.3086095014729
4.89992441133085,1.30809301499672
4.9018043017208,1.30757719254507
4.90368409960885,1.30706202809345
4.90556379998571,1.30654751625653
4.90744340030771,1.30603365142272
4.90932289672949,1.30552042876457
4.9112022857982,1.30500784370243
4.91308156515426,1.30449589171016
4.91496073078939,1.30398456902622
4.9168397825057,1.30347387114514
4.91871871842655,1.30296379432398
4.92059753657364,1.30245433506763
4.922476234575,1.30194549020253
4.92435481241175,1.3014372561345
4.92623326839347,1.30092962993202
4.92811160240877,1.30042260839987
4.92998981265394,1.29991618896698
4.93186789970963,1.29941036856075
4.93374586270508,1.29890514465682
4.935623701445,1.29840051465943
4.93750141562521,1.29789647612363
4.93937900432902,1.29739302686834
4.94125646869871,1.29689016426423
4.94313380911104,1.29638788600097
4.94501102432378,1.29588619026201
4.94688811599574,1.29538507452856
4.94876508239545,1.29488453727216
4.95064192574901,1.29438457595757
4.9525186447543,1.29388518907711
4.95439524251684,1.29338637399215
4.95627171665451,1.29288812959278
4.95814806900649,1.29239045365142
4.96002430075911,1.29189334420905
4.96190041171429,1.29139679969917
4.96377640305608,1.29090081821632
4.96565227537381,1.2904053980615
4.96752802925069,1.28991053756286
4.9694036643319,1.28941623531819
4.97127918183,1.28892248953871
4.97315458383638,1.28842929826015
4.97502986878468,1.28793666049161
4.97690503917318,1.28744457417526
4.97878009557091,1.28695303782218
4.98065503851765,1.28646204994757
4.98252986802011,1.28597160921801
4.9844045861218,1.28548171379284
4.98627919437095,1.28499236200368
4.98815369132856,1.28450355294977
4.99002807885842,1.28401528486418
4.99190235855796,1.28352755610686
4.99377652933683,1.28304036573028
4.99565059391325,1.28255371179869
4.99752455295031,1.28206759295927
4.99939840593793,1.2815820081403
5.00127215516738,1.28109695555649
5.00314580138724,1.2806124338605
5.00501934600056,1.28012844153155
5.00689278838481,1.27964497757362
5.00876612980088,1.27916204049902
5.01063937136017,1.27867962889176
5.01251251394147,1.27819774140287
5.01292083498733,1.27809039636706
5.01332915603318,1.27797849741599
5.01367678544061,1.2778829129588
5.01541493247776,1.27741609087155
5.01724180980196,1.27694936229733
5.01908952760269,1.2764835805233
5.02094251456587,1.27601936785552
5.02279771707448,1.27555672390665
5.02465442702809,1.2750955769812
5.02651241761972,1.27463584352325
5.02837156080275,1.27417744389384
5.03023175498835,1.27372030409525
5.03209291067667,1.27326435568748
5.03395494381974,1.27280953622442
5.03581777866938,1.27235578787585
5.03768134428203,1.27190305778045
5.03954557437049,1.27145129756642
5.04141040964306,1.2710004623657
5.04327579480511,1.27055051115373
5.04514167961469,1.27010140609156
5.04700801590984,1.26965311288803
5.04887476069896,1.26920559972068
5.05074187547716,1.26875883714545
5.05260932298351,1.26831279857224
5.05447706994757,1.2678674593307
5.05634508670781,1.26742279656558
5.05821334497787,1.26697878953816
5.0600818186448,1.26653541921365
5.06195048442282,1.2660926679405
5.06381932041619,1.26565051962596
5.06568830732116,1.26520895928889
5.06755742745662,1.26476797315796
5.06942666368329,1.26432754877751
5.07129600164299,1.26388767436197
5.07316542686995,1.26344833937746
5.07503492752588,1.263009533781
5.07690449186224,1.26257124854265
5.07877410996427,1.26213347513253
5.0806437725612,1.26169620573641
5.08251347120633,1.26125943312949
5.08438319705951,1.26082315088857
5.08625294299176,1.26038735284028
5.08812270436068,1.25995203286152
5.0899924739603,1.25951718598214
5.09186224690538,1.25908280716738
5.0937320178787,1.25864889195986
5.09560178403391,1.25821543575609
5.09747154021248,1.25778243488358
5.09934128194968,1.25734988582938
5.10121100744556,1.25691778480726
5.10308071486033,1.25648612836842
5.10495039974418,1.2560549139147
5.10682006075052,1.25562413836006
5.10868969613232,1.25519379897086
5.11055930375735,1.25476389330056
5.11242888216119,1.2543344189341
5.1142984312928,1.25390537332144
5.11616794786849,1.25347675480731
5.11803743160112,1.25304856117011
5.11990688243019,1.25262079030767
5.12177629845879,1.25219344065124
5.12364567958145,1.25176651031979
5.12551502477018,1.25133999775991
5.12738433540147,1.25091390096866
5.12925360946775,1.2504882188069
5.13112284765797,1.2500629495736
5.13299204906275,1.24963809202469
5.13486121483594,1.24921364450821
5.13673034306083,1.24878960613404
5.13859943557777,1.24836597520131
5.1404684918494,1.24794275063043
5.14233751052348,1.24751993153764
5.14420649433738,1.24709751617232
5.14607544165836,1.24667550383525
5.14794435371036,1.24625389318249
5.14981323098374,1.24583268309813
5.15168207318331,1.24541187266105
5.15355088145323,1.24499146065276
5.15541965631857,1.24457144603454
5.15728839764816,1.24415182792724
5.15915710502612,1.24373260552578
5.16102577912469,1.24331377780472
5.16289442179607,1.24289534351675
5.16476303296021,1.24247730186836
5.16663161319847,1.2420596519132
5.16850016292092,1.24164239276372
5.17036868201844,1.24122552365688
5.17223717136452,1.24080904362331
5.17410563178325,1.24039295172951
5.1759740645057,1.23997724696598
5.17784246923644,1.23956192866772
5.17971084636671,1.23914699601103
5.18157919663828,1.23873244811391
5.18344752093784,1.23831828407763
5.185315820385,1.23790450296403
5.18718409404926,1.2374911042851
5.18905234455569,1.23707808677063
5.19092057041465,1.23666545008403
5.19278877452785,1.23625319290399
5.19465695536661,1.23584131491692
5.19652511489238,1.2354298150145
5.19839325302916,1.23501869257108
5.20026136969294,1.23460794694395
5.20212946657358,1.23419757711578
5.20399754540302,1.23378758208927
5.20586560460376,1.23337796157677
5.20773364492728,1.23296871475551
5.209601667856,1.2325598406803
5.21146967457577,1.23215133848554
5.2133376647633,1.23174320762545
5.21377572592016,1.23164524198534
5.21421378707702,1.23154281839793
5.21462550015613,1.23144630676002
5.21645588138164,1.2310289315418
5.21827736011667,1.23063549590239
5.22012175156686,1.23024140856035
5.221970107305,1.22984889546172
5.22382066657669,1.22945773996863
5.22567281186946,1.22906787576627
5.2275263422675,1.22867922005628
5.22938113118863,1.22829169632075
5.23123707144111,1.22790523460231
5.2330940670647,1.22751977058641
5.2349520304956,1.22713524526046
5.23681088302595,1.22675160421138
5.23867054800138,1.22636879848305
5.24053095891072,1.22598678241129
5.24239205284024,1.22560551460246
5.24425377208417,1.22522495713873
5.24611606277946,1.22484507549781
5.24797887754382,1.22446583768044
5.24984217197925,1.22408721462359
5.25170590497185,1.22370917981028
5.25357003926,1.22333170889538
5.25543454155936,1.22295477944787
5.25729938000088,1.222578371231
5.25916452586033,1.22220246562589
5.26102995234388,1.22182704570118
5.26289563868932,1.22145209523031
5.26476155966653,1.22107760062499
5.26662769691478,1.22070354845524
5.26849403270862,1.22032992666637
5.27036055052861,1.21995672427526
5.27222723362814,1.21958393153652
5.27409406996287,1.21921153887185
5.27596104806645,1.21883953763683
5.27782815493822,1.21846792039128
5.27969537875331,1.2180966802676
5.28156271309678,1.21772581012205
5.28343014900449,1.21735530405566
5.28529767766663,1.21698515673407
5.28716529200512,1.21661536305913
5.28903298637576,1.21624591820081
5.29090075409751,1.21587681802156
5.29276859123355,1.21550805828021
5.29463649250778,1.21513963542013
5.29650445192239,1.21477154636669
5.29837246793471,1.21440378751537
5.30024053708745,1.21403635598325
5.30210865520049,1.21366924927674
5.30397681903835,1.21330246496049
5.30584502815654,1.21293600030962
5.30771327764646,1.21256985368956
5.30958156751616,1.21220402266916
5.31144989600315,1.21183850538459
5.31331826022896,1.21147330032179
5.31518666019192,1.21110840555127
5.31705509364844,1.21074381973376
5.31892356057158,1.21037954120588
5.32079205800463,1.21001556899136
5.32266058673157,1.20965190147444
5.32452914432038,1.2092885377806
5.32639773286712,1.20892547623042
5.32826635075926,1.20856271597139
5.33013499815883,1.20820025584336
5.33200367319735,1.2078380951486
5.33387237576251,1.20747623289413
5.33574110696072,1.20711466793325
5.33760986553448,1.20675339962648
5.33947865332798,1.20639242676994
5.34134746792252,1.20603174903217
5.34321631042208,1.20567136541008
5.34508518076374,1.20531127519308
5.34695407883451,1.20495147769909
5.3488230051452,1.2045919721565
5.35069195977298,1.20423275790788
5.35256094132679,1.20387383458666
5.35442995346323,1.20351520089322
5.35629899510691,1.20315685648753
5.35816806573437,1.20279880088896
5.36003716464601,1.20244103366847
5.36190629397818,1.20208355388726
5.36377545366593,1.2017263610636
5.36564464395546,1.20136945464547
5.367513864694,1.2010128341678
5.36938311721491,1.20065649889807
5.37125240047867,1.20030044856913
5.37312171653237,1.19994468232685
5.3749910646212,1.19958919987749
5.37686044392119,1.199234000915
5.3787298582482,1.1988790842866
5.38059930563247,1.19852444996544
5.38246878864256,1.19817009703038
5.38433830389946,1.19781602570602
5.38620785588328,1.19746223471488
5.38807744180147,1.19710872420738
5.3899470640962,1.19675549329848
5.39181672129266,1.19640254188133
5.39368641603888,1.19604986905753
5.39555614860089,1.19569747441472
5.39742591771406,1.19534535779582
5.39929572475681,1.19499351854516
5.40116556910658,1.19464195640603
5.40303545207334,1.1942906707517
5.40490537576055,1.19393966083708
5.40677533942468,1.19358892644686
5.40864534222687,1.19323846734986
5.41051538686614,1.1928882826738
5.41238546950426,1.19253837277498
5.41425559553711,1.19218873626606
5.41612576314267,1.1918393731743
5.41799597336836,1.1914902829291
5.41986622722167,1.1911414649981
5.42173652252282,1.19079291942653
5.42360686248585,1.19044464525184
5.42547724757484,1.19009664207233
5.42734767697085,1.18974890968854
5.42921815126879,1.18940144763018
5.43108866985239,1.18905425566245
5.43295923597941,1.18870733284494
5.43482984828013,1.18836067911418
5.43670050720332,1.18801429402833
5.43857121332842,1.18766817714213
5.44044196805467,1.18732232786894
5.4423127708361,1.1869767459808
5.4441836228053,1.18663143092829
5.44605452306712,1.18628638254358
5.44792547360757,1.18594160012399
5.4497964733054,1.18559708355482
5.45166752476212,1.18525283202521
5.45353862690538,1.18490884542106
5.45540978020705,1.18456512331322
5.45728098643173,1.18422166506054
5.45915224410226,1.18387847061466
5.46102355383904,1.18353553951834
5.46289491896106,1.1831928708617
5.46476633575028,1.18285046501438
5.46663780751818,1.18250832102161
5.46850933313271,1.18216643879423
5.47038091407155,1.1818248177359
5.47225255048846,1.18148345751272
5.47412424163232,1.18114235793706
5.47599598950007,1.18080151832706
5.47786779392836,1.18046093841464
5.4797396556626,1.18012061774907
5.48161157563901,1.17978055585622
5.48348355456556,1.17944075230606
5.48535559158663,1.17910120694059
5.48722768715831,1.17876191935409
5.48909984137312,1.17842288922056
5.49097205479542,1.17808411612987
5.49284432791692,1.17774559969121
5.49471666268565,1.17740733926025
5.49658905888351,1.17706933458861
5.49846151608003,1.17673158544028
5.50033403368365,1.17639409160389
5.50220661567609,1.17605685207224
5.5040792594536,1.17571986703893
5.50595196688722,1.17538313584521
5.5078247384302,1.17504665812785
5.50969757264084,1.17471043383988
5.5115704705874,1.17437446247663
5.51344343418128,1.1740387434177
5.51531646339336,1.17370327639161
5.51718955707582,1.17336806129794
5.51906271852816,1.17303309725405
5.52093594488244,1.17269838449524
5.52280923759363,1.17236392244198
5.52468259926809,1.17202971036453
5.52655602740076,1.17169574843141
5.52842952384606,1.17136203600141
5.5303030896778,1.17102857261664
5.53217672493748,1.17069535799174
5.53405042814636,1.17036239208979
5.53592420165885,1.17002967419871
5.53779804484213,1.16969720416428
5.53967195827239,1.16936498159374
5.54154594274492,1.16903300606964
5.54341999910924,1.16870127716983
5.54529412677918,1.16836979471886
5.54716832778162,1.16803855807907
5.5490426016979,1.16770756706063
5.55091694860232,1.16737682136345
5.55279136815168,1.16704632076335
5.55466586235565,1.16671606463265
5.55654042945361,1.16638605301333
5.55841507100145,1.16605628534211
5.56028978784696,1.16572676121322
5.56216457986326,1.16539748038137
5.56403944907328,1.16506844222539
5.56591439372667,1.16473964678824
5.56778941433457,1.16441109368815
5.56966451285577,1.16408278232357
5.57153968798173,1.16375471266494
5.57341494054306,1.16342688428491
5.57529027180668,1.16309929670609
5.57716568095202,1.16277194981072
5.5790411714356,1.16244484273716
5.58091673896547,1.16211797597684
5.58279238630411,1.16179134874814
5.58466811377227,1.16146496075789
5.58654392180517,1.16113881167176
5.58841981113772,1.16081290110498
5.59029578205704,1.16048722875203
5.59217183508483,1.16016179426379
5.59404796981844,1.15983659744901
5.59592418608006,1.15951163806918
5.5978004856704,1.15918691555835
5.59967687033453,1.15886242938412
5.60155333718728,1.15853817978774
5.60342988811633,1.15821416616125
5.60530652267199,1.15789038833939
5.60718324255884,1.15756684577613
5.60906004679789,1.15724353839569
5.61093693750963,1.15692046557827
5.61281391299095,1.15659762737364
5.61469097549805,1.15627502313335
5.61656812383696,1.15595265282486
5.61844536028418,1.15563051580452
5.6203226833041,1.15530861209798
5.62220009508673,1.15498694107386
5.62407759405037,1.15466550276514
5.62595518252843,1.15434429651825
5.62783285965454,1.15402332225093
5.62971062602636,1.15370257960618
5.63158848183974,1.15338206830845
5.63346642650354,1.15306178820929
5.63534446218989,1.15274173869717
5.63722258884934,1.1524219195579
5.63910080650941,1.15210233054155
5.64097911532135,1.15178297137757
5.64285751685879,1.15146384156447
5.64473601017065,1.15114494103179
5.64661459593709,1.15082626941465
5.64849327451769,1.15050782641826
5.6503720458813,1.15018961181031
5.65225091197075,1.14987162503193
5.65412987179592,1.14955386602604
5.65600892429061,1.14923633471641
5.65788807172546,1.14891903048085
5.65976731545683,1.14860195288529
5.66164665562279,1.14828510168633
5.66352609190689,1.14796847669978
5.66540562337082,1.14765207783697
5.66728525160916,1.1473359045918
5.66916497563348,1.14701995690695
5.6710447973932,1.14670423422221
5.67292471808957,1.14638873613058
5.67480473554348,1.14607346276628
5.67668485247688,1.14575841343218
5.67856506812182,1.14544358804925
5.68044538187862,1.14512898647613
5.68232579512937,1.14481460825172
5.6842063088195,1.1445004530089
5.68608692193154,1.14418652069398
5.68796763573035,1.14387281086369
5.68984845045175,1.14355932326542
5.69172936687784,1.14324605754951
5.69361038480439,1.14293301353067
5.69549150323116,1.14262019114128
5.69737272548226,1.14230758961134
5.69925404876578,1.14199520920013
5.701135476089,1.14168304917291
5.70301700651561,1.14137110948743
5.70489863939701,1.14105939001596
5.70678037666145,1.14074789022013
5.70866221902588,1.14043660978496
5.71054416403186,1.14012554889087
5.71242621620401,1.13981470656903
5.71430837256785,1.13950408312189
5.71619063535616,1.13919367794462
5.71807300327377,1.1388834910469
5.71995547840198,1.13857352186698
5.72183805956138,1.13826377039681
5.72372074740756,1.13795423630378
5.72560354337862,1.13764491915002
5.7274864457012,1.13733581901728
5.72936945766677,1.13702693515068
5.7312525769331,1.13671826774132
5.73313580532797,1.13640981626253
5.73501914307565,1.13610158048391
5.7369025896732,1.13579356027574
5.73878614633122,1.13548575522934
5.74066981317242,1.13517816512668
5.74255359027187,1.13487078974699
5.74443747741571,1.13456362891427
5.74632147645739,1.13425668212493
5.74820558576663,1.13394994944613
5.7500898068232,1.13364343042025
5.75197414077929,1.13333712467352
5.75385858808041,1.13303103194207
5.75574314697006,1.13272515229908
5.75762781790911,1.13241948544653
5.759512602725,1.13211403089678
5.76139750203856,1.1318087883682
5.76328251547574,1.13150375772229
5.76516764367675,1.13119893865061
5.76705288691015,1.13089433091376
5.76893824324609,1.13058993461233
5.77082371610511,1.13028574899039
5.7727093040447,1.12998177410662
5.77459500672307,1.1296780097995
5.77648082750912,1.12937445534009
5.77836676416372,1.12907111091202
5.78025281781091,1.12876797611868
5.78213898859157,1.12846505074924
5.78402527882006,1.12816233424855
5.78591168633845,1.12785982677702
5.78779821194043,1.12755752799163
5.78968485718755,1.12725543746054
5.79157162053987,1.12695355524215
5.79345850296648,1.12665188097496
5.79534550441475,1.12635041448088
5.79723262667447,1.12604915528938
5.79911986824751,1.12574810345581
5.80100723110776,1.12544725846727
5.80289471365391,1.12514662039642
5.80478231860763,1.12484618861617
5.80667004435394,1.12454596320988
5.80855789194816,1.12424594380788
5.81044586244764,1.12394613006654
5.81233395539006,1.12364652187741
5.81422217042538,1.12334711909881
5.81611050709005,1.12304792160736
5.81799896768556,1.12274892885706
5.8198875515502,1.12245014078472
5.82177626055741,1.12215155691045
5.82366509403077,1.12185317716838
5.8255540522983,1.12155500131427
5.82744313522172,1.12125702918445
5.8293323423875,1.12095926065369
5.83122167772134,1.12066169493466
5.83311113719423,1.120364332495
5.83500072251173,1.12006717284987
5.8368904338187,1.11977021580809
5.83878027277309,1.1194734609373
5.84067023924832,1.11917690809064
5.84256033233875,1.11888055722115
5.84445055349022,1.1185844079173
5.84634090205514,1.11828846010927
5.84823137896375,1.11799271346889
5.85012198440236,1.1176971677961
5.85201271994482,1.11740182267519
5.8539035846008,1.11710667809121
5.85579457732325,1.11681173401174
5.85768569980485,1.11651698999088
5.85957695357994,1.11622244563648
5.86146833676789,1.11592810106966
5.86335985079307,1.11563395587936
5.86525149638187,1.1153400097925
5.86714327275335,1.11504626275725
5.86903518111716,1.11475271440764
5.87092722073479,1.1144593646898
5.87281939247423,1.114166213291
5.87471169688643,1.1138732599621
5.87660413433876,1.11358050447949
5.87849670469334,1.11328794669305
5.88038940843248,1.11299558635522
5.88228224697631,1.11270342308541
5.88417521901851,1.1124114569195
5.88606832646293,1.11211968738818
5.88796156718768,1.11182811465295
5.88985494241281,1.11153673833953
5.89174845349486,1.11124555808665
5.89364209964273,1.1109545738556
5.89553588151981,1.11066378536984
5.89742980057856,1.11037319225021
5.89932385394034,1.11008279476801
5.90121804603026,1.10979259207036
5.90311237434065,1.10950258440273
5.90500683969004,1.10921277145214
5.90690144305875,1.10892315291237
5.90879618409525,1.10863372867803
5.91069106183039,1.10834449872136
5.91258607856367,1.10805546252684
5.91448123375416,1.10776662003093
5.9163765291589,1.1074779708051
5.91827196364443,1.10718951486734
5.92016753697629,1.10690125207553
5.92206325128988,1.10661318194815
5.92395910484485,1.10632530459746
5.9258550993808,1.10603761958784
5.92775123502455,1.10575012675364
5.92964751052253,1.10546282611699
5.9315439285532,1.10517571711068
5.93344048713688,1.10488879988788
5.93533718891435,1.10460207388243
5.93723403087476,1.10431553939711
5.939131016027,1.10402919580309
5.94102814401155,1.10374304302086
5.94292541553975,1.10345708078452
5.94482282882436,1.10317130920032
5.94672038662665,1.10288572768951
5.94861808787243,1.10260033627576
5.95051593354156,1.1023151346486
5.95241392376101,1.10203012264004
5.95431205926225,1.1017452999875
5.95621033841319,1.1014606667764
5.95810876308957,1.10117622256177
5.96000733333112,1.10089196719898
5.96190604889529,1.10060790056795
5.96380491051982,1.10032402240339
5.9657039174211,1.10004033266962
5.96760307134909,1.09975683095166
5.96950237434361,1.09947351681792
5.97140182356565,1.09919039054292
5.97330142079198,1.09890745168833
5.9752011644248,1.09862470034524
5.97710105608137,1.09834213611286
5.97900109533466,1.09805975891472
5.98090128462211,1.09777756824548
5.98280162143031,1.09749556433647
5.98470210825057,1.09721374665471
5.9866027434484,1.09693211530524
5.98850352888202,1.09665066985597
5.99040446396664,1.0963694102567
5.99230555009736,1.09608833615253
5.99420678624721,1.09580744755258
5.99610817279982,1.09552674424219
5.99800971106925,1.09524622588749
5.99991140121297,1.09496589232985
6.00181324239342,1.09468574354108
6.00371523601337,1.09440577916438
6.00561738072622,1.09412599925578
6.00751967630676,1.09384640368661
6.00942212648474,1.09356699177793
6.01132472864027,1.0932877637907
6.01322748454347,1.0930087193031
6.01513039398709,1.09272985821336
6.01703345742351,1.09245118030982
6.01893667404448,1.09217268556456
6.0208400455514,1.09189437358393
6.0227435727484,1.09161624412545
6.02464725280913,1.09133829745085
6.0265510881686,1.0910605330448
6.0284550792112,1.09078295073157
6.03035922674859,1.09050555025835
6.03226352785317,1.09022833190052
6.03416798674752,1.08995129489338
6.03607260249201,1.08967443926572
6.03797737430026,1.08939776497785
6.03988230219667,1.08912127187517
6.04178738804972,1.08884495955392
6.04369263089446,1.08856882802589
6.04559803127813,1.08829287706467
6.04750358995406,1.08801710642862
6.04940930647833,1.08774151604652
6.05131518079021,1.08746610578233
6.05322121518303,1.0871908751755
6.05512740900901,1.08691582419865
6.0570337616092,1.08664095279825
6.05894027343833,1.08636626076453
6.06084694515264,1.08609174787144
6.06275377731049,1.08581741390966
6.06466076957717,1.08554325879303
6.06656792174573,1.08526928240909
6.06847523370302,1.08499548463371
6.07038270792141,1.0847218649865
6.07229034263586,1.08444842359875
6.07419813844438,1.08417516023515
6.07610609779041,1.0839020744265
6.07801421915226,1.08362916627048
6.0799225026523,1.08335643560025
6.08183094881353,1.08308388220803
6.0837395590048,1.08281150577504
6.08564833081122,1.08253930651193
6.08755726653649,1.08226728394448
6.08946636517632,1.08199543809742
6.09137562773666,1.08172376869041
6.09328505543635,1.08145227543169
6.09519464777488,1.08118095826851
6.09710440389217,1.08090981718085
6.0990143242823,1.0806388519594
6.1009244102249,1.08036806230113
6.10283466153164,1.08009744811239
6.1047450776972,1.07982700932906
6.106655660438,1.07955674558014
6.1085664104172,1.0792866566599
6.11047732580593,1.07901674269331
6.11238840792836,1.07874700335151
6.1142996560998,1.07847743860878
6.11621107339057,1.07820804791168
6.11812265798376,1.0779388314059
6.12003440907176,1.07766978905505
6.12194632891409,1.07740092041411
6.12385841641947,1.07713222552317
6.1257706727589,1.07686370408554
6.1276830952502,1.07659535634632
6.12959568726894,1.07632718169597
6.13150844952783,1.0760591799414
6.13342138131035,1.07579135106018
6.13533448322931,1.07552369483486
6.13724775456152,1.07525621124052
6.13916119570194,1.07498890009014
6.14107480687583,1.07472176123012
6.14298858786444,1.07445479456611
6.14490254162385,1.07418799957269
6.14681666602424,1.07392137643795
6.14873096076398,1.07365492505766
6.15064542705624,1.07338864513953
6.15256006455069,1.07312253661715
6.15447487560488,1.07285659904739
6.15638985821844,1.07259083259546
6.15830501384341,1.0723252369247
6.1602203430507,1.07205981184702
6.16213584347275,1.07179455756085
6.1640515193876,1.07152947334937
6.16596736804392,1.07126455949534
6.16788338972574,1.07099981581401
6.16979958621929,1.07073524194581
6.17171595671942,1.07047083789254
6.17363250228321,1.07020660338464
6.17554922151514,1.06994253849492
6.17746611676541,1.06967864277689
6.17938318670667,1.0694149163066
6.18130043224865,1.06915135883089
6.18321785249325,1.0688879703556
6.18513544904847,1.06862475053934
6.18705322288845,1.06836169914747
6.18897117219881,1.06809881630944
6.19088929880422,1.06783610164734
6.19280760239581,1.06757355509814
6.19472608110767,1.06731117678664
6.1966447391203,1.06704896602506
6.19856357429573,1.06678692301427
6.20048258629791,1.06652504766191
6.20240177759324,1.06626333952063
6.20432114619218,1.06600179875655
6.20624069457727,1.06574042490826
6.20816042195808,1.06547921798346
6.21008032848067,1.06521817783899
6.21200041408504,1.06495730436597
6.21392067896667,1.06469659742114
6.21584112341704,1.06443605685146
6.21776174653585,1.06417568266116
6.21968255035616,1.06391547446047
6.22160353482268,1.06365543215917
6.22352470143313,1.06339555544641
6.22544604802058,1.06313584450231
6.22736757450308,1.06287629920252
6.22928928352515,1.06261691908586
6.2312111730692,1.06235770432458
6.23313324396577,1.06209865467898
6.23505549760409,1.06183976986083
6.2369779335406,1.06158104982679
6.23890055213893,1.06132249441206
6.24082335474658,1.06106410333089
6.2427463379715,1.06080587692129
6.24466950612391,1.06054781448152
6.24659285779636,1.06028991611835
6.24851639254763,1.06003218176512
6.25044011192228,1.05977461110463
6.25236401473143,1.05951720419175
6.25428810203136,1.05925996076801
6.2562123732439,1.05900288080509
6.25813682910492,1.05874596409199
6.26006147019824,1.05848921044869
6.26198629783749,1.05823261960067
6.26391130968554,1.05797619174906
6.26583650804602,1.05771992646626
6.26776189264718,1.05746382369613
6.2696874631147,1.05720788337481
6.27161321939217,1.05695210539562
6.27353916262779,1.05669648950099
6.27546529440468,1.05644103538905
6.27739161181361,1.05618574333677
6.27931811492553,1.05593061319996
6.28124480696936,1.05567564445692
6.28317168680406,1.05542083717405
6.28509875412777,1.05516619127231
6.28702600921925,1.05491170660418
6.28895345403777,1.05465738281443
6.29088108829378,1.05440321984941
6.29280890946721,1.05414921791943
6.29473691967557,1.05389537662494
6.29666512023043,1.05364169571028
6.29859351015625,1.05338817520495
6.30052208976588,1.05313481495388
6.30245085790186,1.052881614999
6.30437981748937,1.05262857485362
6.30630896839576,1.05237569445387
6.30823830983431,1.05212297379279
6.31016784011299,1.05187041297045
6.31209756247677,1.05161801145629
6.31402747720093,1.05136576913863
6.31595758219307,1.05111368617961
6.31788787857417,1.05086176231411
6.31981836779535,1.05060999726374
6.32174904985511,1.05035839093742
6.32367992289333,1.05010694346462
6.32561098988773,1.04985565435038
6.32754224900349,1.04960452374626
6.32947370158536,1.04935355136479
6.33140534790194,1.04910273707946
6.33333718684203,1.04885208092866
6.33526921833893,1.04860158280766
6.33720144476058,1.04835124231664
6.33913386554049,1.04810105944458
6.34106647990734,1.04785103418091
6.34299928937657,1.04760116622674
6.34493229415746,1.04735145546652
6.34686549315188,1.04710190193716
6.34879888813442,1.04685250530601
6.35073247709049,1.04660326573684
6.35266626320525,1.04635418271546
6.35460024431624,1.04610525643597
6.35653442242588,1.04585648653102
6.35846879584965,1.04560787312472
6.36040336562144,1.04535941597425
6.3623381319827,1.0451111149575
6.36427309619542,1.0448629698206
6.36620825704728,1.04461498062409
6.36814361610572,1.04436714706386
6.37007917383037,1.04411946899597
6.37201492810016,1.04387194658655
6.37395087966542,1.04362457962497
6.37588703017315,1.04337736781487
6.37782337903627,1.0431303111444
6.37975992650164,1.04288340947974
6.38169667178319,1.04263666282044
6.38363361737033,1.04239007075554
6.38557076215605,1.04214363334369
6.3875081069198,1.04189735038226
6.38944565000749,1.04165122198172
6.39138339343336,1.04140524778355
6.3933213369095,1.04115942774219
6.3952594806474,1.04091376173274
6.39719782502673,1.04066824961301
6.39913637025268,1.04042289126398
6.40107511689898,1.0401776865204
6.40301406479397,1.03993263531108
6.4049532139036,1.03968773754198
6.40689256459202,1.03944299307169
6.4088321167344,1.0391984018222
6.41077187159235,1.03895396354312
6.41271182753956,1.03870967834676
6.41465198868615,1.03846554562488
6.41659235199088,1.03822156568482
6.41853291783668,1.03797773835972
6.42047368631299,1.03773406354503
6.42241465823053,1.0374905410487
6.42435583484454,1.03724717063116
6.42629721377731,1.03700395249593
6.42823879673018,1.036760886323
6.43018058242368,1.03651797218609
6.43212257324905,1.0362752096929
6.43406476827103,1.03603259888218
6.43600716947575,1.03579013941379
6.43794977410746,1.03554783154161
6.43989258425428,1.03530567489809
6.44183560084334,1.03506366929492
6.44377882135475,1.03482181495005
6.44572224893658,1.03458011137147
6.44766588168559,1.03433855871999
6.44960972236766,1.03409715655659
6.45155376737847,1.03385590524234
6.45349802101779,1.03361480414092
6.45544247925583,1.0333738536765
6.45738714618415,1.03313305323604
6.45933201935143,1.032892403053
6.46127710019731,1.03265190284486
6.46322239045885,1.03241155232382
6.46516788685611,1.03217135180394
6.46711358858126,1.03193130126292
6.46905950098719,1.0316913999654
6.47100562182712,1.03145164813282
6.4729519514386,1.03121204561722
6.47489848997014,1.03097259231142
6.47684523634842,1.03073328825328
6.478792191566,1.03049413322601
6.480739357942,1.03025512687295
6.48268673422609,1.03001626927168
6.48463432091466,1.02977756026334
6.48658211740356,1.02953899983238
6.48853012433437,1.02930058780828
6.49047834097146,1.02906232419339
6.49242676874272,1.02882420872435
6.49437540566403,1.02858624155754
6.49632425404932,1.02834842231599
6.49827331447135,1.02811075086228
6.50022258558308,1.02787322727173
6.50217206910233,1.02763585124274
6.50412176519975,1.02739862268028
6.50607167296501,1.02716154160462
6.50802179335905,1.02692460780709
6.50997212376945,1.02668782151321
6.51192266907452,1.02645118204338
6.51387342579801,1.0262146897561
6.51582439518998,1.02597834439103
6.51777557899197,1.02574214566631
6.51972697518005,1.02550609374584
6.52167858667136,1.02527018818611
6.52363041160765,1.02503442913957
6.52558245059047,1.0247988164348
6.52753470457946,1.02456334987738
6.52948717108413,1.02432802967839
6.53143985302379,1.02409285539233
6.53339274908475,1.02385782710884
6.53534586032353,1.02362294460987
6.53729918708225,1.02338820777796
6.53925273003823,1.02315361645197
6.54120648800584,1.02291917068873
6.54316046188971,1.02268487028832
6.54511465163261,1.02245071517886
6.54706905789015,1.02221670519934
6.5490236798396,1.02198284036489
6.55097851833986,1.02174912048506
6.55293357465159,1.02151554533654
6.55488884801361,1.02128211493275
6.55684433855971,1.02104882916762
6.55880004528259,1.02081568807309
6.56075596981646,1.02058269136914
6.56271211137752,1.02034983907494
6.56466847073693,1.02011713101262
6.56662504948058,1.01988456692254
6.56858184726937,1.01965214677277
6.57053886257976,1.01941987065136
6.57249609745896,1.01918773822772
6.57445355088697,1.01895574955104
6.57641122151166,1.01872390468524
6.57836911218774,1.0184922032104
6.58032722375061,1.01826064497134
6.58228555448601,1.01802923008832
6.58424410469362,1.01779795843043
6.58583904107207,1.01760853212223
6.58583904107213,1.01760853212209
6.58779781209068,1.0116347204531
6.59173512468243,0.999792124467243
6.59566972571305,0.988180767136741
6.59960963548173,0.976779065597172
6.60355633662147,0.965580477471222
6.6075102999514,0.954581185865189
6.61147191882803,0.943777648672936
6.61544156654217,0.933166449439989
6.6194196096905,0.922744258039751
6.62340642369901,0.912507788560299
6.62740236194961,0.902453877477095
6.63140778634056,0.892579402474675
6.63542304860635,0.882881328226583
6.63944849774632,0.873356685510545
6.64348447775573,0.864002574761352
6.64753133435818,0.854816148777759
6.65158940058233,0.845794643892064
6.65565902046022,0.836935325025495
6.65974052294879,0.828235542236088
6.66383424355009,0.819692681758164
6.66794051066571,0.811304194077168
6.67205964919213,0.803067584351895
6.676191987161,0.794980397890095
6.68033784372848,0.787040242653733
6.68449754797847,0.779244751672275
6.68867142004248,0.771591618396614
6.69285977874373,0.764078580461367
6.6970629420577,0.756703417748747
6.70128122796144,0.749463949922082
6.70551495258289,0.742358038644846
6.70976443728566,0.735383574890692
6.71403000453574,0.728538485610537
6.71831196681405,0.721820750280686
6.72261064410394,0.715228371787796
6.72692634778163,0.708759400787466
6.73125940200174,0.702411902463525
6.73561012470427,0.69618398474048
6.73997883646758,0.690073784219452
6.74436585441625,0.684079474037156
6.74877150370323,0.678199247390667
6.75319610679196,0.672431331819867
6.75763998476084,0.666773986382454
6.76210346695648,0.661225488825339
6.76658686818028,0.655784163410503
6.77109053409782,0.650448324912185
6.77561478690786,0.645216344328313
6.78015995469623,0.640086612134739
6.78472637704571,0.635057532264513
6.78931439196127,0.630127536810834
6.79392433962852,0.625295081200585
6.7985565600496,0.620558646142862
6.80321139573432,0.615916734248587
6.80788919086894,0.611367870445486
6.81259029756342,0.606910595646669
6.81731506915377,0.602543473123107
6.82206386458516,0.598265084060211
6.82683704298319,0.594074032221558
6.83163497195031,0.589968936281147
6.8364580196227,0.585948436616101
6.84130654708326,0.582011200772521
6.84618093463338,0.578155901557645
6.85108156868929,0.574381228344167
6.85600882527979,0.570685899238656
6.86096309551948,0.567068641040359
6.86594477638066,0.563528196540248
6.87095425968498,0.560063331943952
6.87599195356955,0.556672821497928
6.88105826472272,0.55335545982088
6.88615360184103,0.550110058966824
6.89127838370574,0.546935443043574
6.89643304385906,0.543830445680841
6.90161801238022,0.540793921161041
6.9068337247228,0.537824738541255
6.91208061743759,0.53492178380011
6.91735914555703,0.532083950105532
6.92266976242795,0.529310149010053
6.92801294104764,0.526599299042354
6.93338914275082,0.523950341740162
6.93879884864618,0.521362225384786
6.94424254983304,0.518833910267767
6.94972073050559,0.516364376272905
6.9552338986672,0.513952608579375
6.96078256910843,0.511597605742077
6.96636724880667,0.509298385441299
6.97198847833526,0.507053967121118
6.97764678164915,0.504863392589365
6.98334271364189,0.502725706864049
6.98907682525376,0.500639971879779
6.9948496854809,0.49860525803709
7.00066187365246,0.496620647210173
7.0065139654454,0.494685237266859
7.01240657180052,0.492798129032936
7.01834029657148,0.490958440439088
7.02431575217056,0.489165300958484
7.03033358094293,0.487417845347126
7.03639442269805,0.485715223460994
7.0424989367437,0.484056593667214
7.04864780100497,0.482441123374785
7.05484168632825,0.480867995686958
7.06108130196655,0.479336397547273
7.06736734974212,0.477845531455459
7.07370056539686,0.4763946052788
7.08008169486809,0.474982838176979
7.08651148920233,0.473609461478476
7.09299071807519,0.472273715560144
7.09952017801201,0.470974848354588
7.10610068016459,0.469712118032349
7.1127330527792,0.468484792477172
7.1194181320103,0.467292150889564
7.1261567910355,0.466133478559401
7.13294991563065,0.465008071434853
7.13979839850625,0.463915236815213
7.14670317477805,0.462854287639567
7.15366518497175,0.461824548511375
7.16068539320478,0.460825352735556
7.16776479477285,0.459856041374957
7.17490439924168,0.45891596568663
7.18210526128385,0.458004483087494
7.18936843977697,0.457120962574999
7.19669502566408,0.456264781057095
7.2040861259656,0.455435325289231
7.21154290550964,0.454631987266134
7.21906654487087,0.453854169172389
7.22665824626812,0.453101282555836
7.2343192475027,0.452372746896317
7.24205082477032,0.451667989488514
7.24985428429773,0.450986446316522
7.25773094956834,0.450327563077204
7.26568221294442,0.449690790872937
7.2737094936662,0.449075589980156
7.2818142202699,0.448481430971606
7.28999792290179,0.447907787964334
7.29826210336024,0.447354148138425
7.30660835870665,0.446820002990209
7.31503831815771,0.446304852913991
7.32355365305412,0.445808206493604
7.33215607620861,0.445329580520978
7.34084737500733,0.444868498240248
7.34962935646757,0.444424492410052
7.35850391784272,0.443997101634965
7.36747300177961,0.443585872837006
7.3765385761885,0.443190362024937
7.38570273267964,0.442810130000213
7.39496758451019,0.442444746975413
7.40433532533059,0.442093790045236
7.41380822266712,0.441756843592104
7.42338863984665,0.441433498649305
7.43307896319015,0.441123355411813
7.44288170200928,0.44082601988047
7.45279943472063,0.440541105774537
7.46283484602594,0.440268233483687
7.47299069786469,0.44000703098221
7.48326983130628,0.439757133728735
7.4936752077664,0.439518183687072
7.50420993586223,0.439289828946103
7.51487714651314,0.439071726502911
7.52568014972246,0.438863538854052
7.53662236905558,0.438664935567716
7.54770734819126,0.438475593177559
7.55893877854952,0.438295194761119
7.57032045311077,0.438123430729868
7.58185635275219,0.437959997510832
7.59355061970767,0.43780459811756
7.60540759233094,0.437656941796669
7.61743168382344,0.437516745560367
7.62962755601961,0.437383732022974
7.64200010451758,0.437257629840987
7.6545543592431,0.437138174804966
7.66729556885123,0.437025108928773
7.68022927908377,0.436918179884566
7.69336119739622,0.436817142250385
7.70669739345557,0.436721755947617
7.7202440770032,0.436631787977875
7.73400782139331,0.436547010813877
7.74799553855264,0.436467202759553
7.76221442407774,0.436392148334208
7.77667205127147,0.436321637779892
7.79137627928442,0.436255467554376
7.80633552583176,0.436193439135275
7.82155849273877,0.436135360336985
7.83705436389708,0.43608104445761
7.85283286090617,0.436030310194199
7.86890418669639,0.435982981910884
7.88527907084355,0.435938889505736
7.90196888798106,0.435897868133041
7.91898558986939,0.435859758436061
7.93634192220928,0.435824406091372
7.9540512883616,0.435791662177893
7.97212789596126,0.435761382891515
7.99058687237448,0.435733429409468
8.00944427414701,0.435707667942852
8.02871717043575,0.435683969652986
8.04842364990233,0.435662210660554
8.06858309880798,0.435642271756643
8.08921619068741,0.435624038483839
8.1103450020806,0.435607401053909
8.13199315401872,0.435592254257082
8.15418607918521,0.435578497312656
8.1769508459144,0.435566034005974
8.20031698366082,0.435554772242683
8.22431592766972,0.435544624394213
8.2489818144716,0.435535506919267
8.27435143867522,0.435527340425432
8.30046485319175,0.435520049482251
8.3273653898183,0.435513562643551
8.35510043445022,0.435507812259866
8.38372134531662,0.435502734511894
8.41328479420569,0.435498269163064
8.44385241147173,0.435494359640396
8.47549257680589,0.435490952782006
8.50828019731973,0.435487998883198
8.54229816536781,0.435485451526981
8.57763914354228,0.43548326745436
8.61440584916009,0.435481406550012
8.65271318825707,0.43547983169554
8.69269068225342,0.435478508654911
8.73448385435383,0.435477406008617
8.77825827134847,0.435476495008936
8.82420240254417,0.435475749496079
8.87253155714141,0.435475145788418
8.92349539094577,0.435474662544644
8.97738271736312,0.435474280679964
9.03453097496756,0.435473983236422
9.09533853902579,0.435473755260504
9.16027881748351,0.435473583688386
9.22992036339971,0.435473457220874
9.30495334711796,0.435473366198538
9.38622511347767,0.435473302474735
9.47479362986405,0.43547325928416
9.57199879618828,0.435473231114146
9.67956924938367,0.435473213571613
9.7997854533631,0.435473203249104
9.93573827406712,0.435473197590846
10,0.435473196134369
