Time_s,Error
0,-0.131
5.6691999554816e-30,-0.131
6.81617413467732e-09,-0.13099346555637
4.08970448080639e-08,-0.130960801211325
2.11301398174997e-07,-0.130797648766769
8.546747819125e-07,-0.130184192388736
1.50014874126267e-06,-0.129572746016211
2.1469507941085e-06,-0.128964057915515
2.79475483826294e-06,-0.128358444871823
3.47802459533756e-06,-0.127724018559397
4.19250657591331e-06,-0.127065360455274
4.93511128521215e-06,-0.126385901278629
5.70347077689683e-06,-0.125688350493455
6.49576259137992e-06,-0.124974873266877
7.31057427141244e-06,-0.124247226159316
8.14679269693988e-06,-0.123506866543616
9.00354720606548e-06,-0.122755011086205
9.88016252257925e-06,-0.121992683862913
1.07761149772353e-05,-0.121220759984882
1.16910169106541e-05,-0.120439983587288
1.26245914303415e-05,-0.119650993475713
1.3576658787922e-05,-0.118854338087207
1.45471263872052e-05,-0.118050486956449
1.55359775575076e-05,-0.117239842826251
1.65432627416972e-05,-0.116422751348259
1.75690975953121e-05,-0.115599504897781
1.86136555316386e-05,-0.114770350741977
1.96771660960097e-05,-0.113935494322019
2.07599098429904e-05,-0.113095105188111
2.18622176347263e-05,-0.112249319321049
2.29844716240797e-05,-0.111398240165228
2.41271004470689e-05,-0.11054194404317
2.52905806217559e-05,-0.109680480753059
2.64754377815264e-05,-0.108813874360339
2.76822437071795e-05,-0.107942127069268
2.89116227362658e-05,-0.107065216277699
3.0164248066805e-05,-0.106183099035172
3.14408461325488e-05,-0.105295710710663
3.27421981243487e-05,-0.104402965817054
3.4069143872946e-05,-0.103504757304069
3.54225831198596e-05,-0.102600957762802
3.68034812557935e-05,-0.101691417740194
3.821287183035e-05,-0.100775966405268
3.96518632967261e-05,-0.0998544096118703
4.11216450098857e-05,-0.0989265287407427
4.26234925752258e-05,-0.0979920802097684
4.41587778924923e-05,-0.0970507923487957
4.57289774524392e-05,-0.0961023637895909
4.73356814886104e-05,-0.0951464617172998
4.89806102871369e-05,-0.0941827163579416
5.06656241405687e-05,-0.0932107198773964
5.23927462790358e-05,-0.0922300183870513
5.41641794653757e-05,-0.0912401085569346
5.59823329074652e-05,-0.0902404293439138
5.78498510784751e-05,-0.0892303539622596
5.97696513177274e-05,-0.0882091785682747
6.17449707574687e-05,-0.0871761078895549
6.37794205558311e-05,-0.0861302393755866
6.58770572028159e-05,-0.0850705413918898
6.80424809584013e-05,-0.0839958215126577
7.02809521173441e-05,-0.0829046910358474
7.25985564487662e-05,-0.0817955119033496
7.50024320135044e-05,-0.0806663233107975
7.75010838494229e-05,-0.0795147396606324
8.01048592535303e-05,-0.0783377927087444
8.28266568936222e-05,-0.0771316957840879
8.56830938632925e-05,-0.0758914485897172
8.86965147031733e-05,-0.0746101504551709
9.1898827344871e-05,-0.0732776720596531
9.53398387467559e-05,-0.0718777338369131
9.91094396938797e-05,-0.0703800353625233
0.000103423132440762,-0.0687095344126966
0.000108440371287514,-0.0668209630642148
0.000113328167964305,-0.0650343102727561
0.000117801822875649,-0.0634435424040352
0.000122172781016528,-0.0619282447868651
0.000126475327934966,-0.0604717389807514
0.000130748298712679,-0.0590576405269696
0.000135016099826328,-0.0576756423100949
0.000139296264133052,-0.0563184600053384
0.000143601998456693,-0.0549807158480354
0.000147943740813341,-0.0536582693904954
0.000152330087330079,-0.0523478186882455
0.000156768356872786,-0.0510466547586366
0.000161264983937934,-0.0497524935402568
0.000165825758219792,-0.0484633695947118
0.000170456026475975,-0.0471775517216794
0.000175160809835194,-0.0458934902624825
0.000179944902344821,-0.0446097747501536
0.00018481294700403,-0.0433251015834194
0.000189769502371813,-0.0420382471676922
0.000194819069477588,-0.040748053558928
0.000199960773516196,-0.0394547513855667
0.000205195436287274,-0.0381581161579349
0.000210551290495277,-0.0368512602115468
0.00021601783705179,-0.0355369067629455
0.000221600345097246,-0.0342138990233189
0.00022730365330446,-0.0328812065741965
0.000233132727089191,-0.0315377919317434
0.000239092661343595,-0.0301826084502825
0.000245188704545164,-0.028814592849867
0.000251426251206131,-0.0274326649113154
0.000257810848220172,-0.0260357238688521
0.000264348209947659,-0.0246226428659602
0.000271044190084802,-0.0231922726544951
0.000277904793819079,-0.0217434362429662
0.000284936152501962,-0.0202749313248971
0.000292144511603171,-0.0187855294635008
0.000299536173591228,-0.0172739841354556
0.0003071175019035,-0.0157390256309237
0.000314894827029031,-0.0141793754462361
0.000322874400093194,-0.0125937501933445
0.000331062312001299,-0.0109808718090678
0.000339464399633714,-0.00933947960646248
0.000348086119064584,-0.0076683480600416
0.000356932443666764,-0.00596629910008684
0.000366007706664884,-0.00423222471984272
0.000375315460149012,-0.00246510603976688
0.000384858347721855,-0.000664029815468065
0.00038840098899538,1.84896965235715e-06
0.000388400988995383,1.84896965302328e-06
0.000398180598015491,0.00183221721049368
0.000408291151556224,0.0037175050063433
0.000418628995377719,0.00563759010957168
0.000429199027459091,0.00759387473118708
0.000439998143823568,0.00958657950155709
0.000451021586767048,0.011615744714587
0.000462263530162292,0.0136813009825133
0.000473717431573655,0.0157831220856683
0.000485376319465125,0.0179210694987683
0.000497233089383631,0.0200950385761247
0.000509280827734428,0.0223050096563842
0.000521513073475191,0.0245510881682717
0.00053392404327174,0.0268335389741719
0.000546508873151448,0.0291528251723959
0.000559263702353823,0.0315096196099616
0.000572185801956947,0.0339048264826519
0.000585273645565468,0.0363395942067183
0.000598526895838578,0.0388153145145962
0.000611946425440169,0.0413336296142813
0.000625534295008259,0.0438964329079938
0.000639293711132978,0.0465058672944129
0.000653229035377955,0.0491643343761175
0.000667345731343238,0.051874493121003
0.000681650384205503,0.0546392734493416
0.000696150666562767,0.0574618806760496
0.000710855399128318,0.0603458195001006
0.000725774548859193,0.0632949072602238
0.000740919325231769,0.0663133079942399
0.000756302221968645,0.0694055576511348
0.000771937174337166,0.0725766145911215
0.000787839706319515,0.0758319111291385
0.000804027068461387,0.079177406466462
0.000820518546763987,0.0826196789730644
0.000837335737166349,0.0861660171425299
0.000854502955042776,0.0898245456212874
0.000872047764574895,0.0936043858169823
0.000890001623671207,0.0975158531053494
0.000901291800803309,0.0999993656926276
0.000901291800803316,0.0999993656926292
0.00091969095167111,0.104092487866295
0.000938858076621499,0.108399999349486
0.000958625860897912,0.112896241610438
0.000979039320378248,0.117598552844855
0.00100017749818678,0.122532035819264
0.00102214687726076,0.127729334873042
0.00104509006579234,0.133233423572399
0.00106920696460608,0.139103585223168
0.00109479861959877,0.145427597374462
0.00112237237628539,0.152350673703929
0.00115296836058683,0.160164580903083
0.00118686372986162,0.168982203355299
0.00122313752806553,0.178605693104615
0.0012573776756233,0.187868629184428
0.00128891273901267,0.19655596440343
0.00131924322969571,0.205051976856184
0.00134891698922749,0.213494801440818
0.0013782163346908,0.22195579554909
0.00140731818717731,0.230480415583091
0.0014363447175917,0.23910081083918
0.00146538618886163,0.247841464017294
0.00149451278210837,0.256722097501167
0.00152378134629707,0.265759326509466
0.00155323948109406,0.274967653424782
0.00158292827079821,0.284360139233998
0.00161288395743995,0.293948802929667
0.00164313921749044,0.303744934120116
0.00167372405569061,0.313759310897558
0.00170466641818191,0.324002345962494
0.00173599273197976,0.334484222702082
0.00176772827444624,0.345214986022186
0.00179989744980243,0.35620460982063
0.00183252400621144,0.367463050155306
0.0018656313330589,0.379000331318468
0.00189904043080941,0.390755164800188
0.00193251395210227,0.402643074232379
0.00196607322173031,0.414669554774179
0.00199973768644297,0.426839584769657
0.00203352530818407,0.439157840526522
0.00206745267309734,0.451628720756473
0.00210153517146213,0.464256386710636
0.00213578715193899,0.477044795144023
0.00217022209809058,0.489997743288441
0.0022048527170723,0.503118884411517
0.00223969103326717,0.516411747646073
0.00227474849397435,0.529879764738536
0.00231003602196037,0.543526278495283
0.00234556409289614,0.557354562328333
0.00238134274340162,0.571367814189905
0.0024173816775221,0.585569189970876
0.00245369026189712,0.599961794533267
0.0024902775627786,0.614548689758163
0.0025271523918695,0.629332906934717
0.00256432333494633,0.644317453062958
0.00260179874592896,0.65950530372781
0.00263958679184206,0.67489941689521
0.00267769548438116,0.690502741953285
0.0027161326517092,0.706318204660542
0.00271807131907027,0.707118175808649
0.00271844482795676,0.707272422077881
0.00271881833684326,0.707426693354342
0.00271927400228981,0.70761491052898
0.00271937701359937,0.707657462013382
0.00271941440971751,0.70767290968341
0.00271945180583564,0.707681450816003
0.00271949466183422,0.707682537214846
0.0027197089418271,0.707687968594943
0.00272078034179153,0.707715109934125
0.00272613734161368,0.70785042860324
0.00275292234072441,0.708517464001261
0.00280757785647888,0.709831019916955
0.0028633214822992,0.711108889318833
0.00292042666232865,0.71235781820227
0.00297892239405701,0.713578398462088
0.00303884227461074,0.714771281878417
0.00310022085003019,0.715937107420869
0.00311206559256076,0.716155901796991
0.00311206559256078,0.716155901796992
0.00315430483562879,0.716877210076575
0.0031593541472631,0.716956150992355
0.00316440345889742,0.717033582829795
0.00316796388207473,0.717087276377046
0.00317152430525205,0.717140224162476
0.00317457456480743,0.717184994485649
0.00317762482436282,0.717229221975063
0.00318130167770953,0.717281816166259
0.00318288027628412,0.717304156512604
0.00318338073987686,0.717311209179145
0.0031838812034696,0.71731824781664
0.00318638352143329,0.717353230740185
0.00319889511125177,0.717522942680159
0.00321637381217745,0.717745830576638
0.00323390730342474,0.717953319154487
0.00325151797816264,0.718146055650689
0.00326920603033308,0.718324377168968
0.00328697176998972,0.718488609004177
0.00330481551305133,0.718639064296025
0.00332273758634534,0.718776044668142
0.00334073832400182,0.718899840706595
0.00335881805476612,0.719010732369257
0.00337697713641375,0.719108989661689
0.0033952159215813,0.719194872843449
0.00341353477701593,0.719268632954056
0.00343193406530082,0.719330512125126
0.00345041417302282,0.719380744056209
0.00346897547557797,0.719419554251703
0.00348761837326858,0.719447160456101
0.0035063432639089,0.719463772903657
0.00352515056392235,0.719469594651853
0.00354404068635801,0.719464821850589
0.00356301405421407,0.719449644033657
0.00358207110232194,0.719424244371096
0.00360121227602701,0.719388799910814
0.00362043801982133,0.719343481839645
0.00363974879715922,0.719288455670752
0.00365914506610484,0.71922388152023
0.00367862731145982,0.719149914215996
0.00369819601043175,0.719066703605842
0.0037178516559841,0.718974394666803
0.00373759475326863,0.718873127687502
0.0037574258104521,0.718763038485082
0.0037773453377562,0.718644258587043
0.00379735387221084,0.718516915238744
0.00381745194928902,0.718381131714957
0.00383764010989776,0.718237027432889
0.00385791891314352,0.718084717997872
0.00387828892087093,0.717924315442699
0.00389875070876836,0.717755928272024
0.00391930486163592,0.717579661616526
0.00393995197014172,0.717395617378749
0.00396069263868336,0.717203894276152
0.00398152748273628,0.717004587966574
0.00400245712249867,0.716797791212092
0.00402348219575644,0.716583593851914
0.00404460333742803,0.716362083102429
0.00406582121072838,0.716133343326071
0.00408713647582584,0.715897456443113
0.00410854980797793,0.715654501825755
0.00413006189760393,0.715404556370764
0.00415167344566197,0.715147694625909
0.00417338515474988,0.714883988973635
0.00419519775169301,0.714613509431073
0.00421711196576521,0.71433632398002
0.00423912853372119,0.714052498578126
0.00426124822064749,0.713762096950453
0.00428347179109196,0.71346518101983
0.00430580002708522,0.713161810732881
0.00432823372341211,0.712852044176063
0.00435077368537256,0.712535937661126
0.00437342073194449,0.712213545734136
0.00439617568116484,0.711884921437393
0.0044190393951444,0.711550115708121
0.0044420127348,0.711209178070659
0.00446509656176939,0.710862156667164
0.00448829176672186,0.710509097879604
0.00451159924276985,0.710150046769427
0.00453501991574184,0.709785046654054
0.00455855471870381,0.709414139533425
0.00458220458740867,0.709037366207215
0.00460597048477779,0.708654765925274
0.00462985338487302,0.708266376674658
0.00465385428215708,0.707872235064249
0.00467797418334232,0.70747237648965
0.0047022141085696,0.70706683514802
0.0047265751081962,0.706655643786242
0.0047510582283883,0.706238834308912
0.00477566455400573,0.705816437083016
0.00480039517819257,0.705388481478973
0.00482525121028348,0.704954995765654
0.00485023376927565,0.704516007252714
0.00487534401714537,0.70407154172947
0.00490058311128842,0.703621624324714
0.00492595223870934,0.70316627892943
0.00495145260814851,0.702705528356243
0.00497708544990749,0.702239394363852
0.00500285200492293,0.701767897878573
0.00502875354035188,0.701291058733215
0.00505479135183865,0.700808895642545
0.00508096674443798,0.700321426575785
0.00510728105586097,0.699828668346013
0.0051337356408341,0.699330636919021
0.00516033188150024,0.698827347237266
0.00518707117907249,0.698318813394943
0.00521395495631388,0.697805048610158
0.0052409846837243,0.697286064739216
0.00526816182832198,0.696761873273364
0.00529548789969704,0.69623248447345
0.00532296442729973,0.695697907821624
0.00535059297444431,0.695158151765531
0.00537837511439553,0.694613224200901
0.00540631248208646,0.694063131473026
0.0054344067068078,0.693507879711845
0.00546265946729916,0.692947473764279
0.0054910724706259,0.69238191762258
0.00551964744585973,0.691811214565472
0.00554838616434994,0.691235366768055
0.00557729042510688,0.690654375606263
0.00560636207849454,0.69006824119343
0.00563560298431714,0.689476963237017
0.00566501504468504,0.688880540391587
0.00569460019849549,0.688278970382062
0.0057243604310966,0.687672249819074
0.00575429776547476,0.687060374389649
0.00578441425035918,0.686443339114098
0.00581471198999124,0.685821137749835
0.00584519312054493,0.685193763286227
0.0058758598146546,0.684561207865783
0.00590671430744685,0.683923462259333
0.00593775886259727,0.683280516578327
0.00596899579517844,0.682632359816174
0.0060004274780606,0.681978979726688
0.00603205632379309,0.681320363212565
0.006063884788986,0.680656496248391
0.006095915386982,0.67998736362964
0.00612815068581005,0.679312949027734
0.00616059332239181,0.678633234705195
0.00619324596267145,0.677948202364092
0.00622611135311315,0.677257832080964
0.00625919228853593,0.676562102994628
0.00629249164862057,0.675860992552638
0.00632601234631116,0.675154477611214
0.00635975737686979,0.674442533417767
0.00639372980525499,0.673725133890895
0.0064279327653672,0.673002251651583
0.00646236947238707,0.672273857778057
0.00649704319435037,0.671539922423227
0.00653195729457549,0.670800413933993
0.00656711522409961,0.67005529902757
0.00660252049602343,0.669304543352923
0.00663817673396422,0.668548110481974
0.0066740876472651,0.667785962453629
0.00671025704642922,0.667018059465781
0.00674668882556743,0.666244360268179
0.00678338697206012,0.665464821978542
0.00682035560607313,0.664679399264891
0.00685759894687914,0.66388804508349
0.00689512131638902,0.663090710627566
0.00693292718479261,0.662287344382164
0.00697102110482116,0.661477893546786
0.00700940780904601,0.660662301994783
0.00704809212103449,0.659840512189467
0.00708707905240371,0.659012463151644
0.00712637371777812,0.658178092297346
0.00716598142103098,0.657337333638607
0.0072059076033032,0.656490118921741
0.00724615789410102,0.655636376578695
0.00728673812765126,0.654776031419245
0.00732765427226731,0.653909006168864
0.0073689125206855,0.653035219595322
0.00741051928406166,0.652154586682196
0.00745248121588434,0.651267018171437
0.0074948051541747,0.650372421836761
0.00753749819268583,0.649470701030247
0.00758056771841323,0.648561753948854
0.00762402136026407,0.647645474779943
0.00766786706508392,0.646721752161946
0.00771211306075945,0.645790470032314
0.00775676797222006,0.644851505260574
0.00780184071870132,0.643904729891822
0.00784734062668757,0.642950008856903
0.00789327739368784,0.641987200826566
0.00793966118322554,0.641016156318974
0.0079865026123673,0.640036718071366
0.00803381279302506,0.639048720292204
0.00808160339018564,0.638051987572202
0.0081298866639087,0.637046334148391
0.00817867547287925,0.63603156398048
0.00822798336369641,0.635007469054901
0.00827782463134534,0.633973828309371
0.0083282143941649,0.632930406276694
0.00837916864793877,0.631876952182996
0.00843070439460908,0.630813197527297
0.00848283967081673,0.629738855760519
0.00853559368741401,0.628653619701315
0.00858898706155327,0.627557157095773
0.00864304173357131,0.626449112698482
0.00869778141590713,0.625329099476193
0.00875323158019732,0.624196699356772
0.00880941975884852,0.623051457593602
0.00886637582615631,0.621892877643955
0.00892413241685695,0.620720413359388
0.00898272515443121,0.61953346516661
0.00904219321235352,0.618331369625191
0.00910257990384846,0.617113388607863
0.00916393332686059,0.615878697588495
0.0092263073618947,0.614626367102567
0.00928976263402367,0.613355345293694
0.00935436799595401,0.61206443044767
0.00942020239087118,0.610752236542101
0.00948735719504891,0.609417150010539
0.00955593949239967,0.608057269009729
0.0096260765299141,0.606670320717557
0.00969792185205851,0.605253547447713
0.00977166458804263,0.603803533516958
0.00984754328023627,0.602315947305306
0.00992586737714721,0.600785140023292
0.0100070543844408,0.599203450018581
0.0100916957173148,0.597559968713479
0.0101806903517015,0.595838030500612
0.0102755544597162,0.59400938829669
0.0103793373577428,0.59201695216305
0.010501008251146,0.58969196026792
0.010615017636061,0.587523948913375
0.010729027020976,0.585365980919431
0.0108296132200743,0.583470390278955
0.0109236476717617,0.581705227686532
0.0110133699304011,0.580027305834212
0.0111003709896859,0.578406154844493
0.011185444235538,0.576826526958949
0.0112690568473275,0.575279409981116
0.011351506209361,0.573759039345437
0.0114329993880249,0.57226138439017
0.0115136894970724,0.570783454062591
0.0115936950385445,0.569322926969039
0.0116731100946567,0.567877955077335
0.0117520113415243,0.566447028907333
0.0118304622228581,0.565028896670497
0.0119085162426191,0.563622500864049
0.0119862186219446,0.562226945443456
0.0120636081811172,0.560841459615652
0.0121407187207532,0.559465371259761
0.0122175794595647,0.558098097612369
0.0122942161188741,0.556739124679967
0.0123706514510539,0.555387996858745
0.0124469054380905,0.554044312550833
0.0125229961968171,0.552707707469065
0.0125989395949716,0.551377860793417
0.012674749995437,0.550054481544594
0.0127504403729988,0.548737306116803
0.0128260223033411,0.547426098064793
0.0129015063677278,0.546120640715774
0.0129769021428997,0.544820737058012
0.0130522182268164,0.543526209013059
0.0131274625682652,0.542236891522189
0.0132026424494937,0.540952632659244
0.0132777644277311,0.539673294437401
0.0133528344999532,0.53839874981588
0.0134278582005695,0.537128880895019
0.0135028405655231,0.535863579393515
0.0135777862530636,0.534602744484027
0.0136526995341275,0.533346282851352
0.0137275844061959,0.532094106686975
0.0138024444688125,0.530846135686446
0.0138772830257742,0.529602295247648
0.0139521031769922,0.528362514873019
0.0140269077510119,0.527126729228035
0.014101699378951,0.525894876853872
0.0141764804090323,0.524666901516615
0.0142512532286666,0.5234427468699
0.0143260198064777,0.522222363926342
0.0144007821239914,0.521005703936578
0.0144755419180008,0.519792722565611
0.0145503008279991,0.518583377449066
0.0146250604621455,0.51737762710644
0.0146998221565472,0.51617543479652
0.0147745872744065,0.514976763661144
0.014849356965237,0.513781580574293
0.0149241323899483,0.512589852507438
0.0149989145996161,0.511401548455351
0.0150737045594258,0.510216639029689
0.0151485032301211,0.509035095153379
0.015223311370897,0.507856891158167
0.0152981298118995,0.506682000463656
0.0153729591744053,0.505510399968224
0.0154478002577813,0.504342063967802
0.0155226536099459,0.503176970872773
0.015597519808159,0.502015098796808
0.0156723994379178,0.500856425890398
0.01574729301864,0.499700931486727
0.015822200907865,0.498548597556784
0.015897123603893,0.49739940403749
0.0159720614874916,0.496253332808193
0.0160470149741957,0.495110365343846
0.0161219843907157,0.49397048459899
0.0161969700076223,0.492833674492163
0.0162719721749923,0.491699917846148
0.0163469911967174,0.490569198297178
0.0164220272801301,0.489441501039373
0.0164970806801078,0.488316810647014
0.0165721516469586,0.487195111862735
0.01664724034701,0.486076390776985
0.0167223469993073,0.484960632781633
0.0167974717364106,0.483847824640257
0.0168726148202938,0.482737951284935
0.016947776258761,0.481631001484535
0.017022956339453,0.480526959959162
0.0170981551389319,0.479425814618661
0.0171733727663174,0.478327552963505
0.0172486093160549,0.477232162779089
0.0173238649905295,0.476139630355093
0.0173991397705397,0.475049945270618
0.0174744338558149,0.473963093997713
0.0175497472227375,0.472879066304222
0.017625080024963,0.471797849464629
0.0177004323070428,0.470719432390074
0.017775804198434,0.469643802840044
0.0178511956779115,0.468570950787293
0.0179266068771617,0.467500864084785
0.018002037817515,0.466433532217039
0.0180774885563218,0.465368944214225
0.0181529591041737,0.464307089822605
0.0182284494970899,0.46324795848339
0.0183039598393551,0.462191538739626
0.0183794901425405,0.461137820491747
0.0184550404716306,0.460086792948476
0.0185306107956844,0.459038446706111
0.0186062011857817,0.45799277099488
0.0186818116863072,0.456949755472391
0.0187574422663754,0.455909390884491
0.0188330929726719,0.454871666956955
0.0189087638774058,0.453836573121909
0.0189844549579429,0.452804100161313
0.0190601662244814,0.451774238453891
0.019135897681466,0.450746978504424
0.0192116493609998,0.449722310491044
0.0192874212830659,0.448700224806058
0.0193632134198975,0.447680712531619
0.0194390258322456,0.446663763605381
0.0195148585761084,0.445649368083236
0.0195907115580486,0.444637518064401
0.0196665848966351,0.443628202862267
0.0197424785199583,0.442621414376069
0.0198183924351703,0.441617143493236
0.0198943266733885,0.440615380830876
0.0199702812607535,0.439616117119823
0.0200462561934173,0.438619343530824
0.0201222515092441,0.437625050732092
0.0201982671232627,0.436633231040441
0.0202743031504912,0.435643874204354
0.0203503594852341,0.434656972891643
0.0204264362786532,0.433672516477449
0.0205025334068236,0.432690497945912
0.0205786509183781,0.431710908086463
0.0206547888041421,0.430733738478435
0.020730947054266,0.429758980749359
0.0208071257604037,0.428786625272772
0.0208833248253924,0.427816664875867
0.0209595443011632,0.426849090521939
0.0210357841204876,0.425883894728621
0.0211120443535017,0.424921068312078
0.0211883250575868,0.423960602299039
0.0212646260985579,0.423002490165097
0.02134094755376,0.422046722760839
0.0214172894228186,0.421093291956772
0.0214936517112927,0.420142189587989
0.0215700344495517,0.419193407221216
0.0216464375381686,0.418246938071023
0.0217228610390542,0.417302773385968
0.021799304982419,0.416360904851769
0.0218757693265374,0.415421325078236
0.0219522540845255,0.414484026035631
0.0220287593097709,0.413548999242152
0.0221052849296082,0.412616237794293
0.022181830987945,0.411685733400244
0.0222583975140286,0.410757477988708
0.0223349844730523,0.409831464301768
0.0224115918462355,0.408907684919782
0.0224882196886581,0.407986131569914
0.0225648678976654,0.407066797911523
0.0226415365771453,0.406149675158693
0.0227182256709458,0.405234756481683
0.022794935231009,0.404322033793753
0.0228716652010164,0.403411500332945
0.0229484156626344,0.402503147733866
0.0230251865878641,0.401596968969186
0.0231019779617744,0.400692956888151
0.0231787898045146,0.399791103961093
0.0232556220685496,0.398891403486365
0.0233324748139446,0.397993847535156
0.0234093479810142,0.397098429612955
0.0234862416873655,0.396205141194261
0.0235631558204659,0.395313976464509
0.02364009041726,0.39442492790235
0.0237170455013537,0.393537988178137
0.0237940211473004,0.392653149413062
0.0238710172349891,0.391770405998246
0.023948033827581,0.390889750248992
0.0240250708295644,0.390011176328071
0.0241021283857252,0.389134675688924
0.0241792064259955,0.388260242269077
0.0242563049476744,0.38738786926688
0.024333423985834,0.38651754948645
0.0244105634917501,0.3856492767092
0.0244877235296396,0.384783043475403
0.0245649040487764,0.383918843649365
0.0246421051057716,0.383056669922608
0.024719326638222,0.382196516347921
0.0247965687375507,0.381338375294213
0.0248738313977689,0.380482240249752
0.0249511145675031,0.379628105232254
0.025028418252128,0.378775963658391
0.0251057424368503,0.377925809196843
0.0251830871704785,0.377077634847668
0.0252604524966548,0.376231433702648
0.0253378383337739,0.375387200251775
0.0254152447659831,0.374544927203255
0.0254926717688036,0.373704608481656
0.0255701193639738,0.372866237537297
0.0256475874776596,0.37202980888187
0.0257250762208166,0.371195315059736
0.0258025855228378,0.370362750604064
0.0258801153977361,0.369532109161935
0.0259576658333591,0.368703384689461
0.0260352369080419,0.367876570206097
0.0261128285597275,0.367051660258187
0.0261904408366492,0.366228648244119
0.0262680737811044,0.365407527658134
0.0263457273164125,0.364588293279314
0.0264234014581983,0.363770938934794
0.0265010962334964,0.362955458361206
0.0265788116593094,0.362141845429743
0.0266565477186491,0.361330094394217
0.0267343044226222,0.360520199240556
0.0268120817639116,0.359712154173346
0.0268898798000363,0.358905952751565
0.0269676984926396,0.358101589556014
0.0270455378407442,0.357299058803817
0.0271233978939993,0.356498354218037
0.0272012786379866,0.355699470208919
0.0272791800759569,0.354902401029631
0.0273571022021608,0.354107141050657
0.027435045072035,0.353313684045053
0.0275130086269248,0.352522024973559
0.0275909928793193,0.351732158095496
0.0276689978887437,0.350944077222136
0.0277470236832554,0.350157776512337
0.0278250701429627,0.349373251636739
0.0279031373339578,0.348590496415228
0.0279812253028472,0.347809504894317
0.028059334105651,0.347030271055457
0.0281374636356679,0.34625279052622
0.0282156140097079,0.345477056731053
0.0282937851236262,0.34470306531528
0.0283719770643055,0.343930810052338
0.0284501898303946,0.343160285616661
0.0285284234018465,0.342391486888678
0.0286066777766883,0.341624408592842
0.0286849529737924,0.340859045273008
0.0287632490458572,0.340095391168506
0.0288415659616606,0.339333441361904
0.0289199037178331,0.338573190684864
0.0289982623439897,0.337814633672536
0.0290766418647136,0.337057764934049
0.0291550422631558,0.336302579501543
0.0292334635233164,0.335549072419183
0.0293119057002368,0.334797238071783
0.0293903687688234,0.334047071636687
0.0294688527724052,0.333298567658592
0.0295473577286405,0.332551720952174
0.0296258836194114,0.331806526694087
0.0297044304395633,0.331062979957873
0.0297829982651347,0.3303210750725
0.0298615870611543,0.329580807439748
0.0299401968207791,0.328842172214561
0.0300188275877678,0.328105164098788
0.0300974793429557,0.327369778406906
0.0301761521247674,0.32663600993567
0.0302548459047267,0.325903854127755
0.0303335607638178,0.325173305429037
0.0304122966599208,0.324444359451754
0.0304910536306637,0.323717011088457
0.030569831632888,0.322991255998788
0.0306486306910145,0.322267089237973
0.030727450847782,0.321544505716185
0.0308062920947818,0.320823500834443
0.0308851544556064,0.320104069720928
0.0309640379879135,0.319386207216248
0.0310429426428059,0.318669909151642
0.0311218683799771,0.317955171294984
0.0312008153210339,0.317241987969617
0.0312797834361402,0.316530354892537
0.0313587727655916,0.315820267166804
0.0314377832233097,0.315111721049816
0.0315168149200892,0.314404711051168
0.0315958678249707,0.313699232973224
0.0316749419184979,0.312995282531231
0.0317540372752055,0.312292854624004
0.0318331538788392,0.311591944978981
0.0319122917557188,0.310892548964383
0.031991450891116,0.310194662330518
0.0320706313675399,0.309498279990599
0.0321498331229245,0.308803398150005
0.0322290561777065,0.308110012304969
0.0323083006372155,0.307418117231881
0.0323875664022743,0.306727709512858
0.032466853523053,0.306038784442418
0.0325461619868004,0.305351337882368
0.0326254918940952,0.304665364732304
0.0327048431888944,0.303980861267273
0.0327842158707019,0.303297823296721
0.0328636099555252,0.302616246506163
0.0329430254942405,0.301936126301668
0.0330224624710608,0.301257458679455
0.0331019208930795,0.300580239456292
0.0331814008514092,0.299904463753357
0.0332609023337287,0.299230127592595
0.0333404252972345,0.298557227268462
0.0334199697932513,0.297885758295002
0.0334995358644481,0.297215716280409
0.0335791234855225,0.29654709742288
0.0336587326191621,0.295879898034927
0.0337383633478389,0.29521411344238
0.0338180157010834,0.29454973943561
0.0338976896201804,0.293886772556238
0.0339773851867414,0.293225208193618
0.0340571024033206,0.2925650424141
0.0341368413164928,0.291906270936552
0.0342166018880325,0.291248890197299
0.0342963841900056,0.290592895739422
0.0343761881813932,0.289938284054063
0.0344560139072284,0.289285050940942
0.0345358613411747,0.288633192800962
0.0346157305663864,0.287982705157648
0.034695621522094,0.287333584724456
0.0347755342806975,0.286685827146738
0.0348554688842926,0.286039428336068
0.03493542528349,0.285394384958996
0.0350154035339079,0.284750692848833
0.0350954036659155,0.284108348061119
0.0351754256576568,0.283467347086059
0.0352554695710465,0.282827685758205
0.0353355354073412,0.282189360414808
0.0354156231611297,0.28155236746036
0.035495732835769,0.280916703243896
0.0355758645179464,0.280282363470644
0.035656018153424,0.279649344978391
0.0357361938027432,0.279017643711363
0.0358163914295958,0.278387256393225
0.0358966111281131,0.277758178737283
0.0359768528967823,0.277130407225758
0.036057116717541,0.276503938483088
0.0361374025933048,0.275878768983017
0.0362177105889207,0.275254894733185
0.0362980407568609,0.274632311855961
0.0363783930119031,0.274011017554066
0.0364587675103871,0.273391007176342
0.0365391641098077,0.272772278394194
0.0366195829501233,0.272154826715128
0.0367000240000974,0.271538648981127
0.0367804873405591,0.270923741189259
0.0368609729012786,0.270310100506103
0.0369414807582068,0.269697722995354
0.0370220109036064,0.269086605374218
0.0371025633895716,0.268476743919703
0.0371831381782288,0.267868135604285
0.0372637353909426,0.267260776212124
0.0373443549782853,0.266654662831756
0.0374249969599344,0.266049792042445
0.0375056613443459,0.26544616052176
0.0375863481846215,0.264843764627743
0.037667057541659,0.264242600677078
0.0377477893681131,0.263642665806299
0.0378285436935819,0.263043956590841
0.0379093205620025,0.26244646951517
0.037990119978795,0.261850201363042
0.0380709419260272,0.261255149102229
0.0381517864542268,0.260661309209269
0.0382326536298044,0.260068678060577
0.0383135434535753,0.25947725252812
0.0383944559442948,0.258887029364806
0.0384753910734715,0.258298005680106
0.0385563488737592,0.257710178149915
0.0386373294565782,0.25712354289495
0.0387183327935505,0.256538097064458
0.0387993588845105,0.255953837613432
0.0388804077735771,0.255370761190535
0.0389614794605958,0.254788864776532
0.0390425739789021,0.25420814512401
0.0391236913438455,0.253628599127719
0.0392048316152162,0.253050223378485
0.0392859947877405,0.252473014944641
0.0393671809010106,0.251896970587218
0.0394483899704649,0.251322087252026
0.0395296220342059,0.250748361737104
0.0396108770968777,0.250175791089588
0.0396921551603475,0.249604372387234
0.0397734563064183,0.249034102159122
0.0398547805536754,0.248464977392786
0.0399361278634789,0.247896995486305
0.0400174983040295,0.247330153102627
0.0400988919207401,0.24676444707867
0.0401803087079296,0.246199874618583
0.0402617486949577,0.245636432694391
0.0403432118910567,0.245074118429484
0.0404246983586504,0.244512928592568
0.0405062080786672,0.243952860526156
0.0405877410941935,0.24339391115605
0.0406692974486895,0.242836077418968
0.0407508771686447,0.242279356380332
0.0408324802541214,0.24172374529699
0.0409141067852051,0.241169240893107
0.0409957567104563,0.240615840798453
0.0410774300807718,0.240063541957991
0.0411591269507064,0.239512341305887
0.0412408473330866,0.238962236070192
0.0413225912335711,0.238413223537454
0.0414043587389462,0.237865300461668
0.041486149837433,0.237318464270403
0.0415679645406271,0.236772712243999
0.0416498028614062,0.236228041664813
0.0417316648880115,0.235684449326128
0.0418135506052175,0.235141932721067
0.041895460043753,0.234600489047488
0.0419773932733341,0.234060115258183
0.0420593502717635,0.233520808923707
0.042141331088551,0.232982567152114
0.0422233357554209,0.232445387180544
0.0423053642802333,0.231909266412996
0.0423874166881173,0.231374202150623
0.0424694930177372,0.230840191617505
0.0425515933700549,0.230307231645588
0.0426337176539441,0.229775320324347
0.042715865945081,0.229244454669605
0.0427980382994442,0.228714631838489
0.0428802347185741,0.228185849349999
0.0429624552080634,0.227658104705803
0.043044699885108,0.227131394703288
0.0431269687086334,0.226605717165844
0.0432092617490571,0.226081069212672
0.0432915790140715,0.22555744837476
0.043373920543653,0.225034851987349
0.0434562863305526,0.224513277695358
0.0435386764475412,0.223992722646902
0.0436210909194171,0.223473184305251
0.043703529763817,0.222954660188306
0.0437859930481388,0.222437147511613
0.0438684807899501,0.221920643814787
0.0439509930302007,0.221405146500678
0.04403352971552,0.22089065356984
0.0441160910139009,0.2203771616531
0.0441986768230033,0.21986466907512
0.0442812872736549,0.219353172720123
0.0443639223493217,0.218842670398025
0.0444465820591084,0.218333159767324
0.044529266500965,0.217824637949721
0.0446119756669921,0.217317102729418
0.0446947096105335,0.216810551523183
0.0447774683586336,0.216304981919397
0.0448602519384844,0.215800391514794
0.0449430603502863,0.215296778079318
0.0450258937053979,0.214794138717223
0.0451087519632784,0.214292471465447
0.045191635235593,0.213791773447607
0.0452745435065279,0.213292042569055
0.0453574768676639,0.212793276096405
0.0454404352605249,0.21229547220834
0.0455234187120149,0.211798628576705
0.0456064273676932,0.211302742175223
0.0456894612161944,0.210807810927524
0.045772520271286,0.210313832613854
0.0458556045648325,0.209820804915443
0.0459387141688117,0.209328725285637
0.0460218490920498,0.20883759156165
0.0461050093710519,0.208347401425172
0.0461881950168973,0.207858152716487
0.0462714061109258,0.20736984287193
0.0463546427372141,0.206882469323742
0.0464379048279039,0.206396030401838
0.0465211924367288,0.205910523731072
0.0466045056458,0.205425946782116
0.0466878444492448,0.204942297546933
0.0467712089023279,0.204459573670171
0.0468545990522973,0.203977772852857
0.0469380149084075,0.203496893023985
0.0470214565579694,0.203016931671414
0.0471049240053691,0.202537886769901
0.0471884173278192,0.202059755884376
0.047271936486549,0.201582537252436
0.0473554815949752,0.201106228249543
0.0474390526229005,0.200630827080071
0.0475226497184526,0.200156330942243
0.0476062728094068,0.199682738295214
0.0476899220040023,0.199210046581692
0.0477735973127395,0.198738253807531
0.0478572988100684,0.198267357625921
0.0479410264880862,0.197797356162052
0.0480247804295296,0.197328247039833
0.0481085606569927,0.196860028229741
0.0481923672156213,0.196392697583839
0.0482762001048087,0.195926253216949
0.048360059444167,0.195460692583599
0.0484439451563278,0.194996014240465
0.0485278573845901,0.194532215527849
0.0486117961350634,0.194069294555865
0.048695761453888,0.193607249220384
0.0487797534254578,0.193146077216117
0.0488637720109312,0.192685776922173
0.0489478172860757,0.192226346095591
0.0490318893222332,0.191767782527853
0.0491159881315349,0.191310084341577
0.049200113759496,0.190853249484504
0.0492842662539846,0.190397275899902
0.0493684457256064,0.189942161200634
0.0494526521129256,0.189487903937529
0.0495368854929192,0.18903450191943
0.0496211459561117,0.188581952892776
0.0497054334944031,0.188130255141801
0.0497897481789741,0.187679406532205
0.049874090037179,0.18722940517257
0.0499584590776501,0.186780249277642
0.0500428553759516,0.186331936713096
0.0501272790551279,0.185884465102935
0.0502117300405665,0.185437833126272
0.0502962084186202,0.184992038615015
0.0503807142749868,0.184547079414921
0.0504652476358613,0.18410295369333
0.0505498085517241,0.183659659496689
0.0506343970788595,0.183217194848937
0.0507190132519654,0.182775557894444
0.0508036570503777,0.182334747072131
0.05088832860919,0.181894760016915
0.0509730279376045,0.181455595027719
0.0510577551511406,0.181017249859293
0.0511425102144708,0.180579723054734
0.0512272932268794,0.180143012467592
0.0513121041696447,0.179707116567229
0.0513969431328807,0.179272033269405
0.0514818101769689,0.178837760651505
0.0515667053830906,0.178404296692513
0.0516516287500191,0.177971639799232
0.0517365802907129,0.177539788310831
0.0518215601600812,0.177108739853281
0.0519065683010094,0.176678493136486
0.0519916048032535,0.176249046130979
0.052076669767125,0.175820396763827
0.0521617632097477,0.175392543389027
0.0522468851483285,0.174965484365136
0.0523320357081632,0.174539217516014
0.0524172148123595,0.174113741684576
0.052502422648937,0.173689054395821
0.0525876592492675,0.173265153966862
0.0526729246042881,0.172842038920242
0.0527582188335292,0.172419707146728
0.0528435419029892,0.171998157304832
0.0529288938961506,0.171577387477087
0.0530142749372816,0.171157395554543
0.0530996850433254,0.170738179964267
0.0531851242327463,0.170319739130374
0.0532705925763422,0.16990207122683
0.0533560901346904,0.169485174485112
0.0534416169522331,0.169069047221995
0.0535271730853338,0.16865368770259
0.0536127585652442,0.168239094320205
0.0536983734981071,0.167825265112256
0.0537840179096372,0.167412198512577
0.0538696918701624,0.166999892745523
0.0539553954576298,0.166588346006304
0.0540411287187233,0.166177556647176
0.0541268916378141,0.165767523323659
0.0542126843355589,0.165358244045325
0.0542985068932806,0.164949717018605
0.0543843593249919,0.164541940776344
0.054470241754365,0.164134913336748
0.0545561541045901,0.163728633674157
0.0546420965405903,0.163323099623906
0.0547280691312342,0.162918309484945
0.0548140718714177,0.162514261909429
0.0549001048850522,0.16211095494894
0.0549861681187095,0.161708387492786
0.0550722617197258,0.161306557495553
0.0551583858094011,0.160905463043852
0.0552445403621191,0.160505102914469
0.0553307254558966,0.160105475406271
0.0554169410746313,0.159706579260239
0.0555031873834791,0.159308412384621
0.055589464458298,0.158910973109715
0.0556757722980297,0.15851426012498
0.0557621109423127,0.158118271936579
0.0558484804965745,0.157723006755533
0.0559348810827878,0.1573284627257
0.056021312667182,0.156934638707852
0.0561077753766808,0.156541532834681
0.0561942691963554,0.156149143890672
0.0562807942592955,0.155757469993608
0.0563673506463878,0.155366509506179
0.0564539382871788,0.154976261478303
0.056540557394003,0.15458672369012
0.0566272080375272,0.154197894569701
0.0567138902050901,0.153809772922959
0.0568006039420214,0.153422357299382
0.0568873493873253,0.153035645836985
0.0569741265164782,0.152649637409199
0.0570609355277808,0.152264329903588
0.0571477763795429,0.151879722280839
0.0572346492102802,0.151495812706967
0.0573215540223807,0.151112599956615
0.057408490969292,0.150730082143511
0.0574954599719897,0.150348258410006
0.0575824612606425,0.149967126545174
0.0576694948204999,0.149586685420346
0.0577565607489606,0.149206933419784
0.0578436590848862,0.148827869189295
0.057930789939656,0.148449491064536
0.0580179533263393,0.148071797813989
0.0581051493506985,0.147694787808991
0.0581923781241001,0.147318459404173
0.0582796396546889,0.1469428114049
0.0583669340482828,0.146567842200314
0.0584542613351068,0.146193550510307
0.058541621621237,0.145819934734553
0.0586290149417109,0.14544699358251
0.058716441454662,0.145074725244166
0.0588039011821803,0.144703128495804
0.0588913941295257,0.144332202187737
0.0589789204640685,0.143961944488495
0.0590664802058726,0.143592354197101
0.0591540734713067,0.143223429710355
0.0592417003228815,0.142855169658385
0.0593293608368176,0.142487572618591
0.0594170550567143,0.142120637310054
0.0595047830876649,0.141754362199576
0.0595925450299415,0.14138874578075
0.0596803409278194,0.141023786785709
0.0597681708873142,0.140659483694749
0.0598560349922126,0.140295835086651
0.0599439332627896,0.139932839807401
0.0600318657550113,0.139570496558969
0.0601198326950099,0.139208803349569
0.0602078340292399,0.138847759344291
0.0602958698680924,0.13848736303726
0.0603839402997781,0.138127613020118
0.0604720453839299,0.137768508006239
0.0605601852201148,0.137410046551151
0.0606483598883503,0.137052227295613
0.060736569507184,0.136695048729673
0.0608248140996361,0.13633850973528
0.0609130937796788,0.135982608830885
0.0610014086136188,0.135627344733017
0.0610897586810317,0.135272716109344
0.0611781441162504,0.134918721413634
0.0612665649451609,0.134565359539409
0.0613550212271509,0.134212629249273
0.0614435130947429,0.133860529019665
0.0615320406143108,0.133509057596304
0.0616206039032289,0.133158213527274
0.0617092030391714,0.132807995523638
0.0617978380343644,0.132458402558611
0.061886509056265,0.132109432997636
0.0619752162006266,0.131761085495802
0.062063959471752,0.131413359070791
0.0621527390835755,0.131066251923703
0.0622415550039728,0.130719763224134
0.0623304073597547,0.130373891523671
0.0624192962828513,0.130028635360992
0.0625082218658087,0.129683993433589
0.0625971840711071,0.129339964945737
0.062686183136622,0.128996548040799
0.062775219102197,0.128653741634486
0.0628642920548024,0.12831154446396
0.0629534020971608,0.12796995521091
0.0630425493029857,0.127628972673058
0.0631317337800387,0.127288595522442
0.0632209555801483,0.126948822649166
0.063310214796678,0.126609652788902
0.0633995115597769,0.126271084543066
0.0634888460343697,0.125933116387942
0.0635782182260918,0.12559574740726
0.0636676282649775,0.125258976217953
0.0637570762145205,0.124922801692998
0.0638465622117108,0.124587222433624
0.063936086259633,0.12425223754757
0.0640256485485741,0.123917845445848
0.064115249161768,0.123584044946215
0.0642048882430093,0.123250834645438
0.0642945657657825,0.122918213777172
0.064384281925903,0.122586180753441
0.0644740367345487,0.122254734675698
0.0645638304247005,0.121923873830545
0.0646536629581536,0.121593597509742
0.0647435345474072,0.121263904085834
0.0648334452065004,0.120934792665813
0.064923395125579,0.120606261715504
0.0650133843400183,0.120278310271929
0.0651034130005127,0.119950936955224
0.0651934811682676,0.119624140716197
0.0652835889577358,0.119297920316012
0.0653737364593465,0.118972274607536
0.0654639238371046,0.118647202182911
0.0655541511807102,0.118322701907758
0.0656444185657008,0.117998772702052
0.0657347261161764,0.117675413315596
0.065825073854042,0.117352622867899
0.0659154620223141,0.117030399692999
0.0660058907292218,0.116708742613294
0.0660963599565825,0.116387650902851
0.0661868699386927,0.116067122943008
0.0662774207325941,0.115747157749842
0.0663680124590599,0.115427754117155
0.0664586451871139,0.115108911025414
0.0665493190842801,0.114790627112853
0.0666400342640969,0.114472901213051
0.0667307908115308,0.114155732263454
0.0668215888351485,0.113839119122707
0.0669124283978214,0.113523060812477
0.0670033097067348,0.113207555856961
0.0670942328608073,0.112892603162607
0.0671851979806597,0.112578201564376
0.0672762051198671,0.112264350132538
0.0673672544878105,0.111951047404334
0.0674583460213727,0.111638292858749
0.0675494800842931,0.111326084512747
0.0676406566770161,0.111014421636558
0.06773187592174,0.110703303085055
0.0678231379034293,0.110392727844369
0.0679144428352651,0.110082694469213
0.0680057908300331,0.109773201861513
0.0680971819369806,0.109464249141176
0.0681886163058211,0.109155835091583
0.068280094091233,0.108847958485003
0.0683716153416428,0.10854061845513
0.0684631802197482,0.108233813754995
0.0685547888425878,0.107927543295893
0.06864644137001,0.107621805850442
0.0687381378775896,0.107316600476667
0.0688298786034655,0.107011925696074
0.0689216635013357,0.106707780979181
0.0690134927994268,0.10640416488835
0.0691053666325126,0.106101076302009
0.0691972851742111,0.105798513975056
0.0692892484254026,0.105496477234263
0.0693812566277525,0.105194964618437
0.0694733099031115,0.104893975065912
0.0695654083716522,0.104593507523947
0.0696575520994147,0.104293561119434
0.0697497414054251,0.103994134161116
0.0698419762905629,0.103695225997535
0.069934256840917,0.103396835701144
0.0700265832901321,0.103098961872233
0.0701189557406231,0.102801603540478
0.0702113743643589,0.102504759515217
0.0703038391533474,0.102208429186831
0.0703963504057018,0.101912610967912
0.070488908226747,0.101617303895039
0.0705815126881915,0.10132250711403
0.0706741640587291,0.101028219148137
0.0707668623534567,0.100734439331449
0.0708596077294175,0.100441166549523
0.0709524004493446,0.100148399360173
0.0710452405781438,0.0998561369508615
0.0711381282892406,0.0995643781698653
0.0712310636424377,0.0992731222261875
0.071324046903029,0.0989823676887447
0.0714170781350171,0.0986921137616266
0.0715101575271561,0.098402359262284
0.0716032851617115,0.0981131033440117
0.071696461250405,0.0978243447615163
0.071721443482182,0.0977469881348483
0.0717214434821829,0.0977469881348455
0.0718146681581918,0.0974584064494134
0.0719065643636556,0.0971750031053961
0.0719997693968521,0.0968882755649946
0.0720932232565888,0.0966014433843608
0.0721867734277277,0.0963149613053751
0.0722803761892428,0.0960289597809428
0.0723740221804859,0.095743466178132
0.0724677097980919,0.0954584846988282
0.0725614392649992,0.0951740141098215
0.0726552112086962,0.0948900519823917
0.0727490263784594,0.0946065955308971
0.0728428854056139,0.0943236423326822
0.0729367889842401,0.0940411897802987
0.0730307378284247,0.0937592352130767
0.0731247324839345,0.0934777764813863
0.0732187735070667,0.0931968114076026
0.0733128613691159,0.0929163380721633
0.073406996617431,0.0926363543330008
0.0735011796717709,0.092356858432584
0.0735954110822865,0.0920778482310362
0.0736896912274909,0.0917993221026081
0.0737840205978999,0.0915212780948116
0.0738783994858499,0.0912437148441669
0.0739728283033586,0.0909666306379302
0.0740673074676819,0.0906900237540882
0.0741618371818071,0.0904138931015216
0.0742564179522883,0.0901382367059141
0.0743510500611876,0.0898630532547671
0.0744457338044541,0.0895883413979828
0.0745404694992987,0.0893140997280095
0.074635257347051,0.0890403271762681
0.0747300977345284,0.0887670221422026
0.0748249909072591,0.0884941834384832
0.0749199371925605,0.0882218096466096
0.0750149368152101,0.0879498996470742
0.0751099900237076,0.0876784522556278
0.0752050971068763,0.0874074661774127
0.0753002583086335,0.0871369402503416
0.0753954738290944,0.0868668734402811
0.0754907439847758,0.0865972643871974
0.0755860690392787,0.0863281118867992
0.0756814491353171,0.0860594150794036
0.0757768845668847,0.0857911726822554
0.0758723755711255,0.0855233835780561
0.075967922294274,0.0852560469076051
0.0760635250649191,0.084989161305328
0.0761591841346469,0.084722725627196
0.076254899660287,0.0844567389966322
0.0763506718664491,0.0841912003515597
0.0764465010079015,0.0839261085510975
0.0765423873001391,0.0836614625677297
0.0766383309815136,0.0833972613150284
0.0767343322562247,0.0831335038049205
0.0768303914655147,0.0828701886780553
0.0769265086642568,0.0826073153645308
0.0770226841766562,0.0823448825599311
0.0771189181386953,0.0820828894790236
0.0772152108735146,0.0818213348306876
0.0773115625453261,0.081560217761099
0.0774079733375414,0.0812995373669006
0.0775044435554192,0.0810392924199567
0.077600973356645,0.0807794820953445
0.0776975630097397,0.0805201052732137
0.0777942128091327,0.0802611607701534
0.0778909229270556,0.0800026477349001
0.0779876936135273,0.0797445651116439
0.0780845250088052,0.0794869121411791
0.0781814174116029,0.0792296876462408
0.0782783709955174,0.07897289078691
0.0783753860645419,0.0787165203819094
0.0784724628296199,0.0784605755013692
0.0785696015265724,0.0782050551536425
0.0786668023607485,0.0779499584313704
0.078764065666744,0.0776952840929794
0.0788613915241465,0.0774410315690328
0.078958780268845,0.0771871996230671
0.0790562321415654,0.0769337872731877
0.0791537473756842,0.0766807935607289
0.0792513262384613,0.0764282174436555
0.0793489689524391,0.0761760580003289
0.0794466757922368,0.0759243141789739
0.0795444469230534,0.0756729852138729
0.0796422826501181,0.0754220699830233
0.0797401832241819,0.0751715675098431
0.0798381489226714,0.0749214767541581
0.0799361799359734,0.0746717969022439
0.0800342766007239,0.0744225267721911
0.0801324391161553,0.0741736655367113
0.0802306676776136,0.0739252123811078
0.0803289626775533,0.073677165997254
0.0804273243790789,0.0734295254104272
0.0805257529857801,0.0731822897993585
0.0806242487211349,0.0729354582959759
0.080722811939982,0.072689029708099
0.0808214428546787,0.0724430032054264
0.0809201416660602,0.0721973779891888
0.0810189087386477,0.0719521528579423
0.0811177443869007,0.0717073267413809
0.0812166488839388,0.0714628986766846
0.0813156223950882,0.0712188679707768
0.0814146653343979,0.0709752333216671
0.0815137778907546,0.0707319939875201
0.0816129603930638,0.0704891488863027
0.0817122131110787,0.0702466970863895
0.0818115363054535,0.0700046376825773
0.0819109303718786,0.0697629694461008
0.0820103955187,0.069521691609456
0.0821099319596545,0.069280803394509
0.0822095402074386,0.0690403033056689
0.0823092203227953,0.068800190944719
0.0824089727670513,0.0685604649507826
0.0825087977694924,0.0683211245279429
0.0826086957219881,0.0680821684948205
0.082708666802705,0.067843596186408
0.0828087114899718,0.0676054062258908
0.0829088299755432,0.0673675979255137
0.0830090225736853,0.067130170309316
0.0831092895795456,0.0668931224517973
0.0832096313967857,0.0666564531765954
0.0833100482699827,0.0664201616883049
0.0834105405652873,0.0661842469096251
0.0835111085762698,0.0659487079393304
0.0836117526440218,0.0657135437696432
0.0837124731230184,0.0654787533672423
0.0838132703521804,0.0652443357407018
0.0839141446679496,0.0650102899096533
0.0840150963473139,0.0647766150363479
0.0841161257793432,0.0645433100284674
0.084217233356088,0.0643103737935215
0.0843184193749752,0.0640778054625359
0.0844196841014664,0.0638456042437173
0.0845210280064236,0.0636137688797411
0.0846224514129736,0.0633822984584141
0.0847239547179521,0.0631511919044427
0.0848255381367441,0.0629204485604075
0.0849272022106465,0.0626900670336162
0.0850289471759306,0.0624600466299245
0.0851307734677904,0.0622303862093946
0.0852326814324712,0.0620010848393428
0.0853346714776636,0.0617721414543042
0.0854367439291713,0.0615435551783583
0.0855388992333239,0.0613153248711853
0.0856411377708754,0.0610874495457737
0.0857434597987299,0.0608599284955247
0.0858458658491066,0.060632760406919
0.0859483562260798,0.0604059444799378
0.0860509313502157,0.0601794796612824
0.0861535916355681,0.0599533649186115
0.0862563375992935,0.0597275989996875
0.0863591694347973,0.0595021813692596
0.0864620876843626,0.0592771107312218
0.0865650927706849,0.0590523860595226
0.0866681850905016,0.0588280063905456
0.0867713649637529,0.0586039709326881
0.0868746329601702,0.0583802783581124
0.08697798945379,0.0581569277709297
0.0870814349475183,0.0579339180026079
0.0871849697264747,0.0577112483601379
0.0872885942184883,0.0574889178475698
0.0873923090430156,0.0572669250659863
0.0874961145030551,0.057045269301504
0.0876000111536711,0.0568239493070028
0.0877039994018285,0.0566029641586548
0.0878080795869118,0.056382313080873
0.0879122523055129,0.0561619947590259
0.0880165180893266,0.0559420080251158
0.0881208772707804,0.0557223521376586
0.0882253303758172,0.055503025952947
0.0883298779672,0.0552840282584787
0.0884345204649223,0.0550653581481593
0.0885392582822873,0.0548470147350214
0.0886440920539777,0.0546289966778768
0.0887490221330842,0.054411303228997
0.0888540490538322,0.0541939332699393
0.088959173322837,0.053976885747217
0.0890643956031166,0.0537601592928737
0.0891697162327271,0.0535437532159669
0.0892751358346888,0.0533276662454326
0.0893806548775647,0.0531118974353348
0.0894862738336208,0.0528964458380939
0.0895919933606077,0.0526813101355551
0.0896978139346699,0.052466489387826
0.0898037360982524,0.0522519825268261
0.0899097604373561,0.0520377884042176
0.0900158875535349,0.0518239058487726
0.0901221179482715,0.0516103338986712
0.0902284521723498,0.0513970714997081
0.0903348909088482,0.0511841173410264
0.0904414345377693,0.0509714707258691
0.0905480838458409,0.0507591301525744
0.0906548392681442,0.0505470948293789
0.0907617015270029,0.0503353634007996
0.0908686711747148,0.050123934857903
0.0909757488150305,0.049912808097412
0.0910829351650201,0.0497019818018051
0.091190230748901,0.0494914550418296
0.0912976360574813,0.0492812269596736
0.0914051519301241,0.0490712960239499
0.0915127789557331,0.0488616612034616
0.0916205177857276,0.0486523213529702
0.0917283690551167,0.0484432753678486
0.0918363333880545,0.0482345221728369
0.0919444114912749,0.0480260605418478
0.0920526041170305,0.0478178891712402
0.0921609119399077,0.0476100069167882
0.0922693356347743,0.047402412642556
0.0923778758009196,0.0471951053656181
0.09248653326448,0.0469880836789463
0.0925953086660323,0.0467813465396739
0.0927042027621727,0.0465748926931975
0.0928132163018409,0.0463687209098202
0.0929223499289757,0.0461628301676597
0.0930316044918868,0.0459572190687627
0.0931409807199571,0.045751886450218
0.0932504794050887,0.0455468310415989
0.0933601013441894,0.0453420515738754
0.0934698472294498,0.045137546983498
0.0935797178857574,0.0449333159691895
0.0936897142043553,0.0447293571181629
0.0937998368458979,0.04452566945577
0.0939100867211711,0.0443222515542088
0.0940204646632355,0.0441191021413645
0.0941309715024253,0.0439162199610198
0.0942416080988356,0.0437136037134089
0.0943523753340454,0.0435112520710007
0.0944632740354549,0.0433091638165527
0.0945743050900515,0.0431073376352536
0.0946854694617578,0.042905772084801
0.0947967679033954,0.0427044661171756
0.0949082014419115,0.0425034181994219
0.0950197709945497,0.0423026270101039
0.0951314775077589,0.0421020911872659
0.0952433219640911,0.0419018093168541
0.0953553052934554,0.0417017800917358
0.0954674284275509,0.0415020022134943
0.0955796924772769,0.0413024740777228
0.0956920983608912,0.0411031944363145
0.0958046470795046,0.0409041619061888
0.0959173396619613,0.0407053750685114
0.0960301772268093,0.0405068323603511
0.0961431607506141,0.040308532482604
0.0962562912922718,0.0401104740044018
0.096369570073312,0.0399126552251872
0.0964829980231298,0.0397150749691574
0.0965965763946586,0.0395177315102006
0.0967103063347167,0.0393206233231413
0.0968241888720229,0.0391237491014566
0.0969382252645168,0.0389271071566629
0.0970524166552636,0.0387306960145873
0.0971667643324683,0.0385345139670016
0.0972812693201236,0.0383385597743389
0.0973959330392014,0.0381428315326371
0.0975107566180602,0.0379473278550637
0.0976257413930314,0.0377520470159157
0.0977408887281422,0.0375569872604994
0.0978561998893329,0.0373621470176205
0.0979716761191986,0.0371675247714283
0.0980873187646675,0.0369731188466521
0.0982031293144709,0.0367789273482305
0.098319109109279,0.0365849486482876
0.0984352594410479,0.0363911812170267
0.0985515819860633,0.0361976229023591
0.0986680780979548,0.0360042721099784
0.0987847492267182,0.0358111271030236
0.0989015968507128,0.0356181861165847
0.0990186225830674,0.035425447183237
0.0991358279196529,0.0352329085492319
0.0992532144869335,0.0350405682661864
0.0993707839330746,0.0348484243716772
0.0994885378259234,0.0346564750555035
0.0996064779465348,0.0344647181813281
0.0997246058826853,0.0342731519494661
0.0998429233544309,0.034081774366577
0.0999614322188865,0.0338905832409738
0.10008013401713,0.0336995769132756
0.100199030872778,0.0335087528094384
0.100318124485397,0.0333181090623811
0.100437416818604,0.0331276434051931
0.100556909618041,0.032937353943496
0.100676605045653,0.032747238144602
0.100796504912527,0.0325572940599503
0.100916611328558,0.0323675192921752
0.101036926410183,0.0321779114615817
0.101157452136753,0.0319884684312944
0.101278190727154,0.0317991877146798
0.101399144338027,0.0316100669516003
0.101520315184855,0.0314211037182139
0.101641705631136,0.0312322953896657
0.101763317980732,0.0310436394646754
0.101885154488414,0.0308551335476876
0.102007217638453,0.0306667749185385
0.102129509885236,0.0304785609358252
0.10225203396452,0.0302904885589323
0.102374792152917,0.0301025554856587
0.102497787260488,0.0299147586290386
0.102621021862206,0.0297270952972728
0.102744498631892,0.0295395626818656
0.102868220539864,0.0293521575608191
0.102992190423821,0.0291648769518492
0.103116411197259,0.0289777177956857
0.103240885849546,0.0287906769574661
0.103365617474549,0.0286037511852875
0.103490609047494,0.0284169374451252
0.103615863888154,0.0282302322288036
0.103741385315693,0.0280436320733637
0.103867176560418,0.0278571336912326
0.103993241244022,0.0276707332592498
0.104119582914179,0.0274844271118349
0.1042462051743,0.0272982115484804
0.104373111618461,0.0271120829300183
0.104500306070326,0.0269260373293203
0.104627792443124,0.0267400707397646
0.104755574861237,0.0265541789001303
0.104883657348353,0.0263683577503315
0.105012044192521,0.0261826029016986
0.105140739666442,0.0259969100451587
0.105269748238889,0.0258112746468365
0.105399074593335,0.0256256919251472
0.105528723319563,0.0254401572954345
0.105658699447218,0.0252546656075072
0.105789007771204,0.0250692121129042
0.105919653625687,0.0248837913629524
0.106050642244444,0.0246983981233979
0.106181978954263,0.0245130270993492
0.106313669638238,0.0243276722859015
0.106445719778121,0.0241423283210438
0.106578135573248,0.023956988913448
0.106710923290257,0.0237716477629885
0.106844089149073,0.0235862987199487
0.106977639924623,0.023400934949957
0.107111582467781,0.0232155496068373
0.107245923605717,0.0230301359709326
0.107380670684721,0.0228446867024573
0.107515831484577,0.022659193968922
0.107651413737366,0.0224736501107379
0.107787425575117,0.0222880470299208
0.107923875552583,0.0221023761668366
0.10806077233851,0.02191662892641
0.108198125054053,0.0217307962228265
0.108335943242835,0.0215448685285066
0.108474236709644,0.0213588360986865
0.108613015805294,0.0211726885946926
0.108752291083788,0.0209864155521751
0.108892073789452,0.0208000057361141
0.109032375650768,0.0206134474278234
0.10917320872333,0.0204267286419371
0.109314585684433,0.0202398367436869
0.109456519969557,0.0200527582812365
0.109599025554661,0.0198654792858944
0.109742117000623,0.0196779852242462
0.109885809808553,0.0194902605459244
0.110030120127365,0.0193022890821271
0.110175065007726,0.0191140537287977
0.110320662173782,0.0189255367592576
0.110466930913158,0.0187367186902019
0.11061389097106,0.0185475797333678
0.110761563465973,0.0183580986313344
0.110909970865214,0.018168252715845
0.111059137196075,0.0179780176655673
0.111209087608166,0.0177873680925437
0.111359849077398,0.0175962766737356
0.111511450227608,0.0174047144125705
0.111663922074116,0.0172126497369403
0.111817297700051,0.0170200489530764
0.111971612619462,0.016826875833704
0.112126904747476,0.0166330917047796
0.112283215673683,0.0164386539134389
0.112440589893171,0.0162435168551044
0.112599075975575,0.0160476305914772
0.112758726566947,0.0158509409328667
0.112919599983552,0.0156533875698323
0.113081759279457,0.0154549053313624
0.113245274658462,0.0152554213488815
0.113410223334639,0.015054855377506
0.113576691619614,0.0148531174224077
0.113744776117494,0.0146501064949125
0.113914585353078,0.014445708881253
0.114086242877108,0.0142397946875485
0.114259888699691,0.0140322164634051
0.114435685256052,0.0138228024802435
0.114613820934409,0.0136113530594674
0.114794517255829,0.0133976326946992
0.114978038376107,0.013181359647659
0.11516470301452,0.0129621929767489
0.115354904448794,0.0127397105053269
0.115549136084034,0.012513380905494
0.115748035590069,0.0122825150666104
0.115952452377273,0.012046191919714
0.116163569599191,0.0118031238024416
0.116383129978541,0.0115514071114272
0.116613923362785,0.011287982727973
0.116861022502544,0.0110072661955037
0.117136084071986,0.0106963705349523
0.117490192941581,0.0102985452950962
0.117820686442652,0.00992969829572654
0.118045388950521,0.00968034182812624
0.11827009145839,0.00943215824548271
0.118467080266724,0.00921549370543279
0.118658416080491,0.00900585640583601
0.118844355848466,0.00880287836077276
0.119027568481219,0.00860359126959898
0.119208575579861,0.00840739415138925
0.119387735829025,0.00821387192951664
0.119565173571492,0.00802286756169326
0.119740965241012,0.00783427766363995
0.119915168085443,0.00764802074971208
0.120087838590529,0.00746401721043072
0.120259035929622,0.00728218560516658
0.120428821225472,0.00710244347057043
0.120597256313779,0.00692470864160261
0.120764402037237,0.00674890103930151
0.120930317615882,0.006574943296216
0.121095059244906,0.00640276217483954
0.121258680641448,0.006232287931313
0.121421231909009,0.00606345543503184
0.121582760872216,0.0058962027139208
0.121743311700015,0.00573047232104179
0.121902925992239,0.00556621014625039
0.12206164288488,0.0054033652539936
0.122219498529294,0.00524189036472203
0.122376527117342,0.00508174075375831
0.12253276088165,0.00492287421004767
0.122688229615337,0.00476525148335066
0.122842961410384,0.00460883549376373
0.122996983081902,0.00445359087069636
0.123150319263166,0.0042994848348144
0.123302993824994,0.00414648573913889
0.123455028565632,0.00399456435842424
0.123606444529938,0.00384369254141298
0.123757261445162,0.00369384375377085
0.123907498087485,0.00354499269201247
0.124057172370749,0.0033971151776668
0.124206301042271,0.00325018844024616
0.124354900270924,0.00310419052010963
0.124502984982026,0.00295910090734208
0.124650570052513,0.00281489935513826
0.124797669103802,0.00267156705002078
0.124944295364472,0.00252908575532007
0.12509046123594,0.00238743822293583
0.125236178964277,0.00224660753126718
0.125381459724772,0.00210657796163097
0.125526314753691,0.00196733389566844
0.125670754427423,0.00182886069499824
0.125814789038653,0.00169114394722228
0.12595842786529,0.00155417034935068
0.126101680695386,0.00141792624466083
0.12624455602702,0.00128239933214158
0.126387062631683,0.00114757717223016
0.126529208733657,0.00101344796104394
0.126671002320487,0.000880000230691569
0.126812451024768,0.000747222955559707
0.126953562425574,0.000615105264654914
0.127094343213298,0.000483637218666705
0.127234800537968,0.000352808543792521
0.127374940957578,0.000222609611173069
0.127514770828097,9.30310683949498e-05
0.127654296556112,-3.59363976317195e-05
0.127793523823077,-0.000164301346693901
0.127932458798658,-0.000292072709126567
0.128071106725718,-0.000419258485064189
0.128209473054194,-0.000545866791645394
0.128347563229163,-0.000671905669169942
0.128485382131983,-0.000797382573456629
0.128622934774182,-0.000922305012244024
0.1287602260115,-0.00104668028623961
0.128897260478211,-0.00117051543211014
0.129034042782541,-0.00129381740163104
0.129170577019395,-0.00141659262496452
0.129306867706249,-0.00153884785553457
0.129442918973568,-0.00166058944292755
0.129578734813933,-0.00178182355927706
0.129714319002863,-0.001902556131061
0.129849675660418,-0.00202279334055164
0.129984808158558,-0.00214254065555541
0.130119720333623,-0.00226180390812838
0.130254415687995,-0.00238058858763202
0.130357508962902,-0.00247129728484566
0.130357508962904,-0.0024712972848478
0.130491990845141,-0.00258924004871311
0.130622057984723,-0.0027031783063321
0.13075579352178,-0.00282007703327281
0.130889876660329,-0.00293700693181284
0.13102393360709,-0.00305363524086602
0.131157777249706,-0.00316979931126291
0.131291370518123,-0.00328546907923982
0.13142471047434,-0.00340064462485165
0.131557805380485,-0.00351533576645652
0.131690665080823,-0.00362955359870026
0.131823299566138,-0.00374330922270263
0.131955717811997,-0.00385661274927207
0.132087927751991,-0.00396947328854527
0.132219936723368,-0.00408189934364706
0.132351751005642,-0.00419389842902856
0.132483376369097,-0.00430547754855282
0.132614818038654,-0.00441664317338983
0.132746080846687,-0.00452740137876739
0.132877168810524,-0.00463775749459935
0.13300808624378,-0.00474771704782179
0.133138836529365,-0.00485728473458596
0.133269423034207,-0.00496646519384156
0.133399848919649,-0.00507526285150126
0.133530117298706,-0.00518368205422144
0.133660230730072,-0.00529172665097372
0.133790191988592,-0.00539940063664832
0.133920003378758,-0.00550670758432688
0.134049667394813,-0.00561365119389368
0.134179186175551,-0.0057202348430504
0.134308561925789,-0.0058264619365395
0.134437796554767,-0.00593233561030776
0.134566892167687,-0.00603785913593771
0.134695850591386,-0.0061430355330639
0.134824673743735,-0.00624786787228486
0.134953363496136,-0.00635235916343188
0.135081921388114,-0.00645651212503721
0.135210349143735,-0.0065603296045729
0.135338648407677,-0.00666381436481933
0.135466820711632,-0.00676696905755235
0.135594867767658,-0.00686979646019971
0.135722790971598,-0.00697229907702848
0.135850591826867,-0.00707447948031233
0.135978271839102,-0.00717634022599745
0.136105832383539,-0.00727788374826456
0.136233274780788,-0.00737911242083816
0.136360600425579,-0.00748002865971086
0.136487810670087,-0.00758063483058406
0.136614906807235,-0.00768093323609451
0.136741890069124,-0.00778092611519268
0.13686876183787,-0.00788061580942634
0.136995523403795,-0.00798000457251279
0.137122175768842,-0.00807909441722424
0.137248720254267,-0.00817788759198489
0.13737515805116,-0.00827638622895122
0.137501490335482,-0.00837459243417255
0.137627718078396,-0.00847250814082061
0.137753842515377,-0.00857013547381276
0.137879864809034,-0.00866747648791434
0.138005785777437,-0.00876453295874841
0.138131606706263,-0.00886130700986507
0.138257328597332,-0.00895780053334296
0.138382952511225,-0.00905401545375285
0.138508479568881,-0.00914995372931218
0.138633910376993,-0.00924561691339543
0.13875924632948,-0.00934100714839171
0.138884488320289,-0.0094361261835887
0.139009637215629,-0.00953097573569842
0.139134694042733,-0.00962555763229278
0.139259659651987,-0.00971987355596304
0.139384534952011,-0.00981392522243908
0.139509320980161,-0.00990771443343817
0.139634018465385,-0.0100012427480333
0.139758628424011,-0.0100945119304821
0.139883151561755,-0.0101875235021503
0.140007588947678,-0.0102802792456306
0.140131941170918,-0.0103727805755851
0.140256209336587,-0.0104650292807364
0.14038039391471,-0.0105570266685125
0.140504496059253,-0.0106487745436883
0.140628516490772,-0.0107402743804852
0.140752455833383,-0.0108315275727874
0.140876315003263,-0.0109225357206241
0.141000094588637,-0.0110133001739874
0.141123795525236,-0.0111038225288797
0.141247418664877,-0.0111941043104985
0.141370964648437,-0.0112841468809122
0.141494434141942,-0.0113739516121601
0.141617827810912,-0.0114635198677954
0.141741146340408,-0.0115528530174752
0.141864390661624,-0.0116419526007065
0.14198756137727,-0.011730819910832
0.14211065908347,-0.0118194562285453
0.14223368446967,-0.0119078628941116
0.142356638281631,-0.0119960412803928
0.142479521072592,-0.0120839926143712
0.142602333682813,-0.0121717183207854
0.142725076484667,-0.0122592194825642
0.142847750301057,-0.0123464974967205
0.142970355819603,-0.0124335536563206
0.143092893547439,-0.01252038911885
0.143215364060114,-0.0126070050834152
0.143337768035058,-0.0126934028142473
0.143460106090022,-0.0127795835263151
0.143582378704567,-0.0128655483303838
0.143704586551082,-0.0129512984661627
0.143826730287076,-0.0130368351559719
0.143948810319573,-0.013122159440005
0.144070827290643,-0.0132072725164479
0.144192781661739,-0.0132921754511167
0.144314674176293,-0.0133768694997088
0.144436505264979,-0.0134613556940118
0.144558275298911,-0.0135456350186193
0.144679985195359,-0.0136297088300337
0.144801635169268,-0.0137135779930833
0.144923225939789,-0.0137972437143898
0.145044757979391,-0.0138807070247025
0.145166231504569,-0.0139639687734276
0.145287647507048,-0.0140470303357366
0.145409006190888,-0.0141298925416171
0.145530308135545,-0.0142125564718768
0.145651553847741,-0.014295023152165
0.1457727437427,-0.0143772935403394
0.145893878386364,-0.0144593686911418
0.146014958217938,-0.0145412495679144
0.146135983638161,-0.0146229371027188
0.146256955189213,-0.014704432317902
0.146377873321097,-0.0147857361683684
0.146498738430791,-0.0148668495682084
0.146619551119718,-0.0149477735635611
0.146740311754704,-0.0150285090381297
0.146861020679273,-0.0151090568551831
0.14698167842355,-0.0151894179977615
0.147102285390557,-0.0152695933592763
0.14722284187274,-0.0153495837549292
0.147343348592431,-0.0154293902803746
0.147463805822009,-0.015509013728114
0.147584213919587,-0.0155884549427345
0.147704573216726,-0.0156677147470238
0.147824884444263,-0.0157467942220287
0.147945147792017,-0.0158256940881877
0.148065363668141,-0.0159044152048316
0.148185532507589,-0.0159829584445243
0.148305654553452,-0.0160613245501181
0.148425730340262,-0.0161395144503987
0.148545760189932,-0.0162175289312721
0.148665744687287,-0.0162953689450307
0.148785683896417,-0.0163730351018151
0.148905578347213,-0.0164505283095628
0.149025428432096,-0.0165278493831567
0.149145234542526,-0.0166049991325523
0.149264996939288,-0.0166819782795001
0.149384716080552,-0.0167587876687114
0.149504392168075,-0.0168354279764647
0.149624025627477,-0.0169119000186586
0.149743616967691,-0.0169882046603837
0.14986316644255,-0.0170643425997707
0.149982674151117,-0.0171403144328344
0.150102140740856,-0.0172161211007655
0.150221566368467,-0.0172917632293831
0.150340951549336,-0.0173672416678985
0.150460296491065,-0.0174425570671319
0.150579601562844,-0.017517710176296
0.150698867159128,-0.0175927017568727
0.150818093356867,-0.0176675323672027
0.15093728064606,-0.0177422028216404
0.151056429421079,-0.0178167138709569
0.151175539855828,-0.0178910661243882
0.151294612386968,-0.017965260351831
0.151413647105313,-0.0180392971043708
0.151532644633449,-0.018113177260528
0.151651605063422,-0.0181869013658458
0.151770528740924,-0.0182604701198366
0.151889415916459,-0.0183338841600026
0.152008266922498,-0.0184071441712702
0.152127082032325,-0.0184802507988649
0.152245861650087,-0.0185532047652471
0.152364605839755,-0.0186260065807729
0.152483315152766,-0.0186986570516372
0.152601989688232,-0.018771156703967
0.152720629807299,-0.0188435062209397
0.152839235882457,-0.0189157062895299
0.152957807956383,-0.0189877573928791
0.153076346500073,-0.0190596602716045
0.1531948516848,-0.0191314154815012
0.153313323791664,-0.0192030236419397
0.153431763170435,-0.0192744854108809
0.15355016997124,-0.0193458013228839
0.153668544599464,-0.0194169720634045
0.15378688713203,-0.0194879981175796
0.153905197873262,-0.0195588801044121
0.154023477169104,-0.019629618665088
0.154141725134778,-0.0197002142999673
0.154259942185312,-0.0197706676856987
0.15437812859148,-0.0198409794100545
0.154496284449171,-0.0199111499539947
0.154614410130763,-0.0199811799601689
0.154732505805679,-0.0200510699482602
0.154850571705467,-0.0201208204721384
0.154968608093534,-0.0201904321019796
0.155086615336954,-0.0202599054664005
0.155204593449285,-0.0203292409832538
0.155322542750328,-0.0203984392480542
0.155440463573889,-0.0204675008620273
0.155558356071475,-0.0205364263169561
0.155676220524946,-0.0206052161783479
0.155794056925006,-0.0206738708395067
0.155911865840866,-0.0207423910285014
0.156029647393179,-0.0208107772098151
0.156147401778161,-0.0208790298892636
0.15626512917548,-0.0209471495608575
0.156382829862099,-0.0210151367726423
0.156500504047445,-0.0210829920312871
0.156618151856915,-0.0211507157927273
0.156735773642386,-0.0212183086410519
0.156853369342349,-0.0212857709205892
0.15697093957232,-0.0213531033618704
0.157088484240848,-0.0214203062881028
0.157206003788293,-0.021487380324266
0.157323498223381,-0.0215543258468046
0.157440967967272,-0.021621143464952
0.157558413031573,-0.021687833552774
0.15767583371194,-0.0217543966435427
0.157793230199269,-0.0218208332090546
0.157910602514836,-0.0218871436230736
0.158027951197868,-0.0219533285499676
0.158145276249277,-0.0220193883481628
0.158262577660747,-0.0220853233689401
0.158379855922825,-0.0221511342422812
0.158497111155808,-0.0222168213881774
0.158614343710874,-0.0222823853536409
0.158731553491386,-0.0223478264331911
0.158848740830219,-0.0224131451593887
0.158965905951334,-0.0224783420021671
0.159083048948801,-0.0225434173571055
0.159200170059228,-0.0226083716970889
0.15931726944748,-0.0226732054533183
0.159434347410606,-0.0227379191281815
0.15955140395432,-0.0228025130610751
0.159668439475279,-0.0228669878052654
0.159785453780644,-0.0229313435874729
0.159902447460573,-0.0229955810633282
0.16001942033061,-0.0230597004612674
0.160136372891637,-0.0231237023835321
0.16025330516746,-0.0231875871693957
0.160370217345597,-0.0232513552456795
0.160487109623237,-0.0233150070427868
0.160603982022525,-0.0233785428940896
0.160720834866919,-0.0234419632951297
0.160837668266515,-0.0235052686238647
0.160954482525274,-0.0235684593614136
0.161071277612623,-0.0236315358061524
0.161188053872615,-0.0236944984571233
0.161304811375513,-0.0237573476640378
0.161421550179223,-0.0238200837683074
0.161538270622088,-0.0238827072605347
0.161654972667512,-0.0239452184284781
0.16177165673561,-0.0240076178028559
0.161888322863535,-0.024069905707819
0.162004971232613,-0.024132082542764
0.162121601947791,-0.0241941486648636
0.162238215267652,-0.024256104511461
0.162354811302945,-0.0243179504396976
0.162471390159028,-0.0243796868022599
0.162587952033518,-0.0244413139992145
0.16270449693234,-0.024502832327809
0.162821025153502,-0.024564242238025
0.162937536764187,-0.024625544056659
0.163054032053853,-0.0246867382258302
0.163170510985687,-0.0247478250147219
0.163286973997716,-0.0248088049400057
0.16340342083423,-0.0248696781536031
0.163519852001017,-0.0249304452041253
0.163636267526643,-0.0249911063896028
0.163752667546897,-0.0250516620622872
0.163869052100283,-0.0251121125225217
0.163985421470407,-0.0251724581966243
0.164101775730466,-0.0252326994003286
0.164218115064768,-0.0252928365054014
0.164334439531626,-0.025352869817107
0.164450749362612,-0.0254127997287533
0.16456704468099,-0.025472626576414
0.164683325528868,-0.0255323506530046
0.164799592051777,-0.0255919723033249
0.164915844623489,-0.0256514919878341
0.16503208312897,-0.0257109099151652
0.165148307799514,-0.0257702264696581
0.165264518824967,-0.0258294420132545
0.165380716101685,-0.0258885567569845
0.165496899926051,-0.0259475711142455
0.165613070471756,-0.026006485434827
0.165729227820262,-0.0260653000202485
0.165845372176797,-0.0261240152333554
0.165961503431559,-0.0261826312765065
0.166077621999884,-0.026241148615958
0.166193727789621,-0.0262995674609337
0.166309821130212,-0.0263578882314269
0.166425901985755,-0.0264161111626561
0.166541970519211,-0.0264742365883384
0.166658026924678,-0.0265322648566256
0.166774071293666,-0.026590196263049
0.166890103853074,-0.0266480311694166
0.16700612436847,-0.0267057697064292
0.167122133297488,-0.0267634123482112
0.167238130746391,-0.026820959393067
0.167354116689376,-0.0268784110723378
0.167470091174421,-0.0269357676529219
0.167586054576621,-0.0269930295624813
0.167702006888697,-0.0270501970385268
0.167817948122362,-0.0271072703266946
0.167933878583613,-0.0271642498164988
0.168049798268093,-0.0272211357437198
0.168165707438824,-0.0272779284741045
0.1682816060925,-0.0273346282417447
0.168397494324685,-0.0273912353279838
0.168513372157409,-0.0274477499773186
0.168629239935499,-0.0275041725906344
0.16874509761372,-0.0275605033776555
0.168860945467334,-0.0276167427027113
0.168976783390296,-0.0276728907439634
0.16909261158329,-0.0277289478272399
0.169208430224704,-0.0277849142665987
0.169324239324759,-0.0278407902936509
0.169440039077894,-0.0278965762278274
0.169555829522945,-0.0279522723125682
0.169671610795804,-0.0280078788369429
0.169787383048577,-0.0280633960967846
0.169903146278111,-0.0281188243124035
0.170018900590495,-0.0281741637554705
0.170134646126599,-0.0282294147133724
0.170250383044077,-0.0282845774804498
0.170366111418172,-0.028339652310657
0.170481831524179,-0.0283946395520477
0.170597543207941,-0.0284495393475232
0.170713246738529,-0.0285043520398476
0.170828942089023,-0.0285590778307055
0.170944629363096,-0.0286137169825802
0.171060308776937,-0.0286682698102088
0.17117598039294,-0.0287227365547267
0.171291644279745,-0.0287771174591703
0.171407300464231,-0.0288314127460737
0.171522949117217,-0.0288856227047013
0.17163859035031,-0.028939747595621
0.171754224357472,-0.028993787716886
0.171869851012315,-0.0290477432158406
0.171985470571103,-0.0291016144175508
0.172101083070881,-0.0291554015441034
0.17221668857366,-0.029209104828216
0.172332287350986,-0.029262724599056
0.172447879298297,-0.0293162610103415
0.172563464537821,-0.029369714319947
0.172679043357024,-0.0294230848613767
0.172794615650606,-0.0294763727857236
0.172910181619759,-0.0295295783844713
0.173025741347945,-0.029582701894103
0.173141294679546,-0.02963574344032
0.173256841939079,-0.0296887033685513
0.173372383239649,-0.0297415819264886
0.173487918790509,-0.0297943794046683
0.173603448341088,-0.0298470958825505
0.173718972101259,-0.0298997316490448
0.173834490442001,-0.0299522870657823
0.173950003131705,-0.0300047622191114
0.174065510363092,-0.0300571573872811
0.17418101212378,-0.0301094727549202
0.174296508724823,-0.0301617086523017
0.174412000077695,-0.0302138652280755
0.174527486363923,-0.0302659427519452
0.174642967580466,-0.030317941409668
0.174758443764865,-0.030369861404498
0.174873915178756,-0.0304217030397364
0.174989381808233,-0.0304734664940927
0.175104843656956,-0.0305251519532895
0.175220300877286,-0.0305767596689796
0.175335753660363,-0.0306282899093722
0.17545120199626,-0.0306797428520015
0.175566645890416,-0.0307311186804574
0.175682085638105,-0.0307824177066553
0.175797521156007,-0.0308336400734339
0.175912952535661,-0.0308847860003956
0.176028380015956,-0.0309358557717796
0.176143803473607,-0.0309868495107369
0.176259223124745,-0.0310377674896137
0.176374638900518,-0.0310886098544039
0.17649005095445,-0.0311393768483301
0.176605459559241,-0.0311900687663282
0.176720864513678,-0.0312406856942527
0.176836266056005,-0.0312912279099802
0.176951664212045,-0.0313416955977758
0.177067059020805,-0.0313920889468747
0.177182450511196,-0.031442408141478
0.17729783901378,-0.0314926534966515
0.177413224359447,-0.0315428251090458
0.177528606738843,-0.0315929232309605
0.177643986177184,-0.0316429480423105
0.177759362745099,-0.0316928997419607
0.177874736530917,-0.031742778535792
0.177990107650751,-0.0317925846409982
0.178105476254833,-0.0318423182887409
0.178220842292607,-0.0318919796228472
0.178336205774512,-0.0319415688127639
0.178451566930233,-0.0319910861216648
0.178566925736069,-0.0320405317032594
0.178682282311076,-0.0320899057716918
0.178797636649952,-0.0321392084872743
0.178912988922264,-0.0321884400844128
0.17902833909545,-0.0322376007106043
0.179143687363074,-0.0322866906090336
0.17925903385173,-0.0323357099937107
0.179374378466943,-0.0323846589839075
0.179489721471487,-0.032433537849887
0.179605062715109,-0.0324823466862929
0.179720402343449,-0.0325310857123462
0.179835740441902,-0.0325797551213294
0.179951077130752,-0.0326283551205411
0.180066412404143,-0.0326768858634401
0.18018174633922,-0.0327253475377907
0.180297079036467,-0.0327737403406096
0.180412410570553,-0.0328220644574346
0.180527740821398,-0.0328703199915886
0.180643070158053,-0.0329185072505384
0.180758398546929,-0.0329666263728726
0.180873726088092,-0.0330146775521051
0.180989052692387,-0.0330626609023779
0.181104378542246,-0.0331105766503287
0.181219703658906,-0.0331584249551091
0.181335028119574,-0.0332062059984335
0.181450352001942,-0.0332539199616505
0.181565675377645,-0.0333015670229959
0.181680998394192,-0.0333491473914328
0.18179632102625,-0.0333966612039656
0.181911643355302,-0.0334441086410108
0.182026965358353,-0.0334914898395188
0.182142287193732,-0.0335388050104233
0.182257608852864,-0.0335860542956439
0.182372930480457,-0.0336332378992918
0.182488252164162,-0.0336803560015616
0.182603573929776,-0.0337274087567171
0.182718895794958,-0.0337743963151438
0.182834217823489,-0.0338213188455413
0.182949540263755,-0.033868176591196
0.183064862887686,-0.0339149696011509
0.183180185993127,-0.0339616981372892
0.183295509592467,-0.0340083623453943
0.183410833694686,-0.0340549623691556
0.18352615830853,-0.0341014983517044
0.183641483516537,-0.0341479704655225
0.183756809332872,-0.0341943788550682
0.183872136010618,-0.0342407237604053
0.183987463438216,-0.0342870052744528
0.184102791815738,-0.0343332236145654
0.184218121121024,-0.0343793789085767
0.18433345135125,-0.034425471291481
0.184448782708282,-0.0344715009796656
0.184564115073124,-0.0345174680609374
0.184679448662162,-0.0345633727562342
0.18479478344861,-0.0346092151892608
0.184910119491559,-0.0346549955172662
0.185025456968676,-0.0347007139441138
0.185140795766391,-0.0347463705576623
0.185256135956896,-0.0347919655188044
0.18537147771753,-0.0348374990296498
0.185486821053153,-0.0348829712236431
0.185602165917156,-0.0349283822133666
0.185717512581069,-0.0349737322362526
0.185832860943237,-0.0350190213824986
0.185948211223324,-0.0350642498678506
0.186063563288948,-0.0351094177695768
0.186178917273407,-0.0351545252684719
0.186294273203371,-0.0351995725032912
0.186409631166482,-0.0352445596360852
0.186524991198686,-0.0352894868082711
0.186640353379418,-0.0353343541777073
0.186755717811111,-0.0353791619107196
0.186871084445837,-0.035423910114717
0.186986453361776,-0.0354685989455754
0.187101824625868,-0.035513228554444
0.187217198172079,-0.0355577990405688
0.187332574262164,-0.0356023106294176
0.187447952928984,-0.0356467634576703
0.187563334141737,-0.0356911576368322
0.187678717906274,-0.0357354932921193
0.187794104391827,-0.0357797706111936
0.187909493706876,-0.0358239897579307
0.188024885684602,-0.0358681507901249
0.188140280442481,-0.0359122538740014
0.188255678122084,-0.0359562991847333
0.188371078762484,-0.0360002868578305
0.188486482454828,-0.0360442170481091
0.188601889172555,-0.036088089865119
0.188717298930525,-0.0361319054337404
0.188832711774111,-0.0361756638901196
0.188948127792752,-0.0362193653867361
0.189063547177534,-0.0362630101141017
0.189178969766919,-0.0363065981288378
0.189294395686783,-0.0363501295956611
0.189409824980651,-0.0363936046479707
0.189525257658949,-0.0364370234062397
0.189640693844589,-0.0364803860328525
0.189756133583901,-0.0365236926610033
0.18987157683839,-0.0365669433915844
0.189987023841136,-0.0366101384268586
0.190102474493176,-0.0366532778444241
0.190217928910306,-0.0366963618016244
0.190333387110616,-0.0367393904190288
0.190448849010557,-0.0367823637789067
0.190564314816575,-0.0368252820711628
0.190679784590122,-0.0368681454314494
0.190795258414515,-0.0369109540029653
0.190910736209147,-0.0369537078676894
0.191026218033327,-0.0369964071590508
0.191141704075098,-0.0370390520578027
0.191257194287274,-0.037081642657365
0.191372688721235,-0.0371241790870251
0.191488187414897,-0.0371666614708026
0.191603690403812,-0.037209089931479
0.191719197784556,-0.0372514646138835
0.191834709433302,-0.0372937855816003
0.191950225566077,-0.037336053022397
0.192065746216471,-0.0373782670569773
0.192181271362398,-0.0374204277851716
0.192296801093149,-0.0374625353471112
0.192412335591097,-0.0375045899165141
0.192527874637853,-0.0375465915207387
0.192643418386752,-0.0375885403219153
0.192758966896649,-0.0376304364477016
0.192874520172269,-0.0376722800056782
0.1929900783191,-0.0377140711395403
0.193105641429271,-0.0377558099877843
0.193221209396761,-0.0377974966168921
0.193336782433049,-0.0378391312075361
0.193452360495372,-0.0378807138484942
0.193567943693077,-0.0379222446828034
0.193683531921922,-0.0379637237764385
0.193799125336356,-0.0380051512878796
0.193914723860964,-0.0380465272929654
0.19403032773032,-0.0380878519781035
0.194145936805189,-0.03812912539573
0.194261551258568,-0.038170347709316
0.194377171087975,-0.0382115190195104
0.194492796427549,-0.0382526394751716
0.194608427211191,-0.0382937091535832
0.194724063432507,-0.0383347281528676
0.194839705193619,-0.0383756966094342
0.194955352535305,-0.0384166146376567
0.195071005402115,-0.0384574823174733
0.195186664043084,-0.0384982998361223
0.195302328492814,-0.0385390673048069
0.195417998639271,-0.0385797847825108
0.195533674502453,-0.0386204523744336
0.195649356335659,-0.0386610702676368
0.195765043952492,-0.0387016384943976
0.195880737551843,-0.0387421572216817
0.19599643703286,-0.0387826265112746
0.196112142515789,-0.0388230465019169
0.196227854145233,-0.0388634173406147
0.196343571789576,-0.0389037390775592
0.19645929565213,-0.0389440118792968
0.196575025573098,-0.0389842357857702
0.196690761787891,-0.0390244109739267
0.196806504206675,-0.0390645375075796
0.196922252785612,-0.0391046154660718
0.197038007684193,-0.0391446449989925
0.197153769037493,-0.0391846262472104
0.197269536805066,-0.039224559290492
0.197385310877672,-0.039264444184492
0.19750109154853,-0.0393042811233531
0.197616878751777,-0.0393440701773886
0.197732672480989,-0.0393838114368443
0.197848472765003,-0.039423505003864
0.197964279708834,-0.0394631510064662
0.198080093318527,-0.0395027495384691
0.198195913556402,-0.0395423006783914
0.198311740657527,-0.0395818045976529
0.198427574552243,-0.039621261363423
0.19854341518239,-0.0396606710463516
0.198659262740496,-0.0397000338022167
0.198775117279007,-0.0397393497389349
0.198890978682544,-0.0397786189070221
0.199006847048991,-0.039817841429029
0.199122722436747,-0.0398570174139775
0.199238604831347,-0.0398961469459133
0.199354494276862,-0.0399352301283595
0.199470390890658,-0.0399742670893154
0.199586294647915,-0.0400132579085581
0.199702205558882,-0.040052202677324
0.199818123746865,-0.0400911015246183
0.199934049172167,-0.0401299545244546
0.200049981913939,-0.0401687617903503
0.200165921992038,-0.0402075234157406
0.200281869484614,-0.0402462395132422
0.200397824337109,-0.0402849101508732
0.200513786635689,-0.04032353544331
0.200629756396604,-0.0403621154817309
0.200745733743708,-0.0404006503928054
0.200861718575201,-0.0404391402279215
0.200977711118572,-0.0404775851474492
0.201093711235876,-0.0405159851903988
0.201209719033885,-0.0405543404764266
0.201325734499024,-0.0405926510852503
0.201441757686047,-0.040630917118859
0.201557788664868,-0.0406691386840071
0.201673827495418,-0.0407073158838619
0.201789874080486,-0.0407454487695724
0.201905928598402,-0.0407835374826034
0.202021990916401,-0.0408215820621183
0.202138061294327,-0.0408595826756684
0.202254139535082,-0.0408975393409865
0.202370225834753,-0.0409354522040164
0.202486320166369,-0.0409733213377251
0.202602422631697,-0.0410111468567075
0.202718533081925,-0.041048928793672
0.202834651722788,-0.0410866672964705
0.202950778573286,-0.0411243624521082
0.203066913626536,-0.0411620143387876
0.203183057015322,-0.0411996230797518
0.203299208492807,-0.0412371886750565
0.203415368290686,-0.0412747112793197
0.203531536387852,-0.0413121909654305
0.203647712963423,-0.0413496278704916
0.203763897990883,-0.0413870220650483
0.203880091401639,-0.0414243736057346
0.203996293349622,-0.0414616826205641
0.204112503699195,-0.041498949144389
0.204228722600707,-0.0415361733035035
0.204344950132373,-0.0415733552009579
0.204461186202906,-0.0416104948852134
0.204577430958256,-0.0416475924802892
0.204693684278246,-0.041684648025098
0.204809946400973,-0.0417216616724909
0.204926217239185,-0.0417586334715433
0.20504249680583,-0.0417955635028185
0.205158785049444,-0.0418324518262903
0.205275082152783,-0.0418692985760752
0.205391388128628,-0.0419061038322213
0.205507703046311,-0.0419428676923021
0.205624026962408,-0.0419795902496064
0.205740359692648,-0.0420162715211001
0.205856701453946,-0.0420529116500957
0.205973052188862,-0.0420895106934039
0.206089411973013,-0.0421260687493453
0.206205780843956,-0.0421625859040994
0.206322158779599,-0.0421990622248613
0.206438545846888,-0.0422354978065203
0.206554942027669,-0.042271892717135
0.206671347449347,-0.0423082470700495
0.206787762258754,-0.0423445609844547
0.206904186171319,-0.0423808344445925
0.207020619361472,-0.0424170675775055
0.207137061777737,-0.0424532604399567
0.20725351352668,-0.042489413137551
0.207369974695891,-0.0425255257698175
0.207486445283413,-0.0425615984082021
0.207602925413943,-0.0425976311631043
0.207719414997199,-0.0426336240781797
0.207835913936563,-0.0426695771948678
0.207952422493918,-0.0427054906652075
0.208068940571325,-0.0427413645301505
0.208185468237151,-0.0427771988814787
0.208302005545542,-0.0428129938064681
0.208418552490749,-0.0428487493737493
0.208535109115037,-0.042884465666459
0.208651675355074,-0.0429201427351898
0.208768251321841,-0.0429557806837117
0.208884837043415,-0.0429913795903016
0.209001432590548,-0.0430269395459893
0.209118038027944,-0.0430624606397258
0.209234653251928,-0.0430979429088969
0.209351278338188,-0.0431333864452745
0.209467913327043,-0.043168791329787
0.2095845581922,-0.0432041576229062
0.209701212983131,-0.0432394854078793
0.209817877800846,-0.0432747747834066
0.209934552773019,-0.0433100258560114
0.210051237621966,-0.0433452386094114
0.210167932519021,-0.0433804131626511
0.210284637576017,-0.0434155496168818
0.210401352592479,-0.0434506479788845
0.210518077829821,-0.0434857083941446
0.210634813314279,-0.043520730937429
0.210751558884865,-0.0435557156269254
0.210868314755998,-0.043590662593179
0.210985080979667,-0.0436255719180335
0.211101857415397,-0.0436604436254194
0.211218644151006,-0.0436952778072691
0.211335441289469,-0.0437300745599872
0.211452248601145,-0.0437648338806133
0.211569066371475,-0.0437995559193087
0.211685894598614,-0.0438342407407938
0.211802733296369,-0.0438688884140335
0.211919582380533,-0.043903498978729
0.212036442068813,-0.0439380725638896
0.212153312227136,-0.04397260919429
0.212270192902091,-0.044007108947797
0.212387084209338,-0.0440415719226114
0.212503986171856,-0.0440759981893883
0.212620898787731,-0.0441103878111773
0.212737821998151,-0.0441447408341025
0.212854755843585,-0.0441790573333389
0.212971700471663,-0.0442133374154191
0.21308865567742,-0.0442475810832766
0.213205621705396,-0.0442817884712549
0.213322598512385,-0.044315959629487
0.213439586139794,-0.0443500946324841
0.213556584607437,-0.0443841935483096
0.213673593957011,-0.0444182564512212
0.21379061424102,-0.0444522834184432
0.21390764539035,-0.0444862744916293
0.214024687567661,-0.0445202297795898
0.214141740665787,-0.044554149312708
0.214258804712178,-0.0445880331601317
0.214375879718241,-0.0446218813863006
0.214492965728535,-0.0446556940650901
0.214610062881845,-0.0446894712974268
0.214727171171612,-0.0447232131420763
0.214844290585762,-0.0447569196559345
0.214961421034226,-0.0447905908732994
0.215078562672678,-0.0448242268990344
0.215195715601987,-0.0448578278221737
0.21531287958488,-0.0448913936344405
0.215430054898114,-0.0449249244746714
0.215547241451411,-0.0449584203766492
0.215664439313907,-0.0449918814193889
0.215781648383017,-0.0450253076327645
0.215898868859108,-0.0450586991329096
0.216016100670245,-0.0450920559582726
0.216133343802571,-0.0451253781635385
0.216250598470048,-0.0451586658680752
0.216367864419159,-0.0451919190583318
0.216485141928658,-0.0452251378714697
0.216602430881185,-0.0452583223324318
0.216719731425869,-0.045291472541243
0.21683704344684,-0.0453245885229256
0.216954366940474,-0.045357670333969
0.217071702081787,-0.0453907180812162
0.21718904878834,-0.0454237317988215
0.217306407076777,-0.0454567115485498
0.217423776958283,-0.0454896573905561
0.21754115855229,-0.0455225694152541
0.217658551823161,-0.0455554476693962
0.217775956882739,-0.0455882922408162
0.21789337372224,-0.0456211031834549
0.218010802308749,-0.0456538805442811
0.218128242660373,-0.0456866243843887
0.218245694777469,-0.0457193347598275
0.21836315866359,-0.0457520117274048
0.218480634393629,-0.0457846553636541
0.218598122126907,-0.0458172657684311
0.218715621690729,-0.0458498429491705
0.218833133246692,-0.0458823870057748
0.218950656712597,-0.045914897970592
0.219068192175577,-0.0459473759225937
0.219185739668487,-0.0459798209256678
0.219303299110925,-0.0460122330122301
0.21942087056129,-0.0460446122528353
0.219538454021193,-0.0460769587023344
0.219656049602097,-0.0461092724456434
0.219773657293652,-0.0461415535340409
0.219891277035946,-0.046173802004973
0.220008908924569,-0.0462060179384256
0.220126552985326,-0.0462382013951857
0.220244209257953,-0.0462703524396453
0.220361877735317,-0.0463024711232223
0.220479558489764,-0.0463345575188781
0.220597251560231,-0.0463666116903314
0.220714956847668,-0.0463986336635144
0.220832674425833,-0.0464306235112506
0.220950404315098,-0.0464625812918099
0.221068146619429,-0.0464945070859871
0.221185901266622,-0.0465264009266256
0.221303668236715,-0.0465582628605247
0.221421447692035,-0.0465900929837644
0.221539239500228,-0.0466218913126407
0.221657043808245,-0.0466536579386408
0.221774860640889,-0.0466853929202621
0.221892689888888,-0.0467170962796351
0.222010531687584,-0.0467487681046007
0.222128386077574,-0.0467804084574862
0.22224625295892,-0.046812017362644
0.222364132390075,-0.046843594886774
0.222482024395072,-0.0468751410873202
0.222599929084873,-0.0469066560448396
0.222717846432432,-0.0469381398028247
0.222835776389312,-0.046969592398842
0.222953719081619,-0.0470010139169393
0.223071674397864,-0.0470324043777584
0.223189642387013,-0.0470637638444619
0.223307623137459,-0.0470950923906698
0.223425616702553,-0.0471263900805359
0.223543623047865,-0.0471576569547145
0.223661642109909,-0.0471888930459965
0.223779674092432,-0.0472200984578587
0.223897718913049,-0.0472512732180206
0.224015776585015,-0.0472824173791984
0.224133847194664,-0.0473135310133371
0.224251930742759,-0.047344614169699
0.224370027076143,-0.0473756668568311
0.224488136353034,-0.0474066891650998
0.224606258654663,-0.047437681164653
0.224724393969818,-0.0474686429011286
0.224842542337408,-0.0474995744331068
0.224960703636664,-0.0475304757772362
0.225078878000946,-0.0475613470165366
0.225197065496976,-0.0475921882165951
0.225315265976683,-0.0476229993867059
0.225433479651441,-0.0476537806297419
0.225551706447033,-0.0476845319741721
0.225669946312882,-0.0477152534543522
0.225788199307618,-0.0477459451329761
0.225906465621238,-0.0477766071067914
0.226024745036308,-0.0478072393666922
0.226143037691399,-0.0478378419955636
0.226261343641134,-0.0478684150546167
0.226379662745294,-0.047898958554482
0.226497995089271,-0.0479294725639152
0.226616340871279,-0.0479599571807847
0.226734699914402,-0.0479904124060978
0.226853072255803,-0.0480208382957082
0.226971458080256,-0.0480512349434594
0.227089857249581,-0.0480816023600986
0.227208269808256,-0.0481119406029964
0.227326695718018,-0.0481422497083146
0.227445135069816,-0.0481725297451873
0.22756358784675,-0.0482027807550852
0.227682054174789,-0.0482330028158097
0.227800533876332,-0.0482631959275728
0.227919027192864,-0.0482933601972503
0.228037533992547,-0.048323495636657
0.228156054365149,-0.0483536023137116
0.22827458829415,-0.0483836802693061
0.228393135834007,-0.0484137295621923
0.228511697011853,-0.0484437502440969
0.228630271773117,-0.0484737423459045
0.228748860158775,-0.0485037059225622
0.228867462202186,-0.0485336410270409
0.228986077920331,-0.0485635477080489
0.229104707278583,-0.0485934260011473
0.22922335040745,-0.0486232759834014
0.229342007202438,-0.0486530976726423
0.229460677771339,-0.048682891139889
0.229579362154346,-0.0487126564391536
0.229698060312991,-0.0487423936045291
0.229816772253418,-0.0487721026811568
0.229935498021737,-0.0488017837241234
0.230054237626529,-0.0488314367790329
0.230172991117028,-0.048861061901515
0.230291758424609,-0.0488906591176744
0.230410539785154,-0.048920228529409
0.230529334841341,-0.0489497700908126
0.230648143947942,-0.0489792839328984
0.230766966892088,-0.0490087700457629
0.230885803909672,-0.0490382285305799
0.231004654689162,-0.0490676593527911
0.231123519577531,-0.0490970626407439
0.231242398643685,-0.0491264384540886
0.231361291716572,-0.0491557867927792
0.231480198842651,-0.0491851077103199
0.231599119927541,-0.0492144012255198
0.231718055149398,-0.0492436674242638
0.23183700443331,-0.0492729063301092
0.231955967838226,-0.0493021179993088
0.232074945330062,-0.0493313024652128
0.232193937170178,-0.0493604598335507
0.232312943127836,-0.049389590089317
0.232431963210479,-0.0494186932755518
0.232550997525682,-0.0494477694598808
0.232670046186936,-0.0494768187113009
0.232789109188209,-0.0495058410694381
0.232908186409376,-0.0495348365458945
0.233027277740012,-0.0495638051545599
0.233146383361178,-0.0495927469803019
0.233265503354911,-0.0496216620839275
0.233384637565535,-0.0496505504682751
0.233503786212727,-0.0496794122270853
0.233622949282301,-0.0497082473974377
0.233742126588967,-0.0497370559747325
0.233861318305025,-0.0497658380407793
0.233980524448693,-0.0497945936402272
0.234099745043929,-0.049823322818899
0.23421898009131,-0.0498520256168618
0.234338229635274,-0.0498807020846388
0.234457493582406,-0.0499093522394995
0.234576772074597,-0.0499379761551608
0.234696065015215,-0.0499665738480539
0.234815372540649,-0.0499951453903176
0.234934694673499,-0.0500236908268017
0.235054031298767,-0.0500522101692309
0.235173382427066,-0.0500807034592616
0.235292748278255,-0.0501091707885503
0.235412128733187,-0.0501376121677678
0.235531523751104,-0.0501660276260099
0.235650933430515,-0.0501944172255392
0.235770357816561,-0.0502227810158853
0.235889796797814,-0.0502511190092125
0.236009250590534,-0.0502794312953547
0.236128719017323,-0.0503077178707877
0.236248202089004,-0.0503359787763425
0.236367699931968,-0.0503642140802516
0.23648721251125,-0.0503924238125268
0.236606739831378,-0.0504206080123225
0.236726281994994,-0.0504487667418794
0.236845838933365,-0.0504769000229624
0.2369654107582,-0.0505050079196604
0.23708499733285,-0.0505330904376127
0.237204598792209,-0.0505611476461075
0.237324215045138,-0.0505891795614006
0.237443846228423,-0.0506171862530241
0.237563492228483,-0.0506451677318437
0.237683153256899,-0.0506731240846378
0.237802829198756,-0.0507010553218554
0.237922520131634,-0.0507289614986615
0.238042225971061,-0.0507568426324139
0.238161946715557,-0.0507846987596911
0.238281682506965,-0.0508125299504328
0.238401433254179,-0.0508403362203295
0.238521199141883,-0.0508681176489595
0.23864097993431,-0.0508958742182906
0.238760775826401,-0.0509236060099512
0.238880586876662,-0.0509513130740641
0.23900041295457,-0.0509789954167967
0.239120254178958,-0.0510066531018223
0.239240110439186,-0.0510342861398499
0.239359981687821,-0.0510618945560217
0.239479868271643,-0.0510894784663419
0.239599769963933,-0.0511170378547433
0.239719686964884,-0.0511445728029947
0.239839619139443,-0.0511720833159095
0.239959566511223,-0.0511995694345109
0.240079528930549,-0.0512270311601156
0.240199506629855,-0.0512544685815015
0.240319499421974,-0.0512818816914767
0.240439507729708,-0.0513092706220433
0.2405595312615,-0.0513366353421068
0.24067957003593,-0.0513639758909321
0.240799624051399,-0.0513912923033162
0.240919693494787,-0.0514185846569165
0.241039778216499,-0.0514458529527864
0.241159878269047,-0.0514730972376817
0.241279993872184,-0.0515003175963524
0.241400124785432,-0.0515275140090807
0.241520271051518,-0.0515546865200581
0.241640432736176,-0.0515818351787916
0.241760609828735,-0.0516089600174387
0.241880802365791,-0.0516360610787065
0.242001010301458,-0.051663138386626
0.242121233670351,-0.0516901919832787
0.242241472580586,-0.0517172219272616
0.242361727029959,-0.0517442282522609
0.242481996862574,-0.0517712109572658
0.242602282260207,-0.0517981701169993
0.242722583201312,-0.0518251057606448
0.242842899719571,-0.0518520179295604
0.242963231913625,-0.051878906679574
0.243083579523351,-0.0519057719861993
0.243203942888883,-0.0519326139588906
0.243324321810947,-0.0519594325868643
0.243444716343789,-0.0519862279155413
0.243565126520255,-0.0520129999856413
0.24368555237383,-0.0520397488379359
0.243805993923564,-0.0520664745098918
0.243926450977699,-0.0520931769920727
0.244046923904956,-0.05211985639929
0.24416741248799,-0.0521465127165662
0.244287916866618,-0.0521731460076494
0.244408436777233,-0.0521997562471413
0.244528972446568,-0.0522263435178314
0.244649523975299,-0.0522529078748221
0.244770091320179,-0.0522794493412545
0.244890674437278,-0.0523059679399494
0.245011273360871,-0.0523324637108984
0.245131888099486,-0.0523589366884127
0.245252518594718,-0.0523853868920212
0.245373164905554,-0.0524118143669403
0.245493827101744,-0.0524382191607301
0.245614505305175,-0.0524646013322602
0.24573519937174,-0.052490960882082
0.245855909423754,-0.0525172978688051
0.245976635326613,-0.0525436122949877
0.246097377175027,-0.0525699042130654
0.246218134865417,-0.0525961736323057
0.246338908537245,-0.052622420614761
0.246459698186727,-0.0526486451913457
0.246580503919631,-0.052674847416609
0.246701325537211,-0.0527010272789346
0.2468221631287,-0.0527271848290049
0.246943016884432,-0.0527533201394933
0.247063886642317,-0.0527794332066943
0.247184772370269,-0.0528055240547874
0.247305674223074,-0.0528315927483652
0.247426592033354,-0.0528576392824924
0.247547525932836,-0.05288366371653
0.247668476046613,-0.0529096661084692
0.247789442247298,-0.0529356464618329
0.247910424660421,-0.0529616048343288
0.248031423091963,-0.0529875412150838
0.248152437736106,-0.0530134556763528
0.248273468467991,-0.0530393482221091
0.248394515528892,-0.0530652189345155
0.248515578766086,-0.0530910678114902
0.24863665815248,-0.0531168948775558
0.248757753622376,-0.0531427001490374
0.248878865427768,-0.0531684837099894
0.248999993445123,-0.053194245564464
0.249121137868269,-0.0532199857838031
0.249242298476521,-0.0532457043512264
0.249363475350008,-0.0532714013136532
0.249484668422694,-0.0532970766870891
0.249605877912451,-0.0533227305476336
0.249727103697932,-0.0533483628995298
0.249848345903387,-0.0533739737987608
0.249969604408588,-0.0533995632496493
0.250090879275208,-0.0534251312947895
0.250212170353861,-0.0534506779322785
0.250333477945403,-0.0534762032550221
0.250454801901705,-0.0535017072614418
0.250576142376963,-0.0535271900132763
0.250697499287136,-0.0535526515222269
0.250818872571971,-0.0535780918048261
0.250940262370072,-0.0536035109193168
0.251061668613452,-0.053628908880655
0.251183091260243,-0.0536542857091082
0.251304530328278,-0.0536796414374179
0.251425986009047,-0.053704976134596
0.251547458181808,-0.053730289804416
0.251668946947712,-0.0537555824967153
0.251790452186351,-0.0537808542151938
0.25191197397761,-0.0538061050051198
0.252033512325177,-0.0538313348959521
0.252155067250507,-0.0538565439207377
0.252276638748651,-0.0538817321069802
0.252398226829072,-0.0539068994851021
0.252519831526841,-0.0539320460907789
0.252641452784935,-0.0539571719405701
0.252763090659959,-0.0539822770744472
0.252884745200238,-0.0540073615306601
0.253006416474678,-0.0540324253516151
0.253128104380294,-0.0540574685441885
0.253249809084633,-0.0540824911708585
0.253371530338024,-0.0541074932082862
0.253493268263888,-0.0541324747096503
0.25361502316445,-0.0541574357649782
0.253736794600525,-0.0541823763120702
0.253858582634102,-0.0542072963911462
0.253980387621589,-0.054232196102976
0.254102209342213,-0.0542570754302049
0.254224047770252,-0.0542819343950051
0.25434590306291,-0.0543067730569819
0.254467775141827,-0.0543315914276826
0.254589664103875,-0.0543563895541962
0.254711569929037,-0.0543811674598091
0.25483349243939,-0.054405925135572
0.254955431886058,-0.0544306626596784
0.255077388140138,-0.0544553800332653
0.255199361250374,-0.0544800772932743
0.25532135128296,-0.0545047544802084
0.255443358208831,-0.0545294116152119
0.255565381987105,-0.0545540487169349
0.255687422681002,-0.0545786658250275
0.25580948038621,-0.0546032629856812
0.255931554972065,-0.0546278401993481
0.256053646622939,-0.0546523975298211
0.256175755159936,-0.0546769349678179
0.256297880702581,-0.0547014525638882
0.256420023252853,-0.0547259503450415
0.256542182766946,-0.054750428328975
0.256664359162369,-0.0547748865255691
0.256786552591999,-0.0547993249918425
0.256908763197716,-0.0548237437826359
0.257030990890205,-0.0548481429064044
0.257153235542112,-0.0548725223638291
0.257275497404548,-0.0548968822311297
0.257397776274912,-0.054921222494125
0.257520072160747,-0.0549455431802683
0.25764238523813,-0.0549698443506387
0.257764715495034,-0.0549941260288859
0.257887062820574,-0.0550183882188405
0.258009427326071,-0.0550426309683719
0.258131808964721,-0.055066854294042
0.258254207750064,-0.0550910582242457
0.25837662386216,-0.0551152428203115
0.258499056975834,-0.0551394080436302
0.258621507265028,-0.0551635539539888
0.258743974746179,-0.0551876805802834
0.258866459452004,-0.0552117879544753
0.258988961318993,-0.0552358760894974
0.2591114805472,-0.0552599450500729
0.25923401696039,-0.0552839948269504
0.259356570692427,-0.0553080254715906
0.25947914165958,-0.0553320369928289
0.259601729954507,-0.0553560294339503
0.259724335475213,-0.0553800028001244
0.259846958241587,-0.0554039571202624
0.259969598505538,-0.0554278924686605
0.260092255937247,-0.055451808805951
0.260214930884195,-0.0554757062246847
0.260337622931219,-0.0554995846689228
0.260460332537351,-0.0555234442527094
0.26058305941754,-0.0555472849455488
0.260705803779186,-0.0555711068123227
0.260828565471015,-0.0555949098483819
0.260951344497391,-0.0556186940791007
0.261074140901915,-0.0556424595375133
0.2611969548119,-0.0556662062728388
0.261319786112705,-0.055689934287403
0.261442634880659,-0.0557136436203043
0.261565501141765,-0.055737334300953
0.261688384729199,-0.0557610063214623
0.261811285871837,-0.0557846597501584
0.261934204566329,-0.0558082946107263
0.262057140709888,-0.0558319109075184
0.262180094479078,-0.0558555086985268
0.262303065635428,-0.0558790879620664
0.262426054309212,-0.0559026487470428
0.262549060472632,-0.0559261910721824
0.262672084442207,-0.0559497150220452
0.262795125855014,-0.0559732205511472
0.26291818487645,-0.0559967077147219
0.263041261353596,-0.0560201765074069
0.263164355498848,-0.0560436269934212
0.263287467318734,-0.0560670591978012
0.263410596670172,-0.056090473116898
0.263533743664561,-0.0561138687954208
0.263656908351253,-0.0561372462663502
0.263780090541703,-0.0561606055173696
0.263903290529657,-0.0561839466275987
0.264026508174224,-0.0562072695938512
0.264149743432796,-0.0562305744313134
0.264272996385579,-0.0562538611784505
0.26439626711032,-0.0562771298732697
0.264519555410597,-0.0563003805018936
0.264642861405471,-0.0563236131098761
0.264766185204453,-0.0563468277410726
0.264889526845656,-0.0563700244257822
0.265012886219014,-0.056393203166284
0.265136263226392,-0.0564163639670147
0.265259657979277,-0.0564395068718304
0.265383070549026,-0.0564626319171054
0.265506500798298,-0.0564857390999684
0.265629948981009,-0.0565088284907449
0.265753415007156,-0.0565319000954461
0.265876898752577,-0.0565549539134783
0.266000400405637,-0.0565779900026395
0.266123919776457,-0.0566010083501887
0.266247457217279,-0.0566240090443221
0.266371012378101,-0.0566469920424806
0.266494585527187,-0.0566699574169103
0.266618176472916,-0.0566929051545172
0.266741785437591,-0.0567158353189155
0.266865412223373,-0.0567387478958056
0.266989056812625,-0.0567616429041215
0.26711271936968,-0.0567845203966062
0.267236399826211,-0.0568073803829266
0.267360098274727,-0.0568302229023432
0.267483814677637,-0.0568530479700707
0.267607548947798,-0.0568758555920729
0.267731301339787,-0.0568986458373314
0.267855071566432,-0.0569214186750187
0.267978859932049,-0.0569441741829991
0.268102666248056,-0.0569669123486173
0.268226490631898,-0.0569896332152283
0.268350332969545,-0.0570123367837551
0.268474193352903,-0.0570350230927966
0.268598071679101,-0.0570576921452876
0.268721967942166,-0.0570803439618119
0.268845882504871,-0.0571029786304565
0.268969815068492,-0.0571255961183705
0.269093765727742,-0.0571481964642497
0.269217734512639,-0.057170779695133
0.269341721478349,-0.0571933458425684
0.269465726450449,-0.0572158948962229
0.26958974962692,-0.0572384269134496
0.269713790908973,-0.0572609418977364
0.269837850178211,-0.0572834398488429
0.269961927663159,-0.0573059208295073
0.270086023263592,-0.0573283848429229
0.270210136980782,-0.0573508319104786
0.270334268883481,-0.0573732620657917
0.270458419059631,-0.0573956753459248
0.270582587400328,-0.0574180717522936
0.270706773896818,-0.0574404513042815
0.270830978635293,-0.0574628140384311
0.270955201549561,-0.0574851599638125
0.271079442644858,-0.0575074891022576
0.271203702059873,-0.0575298014996077
0.271327979672404,-0.0575520971547925
0.271452275667482,-0.0575743761217657
0.271576589871613,-0.057596638390213
0.271700922373394,-0.0576188839966304
0.271825273180753,-0.0576411129631465
0.271949642315183,-0.0576633253142367
0.272074029687159,-0.057685521054485
0.272198435400764,-0.0577077002229981
0.272322859380747,-0.0577298628269168
0.27244730172335,-0.0577520089038515
0.272571762376151,-0.0577741384649489
0.27269624146607,-0.057796251553171
0.272820739034808,-0.0578183481963302
0.272945254888764,-0.0578404283803223
0.273069789102256,-0.0578624921385076
0.27319434157418,-0.0578845394732465
0.273318912545167,-0.0579065704473695
0.27344350198887,-0.0579285850764973
0.273568109758752,-0.0579505833547977
0.273692735998204,-0.05797256532762
0.273817380633668,-0.0579945310020944
0.273942043681219,-0.0580164804010374
0.274066725192584,-0.0580384135535557
0.274191425258861,-0.0580603304956524
0.274316143745188,-0.0580822312235174
0.2744408806493,-0.0581041157565341
0.27456563618952,-0.0581259841528748
0.27469041006811,-0.0581478363801685
0.27481520256397,-0.0581696725069182
0.274940013588362,-0.058191492537415
0.275064843106665,-0.0582132964852131
0.275189691210412,-0.0582350843859243
0.275314557749561,-0.0582568562329698
0.275439442897674,-0.0582786120761438
0.275564346585611,-0.0583003519229989
0.27568926879487,-0.0583220757897647
0.275814209623394,-0.0583437837129382
0.275939169145723,-0.058365475724939
0.276064146988049,-0.0583871517801956
0.276189143648363,-0.0584088119843576
0.276314158870261,-0.0584304563124861
0.276439192784997,-0.0584520848064589
0.276564245291093,-0.0584736974679702
0.276689316447572,-0.0584952943263697
0.276814406279689,-0.0585168754052051
0.276939514677224,-0.058538440704569
0.277064641786985,-0.0585599902688382
0.277189787663206,-0.0585815241264846
0.277314952151478,-0.0586030422699277
0.277440135299859,-0.0586245447263339
0.27756533704607,-0.0586460315039745
0.277690557647975,-0.0586675026660587
0.277815797026022,-0.0586889582179149
0.277941055113232,-0.058710398166817
0.278066331919602,-0.0587318225332228
0.278191627595345,-0.0587532313616133
0.278316941943344,-0.0587746246370515
0.278442275007685,-0.058796002385667
0.278567626772992,-0.0588173646235338
0.278692997315525,-0.0588387113823131
0.278818386600618,-0.0588600426747449
0.278943794765091,-0.0588813585426839
0.279069221692595,-0.0589026589849092
0.279194667549822,-0.0589239440481812
0.279320132247961,-0.0589452137359175
0.279445615617864,-0.0589664680377646
0.279571117856738,-0.0589877070054841
0.279696638955726,-0.0590089306560422
0.279822178950897,-0.0590301390138595
0.279947737827053,-0.0590513320946493
0.280073315594596,-0.0590725099183938
0.280198912139497,-0.0590936724840507
0.280324527733847,-0.059114819855654
0.280450162044745,-0.0591359519953635
0.280575815386662,-0.0591570689741003
0.280701487601283,-0.0591781707834539
0.280827178811346,-0.0591992574620237
0.280952888826553,-0.0592203289959053
0.28107861788963,-0.059241385443731
0.281204365786013,-0.0592624267875876
0.281330132681617,-0.0592834530730928
0.281455918590083,-0.0593044643204914
0.281581723648741,-0.0593254605705861
0.281707547515684,-0.0593464417840824
0.281833390363983,-0.0593674080074889
0.281959252273391,-0.0593883592719569
0.282085133190243,-0.0594092955863017
0.282211032960101,-0.0594302169424627
0.282336951836669,-0.0594511234002518
0.282462889751442,-0.0594720149660353
0.282588846705529,-0.0594928916575479
0.282714822712364,-0.0595137534945648
0.282840817808496,-0.0595346005006698
0.282966831979559,-0.0595554326909804
0.283092865330603,-0.0595762501003207
0.283218917560239,-0.0595970526963064
0.283344988938458,-0.0596178405408168
0.283471079437132,-0.0596386136467161
0.283597189038785,-0.0596593720284416
0.283723317836513,-0.059680115718615
0.283849465653882,-0.0597008447054802
0.283975632554792,-0.0597215590167107
0.284101818721773,-0.0597422586995617
0.284228023966948,-0.0597629437404313
0.284354248485527,-0.059783614188395
0.284480492058982,-0.0598042700248083
0.284606754868048,-0.0598249112962568
0.284733036792517,-0.0598455380001998
0.2848593380215,-0.0598661501845301
0.284985658306129,-0.0598867478256493
0.285111997952631,-0.0599073309903947
0.285238356682619,-0.0599278996504165
0.285364734651338,-0.059948453847787
0.285491131850641,-0.0599689935981247
0.285617548173747,-0.059989518900898
0.285743983789201,-0.0600100298002783
0.285870438791361,-0.0600305263284487
0.285996913033721,-0.0600510084783931
0.286123406510506,-0.0600714762657935
0.286249919282787,-0.0600919297172192
0.286376451368818,-0.0601123688523073
0.286503002616752,-0.0601327936631307
0.286629573256254,-0.0601532042033378
0.286756163239407,-0.0601736004818644
0.286882772378502,-0.0601939824849339
0.287009400941676,-0.0602143502721928
0.287136048897164,-0.0602347038551278
0.287262716144272,-0.0602550432339493
0.287389402706192,-0.0602753684287438
0.287516108755636,-0.0602956794836529
0.287642834106716,-0.0603159763852637
0.287769578805068,-0.0603362591571256
0.287896342767371,-0.060356527802216
0.28802312623048,-0.0603767823747098
0.288149929074815,-0.0603970228718307
0.288276751269897,-0.0604172493048546
0.288403592938154,-0.0604374617094972
0.288530454028411,-0.0604576600937983
0.288657334546319,-0.060477844474749
0.288784234373384,-0.0604980148495707
0.288911153673529,-0.0605181712603827
0.289038092449971,-0.0605383137238249
0.289165050700384,-0.0605584422555356
0.289292028465127,-0.0605785568778858
0.289419025643669,-0.0605986575908852
0.289546042329178,-0.0606187444251731
0.289673078458803,-0.0606388173867372
0.289800134099218,-0.0606588765019707
0.28992720930894,-0.0606789217959919
0.290054303921571,-0.060698953258349
0.290181418102943,-0.0607189709309214
0.290308551887429,-0.0607389748349592
0.29043570522225,-0.0607589649778724
0.29056287807271,-0.0607789413698527
0.290690070376077,-0.0607989040166869
0.290817282282727,-0.0608188529576391
0.290944513765829,-0.060838788204192
0.291071764796802,-0.0608587097674354
0.291199035455468,-0.0608786176754248
0.291326325492657,-0.0608985119047065
0.291453635245835,-0.0609183925235084
0.291580964623698,-0.0609382595331963
0.291708313623231,-0.0609581129486964
0.291835682163925,-0.0609779527728505
0.291963070392232,-0.0609977790438631
0.292090478228424,-0.0610175917647468
0.29221790575551,-0.0610373909637283
0.292345352711606,-0.0610571766154175
0.292472819392916,-0.0610769487810556
0.292600305848957,-0.0610967074837453
0.292727811981404,-0.0611164527234684
0.292855337697458,-0.0611361845009745
0.292982883225037,-0.0611559028667105
0.293110448241569,-0.0611756077860019
0.293238033060558,-0.0611952993223372
0.293365637715838,-0.0612149774961885
0.293493262032024,-0.0612346422955407
0.293620906047797,-0.0612542937413094
0.293748569766689,-0.0612739318490808
0.293876253072085,-0.0612935566159112
0.294003956278138,-0.0613131681050931
0.294131679216489,-0.0613327663058253
0.29425942202776,-0.0613523512545359
0.294387184456167,-0.0613719229268896
0.294514966769642,-0.0613914813787343
0.294642768737152,-0.061411026589625
0.294770590480708,-0.061430558592972
0.294898432138181,-0.0614500774247234
0.295026293609313,-0.0614695830843667
0.295154174761282,-0.0614890755662886
0.295282075900531,-0.0615085549319137
0.295409996812037,-0.0615280211632671
0.295537937333335,-0.0615474742501585
0.295665897981991,-0.0615669142859693
0.295793878277331,-0.0615863412124211
0.295921878465985,-0.0616057550813711
0.296049898411062,-0.0616251558867084
0.296177938354126,-0.0616445436795813
0.296305998078967,-0.0616639184418216
0.296434077716689,-0.061683280207677
0.296562177288156,-0.0617026289948195
0.296690296726597,-0.0617219648075871
0.29681843600634,-0.0617412876564764
0.296946595221705,-0.0617605975701115
0.297074774300348,-0.0617798945519904
0.297202973213255,-0.0617991786120556
0.297331192165803,-0.061818449795556
0.297459431003357,-0.0618377080935984
0.297587689847501,-0.0618569535386515
0.297715968734613,-0.0618761861504546
0.297844267386275,-0.0618954059014222
0.297972586164825,-0.0619146128599746
0.298100924754549,-0.0619338069931223
0.298229283480757,-0.0619529883635896
0.298357662146325,-0.0619721569561298
0.298486060696306,-0.0619913127765291
0.298614479437949,-0.0620104558847351
0.298742917934941,-0.0620295862297999
0.298871376426885,-0.0620487038613062
0.298999855024557,-0.0620678088098898
0.299128353750608,-0.0620869010929461
0.299256872535903,-0.0621059807141148
0.299385411237769,-0.0621250476660549
0.299513969967911,-0.0621441019792035
0.299642548742271,-0.0621631436698746
0.299771147633096,-0.062182172762655
0.299899766530742,-0.062201189255157
0.300028405577428,-0.0622201931821909
0.300157064632949,-0.0622391845368568
0.300285743901497,-0.0622581633630307
0.300414443122162,-0.0622771296359963
0.300543162458227,-0.0622960833934545
0.300671901910911,-0.0623150246493572
0.300800661476407,-0.0623339534168173
0.300929441165267,-0.0623528697110278
0.301058240872016,-0.062371773530103
0.301187060903704,-0.0623906649327282
0.301315901044109,-0.0624095439008475
0.301444761286164,-0.0624284104468634
0.301573641725775,-0.0624472645983574
0.301702542337365,-0.0624661063651316
0.301831463144467,-0.0624849357640957
0.301960403955182,-0.0625037527806533
0.302089365111715,-0.0625225574781812
0.302218346470652,-0.0625413498493008
0.30234734802013,-0.0625601299055952
0.302476369631132,-0.0625788976416132
0.302605411523348,-0.0625976531026646
0.302734473731441,-0.0626163963072215
0.302863556037879,-0.062635127236955
0.30299265858415,-0.0626538459256077
0.303121781445757,-0.0626725523974666
0.303250924533797,-0.0626912466528966
0.30338008783904,-0.0627099287037252
0.303509271555422,-0.0627285985912216
0.303638475384281,-0.0627472562854035
0.303767699516504,-0.062765901826891
0.303896943724785,-0.0627845351960667
0.304026208550445,-0.0628031564841071
0.304155493490343,-0.0628217656317328
0.304284798696636,-0.0628403626737062
0.304414124192087,-0.0628589476264162
0.304543470075592,-0.0628775205171345
0.30467283610753,-0.0628960813244429
0.30480222255147,-0.0629146300990885
0.304931629295896,-0.062933166838133
0.305061056342495,-0.0629516915547019
0.305190503886615,-0.0629702042896963
0.305319971664672,-0.0629887050183238
0.305449459665435,-0.0630071937517286
0.305578968154734,-0.0630256705407783
0.30570849715349,-0.063044135401399
0.305838046504596,-0.0630625883239394
0.305967616304331,-0.06308102933481
0.306097206403301,-0.0630994584255017
0.306226816956418,-0.063117875630749
0.306356447823969,-0.0631362809434589
0.306486098999725,-0.0631546743753972
0.306615770750444,-0.0631730559771507
0.306745462893207,-0.063191425735518
0.306875175426675,-0.0632097836628508
0.307004908282915,-0.0632281297621339
0.307134661898139,-0.0632464641077087
0.307264435652224,-0.0632647866245685
0.307394229890087,-0.0632830973737674
0.30752404457645,-0.0633013963630162
0.307653879709049,-0.0633196836045061
0.307783735431823,-0.0633379591310222
0.307913611586524,-0.0633562229327739
0.308043508305078,-0.0633744750407006
0.308173425249077,-0.0633927154196631
0.308303362843399,-0.0634109441416828
0.308433320980168,-0.0634291612041779
0.308563299609481,-0.0634473666124511
0.308693298753364,-0.0634655603818982
0.308823318359854,-0.0634837425175689
0.308953358560311,-0.0635019130501459
0.309083419406031,-0.0635200719991381
0.30921350079772,-0.0635382193629222
0.309343602770873,-0.0635563551586322
0.309473725108704,-0.0635744793682367
0.309603868132013,-0.0635925920486106
0.309734031665368,-0.0636106931876327
0.309864215804063,-0.0636287828106649
0.309994420485482,-0.0636468609211734
0.31012464588573,-0.0636649275557371
0.310254891825501,-0.0636829827016067
0.310385158409071,-0.0637010263852523
0.310515445442553,-0.0637190585918854
0.310645753141907,-0.063737079363418
0.310776081350654,-0.0637550886903124
0.31090643022772,-0.0637730866065172
0.311036799840838,-0.0637910731334492
0.311167190058977,-0.0638090482649835
0.311297600826581,-0.0638270120053288
0.311428032337551,-0.0638449643931401
0.311558484513305,-0.0638629054295742
0.311688957292733,-0.0638808351180626
0.311819450832083,-0.063898753491945
0.311949964962725,-0.0639166605399443
0.312080499672946,-0.0639345562722173
0.312211055188911,-0.0639524407316351
0.312341631439144,-0.0639703139202784
0.312472228339478,-0.0639881758383369
0.312602846085514,-0.0640060265243028
0.312733484460362,-0.0640238659602935
0.312864143554529,-0.0640416941703045
0.312994823182933,-0.0640595111407905
0.313125523780139,-0.0640773169427078
0.313256244949832,-0.0640951115338284
0.313386986892291,-0.0641128949529296
0.313517749587311,-0.0641306672089644
0.31364853313247,-0.0641484283268076
0.31377933741942,-0.06416617830333
0.313910162463558,-0.0641839171521307
0.314041008336238,-0.0642016448944437
0.314171874987924,-0.0642193615350984
0.314302762415046,-0.0642370670850915
0.314433670644599,-0.0642547615595658
0.314564599561498,-0.0642724449544313
0.314695549338051,-0.0642901173044121
0.314826520093383,-0.0643077786371129
0.314957511442336,-0.0643254289119717
0.315088523695115,-0.0643430681820851
0.315219556639992,-0.0643606964304276
0.315350610358163,-0.0643783136792398
0.31548168502853,-0.0643959199640007
0.315612780569952,-0.0644135152851943
0.315743896845762,-0.0644310996357127
0.315875033973677,-0.0644486730426021
0.316006192225811,-0.064466235553701
0.316137371211541,-0.0644837871279681
0.316268571041032,-0.0645013277912217
0.316399791740003,-0.0645188575581723
0.316531033235667,-0.0645363764303115
0.316662295744294,-0.0645538844477138
0.31679357923988,-0.0645713816181498
0.316924883522658,-0.0645888679260719
0.317056208672349,-0.0646063433931555
0.317187554700863,-0.064623808032148
0.317318921945329,-0.0646412618990448
0.317450309964726,-0.0646587049463511
0.317581718974841,-0.0646761372136124
0.317713148874144,-0.0646935586984628
0.317844599742093,-0.064710969422439
0.317976071698846,-0.0647283694125119
0.318107564380555,-0.0647457586314846
0.318239078164364,-0.0647631371401335
0.318370612878755,-0.0647805049268732
0.318502168554168,-0.064797862006597
0.318633745053903,-0.0648152083721801
0.318765342717726,-0.0648325440793438
0.318896961224975,-0.0648498690968122
0.31902860070192,-0.0648671834519743
0.319160261213264,-0.0648844871642642
0.319291942700521,-0.0649017802368523
0.319423645465014,-0.064919062720147
0.319555368898224,-0.0649363345450807
0.319687113538197,-0.0649535957928444
0.319818879521516,-0.064970846492331
0.31995066636363,-0.0649880865907742
0.320082474237963,-0.0650053161213982
0.320214303031385,-0.0650225350801874
0.32034615305498,-0.0650397435185096
0.320478023900575,-0.0650569413938285
0.320609916079071,-0.0650741287833757
0.320741829264729,-0.0650913056554798
0.320873763500644,-0.0651084720262474
0.321005718775576,-0.0651256279048415
0.32113769527209,-0.0651427733256313
0.321269692686938,-0.0651599082598161
0.321401711231678,-0.0651770327453486
0.32153375093268,-0.0651941467962952
0.321665811615741,-0.0652112504005912
0.321797893673657,-0.0652283436196249
0.321929996565431,-0.0652454263939267
0.322062120943519,-0.0652624988182516
0.322194266285235,-0.0652795608356676
0.322326432739201,-0.0652966124756251
0.322458620122123,-0.0653136537249472
0.322590829181347,-0.0653306846904842
0.322723058951762,-0.0653477052584084
0.322855310000875,-0.0653647155118724
0.32298758214409,-0.065381715437705
0.323119875681163,-0.0653987050847783
0.323252190235677,-0.0654156844151152
0.323384526022141,-0.0654326534664451
0.323516883145342,-0.0654496122626055
0.323649261307435,-0.0654665607756963
0.323781660592007,-0.0654834990265905
0.323914081358918,-0.065500427071691
0.324046523263403,-0.0655173448772291
0.324178986464941,-0.0655342524736668
0.3243114706028,-0.065551149825157
0.324443976329899,-0.0655680370251629
0.324576503003069,-0.0655849140020279
0.324709050986195,-0.0656017808120746
0.324841620187246,-0.0656186374538706
0.324974210763845,-0.0656354839575865
0.325106822529942,-0.0656523203097108
0.325239455521076,-0.0656691465247801
0.325372109932689,-0.0656859626377196
0.325504785539783,-0.0657027686300996
0.32563748263659,-0.0657195645491907
0.325770200867724,-0.0657363503600727
0.325902940332809,-0.0657531260852441
0.326035701141878,-0.0657698917486884
0.32616848316355,-0.0657866473438375
0.326301286532129,-0.0658033928975962
0.326434111235562,-0.0658201284184554
0.326566957235612,-0.0658368539115264
0.326699824657055,-0.0658535694024467
0.326832713337243,-0.0658702748806748
0.326965623494987,-0.0658869703835824
0.327098554791607,-0.0659036558785229
0.327231507652792,-0.0659203314287445
0.327364481835416,-0.0659369970137153
0.327497477245385,-0.0659536526313607
0.327630494007173,-0.0659702983070847
0.327763532175183,-0.0659869340575797
0.327896591860935,-0.0660035599066227
0.328029672850683,-0.0660201758372656
0.328162775281688,-0.0660367818763341
0.328295899085048,-0.0660533780250113
0.328429044147939,-0.066069964278922
0.328562210707625,-0.0660865406773524
0.32869539879782,-0.0661031072343007
0.328828608166023,-0.066119663927999
0.328961838942165,-0.0661362107841896
0.329095091122469,-0.0661527478121216
0.329228364733591,-0.0661692750247617
0.329361659743714,-0.0661857924278018
0.32949497627033,-0.0662023000454249
0.329628314535899,-0.0662187979148405
0.329761673866872,-0.0662352859622261
0.329895054804072,-0.0662517642638546
0.330028457303032,-0.066268232823995
0.330161881094908,-0.0662846916189312
0.330295326445219,-0.0663011406908865
0.330428793307575,-0.0663175800437503
0.330562281693364,-0.0663340096883998
0.330695791537096,-0.0663504296262352
0.330829322975372,-0.0663668398835161
0.330962875846153,-0.0663832404497957
0.331096450169929,-0.0663996313369719
0.331230046015031,-0.0664160125628844
0.331363663493834,-0.0664323841507747
0.331497302529106,-0.0664487461005907
0.33163096299143,-0.0664650984057998
0.331764645013085,-0.0664814410919271
0.33189834842914,-0.0664977741481984
0.332032073575054,-0.0665140976249445
0.332165820278546,-0.0665304115105508
0.332299588423608,-0.0665467158000798
0.332433378284202,-0.0665630105362202
0.332567189457745,-0.0665792956792583
0.33270102229809,-0.0665955712814551
0.332834876705585,-0.0666118373400744
0.332968752768575,-0.0666280938750719
0.333102650473205,-0.0666443408940065
0.333236569744662,-0.0666605783969774
0.333370510439652,-0.0666768063757533
0.333504472973573,-0.0666930248898813
0.333638457044429,-0.0667092339120705
0.333772462664339,-0.0667254334528255
0.333906489966792,-0.0667416235374562
0.334040538936319,-0.0667578041732733
0.334174609455309,-0.0667739753551648
0.334308701715405,-0.0667901371153348
0.334442815357246,-0.0668062894195724
0.334576950732813,-0.066822432319294
0.334711107746202,-0.0668385658121512
0.334845286508678,-0.0668546899205595
0.334979486940734,-0.0668708046440099
0.335113708944705,-0.0668869099797386
0.335247952733389,-0.0669030059622874
0.335382218145359,-0.0669190925813452
0.335516505321368,-0.0669351698627159
0.335650814160122,-0.0669512378032651
0.335785144619473,-0.0669672964068573
0.33591949678651,-0.0669833456928519
0.336053870599135,-0.0669993856627916
0.336188266253998,-0.0670154163490817
0.336322683625691,-0.0670314377457054
0.336457122862205,-0.0670474498791477
0.336591583690841,-0.0670634527257877
0.336726066305106,-0.067079446317445
0.336860570568004,-0.0670954306467278
0.336995096578181,-0.0671114057341732
0.337129644213394,-0.0671273715741153
0.337264213630912,-0.0671433281940263
0.337398804755623,-0.0671592755938537
0.337533417552284,-0.0671752137781827
0.337668052204165,-0.0671911427775125
0.337802708745961,-0.0672070626047743
0.33793738713721,-0.0672229732639075
0.338072087237134,-0.0672388747469429
0.338206809103725,-0.0672547670693932
0.338341552690695,-0.067270650234526
0.338476318130866,-0.0672865242667099
0.338611105539553,-0.0673023891882741
0.33874591454178,-0.0673182449637101
0.338880745364671,-0.0673340916282886
0.339015597947289,-0.0673499291835791
0.339150472576331,-0.067365757671918
0.339285368855341,-0.0673815770554164
0.339420287079934,-0.0673973873772415
0.339555227104408,-0.0674131886289876
0.339690188979619,-0.0674289808251422
0.339825172778877,-0.0674447639828742
0.339960178541334,-0.0674605381153337
0.340095206196569,-0.0674763032228093
0.340230255687989,-0.0674920593071626
0.340365326922573,-0.0675078063660166
0.340500420125712,-0.0675235444341698
0.340635535189717,-0.0675392735076381
0.340770671980353,-0.067554993579216
0.340905830774716,-0.0675707046896132
0.341041011465311,-0.0675864068348753
0.341176213926368,-0.0676021000087722
0.341311438342913,-0.067617784241201
0.341446684613036,-0.0676334595288162
0.341581952729998,-0.0676491258792116
0.341717242842905,-0.0676647833180787
0.341852555025778,-0.0676804318624236
0.341987889172351,-0.0676960715083048
0.342123245044717,-0.0677117022364822
0.342258622826517,-0.0677273240764619
0.34239402275555,-0.0677429370641401
0.342529444708937,-0.0677585411937186
0.342664888371501,-0.0677741364370643
0.342800354201351,-0.067789722855182
0.342935841879731,-0.0678053004197913
0.343071351687448,-0.0678208691713776
0.343206883324823,-0.067836429083806
0.343342436828018,-0.0678519801693796
0.343478012539666,-0.0678675224757249
0.343613610060782,-0.0678830559653809
0.343749229700199,-0.0678985806818406
0.343884871267776,-0.0679140966116098
0.344020534694055,-0.0679296037548562
0.344156220287424,-0.0679451021550448
0.344291927701852,-0.0679605917808732
0.344427657295755,-0.0679760726813434
0.34456340891999,-0.0679915448476785
0.344699182672307,-0.0680070082990936
0.344834978300371,-0.0680224630149384
0.344970795994712,-0.0680379090249455
0.345106635706525,-0.0680533463317256
0.345242497335546,-0.0680687749319432
0.345378381452485,-0.068084194898538
0.345514287450259,-0.0680996061707455
0.345650215506351,-0.0681150087765247
0.345786165627052,-0.068130402724681
0.345922137877187,-0.0681457880305973
0.346058132024342,-0.0681611646759718
0.346194148433765,-0.0681765327100886
0.34633018680245,-0.0681918921067792
0.346466247151218,-0.0682072428762734
0.346602329675754,-0.068222585048669
0.346738434253661,-0.0682379186181799
0.346874560967365,-0.0682532436020043
0.347010709780648,-0.0682685600040138
0.347146880732635,-0.0682838678365194
0.34728307385133,-0.0682991671105876
0.347419288998512,-0.0683144578185674
0.347555526463396,-0.0683297400008047
0.347691786082719,-0.0683450136469176
0.347828067735944,-0.0683602787511622
0.347964371609971,-0.0683755353423086
0.348100697641571,-0.0683907834211754
0.348237045883698,-0.0684060230014945
0.348373416076704,-0.0684212540620335
0.348509808560256,-0.0684364766485131
0.348646223045247,-0.0684516907365451
0.34878265987126,-0.0684668963717515
0.348919118950748,-0.0684820935522419
0.349055600240486,-0.0684972822809036
0.349192103513701,-0.0685124625401805
0.349328629265952,-0.0685276343929301
0.34946517706422,-0.0685427977988551
0.349601746967658,-0.068557952772099
0.349738339261033,-0.0685730993520429
0.349874953756776,-0.068588237525649
0.350011590493308,-0.0686033673047841
0.350148249450473,-0.0686184886948861
0.350284930541305,-0.068633601693974
0.350421633723605,-0.0686487063050106
0.350558359175038,-0.0686638025553085
0.350695106968368,-0.0686788904606192
0.350831877039164,-0.0686939700214576
0.350968669374121,-0.0687090412439199
0.351105484117789,-0.0687241041515292
0.351242320906023,-0.0687391587117544
0.351379180077741,-0.0687542049693899
0.351516061513242,-0.0687692429189405
0.351652965125097,-0.0687842725583022
0.351789890928227,-0.068799293896638
0.351926839267973,-0.0688143069794399
0.352063809774262,-0.0688293117737093
0.352200802583292,-0.0688443083017603
0.352337817564089,-0.0688592965567842
0.352474854764296,-0.068874276551467
0.352611914508171,-0.0688892483288192
0.352748996552275,-0.0689042118697778
0.352886100832797,-0.0689191671747215
0.353023227450913,-0.0689341142621234
0.353160376469359,-0.068949053146308
0.353297547688177,-0.0689639838129089
0.353434741157434,-0.0689789062747397
0.353571957117176,-0.0689938205653874
0.353709195526599,-0.0690087266878831
0.353846456267718,-0.069023624636738
0.353983739234219,-0.0690385144077151
0.354121044611379,-0.069053396028275
0.354258372340807,-0.0690682694995071
0.354395722641707,-0.0690831348525076
0.354533095057009,-0.0690979920451262
0.354670489847606,-0.0691128411127943
0.354807907211241,-0.069127682084329
0.354945346974089,-0.0691425149482906
0.355082808958249,-0.0691573396926667
0.355220293427458,-0.0691721563531681
0.355357800165737,-0.0691869649138578
0.355495329521485,-0.0692017654195078
0.355632881171852,-0.0692165578426817
0.355770455491978,-0.0692313422309006
0.35590805205043,-0.0692461185450677
0.356045670992003,-0.0692608868078285
0.356183312305539,-0.0692756470252577
0.356320976056862,-0.0692903992116436
0.356458662112904,-0.0693051433599317
0.356596370650469,-0.069319879496236
0.356734101899313,-0.0693346076524098
0.356871855469169,-0.0693493277938715
0.357009631568969,-0.0693640399499777
0.357147430185575,-0.0693787441265226
0.357285251280304,-0.06939344032649
0.357423094572737,-0.0694081285270388
0.357560960458346,-0.0694228087774125
0.357626124757099,-0.069429735594265
0.357691289055852,-0.0694366511884047
0.357751820457119,-0.0694430838879344
0.357874156484897,-0.069456125578706
0.357996557660688,-0.0694692323626621
0.358121617954438,-0.0694826530620638
0.358248257917135,-0.0694962650968974
0.358376283282461,-0.0695100427873977
0.358505540256855,-0.0695239658501339
0.358635903995765,-0.0695380176078972
0.358767257258978,-0.0695521825841812
0.358899489626987,-0.0695664463743141
0.359032496711373,-0.0695807955329658
0.359166182016016,-0.0695952177494385
0.359300457756824,-0.0696097019111018
0.359435244589005,-0.0696242380481897
0.359570472082884,-0.0696388173594971
0.359706078084287,-0.069653432118893
0.35984200842863,-0.0696680756211681
0.359978216317081,-0.069682742093351
0.360114661493643,-0.0696974265864572
0.360251309533499,-0.0697121248812771
0.36038813116786,-0.0697268334002165
0.360525101939824,-0.0697415491567525
0.360662200806251,-0.0697562695933409
0.360799410251809,-0.0697709925834168
0.360936715758727,-0.0697857163660228
0.361074105269575,-0.0698004394807577
0.361211568547171,-0.069815160692827
0.361349097017341,-0.0698298789709229
0.361486683165849,-0.0698445934183191
0.361624321742567,-0.0698593033981602
0.361762007694397,-0.0698740083094384
0.361899736966293,-0.0698887076695987
0.362037506116845,-0.0699034010716469
0.362175312507746,-0.0699180882025815
0.362313153884833,-0.069932768797264
0.362451028327122,-0.0699474426316663
0.362588934201753,-0.0699621095170903
0.362726870277458,-0.0699767693114484
0.36286483529666,-0.0699914218730699
0.363002828596605,-0.0700060671261098
0.363140849247577,-0.0700207049686283
0.363278896661081,-0.0700353353365923
0.363416970433542,-0.0700499581871422
0.363555070343252,-0.0700645734979317
0.363693195796939,-0.070079181208225
0.36383134666226,-0.0700937813067973
0.363969522711598,-0.0701083737731426
0.364107723713289,-0.0701229585868364
0.364245949267546,-0.0701375357101389
0.364384199475455,-0.0701521051585638
0.364522474294789,-0.0701666669329524
0.364660773603767,-0.0701812210259307
0.36479909739324,-0.0701957674421562
0.364937445340502,-0.0702103061534622
0.36507581764726,-0.0702248371869409
0.365214214218902,-0.0702393605387865
0.365352635008067,-0.070253876210148
0.365491079911544,-0.0702683841963951
0.365629549104046,-0.0702828845221168
0.365768042440756,-0.0702973771785066
0.365906560020731,-0.0703118621822515
0.366045101576749,-0.0703263395117791
0.366183667199,-0.070340809182862
0.366322257229326,-0.0703552712377187
0.366460871233906,-0.0703697256375532
0.366599509363327,-0.0703841724043865
0.366738171699877,-0.0703986115533056
0.366876858197921,-0.0704130430860299
0.367015568780859,-0.0704274670010064
0.36715430317789,-0.0704418832764687
0.367293062071088,-0.0704562919897888
0.367431845126272,-0.0704706931128801
0.367570652322741,-0.0704850866498997
0.367709483603403,-0.0704994726013295
0.367848339035563,-0.0705138509805708
0.367987218902466,-0.0705282218234436
0.368126122903811,-0.0705425851053121
0.368265051063215,-0.070556940834909
0.368404003334419,-0.0705712890138507
0.368542979825856,-0.0705856296597409
0.368681980490434,-0.0705999627741417
0.368821005395485,-0.0706142883703718
0.368960054446611,-0.0706286064450801
0.369099127641525,-0.070642917004367
0.369238225091011,-0.0706572200660118
0.369377346843842,-0.0706715156414221
0.369516492731482,-0.0706858037195991
0.369655662945361,-0.0707000843264982
0.369794857575474,-0.0707143574777384
0.369934075964528,-0.0707286231121503
0.370073318835818,-0.0707428813100723
0.370212586109155,-0.0707571320698223
0.370351877628578,-0.0707713753816619
0.370491193246333,-0.0707856112366667
0.370630532927376,-0.0707998396374885
0.370769896890215,-0.0708140606127648
0.370909285381811,-0.0708282741940794
0.371048698072631,-0.0708424803540883
0.371188135095987,-0.0708566791125051
0.371327596382667,-0.0708708704685323
0.371467081942691,-0.0708850544293904
0.371606591710394,-0.0708992309946138
0.371746125958788,-0.070913400198178
0.371885684679146,-0.0709275620454657
0.372025267484186,-0.0709417165032789
0.372164874817634,-0.0709558636227278
0.372304506076044,-0.0709700033488911
0.372444161849991,-0.0709841357476609
0.372583842061953,-0.0709982608175347
0.372723546385642,-0.0710123785315861
0.372863275298263,-0.0710264889441423
0.37300302850202,-0.0710405920313609
0.373142806135653,-0.0710546878132803
0.373282607926411,-0.0710687762685048
0.373422434260268,-0.0710828574420188
0.373562284973637,-0.0710969313235435
0.373702160025977,-0.0711109979150225
0.373842059478733,-0.0711250572287074
0.373981983254701,-0.0711391092629235
0.37412193155804,-0.071153154044249
0.374261904199173,-0.071167191559745
0.374401901123168,-0.0711812218098834
0.374541922567142,-0.0711952448244955
0.374681968203575,-0.0712092605768509
0.374822038371634,-0.0712232691068796
0.374962133052266,-0.0712372704188007
0.375102252035055,-0.0712512644975486
0.375242395603123,-0.0712652513773696
0.375382563572639,-0.0712792310459633
0.375522756197363,-0.0712932035345914
0.375662973151787,-0.0713071688167977
0.375803214626153,-0.0713211269174151
0.375943480563802,-0.0713350778368134
0.376083771088332,-0.0713490215932361
0.376224085872473,-0.0713629581600825
0.376364425255843,-0.0713768875769779
0.376504789031516,-0.0713908098293966
0.37664517722184,-0.0714047249254264
0.376785590062189,-0.0714186328943609
0.376926027234256,-0.0714325337106047
0.37706648895764,-0.0714464274017286
0.377206975218159,-0.0714603139722907
0.377347486007193,-0.0714741934273146
0.377488021273815,-0.0714880657676288
0.37762858105963,-0.0715019310031982
0.377769165350917,-0.0715157891385438
0.377909774356721,-0.0715296402001505
0.378050407845002,-0.0715434841710202
0.378191065811957,-0.0715573210565319
0.378331748406642,-0.0715711508771997
0.378472455461808,-0.0715849736224293
0.378613187113127,-0.071598789311335
0.378753943317326,-0.0716125979455132
0.378894724188171,-0.071626399541925
0.37903552949855,-0.0716401940840916
0.379176359373704,-0.0716539815900182
0.37931721394253,-0.0716677620781648
0.379458093053659,-0.0716815355395061
0.379598996934285,-0.0716953020019904
0.379739925290474,-0.0717090614426647
0.379880878017577,-0.0717228138569544
0.380021855670552,-0.0717365593048122
0.380162857891234,-0.0717502977571646
0.380303884833294,-0.0717640292346006
0.380444936301937,-0.0717777537238694
0.380586012433207,-0.0717914712438766
0.380727113064548,-0.071805181784541
0.380868238665714,-0.0718188853972266
0.381009388746149,-0.0718325820400418
0.381150563543466,-0.071846271741594
0.381291763033427,-0.0718599545052667
0.381432987057131,-0.071873630321296
0.381574235972886,-0.0718872992300404
0.38171550945909,-0.0719009612060815
0.381856807448172,-0.0719146162484172
0.381998130123135,-0.071928264380391
0.382139477475855,-0.0719419056069223
0.38228084968546,-0.0719555399509462
0.382422246684585,-0.0719691674116031
0.382563668439335,-0.0719827879911766
0.382705114685987,-0.0719964016697981
0.382846585697118,-0.0720100084792621
0.382988081319499,-0.0720236084104925
0.383129601782993,-0.0720372014911585
0.383271146977529,-0.0720507877163071
0.383412716855935,-0.0720643670869244
0.383554311578132,-0.0720779396239079
0.38369593084149,-0.0720915053037999
0.383837575096735,-0.0721050641752922
0.383979244043812,-0.0721186162152802
0.384120937749134,-0.0721321614355512
0.384262656078311,-0.072145699828776
0.384404399155488,-0.072159231412319
0.384546167196481,-0.0721727562123661
0.384687959957159,-0.0721862742111449
0.384829777358979,-0.0721997854065632
0.384971619789078,-0.0722132898410209
0.385113486990572,-0.0722267874956088
0.385255378900183,-0.0722402783696759
0.385397295518397,-0.0722537624687128
0.385539237048867,-0.0722672398175689
0.385681203537194,-0.0722807104260886
0.385823194879259,-0.0722941742898097
0.385965210912093,-0.0723076313986378
0.386107251856004,-0.0723210817788577
0.386249317638079,-0.0723345254290436
0.386391407985165,-0.0723479623287046
0.386533523614221,-0.0723613925510777
0.386675664059278,-0.072374816057658
0.386817829178515,-0.072388232840262
0.386960019290664,-0.0724016429343539
0.387102234182608,-0.0724150463252843
0.387244474055743,-0.0724284430373721
0.387386738898761,-0.072441833074963
0.387529028356267,-0.0724552164099012
0.387671342793046,-0.0724685930818025
0.387813682066142,-0.072481963082675
0.387956046207273,-0.0724953264208058
0.388098435347191,-0.0725086831138262
0.388240849449119,-0.0725220331636349
0.388383288324481,-0.072535376557821
0.388525752172919,-0.0725487133203683
0.388668241076019,-0.0725620434642874
0.388810754728945,-0.0725753669663286
0.388953293333438,-0.0725886838505797
0.389095856929418,-0.0726019941261234
0.389238445419003,-0.0726152977890955
0.389381058711266,-0.072628594836241
0.389523697197197,-0.0726418853093124
0.389666360581574,-0.0726551691861235
0.389809048885904,-0.0726684464738297
0.389951762104163,-0.072681717177115
0.390094500392318,-0.0726949813157452
0.390237263757386,-0.0727082388956409
0.390380052042499,-0.07272148990742
0.390522865278509,-0.0727347343591097
0.390665703519982,-0.0727479722609987
0.390808566769938,-0.0727612036185888
0.390951455274832,-0.0727744284599275
0.391094368787214,-0.0727876467673111
0.391237307234897,-0.0728008585391382
0.391380270481411,-0.0728140637679313
0.391523258854642,-0.0728272624891773
0.391666272272586,-0.0728404547005679
0.391809310580703,-0.0728536403929601
0.391952374166518,-0.0728668196072345
0.392095462726182,-0.0728799923206026
0.392238576317092,-0.0728931585433918
0.392381715147809,-0.072906318299955
0.392524878900554,-0.0729194715662047
0.39266806756569,-0.0729326183462772
0.392811281309372,-0.0729457586605761
0.392954520150296,-0.072958892515989
0.393097784130578,-0.072972019921487
0.393241073105701,-0.0729851408689018
0.393384387303909,-0.0729982553842027
0.393527726451268,-0.0730113634474216
0.393671090887912,-0.0730244650946994
0.393814480325452,-0.0730375603047947
0.393957894960273,-0.0730506491006378
0.394101334751034,-0.0730637314835491
0.394244799537669,-0.0730768074439344
0.394388289425288,-0.0730898769963849
0.394531804519848,-0.0731029401556378
0.394675344901333,-0.0731159969340361
0.394818910377095,-0.0731290473190516
0.394962500779378,-0.0731420913003603
0.395106116580868,-0.0731551289259358
0.395249757380337,-0.0731681601644378
0.395393423345155,-0.0731811850359529
0.395537114370519,-0.0731942035360062
0.395680830798069,-0.0732072157005573
0.395824572471944,-0.0732202215205303
0.395968339085547,-0.0732332209730472
0.39611213084912,-0.073246214082027
0.396255947881852,-0.0732592008632917
0.396399789996164,-0.0732721813048706
0.396543657436606,-0.073285155433756
0.396687549872045,-0.0732981232250469
0.396831467829732,-0.073311084731171
0.396975410667368,-0.0733240398992614
0.397119378770944,-0.0733369887688541
0.39726337245478,-0.0733499313732874
0.397407391197719,-0.0733628676706226
0.397551435129393,-0.0733757976772537
0.397695504305566,-0.0733887214031278
0.397839598770846,-0.0734016388571655
0.397983718389579,-0.0734145500320819
0.398127863254458,-0.0734274549410352
0.398272033488159,-0.0734403535999248
0.398416228995774,-0.0734532460051378
0.398560449819081,-0.0734661321652327
0.398704695901239,-0.0734790120799754
0.398848967216227,-0.0734918857518645
0.398993263809876,-0.0735047531898322
0.399137585764157,-0.0735176144060476
0.399281932952068,-0.0735304693940241
0.399426305423929,-0.0735433181630338
0.399570703197172,-0.0735561607194631
0.399715126258123,-0.0735689970669118
0.399859574691706,-0.0735818272177395
0.400004048343488,-0.0735946511630271
0.400148547241775,-0.0736074689100446
0.400293071487284,-0.0736202804725448
0.400437621197702,-0.073633085865788
0.400582195972515,-0.073645885059041
0.400726796339504,-0.073658678103758
0.400871422044124,-0.0736714649822881
0.401016072986957,-0.073684245690503
0.401160749510732,-0.0736970202634462
0.401305451332798,-0.0737097886809513
0.401450178447497,-0.0737225509471688
0.401594930820093,-0.0737353070637671
0.401739708649147,-0.073748057053004
0.401884511741678,-0.0737608009026434
0.402029340481205,-0.0737735386511506
0.402174194618719,-0.0737862702813888
0.402319074163101,-0.0737989957987512
0.402463979092031,-0.0738117152059606
0.402608909346285,-0.0738244285024963
0.402753865043615,-0.0738371357033802
0.402898846285846,-0.0738498368222663
0.403043852746858,-0.0738625318352372
0.403188884698235,-0.0738752207706867
0.40333394205048,-0.0738879036255166
0.403479024984305,-0.073900580420184
0.403624133172799,-0.0739132511307725
0.403769267117006,-0.0739259158056493
0.403914426103758,-0.073938574387257
0.404059610676119,-0.0739512269274743
0.404204820890755,-0.0739638734360313
0.404350056245439,-0.0739765138737557
0.404495317306755,-0.0739891482945133
0.404640603817068,-0.0740017766806268
0.404785915806297,-0.0740143990392282
0.404931253121028,-0.074027015361574
0.405076616100558,-0.0740396256817228
0.405222004564959,-0.074052229988721
0.405367418418159,-0.0740648282787535
0.40551285777624,-0.0740774205664449
0.405658322677513,-0.0740900068597274
0.405803813327214,-0.0741025871809568
0.405949329243088,-0.0741151614929662
0.406094870793691,-0.0741277298320699
0.406240437717397,-0.0741402921802955
0.406386030152375,-0.0741528485540714
0.406531648146214,-0.0741653989620929
0.406677291827637,-0.0741779434200174
0.406822961025055,-0.0741904819175904
0.40696865552844,-0.074203014441173
0.407114375722433,-0.0742155410283732
0.407260121616609,-0.0742280616846361
0.407405893111158,-0.0742405764058654
0.407551689836524,-0.0742530851647432
0.407697512648549,-0.0742655880392082
0.407843360823982,-0.0742780849718621
0.407989234533884,-0.0742905759816599
0.408135133779673,-0.0743030610732495
0.408281058822929,-0.0743155402735333
0.408427009448339,-0.0743280135685961
0.408572985670611,-0.0743404809640847
0.40871898737764,-0.0743529424548653
0.408865014852078,-0.0743653980695259
0.40901106793517,-0.0743778477990237
0.409157146550806,-0.0743902916412515
0.409303250760951,-0.0744027296059116
0.409449380692876,-0.0744151617083081
0.409595536260287,-0.0744275879455439
0.409741717289659,-0.0744400083072346
0.409887924161955,-0.0744524228301696
0.410034156551586,-0.0744648314911708
0.410180414531559,-0.0744772343007588
0.410326698221568,-0.0744896312735214
0.41047300765465,-0.0745020224166884
0.410619342768417,-0.0745144077293517
0.410765703618789,-0.0745267872206014
0.410912089946704,-0.0745391608728757
0.411058502009112,-0.0745515287122363
0.41120493989188,-0.0745638907503868
0.411351403462991,-0.0745762469805389
0.411497892659633,-0.0745885974016913
0.411644407576635,-0.0746009420261821
0.411790948276388,-0.0746132808636465
0.411937514961683,-0.0746256139355276
0.412084106924742,-0.0746379411865435
0.412230724786119,-0.0746502626731028
0.412377368209083,-0.0746625783713671
0.412524037563486,-0.0746748883166842
0.412670732714717,-0.0746871925021376
0.412817453543242,-0.0746994909219402
0.412964200178738,-0.0747117835912378
0.413110972314354,-0.0747240704886202
0.41325777030519,-0.0747363516480853
0.413404594247936,-0.0747486270821202
0.413551443727419,-0.0747608967602563
0.413698318975302,-0.0747731607060425
0.413845220097097,-0.0747854189326422
0.41399214703523,-0.0747976714395345
0.414139099713194,-0.0748099182245632
0.414286078294593,-0.0748221593056098
0.414433082576285,-0.0748343946700166
0.414580112789838,-0.074846624341273
0.414727168671129,-0.0748588483016716
0.414874250507205,-0.074871066579274
0.415021358119793,-0.0748832791635473
0.415168491641879,-0.0748954860697192
0.415315650769366,-0.0749076872767701
0.415462835806952,-0.0749198828141453
0.415610046791599,-0.074932072689206
0.415757283431612,-0.0749442568819707
0.415904545896387,-0.0749564354106032
0.416051834173485,-0.074968608278323
0.416199148558067,-0.074980775513751
0.416346488645325,-0.0749929370876466
0.416493854532452,-0.0750050930121095
0.416641246318079,-0.0750172432994923
0.416788664270005,-0.0750293879760993
0.416936107802073,-0.075041526997782
0.417083577166146,-0.0750536603893122
0.417231072673609,-0.0750657881805781
0.41737859393207,-0.0750779103434925
0.417526141017212,-0.0750900268883183
0.417673714251924,-0.0751021378457702
0.417821312991735,-0.0751142431670932
0.417968937844586,-0.0751263429061953
0.418116588649654,-0.0751384370541607
0.418264265381281,-0.0751505256129554
0.418411967984182,-0.0751626085821427
0.418559696476923,-0.0751746859673391
0.418707451045101,-0.0751867577878533
0.418855231461389,-0.0751988240292248
0.419003037947372,-0.0752108847136025
0.419150870510465,-0.075222939845726
0.419298728829236,-0.0752349894034158
0.419446613000794,-0.0752470333985979
0.419594523304151,-0.0752590718581458
0.419742459351028,-0.075271104754558
0.419890421609772,-0.0752831321299555
0.42003840976917,-0.0752951539631748
0.420186424055383,-0.0753071702765813
0.420334464061385,-0.0753191810411796
0.420482530109787,-0.0753311862871353
0.420630622364,-0.0753431860318482
0.420778740614922,-0.0753551802624145
0.420926884710626,-0.0753671689704747
0.421075054901858,-0.0753791521803411
0.421223250959488,-0.0753911298775496
0.42137147301445,-0.075403102076669
0.42151972123243,-0.0754150687951549
0.421667995333693,-0.0754270300144398
0.421816295557057,-0.0754389857577474
0.421964621951974,-0.0754509360331233
0.422112974339421,-0.0754628808301141
0.422261352779765,-0.0754748201575191
0.422409757345533,-0.075486754025178
0.422558187632895,-0.0754986824045675
0.422706644149412,-0.0755106053404282
0.422855126887446,-0.0755225228362511
0.423003635672441,-0.0755344348819531
0.423152170535653,-0.0755463414839427
0.42330073144834,-0.0755582426438706
0.423449318423002,-0.0755701383666866
0.423597931541108,-0.0755820286628751
0.423746570677355,-0.0755939135263579
0.423895235968209,-0.0756057929719693
0.424043927343963,-0.0756176669980966
0.424192644881099,-0.0756295356147645
0.424341388691463,-0.0756413988348455
0.424490158438871,-0.075653256635419
0.424638954518331,-0.0756651090518406
0.424787776615937,-0.0756769560630706
0.424936624704725,-0.0756887976707868
0.425085498818505,-0.0757006338815916
0.425234399205342,-0.0757124647191629
0.425383325767385,-0.0757242901796695
0.425532278428483,-0.0757361102609081
0.425681257417266,-0.0757479249849024
0.425830262476711,-0.0757597343351614
0.425979293754509,-0.0757715383272091
0.426128351201372,-0.0757833369610364
0.42627743469434,-0.0757951302307477
0.426426544468271,-0.0758069181587846
0.426575680396263,-0.0758187007390138
0.426724842377453,-0.0758304779672745
0.426874030659951,-0.0758422498670125
0.427023245259736,-0.0758540164433923
0.427172485944213,-0.0758657776818722
0.427321752952613,-0.0758775336051003
0.427471046225089,-0.0758892842122355
0.427620365623854,-0.0759010294962162
0.427769711272968,-0.0759127694705982
0.427919083054693,-0.0759245041299611
0.428068481230307,-0.0759362334986473
0.428217905539297,-0.0759479575600377
0.428367356172025,-0.075959676332823
0.428516832910038,-0.0759713898036889
0.428666336074966,-0.0759830980016187
0.428815865434891,-0.0759948009122836
0.428965421122926,-0.0760064985498367
0.429115002879434,-0.0760181908977469
0.429264611045489,-0.0760298779864336
0.429414245342938,-0.0760415597979934
0.429563906123128,-0.0760532363635959
0.429713593045357,-0.0760649076604581
0.429863306359773,-0.0760765737117831
0.430013045771722,-0.0760882344983876
0.43016281173153,-0.0760998900590746
0.430312603844002,-0.0761115403668889
0.43046242226166,-0.0761231854373512
0.430612267109996,-0.0761348252840017
0.430762138229773,-0.0761464598982088
0.430912035520867,-0.0761580892758712
0.43106195917267,-0.0761697134354115
0.431211909159303,-0.0761813323785925
0.431361885599448,-0.07619294611833
0.431511888362394,-0.0762045546482115
0.431661917331684,-0.0762161579628764
0.431811972760304,-0.0762277560855961
0.431962054531651,-0.0762393490111031
0.432112162567629,-0.0762509367370177
0.432262297075111,-0.0762625192830022
0.432412457960887,-0.0762740966455853
0.432562645421148,-0.0762856688435607
0.43271285913987,-0.0762972358562437
0.432863099068574,-0.0763087976834851
0.433013365599302,-0.0763203543591648
0.433163658292517,-0.0763319058531901
0.433313977538237,-0.0763434521991382
0.433464323173986,-0.0763549933882548
0.433614695197647,-0.0763665294239819
0.433765093649178,-0.0763780603130294
0.433915518392489,-0.0763895860485994
0.434065969665306,-0.0764011066525432
0.434216447249522,-0.0764126221118254
0.434366951255487,-0.0764241324384821
0.43451748185118,-0.0764356376490304
0.434668038975798,-0.0764471377424642
0.434818622474467,-0.0764586327105176
0.434969232312231,-0.0764701225540854
0.435119868627929,-0.0764816072873838
0.435270531472037,-0.0764930869179093
0.435421220639474,-0.0765045614336227
0.435571936287872,-0.0765160308500935
0.435722678456967,-0.0765274951739826
0.435873447202345,-0.0765389544131161
0.436024242292409,-0.0765504085534491
0.436175063996037,-0.0765618576189556
0.436325911957912,-0.0765733015862605
0.436476786637828,-0.0765847404937908
0.436627687748003,-0.0765961743233659
0.436778615464716,-0.0766076030918489
0.436929569577976,-0.0766190267869043
0.437080550304807,-0.0766304454284837
0.437231557549204,-0.0766418590129127
0.437382591357769,-0.0766532675472358
0.437533651469548,-0.0766646710152614
0.437684738172814,-0.0766760694422715
0.437835851515411,-0.0766874628354907
0.437986991600027,-0.0766988512062032
0.438138158052082,-0.0767102345296683
0.438289351195599,-0.0767216128337451
0.438440570812017,-0.0767329861055513
0.438591816862676,-0.07674435434564
0.438743089409013,-0.0767557175621491
0.438894388698094,-0.0767670757771982
0.439045714510781,-0.0767784289778675
0.439197066947987,-0.076789777175175
0.439348446044155,-0.0768011203752143
0.439499851672484,-0.0768124585719588
0.439651283834742,-0.0768237917689931
0.439802742609995,-0.0768351199757302
0.439954227984133,-0.0768464431946124
0.440105740083154,-0.0768577614385402
0.440257278626243,-0.0768690746899957
0.44040884392448,-0.0768803829756368
0.440560435889824,-0.0768916862924147
0.440712054283805,-0.0769029846259525
0.440863699386426,-0.0769142780005485
0.441015371197266,-0.0769255664196909
0.441167069562962,-0.076936849875389
0.441318794687966,-0.0769481283862738
0.441470546496424,-0.0769594019501757
0.441622324948222,-0.0769706705675169
0.441774130067036,-0.0769819342434714
0.441925961681247,-0.0769931929687188
0.442077820070252,-0.0770044467674005
0.442229705166698,-0.0770156956380032
0.442381616906637,-0.0770269395791771
0.442533555011912,-0.0770381785736999
0.442685520011118,-0.0770494126640923
0.4428375116775,-0.0770606418370992
0.442989530207827,-0.0770718661106174
0.443141575290323,-0.0770830854650151
0.443293647165822,-0.0770942999214035
0.443445745692585,-0.0771055094727554
0.443597870976737,-0.077116714130255
0.443750022738115,-0.0771279138766419
0.44390220132911,-0.0771391087412187
0.444054406661225,-0.0771502987209251
0.444206638696128,-0.0771614838162842
0.444358897697287,-0.0771726640500291
0.444511183398749,-0.0771838394060054
0.444663496131143,-0.0771950099117874
0.444815835195472,-0.0772061755194439
0.444968201101755,-0.0772173362696107
0.445120593764856,-0.0772284921595201
0.445273013239198,-0.0772396431964907
0.445425459442216,-0.0772507893778181
0.445577932557571,-0.077261930720261
0.44573043238648,-0.0772730672126354
0.445882958884469,-0.077284198854967
0.446035512351033,-0.0772953256724629
0.44618809248429,-0.0773064476464574
0.446340699299345,-0.077317564781301
0.44649333324385,-0.0773286771129725
0.446645993756993,-0.077339784603982
0.446798681192605,-0.0773508872832836
0.446951395402621,-0.0773619851434727
0.44710413643146,-0.0773730781910465
0.447256904101926,-0.0773841664164218
0.447409698793025,-0.0773952498504083
0.447562520261731,-0.0774063284787207
0.44771536861367,-0.0774174023122487
0.447868243787767,-0.0774284713498555
0.448021145912327,-0.0774395356041016
0.448174074743998,-0.0774505950606454
0.448327030424611,-0.0774616497329739
0.448480012925439,-0.0774726996223106
0.448633022383928,-0.0774837447418567
0.448786058834043,-0.0774947850973479
0.448939122220294,-0.0775058206880174
0.449092212410097,-0.0775168515075117
0.449245329368047,-0.0775278775564894
0.449398473083886,-0.0775388988374589
0.449551643926058,-0.0775499153802271
0.449704841601653,-0.0775609271670091
0.449858066240061,-0.0775719342102738
0.450011317916007,-0.0775829365186413
0.450164596467616,-0.0775939340837005
0.450317901929729,-0.0776049269111288
0.450471234315362,-0.0776159150050834
0.450624593535343,-0.0776268983623832
0.450777979738843,-0.0776378769969225
0.450931392558369,-0.077648850885606
0.451084832634529,-0.0776598200774614
0.451238299659766,-0.077670784553807
0.451391793521407,-0.0776817443096944
0.451545314389328,-0.0776926993604318
0.451698862266956,-0.0777036497094905
0.451852437048556,-0.0777145953524994
0.45200603876755,-0.0777255362949995
0.45215966760186,-0.077736472552868
0.452313323391462,-0.0777474041179019
0.452467006125109,-0.0777583309924263
0.452620715833829,-0.077769253181813
0.452774452594065,-0.0777801706946733
0.452928216373815,-0.0777910835319045
0.453082007045451,-0.0778019916875788
0.453235824774608,-0.0778128951765884
0.453389669602819,-0.0778237940050677
0.453543541209649,-0.0778346881534331
0.453697439738059,-0.0778455776349023
0.453851365564726,-0.0778564624793519
0.454005318306469,-0.0778673426628577
0.454159298208082,-0.0778782182057803
0.454313305002277,-0.0778890890923846
0.454467338872118,-0.0778999553386797
0.454621400005232,-0.0779108169610812
0.454775488086054,-0.0779216739404538
0.454929603148584,-0.0779325262822326
0.455083745399036,-0.0779433740040803
0.455237914833832,-0.0779542171088939
0.455392111275394,-0.0779650555872533
0.455546334579116,-0.077975889432036
0.455700585138053,-0.0779867186739716
0.455854862595946,-0.0779975432911982
0.456009167134298,-0.078008363299489
0.45616349874975,-0.0780191787017415
0.456317857552019,-0.0780299895087418
0.456472243578287,-0.0780407957261926
0.456626656671063,-0.0780515973461215
0.456781097121283,-0.0780623943919344
0.45693556447202,-0.0780731868347559
0.457090058895908,-0.078083974689632
0.457244580560341,-0.0780947579713781
0.457399129102924,-0.0781055366577689
0.457553704822909,-0.0781163107726935
0.45770830781921,-0.0781270803261817
0.457862937948066,-0.0781378453112685
0.458017595140706,-0.0781486057261632
0.458172279416325,-0.0781593615752323
0.458326991028675,-0.0781701128791964
0.458481729651127,-0.07818085961841
0.45863649560058,-0.0781916018178725
0.458791288705778,-0.078202339468769
0.458946109102565,-0.0782130725835163
0.459100956409333,-0.0782238011386628
0.459255831010611,-0.078234525163836
0.459410732905479,-0.0782452446620755
0.459565661778871,-0.0782559596145545
0.459720617974715,-0.0782666700480371
0.459875601380637,-0.0782773759578258
0.460030612068786,-0.0782880773518849
0.460185649743179,-0.0782987742127583
0.460340714860113,-0.0783094665749128
0.460495807137141,-0.0783201544219312
0.460650926590078,-0.0783308377578293
0.460806073421965,-0.0783415165995979
0.460961247410187,-0.0783521909349126
0.461116448695371,-0.0783628607763888
0.461271677242158,-0.0783735261245936
0.461426933031306,-0.0783841869811652
0.461582216177038,-0.078394843356919
0.461737526469275,-0.0784054952404022
0.461892864016063,-0.0784161426419551
0.462048228666192,-0.0784267855541883
0.462203620838581,-0.0784374240087771
0.462359040265104,-0.0784480579903738
0.462514486778764,-0.07845868749042
0.462669960801578,-0.0784693125407299
0.462825462052146,-0.0784799331250757
0.462980990456,-0.0784905492412413
0.463136546408421,-0.0785011609191714
0.463292129634937,-0.0785117681431258
0.463447740059864,-0.0785223709107999
0.463603377953002,-0.078532969243515
0.463759043052048,-0.0785435631263631
0.463914735485599,-0.0785541525709747
0.464070455071379,-0.0785647375678839
0.464226202078183,-0.0785753181382778
0.464381976581492,-0.0785858942902621
0.464537778363268,-0.0785964660119234
0.46469360754359,-0.0786070333142692
0.464849464024482,-0.0786175961935681
0.465005347858369,-0.0786281546562578
0.465161258932599,-0.0786387086976076
0.465317197566432,-0.0786492583421357
0.46547316333732,-0.0786598035641678
0.465629156638881,-0.0786703443931571
0.465785177404376,-0.078680880827549
0.465941225554827,-0.0786914128648575
0.466097300998792,-0.078701940501752
0.466253403858884,-0.0787124637493723
0.46640953406001,-0.0787229826055504
0.466565691817696,-0.078733497087682
0.466721876955987,-0.0787440071868038
0.466878089185659,-0.0787545128862464
0.467034329256702,-0.0787650142393325
0.467190596358349,-0.078775511194497
0.467346891008139,-0.0787860037892443
0.467503213300227,-0.0787964920328614
0.467659562911112,-0.0788069759064652
0.467815940061173,-0.0788174554276177
0.467972344636742,-0.078827930591569
0.468128776444624,-0.0788384013881749
0.468285236023651,-0.0788488678563564
0.468441723000478,-0.0788593299740372
0.468598237212217,-0.0788697877330537
0.468754778958623,-0.0788802411562632
0.468911348314329,-0.0788906902515492
0.469067945096429,-0.0789011350095134
0.469224569449936,-0.0789115754426092
0.469381221158327,-0.078922011539218
0.469537900358182,-0.0789324433112201
0.469694607123917,-0.0789428707664158
0.469851341466295,-0.0789532939083375
0.470008103106533,-0.078963712721213
0.470164892572483,-0.0789741272429169
0.470321709272189,-0.0789845374369672
0.470478553660139,-0.0789949433362492
0.470635425512648,-0.0790053449287798
0.470792324999319,-0.0790157422285587
0.470949251897937,-0.0790261352236485
0.471106206269065,-0.0790365239208025
0.471263188119288,-0.0790469083232551
0.471420197597105,-0.0790572884436279
0.471577234628567,-0.0790676642798249
0.471734299099151,-0.0790780358270156
0.471891391262928,-0.0790884031047441
0.472048511033388,-0.0790987661101015
0.472205658009633,-0.0791091248193435
0.472362832636764,-0.0791194792645419
0.472520035056273,-0.079129829457886
0.472677265249657,-0.0791401754009202
0.472834522958442,-0.0791505170793233
0.472991808216332,-0.0791608544979907
0.473149121081761,-0.0791711876635162
0.473306461573274,-0.079181516579873
0.473463829682484,-0.0791918412492477
0.473621225270386,-0.0792021616652355
0.473778648395085,-0.0792124778343608
0.473936099434762,-0.0792227897841882
0.474093577952567,-0.0792330974888553
0.474251084133396,-0.0792434009631042
0.474408617884436,-0.0792537002036075
0.474566179340842,-0.0792639952219136
0.474723768369136,-0.0792742860120259
0.474881385176244,-0.0792845725901574
0.475039029458914,-0.0792948549392304
0.47519670153359,-0.0793051330825583
0.475354401232597,-0.0793154070119567
0.475512128607122,-0.0793256767334252
0.475669883741405,-0.0793359422551567
0.47582766633427,-0.0793462035602283
0.475985476750751,-0.0793564606750477
0.476143314591589,-0.0793667135763898
0.476301180358004,-0.0793769622994723
0.476459073865487,-0.0793872068350736
0.47661699495673,-0.0793974471756009
0.476774943886437,-0.0794076833402306
0.476932920665247,-0.0794179153323682
0.477090925113809,-0.0794281431430352
0.47724895696577,-0.0794383667575889
0.477407016774692,-0.0794485862145184
0.47756510423882,-0.0794588014970612
0.47772321932432,-0.0794690126056244
0.477881362306602,-0.0794792195606686
0.47803953280155,-0.0794894223400714
0.478197731338322,-0.0794996209805898
0.478355957502629,-0.0795098154582178
0.478514211415725,-0.079520005783333
0.478672493240165,-0.0795301919690781
0.478830802570545,-0.0795403739919907
0.478989139775589,-0.0795505518783797
0.479147504711881,-0.0795607256217221
0.479305897483257,-0.0795708952312994
0.479464318199314,-0.079581060716797
0.47962276668182,-0.0795912220693912
0.47978124283504,-0.0796013792855086
0.479939746866132,-0.079611532381047
0.480098278588427,-0.0796216813466914
0.48025683820776,-0.0796318261982173
0.480415425585333,-0.0796419669293792
0.480574040688728,-0.0796521035406812
0.480732683555385,-0.0796622360371227
0.480891354349616,-0.0796723644318296
0.481050053149858,-0.0796824887324409
0.481208779783253,-0.0796926089305051
0.481367534164029,-0.0797027250230893
0.481526316442941,-0.0797128370223859
0.481685126356057,-0.0797229449141832
0.481843964258759,-0.0797330487236769
0.482002830080242,-0.0797431484490088
0.482161723530976,-0.0797532440743056
0.482320645118922,-0.0797633356344104
0.482479594381019,-0.0797734231025444
0.482638571552612,-0.0797835064961457
0.482797576624264,-0.0797935858172297
0.482956609413634,-0.0798036610567871
0.483115670377423,-0.079813732246323
0.483274759223356,-0.0798237993699433
0.483433875909511,-0.0798338624274778
0.483593020491925,-0.0798439214250172
0.483752192802803,-0.0798539763545089
0.483911393230582,-0.0798640272430526
0.484070621540749,-0.0798740740784403
0.484229877931861,-0.0798841168757074
0.484389162061306,-0.0798941556157837
0.484548474174911,-0.0799041903166579
0.484707814289523,-0.079914220981978
0.484867182284231,-0.0799242476066552
0.485026578177107,-0.0799342701943336
0.485186001875336,-0.0799442887417057
0.485345453665877,-0.0799543032693483
0.485504933399176,-0.0799643137704328
0.485664441071137,-0.0799743202471872
0.48582397679257,-0.079984322709085
0.485983540547647,-0.0799943211576614
0.486143132228899,-0.0800043155886721
0.486302751955792,-0.0800143060120931
0.486462399595583,-0.080024292422131
0.486622075284693,-0.0800342748298103
0.486781778824582,-0.080044253225229
0.48694151033081,-0.0800542276180854
0.48710126994759,-0.080064198019923
0.487261057685513,-0.080074164433921
0.487420873316356,-0.0800841268483036
0.48758071688891,-0.0800940852685584
0.487740588391512,-0.0801040396964621
0.487900488188652,-0.0801139901572321
0.488060416179774,-0.0801239366471383
0.4882203719723,-0.0801338791441653
0.488380355681689,-0.0801438176578992
0.488540367593463,-0.080153752208612
0.488700407668271,-0.0801636827963832
0.488860475804882,-0.080173609417368
0.489020571924927,-0.0801835320691331
0.489180696152905,-0.0801934507618532
0.489340848271537,-0.080203365484537
0.489501028330336,-0.0802132762426819
0.489661236666897,-0.0802231830596851
0.489821473122755,-0.0802330859282472
0.489981737725548,-0.0802429848524841
0.49014203030795,-0.0802528798244858
0.490302350935036,-0.0802627708506894
0.490462699783089,-0.0802726579444462
0.490623076778672,-0.0802825411036909
0.49078348199054,-0.0802924203350781
0.490943915067539,-0.0803022956193861
0.491104376192204,-0.0803121669702404
0.49126486579224,-0.0803220344164662
0.491425383320049,-0.0803318979268439
0.491585929156184,-0.0803417575271021
0.491746503009562,-0.0803516132018241
0.491907105096485,-0.0803614649666694
0.492067735142663,-0.0803713128072445
0.492228393434954,-0.0803811567435314
0.492389079919611,-0.080390996774699
0.492549794525583,-0.0804008328987855
0.492710537244898,-0.0804106651176927
0.492871308266168,-0.0804204934453777
0.493032107571957,-0.0804303178832032
0.493192934887308,-0.080440138416729
0.493353790229463,-0.0804499550493563
0.493514673886732,-0.0804597678011174
0.493675585922575,-0.0804695766783361
0.493836525872766,-0.0804793816550617
0.493997494143527,-0.0804891827583785
0.494158490555193,-0.080498979979795
0.494319515152691,-0.0805087733244004
0.494480568237025,-0.080518562812913
0.494641649544642,-0.0805283484317065
0.494802758953989,-0.0805381301756961
0.49496389659757,-0.0805479080552869
0.495125062513067,-0.0805576820751688
0.495286256602999,-0.0805674522317967
0.495447479046679,-0.0805772185384005
0.495608729608103,-0.0805869809830554
0.495770008528209,-0.0805967395826861
0.49593131574165,-0.0806064943357311
0.49609265114069,-0.0806162452380035
0.496254014741886,-0.0806259922928372
0.496415406670474,-0.0806357355101671
0.496576826753299,-0.0806454748818982
0.496738275139172,-0.080655210419339
0.496899752038936,-0.0806649421375918
0.497061256967539,-0.0806746700097499
0.497222790347748,-0.0806843940635611
0.497384352099725,-0.0806941142966224
0.497545942195904,-0.0807038307095822
0.497707560445906,-0.0807135432932922
0.497869207014606,-0.0807232520599728
0.498030881924034,-0.0807329570133113
0.49819258539569,-0.0807426581689489
0.498354317189458,-0.0807523555148035
0.498516077063553,-0.0807620490386192
0.498677865479757,-0.0807717387703868
0.498839682035074,-0.0807814246883381
0.499001527152426,-0.0807911068200665
0.499163400331157,-0.0808007851379601
0.499325302094713,-0.0808104596755819
0.499487232095256,-0.080820130414514
0.499649190454526,-0.0808297973642759
0.499811177241454,-0.0808394605313091
0.499973192433893,-0.0808491199165976
0.500135236149228,-0.0808587755294322
0.500297308019363,-0.080868427350151
0.500459408145074,-0.0808780753869928
0.500621536684447,-0.0808877196517026
0.500783693930039,-0.0808973601640294
0.50094587944878,-0.0809069969005081
0.501108093590928,-0.0809166298841672
0.501270336022675,-0.0809262590974831
0.501432606704498,-0.0809358845403214
0.50159490604885,-0.0809455062394581
0.50175723368463,-0.0809551241752062
0.501919589738195,-0.0809647383572636
0.502081974358724,-0.0809743487967653
0.502244387250549,-0.0809839554784764
0.50240682846414,-0.0809935584075987
0.502569298514117,-0.0810031576168747
0.502731796729246,-0.0810127530689286
0.502894323361455,-0.0810223447807897
0.503056878817876,-0.0810319327788213
0.503219462612767,-0.0810415170366426
0.503382074967648,-0.0810510975694779
0.50354471587568,-0.0810606743792004
0.503707384968174,-0.0810702474463086
0.503870082479102,-0.0810798167867793
0.5040328085688,-0.0810893824123555
0.50419556304814,-0.0810989443141752
0.504358346099367,-0.0811085025051619
0.504521157873329,-0.0811180569964442
0.504683997958566,-0.0811276077660834
0.504846866856661,-0.0811371548456862
0.505009764095856,-0.0811466982098628
0.505172689861692,-0.0811562378716352
0.505335644046885,-0.0811657738269702
0.50549862691725,-0.0811753060936531
0.505661638098988,-0.0811848346520532
0.50582467799965,-0.0811943595281789
0.505987746359336,-0.0812038807091068
0.506150843336245,-0.0812133982062487
0.506313968872753,-0.0812229120184678
0.506477122977843,-0.0812324221484793
0.506640305658953,-0.0812419285989182
0.506803516913021,-0.0812514313718049
0.506966756777752,-0.0812609304715331
0.50713002530662,-0.0812704259034168
0.507293322277168,-0.0812799176566965
0.507456647912104,-0.0812894057464894
0.507620002146458,-0.0812988901712448
0.50778338492967,-0.0813083709301972
0.507946796387085,-0.0813178480328053
0.508110236496968,-0.0813273214800083
0.50827370506648,-0.0813367912627846
0.508437202379167,-0.0813462573997304
0.508600728336186,-0.0813557198873384
0.508764282912083,-0.0813651787262851
0.508927866061292,-0.0813746339160942
0.509091477860833,-0.0813840854633869
0.509255118328827,-0.0813935333713938
0.509418787535124,-0.0814029776463183
0.509582485298039,-0.081412418279829
0.509746211724934,-0.0814218552802537
0.509909966687058,-0.081431288642341
0.510073750395607,-0.0814407183804152
0.510237562785249,-0.0814501444929009
0.510401403808008,-0.0814595669791704
0.510565273647686,-0.0814689858519467
0.510729172072509,-0.0814784011000618
0.510893099077904,-0.0814878127253564
0.511057054818401,-0.0814972207388641
0.511221039569584,-0.0815066251585891
0.511385052710262,-0.0815160259510265
0.511549094665605,-0.0815254231426065
0.51171316547075,-0.0815348167375537
0.511877264860813,-0.0815442067228127
0.512041393170891,-0.0815535931196647
0.512205549988338,-0.0815629759066568
0.512369735626917,-0.0815723551038064
0.512533949969839,-0.0815817307066117
0.512698193101692,-0.0815911027220114
0.512862464981453,-0.0816004711497906
0.513026765553302,-0.0816098359888691
0.513191094859552,-0.0816191972437686
0.51335545311603,-0.0816285549289225
0.51351984006576,-0.081637909031818
0.513684255564442,-0.0816472595462922
0.513848700011907,-0.0816566064972077
0.514013173160923,-0.0816659498726676
0.514177675330627,-0.0816752896928833
0.514342206303632,-0.0816846259476339
0.514506765796873,-0.0816939586228843
0.514671354234586,-0.081703287744783
0.514835971415496,-0.0817126133040777
0.515000617204949,-0.0817219352951901
0.51516529209889,-0.0817312537483131
0.515329995730228,-0.0817405686448106
0.515494728140335,-0.0817498799890403
0.51565948941852,-0.081759187788146
0.515824279424909,-0.0817684920363117
0.515989098354985,-0.0817777927466483
0.516153946240346,-0.0817870899230476
0.516318823072621,-0.0817963835671055
0.516483728546276,-0.0818056736636335
0.516648663007253,-0.0818149602341684
0.516813626127497,-0.0818242432623435
0.516978618161991,-0.0818335227645468
0.517143639064627,-0.0818427987402933
0.517308688962562,-0.0818520711987943
0.517473767673118,-0.0818613401318449
0.517638875451938,-0.0818706055558403
0.517804011998924,-0.0818798674560051
0.517969177287937,-0.0818891258328737
0.518134371776036,-0.0818983807141576
0.518299595133945,-0.0819076320835029
0.518464847249636,-0.0819168799366106
0.518630128309008,-0.0819261242859278
0.518795438070986,-0.0819353651200359
0.518960776867958,-0.0819446024595547
0.519126144560674,-0.0819538362987922
0.51929154146912,-0.0819630666576504
0.519456967241808,-0.0819722935185563
0.519622421856181,-0.0819815168822134
0.519787905446782,-0.0819907367581615
0.519953417858643,-0.0819999531398126
0.520118959153454,-0.0820091660326163
0.520284529716533,-0.0820183754600884
0.520450129146119,-0.0820275814019265
0.520615757633196,-0.0820367838707047
0.520781414986996,-0.0820459828578532
0.520947101301716,-0.0820551783705982
0.521112816644408,-0.0820643704147011
0.52127856093661,-0.0820735589878281
0.521444334255714,-0.0820827440962731
0.521610136599414,-0.0820919257419276
0.521775967752209,-0.0821011039148462
0.52194182810059,-0.0821102786384251
0.522107717398699,-0.0821194499011105
0.522273635887395,-0.082128617718192
0.522439583161034,-0.082137782069254
0.5226055596672,-0.0821469429809806
0.522771565167487,-0.0821561004422603
0.522937599461548,-0.082165254443978
0.523103662957831,-0.0821744050106508
0.523269755427717,-0.0821835521317244
0.523435876985534,-0.0821926958154524
0.523602027706997,-0.0822018360680075
0.523768207439963,-0.082210972882996
0.523934416219697,-0.0822201062643107
0.524100654145291,-0.0822292362193887
0.524266921085279,-0.0822383627429906
0.52443321740761,-0.082247485857291
0.524599542470906,-0.0822566055290753
0.524765896858871,-0.0822657217922604
0.52493228016247,-0.082274834626465
0.525098692536623,-0.0822839440420915
0.525265133938655,-0.0822930500387978
0.525431604802261,-0.0823021526423055
0.525598104358504,-0.0823112518125311
0.52576463340674,-0.0823203475950553
0.525931191514836,-0.0823294399683226
0.52609777875903,-0.082338528938378
0.526264395035857,-0.0823476145015296
0.526431040471593,-0.0823566966666134
0.526597714994593,-0.082365775431694
0.526764418623707,-0.0823748507997396
0.526931151428658,-0.0823839227765039
0.527097913426909,-0.0823929913648937
0.527264704312323,-0.0824020565501815
0.527431524545731,-0.0824111183593487
0.52759837407034,-0.082420176791319
0.52776525248324,-0.0824292318261054
0.527932160308355,-0.0824382834940467
0.528099097358795,-0.0824473317870076
0.528266063718711,-0.0824563767114448
0.528433059188012,-0.0824654182584319
0.528600083926906,-0.0824744564385456
0.528767137801171,-0.0824834912464617
0.528934220775594,-0.0824925226821778
0.529101333108199,-0.0825015507615824
0.529268474436054,-0.0825105754670025
0.52943564520572,-0.0825195968244468
0.529602845144457,-0.0825286148211591
0.529770074374997,-0.0825376294656328
0.529937332576731,-0.0825466407424888
0.530104620150404,-0.082555648675217
0.530271937289733,-0.0825646532762358
0.530439283326309,-0.0825736545114436
0.530606658677758,-0.0825826524051306
0.53077406334643,-0.0825916469593987
0.530941497379118,-0.0826006381786661
0.531108960739333,-0.0826096260628653
0.531276453222311,-0.082618610602873
0.531443974880541,-0.0826275918033747
0.531611526059431,-0.082636569684825
0.531779106357545,-0.0826455442276267
0.531946716021051,-0.0826545154468043
0.532114355250217,-0.0826634833550143
0.532282023583061,-0.0826724479294119
0.532449721315437,-0.0826814091876415
0.53261744824926,-0.0826903671210329
0.532785204386704,-0.0826993217315575
0.532952989856361,-0.0827082730279774
0.533120804531412,-0.0827172210054224
0.533288648710672,-0.0827261656817073
0.533456522154014,-0.0827351070459328
0.533624425003477,-0.0827440451075021
0.533792357330614,-0.0827529798721141
0.533960318961376,-0.082761911332364
0.534128309729817,-0.0827708394812487
0.534296330002395,-0.0827797643401176
0.534464379571222,-0.0827886858998369
0.534632458431935,-0.0827976041620022
0.534800566933594,-0.0828065191470181
0.534968704806129,-0.082815430842443
0.535136871947744,-0.0828243392446742
0.5353050686809,-0.0828332443726515
0.535473294643631,-0.0828421462090818
0.535641549946752,-0.0828510447616305
0.535809834802082,-0.0828599400433857
0.53597814890992,-0.0828688320403615
0.536146492577023,-0.0828777207705824
0.536314865528877,-0.0828866062214206
0.536483267998314,-0.0828954884069781
0.536651699806272,-0.0829043673196703
0.536820161048863,-0.0829132429663806
0.536988651670294,-0.082922115346017
0.537157171987809,-0.0829309844771325
0.537325721848367,-0.0829398503535286
0.537494301068333,-0.0829487129673206
0.537662909683747,-0.0829575723221993
0.537831547841915,-0.0829664284277515
0.538000215294977,-0.0829752812727921
0.538168912186678,-0.0829841308666665
0.538337638685852,-0.0829929772200929
0.53850639446605,-0.0830018203177756
0.538675179915032,-0.0830106601818292
0.53884399491304,-0.0830194968078431
0.539012839360106,-0.0830283301923621
0.539181713258841,-0.0830371603373141
0.539350616549607,-0.08304598724139
0.539519549412288,-0.0830548109158103
0.53968851213611,-0.0830636313775348
0.53985750407993,-0.0830724485948787
0.54002652572785,-0.0830812625948329
0.540195576953881,-0.0830900733726906
0.540364657651608,-0.0830988809246722
0.540533767969249,-0.0831076852602866
0.540702907692177,-0.0831164863701612
0.540872076940928,-0.0831252842623429
0.541041275805169,-0.0831340789433171
0.541210504115034,-0.0831428704060476
0.541379762070316,-0.0831516586626919
0.541549049752926,-0.0831604437193229
0.541718366801696,-0.0831692255589608
0.541887713398194,-0.0831780041927641
0.542057089673134,-0.0831867796293341
0.542226495736392,-0.0831955518761684
0.54239593119126,-0.0832043209144773
0.54256539630119,-0.0832130867596272
0.54273489091358,-0.0832218494055315
0.542904415232789,-0.0832306088645243
0.543073969224658,-0.0832393651366379
0.543243552639977,-0.0832481182107432
0.543413165737762,-0.0832568681019613
0.543582808644777,-0.0832656148186483
0.543752480726855,-0.0832743583298399
0.543922182752247,-0.0832830986768558
0.544091914216805,-0.0832918358355756
0.544261675530162,-0.083300569828798
0.544431466241746,-0.083309300635123
0.544601286860612,-0.0833180282824533
0.54477113703375,-0.0833267527544468
0.54494101716333,-0.0833354740734821
0.545110926991687,-0.0833441922281077
0.545280866472372,-0.0833529072176321
0.545450835467911,-0.0833616190367318
0.545620834497037,-0.083370327713762
0.545790862981373,-0.0833790332208682
0.545960921116358,-0.0833877355697253
0.54613100863557,-0.0833964347484611
0.546301125828683,-0.0834051307736337
0.546471273163292,-0.0834138236709716
0.546641450178897,-0.0834225134187041
0.546811656896814,-0.0834312000195645
0.546981893177981,-0.0834398834681749
0.547152159097592,-0.0834485637700953
0.547322455011243,-0.0834572409452291
0.547492780476447,-0.0834659149727743
0.547663135734897,-0.0834745858667122
0.54783352076538,-0.0834832536277211
0.548003935902498,-0.08349191827456
0.548174380359729,-0.0835005797689365
0.54834485494026,-0.0835092381533249
0.548515359064275,-0.0835178934000699
0.548685893035023,-0.0835265455262171
0.548856456855811,-0.0835351945336931
0.54902705019601,-0.0835438404074202
0.549197673546225,-0.0835524831739646
0.549368326719131,-0.0835611228256046
0.549539009913111,-0.0835697593740666
0.549709722576312,-0.0835783927931081
0.549880465223953,-0.0835870231104468
0.550051237815718,-0.0835956503258218
0.550222040168635,-0.0836042744316626
0.550392872076649,-0.0836128954192192
0.550563733948171,-0.0836215133108087
0.550734625937256,-0.0836301281159718
0.550905547514536,-0.0836387398096889
0.551076498927801,-0.0836473484060712
0.551247480061647,-0.083655953901034
0.551418490906732,-0.0836645562957913
0.551589531803164,-0.0836731556091715
0.551760602443026,-0.0836817518274068
0.55193170330352,-0.0836903449761418
0.552102833950483,-0.083698935035277
0.552273994394511,-0.0837075220069505
0.552445184785806,-0.0837161059003894
0.552616405009449,-0.0837246867115251
0.552787654953759,-0.0837332644364152
0.552958934754076,-0.0837418390835161
0.553130244607379,-0.0837504106644038
0.553301584428223,-0.0837589791764925
0.553472954269202,-0.0837675446240606
0.553644354079283,-0.0837761070062157
0.553815783735166,-0.0837846663184397
0.553987243213864,-0.0837932225612301
0.554158732827419,-0.0838017757518454
0.554330252501229,-0.0838103258882618
0.554501801897757,-0.0838188729552672
0.554673381082329,-0.0838274169577331
0.554844990408704,-0.0838359579149796
0.555016629533175,-0.0838444958115874
0.555188298672237,-0.0838530306599445
0.555359997564666,-0.0838615624487311
0.55553172669448,-0.083870091203651
0.555703485843802,-0.0838786169155809
0.555875275013438,-0.0838871395861636
0.556047094223289,-0.0838956592180223
0.556218943281214,-0.083904175803259
0.556390822238444,-0.0839126893460355
0.556562731369685,-0.0839211998616341
0.556734670507991,-0.0839297073434559
0.556906639645218,-0.0839382117927042
0.557078638771222,-0.0839467132105077
0.557250667919553,-0.0839552116001617
0.557422727049537,-0.0839637069612929
0.557594816455351,-0.0839721993100716
0.557766935866392,-0.0839806886347867
0.557939085081912,-0.0839891749271056
0.558111264539568,-0.0839976582102371
0.558283473991492,-0.0840061384736419
0.558455713406562,-0.0840146157173724
0.558627983114822,-0.0840230899593131
0.55880028270145,-0.0840315611806926
0.558972612588588,-0.0840400294038514
0.559144972285669,-0.0840484946063231
0.559317362158587,-0.0840569568076528
0.55948978218436,-0.0840654160083798
0.559662232471568,-0.0840738722154426
0.559834712609547,-0.0840823254102919
0.560007222817719,-0.08409077560525
0.560179763097577,-0.0840992228020397
0.560352333507884,-0.0841076670051553
0.560524933972966,-0.0841161082125032
0.560697564998672,-0.0841245464504463
0.560870225859364,-0.0841329816851224
0.561042916791658,-0.0841414139295992
0.561215638068706,-0.0841498431988708
0.561388389495576,-0.0841582694850445
0.561561170941531,-0.0841666927832949
0.561733982563218,-0.0841751131028468
0.561906824322919,-0.0841835304434792
0.562079696219556,-0.0841919448067274
0.562252598353164,-0.0842003561990575
0.562425530328031,-0.0842087646027949
0.562598492868953,-0.0842171700547688
0.562771485262402,-0.084225572521941
0.562944508159316,-0.0842339720374542
0.563117561225122,-0.0842423685867094
0.563290644505328,-0.0842507621734422
0.563463758148981,-0.0842591528064683
0.563636901660408,-0.0842675404633232
0.563810075515257,-0.084275925168595
0.563983279370597,-0.0842843069073067
0.564156513676207,-0.084292685702787
0.564329778041548,-0.0843010615377529
0.564503072785671,-0.0843094344291633
0.564676397839986,-0.0843178043753066
0.564849752964255,-0.084326171366117
0.565023138482181,-0.0843345354187714
0.565196554176598,-0.0843428965243884
0.565370000104491,-0.0843512546872517
0.565543476408414,-0.0843596099158092
0.565716982807044,-0.0843679621980707
0.565890519520176,-0.0843763115461528
0.566064086527931,-0.0843846579606876
0.566237684213882,-0.0843930014616938
0.566411311755127,-0.0844013420111561
0.566584969749585,-0.0844096796392747
0.56675865794464,-0.0844180143355441
0.566932376563206,-0.084426346112194
0.567106125639468,-0.0844346749724387
0.567279904935013,-0.0844430009063745
0.567453714227987,-0.0844513239048685
0.567627554295175,-0.0844596440066931
0.567801424438902,-0.0844679611800582
0.567975324845201,-0.0844762754353167
0.568149255884686,-0.0844845867917799
0.568323216976906,-0.0844928952232571
0.568497208435383,-0.0845012007462
0.568671230347531,-0.0845095033663701
0.568845282789385,-0.0845178030889425
0.569019365556807,-0.0845260999056983
0.569193478229451,-0.0845343937980748
0.56936762165201,-0.0845426848078521
0.569541795539576,-0.0845509729230928
0.569715999625233,-0.0845592581325534
0.569890234082858,-0.0845675404460005
0.570064498817973,-0.0845758198604914
0.570238794281524,-0.0845840963989947
0.570413119962597,-0.084592370038789
0.570587475870948,-0.0846006407817837
0.570761862502605,-0.0846089086530664
0.57093627946434,-0.0846171736355485
0.571110727034509,-0.08462543574389
0.571285204500059,-0.0846336949458192
0.571459712852279,-0.0846419512897526
0.571634251572145,-0.0846502047527452
0.571808820716074,-0.0846584553388985
0.571983420202148,-0.0846667030458474
0.572158050429395,-0.0846749478939651
0.572332710903858,-0.0846831898614507
0.572507402067014,-0.0846914289705975
0.572682123512701,-0.0846996652037804
0.572856875361125,-0.084707898568122
0.573031657904259,-0.0847161290789179
0.573206470829853,-0.0847243567229786
0.573381314038845,-0.0847325814970868
0.573556187773987,-0.0847408034141686
0.573731092294111,-0.0847490224879413
0.57390602724484,-0.0847572387032448
0.574080992861038,-0.0847654520725554
0.574255988822589,-0.0847736625823379
0.574431015591632,-0.0847818702557485
0.57460607275938,-0.0847900750751332
0.574781160380244,-0.084798277044473
0.574956278604897,-0.0848064761723305
0.57513142733265,-0.0848146724554907
0.575306606548906,-0.0848228658947377
0.575481816348029,-0.084831056495971
0.575657056876052,-0.0848392442675163
0.57583232784014,-0.0848474291971617
0.576007629407332,-0.0848556112941503
0.5761829615544,-0.0848637905588935
0.576358324210571,-0.084871966989555
0.576533717310333,-0.0848801405845412
0.57670914110708,-0.0848883113571449
0.576884595605914,-0.0848964793091062
0.577060080692387,-0.084904644436549
0.577235596487291,-0.0849128067465432
0.577411143038084,-0.0849209662427702
0.577586720030247,-0.08492912291205
0.577762327371767,-0.0849372767515249
0.577937965578221,-0.0849454277866299
0.578113634276945,-0.0849535760015791
0.578289333505502,-0.0849617213995255
0.578465063567557,-0.0849698639960306
0.578640824354372,-0.0849780037875392
0.578816615389318,-0.0849861407533788
0.578992437394985,-0.0849942749284382
0.579168289889291,-0.0850024062919321
0.579344172945118,-0.0850105348486212
0.579520087069943,-0.0850186606234496
0.579696031941662,-0.0850267836030184
0.579872007111478,-0.085034903767966
0.580048013118438,-0.0850430211445897
0.58022404997517,-0.0850511357349931
0.580400117128415,-0.0850592475150775
0.580576215243876,-0.0850673565169272
0.58075234406763,-0.0850754627303615
0.580928503495436,-0.0850835661519751
0.581104693433223,-0.085091666778858
0.581280914562817,-0.085099764643831
0.581457166513969,-0.0851078597313661
0.581633449381324,-0.0851159520471753
0.581809762603468,-0.085124041566877
0.581986106697573,-0.0851321283155952
0.582162481096024,-0.0851402122687733
0.582338886631698,-0.0851482934660071
0.582515322900745,-0.0851563718903043
0.582691789909871,-0.0851644475433338
0.582868287852153,-0.0851725204353592
0.583044816711886,-0.0851805905670988
0.583221376421573,-0.0851886579368658
0.583397966533757,-0.0851967225255886
0.583574587627466,-0.0852047843611157
0.58375123945975,-0.0852128434338417
0.583927921897708,-0.0852208997390802
0.584104635300733,-0.0852289532946433
0.584281379378287,-0.085237004088732
0.584458154416989,-0.0852450521357924
0.584634960049056,-0.0852530974205011
0.584811796601686,-0.0852611399591309
0.584988664178587,-0.085269179757853
0.585165562533415,-0.085277216806863
0.585342491525847,-0.0852852511011424
0.585519451477652,-0.0852932826567134
0.58569644214803,-0.0853013114640796
0.585873463738221,-0.0853093375337541
0.586050516150893,-0.0853173608627423
0.586227599509791,-0.0853253814580431
0.586404713914749,-0.0853333993255901
0.58658185901634,-0.0853414144509408
0.586759034928492,-0.0853494268406047
0.586936242008444,-0.0853574365121704
0.587113479770163,-0.0853654434450711
0.587290748521382,-0.0853734476545524
0.587468048442977,-0.0853814491502171
0.587645378836822,-0.0853894479019177
0.587822740612448,-0.0853974439520336
0.588000132777898,-0.0854054372572827
0.588177555945566,-0.0854134278465631
0.588355010057387,-0.0854214157187268
0.588532495568004,-0.0854294008956386
0.588710011769036,-0.0854373833468004
0.588887558978246,-0.0854453630877976
0.589065136878905,-0.0854533401057951
0.5892427458172,-0.0854613144177123
0.589420385730853,-0.0854692860221736
0.589598056802329,-0.0854772549287401
0.589775758925758,-0.085485221134039
0.589953492022259,-0.0854931846358737
0.59013125560087,-0.0855011454135731
0.590309050784076,-0.0855091035187943
0.590486876859713,-0.0855170589211209
0.59066473357282,-0.0855250116103957
0.590842621529618,-0.0855329616151013
0.591020540440082,-0.0855409089237037
0.591198490257078,-0.085548853535418
0.59137647134178,-0.0855567954677449
0.591554483253187,-0.0855647347023784
0.591732526176387,-0.0855726712488858
0.591910599871791,-0.0855806050979588
0.592088705089952,-0.0855885362844171
0.59226684113385,-0.0855964647786188
0.592445008313132,-0.0856043905956204
0.592623206734017,-0.0856123137415383
0.592801435860599,-0.08562023419387
0.592979696098437,-0.0856281519719505
0.593157987638041,-0.0856360670856584
0.593336309895654,-0.0856439795104098
0.593514663534933,-0.0856518892769656
0.593693048253733,-0.0856597963733315
0.593871464028748,-0.0856677007997707
0.594049910996236,-0.0856756025636619
0.594228388867624,-0.0856835016535653
0.594406898155089,-0.0856913980934846
0.594585438298507,-0.0856992918600056
0.594764009901021,-0.0857071829810954
0.594942612253246,-0.0857150714267682
0.595121245922959,-0.0857229572233851
0.595299910475047,-0.0857308403531197
0.595478606251559,-0.085738720832369
0.595657333489968,-0.0857465986729924
0.595836091746871,-0.0857544738567644
0.596014881151699,-0.0857623463906578
0.596193701713695,-0.0857702162764228
0.596372553498369,-0.0857780835182749
0.596551436683455,-0.08578594812537
0.596730350853743,-0.0857938100807634
0.596909295973145,-0.0858016693841377
0.597088272447894,-0.0858095260546878
0.597267280019814,-0.08581738008244
0.597446318744127,-0.0858252314711077
0.597625388638582,-0.0858330802227959
0.597804489982237,-0.0858409263510709
0.597983622403275,-0.0858487698409624
0.59816278595558,-0.0858566106960963
0.598341980999274,-0.0858644489335743
0.598521207503034,-0.0858722845533703
0.598700465097944,-0.0858801175406211
0.598879753739581,-0.0858879478946404
0.599059073592331,-0.0858957756239307
0.599238424865183,-0.0859036007389632
0.599417807502934,-0.0859114232386528
0.599597221328976,-0.0859192431165733
0.599776666439254,-0.0859270603781879
0.599956142763474,-0.0859348750217444
0.60013565013525,-0.0859426870412845
0.600315189118953,-0.085950496462689
0.600494759246069,-0.0859583032669151
0.600674360682072,-0.0859661074624006
0.600853993476312,-0.0859739090526064
0.601033657525156,-0.0859817080343244
0.601213352903978,-0.0859895044121093
0.60139307972903,-0.0859972981923106
0.601572837889488,-0.0860050893714139
0.601752627548951,-0.0860128779577869
0.601932448415784,-0.0860206639400774
0.602112300527514,-0.0860284473211633
0.602292184340093,-0.0860362281220964
0.602472099099887,-0.0860440063115689
0.602652045284767,-0.0860517819114639
0.602832022798674,-0.086059554918973
0.603012031601876,-0.0860673253336516
0.603192072042027,-0.0860750931718015
0.60337214378986,-0.0860828584205097
0.603552246797279,-0.08609062107893
0.603732381492315,-0.086098381166806
0.603912547191963,-0.0861061386559982
0.604092744622774,-0.0861138935790257
0.604272973362446,-0.0861216459190475
0.604453233491445,-0.086129395680746
0.60463352510691,-0.0861371428695812
0.604813848051602,-0.0861448874800678
0.604994202233311,-0.0861526295094916
0.605174588377245,-0.0861603689902856
0.605355005583139,-0.0861681058851137
0.605535454145222,-0.0861758402077646
0.605715934264223,-0.0861835719681602
0.605896445716912,-0.0861913011580157
0.6060769884294,-0.0861990277753995
0.606257563152435,-0.0862067518537399
0.60643816878775,-0.0862144733473341
0.606618806180923,-0.086222192293508
0.606799475160632,-0.0862299086862878
0.60698017557683,-0.0862376225204824
0.607160907313994,-0.0862453337923843
0.607341670666832,-0.086253042515829
0.607522465415035,-0.0862607486826981
0.607703291689924,-0.086268452299822
0.607884149762779,-0.086276153380036
0.608065039135181,-0.0862838519033587
0.608245960210635,-0.0862915478881686
0.608426912720793,-0.0862992413243267
0.60860789686351,-0.0863069322214682
0.608788912391948,-0.086314620570355
0.608969959354179,-0.0863223063742497
0.609151037951166,-0.0863299896429497
0.609332148136388,-0.0863376703757447
0.609513289732172,-0.0863453485663204
0.60969446301376,-0.0863530242275773
0.609875668011165,-0.0863606973620555
0.610056904598053,-0.0863683679656276
0.610238172667529,-0.0863760360349751
0.610419472318335,-0.0863837015755025
0.610600803564139,-0.0863913645890361
0.610782166344236,-0.0863990250742415
0.610963560922311,-0.0864066830434948
0.611144987072612,-0.0864143384885064
0.611326444792357,-0.0864219914103541
0.611507934417744,-0.0864296418244598
0.611689455626901,-0.0864372897184929
0.611871008429822,-0.0864449350940532
0.612052592813707,-0.0864525779518258
0.612234208647072,-0.0864602182874964
0.612415856203488,-0.0864678561138054
0.612597535340202,-0.0864754914259996
0.612779246367696,-0.0864831242383463
0.612960989134942,-0.0864907545457376
0.613142763332619,-0.0864983823363584
0.613324569354764,-0.0865060076279466
0.613506406971061,-0.0865136304120923
0.613688276107076,-0.0865212506868599
0.613870176997573,-0.0865288684633096
0.614052109848686,-0.0865364837513249
0.614234074116135,-0.0865440965293178
0.614416070310046,-0.0865517068198017
0.614598098050474,-0.0865593146081335
0.614780157678222,-0.0865669199097389
0.614962249144198,-0.0865745227238037
0.615144372139658,-0.0865821230386115
0.615326526981014,-0.0865897208685516
0.615508713468348,-0.0865973162065154
0.615690931893838,-0.0866049090658785
0.615873181913025,-0.0866124994334976
0.616055463711394,-0.0866200873182673
0.616237777429296,-0.0866276727272571
0.616420122671156,-0.0866352556451968
0.616602499757673,-0.0866428360865932
0.616784908569535,-0.0866504140477162
0.616967349434661,-0.0866579895433862
0.617149821935052,-0.0866655625574444
0.617332326394046,-0.0866731331044655
0.617514862612203,-0.0866807011773884
0.617697430559221,-0.0866882667761194
0.617880030364655,-0.0866958299072214
0.618062662015857,-0.0867033905713729
0.618245325474998,-0.0867109487681882
0.618428020488453,-0.086718504488341
0.618610747492412,-0.0867260577510584
0.618793506442678,-0.0867336085557461
0.618976297355078,-0.0867411569042266
0.619159119995346,-0.0867487027879846
0.619341974517237,-0.0867562462145254
0.619524860965646,-0.0867637871869001
0.619707779364651,-0.0867713257072831
0.619890729727728,-0.0867788617774018
0.620073711692098,-0.0867863953834646
0.620256725742786,-0.0867939265466047
0.620439771498571,-0.0868014552523449
0.620622849130825,-0.0868089815088757
0.620805958674327,-0.086816505318823
0.620989100249511,-0.0868240266883168
0.621172273601753,-0.0868315456080633
0.621355479135005,-0.0868390620958017
0.621538716308727,-0.0868465761305325
0.62172198578349,-0.0868540877404834
0.621905286969985,-0.0868615969027012
0.622088619899555,-0.0868691036195691
0.622271984842744,-0.0868766079033556
0.622455381819406,-0.0868841097560726
0.622638810675042,-0.0868916091725511
0.62282227161375,-0.0868991061622849
0.623005764503381,-0.0869066007210437
0.623189289245619,-0.0869140928459461
0.623372846270012,-0.0869215825556962
0.623556435255534,-0.0869290698383732
0.623740055802594,-0.0869365546787719
0.623923708652499,-0.0869440371082688
0.624107393762273,-0.0869515171263462
0.624291110746461,-0.0869589947184183
0.624474859801211,-0.0869664698935761
0.624658640705406,-0.0869739426439836
0.624842453928812,-0.0869814129898944
0.625026299253158,-0.0869888809236183
0.625210176178275,-0.0869963464259257
0.625394085068743,-0.0870038095127386
0.625578026236723,-0.0870112701979412
0.62576199936163,-0.0870187284696907
0.625946004656014,-0.0870261843377146
0.626130041939593,-0.0870336377958579
0.626314111156395,-0.0870410888429701
0.626498212390537,-0.0870485374835989
0.626682345875698,-0.0870559837283636
0.626866511417193,-0.0870634275705394
0.627050709117399,-0.0870708690153769
0.627234938895123,-0.0870783080607321
0.627419200891223,-0.087085744713421
0.627603494894844,-0.087093178966066
0.627787820974663,-0.0871006108225488
0.627972179249418,-0.0871080402888037
0.628156569707835,-0.0871154673655166
0.628340992117299,-0.0871228920444293
0.628525446750066,-0.0871303143376211
0.628709933733996,-0.0871377342513992
0.628894452991469,-0.0871451517837664
0.629079004344175,-0.0871525669286474
0.629263587545722,-0.08715997967723
0.629448203021619,-0.0871673900477326
0.629632850666077,-0.087174798037079
0.6298175304358,-0.0871822036446384
0.630002242641141,-0.0871896068839842
0.63018698686548,-0.0871970077395403
0.630371763294618,-0.0872044062198284
0.630556572199716,-0.0872118023368552
0.630741413321026,-0.0872191960813472
0.630926286476917,-0.0872265874471061
0.631111191705469,-0.0872339764367535
0.631296129378599,-0.0872413630662973
0.631481099207187,-0.0872487473253259
0.631666101180093,-0.0872561292144689
0.631851135593727,-0.0872635087466773
0.63203620212166,-0.0872708859100526
0.632221300849133,-0.0872782607090673
0.632406431996238,-0.0872856331536187
0.632591595535805,-0.0872930032437475
0.63277679139278,-0.0873003709775524
0.632962019581557,-0.0873077363566915
0.633147279744828,-0.0873150993680391
0.633332572396089,-0.0873224600331005
0.633517897184366,-0.087329818339075
0.633703254198077,-0.0873371742905419
0.633888643511551,-0.0873445278915675
0.634074065586408,-0.0873518791615905
0.634259519670386,-0.0873592280718787
0.634445006041162,-0.0873665746344584
0.634630524836071,-0.0873739188559051
0.634816075756318,-0.0873812607254855
0.635001659244953,-0.0873886002618153
0.635187275093774,-0.0873959374577846
0.635372923138614,-0.0874032723079571
0.635558603707001,-0.0874106048263619
0.635744316628184,-0.0874179350073683
0.635930062027584,-0.0874252628569968
0.636115839637033,-0.0874325883657484
0.636301649685016,-0.0874399115437025
0.636487491821084,-0.087447232378142
0.636673366419453,-0.0874545508848835
0.636859273839573,-0.0874618670792224
0.637045213360311,-0.0874691809338482
0.637231185219081,-0.0874764924591094
0.637417189819183,-0.087483801671991
0.637603226621941,-0.0874911085524143
0.637789296038241,-0.0874984131175534
0.637975397679463,-0.08750571535325
0.638161532107785,-0.0875130152826257
0.638347698632181,-0.0875203128796729
0.638533897761904,-0.0875276081653816
0.638720129570345,-0.0875349011437569
0.638906393690222,-0.0875421918014677
0.639092690097893,-0.0875494801386159
0.639279019018992,-0.0875567661651161
0.639465380353869,-0.0875640498781659
0.639651774422975,-0.0875713312913632
0.639838200670014,-0.0875786103840428
0.64002465934593,-0.0875858871670256
0.640211150735969,-0.0875931616525565
0.640397674632219,-0.0876004338336054
0.640584231105498,-0.0876077037139692
0.640770820010965,-0.0876149712890597
0.640957441556527,-0.0876222365680303
0.641144095404569,-0.0876294995388012
0.641330782186414,-0.0876367602269949
0.641517501366181,-0.0876440186128592
0.641704252790436,-0.0876512746914194
0.641891037026097,-0.0876585284857795
0.642077853643822,-0.0876657799803631
0.64226470295828,-0.0876730291884085
0.642451585227971,-0.0876802761210376
0.642638499756443,-0.0876875207522722
0.642825446761532,-0.0876947630915424
0.64301242654374,-0.0877020031515864
0.643199438703209,-0.0877092409179843
0.643386483534364,-0.0877164764031549
0.643573561272087,-0.0877237096172728
0.643760671273495,-0.0877309405365116
0.643947814107086,-0.0877381691838467
0.644134989394382,-0.0877453955457454
0.644322197481825,-0.0877526196366059
0.644509438213639,-0.0877598414514841
0.644696711537951,-0.0877670609893981
0.64488401756044,-0.0877742782554612
0.645071356074772,-0.0877814932427642
0.645258727184079,-0.087788705956307
0.645446131085067,-0.0877959164047258
0.645633567850314,-0.0878031245918706
0.645821037290803,-0.0878103305114949
0.646008539546739,-0.0878175341700005
0.64619607452977,-0.0878247355650293
0.646383641798694,-0.0878319346806396
0.646571242025378,-0.0878391315436496
0.646758874763804,-0.0878463261380336
0.646946540303008,-0.0878535184758758
0.647134238355791,-0.0878607085472156
0.647321969362739,-0.087867896369955
0.647509733209481,-0.0878750819407776
0.647697529906077,-0.0878822652610722
0.64788535916324,-0.0878894463207761
0.648073221220841,-0.0878966251300681
0.648261116258166,-0.0879038016968575
0.64844904383833,-0.0879109760054722
0.648637003989676,-0.0879181480579749
0.648824996948633,-0.0879253178644339
0.649013022645297,-0.0879324854232328
0.649201081359023,-0.0879396507460461
0.649389172834567,-0.0879468138241739
0.649577297057234,-0.0879539746580406
0.649765454371714,-0.0879611332617948
0.649953644046894,-0.087968289608631
0.650141866544211,-0.0879754437170662
0.650330121889374,-0.0879825955891508
0.650518410161982,-0.0879897452289307
0.650706731583347,-0.0879968926458318
0.650895085283104,-0.0880040378078
0.651083472379835,-0.088011180758248
0.651271892051627,-0.0880183214670917
0.651460344807927,-0.0880254599545839
0.651648830479949,-0.0880325962153753
0.651837348523204,-0.0880397302298126
0.65202589984816,-0.0880468620333553
0.652214483598546,-0.0880539915946759
0.652403100687733,-0.0880611189492716
0.652591750726967,-0.0880682440835207
0.652780433401369,-0.0880753669864675
0.65296914903974,-0.088082487671511
0.653157897589419,-0.0880896061377007
0.653346679193592,-0.0880967223914371
0.653535493454435,-0.088103836418714
0.653724341202691,-0.0881109482518282
0.653913221617525,-0.0881180578608973
0.654102135332678,-0.0881251652707107
0.654291081337925,-0.088132270444266
0.654480060605813,-0.0881393734190879
0.654669072781272,-0.088146474182912
0.654858117935142,-0.0881535727393581
0.65504719610136,-0.0881606690906972
0.655236306992347,-0.0881677632271161
0.655425451057613,-0.0881748551664649
0.655614628307367,-0.0881819449101588
0.655803838377337,-0.0881890324455076
0.65599308165265,-0.0881961177879015
0.656182357810775,-0.0882032009262706
0.656371666810922,-0.0882102818600409
0.656561008954635,-0.0882173606014929
0.656750384362445,-0.0882244371561519
0.656939792650778,-0.0882315115106511
0.657129233590816,-0.0882385836573753
0.657318708038494,-0.0882456536292886
0.657508215330249,-0.0882527214026636
0.657697755878601,-0.0882597869938119
0.657887329443963,-0.0882668503948039
0.658076935912563,-0.0882739116023463
0.658266575604805,-0.0882809706293556
0.658456248442805,-0.0882880274739354
0.658645954229741,-0.0882950821297161
0.658835693117606,-0.088302134603312
0.659025464885657,-0.0883091848875003
0.659215270141609,-0.0883162330058427
0.659405108405553,-0.0883232789415202
0.659594979567845,-0.0883303226913755
0.659784883983014,-0.0883373642695408
0.659974821532492,-0.0883444036726205
0.660164792265657,-0.0883514409033998
0.66035479628979,-0.0883584759668236
0.660544833081204,-0.0883655088444492
0.660734903255024,-0.0883725395599894
0.660925006602161,-0.0883795681067266
0.661115143218075,-0.0883865944891323
0.661305313025564,-0.0883936187053139
0.661495515880681,-0.0884006407508982
0.661685751781475,-0.0884076606267635
0.661876020856916,-0.0884146783386438
0.662066323408186,-0.0884216938986369
0.662256658966465,-0.0884287072904178
0.662447027855299,-0.0884357185268312
0.662637430019111,-0.0884427276068126
0.662827865298509,-0.0884497345254339
0.663018333824711,-0.0884567392884682
0.663208835575788,-0.0884637418960765
0.663399370598172,-0.0884707423509188
0.663589939015248,-0.0884777406584878
0.663780540548751,-0.0884847368095093
0.663971175502432,-0.0884917308160681
0.664161843578508,-0.0884987226682022
0.664352545179451,-0.088505712381608
0.664543279722235,-0.0885126999358725
0.664734047721979,-0.0885196853507852
0.664924849120633,-0.0885266686252147
0.665115683511161,-0.0885336497451807
0.665306551410522,-0.0885406287305268
0.66549745240638,-0.0885476055671532
0.665688386987257,-0.0885545802738404
0.665879355173417,-0.0885615528523104
0.666070356247827,-0.0885685232772795
0.666261390930612,-0.0885754915759329
0.666452458868903,-0.0885824577363939
0.666643560154205,-0.0885894217629069
0.666834694336115,-0.0885963836399876
0.667025862346459,-0.0886033434025261
0.66721706363929,-0.0886103010316444
0.667408298364783,-0.0886172565336882
0.667599566460729,-0.0886242099073346
0.667790867751947,-0.0886311611471348
0.667982202406113,-0.0886381102601112
0.668173570593939,-0.0886450572534247
0.668364972389325,-0.0886520021307042
0.668556407131274,-0.0886589448688641
0.668747875619778,-0.0886658854978252
0.668939377540043,-0.0886728240071665
0.66913091297538,-0.0886797604008007
0.669322482109869,-0.0886866946863275
0.669514084301378,-0.0886936268414084
0.669705719959133,-0.0887005568817362
0.669897389093809,-0.0887074848086694
0.670089091749186,-0.0887144106247195
0.670280827572984,-0.0887213343180691
0.670472597135665,-0.0887282559102371
0.670664399831399,-0.0887351753803062
0.670856236086687,-0.08874209274455
0.671048106004495,-0.0887490080076482
0.671240009264061,-0.0887559211589487
0.671431946357458,-0.0887628322170825
0.671623916980576,-0.0887697411720392
0.671815921003075,-0.0887766480199998
0.672007958630186,-0.0887835527692583
0.672200029687122,-0.0887904554144579
0.672392134206553,-0.0887973559576741
0.672584272345969,-0.0888042544054912
0.672776443831451,-0.0888111507489907
0.67296864901209,-0.0888180450016046
0.673160887649282,-0.088824937155707
0.673353160018148,-0.08883182722206
0.67354546601893,-0.088838715198013
0.67373780557094,-0.088845601081564
0.67393017884859,-0.0888524848798597
0.674122585615586,-0.0888593665853528
0.674315026033843,-0.088866246204724
0.674507499598015,-0.0888731237208083
0.674700006970794,-0.0888799991581853
0.674892547951529,-0.0888868725106509
0.675085122450696,-0.0888937437758873
0.675277730809501,-0.0889006129669752
0.675470373049853,-0.0889074800856212
0.675663048842259,-0.0889143451209519
0.675855758005634,-0.08892120806737
0.676048501060572,-0.088928068944328
0.676241277745639,-0.088934927743456
0.676434088016032,-0.0889417844640273
0.676626932082671,-0.0889486391144438
0.676819809786917,-0.0889554916899723
0.67701272101208,-0.0889623421873413
0.677205666070833,-0.0889691906185544
0.677398644867549,-0.0889760369811344
0.677591657427681,-0.0889828812768635
0.677784703538429,-0.0889897234990754
0.677977783533385,-0.0889965636604805
0.678170897275948,-0.0890034017571517
0.678364045013289,-0.0890102377987214
0.67855722591029,-0.0890170717564994
0.678750440678131,-0.0890239036564959
0.678943689093744,-0.0890307334917769
0.679136971546334,-0.0890375612769827
0.679330287812726,-0.0890443870051306
0.679523637651429,-0.0890512106685375
0.679717021216497,-0.0890580322735096
0.679910438531365,-0.089064851821778
0.680103889459074,-0.0890716693093971
0.68029737463102,-0.0890784847595168
0.680490893387204,-0.0890852981497881
0.680684446000199,-0.0890921094906322
0.680878032271255,-0.0890989187759499
0.681071652764705,-0.0891057260264778
0.681265306764805,-0.0891125312179417
0.681458994508115,-0.0891193343594757
0.681652716119574,-0.0891261354563785
0.681846472095673,-0.0891329345269884
0.682040261855044,-0.0891397315517802
0.682234085298771,-0.0891465265280876
0.682427942337017,-0.0891533194536249
0.682621833586665,-0.0891601103509117
0.682815758616707,-0.0891668992057595
0.683009717210143,-0.0891736860113909
0.683203710063134,-0.0891804707930514
0.683397736599823,-0.089187253531506
0.683591797312533,-0.0891940342447983
0.683785891516148,-0.0892008129098667
0.683980020065333,-0.0892075895574045
0.6841741824708,-0.0892143641712485
0.684368378543189,-0.0892211367455984
0.684562608982325,-0.0892279073057399
0.684756873298821,-0.0892346758355127
0.684951171456432,-0.0892414423344626
0.685145503461627,-0.0892482068036755
0.685339869634886,-0.0892549692551873
0.685534269697516,-0.0892617296801766
0.685728703576375,-0.0892684880769291
0.685923171368222,-0.089275244449669
0.686117673564019,-0.0892819988163453
0.686312209617951,-0.0892887511588705
0.686506779548583,-0.0892955014786898
0.686701383817236,-0.0893022497926855
0.686896021923392,-0.0893089960843704
0.687090694057968,-0.0893157403611761
0.687285400119969,-0.0893224826204719
0.687480140184194,-0.0893292228656995
0.687674914360225,-0.0893359611015172
0.687869722825492,-0.0893426973349279
0.688064565034993,-0.0893494315479205
0.688259441107767,-0.089356163745418
0.688454351339751,-0.0893628939385276
0.688649295764114,-0.0893696221292738
0.688844274540635,-0.0893763483240193
0.68903928691331,-0.0893830724975012
0.689234333635795,-0.08938979467652
0.689429414533386,-0.0893965148559608
0.689624529324453,-0.0894032330269342
0.689819678317046,-0.0894099492008789
0.690014861714683,-0.0894166633856765
0.69021007902111,-0.0894233755650859
0.690405330702321,-0.0894300857559413
0.690600616337788,-0.0894367939446507
0.690795936153653,-0.0894435001397951
0.690991290116883,-0.0894502043410992
0.691186678149765,-0.0894569065467292
0.691382100457543,-0.0894636067645658
0.691577556622124,-0.0894703049811121
0.691773047294362,-0.0894770012195033
0.691968572078559,-0.0894836954670578
0.692164131288036,-0.0894903877353082
0.692359724658569,-0.0894970780160525
0.692555352256281,-0.0895037663123591
0.692751013606762,-0.0895104526088281
0.692946709364842,-0.0895171369286674
0.693142439259819,-0.0895238192635144
0.693338203717805,-0.0895304996287391
0.693534002093284,-0.089537178003143
0.693729834842815,-0.0895438544030888
0.693925701808044,-0.0895505288240395
0.694121603269649,-0.0895572012763824
0.694317538716137,-0.0895638717435178
0.694513508489512,-0.0895705402378855
0.694709512688869,-0.0895772067637181
0.694905551101287,-0.0895838713145935
0.695101623837862,-0.0895905338950939
0.695297730897293,-0.089597194506006
0.695493872227851,-0.0896038531463906
0.695690047925171,-0.0896105098203138
0.695886257889836,-0.0896171645252253
0.696082501808554,-0.0896238172513003
0.696278780525866,-0.0896304680280036
0.696475093477816,-0.0896371168370897
0.696671440404343,-0.0896437636705036
0.696867821811458,-0.0896504085461978
0.697064237814241,-0.0896570514689349
0.697260688266991,-0.0896636924345962
0.697457172965739,-0.0896703314370682
0.697653692001903,-0.089676968480238
0.697850245809093,-0.0896836035795892
0.698046833897667,-0.0896902367194128
0.6982434564678,-0.0896968679072323
0.698440113146032,-0.0897034971312645
0.698636804228849,-0.0897101244023025
0.698833529980274,-0.0897167497300942
0.699030289679023,-0.0897233730911478
0.699227083853598,-0.0897299945040287
0.69942391262954,-0.0897366139738255
0.699620775994851,-0.0897432315009467
0.699817673649653,-0.0897498470760938
0.70001460580151,-0.0897564607070262
0.700211572748889,-0.0897630724045998
0.700408573917967,-0.0897696821503495
0.700605609729161,-0.0897762899591483
0.700802680037084,-0.089782895826951
0.700999784908643,-0.0897894997567888
0.701196923809693,-0.0897961017315494
0.701394097280247,-0.0898027017701064
0.701591305545323,-0.0898092998808539
0.701788548423747,-0.089815896058532
0.701985825795939,-0.0898224902999064
0.702183137440396,-0.0898290825983476
0.702380484103847,-0.0898356729796164
0.702577864790795,-0.0898422614112829
0.702775280102817,-0.0898488479141671
0.702972730250995,-0.0898554324961702
0.703170214972588,-0.0898620151493241
0.703367734170067,-0.0898685958711355
0.7035652882442,-0.089875174675754
0.703762876554785,-0.0898817515426549
0.703960499670761,-0.0898883264915377
0.704158156926506,-0.0898948995010717
0.704355849180712,-0.089901470600589
0.704553576051788,-0.089908039778249
0.704751337401392,-0.0899146070301985
0.704949133244175,-0.0899211723577008
0.705146964162386,-0.0899277357808972
0.705344829554296,-0.089934297280626
0.70554272958273,-0.0899408568630211
0.705740664275261,-0.0899474145297958
0.705938633492475,-0.0899539702771137
0.70613663733628,-0.0899605241091293
0.706334676001207,-0.0899670760330831
0.706532749341691,-0.0899736260449479
0.70673085736065,-0.0899801741455845
0.706929000172206,-0.0899867203395469
0.70712717769392,-0.0899932646248937
0.707325389870362,-0.0899998070005614
0.707523636869524,-0.090006347472874
0.707721918477048,-0.090012886035541
0.707920234970484,-0.0900194226984841
0.708118586366832,-0.0900259574630593
0.708316972244445,-0.0900324903161282
0.708515392817699,-0.0900390212655005
0.708713848216465,-0.0900455503162549
0.708912338599255,-0.0900520774743963
0.709110863211238,-0.0900586027158534
0.709309422900622,-0.0900651260692558
0.709508017416171,-0.0900716475271836
0.709706646937582,-0.0900781670962865
0.709905311158349,-0.0900846847672657
0.710104009973321,-0.0900912005374086
0.710302743947381,-0.0900977144260255
0.710501512339874,-0.090104226409624
0.710700315681393,-0.0901107365063174
0.710899153894456,-0.0901172447143787
0.711098026972059,-0.0901237510343354
0.711296934822803,-0.0901302554639547
0.711495877625802,-0.0901367580098566
0.71169485533934,-0.0901432586714521
0.711893867777715,-0.0901497574434227
0.712092915233695,-0.090156254336088
0.712291997627806,-0.0901627493476339
0.712491114992857,-0.090169242479881
0.712690266876157,-0.0901757337188095
0.71288945387805,-0.0901822230847399
0.713088675954297,-0.0901887105770384
0.713287932835537,-0.0901951961876699
0.713487224768418,-0.090201679925403
0.713686551418615,-0.090208161780123
0.713885913094865,-0.0902146417626141
0.714085309627519,-0.090221119868138
0.714284741100907,-0.0902275961001804
0.71448420762477,-0.0902340704630708
0.714683708946139,-0.0902405429493485
0.714883245653798,-0.0902470135788696
0.715082817158803,-0.0902534823333037
0.715282423666369,-0.0902599492200089
0.715482065056869,-0.0902664142358737
0.715681741474811,-0.0902728773863274
0.715881452836398,-0.0902793386694179
0.716081199524487,-0.0902857980982875
0.716280980900962,-0.0902922556530485
0.71648079725499,-0.0902987113437562
0.716680648992084,-0.0903051651843026
0.716880535595595,-0.090311617158756
0.717080457358335,-0.0903180672772775
0.717280414305941,-0.0903245155414601
0.717480406273232,-0.090330961946711
0.717680433188879,-0.0903374064914562
0.71788049515887,-0.0903438491798554
0.718080592661286,-0.0903502900280744
0.718280725043049,-0.0903567290158351
0.71848089245267,-0.0903631661486046
0.718681095090024,-0.0903696014335732
0.718881332571947,-0.0903760348591676
0.719081605020996,-0.0903824664300448
0.719281912739952,-0.0903888961566971
0.719482255764173,-0.0903953240410217
0.719682633660863,-0.0904017500698483
0.719883046934844,-0.0904081742600862
0.720083495281899,-0.0904145966027458
0.720283979043925,-0.0904210171095007
0.720484497667617,-0.0904274357633656
0.720685051530252,-0.090433852577123
0.720885640692434,-0.09044026755348
0.721086264925153,-0.0904466806858384
0.721286924654581,-0.0904530919885478
0.721487619609177,-0.0904595014536785
0.721688349770207,-0.0904659090813322
0.721889114872933,-0.0904723148637747
0.72208991574692,-0.0904787188282191
0.722290751736707,-0.0904851209545223
0.722491622461299,-0.0904915212311952
0.722692528659015,-0.0904979196825001
0.722893470208497,-0.0905043163053585
0.723094446966687,-0.0905107110959221
0.723295458982334,-0.0905171040564535
0.723496506572426,-0.0905234951977717
0.723697589377373,-0.0905298845091722
0.723898707567591,-0.0905362719967642
0.724099860627454,-0.0905426576448871
0.724301049209745,-0.0905490414749793
0.724502273024776,-0.0905554234786146
0.724703532147212,-0.0905618036588611
0.724904826772122,-0.0905681820226339
0.725106156598302,-0.0905745585611069
0.725307522133043,-0.0905809332910572
0.725508922776957,-0.0905873061942364
0.725710358713174,-0.0905936772771152
0.72591182991316,-0.0906000465395264
0.726113336970904,-0.0906064140009871
0.726314878906076,-0.090612779631236
0.726516456236184,-0.0906191434472781
0.726718069197422,-0.0906255054573396
0.726919717601541,-0.0906318656562002
0.727121401464723,-0.09063822404506
0.727323120805725,-0.0906445806252181
0.727524875461429,-0.0906509353922379
0.7277266654503,-0.0906572883474015
0.727928490988132,-0.0906636394982268
0.728130352078994,-0.0906699888455669
0.728332248488053,-0.0906763363827309
0.728534180279751,-0.0906826821124368
0.728736147580541,-0.0906890260393801
0.728938150519233,-0.0906953681683276
0.729140189001748,-0.0907017084970317
0.729342262737984,-0.0907080470170703
0.729544372141335,-0.0907143837421107
0.729746516948694,-0.0907207186646307
0.72994869725639,-0.0907270517883363
0.73015091310626,-0.0907333831152501
0.730353164472171,-0.0907397126452588
0.730555451490257,-0.0907460403833247
0.730757774148905,-0.0907523663297908
0.730960132052261,-0.0907586904729606
0.731162525379174,-0.0907650128191056
0.731364954257478,-0.0907713333729467
0.731567419160574,-0.090777652149993
0.731769919296723,-0.090783969126229
0.731972455126869,-0.090790284316683
0.732175026577707,-0.0907965977197993
0.732377633645102,-0.0908029093361379
0.732580276418984,-0.0908092191691947
0.732782954815311,-0.0908155272170468
0.732985668703134,-0.0908218334762994
0.733188418395315,-0.0908281379573813
0.733391203888775,-0.0908344406609099
0.733594024655705,-0.0908407415711474
0.733796881390152,-0.0908470407103349
0.733999773649608,-0.0908533380654586
0.734202701436926,-0.0908596336372637
0.734405665020211,-0.0908659274347709
0.734608664547199,-0.0908722194632748
0.734811699499916,-0.0908785097073931
0.73501477016555,-0.090884798176681
0.735217876371397,-0.0908910848664983
0.735421018515637,-0.0908973697898617
0.735624196655618,-0.0909036529492587
0.735827409903756,-0.0909099343178896
0.736030659249849,-0.0909162139270081
0.736233943943738,-0.0909224917541745
0.736437265034612,-0.0909287678324565
0.736640621766397,-0.0909350421392376
0.736844014414791,-0.0909413146836475
0.73704744231649,-0.0909475854459051
0.737250906125778,-0.0909538544468452
0.737454405696644,-0.0909601216827021
0.737657941261072,-0.0909663871612966
0.737861512899572,-0.090972650885797
0.738065120307036,-0.0909789128474753
0.738268763273737,-0.0909851730405229
0.738472442133492,-0.0909914314758814
0.738676156453725,-0.090997688140953
0.738879906848055,-0.0910039430552589
0.739083692997393,-0.0910101962097151
0.739287515207338,-0.091016447614357
0.739491372999104,-0.0910226972551747
0.739695266922673,-0.0910289451496868
0.739899196802908,-0.0910351912932305
0.740103162690052,-0.091041435687997
0.740307164208346,-0.0910476783231383
0.740511201440864,-0.0910539192018475
0.74071527488632,-0.0910601583400821
0.740919384360966,-0.0910663957329215
0.741123529413556,-0.0910726313672074
0.741327710929398,-0.0910788652706486
0.741531928236749,-0.0910850974234382
0.741736181006852,-0.0910913278161469
0.741940470268825,-0.0910975564808543
0.742144795202109,-0.0911037833932549
0.74234915613394,-0.0911100085639362
0.742553553047862,-0.0911162319930864
0.74275798600036,-0.0911224536830908
0.74296245502117,-0.0911286736355198
0.743166960142504,-0.0911348918520147
0.743371501370473,-0.0911411083334201
0.743576078773074,-0.0911473230824595
0.743780691488159,-0.0911535360735758
0.743985340307477,-0.0911597473314512
0.744190025489035,-0.0911659568646555
0.744394746862448,-0.0911721646686848
0.744599503716935,-0.0911783707225972
0.744804296855776,-0.0911845750513811
0.745009126260044,-0.0911907776551836
0.745213991830252,-0.0911969785316361
0.745418893052352,-0.0912031776658029
0.745623830397084,-0.0912093750725687
0.745828803896366,-0.0912155707535975
0.746033813650164,-0.0912217647125708
0.746238859418464,-0.091227956942883
0.746443941654825,-0.0912341474588782
0.746649059779719,-0.091240336243721
0.746854213771012,-0.0912465232973536
0.747059404595924,-0.0912527086496351
0.747264631361728,-0.0912588922743359
0.747469894342217,-0.0912650741802904
0.74767519350363,-0.091271254367149
0.747880528730486,-0.0912774328320792
0.748085900556252,-0.091283609591792
0.748291308119395,-0.0912897846210275
0.748496751854911,-0.0912959579334666
0.748702231753381,-0.0913021295295135
0.748907747889783,-0.0913082994120738
0.749113300544754,-0.091314467590231
0.749318888960101,-0.0913206340418659
0.749524514212128,-0.091326798799889
0.749730175753813,-0.0913329618485943
0.749935873053793,-0.0913391231726348
0.750141606541581,-0.0913452827855042
0.750347376468896,-0.0913514406954337
0.750553182985774,-0.0913575969075763
0.750759025416759,-0.0913637514023447
0.750964904149591,-0.0913699041919375
0.751170819371158,-0.0913760552826192
0.751376770683352,-0.0913822046631344
0.751582758310729,-0.0913883523408067
0.751788782485184,-0.0913944983232206
0.751994842870349,-0.0914006426009797
0.752200939646748,-0.0914067851800824
0.752407072960064,-0.0914129260655228
0.752613242481743,-0.0914190652481432
0.752819448409248,-0.0914252027344403
0.753025691076317,-0.091431338535006
0.753231969709116,-0.0914374726274424
0.753438284405319,-0.0914436050152405
0.753644635628197,-0.0914497357128416
0.753851023648582,-0.0914558647289709
0.754057448005437,-0.091461992050559
0.754263909096885,-0.0914681176900237
0.75447040645033,-0.0914742416339765
0.754676939769763,-0.0914803638742265
0.75488350965091,-0.0914864844290757
0.755090116116071,-0.0914926032998654
0.755296758879622,-0.0914987204787538
0.75550343803423,-0.0915048359690941
0.755710154274249,-0.0915109497920882
0.755916906574898,-0.0915170619180557
0.756123695553109,-0.0915231723658046
0.756330520859134,-0.0915292811256588
0.756537382444396,-0.0915353881967868
0.75674428083291,-0.0915414935953041
0.756951216170437,-0.0915475973261722
0.75715818745662,-0.0915536993604701
0.757365195830893,-0.0915597997323815
0.75757224028542,-0.0915658984128728
0.757779321570816,-0.0915719954246323
0.757986439166716,-0.0915780907529964
0.758193593407127,-0.0915841844083922
0.758400784420118,-0.0915902763952351
0.758608011941364,-0.0915963667063662
0.75881527601811,-0.0916024553437725
0.759022576477164,-0.0916085423029843
0.759229913488843,-0.0916146275896209
0.759437287427954,-0.0916207112153289
0.759644697587681,-0.0916267931599872
0.759852144500028,-0.0916328734397819
0.76005962843998,-0.0916389520634346
0.760267148872318,-0.0916450290158698
0.760474705973782,-0.0916511043028392
0.760682299529266,-0.0916571779186665
0.760889929741006,-0.0916632498698802
0.761097597100364,-0.0916693201714942
0.761305300548431,-0.0916753887931584
0.761513041485289,-0.0916814557763639
0.76172081871731,-0.0916875210869105
0.761928632595581,-0.091693584735583
0.762136483088878,-0.0916996467221101
0.762344370073061,-0.0917057070434828
0.762552294302118,-0.0917117657223118
0.762760254696533,-0.0917178227277604
0.762968252558109,-0.0917238780983194
0.763176287048654,-0.0917299318102459
0.763384358230463,-0.0917359838658934
0.763592466166327,-0.0917420342677004
0.763800611009878,-0.0917480830207506
0.764008792765381,-0.0917541301257804
0.764217011021398,-0.0917601755714251
0.764425266179582,-0.0917662193699389
0.764633558394913,-0.0917722615264564
0.764841886849026,-0.0917783020178223
0.76505025227917,-0.0917843408659908
0.765258655080496,-0.0917903780830824
0.765467094082212,-0.0917964136357602
0.765675569958326,-0.0918024475440847
0.765884083185991,-0.0918084798225352
0.766092632928782,-0.0918145104475097
0.766301219782441,-0.0918205394367919
0.766509843371404,-0.0918265667801515
0.766718504246119,-0.0918325924940798
0.766927201624661,-0.0918386165565981
0.767135936231044,-0.091844638989173
0.767344707811236,-0.0918506597851089
0.767553515902264,-0.0918566789316141
0.767762361381794,-0.0918626964545846
0.767971243247655,-0.0918687123257667
0.768180162303637,-0.0918747265688671
0.768389118592203,-0.0918807391857578
0.768598111772838,-0.0918867501672153
0.76880714171519,-0.0918927595100497
0.769016208908618,-0.0918987672289312
0.769225312937362,-0.0919047733125231
0.769434453496534,-0.0919107777526221
0.76964363164142,-0.0919167805801389
0.769852846602113,-0.091922781773612
0.770062098692626,-0.0919287813425889
0.770271387888468,-0.0919347792869716
0.770480714273856,-0.0919407756097577
0.770690077519168,-0.0919467703020817
0.770899477590331,-0.0919527633635342
0.771108915025477,-0.0919587548101247
0.771318389815422,-0.0919647446422084
0.771527901466634,-0.0919707328462291
0.771737450102632,-0.0919767194262706
0.77194703604352,-0.0919827043920845
0.772156659180115,-0.0919886877411525
0.772366319311571,-0.0919946694683049
0.772576016357668,-0.09200064957182
0.772785751167888,-0.0920066280765306
0.772995522673237,-0.0920126049525598
0.773205331368984,-0.0920185802145428
0.773415177138589,-0.0920245538597746
0.773625059739847,-0.0920305258819317
0.773834979899107,-0.0920364963022745
0.774044936794657,-0.0920424650980331
0.774254931199658,-0.0920484322917365
0.774464962932726,-0.0920543978788499
0.774675032300986,-0.0920603618686588
0.774885139352658,-0.0920663242631098
0.775095282976233,-0.0920722850311851
0.775305463526815,-0.092078244183478
0.77551568195162,-0.0920842017474901
0.775725936773424,-0.0920901576819485
0.775936229618401,-0.092096112033451
0.776146559626356,-0.0921020647782888
0.776356926516477,-0.0921080159090147
0.776567330887295,-0.0921139654431386
0.776777772875008,-0.0921199133851291
0.776988252139388,-0.0921258597259277
0.777198768818077,-0.0921318044699656
0.777409322640829,-0.0921377476101791
0.777619913593653,-0.0921436891467281
0.777830541747117,-0.092149629082184
0.778041207706463,-0.0921555674342125
0.778251910963331,-0.0921615041890666
0.778462651425813,-0.0921674393446799
0.778673429385204,-0.0921733729098264
0.778884244680624,-0.0921793048805576
0.779095097269789,-0.0921852352562377
0.779305986887548,-0.092191164029967
0.779516914093952,-0.0921970912180656
0.779727879040961,-0.0922030168254091
0.779938880603844,-0.0922089408209379
0.780149919914239,-0.0922148632369569
0.78036099708499,-0.0922207840772756
0.780572111495643,-0.0922267033250262
0.780783263305621,-0.0922326209851973
0.780994452584076,-0.092238537060302
0.781205679698181,-0.0922444515612018
0.78141694414402,-0.0922503644743462
0.781628246066792,-0.0922562758043251
0.78183958543986,-0.0922621855509623
0.782050962111713,-0.0922680937105768
0.782262376575655,-0.0922740002975245
0.782473828441318,-0.0922799053014738
0.782685318144508,-0.0922858087351355
0.782896845039888,-0.0922917105810546
0.783108409802546,-0.0922976108586018
0.783320012005799,-0.0923035095564607
0.783531652100549,-0.0923094066877382
0.783743329494369,-0.0923153022364847
0.783955044557122,-0.0923211962135286
0.784166796976185,-0.0923270886107375
0.784378586618178,-0.0923329794249369
0.78459041396046,-0.0923388686699756
0.784802279309889,-0.0923447563549796
0.785014182467925,-0.0923506424749831
0.785226122963674,-0.0923565270174149
0.78543810122689,-0.0923624099947389
0.785650117338624,-0.0923682914097849
0.78586217155256,-0.0923741712701427
0.786074262748235,-0.0923800495452623
0.786286391970776,-0.0923859262646229
0.786498558704316,-0.0923918014145371
0.786710762880039,-0.0923976749936142
0.786923004973461,-0.0924035470155792
0.787135284754105,-0.0924094174746247
0.787347602168957,-0.092415286369811
0.787559957072382,-0.0924211536976508
0.787772350229025,-0.0924270194798332
0.78798478121533,-0.0924328837052303
0.788197249739705,-0.0924387463662887
0.788409755778421,-0.0924446074628785
0.788622299678216,-0.0924504670051243
0.788834881365424,-0.0924563249915608
0.789047501340908,-0.0924621814365371
0.789260158618228,-0.0924680363134129
0.789472854070757,-0.0924738896467366
0.789685587388132,-0.0924797414285506
0.78989835835783,-0.0924855916535165
0.790111166900361,-0.0924914403199747
0.790324013429666,-0.0924972874398561
0.790536897477349,-0.092503133000848
0.790749819235569,-0.0925089770087473
0.790962779768513,-0.0925148194933452
0.791175777799241,-0.0925206604201568
0.791388813992023,-0.0925264998078606
0.791601887977494,-0.0925323376468929
0.791814999645734,-0.0925381739347513
0.79202814902585,-0.092544008672769
0.792241336908486,-0.0925498418831549
0.792454562099055,-0.0925556735337639
0.79266782586144,-0.0925615036596575
0.792881127650308,-0.0925673322465145
0.793094467062872,-0.0925731592838039
0.793307844684777,-0.0925789847880463
0.793521260271329,-0.0925848087531215
0.793734713457187,-0.0925906311695636
0.793948204587254,-0.092596452047306
0.794161733869286,-0.0926022713925782
0.794375301365246,-0.0926080892076093
0.794588906867975,-0.0926139054872715
0.794802550063012,-0.0926197202235042
0.795016231784256,-0.0926255334395388
0.795229950905694,-0.092631345105286
0.795443708637596,-0.0926371552541521
0.795657504791427,-0.0926429638816006
0.795871338500422,-0.0926487709645554
0.796085210662068,-0.0926545765278867
0.796299120268628,-0.0926603805447928
0.796513068444102,-0.0926661830462743
0.796727054808009,-0.0926719840225923
0.796941079282679,-0.0926777834721289
0.797155141656422,-0.0926835813896548
0.797369242616815,-0.0926893777943242
0.797583381620791,-0.0926951726719755
0.797797558657734,-0.0927009660228033
0.798011773981817,-0.092706757854211
0.798226027596285,-0.0927125481668211
0.79844031875519,-0.0927183369409703
0.798654648360873,-0.0927241242015443
0.798869016085792,-0.0927299099402686
0.799083422092219,-0.0927356941620239
0.79929786646037,-0.0927414768694992
0.799512348673019,-0.092747258049249
0.799726869701629,-0.0927530377279723
0.799941428723265,-0.0927588158840409
0.800156026046956,-0.0927645925262466
0.800370661381557,-0.0927703676472786
0.800585334988864,-0.0927761412546912
0.800800046837491,-0.0927819133481733
0.801014797545291,-0.0927876839448614
0.801229586237681,-0.0927934530217664
0.801444412943461,-0.0927992205801182
0.80165927839452,-0.0928049866401083
0.801874181943292,-0.0928107511848937
0.802089124441818,-0.0928165142378192
0.802304104755908,-0.0928222757689935
0.802519123572849,-0.092828035797297
0.802734180893531,-0.0928337943233074
0.802949276533378,-0.0928395513425826
0.803164410338791,-0.0928453068515027
0.803379583055889,-0.0928510608705504
0.80359479414362,-0.0928568133857855
0.803810042927239,-0.0928625643796224
0.804025330549663,-0.0928683138831084
0.804240656281778,-0.0928740618773314
0.804456021177673,-0.0928798083909193
0.804671424055036,-0.0928855533928465
0.804886865520165,-0.0928912968997302
0.805102345381154,-0.092897038906991
0.805317863367392,-0.0929027794079053
0.805533419804849,-0.0929085184116607
0.805749015240897,-0.0929142559333717
0.805964649824255,-0.0929199919775191
0.80618032187667,-0.0929257264999009
0.806396033180334,-0.09293145954836
0.806611782174432,-0.0929371910819816
0.806827569733501,-0.0929429211244423
0.807043396485489,-0.0929486496929936
0.807259261713795,-0.0929543767691186
0.807475165174783,-0.092960102346791
0.807691107365371,-0.09296582643969
0.807907088028452,-0.0929715490415242
0.808123107477636,-0.0929772701610936
0.808339165378144,-0.0929829897900332
0.808555262044069,-0.0929887079371421
0.808771397021242,-0.0929944245909028
0.808987570855473,-0.0930001397662385
0.80920378319506,-0.0930058534543676
0.809420034314259,-0.093011565663017
0.809636324351755,-0.0930172763963595
0.80985265303863,-0.093022985647779
0.810069020312497,-0.0930286934160984
0.810285426270449,-0.0930343997043715
0.810501871222219,-0.0930401045212718
0.810718354472609,-0.0930458078489615
0.810934876879401,-0.0930515097105139
0.811151437517108,-0.0930572100820714
0.811368036398888,-0.093062908964424
0.81158467495696,-0.0930686063957976
0.811801352239506,-0.0930743023516954
0.812018067950352,-0.0930799968247403
0.812234822486578,-0.0930856898258494
0.812451615701904,-0.0930913813516934
0.812668447877366,-0.0930970714101385
0.8128853186314,-0.0931027599916618
0.813102228293812,-0.0931084471053883
0.813319176618672,-0.0931141327453684
0.813536163760773,-0.0931198169161358
0.81375319015357,-0.0931254996295497
0.813970255288765,-0.093131180872786
0.814187359534477,-0.0931368606559349
0.814404502390373,-0.0931425389663925
0.814621683791349,-0.0931482158029117
0.814838904081932,-0.0931538911749978
0.81505616345451,-0.0931595650881907
0.815273462311208,-0.093165237553488
0.815490798977034,-0.09317090852761
0.815708174967984,-0.0931765780505492
0.815925590551564,-0.093182246129862
0.816143044357421,-0.0931879127302652
0.816360537213327,-0.0931935778737521
0.816578069203834,-0.0931992415630605
0.816795639963245,-0.0932049037891403
0.817013249801333,-0.0932105645605168
0.81723089892317,-0.0932162238830231
0.817448586987612,-0.0932218817482588
0.817666313648163,-0.0932275381476618
0.817884079585423,-0.0932331930993957
0.8181018845234,-0.0932388465968025
0.818319728742212,-0.0932444986476145
0.818537611789353,-0.0932501492405627
0.818755533933064,-0.0932557983830584
0.818973495427337,-0.0932614460821808
0.819191495821394,-0.0932670923267194
0.819409535111965,-0.0932727371170345
0.819627613437655,-0.0932783804571966
0.819845731220998,-0.0932840223586341
0.820063887621966,-0.0932896628000865
0.820282083341867,-0.0932953018001307
0.820500318707238,-0.0933009393677232
0.820718592949436,-0.0933065754834624
0.820936905709079,-0.093312210138482
0.821155257730732,-0.0933178433524848
0.821373649291849,-0.0933234751331551
0.821592079851878,-0.0933291054670147
0.821810550204416,-0.093334734374968
0.822029059266874,-0.0933403618295927
0.822247607754671,-0.0933459878497369
0.822466195720394,-0.0933516124372618
0.822684822504937,-0.0933572355756528
0.822903488502635,-0.093362857275494
0.823122194111966,-0.0933684775475329
0.823340938269494,-0.0933740963648972
0.823559721953759,-0.0933797137531595
0.823778544848014,-0.0933853297047018
0.823997407531495,-0.0933909442348461
0.824216309586106,-0.0933965573333363
0.824435250398968,-0.093402168984869
0.824654230553077,-0.0934077792048382
0.824873250043451,-0.0934133879936191
0.825092309474529,-0.0934189953671645
0.825311408010195,-0.0934246013045287
0.825530545947431,-0.0934302058137233
0.825749723609807,-0.0934358089035058
0.825968939928879,-0.0934414105470074
0.826188195302036,-0.0934470107548034
0.826407490705899,-0.0934526095523602
0.826626825304994,-0.0934582069188326
0.826846199952801,-0.093463802876422
0.827065613906364,-0.0934693974066457
0.827285067304226,-0.0934749905134444
0.827504560177183,-0.0934805821980661
0.827724092574927,-0.0934861724622348
0.827943664079037,-0.0934917612957421
0.828163275360454,-0.0934973487161198
0.828382925160529,-0.0935029346918077
0.828602615315763,-0.0935085192699552
0.828822344748875,-0.0935141024237
0.829042113540719,-0.0935196841554841
0.829261921998129,-0.0935252644735651
0.829481770039339,-0.093530843376333
0.829701657853183,-0.0935364208690245
0.829921584744482,-0.093541996934444
0.830141551218046,-0.0935475715858202
0.830361557553607,-0.0935531448307323
0.83058160384929,-0.0935587166721251
0.830801689405758,-0.093564287092712
0.831021814860537,-0.0935698561090521
0.831241979347236,-0.0935754236996869
0.831462183892654,-0.0935809898910167
0.831682428171836,-0.0935865546753203
0.831902712074154,-0.09359211805022
0.832123035740926,-0.0935976800197231
0.83234339877844,-0.0936032405743321
0.832563801684061,-0.0936087997270373
0.832784244203277,-0.0936143574718851
0.833004726012577,-0.0936199138011425
0.833225247602876,-0.0936254687276278
0.833445809266137,-0.093631022259176
0.833666410594003,-0.0936365743859445
0.833887051239454,-0.0936421250996045
0.834107732150926,-0.0936476744244685
0.83432845223449,-0.0936532223334915
0.834549212634607,-0.0936587688558521
0.834770012504169,-0.0936643139707442
0.834990852186107,-0.0936698576871809
0.835211731748892,-0.0936754000073419
0.835432650603542,-0.0936809409168769
0.835653609765495,-0.0936864804416934
0.835874608443996,-0.0936920185624384
0.83609564696511,-0.0936975552876845
0.836316725733576,-0.0937030906280348
0.836537843995863,-0.093708624565054
0.836759002479633,-0.0937141571173657
0.836980200750326,-0.0937196882745586
0.837201438786963,-0.093725218036517
0.837422716546234,-0.0937307464025948
0.837644034526044,-0.0937362733856806
0.837865392283217,-0.0937417989751536
0.838086789829699,-0.0937473231717197
0.8383082278486,-0.0937528459928751
0.838529705114758,-0.0937583674084957
0.838751222898788,-0.0937638874506598
0.838972780608197,-0.0937694061050846
0.83919437831386,-0.0937749233739302
0.839416015779205,-0.093780439251734
0.839637693343327,-0.0937859537473657
0.839859411227561,-0.093791466866785
0.840081169046109,-0.0937969786008221
0.840302966758669,-0.093802488948879
0.8405248044495,-0.0938079979134813
0.840746682067117,-0.0938135054937869
0.840968600347922,-0.0938190117085196
0.841190558457463,-0.0938245165374098
0.841412556624086,-0.0938300199865038
0.841634594147162,-0.0938355220388595
0.841856672362506,-0.0938410227280161
0.842078790611582,-0.0938465220381417
0.842300948917603,-0.0938520199701955
0.842523147498426,-0.0938575165299978
0.84274538642762,-0.093863011719802
0.842967665579435,-0.0938685055369152
0.843189984226947,-0.0938739979637667
0.843412343856256,-0.0938794890375008
0.843634743199117,-0.0938849787272645
0.843857182602472,-0.0938904670419849
0.844079662700065,-0.0938959539977584
0.844302182953529,-0.0939014395817424
0.844524743211453,-0.0939069237905863
0.844747343677563,-0.0939124066297312
0.844969984929536,-0.0939178881138523
0.8451926659489,-0.0939233682182914
0.845415387333187,-0.0939288469581339
0.845638149181184,-0.0939343243362653
0.845860950725453,-0.0939398003342196
0.846083792479719,-0.0939452749650229
0.846306674864736,-0.0939507482394761
0.846529597651528,-0.0939562201523844
0.846752561032415,-0.0939616907088674
0.846975564542005,-0.093967159897911
0.847198608329556,-0.0939726277235703
0.8474216925942,-0.0939780941911583
0.847644817367151,-0.0939835593018648
0.847867982216396,-0.0939890230455102
0.848091187969586,-0.0939944854427697
0.848314433882134,-0.0939999464758544
0.848537720464798,-0.0940054061576407
0.848761047311188,-0.0940108644786183
0.848984414924428,-0.0940163214514861
0.84920782268567,-0.0940217770615439
0.849431270983055,-0.0940272313186602
0.84965475944793,-0.0940326842142623
0.849878288561685,-0.0940381357605045
0.850101858301252,-0.0940435859572587
0.850325468071657,-0.0940490347904115
0.850549119262452,-0.0940544822942357
0.85077281072432,-0.0940599284411781
0.850996542303721,-0.0940653732278386
0.851220314618963,-0.0940708166696878
0.851444127508328,-0.0940762587632318
0.851667980865357,-0.0940816995062761
0.851891874736431,-0.0940871389003508
0.852115809801959,-0.0940925769624097
0.852339784784816,-0.0940980136618395
0.852563800674277,-0.0941034490230198
0.852787857369847,-0.0941088830439661
0.853011954035835,-0.0941143157047871
0.853236091385316,-0.0941197470231569
0.853460269380516,-0.0941251769986089
0.853684487999661,-0.0941306056310178
0.853908747417837,-0.0941360329250263
0.854133047938618,-0.0941414588883928
0.85435738887696,-0.094146883504935
0.854581770741842,-0.0941523067873346
0.854806193658363,-0.0941577287390411
0.855030657314725,-0.0941631493529106
0.855255161319966,-0.0941685686198724
0.855479706062918,-0.0941739865497091
0.855704291195267,-0.0941794031344373
0.855928917884806,-0.0941848184026371
0.856153585039237,-0.0941902323283972
0.856378292851363,-0.0941956449167049
0.856603041540748,-0.0942010561732655
0.856827831285713,-0.0942064661027855
0.857052661363337,-0.0942118746882514
0.857277532382223,-0.0942172819446836
0.857502444914303,-0.0942226878862752
0.857727397702599,-0.0942280924831969
0.857952391474963,-0.0942334957532839
0.858177425888965,-0.0942388976887419
0.858402501475996,-0.094244298302721
0.858627617799686,-0.0942496975851582
0.858852775498007,-0.0942550955517373
0.8590779737981,-0.0942604921843287
0.85930321301238,-0.0942658874907791
0.859528493294661,-0.0942712814751877
0.859753814367,-0.0942766741312922
0.859979176972426,-0.0942820654772686
0.860204580156768,-0.0942874554906874
0.860430023874939,-0.0942928441708136
0.860655508981279,-0.0942982315384884
0.860881034705486,-0.0943036175757251
0.8611066017873,-0.0943090023005592
0.861332209954621,-0.0943143857069096
0.861557859034966,-0.0943197677910259
0.861783549025827,-0.0943251485532273
0.862009280403168,-0.0943305280052629
0.862235052747879,-0.0943359061375414
0.862460865905308,-0.0943412829467395
0.862686720116513,-0.0943466584389872
0.86291261576948,-0.0943520326239295
0.863138552084965,-0.0943574054834102
0.863364530306987,-0.094362777047387
0.863590549286517,-0.0943681472889568
0.863816609779172,-0.0943735162264125
0.864042711059785,-0.0943788838429327
0.8642688539041,-0.0943842501573008
0.864495037738199,-0.0943896151563036
0.864721262089793,-0.0943949788290852
0.864947528603605,-0.0944003412150492
0.86517383545679,-0.0944057022714118
0.865400183786788,-0.0944110620254395
0.865626573773582,-0.0944164204818372
0.865853005242652,-0.0944217776368473
0.866079477544027,-0.0944271334754362
0.866305991482535,-0.0944324880170053
0.866532546359443,-0.0944378412454406
0.866759142597143,-0.0944431931710804
0.866985780202528,-0.094448543794489
0.867212459546165,-0.0944538931247991
0.867439179338826,-0.0944592411319457
0.867665941057579,-0.0944645878511274
0.86789274445531,-0.0944699332769595
0.868119588829771,-0.0944752773932274
0.868346474146534,-0.0944806201994632
0.86857340109099,-0.0944859617122097
0.868800370011399,-0.0944913019400815
0.869027379598089,-0.0944966408526134
0.869254431024324,-0.094501978477738
0.869481524193028,-0.0945073148136011
0.869708658030392,-0.094512649835307
0.869935834254262,-0.0945179835835696
0.87016305166773,-0.0945233160307092
0.870390310864963,-0.0945286471909889
0.870617611474152,-0.0945339770560735
0.870844953396897,-0.0945393056240064
0.87107233654955,-0.0945446328931975
0.871299761186545,-0.094549958869991
0.871527227677444,-0.0945552835634369
0.87175473544675,-0.0945606069604336
0.871982285224253,-0.0945659290784118
0.872209876458038,-0.0945712499048479
0.872437508803352,-0.0945765694320139
0.872665183114025,-0.0945818876802415
0.872892899056994,-0.0945872046421525
0.873120656599081,-0.0945925203173165
0.873348455637761,-0.0945978347037023
0.873576296048149,-0.0946031477987591
0.873804178346638,-0.0946084596149069
0.874032102696615,-0.0946137701563451
0.874260068807067,-0.0946190794166467
0.87448807653467,-0.0946243873928117
0.874716125674212,-0.0946296940804159
0.874944216777974,-0.0946349994926834
0.875172349407603,-0.0946403036197996
0.875400523560856,-0.0946456064620567
0.875628739951005,-0.0946509080364136
0.875856998429163,-0.094656208339796
0.87608529800473,-0.0946615073495226
0.876313639009579,-0.0946668050736268
0.876542022217509,-0.0946721015304712
0.876770447269586,-0.0946773967121204
0.876998914164897,-0.0946826906188886
0.877227423447274,-0.0946879832637416
0.877455973978403,-0.0946932746206641
0.877684566174868,-0.0946985646996189
0.877913200722386,-0.0947038535168784
0.878141876589331,-0.0947091410489446
0.878370594423908,-0.0947144273111324
0.878599354646752,-0.0947197123135629
0.878828156129826,-0.0947249960305205
0.879057000033891,-0.0947302784891414
0.87928588574002,-0.0947355596755342
0.879514812808244,-0.0947408395798637
0.879743782647747,-0.0947461182350046
0.879972794634527,-0.0947513956269697
0.880201847962718,-0.0947566717374837
0.880430944000105,-0.0947619465984017
0.880660081866368,-0.0947672201898497
0.880889261917439,-0.0947724925203328
0.881118483716408,-0.0947777635801584
0.881347746991404,-0.0947830333634088
0.881577052673273,-0.0947883018918544
0.881806400231182,-0.0947935691536861
0.88203579060545,-0.0947988351708415
0.882265222749126,-0.0948040999196445
0.882494696242057,-0.0948093633907446
0.882724212505303,-0.0948146256171128
0.882953770855398,-0.0948198865834802
0.883183371382034,-0.0948251462922134
0.883413014244864,-0.0948304047473207
0.883642699090594,-0.0948356619410572
0.883872426522603,-0.0948409178875762
0.884102195746232,-0.0948461725690511
0.884332006726793,-0.0948514259850032
0.884561860459331,-0.094856678158557
0.884791756350182,-0.0948619290765247
0.885021694427497,-0.0948671787398616
0.885251675244701,-0.0948724271615585
0.885481697752681,-0.0948776743180143
0.885711762621674,-0.0948829202248333
0.885941869872449,-0.0948881648828696
0.886172019490351,-0.0948934082921322
0.886402211379518,-0.0948986504507742
0.886632445188943,-0.0949038913511346
0.886862721351386,-0.0949091310034085
0.887093039646703,-0.0949143694029519
0.887323400571845,-0.0949196065614127
0.88755380416808,-0.094924842480089
0.887784250278265,-0.0949300771557367
0.888014738389866,-0.0949353105770289
0.88824526884249,-0.0949405427520055
0.888475841976252,-0.0949457736887553
0.888706456689748,-0.0949510033626241
0.888937114569017,-0.0949562318099111
0.889167814929857,-0.0949614590154996
0.889398557696787,-0.0949666849779756
0.889629343032611,-0.0949719097013602
0.889860171286435,-0.0949771331939057
0.890091041560269,-0.094982355435618
0.890321954668269,-0.0949875764452276
0.890552910525768,-0.0949927962211906
0.890783908562816,-0.0949980147509409
0.89101494920412,-0.0950032320443944
0.891246032347311,-0.0950084480995969
0.891477157767972,-0.0950136629118117
0.891708326330164,-0.0950188765008811
0.891939537379716,-0.0950240888524044
0.892170790468811,-0.0950292999565773
0.892402086439404,-0.0950345098327139
0.892633425150167,-0.0950397184780018
0.892864806478999,-0.0950449258900112
0.893096230142982,-0.0950501320626936
0.893327696375559,-0.0950553370016313
0.893559205771504,-0.0950605407205576
0.893790758063439,-0.0950657432138055
0.894022352948344,-0.0950709444748668
0.894253990098732,-0.0950761444966959
0.894485669992342,-0.0950813432903539
0.894717393138244,-0.0950865408676302
0.894949158753285,-0.0950917372112865
0.895180967302262,-0.0950969323320432
0.895412818914177,-0.0951021262331404
0.895644712805496,-0.0951073188973384
0.895876649693674,-0.0951125103410151
0.896108628875813,-0.0951177005487886
0.896340650801822,-0.0951228895310398
0.896572715964746,-0.0951280772991584
0.896804824035504,-0.0951332638461226
0.897036975116608,-0.0951384491745265
0.897269168799049,-0.0951436332755506
0.897501406244269,-0.0951488161754553
0.897733685649676,-0.0951539978343415
0.897966008333176,-0.0951591782818853
0.898198374388839,-0.0951643575205706
0.89843078356265,-0.0951695355450464
0.898663235267084,-0.0951747123425125
0.898895729883991,-0.0951798879217827
0.899128267773639,-0.0951850622912306
0.899360848119022,-0.095190235432997
0.899593472044724,-0.0951954073724079
0.899826138316885,-0.0952005780823746
0.900058847858995,-0.0952057475837112
0.900291600641085,-0.095210915876114
0.900524396058805,-0.0952160829464654
0.900757234886321,-0.0952212488122596
0.900990116785986,-0.0952264134663499
0.901223041861841,-0.0952315769113446
0.901456010156607,-0.0952367391485107
0.9016890214624,-0.0952419001735542
0.901922075671539,-0.0952470599843978
0.902155172970081,-0.0952522185854835
0.902388313886769,-0.0952573759888511
0.902621497800509,-0.0952625321810806
0.90285472450914,-0.0952676871579847
0.903087994684802,-0.0952728409347472
0.903321308861741,-0.0952779935235238
0.903554665401861,-0.0952831448884283
0.90378806563555,-0.0952882950591003
0.904021508981088,-0.0952934440230664
0.90425499523755,-0.0952985917761805
0.904488525033867,-0.0953037383326328
0.904722097860508,-0.0953088836815254
0.904955713939761,-0.0953140278280522
0.905189373544766,-0.0953191707785571
0.905423076992509,-0.0953243125403403
0.905656823589633,-0.0953294530984451
0.90589061313155,-0.0953345924486456
0.906124446341886,-0.0953397306071738
0.906358322910598,-0.0953448675675539
0.906592242979435,-0.0953500033331953
0.906826206528973,-0.0953551379039828
0.907060213209433,-0.09536027127254
0.907294262761756,-0.0953654034334797
0.907528356055298,-0.0953705344061929
0.907762493267484,-0.0953756641949186
0.907996673607069,-0.0953807927826082
0.908230897646598,-0.0953859201820818
0.908465165349082,-0.0953910463928574
0.908699476445554,-0.0953961714093442
0.908933830996976,-0.095401295233171
0.909168228662179,-0.0954064178571848
0.909402670718709,-0.0954115393096273
0.909637156116104,-0.09541665956788
0.909871685410953,-0.0954217786443584
0.910106258015579,-0.0954268965265465
0.910340873460619,-0.095432013204479
0.910575532940436,-0.0954371287045283
0.910810235983138,-0.0954422430167559
0.911044983044243,-0.0954473561513741
0.911279773544361,-0.095452468096064
0.911514608402137,-0.0954575788711162
0.911749486148842,-0.09546268844487
0.911984407539807,-0.0954677968340175
0.912219372761003,-0.0954729040429492
0.912454381832529,-0.0954780100724114
0.912689434235039,-0.0954831149114076
0.912924530486842,-0.0954882185714863
0.913159670833927,-0.0954933210583147
0.913394855266094,-0.095498422371971
0.913630083288262,-0.095503522501993
0.913865354592284,-0.0955086214419714
0.914100670206462,-0.0955137192145079
0.914336029411709,-0.0955188158043506
0.91457143183662,-0.0955239112037185
0.914806878978296,-0.0955290054453364
0.915042369707576,-0.0955340985051036
0.91527790401774,-0.0955391903831183
0.91551348257224,-0.0955442810940356
0.915749105182442,-0.0955493706340954
0.91598477168033,-0.0955544589999446
0.916220482111038,-0.0955595461928426
0.916456236806481,-0.0955646322202532
0.916692035564777,-0.0955697170781184
0.91692787790781,-0.0955748007563989
0.917163764646489,-0.0955798832728665
0.917399694485641,-0.0955849645999191
0.917635669094021,-0.0955900447737771
0.917871687536419,-0.0955951237746481
0.918107750415458,-0.0956002016157571
0.918343857154081,-0.0956052782849888
0.918580007486499,-0.0956103537768907
0.918816202037933,-0.0956154281052027
0.919052440765946,-0.0956205012693325
0.919288723431443,-0.0956255732644269
0.919525050476248,-0.0956306441002567
0.919761422016871,-0.0956357137796255
0.919997837681626,-0.0956407822948362
0.920234297608264,-0.0956458496491108
0.920470801352582,-0.0956509158332143
0.920707349552374,-0.0956559808610956
0.920943942067567,-0.0956610447300656
0.921180578286842,-0.0956661074273073
0.921417258675617,-0.0956711689630555
0.921653983295648,-0.0956762293389454
0.921890752382033,-0.0956812885602963
0.922127565844685,-0.0956863466254707
0.922364423228988,-0.095691403525026
0.922601324858316,-0.0956964592661422
0.922838271119501,-0.0957015138573836
0.923075261484922,-0.0957065672877799
0.923312296141264,-0.0957116195615763
0.923549375627302,-0.0957166706905566
0.923786499261234,-0.0957217206604793
0.924023666935409,-0.0957267694693022
0.924260878936316,-0.0957318171234155
0.924498135455956,-0.0957368636272077
0.924735436789976,-0.0957419089872592
0.924972782246736,-0.0957469531891351
0.925210172327524,-0.0957519962437487
0.925447607187499,-0.0957570381546974
0.925685086422156,-0.0957620789136627
0.925922609935779,-0.0957671185188712
0.926160178527259,-0.0957721569875658
0.926397791274138,-0.0957771943004701
0.926635448395273,-0.0957822304624695
0.926873150222646,-0.0957872654808973
0.927110896863535,-0.0957922993583184
0.927348687597841,-0.0957973320797487
0.927586523323204,-0.0958023636644537
0.927824403245296,-0.0958073940959265
0.928062327595341,-0.0958124233793092
0.928300297092606,-0.0958174515301092
0.928538311276463,-0.0958224785388817
0.928776369944827,-0.0958275044016034
0.929014472911251,-0.0958325291146027
0.929252621401021,-0.095837552704032
0.929490814744784,-0.0958425751560706
0.929729052048154,-0.0958475964520789
0.929967334598544,-0.09585261661946
0.930205661882222,-0.0958576356477058
0.930444033661328,-0.0958626535320515
0.930682450227586,-0.0958676702789086
0.930920912198592,-0.0958726859015676
0.931159418024085,-0.0958777003676821
0.931397968752178,-0.0958827136995244
0.93163656527721,-0.0958877259162232
0.931875205683615,-0.0958927369777956
0.93211389158381,-0.0958977469183232
0.932352621833883,-0.0959027557141085
0.932591397167977,-0.0959077633807943
0.93283021773453,-0.0959127699217936
0.933069082788014,-0.095917775321732
0.933307993033282,-0.0959227795956313
0.933546947994514,-0.0959277827338123
0.933785948298706,-0.0959327847496625
0.934024993509343,-0.0959377856343244
0.934264083502047,-0.0959427853854395
0.934503218475783,-0.095947784007437
0.934742398660833,-0.0959527815054106
0.93498162324085,-0.0959577778625627
0.935220893199954,-0.0959627730997046
0.935460208338036,-0.095967767212959
0.935699568841269,-0.0959727602064628
0.935938974028935,-0.0959777520662673
0.93617842416163,-0.0959827427980513
0.936417919259504,-0.0959877324025167
0.9366574597012,-0.0959927208878276
0.936897045377891,-0.095997708251989
0.937136676149305,-0.0960026944923311
0.937376352431367,-0.0960076796177682
0.937616073775531,-0.0960126636192343
0.937855840212351,-0.0960176464976067
0.938095651759375,-0.0960226282535152
0.938335508720504,-0.0960276088935425
0.938575411031866,-0.0960325884166302
0.938815358273785,-0.0960375668143131
0.9390553514102,-0.096042544106852
0.939295389700624,-0.0960475202791647
0.939535473908952,-0.0960524953473228
0.939775602703181,-0.0960574692839797
0.940015776865432,-0.0960624421055624
0.940255996966398,-0.0960674138241905
0.940496261988306,-0.0960723844190536
0.940736572089717,-0.0960773538936533
0.94097692761075,-0.0960823222553012
0.941217327863841,-0.0960872894900499
0.94145777456056,-0.096092255633531
0.941698266707074,-0.0960972206655092
0.94193880410736,-0.0961021845821374
0.942179386689602,-0.0961071473821793
0.942420015309781,-0.0961121090835639
0.942660689262706,-0.0961170696720195
0.942901409242056,-0.096122029162075
0.943142173831892,-0.0961269875248076
0.943382984772431,-0.0961319447962916
0.943623841118356,-0.0961369009573661
0.943864742960106,-0.0961418560101037
0.944105690054105,-0.0961468099497477
0.944346683268769,-0.0961517627944153
0.944587721149079,-0.0961567145144612
0.944828805633829,-0.0961616651499495
0.945069935488807,-0.0961666146758319
0.945311110664612,-0.0961715630912913
0.945552331665034,-0.0961765104069263
0.945793598663197,-0.0961814566265595
0.946034911528702,-0.0961864017477615
0.946276269782763,-0.0961913457609491
0.946517674045132,-0.0961962886790588
0.946759124160493,-0.0962012304991775
0.947000619798423,-0.0962061712147744
0.947242161249644,-0.0962111108320386
0.947483748612378,-0.0962160493532397
0.947725381846275,-0.0962209867777993
0.947967060963317,-0.0962259231062031
0.948208786143459,-0.0962308583423722
0.948450556467458,-0.0962357924677723
0.94869237329829,-0.0962407255104602
0.94893423511387,-0.0962456574396564
0.949176143453409,-0.0962505882869674
0.949418097396524,-0.0962555180339175
0.949660097682427,-0.0962604466957864
0.949902143931045,-0.0962653742650904
0.950144236292754,-0.096270300745115
0.950386374254729,-0.0962752261256603
0.950628558289691,-0.0962801504165771
0.950870788275711,-0.0962850736156471
0.951113063994406,-0.0962899957186667
0.951355385902366,-0.0962949167351562
0.951597754021053,-0.096299836665809
0.951840168625308,-0.0963047555164422
0.952082628979597,-0.0963096732723579
0.952325135260475,-0.0963145899373527
0.952567687799032,-0.0963195055183957
0.952810286587509,-0.096324420015581
0.953052931520459,-0.0963293334270039
0.953295622742675,-0.0963342457558295
0.953538360099979,-0.0963391569991742
0.953781143217643,-0.096344067149682
0.954023972962306,-0.0963489762251241
0.954266848671487,-0.0963538842123637
0.954509771335315,-0.0963587911316338
0.954752740009199,-0.0963636969640989
0.954995755235221,-0.0963686017209081
0.955238816039058,-0.0963735053826349
0.955481923668813,-0.0963784079746869
0.955725077205243,-0.0963833094787927
0.955968277311533,-0.0963882099085327
0.956211523780504,-0.0963931092599852
0.956454817274548,-0.0963980075467227
0.956698156407822,-0.0964029047410668
0.956941541658859,-0.0964078008528439
0.957184973192536,-0.0964126958856367
0.957428451664282,-0.0964175898528794
0.957671977009416,-0.0964224827535157
0.957915548436497,-0.0964273745718445
0.958159166401256,-0.0964322653172267
0.958402830612895,-0.0964371549840701
0.958646541457809,-0.0964420435803588
0.95889029863378,-0.0964469311002703
0.959134103170698,-0.0964518175646881
0.959377953648582,-0.0964567029453834
0.959621850842547,-0.0964615872580745
0.959865794906843,-0.0964664705061109
0.960109785216141,-0.0964713526771941
0.960353821928933,-0.096476233774706
0.960597905485158,-0.0964811138076926
0.960842035932538,-0.09648599277735
0.961086212718109,-0.0964908706728395
0.961330436261475,-0.0964957475027573
0.961574706273055,-0.0965006232615596
0.961819023431751,-0.096505497963025
0.962063387279786,-0.0965103715982556
0.962307797846077,-0.0965152441680316
0.962552254800745,-0.0965201156659966
0.962796759246775,-0.096524986114365
0.963041310281625,-0.096529855495399
0.963285908426143,-0.0965347238196619
0.963530553029434,-0.0965395910744262
0.963775244384573,-0.0965444572657303
0.964019982599074,-0.0965493223959526
0.964264767610294,-0.0965541864640748
0.96450959875023,-0.0965590494570357
0.964754478170833,-0.0965639114178179
0.964999403625475,-0.0965687723020646
0.965244376524479,-0.0965736321379245
0.965489396012806,-0.0965784909086907
0.965734462975599,-0.0965833486321188
0.965979577076691,-0.0965882053017834
0.966224737864722,-0.0965930609089334
0.966469945659471,-0.0965979154601122
0.966715200151288,-0.0966027689494198
0.966960502295217,-0.0966076213959829
0.967205850648042,-0.0966124727714774
0.967451246196141,-0.096617323095596
0.967696689072218,-0.096622172371221
0.967942179011135,-0.0966270205933266
0.968187716654524,-0.0966318677747942
0.96843330123275,-0.0966367139006458
0.968678933109585,-0.096641558978249
0.968924612300414,-0.0966464030081329
0.969170338466433,-0.0966512459838256
0.969416112082386,-0.0966560879148942
0.969661932752268,-0.0966609287937611
0.969907800041668,-0.0966657686120677
0.970153715404937,-0.0966706073986728
0.970399677818797,-0.0966754451336835
0.970645687831734,-0.0966802818280658
0.970891745189741,-0.096685117477047
0.971137849784817,-0.0966899520787026
0.971384001362584,-0.0966947856282405
0.971630200298769,-0.0966996181332553
0.971876446775176,-0.096704449597546
0.972122740740681,-0.0967092800203222
0.972369082356355,-0.0967141094049475
0.972615471022269,-0.0967189377398614
0.97286190732396,-0.0967237650367377
0.973108390787397,-0.0967285912865149
0.973354921718472,-0.0967334164953833
0.973601500181366,-0.0967382406648211
0.973848126233127,-0.0967430637961544
0.97409479966448,-0.0967478858854943
0.974341521435337,-0.0967527069518173
0.974588290288627,-0.0967575269707686
0.974835107582988,-0.0967623459690644
0.975081971272165,-0.0967671639069675
0.975328882920412,-0.0967719808151775
0.975575842626786,-0.0967767966958932
0.975822849361869,-0.0967816115292263
0.976069904539563,-0.0967864253429287
0.976317006740423,-0.0967912381095692
0.976564157009232,-0.0967960498496694
0.976811355056697,-0.0968008605578316
0.977058600849597,-0.096805670233597
0.977305894267833,-0.0968104788748273
0.977553236227336,-0.096815286499544
0.977800624771796,-0.0968200930699178
0.9780480611859,-0.0968248986110757
0.978295546269953,-0.0968297031388269
0.978543078437597,-0.0968345066225678
0.978790659448295,-0.0968393090966123
0.9790382877107,-0.0968441105303193
0.979285963862671,-0.0968489109362129
0.979533687796624,-0.0968537103124331
0.979781459986855,-0.0968585086683744
0.980029279885811,-0.096863305993635
0.980277148143822,-0.096868102300992
0.980525064071353,-0.0968728975773079
0.980773028325957,-0.0968776918354849
0.981021040407805,-0.0968824850660688
0.981269100269588,-0.0968872772683251
0.981517208479469,-0.0968920684534386
0.98176536456028,-0.0968968586124017
0.982013568580984,-0.0969016477467266
0.98226182127085,-0.0969064358706944
0.982510122031012,-0.096911222972957
0.982758470576419,-0.0969160090481839
0.983006867187229,-0.0969207941019691
0.983255312388868,-0.0969255781446497
0.983503805673218,-0.0969303611666401
0.983752346912659,-0.0969351431656551
0.984000936415954,-0.0969399241478329
0.984249574294327,-0.0969447041155192
0.984498260141223,-0.0969494830610862
0.984746994214561,-0.0969542609896756
0.984995776456042,-0.0969590379003705
0.985244606765198,-0.0969638137914336
0.985493485744629,-0.0969685886746302
0.985742412881974,-0.09697336254033
0.985991388806352,-0.0969781354007765
0.986240413679795,-0.0969829072592792
0.986489486380914,-0.096987678094515
0.986738607622063,-0.0969924479202922
0.986987777374779,-0.0969972167362821
0.987236995896162,-0.0970019845475945
0.987486262536439,-0.0970067513419798
0.987735577231208,-0.097011517118376
0.987984941117691,-0.0970162818987322
0.988234353337309,-0.0970210456668494
0.988483813524989,-0.0970258084159057
0.98873332289578,-0.097030570169298
0.988982880471828,-0.0970353309085743
0.98923248727695,-0.0970400906534304
0.989482142029028,-0.0970448493796116
0.989731845786242,-0.097049607107449
0.989981598303421,-0.0970543638324865
0.990231399063214,-0.0970591195450358
0.990481248669716,-0.0970638742567773
0.99073114678597,-0.0970686279614996
0.990981094278988,-0.0970733806758793
0.991231090356778,-0.0970781323850466
0.991481134787003,-0.0970828830847343
0.99173122829817,-0.0970876327889749
0.991981370276564,-0.0970923814863114
0.992231560843256,-0.0970971291792082
0.992481800476261,-0.0971018758769341
0.992732088980707,-0.0971066215759839
0.992982426489885,-0.0971113662790561
0.993232812932142,-0.0971161099849712
0.993483248567363,-0.097120852698829
0.993733733029932,-0.0971255944138821
0.993984266373068,-0.0971303351313036
0.994234848646302,-0.0971350748522141
0.994485479781885,-0.0971398135755128
0.994736160409699,-0.0971445513132939
0.994986889894979,-0.0971492880537426
0.99523766815327,-0.0971540237954164
0.995488495517817,-0.0971587585447919
0.995739371911715,-0.0971634923006064
0.995990297363972,-0.0971682250635814
0.996241271970056,-0.0971729568356953
0.996492295539261,-0.0971776876135281
0.996743368183256,-0.0971824173993562
0.996994490057199,-0.0971871461962847
0.997245661616726,-0.0971918740130764
0.997496881829356,-0.0971966008304626
0.997748151041513,-0.09720132665511
0.997999469071413,-0.0972060514837917
0.9982508368171,-0.09721077533358
0.998502254331372,-0.0972154982056626
0.99875372097696,-0.0972202200882188
0.999005237236042,-0.0972249409904536
0.999256801850585,-0.0972296608889226
0.999508416437799,-0.0972343798141336
0.999760080311915,-0.0972390977534379
1.00001179303826,-0.0972438146988271
1.00026355598542,-0.0972485306761275
1.00051536757833,-0.0972532456560208
1.00076722868202,-0.0972579596548392
1.00101913927982,-0.0972626726724719
1.00127109962314,-0.0972673847137927
1.00152310934761,-0.0972720957721519
1.00177516920622,-0.0972768058617878
1.00202727848693,-0.0972815149695664
1.0022794368395,-0.0972862230890819
1.00253164504295,-0.0972909302350541
1.00278390265669,-0.0972956363994468
1.00303621005908,-0.0973003415894766
1.00328856719619,-0.0973050458043122
1.00354097420351,-0.0973097490466397
1.00379343067314,-0.0973144513090165
1.0040459367549,-0.0973191525943889
1.0042984927175,-0.0973238529079349
1.00455109806848,-0.0973285522406549
1.00480375399784,-0.0973332506148514
1.00505645911043,-0.0973379480047528
1.0053092141928,-0.0973426444251098
1.00556201873518,-0.097347339866634
1.00581487302332,-0.0973520343347882
1.00606777688796,-0.0973567278266037
1.00632073139851,-0.0973614203621003
1.00657373571579,-0.0973661119258822
1.00682678942651,-0.0973708025104077
1.00707989296836,-0.0973754921239509
1.0073330459512,-0.0973801807594613
1.00758624910568,-0.0973848684306379
1.00783950266945,-0.0973895551420646
1.00809280590446,-0.0973942408802295
1.0083461593275,-0.0973989256548332
1.00859956287057,-0.0974036094647893
1.0088530162482,-0.0974082923049712
1.00910651995677,-0.0974129741847063
1.00936007381589,-0.0974176551008298
1.00961367811002,-0.0974223350587436
1.00986733216672,-0.0974270140461892
1.01012103627332,-0.0974316920686089
1.01037479007112,-0.0974363691195559
1.01062859443656,-0.0974410452153495
1.01088244903613,-0.0974457203500206
1.01113635384341,-0.097450394523222
1.01139030921446,-0.097455067741663
1.01164431439089,-0.097459739991539
1.01189836988295,-0.0974644112823768
1.01215247582891,-0.0974690816168923
1.01240663207242,-0.0974737509923652
1.01266083857411,-0.0974784194082176
1.01291509594593,-0.0974830868758459
1.01316940291277,-0.0974877533719908
1.01342376035849,-0.0974924189130032
1.01367816815526,-0.0974970834967213
1.01393262674005,-0.0975017471313101
1.01418713571285,-0.09750640980959
1.01444169536763,-0.0975110715370844
1.01469630514161,-0.0975157323036357
1.01495096561487,-0.0975203921200063
1.01520567717227,-0.0975250509934086
1.01546043896421,-0.0975297089084425
1.01571525126178,-0.0975343658701897
1.01597011431472,-0.0975390218833771
1.01622502746041,-0.0975436769360481
1.01647999180238,-0.097548331048501
1.01673500652389,-0.0975529842059939
1.01699007232173,-0.097557636421369
1.01724518887742,-0.097562287688975
1.01750035621065,-0.0975669380093023
1.01775557370632,-0.097571587371279
1.01801084223,-0.09757623579082
1.01826616127083,-0.0975808832587897
1.01852153096903,-0.0975855297778747
1.01877695202404,-0.0975901753609602
1.01903242332696,-0.0975948199880226
1.01928794631401,-0.0975994636853022
1.01954351951757,-0.097604106426288
1.01979914353252,-0.0976087482218963
1.02005481891882,-0.0976133890824681
1.02031054475325,-0.0976180289913887
1.02056632198389,-0.0976226679659877
1.02082214988369,-0.0976273059932367
1.021078029109,-0.0976319430851624
1.02133395917764,-0.0976365792331782
1.02158993978329,-0.0976412144318583
1.02184597210827,-0.0976458487027652
1.02210205545713,-0.0976504820334717
1.02235818989177,-0.0976551144252107
1.02261437562798,-0.0976597458820265
1.02287061185127,-0.097664376389329
1.0231268995847,-0.0976690059657411
1.02338323849659,-0.0976736346054366
1.02363962852815,-0.097678262307478
1.02389606964287,-0.0976828890713415
1.02415256214943,-0.0976875149027384
1.0244091059819,-0.0976921398006226
1.02466570151545,-0.0976967637718916
1.02492234801623,-0.0977013868034518
1.02517904606039,-0.0977060089058027
1.0254357955014,-0.0977106300764548
1.02569259634479,-0.0977152503156361
1.02594944864928,-0.0977198696245368
1.02620635215049,-0.0977244879985334
1.02646330729769,-0.0977291054458367
1.02672031436224,-0.09773372197147
1.02697737191653,-0.0977383375499058
1.02723448137806,-0.0977429522067149
1.02749164241704,-0.0977475659361504
1.02774885481444,-0.0977521787343988
1.02800611908314,-0.0977567906107892
1.02826343439384,-0.097761401550589
1.02852080154953,-0.0977660115683085
1.0287782204861,-0.0977706206629523
1.02903569020155,-0.0977752288166941
1.02929321196476,-0.0977798360523702
1.02955078537783,-0.0977844423630259
1.02980840999799,-0.0977890477408532
1.03006608697456,-0.0977936522065318
1.03032381523251,-0.0977982557409958
1.03058159580266,-0.0978028583627655
1.03083942797132,-0.0978074600592413
1.03109731215356,-0.0978120608379395
1.03135524810061,-0.0978166606945556
1.03161323574329,-0.097821259627974
1.03187127503848,-0.0978258576375541
1.03212936650618,-0.0978304547326969
1.03238750963984,-0.0978350509045131
1.0326457053522,-0.0978396461693734
1.03290395260966,-0.0978442405090132
1.03316225218083,-0.0978488339372096
1.03342060356572,-0.0978534264452092
1.03367900743897,-0.0978580180451212
1.03393746336153,-0.097862608729275
1.03419597088134,-0.0978671984897439
1.03445453040353,-0.0978717873338426
1.03471314246101,-0.0978763752711753
1.03497180677928,-0.0978809622970005
1.03523052256168,-0.0978855483972897
1.03548929094144,-0.0978901335922506
1.0357481113339,-0.0978947178716709
1.03600698409268,-0.0978993012419206
1.03626590893218,-0.0979038836980686
1.03652488625478,-0.097908465247353
1.03678391621769,-0.0979130458926833
1.0370429984279,-0.0979176256272209
1.0373021330923,-0.0979222044547285
1.03756132013242,-0.0979267823739419
1.037820558944,-0.0979313593742973
1.03807985050018,-0.0979359354730977
1.03833919407182,-0.0979405106576129
1.03859859009601,-0.0979450849356596
1.03885803878586,-0.0979496583111285
1.03911753996565,-0.0979542307810388
1.03937709345608,-0.0979588023423375
1.03963669968738,-0.0979633730027187
1.03989635845317,-0.0979679427586719
1.04015606976048,-0.0979725116104279
1.04041583434703,-0.0979770795710854
1.04067565060121,-0.0979816466124118
1.04093551997779,-0.0979862127600722
1.04119544184234,-0.0979907780030668
1.04145541667356,-0.0979953423499034
1.04171544369663,-0.0979999057870928
1.04197552386275,-0.0980044683314342
1.04223565651711,-0.0980090299715702
1.04249584194441,-0.0980135907125904
1.04275608017687,-0.0980181505551802
1.04301637092784,-0.0980227094944269
1.04327671452257,-0.0980272675361372
1.04353711154285,-0.0980318246906237
1.04379756120985,-0.0980363809443636
1.04405806410221,-0.0980409363075704
1.04431861955381,-0.0980454907687105
1.04457922805785,-0.0980500443365039
1.04483988962884,-0.0980545970113282
1.04510060410095,-0.0980591487903912
1.04536137171104,-0.0980636996779343
1.04562219229401,-0.0980682496711872
1.04588306588737,-0.0980727987709066
1.04614399237657,-0.0980773469752038
1.04640497207193,-0.0980818942895973
1.04666600492928,-0.0980864407134319
1.04692709140154,-0.0980909862547019
1.04718823008527,-0.0980955308890696
1.04744942300307,-0.0981000746518307
1.04771066903755,-0.0981046175236871
1.04797196792403,-0.0981091595001001
1.04823331986163,-0.0981137005846364
1.04849472551594,-0.0981182407889839
1.04875618394305,-0.0981227800968564
1.04901769569523,-0.0981273185179301
1.04927926125286,-0.0981318560606668
1.04954088007014,-0.0981363927157006
1.04980255238039,-0.0981409284871627
1.05006427838994,-0.0981454633787374
1.05032605776311,-0.098149997384706
1.0505878905082,-0.0981545305053028
1.05084977723355,-0.0981590627511681
1.051111716494,-0.0981635940973887
1.05137371002471,-0.0981681245740708
1.05163575720755,-0.0981726541706615
1.05189785753806,-0.098177182878512
1.052160011384,-0.0981817107040702
1.05242221844397,-0.0981862376422425
1.05268448000449,-0.0981907637153497
1.05294679490787,-0.098195288903523
1.05320916369559,-0.0981998132161708
1.05347158623645,-0.0982043366511385
1.05373406188003,-0.0982088591973013
1.0539965921394,-0.0982133808808316
1.05425917639464,-0.0982179016911741
1.05452181406855,-0.0982224216184532
1.0547845053861,-0.0982269406666264
1.05504725106591,-0.0982314588481705
1.05531005027803,-0.098235976148914
1.0555729034937,-0.0982404925770347
1.05583581054864,-0.0982450081298152
1.0560987722774,-0.0982495228216865
1.05636178739449,-0.0982540366306699
1.0566248569418,-0.0982585495747168
1.05688798045902,-0.0982630616460438
1.05715115775002,-0.0982675728413641
1.05741438932249,-0.0982720831694758
1.05767767484545,-0.0982765926248091
1.0579410147843,-0.0982811012154218
1.05820440836086,-0.0982856089280829
1.05846785633907,-0.0982901157759489
1.05873135882021,-0.0982946217608627
1.05899491565081,-0.0982991268802829
1.05925852637737,-0.0983036311265325
1.05952219124543,-0.0983081345038904
1.05978591082253,-0.0983126370221557
1.06004968429655,-0.098317138667553
1.06031351260779,-0.0983216394562067
1.06057739513733,-0.0983261393776591
1.06084133243185,-0.0983306384413056
1.06110532398419,-0.0983351366385913
1.06136937004289,-0.0983396339738254
1.06163347085063,-0.0983441304512356
1.06189762561427,-0.0983486260573986
1.06216183499666,-0.0983531208036722
1.062426098478,-0.0983576146813147
1.0626904173334,-0.0983621077120983
1.06295479016846,-0.0983665998724145
1.06321921777938,-0.0983710911758485
1.06348370049939,-0.0983755816281679
1.06374823698686,-0.0983800712066658
1.06401282867157,-0.0983845599356774
1.06427747470952,-0.0983890478009954
1.06454217552883,-0.098393534809946
1.06480693096445,-0.0983980209598234
1.06507174165133,-0.0984025062614695
1.0653366069744,-0.0984069907045507
1.06560152749315,-0.0984114742986058
1.06586650314926,-0.0984159570427354
1.06613153286622,-0.0984204389187894
1.06639661770431,-0.0984249199447697
1.06666175825974,-0.0984294001308694
1.06692695285731,-0.0984338794488478
1.0671922021046,-0.0984383579090156
1.06745750709931,-0.0984428355300218
1.06772286733065,-0.0984473123033374
1.06798828205572,-0.0984517882164766
1.06825375207634,-0.0984562632830309
1.06851927687127,-0.0984607374943084
1.06878485696049,-0.098465210859142
1.06905049301542,-0.0984696833889337
1.06931618390017,-0.0984741550646256
1.06958193010701,-0.0984786258945495
1.06984773108893,-0.0984830958695865
1.07011358733907,-0.0984875649981027
1.07037949951756,-0.0984920332912899
1.07064546637528,-0.0984965007282276
1.0709114895161,-0.0985009673359138
1.07117756759854,-0.0985054330919147
1.07144370116832,-0.0985098980054322
1.07170989019439,-0.0985143620760312
1.07197613449213,-0.0985188253006849
1.07224243491165,-0.0985232876937189
1.07250879034589,-0.0985277492366561
1.07277520123982,-0.0985322099369983
1.07304166745755,-0.0985366697925555
1.0733081895613,-0.0985411288128138
1.07357476677448,-0.0985455869848537
1.073841400265,-0.0985500443282706
1.07410808913758,-0.0985545008281802
1.0743748337256,-0.0985589564902004
1.07464163370165,-0.0985634113089361
1.07490849012511,-0.0985678653021486
1.07517540207295,-0.0985723184545078
1.07544237004764,-0.0985767707744409
1.07570939316869,-0.0985812222473332
1.07577745093312,-0.0985823556317496
1.07584550869755,-0.0985834872721785
1.0758877181063,-0.0985841889896465
1.07590544216591,-0.0985844835666631
1.07592316622552,-0.0985847780903641
1.07595583977936,-0.0985853175318629
1.0759885133332,-0.0985858491179775
1.07611471773553,-0.0985878336902479
1.07624084915784,-0.0985897197928864
1.07637084458608,-0.098591574985932
1.07650483137759,-0.0985934064804132
1.07664306584066,-0.0985952229781407
1.0767858203957,-0.0985970329051084
1.07693339434238,-0.0985988445615905
1.07708611888309,-0.0986006661892667
1.07724435949077,-0.0986025060051134
1.07740852288091,-0.0986043722896882
1.07757906298405,-0.0986062734605682
1.07775648907975,-0.0986082181687798
1.07794137672455,-0.0986102154235877
1.07813437888444,-0.0986122747171028
1.07833624409129,-0.0986144062220017
1.07854783595729,-0.0986166210000473
1.07877016459065,-0.0986189313322965
1.07900442630726,-0.0986213511305067
1.07925206265012,-0.0986238965428236
1.07951485220022,-0.0986265868889424
1.07979506077709,-0.0986294461818471
1.0800956909727,-0.0986325056464361
1.08042099011889,-0.0986358088403932
1.0807775503298,-0.0986394227314724
1.08117735093877,-0.0986434683337481
1.08165025222246,-0.0986482465539845
1.08215895567294,-0.0986533792450913
1.08266765912341,-0.0986585048327173
1.08312814311503,-0.0986631385993172
1.08356546914148,-0.0986675342765616
1.08398958491043,-0.09867179291352
1.08441085394694,-0.0986760190270065
1.08483263406739,-0.0986802464374273
1.08525661029531,-0.0986844920125632
1.08568295611259,-0.0986887574189914
1.08611150591759,-0.0986930409220692
1.08654195581853,-0.0986973394163297
1.08697408212289,-0.0987016506120008
1.08740774221126,-0.0987059730395485
1.08784287637911,-0.0987103060626649
1.08827948017186,-0.0987146495981196
1.08871757628387,-0.0987190038331245
1.08915720207177,-0.0987233690996394
1.08959839884797,-0.0987277457673207
1.09004120807408,-0.0987321342055455
1.0904856741455,-0.0987365348109705
1.09093183913579,-0.0987409479554433
1.09137974699596,-0.0987453740275857
1.09182944249807,-0.0987498134222989
1.09228097395495,-0.0987542665675281
1.09273439140929,-0.0987587339062513
1.09318974487526,-0.0987632158790647
1.09364708867116,-0.0987677129667571
1.09410648221792,-0.0987722256979432
1.09456798743863,-0.0987767546232771
1.09503166921949,-0.0987813003198072
1.0954975967095,-0.0987858634035365
1.0959658438618,-0.0987904445344834
1.09643648799064,-0.0987950444023135
1.09690961296456,-0.098799663757301
1.09738530703766,-0.0988043033888281
1.09786366635766,-0.0988089641592819
1.09834479026991,-0.0988136469579301
1.09882879314175,-0.0988183528156211
1.09931578645975,-0.0988230827301686
1.09980590334072,-0.0988278379041079
1.10029928244305,-0.098832619587718
1.10079607124353,-0.0988374291102876
1.1012964384408,-0.0988422679994951
1.10180056260889,-0.0988471378706481
1.10230864132708,-0.0988520405140531
1.10282089246106,-0.0988569779062378
1.10333756117292,-0.0988619522761579
1.10385891247607,-0.0988669660319577
1.1043852529482,-0.0988720219681212
1.10491692693947,-0.0988771232265975
1.10545431829981,-0.0988822733108702
1.10599788068652,-0.0988874763733288
1.10654812801404,-0.098892737119597
1.10710566482624,-0.098898061094283
1.10767120679537,-0.0989034548703991
1.10824561559924,-0.0989089263738597
1.10882994128128,-0.0989144852762108
1.10942549402617,-0.0989201436629738
1.11003395080357,-0.0989259170264171
1.11065753177442,-0.0989318259094355
1.1112993011259,-0.0989378987099949
1.11196374208709,-0.098944177046278
1.11265799394761,-0.0989507273075502
1.11339511387383,-0.0989576711393589
1.11420585410529,-0.0989652955942844
1.11524344858079,-0.0989750340149898
1.11608516317596,-0.098982917419158
1.11680329612782,-0.0989896309885975
1.11769707991262,-0.098997972100612
1.11830225701172,-0.0990036105990108
1.11890743411081,-0.0990092412144059
1.11964766788673,-0.0990161186564377
1.12027504901681,-0.0990219389969592
1.12085410630344,-0.0990273037169536
1.12143841421179,-0.0990327101611054
1.12200973357239,-0.0990379897582887
1.12256570668868,-0.0990431211741442
1.12311231116987,-0.0990481599985864
1.1236512409159,-0.0990531221380633
1.12418320705032,-0.099058014382817
1.12470907019198,-0.09906284486158
1.12522951775044,-0.0990676200762953
1.12574506955111,-0.0990723449631717
1.12625614136586,-0.0990770234832045
1.12676308020997,-0.0990816589505462
1.12726617591197,-0.0990862541419464
1.12776568274292,-0.0990908114971177
1.12826181627787,-0.0990953330921326
1.12875476722339,-0.0990998207673328
1.12924470862177,-0.0991042761941785
1.12973179107823,-0.0991087008329042
1.13021615337559,-0.0991130960299892
1.13069792253215,-0.0991174630193442
1.13117721139329,-0.099121802901165
1.13165412532301,-0.0991261167031782
1.1321287640438,-0.0991304053976727
1.13260121422232,-0.0991346698349373
1.13307156140673,-0.0991389108515087
1.13353988269387,-0.099143129204248
1.134006253646,-0.0991473256329834
1.13447073807435,-0.0991515007688344
1.13493339834301,-0.099155655227267
1.1353942961188,-0.0991597896149044
1.13585348828196,-0.099163904492961
1.13631102638565,-0.0991680003726566
1.1367669621438,-0.0991720777645316
1.13722133980201,-0.099176137110335
1.13767420453971,-0.0991801788583367
1.13812559982685,-0.0991842034397372
1.13857556735379,-0.0991882112681412
1.13902414074955,-0.099192202683792
1.13947136041227,-0.0991961780857022
1.13991726014285,-0.0992001378127207
1.14036187234817,-0.0992040821899888
1.14080522972954,-0.0992080115439604
1.14124736079764,-0.0992119261627102
1.14168829651103,-0.0992158263548179
1.14212806238447,-0.0992197123795683
1.14256668826162,-0.0992235845334276
1.14300419633474,-0.0992274430442575
1.14344061472574,-0.0992312881912565
1.14387596520302,-0.0992351201966382
1.14431026684194,-0.0992389392581025
1.14474354630179,-0.0992427456391748
1.14517582239741,-0.0992465395335478
1.14560711647034,-0.0992503211563308
1.14603744749191,-0.0992540907010576
1.14646683435239,-0.0992578483598223
1.14689529526277,-0.0992615943180559
1.14732284743332,-0.0992653287517559
1.14774950840599,-0.0992690518391513
1.14817529434196,-0.0992727637457721
1.14860022111118,-0.0992764646339977
1.14902430406463,-0.0992801546610904
1.14944755691649,-0.0992838339695096
1.14986999546543,-0.0992875027192827
1.15029163294616,-0.0992911610476082
1.15071248535999,-0.0992948091151529
1.15113256355725,-0.0992984470374069
1.15155188119383,-0.0993020749537105
1.15197045063548,-0.0993056929917418
1.15238828200765,-0.0993093012593847
1.1528053896558,-0.0993128999005232
1.15322178492368,-0.0993164890326501
1.15363747789204,-0.0993200687619752
1.15405247780105,-0.0993236391871046
1.15446679754246,-0.0993272004376582
1.15488044791509,-0.0993307526248179
1.15529343624842,-0.099334295829632
1.15570577297287,-0.0993378301594352
1.15611746781757,-0.0993413557151675
1.1565285302004,-0.0993448725947532
1.1569389702813,-0.0993483809021101
1.15734879489434,-0.0993518807124054
1.15775801473036,-0.0993553721334378
1.15816663798083,-0.0993588552513224
1.15857466985355,-0.0993623301264911
1.15898212094197,-0.09936579686497
1.15938899794002,-0.0993692555392674
1.15979530939259,-0.0993727062373663
1.16020106263272,-0.0993761490366613
1.16060626358163,-0.0993795840023258
1.1610109196013,-0.099383011211509
1.16141503769922,-0.0993864307380911
1.16181862542378,-0.0993898426602701
1.16222169039746,-0.0993932470565996
1.16262423799188,-0.0993966439863838
1.16302627453326,-0.0994000335167789
1.16342780611999,-0.0994034157127896
1.16382883849872,-0.0994067906362446
1.16422937772898,-0.0994101583513935
1.16462943099686,-0.0994135189317241
1.16502900356125,-0.0994168724343091
1.16542809890768,-0.0994202189011799
1.16582672669273,-0.0994235584258976
1.16622488865819,-0.0994268910354789
1.16662259098816,-0.0994302167940141
1.16701983984626,-0.0994335357651858
1.16741663910383,-0.0994368479933441
1.16781299453342,-0.0994401535385493
1.16820891109061,-0.0994434524538504
1.1686043931365,-0.0994467447871802
1.16899944565591,-0.0994500305915016
1.16939407318299,-0.099453309915857
1.16978828007488,-0.0994565828076624
1.17018207067254,-0.0994598493140454
1.17057545052185,-0.0994631094919582
1.17096842290709,-0.0994663633794486
1.17136099235127,-0.0994696110246927
1.17175316360528,-0.0994728524775857
1.17214493941532,-0.0994760877713177
1.17253632549466,-0.0994793169634448
1.1729273246497,-0.0994825400873753
1.17331794104073,-0.0994857571875691
1.17370817848487,-0.0994889683055151
1.1740980401311,-0.0994921734770807
1.17448753104496,-0.099495372753754
1.17487665314743,-0.0994985661610601
1.17526541244314,-0.0995017537579195
1.17565380982395,-0.0995049355611879
1.17604185025663,-0.0995081116210261
1.17642953565492,-0.0995112819624637
1.17681687133861,-0.0995144466382767
1.17720385993099,-0.0995176056790583
1.17759050484589,-0.0995207591217644
1.17797680880246,-0.0995239069975738
1.17836277411447,-0.099527049334274
1.17874840585012,-0.0995301861819556
1.17913370597371,-0.0995333175653281
1.17951867732925,-0.0995364435161815
1.17990332348651,-0.0995395640720857
1.180287648065,-0.0995426792708893
1.18067165158975,-0.0995457891252833
1.18105533850669,-0.0995488936796406
1.18143871167331,-0.0995519929653391
1.18182177291817,-0.099555087005365
1.18220452640958,-0.0995581758415093
1.18258697411902,-0.0995612594977175
1.18296911854958,-0.0995643380021563
1.18335096257447,-0.0995674113858789
1.18373250881653,-0.0995704796778284
1.18411375826187,-0.0995735428937217
1.18449471531657,-0.0995766010766719
1.18487538259879,-0.099579654255306
1.18525576094009,-0.0995827024438715
1.18563585371889,-0.0995857456769621
1.18601566374642,-0.0995887839845127
1.18639519283335,-0.0995918173883808
1.18677444250244,-0.099594845908069
1.18715341529612,-0.0995978695711521
1.18753211349386,-0.0996008884030195
1.18791054070829,-0.0996039024395954
1.1882886969279,-0.0996069116878695
1.18866658711239,-0.099609916194331
1.18904421140712,-0.0996129159670777
1.18942157253548,-0.099615911034665
1.1897986720885,-0.0996189014165718
1.19017551167279,-0.0996218871323505
1.19055209416608,-0.0996248682115491
1.19092842187412,-0.0996278446790975
1.19130449651286,-0.0996308165551985
1.19168031961329,-0.0996337838585413
1.19205589331121,-0.0996367466125283
1.19243121945648,-0.0996397048382358
1.19280630113061,-0.0996426585663706
1.19318113761661,-0.099645607797677
1.1935557321108,-0.099648552563668
1.19393008760191,-0.0996514928941001
1.19430420356112,-0.099654428791064
1.19467808313438,-0.0996573602854632
1.19505172777122,-0.0996602873948011
1.19542513900442,-0.0996632101371949
1.19579831946325,-0.0996661285392762
1.19617126935647,-0.0996690426086932
1.19654399208692,-0.0996719523780059
1.19691648817303,-0.0996748578571736
1.19728875971154,-0.0996777590684404
1.19766080794568,-0.0996806560273327
1.19803263486461,-0.099683548755137
1.19840424088978,-0.0996864372608974
1.19877562950097,-0.099689321577376
1.19914680008367,-0.0996922017054716
1.19951775699132,-0.0996950776845986
1.19988850041202,-0.099697949521776
1.20025902996055,-0.0997008172196071
1.20062934915571,-0.0997036808108565
1.20099945877995,-0.0997065403070356
1.2013693599121,-0.0997093957219341
1.20173905535492,-0.0997122470825843
1.20210854621134,-0.0997150944028374
1.2024778328828,-0.0997179376911243
1.20284691718213,-0.0997207769667077
1.20321580047169,-0.0997236122453218
1.20358448411926,-0.0997264435427027
1.20395296916078,-0.0997292708719972
1.20432125763016,-0.0997320942539632
1.20468935077447,-0.0997349137032674
1.20505724962222,-0.0997377292328721
1.20542495601383,-0.0997405408619071
1.2057924693392,-0.0997433485907369
1.20615979304711,-0.0997461524507023
1.20652692667317,-0.0997489524432003
1.20689387307354,-0.0997517485949406
1.20726063203907,-0.0997545409092099
1.20762720652247,-0.0997573294133455
1.20799359683406,-0.0997601141145119
1.20835980220296,-0.0997628950116779
1.20872582678466,-0.099765672141169
1.20909167021721,-0.099768445504946
1.20945733451339,-0.0997712151229787
1.20982281920809,-0.0997739809964253
1.21018812724331,-0.0997767431522017
1.21055325863936,-0.099779501595064
1.21091821531878,-0.0997822563441283
1.21128299760244,-0.0997850074063718
1.21164760719385,-0.0997877547991766
1.21201204406969,-0.0997904985268747
1.21237630989973,-0.0997932386065282
1.2127404073234,-0.0997959750624143
1.21310433480445,-0.0997987078874071
1.2134680950642,-0.0998014371063575
1.21383168813536,-0.0998041627238689
1.21419511582597,-0.099806884757843
1.21455837956892,-0.0998096032233096
1.21492147888319,-0.0998123181209646
1.21528441534644,-0.0998150294668877
1.21564719088601,-0.0998177372796998
1.21600980443508,-0.0998204415556598
1.2163722599451,-0.0998231423284238
1.21673455566071,-0.0998258395890592
1.21709669317673,-0.0998285333536134
1.2174586745164,-0.0998312236412365
1.21782049992795,-0.0998339104578526
1.21818216989806,-0.0998365938111574
1.21854368654121,-0.0998392737208774
1.21890504975334,-0.0998419501902527
1.21926626056319,-0.0998446232309134
1.21962732111388,-0.0998472928626764
1.21998822949252,-0.0998499590753603
1.2203489894216,-0.099852621900409
1.22070959959147,-0.0998552813320469
1.22107006113732,-0.0998579373825657
1.22143037700176,-0.0998605900774906
1.22179054595021,-0.0998632394115616
1.22215056904117,-0.0998658853964165
1.2225104478746,-0.0998685280476089
1.22287018354304,-0.099871167376923
1.22322977618742,-0.0998738033891502
1.22358922629086,-0.0998764360915835
1.2239485349323,-0.0998790654958483
1.22430770378458,-0.0998816916178699
1.22466673306795,-0.0998843144629225
1.22502562328609,-0.0998869340383507
1.22538437534178,-0.099889550354384
1.22574298988918,-0.09989216341941
1.22610146753687,-0.0998947732414661
1.22645980996996,-0.0998973798363908
1.22681801740792,-0.0998999832093273
1.22717609049549,-0.0999025833685072
1.22753402915143,-0.0999051803168747
1.2278918361438,-0.0999077740780067
1.22824951006517,-0.0999103646451748
1.22860705258253,-0.0999129520339416
1.22896446554641,-0.0999155362611188
1.22932174863788,-0.099918117327814
1.22967890197378,-0.0999206952383007
1.23003592681153,-0.0999232700050541
1.23039282458094,-0.0999258416417413
1.23074959397491,-0.0999284101423107
1.23110623674033,-0.0999309755227034
1.23146275367302,-0.0999335377919554
1.23181914599021,-0.0999360969621116
1.23217541451587,-0.0999386530423616
1.23253155917829,-0.0999412060354623
1.2328875803853,-0.0999437559476062
1.23324347913466,-0.0999463027891799
1.23359925572565,-0.0999488465655479
1.23395491136427,-0.099951387288539
1.23431044688429,-0.0999539249672859
1.23466586233618,-0.0999564596053228
1.23502115785238,-0.0999589912067686
1.23537633571834,-0.0999615197910403
1.23573139501632,-0.0999640453547186
1.23608633663089,-0.0999665679072282
1.2364411630876,-0.0999690874695855
1.23679587184019,-0.0999716040267891
1.23715046473317,-0.099974117595031
1.23750494423,-0.0999766281947843
1.23785930892029,-0.0999791358190775
1.23821355900819,-0.0999816404724104
1.2385676968443,-0.0999841421743972
1.23892172169552,-0.0999866409228327
1.23927563591138,-0.0999891367372693
1.2396294381568,-0.0999916296112392
1.23998312918333,-0.0999941195530111
1.24033670999667,-0.0999966065725922
1.24069018070902,-0.0999990906736876
1.24104354306878,-0.10000157187148
1.24139679617325,-0.100004050162517
1.2417499419258,-0.100006525563032
1.24210298055234,-0.100008998077448
1.24245591228884,-0.100011467710268
1.2428087373462,-0.100013934465809
1.24316145573909,-0.100016398347008
1.24351406924453,-0.100018859369085
1.24386657812516,-0.100021317536647
1.24421898199422,-0.100023772849792
1.2445712820902,-0.100026225319927
1.24492347910829,-0.100028674954634
1.24527557374712,-0.100031121761505
1.24562756671594,-0.100033565748189
1.24597945743271,-0.100036006913366
1.2463312468528,-0.10003844526638
1.24668293623644,-0.100040880818642
1.24703452514973,-0.100043313569817
1.24738601436456,-0.100045743527923
1.24773740447287,-0.100048170699701
1.24808869472315,-0.100050595082615
1.24843988763364,-0.100053016696673
1.24879098204183,-0.100055435536463
1.24914197937735,-0.100057851614455
1.24949288003332,-0.100060264935935
1.24984368484042,-0.100062675509189
1.25019439365526,-0.1000650833358
1.25054500650505,-0.100067488418528
1.25089552503128,-0.100069890771174
1.25124594879588,-0.10007229039326
1.25159627863612,-0.10007468729305
1.25194651419843,-0.100077081470644
1.25229665801419,-0.100079472945833
1.25264670797126,-0.100081861706674
1.25299666640376,-0.100084247771594
1.2533465330173,-0.100086631141029
1.2536963087632,-0.100089011823916
1.25404599338291,-0.100091389820939
1.25439558762436,-0.100093765139624
1.25474509209371,-0.100096137786503
1.25509450712474,-0.100098507766251
1.25544383226891,-0.100100875078238
1.25579306841596,-0.100103239730898
1.25614221685809,-0.100105601735345
1.25649127722891,-0.100107961091461
1.25684024955065,-0.100110317801774
1.2571891353492,-0.100112671878935
1.25753793376648,-0.100115023319489
1.25788664700766,-0.10011737214063
1.25823527485144,-0.100119718343158
1.25858381711206,-0.10012206192814
1.25893227377347,-0.100124402897785
1.25928064661284,-0.10012674126631
1.25962893437395,-0.100129077027556
1.25997713814436,-0.100131410191109
1.26032525847064,-0.100133740762878
1.26067329601212,-0.100136068749519
1.26102125057585,-0.100138394151984
1.2613691226407,-0.100140716975713
1.26171691258326,-0.100143037225441
1.26206462132877,-0.100145354909547
1.26241224922704,-0.100147670032553
1.26275979593975,-0.100149982594404
1.26310726271266,-0.100152292605574
1.2634546493717,-0.100154600067069
1.26380195735629,-0.100156904990605
1.26414918545953,-0.100159207370325
1.26449633524587,-0.100161507218758
1.26484340626262,-0.100163804535028
1.26519039815234,-0.100166099318922
1.26553731242758,-0.100168391582564
1.26588414910049,-0.100170681328131
1.26623090857245,-0.100172968560377
1.26657759186917,-0.100175253288152
1.26692419810028,-0.100177535507673
1.2672707280768,-0.100179815226373
1.2676171830913,-0.100182092454803
1.26796356234871,-0.100184367189789
1.26830986709055,-0.100186639441539
1.26865609610676,-0.100188909204159
1.26900225200994,-0.100191176496807
1.26934833319933,-0.100193441311004
1.26969434149923,-0.100195703660715
1.27004027570941,-0.100197963540093
1.2703861374554,-0.100200220961766
1.27073192693879,-0.100202475929015
1.27107764374389,-0.100204728441119
1.27142328828298,-0.100206978502751
1.27176886084977,-0.100209226117791
1.2721143629991,-0.100211471298293
1.27245979412433,-0.100213714042249
1.27280515466504,-0.100215954354465
1.27315044471318,-0.100218192237471
1.27349566408356,-0.100220427692004
1.2738408137299,-0.100222660726162
1.27418589429487,-0.100224891345997
1.27453090428405,-0.100227119543769
1.27487584638801,-0.100229345338757
1.275220719044,-0.100231568722747
1.27556552409736,-0.10023378970953
1.27591026155554,-0.100236008301
1.27625493062372,-0.100238224493924
1.2765995337124,-0.100240438305652
1.27694406877345,-0.100242649724862
1.27728853741714,-0.100244858763761
1.27763294027024,-0.100247065428172
1.27797727585331,-0.100249269710457
1.2783215457493,-0.100251471622591
1.27866574965751,-0.100253671164451
1.27900988916328,-0.100255868347966
1.2793539634563,-0.100258063169747
1.27969797269529,-0.100260255632622
1.28004191792343,-0.100262445745016
1.28038579870087,-0.1002646335059
1.28072961629594,-0.100266818925114
1.28107337010369,-0.100269002000564
1.28141706107653,-0.100271182740062
1.28176068840105,-0.100273361140197
1.28210425392894,-0.100275537214447
1.2824477558006,-0.100277710952769
1.28279119652033,-0.10027988237275
1.28313457486951,-0.100282051468383
1.28347789261752,-0.100284218252564
1.28382114759302,-0.100286382713302
1.28416434235152,-0.100288544868429
1.28450747554683,-0.10029070471114
1.28485054850202,-0.100292862251465
1.28519356111214,-0.100295017490414
1.28553651392352,-0.100297170433095
1.2858794068279,-0.100299321080495
1.28622224058492,-0.100301469439042
1.28656501422834,-0.100303615504342
1.28690772956055,-0.100305759289335
1.2872503859333,-0.10030790079159
1.28759298415771,-0.100310040017819
1.28793552426849,-0.100312176969862
1.28827800631448,-0.100314311649651
1.28862043070314,-0.100316444061345
1.28896279869677,-0.100318574214396
1.28930510817944,-0.100320702097253
1.28964736140856,-0.100322827725568
1.28998955769959,-0.100324951096655
1.29033169726899,-0.10032707221346
1.29067378124609,-0.100329191084555
1.29101580851268,-0.100331307704588
1.29135778014023,-0.100333422081775
1.29169969625594,-0.10033553421845
1.29204155734817,-0.100337644119186
1.29238336357391,-0.100339751786495
1.2927251152178,-0.100341857223676
1.29306681215638,-0.100343960431509
1.29340845442682,-0.100346061411766
1.29375004268235,-0.100348160169991
1.29409157637839,-0.100350256704364
1.29443305743921,-0.100352351028205
1.29477448444588,-0.100354443134309
1.29511585928038,-0.10035653303572
1.29545718128696,-0.100358620729897
1.2957984491973,-0.100360706210612
1.29613966477711,-0.100362789490159
1.29648082939829,-0.100364870578347
1.29682194152416,-0.100366949467272
1.29716300195075,-0.100369026163281
1.29750401122969,-0.100371100671183
1.29784496949911,-0.100373172993264
1.29818587647906,-0.100375243129283
1.29852673228072,-0.100377311081373
1.298867537159,-0.100379376852526
1.29920829259126,-0.100381440453115
1.29954899713324,-0.100383501875817
1.29988965141827,-0.100385561125919
1.30023025616978,-0.100387618209202
1.30057081151715,-0.100389673127851
1.30091131716632,-0.100391725881507
1.30125177281326,-0.100393776469764
1.3015921810942,-0.100395824909878
1.30193253937323,-0.100397871187365
1.30227284969648,-0.100399915315951
1.30261311126401,-0.100401957292192
1.30295332543743,-0.100403997125639
1.30329349163802,-0.100406034814182
1.30363360975164,-0.100408070358523
1.30397368040532,-0.100410103763781
1.30431370338225,-0.100412135030014
1.30465367904726,-0.100414164160764
1.30499360860328,-0.100416191164541
1.30533349088,-0.100418216035705
1.30567332699994,-0.100420238782296
1.30601311724117,-0.100422259407281
1.30635286140857,-0.100424277910828
1.30669255940286,-0.10042629429368
1.3070322114661,-0.100428308558598
1.30737181860894,-0.100430320712877
1.30771138066401,-0.100432330756817
1.30805089646289,-0.10043433868483
1.30839036740388,-0.100436344506502
1.30872979455457,-0.100438348229395
1.30906917595001,-0.10044034984321
1.30940851425479,-0.100442349364955
1.30974780839847,-0.100444346789565
1.31008705849472,-0.100446342119008
1.31042626470795,-0.100448335355521
1.31076542752744,-0.10045032650324
1.31110454598003,-0.100452315557724
1.31144362143264,-0.100454302528256
1.3117826541214,-0.100456287417446
1.31212164380926,-0.100458270225155
1.31246059128132,-0.100460250957216
1.3127994958743,-0.100462229610989
1.31313835835854,-0.100464206192213
1.31347717908084,-0.100466180704124
1.31381595733563,-0.100468153143839
1.314154694104,-0.100470123518299
1.3144933884478,-0.10047209182326
1.31483204143614,-0.10047405806616
1.31517065380336,-0.100476022252442
1.31550922610296,-0.100477984386493
1.31584775639426,-0.100479944458283
1.31618624666581,-0.100481902480537
1.31652469636872,-0.100483858451239
1.31686310562586,-0.100485812372294
1.31720147415672,-0.100487764243273
1.31753980282613,-0.100489714070339
1.31787809211745,-0.10049166185743
1.31821634227237,-0.100493607607089
1.31855455216173,-0.100495551313999
1.31889272281051,-0.100497492985224
1.31923085459203,-0.100499432624042
1.31956894741975,-0.100501370231101
1.31990700168623,-0.100503305809795
1.32024501669211,-0.100505239357268
1.32058299378408,-0.100507170882361
1.32092093240004,-0.10050910038298
1.32125883280635,-0.100511027861783
1.32159669558102,-0.100512953323185
1.32193452003583,-0.100514876764385
1.32227230711539,-0.100516798191884
1.32261005673581,-0.100518717606303
1.32294776876531,-0.100520635008007
1.32328544389005,-0.100522550401997
1.3236230814012,-0.10052446378535
1.32396068255835,-0.100526375166305
1.32429824733996,-0.100528284545808
1.324635774735,-0.100530191919245
1.32497326586591,-0.100532097294058
1.3253107210341,-0.100534000673005
1.32564814039761,-0.100535902058048
1.32598552438895,-0.100537801452686
1.32632287181273,-0.10053969885127
1.32666018449557,-0.100541594265141
1.32699746082211,-0.10054348768627
1.32733470267503,-0.100545379126296
1.32767190865421,-0.1005472685784
1.32800908075694,-0.100549156054828
1.32834621780167,-0.100551041549986
1.32868331979599,-0.100552925064983
1.32902038745981,-0.100554806604877
1.32935742046273,-0.100556686168849
1.32969442025308,-0.100558563765993
1.33003138489627,-0.100560439386556
1.33036831634308,-0.100562313042437
1.33070521385917,-0.100564184730543
1.33104207699452,-0.100566054449413
1.3313789071935,-0.100567922208072
1.33171570378431,-0.100569788003782
1.33205246750757,-0.100571651841658
1.33238919803848,-0.100573513720893
1.33272589554194,-0.100575373643403
1.33306256040273,-0.100577231612304
1.33339919203105,-0.100579087625332
1.33373579245975,-0.100580941694668
1.33407236020167,-0.100582793813079
1.33440889562614,-0.100584643983605
1.3347453987844,-0.100586492207498
1.33508186999359,-0.100588338487471
1.33541830966879,-0.100590182826758
1.33575471813004,-0.100592025228064
1.33609109492682,-0.100593865689884
1.33642744059086,-0.100595704216087
1.33676375519421,-0.100597540808011
1.33710003815026,-0.100599375463411
1.33743629056505,-0.100601208189269
1.33777251155049,-0.100603038981678
1.3381087020321,-0.100604867846629
1.33844486260142,-0.100606694788249
1.33878099247478,-0.100608519803209
1.33911709217754,-0.100610342895304
1.3394531619403,-0.100612164066698
1.33978920167611,-0.100613983317839
1.34012521156047,-0.100615800650599
1.34046119093319,-0.100617616062331
1.3407971416472,-0.100619429563951
1.34113306190116,-0.100621241146632
1.34146895318235,-0.100623050819323
1.3418048151323,-0.10062485858097
1.3421406484099,-0.100626664436018
1.34247645267004,-0.100628468383499
1.34281222841073,-0.100630270426981
1.34314797529975,-0.100632070565567
1.34348369389652,-0.100633868803142
1.34381938415236,-0.100635665140316
1.34415504644726,-0.100637459579997
1.3444906806073,-0.100639252122125
1.34482628639551,-0.100641042766316
1.34516186435134,-0.100642831516318
1.3454974141841,-0.100644618371441
1.34583293616606,-0.100646403334005
1.34616843087982,-0.100648186407957
1.34650389884424,-0.100649967596889
1.34683933896924,-0.100651746895871
1.34717475220452,-0.100653524310804
1.34751013808524,-0.100655299840059
1.34784549744848,-0.100657073488911
1.34818083022498,-0.100658845257815
1.34851613551626,-0.10066061514288
1.34885141456581,-0.100662383151508
1.34918666762965,-0.10066414928585
1.34952189352338,-0.100665913540507
1.34985709383421,-0.100667675924663
1.35019226807106,-0.100669436436532
1.35052741615137,-0.10067119507651
1.3508625392863,-0.100672951851753
1.35119763540583,-0.100674706752227
1.35153270671926,-0.100676459790329
1.3518677525768,-0.100678210963427
1.35220277330678,-0.100679960274046
1.35253776807896,-0.100681707718661
1.35287273884709,-0.100683453308251
1.35320768411618,-0.100685197035796
1.35354260438003,-0.100686938904687
1.35387750096755,-0.100688678922591
1.35421237126273,-0.10069041707671
1.35454721768346,-0.100692153380407
1.35488203940549,-0.100693887830144
1.35521683717494,-0.100695620430571
1.35555161083867,-0.100697351181654
1.35588635989721,-0.100699080081594
1.35622108566025,-0.100700807137917
1.35655578738797,-0.100702532347549
1.3568904647229,-0.100704255709435
1.35722511869781,-0.100705977229648
1.35755974972728,-0.100707696911045
1.35789435776454,-0.100709414754128
1.35822894223222,-0.100711130756691
1.35856350336396,-0.10071284492069
1.35889804119148,-0.100714557247029
1.35923255583098,-0.100716267737043
1.35956704802575,-0.100717976395259
1.35990151766229,-0.100719683221816
1.36023596501788,-0.100721388218859
1.36057038917373,-0.100723091382441
1.36090479118132,-0.100724792718654
1.36123917138785,-0.100726492229956
1.36157352849831,-0.100728189910499
1.36190786377381,-0.100729885767418
1.36224217757779,-0.100731579803239
1.36257646881056,-0.100733272013109
1.36291073826848,-0.100734962401787
1.36324498596099,-0.100736650970011
1.363579212363,-0.100738337720878
1.36391341788633,-0.100740022657149
1.36424760176972,-0.100741705775687
1.36458176355215,-0.100743387074893
1.36491590491307,-0.1007450665639
1.36525002449672,-0.100746744236565
1.36558412359915,-0.100748420100099
1.3659182015089,-0.100750094151599
1.36625225869695,-0.100751766394119
1.36658629570317,-0.100753436831024
1.36692031173105,-0.100755105459007
1.36725430792325,-0.100756772284452
1.3675882840609,-0.100758437306915
1.36792223979456,-0.10076010052533
1.36825617509682,-0.100761761940239
1.36859009005314,-0.100763421552732
1.36892398612342,-0.100765079370702
1.36925786153865,-0.100766735386014
1.36959171701029,-0.100768389602888
1.36992555393066,-0.100770042028837
1.37025937039325,-0.100771692655071
1.37059316796957,-0.100773341490029
1.37092694538168,-0.10077498852803
1.37126070497265,-0.100776633781272
1.37159444456947,-0.100778277239659
1.37192816515607,-0.100779918908712
1.37226186670696,-0.10078155878892
1.37259554865662,-0.100783196878147
1.37292921224189,-0.100784833183094
1.37326285834304,-0.100786467708658
1.37359648547607,-0.100788100448192
1.37393009397439,-0.100789731403981
1.37426368398343,-0.100791360577349
1.37459725544156,-0.10079298796861
1.37493080925377,-0.10079461358278
1.37526434446378,-0.100796237415805
1.37559786222929,-0.100797859473935
1.37593136183912,-0.100799479754302
1.3762648438612,-0.100801098260278
1.37659830738297,-0.100802714988038
1.37693175359994,-0.100804329943984
1.37726518277118,-0.100805943129933
1.37759859382411,-0.100807554541301
1.3779319878347,-0.100809164183891
1.3782653643848,-0.100810772056256
1.37859872407629,-0.100812378161886
1.37893206674871,-0.10081398250058
1.37926539260982,-0.10081558507392
1.37959870133905,-0.100817185880945
1.37993199411988,-0.100818784927903
1.38026526929691,-0.100820382207424
1.38059852805826,-0.100821977725798
1.38093176991196,-0.100823571481219
1.3812649957472,-0.100825163478507
1.38159820506456,-0.100826753715825
1.38193139884651,-0.10082834219842
1.38226457532997,-0.100829928918452
1.38259773583454,-0.100831513882789
1.38293088037073,-0.100833097092006
1.38326400955451,-0.100834678549571
1.38359712242864,-0.10083625825149
1.38393021937702,-0.100837836200152
1.38426330086518,-0.100839412398292
1.38459636601523,-0.100840986842306
1.38492941596612,-0.100842559538122
1.38526245114057,-0.100844130488243
1.38559547179892,-0.100845699694412
1.38592847662639,-0.100847267150982
1.38626146661157,-0.100848832863154
1.3865944416168,-0.100850396830789
1.3869274017731,-0.100851959055028
1.38726034688649,-0.100853519535484
1.38759327686464,-0.100855078272256
1.38792619231295,-0.10085663526869
1.38825909315392,-0.100858190524928
1.38859197928017,-0.100859744040987
1.38892485061369,-0.100861295817024
1.38925770798878,-0.100862845857427
1.38959055083476,-0.100864394160036
1.38992337952961,-0.100865940727124
1.39025619420497,-0.100867485559796
1.39058899492304,-0.100869028658839
1.39092178141719,-0.100870570023517
1.39125455388992,-0.100872109655272
1.39158731308219,-0.100873647558009
1.39192005832575,-0.100875183729124
1.392252789453,-0.100876718168354
1.39258550771149,-0.100878250881927
1.3929182125696,-0.100879781867854
1.39325090378863,-0.100881311125536
1.39358358123601,-0.100882838654858
1.39391624608649,-0.100884364461677
1.39424889681997,-0.100885888539492
1.39458153503982,-0.100887410896141
1.39491416065227,-0.100888931531625
1.39524677373476,-0.100890450446767
1.39557937279414,-0.10089196763524
1.39591195955531,-0.100893483105392
1.39624453358393,-0.10089499685567
1.39657709537248,-0.10089650888878
1.39690964395868,-0.100898019200808
1.39724218001599,-0.100899527795288
1.39757470498676,-0.100901034679176
1.39790721771144,-0.100902539847647
1.39823971796443,-0.100904043300161
1.39857220603388,-0.100905545038474
1.3989046816042,-0.100907045061604
1.39923714500087,-0.100908543371469
1.39956959674005,-0.100910039970821
1.39990203698715,-0.100911534860826
1.40023446552371,-0.100913028040937
1.40056688214942,-0.100914519510701
1.4008992868517,-0.100916009270502
1.401231679597,-0.100917497320623
1.40156406094443,-0.100918983663991
1.40189643172767,-0.100920468304731
1.40222879072679,-0.100921951237818
1.40256113879848,-0.100923432467513
1.4028934754747,-0.100924911992139
1.4032258010491,-0.100926389813428
1.40355811574886,-0.100927865932797
1.40389041905509,-0.100929340348358
1.40422271223934,-0.100930813066158
1.40455499450717,-0.100932284083064
1.40488726565849,-0.100933753398624
1.40521952625382,-0.10093522101572
1.40555177644307,-0.100936686935401
1.4058840164107,-0.100938151158875
1.4062162460199,-0.100939613685933
1.40654846583533,-0.100941074519453
1.40688067493004,-0.100942533655752
1.40721287409504,-0.100943991098711
1.40754506224466,-0.100945446843955
1.4078772406581,-0.10094690089749
1.40820940861979,-0.100948353256549
1.40854156704607,-0.100949803925528
1.4088737156482,-0.100951252903531
1.40920585469314,-0.100952700192106
1.40953798338676,-0.100954145788179
1.40987010277592,-0.10095558969669
1.41020221270607,-0.100957031917316
1.41053431316204,-0.100958472450367
1.41086640373509,-0.100959911294451
1.41119848558478,-0.100961348454953
1.41153055791664,-0.100962783928784
1.41186262077763,-0.100964217716531
1.41219467435523,-0.100965649819367
1.41252671876645,-0.100967080238149
1.41285875439079,-0.100968508974864
1.41319078137138,-0.100969936030471
1.41352279954398,-0.100971361404616
1.41385480781563,-0.100972785092987
1.41418680825951,-0.10097420710482
1.41451880028658,-0.100975627437895
1.41485078317604,-0.1009770460895
1.41518275781297,-0.10097846306377
1.41551472336949,-0.100979878357505
1.41584668068856,-0.100981291974651
1.41617862946957,-0.10098270391425
1.41651057026466,-0.100984114178986
1.41684250242431,-0.100985522766433
1.41717442666967,-0.100986929679992
1.41750634306903,-0.100988334920262
1.4178382516444,-0.100989738487663
1.41817015243757,-0.100991140382697
1.41850204461393,-0.100992540602179
1.41883392958616,-0.100993939152391
1.41916580686758,-0.100995336031574
1.41949767656569,-0.10099673124051
1.41982953897473,-0.100998124780745
1.42016139345921,-0.100999516649928
1.42049323992425,-0.101000906847996
1.42082507907105,-0.101002295378193
1.42115691141197,-0.101003682242943
1.42148873604802,-0.101005067438797
1.4218205541037,-0.101006450970762
1.42215236505798,-0.101007832836946
1.42248416796661,-0.101009213033752
1.42281596400767,-0.101010591566388
1.42314775308019,-0.101011968434705
1.42347953488915,-0.101013343637782
1.42381131051083,-0.101014717180368
1.42414307928564,-0.101016089060005
1.42447484114695,-0.101017459276728
1.42480659634728,-0.101018827831869
1.42513834461987,-0.101020194724613
1.42547008727764,-0.101021559960641
1.42580182309416,-0.101022923535171
1.42613355275303,-0.101024285451317
1.42646527525608,-0.101025645705262
1.42679699200622,-0.10102700430304
1.42712870258973,-0.101028361243201
1.42746040720073,-0.101029716526821
1.42779210570926,-0.101031070153637
1.4281237978686,-0.101032422122922
1.42845548373803,-0.101033772435194
1.42878716378204,-0.101035121092603
1.42911883792684,-0.101036468095103
1.42945050569158,-0.101037813441015
1.42978216792937,-0.101039157134065
1.43011382513285,-0.101040499176473
1.43044547596005,-0.101041839563079
1.43077712227707,-0.101043178301684
1.43110876280552,-0.101044515387352
1.43144039766007,-0.101045850820831
1.43177202757303,-0.101047184605304
1.43210365184563,-0.101048516738202
1.43243527086975,-0.101049847221358
1.43276688465624,-0.10105117605505
1.43309849333872,-0.101052503240055
1.43343009637152,-0.101053828774436
1.43376169450172,-0.101055152661424
1.43409328759201,-0.101056474900693
1.43442487679077,-0.101057795497038
1.43475646075714,-0.101059114445344
1.4350880400154,-0.101060431747956
1.4354196141943,-0.101061747403625
1.43575118347934,-0.101063061413323
1.43608274894204,-0.101064373781498
1.43641430915161,-0.101065684502709
1.43674586505635,-0.101066993580949
1.43707741651807,-0.101068301015875
1.43740896343953,-0.101069606807326
1.43774050576218,-0.101070910955296
1.43807204388387,-0.101072213461562
1.43840357773273,-0.101073514326048
1.43873510788725,-0.101074813551228
1.43906663348594,-0.101076111133935
1.43939815569153,-0.101077407078935
1.43972967365861,-0.10107870138311
1.44006118655897,-0.101079994043474
1.44039269669531,-0.101081285069196
1.44072420284525,-0.101082574455671
1.44105570554078,-0.101083862205193
1.44138720447984,-0.101085148316777
1.44171869919899,-0.101086432788842
1.44205019092729,-0.101087715626335
1.44238167845521,-0.101088996824757
1.4427131629107,-0.101090276388673
1.44304464307905,-0.101091554313577
1.44337612081902,-0.101092830606824
1.44370759477411,-0.101094105263349
1.444039065953,-0.101095378287235
1.44437053369094,-0.101096649676097
1.44470199798463,-0.101097919430123
1.44503345942974,-0.101099187551764
1.44536491782463,-0.101100454040413
1.44569637333702,-0.10110171889689
1.44602782623919,-0.101102982122397
1.44635927602291,-0.101104243715171
1.44669072267964,-0.101105503675366
1.44702216594594,-0.101106762002157
1.4473536067192,-0.101108018699112
1.44768504542513,-0.101109273767978
1.44801648068382,-0.101110527203705
1.44834791419995,-0.101111779012912
1.4486793455908,-0.101113029194272
1.44901077449906,-0.10111427774661
1.4493422001049,-0.101115524667022
1.44967362358756,-0.101116769960105
1.45000504494434,-0.101118013625969
1.45033646431935,-0.101119255665301
1.45066788112487,-0.101120496076057
1.45099929566581,-0.10112173485954
1.45133070827604,-0.10112297201713
1.45166211953015,-0.101124207551096
1.45199352737332,-0.101125441453943
1.45232493387408,-0.101126673733538
1.45265633804527,-0.101127904386313
1.45298774073016,-0.101129133415548
1.45331914141273,-0.101130360819454
1.45365054098788,-0.101131586601479
1.45398193871971,-0.101132810759021
1.45431333477662,-0.101134033292853
1.4546447292415,-0.101135254203405
1.45497612244644,-0.10113647349202
1.45530751390723,-0.101137691157042
1.45563890455299,-0.101138907202006
1.45597029255503,-0.101140121620334
1.45630167948779,-0.101141334417943
1.4566330644213,-0.101142545591525
1.45696444898063,-0.101143755147136
1.45729583204219,-0.101144963080764
1.45762721395494,-0.101146169393825
1.45795859498697,-0.101147374087394
1.45828997461719,-0.101148577159692
1.45862135344369,-0.101149778613005
1.4589527312189,-0.101150978446533
1.4592841080054,-0.101152176660616
1.4596154844174,-0.101153373257568
1.45994686034974,-0.101154568237094
1.46027823482612,-0.101155761595798
1.46060960902711,-0.101156953338039
1.4609409824973,-0.101158143462254
1.46127235547645,-0.101159331969407
1.46160372817088,-0.101160518860324
1.46193509993313,-0.101161704132785
1.462266471421,-0.101162887789243
1.4625978421637,-0.101164069828098
1.46292921263048,-0.101165250251117
1.46326058355707,-0.101166429060982
1.46359195431413,-0.101167606255526
1.46392332392541,-0.101168781831403
1.46425469334642,-0.101169955792101
1.46458606287345,-0.101171128138716
1.46491743201187,-0.101172298869579
1.4652488017443,-0.101173467988234
1.46558017113323,-0.10117463549144
1.46591154126441,-0.101175801383103
1.4662429113223,-0.101176965660409
1.46657428070983,-0.101178128321368
1.46690565095542,-0.101179289371404
1.46723702167126,-0.101180448809186
1.46756839170995,-0.101181606630799
1.46789976312803,-0.101182762843491
1.46823113498509,-0.101183917444
1.46856250681068,-0.101185070430782
1.46889387932426,-0.101186221806405
1.46922525234521,-0.101187371570281
1.46955662561424,-0.101188519721578
1.46988800006484,-0.101189666263576
1.47021937446396,-0.101190811192059
1.47055074999629,-0.101191954511186
1.4708821264978,-0.101193096220412
1.47121350368209,-0.101194236318805
1.47154488130805,-0.101195374805601
1.47187625974907,-0.101196511682129
1.47220763983538,-0.101197646951254
1.47253902036815,-0.101198780608909
1.47287040220288,-0.101199912658082
1.47320178458754,-0.101201043096235
1.47353316904368,-0.101202171928588
1.47386455367012,-0.101203299148692
1.47419594005007,-0.101204424761995
1.47452732820554,-0.101205548768557
1.47485871759874,-0.101206671166591
1.47519010819131,-0.101207791956015
1.47552150030293,-0.101208911137934
1.47585289368321,-0.101210028711523
1.47618428844211,-0.101211144677185
1.47651568507351,-0.101212259036593
1.47684708299969,-0.101213371787822
1.47717848283314,-0.101214482932955
1.47750988347581,-0.101215592468333
1.47784128703424,-0.101216700401019
1.47817269214887,-0.101217806726445
1.47850409791808,-0.101218911441672
1.47883550662282,-0.101220014554305
1.47916691668477,-0.101221116059061
1.47949832965469,-0.101222215961119
1.47982974399758,-0.101223314255375
1.48016116041828,-0.101224410944203
1.48049257869083,-0.101225506026847
1.48082399921772,-0.101226599504637
1.48115542162845,-0.101227691376348
1.48148684678614,-0.101228781644818
1.48181827364663,-0.101229870306603
1.48214970277473,-0.101230957363579
1.48248113430759,-0.101232042816172
1.48281256808378,-0.101233126663846
1.48314400428789,-0.101234208907199
1.4834754432917,-0.101235289547422
1.48380688447759,-0.101236368582492
1.48413832788498,-0.101237446012544
1.4844697750483,-0.10123852184252
1.4848012244627,-0.1012395960675
1.48513267666371,-0.101240668689237
1.48546413084432,-0.101241739705103
1.48579558794407,-0.101242809118121
1.48612704790003,-0.101243876928038
1.48645851089643,-0.101244943135421
1.4867899761976,-0.10124600773789
1.48712144406047,-0.101247070736263
1.48745291529749,-0.101248132133096
1.48778438982015,-0.101249191928051
1.48811586685233,-0.101250250118635
1.48844734697839,-0.101251306706694
1.48877883030115,-0.101252361692505
1.4891103172299,-0.101253415077321
1.48944180707827,-0.101254466858925
1.48977330081534,-0.101255517040354
1.4901047973705,-0.101256565618167
1.49043629698531,-0.101257612593116
1.49076779991877,-0.101258657965964
1.4910993064886,-0.101259701737654
1.49143081639493,-0.10126074390719
1.49176232980554,-0.101261784475059
1.49209384730592,-0.101262823443032
1.4924253679034,-0.101263860807948
1.49275689239672,-0.101264896572268
1.49308842009274,-0.101265930733763
1.49341995170795,-0.10126696329462
1.49375148688491,-0.101267994253653
1.49408302563492,-0.101269023610851
1.4944145692242,-0.101270051370059
1.49474611586182,-0.101271077525657
1.49507766629495,-0.101272102079938
1.49540922027643,-0.101273125032059
1.49574077888238,-0.101274146385258
1.49607234122122,-0.101275166136704
1.49640390777496,-0.10127618428783
1.49673547876652,-0.10127720083923
1.49706705388641,-0.101278215789879
1.49739863269607,-0.101279229138382
1.4977302157187,-0.101280240886266
1.49806180266461,-0.10128125103256
1.49839339453024,-0.101282259580212
1.49872499013194,-0.101283266525532
1.49905658997863,-0.101284271870014
1.4993881942392,-0.101285275614069
1.49971980345942,-0.101286277759249
1.50005141674639,-0.101287278302768
1.50038303490344,-0.101288277246976
1.50071465742829,-0.101289274590256
1.50104628478611,-0.101290270333922
1.50137791688821,-0.101291264477604
1.50170955355463,-0.101292257020672
1.50204119454866,-0.101293247962336
1.50237284080105,-0.101294237305269
1.50270449136501,-0.101295225046536
1.50303614684977,-0.101296211187872
1.50336780765378,-0.101297195730334
1.50369947295874,-0.101298178671391
1.50403114251882,-0.101299160010243
1.50436281715357,-0.101300139749207
1.50469449722,-0.101301117889194
1.50502618263605,-0.101302094429843
1.50535787268969,-0.101303069368964
1.50568956826969,-0.101304042709065
1.50602126809473,-0.101305014446271
1.50635297374599,-0.101305984585109
1.50668468464401,-0.10130695312373
1.50701640102958,-0.101307920062731
1.5073481227571,-0.101308885401563
1.50767984932171,-0.101309849138653
1.50801158141445,-0.101310811275889
1.50834331972924,-0.101311771815124
1.50867506308257,-0.101312730752803
1.50900681119131,-0.101313688088027
1.50933856590904,-0.101314643825992
1.5096703253284,-0.101315597961048
1.51000209101183,-0.101316550497589
1.51033386213843,-0.101317501433091
1.51066563879172,-0.101318450767683
1.5109974211866,-0.10131939850184
1.51132920921796,-0.101320344635119
1.51166100269691,-0.101321289166851
1.51199280250275,-0.101322232099388
1.51232460783522,-0.101323173430302
1.51265641919017,-0.101324113160872
1.51298823687724,-0.101325051291808
1.51332006063553,-0.101325987822221
1.51365189040306,-0.101326922751797
1.51398372564814,-0.101327856078902
1.51431556711341,-0.101328787805479
1.51464741499971,-0.101329717931908
1.514979268844,-0.101330646456742
1.5153111284213,-0.101331573379216
1.51564299474308,-0.101332498701987
1.51597486709125,-0.101333422422875
1.51630674604215,-0.101334344543337
1.51663863088094,-0.10133526506122
1.51697052246059,-0.101336183978736
1.51730242012144,-0.101337101293879
1.51763432410454,-0.101338017007167
1.51796623442686,-0.101338931118472
1.51829815158108,-0.101339843628973
1.51863007493688,-0.101340754536764
1.51896200528663,-0.101341663843852
1.51929394187526,-0.101342571547985
1.51962588527976,-0.10134347765058
1.51995783557348,-0.101344382151641
1.52028979266824,-0.101345285050748
1.52062175651533,-0.101346186347594
1.52095372676048,-0.101347086041044
1.52128570392115,-0.101347984132323
1.52161768793538,-0.101348880621062
1.52194967854835,-0.101349775506395
1.52228167601655,-0.101350668788833
1.5226136806674,-0.101351560469053
1.52294569204919,-0.101352450545652
1.52327771062853,-0.101353339019695
1.52360973563014,-0.101354225888919
1.52394176813282,-0.101355111156014
1.52427380838295,-0.101355994821401
1.52460585579756,-0.101356876883333
1.52493791014722,-0.101357757341027
1.52526997122629,-0.10135863619375
1.52560203964608,-0.101359513442916
1.52593411550775,-0.101360389088566
1.52626619866009,-0.101361263130095
1.52659828950144,-0.101362135568344
1.52693038737444,-0.101363006401377
1.5272624928679,-0.101363875630542
1.52759460552743,-0.101364743254428
1.52792672591393,-0.101365609274293
1.52825885469318,-0.101366473691625
1.52859099010328,-0.101367336501637
1.52892313381508,-0.101368197708478
1.52925528429237,-0.101369057307923
1.52958744281972,-0.101369915303103
1.52991960877101,-0.10137077169215
1.53025178348799,-0.101371626478291
1.53058396450261,-0.101372479654959
1.53091615401443,-0.101373331227617
1.53124835119182,-0.101374181193851
1.53158055624395,-0.10137502955399
1.53191276866316,-0.101375876306513
1.53224498919594,-0.101376721453094
1.5325772178112,-0.101377564993399
1.53290945500578,-0.101378406928443
1.5332416995571,-0.101379247254901
1.53357395288516,-0.101380085976141
1.53390621370428,-0.101380923088656
1.53423848260228,-0.101381758593719
1.53457075998571,-0.101382592492084
1.5349030453978,-0.101383424782354
1.53523533904364,-0.101384255464811
1.53556764092547,-0.101385084539208
1.53589995111561,-0.101385912005475
1.5362322692233,-0.101386737862398
1.5365645954112,-0.101387562110141
1.53689693033241,-0.101388384750054
1.53722927408397,-0.101389205782099
1.53756162644433,-0.101390025205472
1.53789398625083,-0.101390843017085
1.53822635593623,-0.101391659222655
1.53855873284607,-0.101392473815375
1.53889111840493,-0.101393286798538
1.53922351268113,-0.101394098172002
1.53955591552458,-0.101394907935134
1.53988832713636,-0.101395716088162
1.54022074775548,-0.101396522631388
1.54055317663328,-0.101397327562734
1.54088561520461,-0.101398130885401
1.54121806186867,-0.101398932595233
1.54155051744183,-0.101399732693962
1.54188298205081,-0.10140053118159
1.5422154551011,-0.101401328056421
1.54254793681755,-0.101402123318733
1.54288042737095,-0.101402916968647
1.5432129272951,-0.101403709007139
1.54354543598088,-0.10140449943247
1.54387795436572,-0.101405288246587
1.54421048130989,-0.101406075446494
1.54454301794854,-0.101406861034606
1.54487556345005,-0.101407645008649
1.54520811844146,-0.101408427369826
1.54554068205775,-0.101409208115808
1.54587325488236,-0.101409987247691
1.54620583716233,-0.101410764765734
1.54653842935089,-0.101411540670682
1.54687102969715,-0.101412314958175
1.54720363965946,-0.101413087631341
1.54753625946175,-0.101413858690347
1.54786888853761,-0.101414628133579
1.54820152714087,-0.101415395961337
1.54853417486845,-0.101416162172386
1.5488668316918,-0.101416926766371
1.54919949857108,-0.101417689745174
1.54953217485668,-0.101418451106974
1.54986486091376,-0.101419210852312
1.55019755675847,-0.101419968980901
1.55053026207015,-0.101420725491702
1.55086297759531,-0.101421480386092
1.55119570219018,-0.101422233661158
1.5515284358418,-0.101422985316596
1.55186117937763,-0.101423735353941
1.55219393287489,-0.101424483773015
1.55252669641296,-0.10142523057367
1.55285947065608,-0.101425975757054
1.55319225486234,-0.101426719321171
1.55352504799216,-0.101427461263422
1.55385785106879,-0.101428201585776
1.55419066419014,-0.101428940288084
1.55452348707734,-0.101429677369396
1.55485632039074,-0.101430412830838
1.55518916279375,-0.101431146669131
1.55552201623369,-0.101431878888237
1.55585487939109,-0.101432609484877
1.55618775360327,-0.101433338461663
1.55652063786664,-0.101434065816031
1.55685353220893,-0.101434791547734
1.55718643700192,-0.10143551565723
1.55751935110145,-0.101436238141697
1.55785227551956,-0.101436959003006
1.55818521057073,-0.101437678241448
1.55851815577763,-0.10143839585564
1.55885111155535,-0.101439111846134
1.55918407860587,-0.101439826214058
1.55951705568753,-0.101440538956394
1.55985004264259,-0.101441250072497
1.56018304017052,-0.101441959563497
1.56051604790454,-0.101442667428238
1.56084906707872,-0.101443373668967
1.56118209617006,-0.101444078282083
1.56151513628909,-0.101444781269602
1.56184818664163,-0.101445482629463
1.56218124802117,-0.101446182362981
1.56251432015308,-0.101446880469189
1.56284740254212,-0.101447576946701
1.56318049615815,-0.101448271797172
1.56351360050298,-0.101448965019166
1.5638467152985,-0.101449656611754
1.56417984073778,-0.101450346574969
1.56451297733766,-0.101451034909489
1.5648461251894,-0.101451721615101
1.56517928328464,-0.101452406689366
1.56551245261904,-0.101453090133967
1.56584563280417,-0.101453771947698
1.56617882434269,-0.101454452131204
1.56651202691165,-0.10145513068343
1.5668452405627,-0.101455807604104
1.56717846474972,-0.101456482891739
1.56751170049633,-0.101457156548017
1.56784494671582,-0.101457828570336
1.56817820386572,-0.101458498959258
1.56851147300638,-0.10145916771648
1.56884475366406,-0.101459834840627
1.56917804455451,-0.101460500328774
1.5695113479578,-0.101461164185075
1.56984466302889,-0.101461826407378
1.57017798869538,-0.1014624869932
1.57051132661139,-0.101463145945421
1.57084467481253,-0.101463803259735
1.57117803483112,-0.101464458938791
1.57151140603526,-0.101465112980899
1.57184478851836,-0.101465765385851
1.57217818201302,-0.101466416152718
1.57251158832201,-0.101467065284574
1.5728450051819,-0.101467712776582
1.57317843356868,-0.101468358630284
1.57351187510751,-0.101469002848338
1.57384532730213,-0.101469645425496
1.57417879106574,-0.101470286363167
1.5745122666064,-0.101470925661296
1.57484575368014,-0.101471563318984
1.57517925275517,-0.101472199336702
1.57551276315941,-0.101472833712738
1.5758462855664,-0.101473466447955
1.57617981972822,-0.101474097541435
1.57651336586534,-0.101474726993167
1.57684692381225,-0.101475354802401
1.57718049359563,-0.101475980968759
1.57751407555052,-0.101476605492425
1.57784766913594,-0.101477228371948
1.57818127465303,-0.101477849607466
1.57851489303624,-0.101478469200245
1.57884852226902,-0.101479087146108
1.5791821644519,-0.101479703448529
1.5795158186968,-0.101480318105366
1.57984948448317,-0.101480931115253
1.58018316270869,-0.101481542479395
1.58051685339842,-0.101482152197351
1.58085055598498,-0.101482760267645
1.58118427094129,-0.101483366690694
1.58151799810045,-0.101483971465729
1.58185173778886,-0.101484574592881
1.58218548972629,-0.10148517607118
1.58251925418744,-0.101485775900666
1.58285303107866,-0.101486374080699
1.5831868200599,-0.10148697061022
1.58352062146568,-0.101487565489365
1.58385443545431,-0.101488158717937
1.58418826135053,-0.101488750294276
1.58452209910765,-0.101489340217861
1.58485595032678,-0.101489928491016
1.58518981442671,-0.101490515112196
1.58552369090973,-0.101491100080084
1.58585757943122,-0.101491683393632
1.58619148093792,-0.101492265054008
1.58652539477678,-0.101492845059577
1.58685932146301,-0.101493423410764
1.58719326099496,-0.101494000107068
1.58752721269069,-0.101494575146843
1.58786117781016,-0.101495148531771
1.58819515626797,-0.101495720261173
1.58852914669851,-0.101496290332256
1.58886315036696,-0.101496858746714
1.58919716717811,-0.101497425503849
1.58953119680566,-0.101497990602621
1.58986523938472,-0.101498554042774
1.59019929404579,-0.101499115822362
1.59053336211692,-0.101499675943125
1.59086744237446,-0.10150023440249
1.59120153621195,-0.1015007912023
1.59153564321244,-0.101501346341317
1.59186976303501,-0.101501899818493
1.59220389586513,-0.101502451633641
1.59253804198675,-0.10150300178671
1.59287220066536,-0.101503550275989
1.59320637236517,-0.10150409710175
1.59354055812916,-0.101504642265145
1.59387475707274,-0.101505185764199
1.5942089691762,-0.101505727598396
1.59454319433892,-0.101506267767063
1.5948774329547,-0.101506806270312
1.59521168467797,-0.101507343107061
1.5955459489251,-0.101507878275878
1.59588022757137,-0.101508411779222
1.59621451900168,-0.101508943613959
1.59654882470696,-0.101509473781957
1.596883143285,-0.101510002280444
1.59721747586408,-0.1015105291107
1.59755182118187,-0.101511054270193
1.59788618008721,-0.101511577759752
1.59822055281915,-0.10151209957918
1.59855493943601,-0.101512619728019
1.59888933911727,-0.101513138204473
1.59922375239703,-0.101513655008851
1.59955818012526,-0.101514170141887
1.59989262047174,-0.101514683600227
1.60022707462427,-0.101515195385196
1.60056154330133,-0.101515705497285
1.60089602534626,-0.101516213934181
1.60123052061725,-0.101516720695168
1.60156502978445,-0.101517225780703
1.60189955272668,-0.101517729190029
1.60223408917406,-0.101518230922198
1.60256864032449,-0.101518730978432
1.60290320439786,-0.101519229355513
1.60323778285133,-0.101519726055086
1.60357237534482,-0.101520221076041
1.60390698114807,-0.101520714416764
1.60424160143709,-0.101521206078428
1.60457623514289,-0.10152169605888
1.60491088380543,-0.101522184359811
1.60524554587557,-0.101522670978371
1.60558022181886,-0.101523155914716
1.6056365303534,-0.101523238232625
1.60563653035342,-0.101523238232625
1.60597122112704,-0.101523281703413
1.60642340723707,-0.101521932139578
1.60687934771696,-0.101519041306659
1.60734111186,-0.101514658693028
1.60780874588583,-0.101508830113546
1.6082823503752,-0.101501599279586
1.60876202468987,-0.101493008423074
1.60924786557206,-0.101483098394344
1.60973996602852,-0.101471908736899
1.61023841518093,-0.101459477741699
1.61074329682089,-0.101445842531201
1.6112546886314,-0.101431039132754
1.61177266251951,-0.101415102516188
1.61229728111119,-0.10139806674737
1.6128285992981,-0.101379964991831
1.61336666065875,-0.10136082967956
1.61391149832988,-0.101340692525143
1.61446313300556,-0.101319584641928
1.61502157196744,-0.101297536622199
1.615586806859,-0.101274578667154
1.61615881451229,-0.101250740594025
1.61673755456413,-0.101226051968213
1.617322969951,-0.101200542116268
1.61791498400663,-0.101174240282123
1.61851350315716,-0.101147175537314
1.61911841375274,-0.101119376945171
1.61972958453277,-0.101090873472435
1.6203468652975,-0.101061694068249
1.62097008839054,-0.101031867613294
1.62159906995128,-0.101001422874474
1.6222336113741,-0.100970388447405
1.6228734996301,-0.100938792754303
1.62351851108182,-0.100906663869706
1.62416841125252,-0.100874029544349
1.62482295884783,-0.100840917019601
1.62548190803067,-0.100807352926182
1.62614501038108,-0.100773363201098
1.62681201639252,-0.10073897303089
1.62748267798583,-0.100704206744635
1.62815675221427,-0.100669087644634
1.62883400078939,-0.100633638055774
1.62951419274658,-0.100597879215415
1.63019710622783,-0.100561831208255
1.63088252818332,-0.100525513012966
1.63157025703955,-0.100488942393322
1.63226010139145,-0.100452135999614
1.63295188196782,-0.10041510929769
1.63364543087084,-0.100377876641711
1.63434059155338,-0.100340451308579
1.63503721980211,-0.10030284547651
1.63573518114017,-0.100265070396053
1.63643435278559,-0.100227136314889
1.63713462204325,-0.10018905259219
1.63783588519029,-0.100150827787176
1.63853804814394,-0.100112469648406
1.63924102590488,-0.100073985167079
1.63994474027512,-0.100035380724699
1.64064912117608,-0.0999966620422241
1.6413541052556,-0.0999578342747206
1.64205963440851,-0.0999189021113861
1.64276565736987,-0.0998798697039611
1.64347212800584,-0.099840740774861
1.64417900496482,-0.0998015186507102
1.64488625011944,-0.0997622063616412
1.64559383017035,-0.0997228065636544
1.64630171485393,-0.0996833216476671
1.64700987813325,-0.0996437536826439
1.64771829563522,-0.0996041045668387
1.64842694529361,-0.0995643760007851
1.64913580883317,-0.0995245694097612
1.64984486910185,-0.0994846860990946
1.65055411139791,-0.0994447271861908
1.65126352209048,-0.0994046936826714
1.65197308922085,-0.0993645864654852
1.65268280230101,-0.0993244062918224
1.65339265204181,-0.099284153818111
1.65410263041756,-0.099243829599585
1.65481273025762,-0.0992034341163259
1.65552294510372,-0.0991629677842166
1.65623326957462,-0.099122430936387
1.65694369736259,-0.0990818239400792
1.65765422576057,-0.0990411469395317
1.65836485054848,-0.0990004001486305
1.65907556834695,-0.0989595837202001
1.65978637632592,-0.0989186977627386
1.66049727202806,-0.0988777423518167
1.661208253459,-0.0988367175259912
1.6619193183023,-0.0987956233332763
1.66263046616072,-0.0987544597021665
1.66334169480549,-0.0987132266591052
1.66405300394412,-0.0986719241121454
1.66476439278123,-0.0986305519913167
1.66547586065741,-0.0985891102133881
1.66618740672992,-0.0985475987007928
1.66689903084108,-0.098506017331296
1.66761073269406,-0.0984643659861273
1.66832251277018,-0.0984226444968117
1.66903437046088,-0.0983808527549945
1.66974630650997,-0.0983389905698638
1.67045832081738,-0.0982970577965095
1.67117041311436,-0.0982550542977616
1.67188258469815,-0.0982129798410068
1.67259483555413,-0.0981708342679135
1.67330716634962,-0.0981286173780689
1.67401957709676,-0.0980863290075365
1.67473206889639,-0.0980439689257176
1.67544464249319,-0.0980015369205032
1.67615729809468,-0.0979590328102752
1.67687003660901,-0.0979164563700168
1.67758285870061,-0.097873807387132
1.67829576465643,-0.0978310856702675
1.67900875578996,-0.0977882909648669
1.67972183244007,-0.0977454230729223
1.68043499545304,-0.0977024817649252
1.68114824620184,-0.097659466777619
1.68186158516367,-0.0976163779001982
1.68257501295509,-0.0975732149126747
1.68328853077304,-0.0975299775583145
1.68400213869806,-0.0974866656466989
1.68471583805967,-0.0974432789106626
1.68542963004304,-0.0973998170896095
1.68614351521928,-0.0973562799592662
1.68685749536365,-0.0973126672205931
1.68757157001625,-0.0972689787098042
1.68828574060203,-0.0972252141475532
1.68900000905969,-0.0971813732201219
1.68971437497318,-0.097137455757418
1.69042883960351,-0.097093461486248
1.69114340392845,-0.0970493901485804
1.69185806925904,-0.0970052414645041
1.69257283598554,-0.0969610152098486
1.6932877058337,-0.0969167110767215
1.69400267889168,-0.0968723288571225
1.6947177563554,-0.0968278682738678
1.69543293975013,-0.0967833290270883
1.69614822984101,-0.0967387108628842
1.69686362760516,-0.0966940135133608
1.69757913411608,-0.0966492367031722
1.69829475014761,-0.0966043801744889
1.69901047630174,-0.0965594436793372
1.69972631447916,-0.0965144268865306
1.70044226556191,-0.0964693295269142
1.70115832977041,-0.0964241513727539
1.70187450887695,-0.0963788920971168
1.7025908043129,-0.0963335513921089
1.70330721580097,-0.0962881290575543
1.70402374509289,-0.0962426247639867
1.70474039327696,-0.096197038221418
1.70545716107252,-0.0961513691625175
1.70617405002708,-0.0961056172658196
1.70689106082144,-0.0960597822634849
1.70760819421514,-0.0960138638819438
1.70832545151146,-0.0959678618112362
1.70904283448396,-0.0959217757090934
1.70976034394558,-0.0958756052934169
1.71047798040125,-0.0958293503014572
1.7111957454939,-0.0957830103955849
1.71191363956648,-0.095736585320301
1.71263166432372,-0.0956900747310461
1.71334982088564,-0.09564347831881
1.71406811044825,-0.0955967957684899
1.7147865337857,-0.0955500267910903
1.71550509157193,-0.0955031711031366
1.71622378547256,-0.0954562283547147
1.71694261661201,-0.0954091982290746
1.71766158592816,-0.0953620804205957
1.71838069498101,-0.0953148745812612
1.71909994439752,-0.0952675804226351
1.71981933566238,-0.0952201975987251
1.72053886974791,-0.0951727257952586
1.72125854754157,-0.0951251647024267
1.72197837049199,-0.0950775139716283
1.72269833983869,-0.0950297732660681
1.72341845658489,-0.0949819422632237
1.7241387217686,-0.0949340206368688
1.72485913699756,-0.0948860080209527
1.72557970316967,-0.0948379040948489
1.72630042107244,-0.0947897085443192
1.72702129213747,-0.0947414210102989
1.72774231748002,-0.0946930411527961
1.7284634986561,-0.0946445686005256
1.72918483665735,-0.0945960030182612
1.72990633254319,-0.0945473440649471
1.73062798770739,-0.0944985913750831
1.7313498030647,-0.0944497446136958
1.73207178091057,-0.0944008033503011
1.73279392138587,-0.0943517672984005
1.73351622606508,-0.0943026360736028
1.73423869596446,-0.0942534093268436
1.7349613325298,-0.0942040866781516
1.73568413683047,-0.0941546677712248
1.7364071103795,-0.0941051522176601
1.73713025439998,-0.0940555396467666
1.73785356991934,-0.0940058296997197
1.73857705818518,-0.0939560220008092
1.73930072035053,-0.0939061161788117
1.74002455814465,-0.0938561118206076
1.74074857284663,-0.0938060085418359
1.74147276553327,-0.0937558059706239
1.74219713740392,-0.09370550372484
1.74292168972419,-0.0936551014156682
1.74364642412548,-0.0936045986265703
1.74437134187534,-0.0935539949641034
1.74509644393033,-0.0935032900549684
1.74582173212972,-0.093452483461996
1.74654720714774,-0.0934015748273103
1.74727287071408,-0.0933505637174349
1.74799872436649,-0.0932994497094197
1.74872476910248,-0.0932482324165557
1.74945100638814,-0.0931969114172712
1.75017743728583,-0.0931454863162001
1.75090406374174,-0.0930939566531323
1.75163088626389,-0.0930423220675425
1.75235790724576,-0.0929905820631338
1.75308512704086,-0.0929387362858523
1.75381254817776,-0.0928867842250543
1.75454017132665,-0.0928347254994743
1.75526799791239,-0.0927825596728543
1.75599602990304,-0.0927302862668431
1.75672426809237,-0.0926779048850267
1.75745271443554,-0.0926254150456373
1.75818136957146,-0.0925728163590435
1.75891023555906,-0.0925201083312511
1.75963931383388,-0.0924672905099059
1.7603686056895,-0.0924143624510407
1.76109811280396,-0.0923613236803401
1.76182783591292,-0.0923081737897001
1.76255777729902,-0.0922549122560095
1.76328793826518,-0.0922015386240904
1.76401831993729,-0.0921480524501057
1.76474892447683,-0.0920944532115734
1.76547975322888,-0.0920407404426409
1.76621080714451,-0.0919869137047767
1.76694208785663,-0.0919329725068623
1.76767359724994,-0.0918789163357741
1.76840533666827,-0.0918247447155819
1.76913730777708,-0.0917704571442017
1.76986951145261,-0.0917160531755756
1.77060195048597,-0.0916615322183987
1.7713346255743,-0.0916068938335793
1.77206753808174,-0.0915521375312167
1.7728006901991,-0.091497262755967
1.7735340833746,-0.0914422690046248
1.77426771924186,-0.091387155757769
1.77500159895951,-0.091331922528967
1.77573572509083,-0.091276568722874
1.77647009860871,-0.0912210938604636
1.77720472098713,-0.0911654974232204
1.77793959357747,-0.0911097788987481
1.77867471830377,-0.0910539377280441
1.77941009725766,-0.0909979733355632
1.78014573194723,-0.0909418851870677
1.78088162386786,-0.0908856727468125
1.78161777483167,-0.0908293354516741
1.78235418677836,-0.0907728727251689
1.78309086094712,-0.0907162840415381
1.78382779894696,-0.0906595688440304
1.78456500254867,-0.0906027265598557
1.78530247420249,-0.0905457565598927
1.78604021467066,-0.0904886583422398
1.78677822633792,-0.0904314312770239
1.78751651046404,-0.0903740748172952
1.78825506876712,-0.0903165883779733
1.78899390379863,-0.0902589713047981
1.78973301687774,-0.0902012230357691
1.79047240964121,-0.0901433429817118
1.79121208371933,-0.0900853305503355
1.79195204172112,-0.0900271850684243
1.79269228472504,-0.0899689059791499
1.79343281444187,-0.0899104926736263
1.7941736333932,-0.0898519444743801
1.79491474272887,-0.0897932608084265
1.79565614475059,-0.089734441008669
1.79639784139754,-0.0896754844320445
1.79713983419983,-0.0896163904647201
1.79788212542306,-0.0895571584305627
1.79862471688549,-0.0894977876847055
1.79936761057585,-0.0894382775650505
1.80011080790188,-0.0893786274523505
1.80085431095233,-0.0893188366690789
1.80159812210675,-0.0892589045093936
1.80234224261403,-0.0891988303547262
1.80308667536685,-0.089138613450013
1.80383142205973,-0.089078253131806
1.80457648456674,-0.0890177487190085
1.80532186433391,-0.0889570995613858
1.80606756378193,-0.0888963049251583
1.80681358537427,-0.0888353640675631
1.80755993054795,-0.0887742763257151
1.80830660127994,-0.0887130409891369
1.8090535999951,-0.0886516573054654
1.80980092897189,-0.0885901245292965
1.8105485898936,-0.0885284419601481
1.81129658486064,-0.0884666088591207
1.81204491627775,-0.088404624456965
1.81279358619375,-0.088342488009008
1.8135425964802,-0.0882801987811094
1.81429194954707,-0.0882177559895819
1.81504164724277,-0.0881551588924828
1.81579169168693,-0.0880924067208938
1.81654208570319,-0.088029498641383
1.81729283077732,-0.0879664339276284
1.81804392943011,-0.0879032117623428
1.81879538371297,-0.0878398313619458
1.81954719589819,-0.0877762919194694
1.82029936848888,-0.0877125926029174
1.82105190380406,-0.0876487325904218
1.82180480422225,-0.0875847110499227
1.82255807129808,-0.0875205272146615
1.82331170833557,-0.087456180163428
1.82406571688007,-0.0873916691187541
1.82482009929902,-0.0873269932289008
1.8255748584499,-0.0872621515934974
1.82632999629122,-0.0871971433836132
1.82708551567554,-0.0871319676881781
1.82784141800828,-0.0870666237152538
1.82859770699709,-0.0870011104683979
1.82935438420421,-0.0869354271297506
1.83011145210035,-0.0868695727986223
1.83086891373172,-0.0868035465170856
1.83162677066549,-0.0867373474502334
1.83238502588466,-0.0866709746344085
1.83314368199026,-0.0866044271318603
1.83390274156232,-0.0865377040007096
1.83466220677162,-0.0864708043291435
1.83542208049745,-0.0864037271367345
1.83618236502712,-0.0863364714884444
1.83694306354806,-0.0862690363631692
1.83770417794045,-0.0862014208488965
1.83846571125347,-0.0861336239240302
1.83922766599556,-0.0860656446074373
1.83999004486683,-0.085997481894535
1.84075285047385,-0.0859291347821644
1.84151608522049,-0.0858606022787306
1.84227975220246,-0.0857918833233883
1.84304385405963,-0.0857229768886175
1.84380839372205,-0.0856538819138443
1.844573373752,-0.0855845973644267
1.84533879701552,-0.0855151221711893
1.84610466627707,-0.0854454552665241
1.8468709840503,-0.0853755955984983
1.84763775379762,-0.0853055420208477
1.84840497834266,-0.0852352934370827
1.84917266015265,-0.0851648487765904
1.84994080258554,-0.0850942068792319
1.8507094077236,-0.0850233666940865
1.85147847945522,-0.0849523269961882
1.85224802047943,-0.0848810866607551
1.85301803368943,-0.0848096445380561
1.85378852182808,-0.0847379994841583
1.85455948843602,-0.0846661502722348
1.85533093600783,-0.0845940957641086
1.85610286816437,-0.084521834708399
1.85687528712289,-0.0844493659760956
1.85764819703393,-0.0843766882485056
1.85842160042722,-0.0843038003490285
1.85919550061884,-0.0842307010194396
1.85996990065432,-0.0841573890173821
1.86074480421587,-0.0840838630308094
1.86152021451477,-0.0840101217823966
1.86229613400961,-0.0839361640581905
1.86307256687612,-0.0838619884710692
1.86384951625803,-0.0837875937211452
1.86462698498266,-0.0837129785305294
1.86540497703974,-0.0836381414997454
1.86618349489282,-0.083563081365685
1.86696254279785,-0.0834877966830985
1.8677421237817,-0.0834122861137477
1.86852224148065,-0.0833365482510471
1.86930289929343,-0.083260581700482
1.87008410047886,-0.0831843850709638
1.87086584921001,-0.0831079568710334
1.87164814846836,-0.0830312957143523
1.87243100213398,-0.0829544001164986
1.87321441432556,-0.0828772685570382
1.87399838791829,-0.0827998996270473
1.87478292629106,-0.0827222918581503
1.87556803361618,-0.082644443690935
1.87635371376419,-0.0825663535830277
1.87713997054344,-0.082488019986576
1.87792680789695,-0.0824094413282437
1.87871422875117,-0.0823306161247635
1.87950223777687,-0.0822515427062667
1.88029083903727,-0.0821722194491644
1.88108003594122,-0.0820926447840715
1.88186983257876,-0.0820128170607982
1.88266023246997,-0.0819327346734558
1.88345124025714,-0.0818523958892378
1.88424285982916,-0.081771799037355
1.88503509498497,-0.081690942443738
1.88582795009883,-0.0816098243618275
1.88662142934064,-0.0815284430513648
1.88741553702916,-0.0814467967428047
1.88821027687528,-0.0813648837152069
1.88900565379491,-0.0812827021090379
1.88980167136403,-0.081200250187876
1.89059833428286,-0.0811175260851517
1.89139564702882,-0.0810345279410126
1.89219361357767,-0.0809512539331836
1.89299223877267,-0.0808677021336396
1.89379152658649,-0.0807838706892716
1.89459148212465,-0.0806997576126536
1.89539210980855,-0.080615360971001
1.89619341391191,-0.0805306788318759
1.89699539954826,-0.0804457091573107
1.89779807092197,-0.080360449988339
1.89860143264675,-0.0802748993066871
1.89940548964103,-0.0801890550437998
1.90021024656249,-0.0801029151411734
1.90101570860371,-0.0800164774652464
1.9018218806736,-0.0799297398942356
1.90262876765326,-0.0798427002914938
1.90343637408858,-0.079755356538594
1.90424470518585,-0.0796677064271814
1.90505376595388,-0.0795797477505063
1.90586356160929,-0.0794914782599853
1.90667409767964,-0.0794028956529094
1.90748537816664,-0.0793139977743801
1.90829740961799,-0.0792247821709465
1.90911019681658,-0.0791352465599513
1.90992374503105,-0.0790453885866413
1.91073805951681,-0.0789552058764361
1.9115531456501,-0.0788646960200692
1.91236900934942,-0.0787738565257453
1.91318565602516,-0.0786826849356542
1.91400309087445,-0.0785911787945887
1.91482131991642,-0.0784993355326435
1.91564034852918,-0.0784071526281557
1.91646018294951,-0.078314627439717
1.91728082905071,-0.0782217573420835
1.91810229194007,-0.078128539773964
1.91892457815466,-0.0780349719878551
1.91974769329266,-0.0779410513168574
1.92057164412064,-0.0778467749358664
1.92139643616791,-0.0777521401349539
1.92222207536733,-0.077657144133854
1.92304856786328,-0.077561784101344
1.92387592046618,-0.0774660571016085
1.92470413928579,-0.0773699602520055
1.92553323030955,-0.0772734906579444
1.92636320055031,-0.0771766452771506
1.92719405684355,-0.0770794210577292
1.92802580500964,-0.0769818150387144
1.92885845213718,-0.0768838240819771
1.92969200476232,-0.0767854450831004
1.9305264701053,-0.076686674826706
1.93136185403269,-0.0765875102271547
1.93219816478505,-0.0764879478860174
1.93303540876716,-0.0763879845889895
1.93387359332846,-0.0762876169787081
1.93471272476472,-0.0761868417911004
1.93555281110398,-0.0760856555211377
1.93639385971519,-0.0759840547066442
1.93723587766489,-0.075882035888589
1.93807887250535,-0.0757795955144779
1.93892285157812,-0.0756767300213422
1.93976782289061,-0.0755734357285321
1.9406137938432,-0.0754697089921079
1.94146077267868,-0.0753655460275832
1.94230876722203,-0.0752609430625405
1.94315778506021,-0.0751558963161406
1.94400783413586,-0.0750504019246948
1.9448589231612,-0.0749444558875888
1.94571106048427,-0.0748380542072094
1.9465642540913,-0.0747311928904455
1.94741851242471,-0.0746238678454088
1.94827384385591,-0.0745160749456578
1.94913025741079,-0.0744078099379498
1.94998776118998,-0.0742990686412122
1.95084636470674,-0.0741898466503288
1.95170607655752,-0.0740801396289046
1.95256690557012,-0.0739699431655502
1.95342886102962,-0.0738592527420792
1.95429195272381,-0.0737480637254488
1.95515618932474,-0.0736363715767129
1.95602158066555,-0.0735241715576299
1.95688813629429,-0.0734114589137647
1.95775586546606,-0.073298228877264
1.95862477865152,-0.0731844764679001
1.95949488512211,-0.0730701968069705
1.96036619571627,-0.0729553847552541
1.96123872010439,-0.0728400352692349
1.96211246889492,-0.0727241431251485
1.96298745239129,-0.0726077030798625
1.96386368056654,-0.0724907098757172
1.96474116511685,-0.072373157963308
1.96561991636635,-0.0722550419127099
1.96649994496235,-0.0721363561898509
1.96738126235405,-0.0720170950872845
1.9682638796738,-0.0718972528733768
1.96914780823596,-0.0717768237252451
1.97003306003234,-0.071655801658398
1.97091964652966,-0.0715341806894475
1.97180757937316,-0.0714119547405199
1.97269687084429,-0.0712891175730176
1.97358753283899,-0.0711656629267856
1.97447957817012,-0.0710415843388719
1.97537301850459,-0.0709168754283153
1.97626786724667,-0.0707915294938454
1.97716413678229,-0.0706655398942642
1.97806184043386,-0.0705388997758493
1.97896099109293,-0.0704116022609503
1.97986160194434,-0.0702836403459798
1.98076368699715,-0.0701550068219203
1.98166725979128,-0.0700256944562845
1.98257233447872,-0.0698956958384256
1.98347892465388,-0.0697650035447553
1.98438704514797,-0.0696336098787488
1.98529671028092,-0.0695015071190268
1.98620793475205,-0.0693686873909079
1.9871207338925,-0.0692351426252308
1.98803512255197,-0.0691008647190676
1.98895111583464,-0.0689658454278042
1.98986872982615,-0.0688300762530823
1.99078798034895,-0.0686935486230473
1.99170888334921,-0.0685562538350733
1.99263145514736,-0.0684181830151698
1.993555712041,-0.0682793271744687
1.99448167148987,-0.0681396770276488
1.99540934993452,-0.0679992233182487
1.99633876577928,-0.0678579563660668
1.99726993606574,-0.0677158665657609
1.99820287844508,-0.0675729440894319
1.99913761170738,-0.0674291787973133
2.00007415319367,-0.0672845606332873
2.00101252248441,-0.0671390790549012
2.00195273899486,-0.0669927233948141
2.00289482111756,-0.0668454829973951
2.00383878955306,-0.0666973466943006
2.00478466348661,-0.0665483033955096
2.00573246411725,-0.0663983415347292
2.00668221129426,-0.0662474495926643
2.0076339265756,-0.0660956156119814
2.00858763091723,-0.0659428275564581
2.00954334726523,-0.0657890728929353
2.0105010971252,-0.06563433913541
2.01146090243109,-0.0654786135467159
2.012422786467,-0.0653218829790507
2.01338677235835,-0.0651641341121636
2.01435288453451,-0.0650053532103017
2.01532114643058,-0.0648455264934844
2.01629158310785,-0.0646846397030284
2.01726421983562,-0.0645226783247658
2.01823908102063,-0.0643596277665259
2.01921619291158,-0.0641954729010141
2.020195050733,-0.0640302887226268
2.02117542097659,-0.0638641062938339
2.02215731389706,-0.0636969149501714
2.02314074114429,-0.0635287030281806
2.02412571705115,-0.0633594581358483
2.02511225566185,-0.0631891677349646
2.0261003722093,-0.0630178188991918
2.02709008197653,-0.0628453985052072
2.0280814002733,-0.0626718932348046
2.02907434231898,-0.0624972895915949
2.0300689241015,-0.0623215737442186
2.03106516103568,-0.0621447317570157
2.03206306914408,-0.0619667493780308
2.03306266456909,-0.0617876121177949
2.03406396368655,-0.0616073052241271
2.03506698379168,-0.0614258135509651
2.03607174054218,-0.0612431220166765
2.03707825180057,-0.0610592149035011
2.03808653446333,-0.0608740764221044
2.03909660586155,-0.0606876904557028
2.04010848454047,-0.0605000404046452
2.0411221879795,-0.0603111096016875
2.04213773392336,-0.0601208810644152
2.04315514155932,-0.0599293372623669
2.04417442973166,-0.0597364604418797
2.04519561681536,-0.0595422326492396
2.04621872261572,-0.0593466353611111
2.04724376662135,-0.0591496498053705
2.04827076920024,-0.0589512567261635
2.04929975014287,-0.0587514366556223
2.05033073008625,-0.0585501696321808
2.05136372974961,-0.0583474353373363
2.05239877031057,-0.0581432130140463
2.05343587407378,-0.0579374813220427
2.05447506192375,-0.0577302188344296
2.05551635649937,-0.0575214034005422
2.05655978020632,-0.0573110125255269
2.05760535626511,-0.0570990231520239
2.05865310849068,-0.0568854116899174
2.05970305952742,-0.0566701543686157
2.06075523469618,-0.0564532264382493
2.06180965754817,-0.0562346030654383
2.06286635347246,-0.0560142585836985
2.06392534792245,-0.0557921668398642
2.06498666659256,-0.0555683011480462
2.06605033600113,-0.0553426341520268
2.06711638325988,-0.0551151378565369
2.06818483523699,-0.0548857837927537
2.06925571997493,-0.0546545427004073
2.07032906514932,-0.0544213848416611
2.07140490002429,-0.0541862795621508
2.07248325358203,-0.0539491956770429
2.07356415591155,-0.0537101011523362
2.07464763730258,-0.0534689632829721
2.07573372941028,-0.0532257484145166
2.07682246343528,-0.0529804223285403
2.07791387201073,-0.0527329498014857
2.07900798699341,-0.0524832950814351
2.08010484274329,-0.0522314211209274
2.08120447298475,-0.0519772902642928
2.08230691240465,-0.0517208638646266
2.08341219705397,-0.0514621021587312
2.08452036290903,-0.0512009645763367
2.08563144709423,-0.0509374094297941
2.08674548734796,-0.0506713940087073
2.08786252243539,-0.0504028744525311
2.08898259158219,-0.0501318058553551
2.09010573522252,-0.0498581420543773
2.09123199427021,-0.0495818357723192
2.09236141082496,-0.04930283841177
2.09349402717495,-0.0490211002654273
2.09462988844695,-0.0487365698177455
2.09576903850823,-0.0484491947256598
2.09691152366445,-0.0481589208596644
2.09805739057936,-0.0478656927775619
2.09920668718303,-0.0475694534544661
2.10035946290105,-0.0472701441732882
2.10151576794016,-0.0469677046605747
2.10267565332634,-0.0466620730314372
2.10383917207284,-0.0463531854281711
2.10500637813499,-0.0460409762369802
2.10617732666874,-0.0457253779659917
2.1073520744204,-0.0454063210795751
2.10853067982576,-0.0450837339049746
2.10971320217185,-0.0447575427966537
2.11089970238936,-0.0444276718543295
2.11209024272161,-0.0440940429417202
2.11328488781493,-0.0437565753043093
2.1144837036243,-0.0434151857934929
2.11568675793024,-0.0430697886412469
2.11689411987372,-0.0427202955076723
2.11810586094483,-0.0423666151058372
2.11932205528454,-0.0420086530090094
2.12054277758957,-0.0416463121683159
2.12176810549877,-0.0412794921112616
2.12299811936389,-0.0409080888853417
2.12423290080621,-0.040531995378664
2.12547253430765,-0.0401511007223386
2.12671710701968,-0.0397652902120134
2.12796670884729,-0.0393744451437299
2.12922143133337,-0.0389784430243938
2.13048137019813,-0.0385771566242458
2.13174662414311,-0.0381704541804665
2.13301729309194,-0.0377581998077719
2.13429348243837,-0.0373402519521483
2.13557529961966,-0.0369164643023479
2.13686285614022,-0.0364866849401565
2.13815626706146,-0.0360507562929804
2.13945565078609,-0.0356085149907548
2.14076113163792,-0.0351597907478333
2.1420728360256,-0.034704407420911
2.14339089579822,-0.0342421816070063
2.14471544794506,-0.0337729224481427
2.14604663362616,-0.0332964316778461
2.14738459970375,-0.0328125027655265
2.14872949749737,-0.0323209210289131
2.15008148569329,-0.0318214622173128
2.15144072822329,-0.0313138928938403
2.15280739441285,-0.0307979699975986
2.15418166185082,-0.0302734393306078
2.15556371500657,-0.0297400355986466
2.15695374539204,-0.0291974818658355
2.15835195309031,-0.028645488433322
2.15975854643773,-0.0280837523896736
2.16117374147356,-0.0275119572400099
2.16259776640744,-0.0269297704508813
2.16403085719243,-0.0263368445314803
2.16547326181573,-0.0257328145464582
2.16692523968107,-0.0251172975388062
2.16838706245745,-0.0244898913023396
2.16985901358374,-0.0238501736669439
2.17134139235912,-0.0231976997149097
2.17283451145883,-0.0225320017502318
2.17433870294339,-0.0218525854341091
2.17585431101491,-0.0211589317423506
2.17738170300457,-0.0204504906075743
2.17892126353367,-0.0197266820146918
2.18047340056154,-0.0189868915453646
2.18203854578267,-0.0182304683185265
2.18361715498837,-0.0174567228312532
2.18520971285415,-0.0166649224436304
2.18681673545816,-0.0158542876681852
2.18843876896459,-0.0150239901815547
2.19007640012541,-0.0141731445372897
2.19173025297459,-0.0133008065258537
2.19340099697916,-0.0124059653091122
2.19508935124807,-0.0114875370544708
2.19679609017414,-0.0105443572829872
2.19852204866764,-0.00957517283464301
2.20026813144102,-0.00857863085454197
2.20203532173353,-0.00755326716313402
2.20382469407267,-0.00649749123050226
2.20563742252391,-0.00540957254661271
2.2074748005691,-0.00428761864940266
2.20933825867006,-0.00312955252542488
2.21122939000992,-0.0019330826705504
2.21314997784014,-0.0006956691735579
2.21510203672971,0.000585522783190184
2.21708785866105,0.00191367752035743
2.21911007961172,0.00329240333462597
2.22117176462986,0.00472582814535413
2.22327652322389,0.00621872768365883
2.22542868062802,0.00777670957100629
2.2276335076595,0.00940646356190705
2.22989758330547,0.0111161446418301
2.2322293480981,0.0129159554007248
2.2343851748636,0.0146156134006827
2.23438517486362,0.0146156134007055
2.23484128849293,0.0149726138542768
2.23529740212223,0.0153197513474378
2.23576118687672,0.015662961150906
2.23622850293681,0.0159991757551615
2.23669942452472,0.0163285729491831
2.23717398658172,0.0166512996031605
2.23765222493428,0.0169675009039489
2.23813417646758,0.0172773203149628
2.2386198793958,0.017580899708112
2.23910937318955,0.0178783792892283
2.2396026988959,0.0181698977680303
2.24009989808107,0.0184555917208107
2.24060101446466,0.0187355965406136
2.24110609287055,0.0190100457990876
2.24161517949763,0.019279071396845
2.242128322157,0.0195428036752461
2.24264557002867,0.0198013712744405
2.24316697384437,0.0200549012193852
2.24369258638626,0.0203035191415108
2.24422246172724,0.0205473488944866
2.24475665574052,0.0207865127920901
2.24529522611574,0.0210211315991617
2.24583823252948,0.0212513245897013
2.24638573643032,0.0214772094402827
2.24693780153404,0.0216989024229774
2.24749449339891,0.0219165182151344
2.24805587968883,0.0221301699982414
2.24862203049582,0.022339969565681
2.2491930183432,0.0225460273019102
2.24976891814725,0.0227484521516364
2.25034980736109,0.022947351657015
2.25093576608676,0.0231428319808066
2.25152687716232,0.0233349979199362
2.25212322658395,0.0235239530239475
2.25272490336314,0.0237097995254534
2.25333200013925,0.0238926385071782
2.253944611583,0.024072569405536
2.25456283750829,0.0242496909209217
2.25518678092973,0.0244241004051569
2.25581654843503,0.0245958939595807
2.25645225157987,0.0247651667920038
2.25709400554669,0.0249320128231938
2.25774193065795,0.0250965250655545
2.25839615246244,0.0252587956036972
2.25905680121229,0.025418915433177
2.2597240130403,0.0255769747215729
2.26039793070734,0.0257330629400214
2.26107870245439,0.0258872685549726
2.26176648408865,0.0260396794710384
2.26246143851667,0.0261903828737209
2.26316373677664,0.0263394654089883
2.2638735582584,0.0264870131770936
2.26459109167215,0.0266331118811773
2.26531653615896,0.0267778469899033
2.26605010092564,0.0269213035986249
2.26679200772824,0.0270635668513645
2.26754249087194,0.0272047218568721
2.26830179896679,0.0273448539389176
2.26907019566152,0.0274840486807661
2.26984796236668,0.0276223923206806
2.27063539828146,0.0277599716443591
2.27143282465762,0.0278968746154683
2.27224058580086,0.0280331904036531
2.27305905219558,0.0281690097656558
2.2738886230338,0.0283044253011877
2.27472973117985,0.0284395320815224
2.27558284762624,0.028574428150127
2.27644848574673,0.0287092149569102
2.27732720905491,0.0288439983001069
2.27821963821454,0.0289788890886352
2.27912646037045,0.0291140043986013
2.28004844256196,0.0292494690570027
2.2809864452751,0.0293854171388861
2.28194144119946,0.0295219941099417
2.28291453870822,0.0296593594959426
2.28390701580657,0.029797690836695
2.28492035993676,0.0299371881931076
2.28595632378455,0.0300780805437164
2.28598705046349,0.0300822243890016
2.28601777714244,0.0300863463928558
2.28605860050202,0.0300918041025385
2.28626271729994,0.030118840334967
2.28689772300347,0.0302003866746215
2.28753338148459,0.0302782280258484
2.28817533858859,0.0303530237031576
2.28882388406104,0.0304248445939598
2.28947920384415,0.0304937663686365
2.29014145989682,0.0305598632779923
2.29081081500837,0.0306232080749382
2.29148743900472,0.0306838720997308
2.29217150945591,0.0307419252075349
2.29286321300336,0.030797435821721
2.29356274546071,0.0308504708881431
2.29427031465632,0.0309010960324402
2.29498613839944,0.0309493753412483
2.29571044722951,0.0309953715011148
2.2964434860956,0.0310391458264487
2.29718551409204,0.031080758161096
2.29793680678963,0.0311202669350066
2.29869765822463,0.0311577291753966
2.29946838273015,0.0311932004923045
2.30024931653128,0.031226735042169
2.30104082094498,0.031258385548499
2.30184328565187,0.0312882032961779
2.30265713199478,0.031316238101694
2.30348281661641,0.0313425382736498
2.30432083710722,0.0313671506102619
2.30517173837171,0.0313901203734278
2.30603611914798,0.0314114912230374
2.30691464150074,0.0314313051796961
2.30780804141323,0.0314496025468924
2.30871714206229,0.0314664218187665
2.30964287047256,0.0314817995648803
2.31058628150058,0.031495770324611
2.31154858380005,0.0315083663818076
2.31253117769838,0.0315196175349897
2.31353570721046,0.0315295507938321
2.31456412661745,0.031538189910392
2.31561880258786,0.0315455548059965
2.31670265441739,0.0315516606702576
2.31781937574559,0.031556516695298
2.31897378510441,0.0315601240865042
2.32017241813922,0.0315624728037001
2.32142461876755,0.031563535839627
2.3227447716669,0.0315632580450224
2.32415765461826,0.0315615307194341
2.32571512515534,0.0315581171658794
2.3275876493698,0.0315522744448949
2.32923255241129,0.0315456379902649
2.33087745545278,0.0315373647503757
2.33234108784022,0.0315287960772615
2.33371867532843,0.0315196908484416
2.33503863849948,0.0315101631061335
2.33632162098366,0.0315002511333148
2.33757828379548,0.0314899970437899
2.33881502509032,0.0314794355543463
2.34003596634788,0.0314685966573489
2.34124398636225,0.0314575063527504
2.34244121699373,0.0314461873831241
2.34362930581393,0.0314346597745835
2.3448095618769,0.0314229413001238
2.34598305219636,0.0314110477760499
2.34715065943835,0.0313989933636588
2.34831312404825,0.0313867907865206
2.34947107523474,0.0313744515028527
2.35062505201745,0.031361985869293
2.35177551902781,0.0313494032785377
2.35292288247632,0.0313367122353154
2.35406749682386,0.031323920488062
2.35520967274596,0.0313110351089975
2.35634968755094,0.0312980625209204
2.3574877856883,0.0312850086130783
2.35862418582523,0.0312718787621283
2.35975908271958,0.0312586779003414
2.36089265240362,0.0312454105323675
2.36202505154226,0.0312320808100054
2.36315642261086,0.031218692529434
2.36428689362891,0.0312052491869686
2.36541658087602,0.0311917539917961
2.36654558967367,0.0311782098975132
2.36767401633797,0.0311646196147189
2.36880194675195,0.0311509856600093
2.36992946119916,0.0311373103263051
2.37105663129422,0.0311235957468823
2.37218352380149,0.0311098438711338
2.37331019896787,0.0310960565067977
2.37443671177667,0.0310822353226162
2.37556311327381,0.0310683818498496
2.37668944961885,0.0310544975096302
2.37781576334038,0.0310405836111333
2.37894209354153,0.0310266413623361
2.380068476479,0.0310126718746453
2.38119494490638,0.030998676181572
2.38232152943912,0.030984655231348
2.38344825754426,0.030970609908662
2.38457515525794,0.0309565410212428
2.38570224633007,0.0309424493185609
2.38682955317535,0.030928335486489
2.38795709509838,0.0309142001755639
2.38908489057046,0.0309000439777774
2.39021295661668,0.0308858674406176
2.39134131000506,0.030871671057059
2.39246996327602,0.0308574553191918
2.39359893139753,0.0308432206382374
2.3947282270293,0.0308289674104201
2.39585786077332,0.0308146960146037
2.39698784397656,0.0308004067808324
2.39811818599465,0.0307861000287514
2.39924889488594,0.0307717760601267
2.40037998048117,0.0307574351238033
2.40151145004065,0.0307430774735919
2.4026433105226,0.0307287033396726
2.4037755683801,0.0307143129342339
2.40490822977209,0.0306999064507067
2.4060413004759,0.0306854840666394
2.40717478617989,0.0306710459415474
2.40830869037521,0.03065659224459
2.40944301816019,0.030642123107355
2.41057777509129,0.0306276386417564
2.41171296394852,0.0306131389807408
2.4128485865693,0.0305986242542321
2.4139846483701,0.0305840945349822
2.41512115141528,0.0305695499288494
2.41625809846284,0.0305549905208838
2.41739549354101,0.0305404163711196
2.41853333721993,0.0305258275748323
2.41967163287418,0.0305112241819831
2.42081038220685,0.0304966062575513
2.42194958703197,0.0304819738572719
2.42308924851614,0.0304673270384857
2.42422936964861,0.0304526658293953
2.42536995069044,0.0304379902880017
2.42651099353316,0.0304233004450619
2.42765249942838,0.0304085963355211
2.42879446906661,0.0303938779966522
2.42993690468958,0.0303791454418124
2.43107980648461,0.030364398707367
2.43222317523242,0.0303496378174354
2.43336701243725,0.030334862784078
2.43451131916748,0.0303200736223898
2.43565609572515,0.0303052703540592
2.43680134235854,0.0302904529982832
2.43794706089183,0.0302756215519666
2.43909325074173,0.0302607760411886
2.44023991237099,0.0302459164752551
2.44138704733655,0.0302310428483445
2.44253465519326,0.0302161551789533
2.44368273691099,0.0302012534647934
2.44483129323786,0.03018633770568
2.44598032393611,0.03017140791241
2.44712982927627,0.0301564640873416
2.44827980999864,0.0301415062259708
2.44943026594113,0.0301265343344593
2.45058119728484,0.0301115484129981
2.45173260544193,0.030096548445416
2.45288448945748,0.0300815344454972
2.4540368500614,0.030066506403278
2.45518968761349,0.0300514643137055
2.45634300122615,0.0300364081867006
2.45749679183119,0.030021338007546
2.45865105969032,0.0300062537706108
2.45980580507837,0.0299911554692085
2.46096102901072,0.0299760430866589
2.46211672972723,0.029960916641554
2.46327290816478,0.0299457761158166
2.46442956452616,0.0299306215019876
2.46558669905019,0.0299154527914804
2.46674431104996,0.0299002699870959
2.46790240171776,0.0298850730666881
2.46906097044879,0.0298698620319675
2.47022001760412,0.0298546368709049
2.47137954326753,0.0298393975752706
2.47253954741304,0.0298241441378601
2.4737000293002,0.0298088765602599
2.47486098991506,0.0297935948212626
2.47602242896322,0.0297782989170209
2.47718434714496,0.0297629888300045
2.47834674330481,0.0297476645668501
2.47950961873764,0.0297323261013946
2.48067297208476,0.0297169734429256
2.48183680412282,0.0297016065715258
2.4830011153859,0.0296862254715791
2.48416590553766,0.0296708301385166
2.48533117482645,0.0296554205594883
2.48649692273095,0.02963999673175
2.48766314929666,0.02962455864467
2.48882985383696,0.029609106297297
2.48999703803721,0.029593639657622
2.49116470128254,0.0295781587248194
2.49233284327263,0.0295626634924589
2.49350146387394,0.029547153951901
2.49467056344535,0.0295316300882419
2.49584014224676,0.0295160918881819
2.49701019977386,0.0295005393481935
2.4981807368452,0.0294849724470435
2.49935175214561,0.0294693911918943
2.50052324694656,0.0294537955550004
2.50169522154227,0.0294381855229071
2.50286767422489,0.02942256110752
2.50404060562855,0.029406922288848
2.50521401639244,0.0293912690483412
2.50638790547094,0.0293756013894729
2.50756227400129,0.0293599192861638
2.50873712200544,0.0293442227281998
2.50991244857415,0.0293285117167834
2.5110882543235,0.0293127862325007
2.51226453849323,0.0292970462748233
2.51344130170638,0.0292812918243658
2.51461854364147,0.0292655228749049
2.51579626464751,0.0292497394109021
2.51697446501488,0.0292339414179643
2.5181531439472,0.0292181288958324
2.51933230176467,0.0292023018288723
2.52051193855894,0.0291864602051384
2.52169205438699,0.0291706040130577
2.52287264934387,0.0291547332404989
2.5240537221608,0.0291388478931371
2.52523527435842,0.0291229479392022
2.52641730478768,0.029107033383748
2.52759981412658,0.029091104206211
2.52878280288764,0.0290751603892865
2.52996627073988,0.0290592019267181
2.53115021682257,0.0290432288185238
2.5323346415781,0.0290272410471628
2.53351954559398,0.0290112385941125
2.53470492801954,0.0289952214599384
2.53589078933565,0.0289791896266662
2.5370771295537,0.028963143083324
2.53826394880646,0.0289470818171044
2.53945124658763,0.0289310058236347
2.54063902289031,0.028914915091497
2.54182727817055,0.0288988096034946
2.54301601198559,0.0288826893546476
2.54420522434375,0.0288665543334027
2.54539491568314,0.0288504045227857
2.54658508585978,0.0288342399138448
2.54777573429671,0.0288180605029324
2.54896686153258,0.0288018662712921
2.55015846738008,0.0287856572105415
2.55135055167003,0.0287694333116159
2.55254311472886,0.02875319455884
2.55373615674639,0.0287369409387034
2.55492967709097,0.0287206724484942
2.55612367594169,0.0287043890741301
2.5573181527076,0.0286880908122557
2.55851310829618,0.0286717776391662
2.55970854283977,0.0286554495424855
2.56090445587774,0.0286391065172373
2.56210084720918,0.0286227485544605
2.5632977160845,0.028606375652609
2.56449506444835,0.0285899877739704
2.56569289135923,0.0285735849211672
2.56689119645703,0.0285571670871461
2.56808997969833,0.0285407342607915
2.56928924151611,0.0285242864249317
2.57048898211662,0.0285078235658137
2.57168920127414,0.0284913456752998
2.57288989817502,0.028474852752725
2.57409107312293,0.0284583447820315
2.57529272647103,0.0284418217473037
2.57649485839731,0.0284252836351102
2.57769746779166,0.02840873044909
2.57890055643321,0.0283921621532538
2.58010412355994,0.0283755787476476
2.58130816874641,0.0283589802261388
2.58251269147579,0.0283423665838279
2.58371769350159,0.0283257377853659
2.58492317295285,0.0283090938456986
2.58612913049948,0.0282924347431597
2.58733556596147,0.0282757604690702
2.58854248052239,0.0282590709960349
2.58974987233084,0.0282423663383672
2.59095774198195,0.02822564647531
2.59216608967099,0.0282089113930619
2.59337491568919,0.0281921610764583
2.59458421997482,0.0281753955151159
2.59579400154981,0.0281586147107016
2.5970042610421,0.0281418186425102
2.59821499922153,0.0281250072890661
2.59942621555233,0.0281081806467503
2.60063790909017,0.028091338716452
2.6018500810058,0.0280744814700619
2.60306273105649,0.0280576089001394
2.60427585915819,0.0280407209962166
2.60548946502302,0.028023817750555
2.60670354778912,0.0280068991630275
2.6079181090908,0.0279899651992826
2.6091331481461,0.0279730158595483
2.61034866438968,0.0279560511394895
2.61156465838929,0.0279390710193422
2.61278113057721,0.0279220754820598
2.61399808012998,0.0279050645276345
2.61521550749999,0.0278880381377477
2.6164334128727,0.0278709962985523
2.61765179529311,0.027853939011607
2.618870655056,0.0278368662605794
2.62008999292693,0.0278197780235876
2.62130980811976,0.0278026743003457
2.62253010092123,0.0277855550747975
2.62375087157732,0.0277684203321036
2.62497211960602,0.027751270067406
2.6261938449664,0.0277341042692632
2.62741604750135,0.0277169229280863
2.62863872785507,0.0276997260233025
2.62986188519338,0.0276825135551391
2.63108552011545,0.0276652855031586
2.63230963165981,0.0276480418692241
2.6335342205778,0.0276307826306948
2.63475928749278,0.0276135077678622
2.63598483153702,0.0275962172814804
2.63721085284419,0.0275789111573953
2.63843735142454,0.0275615893837615
2.63966432717571,0.0275442519502788
2.64089178012613,0.0275268988447579
2.64211971003329,0.0275095300588149
2.64334811644335,0.0274921455867697
2.64457700038214,0.0274747454024209
2.64580636225915,0.0274573294891662
2.64703620023366,0.0274398978610002
2.6482665151388,0.0274224504932841
2.6494973068042,0.0274049873770704
2.65072857580061,0.027387508492687
2.65196032134973,0.0273700138395421
2.65319254412987,0.0273525033959469
2.65442524421965,0.0273349771494829
2.65565842093856,0.0273174350978679
2.65689207433869,0.0272998772280418
2.6581262045141,0.0272823035268613
2.65936081174999,0.0272647139786494
2.66059589572174,0.0272471085763172
2.66183145572711,0.0272294873175317
2.66306749309461,0.0272118501714767
2.66430400672569,0.0271941971425228
2.66554099719509,0.0271765282101277
2.6667784644457,0.0271588433635814
2.66801640784277,0.0271411425998415
2.66925482855367,0.0271234258903276
2.67049372443229,0.0271056932538453
2.67173309741909,0.0270879446499693
2.67297294686306,0.027070180077214
2.67421327274081,0.0270523995237023
2.67545407524918,0.0270346029747246
2.67669535393434,0.0270167904248447
2.67793710914654,0.0269989618569295
2.67917934125171,0.0269811172541914
2.68042204875286,0.0269632566259131
2.68166523199798,0.0269453799541574
2.68290889163611,0.0269274872180729
2.68415302788499,0.0269095784032593
2.68539763983419,0.0268916535107641
2.68664272818536,0.0268737125181246
2.68788829247055,0.0268557554203977
2.6891343332504,0.026837782197468
2.69038084956213,0.0268197928512565
2.69162784222629,0.026801787357573
2.69287531077024,0.0267837657116253
2.69412325508127,0.0267657279027146
2.69537167478384,0.0267476739239916
2.69662057086984,0.0267296037492273
2.6978699425773,0.0267115173778982
2.69911979013222,0.0266934147943172
2.70037011344121,0.0266752959878907
2.70162091287234,0.026657160941362
2.70287218732738,0.0266390096584545
2.70412393786252,0.0266208421114116
2.7053761636034,0.0266026583012627
2.70662886489673,0.0265844582104878
2.70788204225242,0.026566241820048
2.70913569500672,0.0265480091277053
2.71038982293002,0.0265297601241582
2.71164442606545,0.026511494796477
2.712899505065,0.0264932131233901
2.71415505946699,0.0264749150998936
2.7154110884779,0.0264566007248338
2.71666759339874,0.0264382699670151
2.71792457338404,0.0264199228272962
2.71918202916153,0.0264015592827154
2.72043996005293,0.0263831793312859
2.72169836611639,0.0263647829595777
2.72295724671105,0.0263463701645423
2.72421660240166,0.0263279409255253
2.72547643392818,0.026309495220292
2.72673673947456,0.0262910330632005
2.72799752007008,0.0262725544260786
2.72925877577064,0.0262540592966434
2.7305205066984,0.026235547661164
2.7317827117896,0.0262170195227574
2.73304539209959,0.0261984748533629
2.73430854734742,0.0261799136455706
2.73557217673146,0.0261613358985303
2.73683628093768,0.0261427415895967
2.7381008599965,0.0261241307066339
2.73936591387383,0.0261055032380434
2.74063144240635,0.0260868591739428
2.74189744497789,0.026068198510801
2.74316392175769,0.0260495212334683
2.74443087364908,0.0260308273168842
2.74569829967775,0.0260121167635637
2.74696620031991,0.0259933895537605
2.74823457541015,0.0259746456779036
2.74950342431665,0.0259558851327319
2.75077274766503,0.0259371078964934
2.75204254518195,0.0259183139613258
2.75331281632383,0.0258995033226455
2.75458356239182,0.0258806759490282
2.75585478253801,0.0258618318414301
2.75712647643588,0.0258429709917231
2.75839864479201,0.0258240933770975
2.75967128702038,0.0258051989942587
2.76094440272106,0.0257862878362836
2.7622179921896,0.0257673598862397
2.76349205510736,0.0257484151366512
2.76476659223735,0.025729453563998
2.76604160286364,0.02571047516694
2.76731708760068,0.0256914799237857
2.76859304555799,0.0256724678355348
2.76986947774882,0.0256534388745309
2.77114638280801,0.0256343930489598
2.77242376251526,0.0256153303196878
2.77370161508901,0.0255962507015282
2.77497994195652,0.0255771541601455
2.77625874169781,0.0255580407047818
2.77753801462235,0.025538910317554
2.77881776069994,0.0255197629866647
2.78009798030586,0.0255005986943204
2.78137867242986,0.0254814174431758
2.78265983812594,0.0254622192047506
2.78394147675483,0.0254430039767584
2.78522358885971,0.0254237717385018
2.78650617366997,0.0254045224892139
2.78778923240405,0.0253852561981557
2.78907276284906,0.0253659728861297
2.79035676634926,0.0253466725194083
2.79164124224183,0.0253273550961684
2.79292619150949,0.0253080205892606
2.79421161383044,0.0252886689917507
2.79549750911906,0.0252693002923007
2.7967838761317,0.0252499144965601
2.79807071525862,0.0252305115853343
2.79935802758957,0.0252110915304491
2.8006458124965,0.0251916543296501
2.80193406991539,0.0251721999710419
2.80322280043368,0.0251527284334341
2.80451200252662,0.0251332397272107
2.80580167712381,0.0251137338250433
2.8070918245106,0.0250942107108971
2.80838244373428,0.025074670386645
2.80967353561023,0.0250551128270629
2.81096509895134,0.0250355380377156
2.8122571340242,0.0250159460012921
2.8135496414003,0.0249963366970122
2.8148426205419,0.0249767101208406
2.81613607177975,0.0249570662550392
2.81742999490029,0.0249374050904897
2.81872439038815,0.0249177266073894
2.82001925622693,0.0248980308233852
2.82131459510476,0.0248783176846105
2.82261040540955,0.0248585872044339
2.82390668693753,0.024838839372275
2.82520344093177,0.0248190741568781
2.82650066530422,0.0247992915776356
2.82779836170236,0.0247794915959903
2.82909652902321,0.02475967421693
2.83039516812112,0.0247398394144981
2.83169427786419,0.0247199871935622
2.83299385877512,0.0247001175329545
2.83429391173346,0.0246802304073985
2.83559443537989,0.0246603258253344
2.83689543032776,0.0246404037640225
2.83819689639756,0.0246204642139284
2.83949883308658,0.0246005071698632
2.84080124082356,0.0245805326124286
2.84210411996523,0.0245605405240447
2.84340747020451,0.02454053089705
2.84471128978526,0.0245205037448085
2.84601558108369,0.0245004590177497
2.84732034267792,0.0244803967263419
2.84862557476732,0.0244603168540673
2.84993127728864,0.0244402193892999
2.85123745022426,0.0244201043196617
2.85254409301177,0.024399971640947
2.85385120706151,0.0243798213189703
2.85515879053399,0.0243596533698067
2.85646684444617,0.0243394677641874
2.85777536904695,0.0243192644864323
2.85908436387593,0.0242990435311301
2.86039382848365,0.0242788048920183
2.86170376271584,0.0242585485583246
2.86301416736676,0.0242382745052974
2.86432504221486,0.0242179827242919
2.86563638730788,0.0241976732018354
2.86694820149011,0.0241773459426578
2.86826048512996,0.024157000927553
2.86957323822417,0.0241366381441074
2.87088646139025,0.0241162575704141
2.87220015401462,0.0240958592036062
2.87351431728383,0.0240754430126566
2.87482894847958,0.0240550090268372
2.87614404957224,0.0240345572014946
2.87745961934716,0.0240140875436966
2.87877565863518,0.023993600027385
2.88009216685685,0.0239730946492456
2.88140914449708,0.0239525713888479
2.88272659124506,0.0239320302385609
2.88404450646476,0.0239114711950946
2.8853628913752,0.0238908942266925
2.88668174505341,0.0238702993356172
2.88800106765661,0.0238496865061006
2.88932085809662,0.0238290557419683
2.89064111807414,0.0238084070037551
2.89196184564018,0.023787740309712
2.89328304308435,0.0237670556108298
2.89460470805198,0.0237463529319628
2.89592684203215,0.0237256322359243
2.89724944462944,0.0237048935170318
2.89857251489783,0.023684136776757
2.89989605353303,0.0236633619908981
2.90122006064323,0.0236425691455606
2.90254453593876,0.0236217582325902
2.90386947879206,0.0236009292485756
2.90519488926285,0.0235800821792713
2.90652076778274,0.0235592170053233
2.9078471139533,0.0235383337204668
2.90917392837693,0.0235174323024487
2.91050121048283,0.0234965127477213
2.91182896017856,0.0234755750444893
2.91315717683834,0.0234546191894142
2.91448586181277,0.0234336451484687
2.91581501396013,0.0234126529274974
2.91714463292322,0.0233916425183532
2.91847471963829,0.0233706138934515
2.9198052736066,0.0233495670484459
2.92113629553982,0.023328501959286
2.92246778386823,0.0233074186378646
2.92379973928192,0.0232863170594569
2.92513216158351,0.0232651972147288
2.92646505132486,0.0232440590822913
2.92779840695577,0.0232229026736925
2.92913222990068,0.0232017279528789
2.930466519926,0.0231805349117276
2.93180127668008,0.0231593235428008
2.93313649908998,0.0231380938495039
2.93447218827146,0.0231168458007985
2.9358083433259,0.0230955793986256
2.93714496512151,0.0230742946161026
2.93848205295704,0.0230529914519411
2.9398196070063,0.0230316698901102
2.94115762797349,0.0230103299069583
2.94249611437139,0.0229889715133202
2.94383506698734,0.0229675946829158
2.94517448556226,0.0229461994074475
2.9465143691891,0.022924785688006
2.94785471909725,0.0229033534918547
2.94919553432546,0.0228819028220794
2.95053681500112,0.0228604336631593
2.95187856175788,0.0228389459924185
2.95322077407157,0.0228174398057354
2.9545634513272,0.0227959150994328
2.95590659411598,0.0227743718508412
2.957250202345,0.0227528100490041
2.95859427633517,0.022731229676047
2.95993881448152,0.0227096307444061
2.9612838177032,0.0226880132254792
2.9626292862059,0.0226663771038351
2.96397521926488,0.0226447223782265
2.96532161690155,0.0226230490348479
2.96666847959514,0.0226013570532812
2.96801580683424,0.0225796464290914
2.96936359860759,0.0225579171491869
2.9707118547998,0.0225361692024336
2.97206057473561,0.0225144025864334
2.9734097597747,0.0224926172663949
2.97475940936895,0.0224708132391856
2.97610952265284,0.0224489905051665
2.97746010028487,0.0224271490402729
2.97881114223697,0.0224052888325387
2.98016264775046,0.0223834098810472
2.98151461683636,0.0223615121720595
2.98286705018307,0.0223395956817865
2.98421994686945,0.0223176604124647
2.98557330797225,0.0222957063335083
2.98692713225961,0.0222737334522904
2.98828141959247,0.0222517417571125
2.98963617021299,0.022229731231
2.99099138372634,0.022207701867502
2.99234706054628,0.0221856536468948
2.99370320073867,0.0221635865555954
2.99505980390139,0.0221415005871779
2.99641687106406,0.0221193957121063
2.99777440105168,0.0220972719369273
2.99913239363422,0.0220751292514056
3.00049084879989,0.0220529676424593
3.00184976668368,0.0220307870949981
3.00320914646211,0.0220085876093079
3.00456898931534,0.0219863691530567
3.005929294894,0.021964131719871
3.00729006209562,0.0219418753141682
3.00865129232884,0.0219195998996249
3.01001298444577,0.0218973054827133
3.01137513840815,0.0218749920502499
3.0127377540315,0.0218526595920994
3.01410083192313,0.0218303080855173
3.01546437138375,0.0218079375292779
3.01682837202047,0.0217855479161783
3.01819283577366,0.0217631392019449
3.01955776034855,0.0217407114119812
3.02092314665415,0.0217182645169937
3.02228899494907,0.0216957985004855
3.02365530347714,0.0216733133779151
3.02502207310162,0.0216508091210076
3.02638930368202,0.0216282857196946
3.02775699549848,0.0216057431565779
3.0291251482784,0.0215831814233778
3.03049376200942,0.0215606005071661
3.03186283733074,0.0215380003847349
3.03323237260111,0.0215153810700461
3.03460236853335,0.0214927425373072
3.03597282484982,0.0214700847785144
3.03734374163445,0.0214474077792375
3.03871511884516,0.0214247115273001
3.04008695634736,0.0214019960119237
3.04145925345846,0.0213792612310429
3.04283201131839,0.0213565071527617
3.04420522881757,0.0213337337829967
3.04557890628586,0.0213109411026353
3.04695304324504,0.021288129106645
3.04832764002279,0.0212652977764254
3.04970269632878,0.0212424471040032
3.05107821212803,0.0212195770768071
3.05245418736413,0.0211966876827756
3.05383062152297,0.0211737789172494
3.05520751451591,0.0211508507682796
3.05658486743968,0.0211279032050917
3.05796267954598,0.0211049362278949
3.05934095039435,0.0210819498303438
3.06071968029809,0.021058943993943
3.06209886840047,0.0210359187198882
3.06347851576342,0.0210128739772995
3.0648586211814,0.0209898097737169
3.06623918550969,0.0209667260813651
3.06762020772306,0.0209436229046433
3.06900168855066,0.0209205002179497
3.07038362678545,0.0208973580285684
3.07176602346828,0.0208741963056448
3.07314887858119,0.0208510150374098
3.07453219162133,0.0208278142192556
3.0759159623586,0.0208045938415558
3.07730019049672,0.0207813538959494
3.07868487633049,0.0207580943644259
3.08007001997259,0.0207348152324993
3.0814556212617,0.020711516490052
3.08284167907001,0.0206881981424697
3.08422819475266,0.0206648601536427
3.08561516707668,0.0206415025319679
3.08700259627591,0.020618125259752
3.08839048241418,0.0205947283231518
3.08977882606336,0.0205713117000091
3.09116762545567,0.0205478754069472
3.09255688270266,0.0205244193948879
3.0939465961061,0.0205009436805495
3.09533676609908,0.020477448242593
3.09672739234174,0.0204539330739155
3.0981184746702,0.0204303981640487
3.09951001257073,0.0204068435083765
3.10090200746605,0.0203832690701476
3.10229445758632,0.0203596748668876
3.10368736359157,0.0203360608733824
3.10508072473248,0.0203124270895198
3.10647454156293,0.0202887734926963
3.10786881443634,0.0202651000646836
3.10926354290177,0.0202414068004643
3.11065872639978,0.0202176936960231
3.11205436496992,0.0201939607372547
3.11345045859301,0.0201702079115849
3.11484700760156,0.0201464352006617
3.11624401096472,0.0201226426089996
3.11764146883537,0.0200988301202979
3.11903938163351,0.0200749977147939
3.12043774930153,0.020051145381027
3.12183657109301,0.0200272731185313
3.12323584759475,0.0200033809040298
3.12463557795435,0.0199794687392828
3.12603576260127,0.0199555366035979
3.12743640124576,0.0199315844892692
3.12883749376124,0.0199076123853556
3.13023903966663,0.0198836202868855
3.13164103972195,0.0198596081679416
3.1330434928762,0.0198355760338656
3.13444639973435,0.0198115238608835
3.13584975996313,0.0197874516421923
3.13725357378303,0.0197633593610699
3.13865784050293,0.0197392470164034
3.14006256063392,0.0197151145862312
3.14146773340249,0.0196909620710597
3.14287335888578,0.019666789456132
3.14427943723406,0.0196425967261356
3.14568596837738,0.019618383869611
3.14709295183824,0.0195941508817176
3.1485003872394,0.0195698977555253
3.14990827484126,0.0195456244734905
3.15131661534488,0.0195213310113211
3.15272540730392,0.0194970173811946
3.15413465139133,0.0194726835577747
3.1555443471333,0.0194483295367124
3.15695449414158,0.0194239553113974
3.15836509271509,0.0193995608636526
3.15977614328746,0.0193751461737024
3.16118764488125,0.0193507112456939
3.16259959799833,0.0193262560575687
3.16401200173817,0.0193017806120971
3.16542485708492,0.019277284879179
3.16683816369409,0.019252768852726
3.16825192077657,0.0192282325330895
3.16966612804851,0.019203675911529
3.17108078601766,0.0191790989663939
3.1724958940837,0.0191545016955746
3.17391145292192,0.0191298840744777
3.1753274622695,0.0191052460954306
3.17674392121889,0.019080587760901
3.17816083075668,0.0190559090406024
3.17957818969341,0.0190312099427986
3.1809959978929,0.0190064904560897
3.18241425598093,0.018981750556941
3.18383296408706,0.0189569902310856
3.18525212061748,0.0189322094930919
3.18667172656947,0.0189074083118701
3.18809178147825,0.0188825866834269
3.18951228518848,0.0188577445974417
3.19093323776731,0.0188328820399502
3.19235463904767,0.0188079990012127
3.19377648912635,0.0187830954668094
3.19519878743099,0.0187581714339303
3.19662153473133,0.0187332268763098
3.19804473067045,0.0187082617880789
3.19946837391742,0.0186832761790362
3.2008924653702,0.0186582700199246
3.20231700455723,0.0186332433068945
3.20374199211707,0.0186081960161222
3.20516742683585,0.0185831281563199
3.20659330933743,0.018558039703144
3.20801963914267,0.018532930652662
3.20944641624339,0.0185078009920529
3.21087364096094,0.0184826507031945
3.21230131173028,0.0184574798006259
3.2137294303033,0.0184322882403136
3.21515799514577,0.0184070760375184
3.21658700650245,0.0183818431742326
3.21801646401974,0.0183565896440544
3.21944636781772,0.018331315432095
3.22087671899143,0.0183060205071354
3.22230751536441,0.0182807048951412
3.22373875758061,0.0182553685705465
3.22517044661402,0.018230011504463
3.2266025808709,0.0182046337128446
3.22803516104096,0.0181792351699036
3.22946818586825,0.0181538158852613
3.23090165646856,0.0181283758260788
3.23233557269546,0.0181029149833748
3.23376993409974,0.0180774333524411
3.23520474014574,0.0180519309296095
3.23663999071581,0.0180264077038739
3.23807568594882,0.0180008636602237
3.23951182544566,0.0179752987932746
3.24094840976859,0.0179497130805381
3.24238543805283,0.0179241065250833
3.24382291120618,0.017898479098019
3.2452608280392,0.0178728308083291
3.24669918875441,0.0178471616390458
3.24813799351587,0.0178214715749932
3.24957724129058,0.017795760621896
3.25101693277078,0.0177700287543921
3.25245706700384,0.0177442759772314
3.25389764425916,0.0177185022725546
3.25533866474867,0.0176927076245188
3.25678012862446,0.0176668920184124
3.25822203491932,0.017641055458927
3.25966438416917,0.0176151979234775
3.26110717582527,0.0175893194097123
3.26255041009884,0.017563419901172
3.26399408632609,0.0175374993972803
3.26543820457879,0.0175115578838728
3.26688276454346,0.0174855953541449
3.26832776732061,0.0174596117763306
3.26977321174238,0.0174336071596311
3.27121909698469,0.0174075815051694
3.27266542362521,0.0173815347896356
3.27411219198069,0.0173554669957347
3.27555940153875,0.0173293781206241
3.27700705146291,0.0173032681662837
3.27845514284099,0.0172771371005581
3.2799036749571,0.0172509849247825
3.28135264746562,0.0172248116322645
3.28280206050078,0.0171986172080446
3.2842519133347,0.0171724016528251
3.28570220563157,0.0171461649596594
3.28715293880992,0.0171199070910807
3.28860411187096,0.0170936280539161
3.29005572433717,0.0170673278436358
3.29150777657365,0.0170410064410945
3.29296026759804,0.0170146638517809
3.29441319853092,0.0169883000429367
3.29586656817431,0.0169619150246069
3.29732037758182,0.0169355087650868
3.29877462611929,0.0169090812644029
3.30022931288639,0.0168826325258693
3.3016844382266,0.0168561625303805
3.30314000146027,0.0168296712781371
3.30459600380239,0.0168031587350174
3.30605244320811,0.0167766249263369
3.30750932053371,0.0167500698230594
3.30896663618825,0.0167234934065771
3.31042438896107,0.0166968956868941
3.31188258024229,0.0166702766262606
3.31334120825561,0.0166436362454579
3.31480027341029,0.0166169745236585
3.31625977561322,0.0165902914507727
3.31771971443604,0.0165635870224507
3.31918009029646,0.0165368612189424
3.32064090217732,0.0165101140468151
3.32210215081427,0.0164833454801403
3.32356383613375,0.01645655550898
3.32502595745362,0.0164297441336371
3.3264885148467,0.0164029113402628
3.32795150777853,0.0163760571265178
3.32941493570936,0.0163491814896715
3.33087880020935,0.0163222843893063
3.33234309965323,0.0162953658441685
3.33380783343677,0.0162684258518256
3.33527300274771,0.0162414643784741
3.33673860658558,0.0162144814313746
3.33820464600986,0.0161874769789944
3.33967111948434,0.0161604510380394
3.3411380278063,0.0161334035810724
3.34260537007139,0.0161063346131832
3.34407314627704,0.0160792441218925
3.34554135605643,0.0160521321019861
3.34700999992312,0.0160249985322204
3.34847907718472,0.0159978434138612
3.34994858722792,0.0159706667456536
3.35141853117684,0.0159434684950748
3.35288890867514,0.0159162486579897
3.35435971840396,0.0158890072462966
3.35583096142239,0.0158617442279532
3.35730263750815,0.01583445959628
3.3587747458912,0.0158071533534823
3.36024728674546,0.0157798254840529
3.36172025931812,0.0157524759900874
3.36319366342212,0.0157251048626918
3.36466749965054,0.01569771207939
3.36614176798575,0.0156702976296138
3.36761646793537,0.0156428615108501
3.3690915992071,0.0156154037163996
3.3705671613496,0.0155879242425871
3.37204315465,0.0155604230722727
3.37351957886534,0.0155329001986745
3.3749964341748,0.0155053556069357
3.37647371929473,0.0154777893090738
3.37795143493916,0.0154502012794688
3.37942958070193,0.0154225915146989
3.38090815670363,0.0153949600009155
3.38238716157518,0.0153673067517288
3.38386659683,0.0153396317269502
3.38534646160628,0.0153119349323357
3.38682675601491,0.0152842163538982
3.38830747901215,0.0152564759993547
3.38978863191921,0.0152287138323255
3.39127021357396,0.015200929863952
3.39275222310922,0.0151731240977699
3.39423466137718,0.0151452965059932
3.39571752859012,0.0151174470743297
3.39720082362775,0.0150895758123865
3.39868454658783,0.0150616827060904
3.40016869724258,0.015033767748402
3.40165327529505,0.0150058309333994
3.40313828068669,0.0149778722507251
3.40462371367726,0.0149498916844537
3.40610957325964,0.0149218892422143
3.40759585989615,0.0148938649034831
3.40908257351228,0.0148658186589385
3.41056971400301,0.014837750499465
3.41205728033006,0.014809660432971
3.41354527309403,0.0147815484363451
3.41503369164678,0.0147534145109976
3.41652253666821,0.0147252586328993
3.41801180725244,0.014697080808383
3.41950150316661,0.0146688810299432
3.42099162393245,0.0146406592951054
3.42248217054832,0.0146124155740887
3.42397314235513,0.0145841498691484
3.42546453774984,0.0145558621984031
3.42695635815708,0.0145275525230141
3.42844860318982,0.0144992208405879
3.42994127222439,0.0144708671516358
3.4314343658959,0.014442491432973
3.43292788341291,0.0144140936890198
3.43315162825677,0.0144097217744535
3.43337537310064,0.0144051191012191
3.43449409731997,0.0143820333263945
3.43616122728057,0.0143482303395394
3.43783518795505,0.0143141854161509
3.43950783131296,0.0142793757968956
3.44116504397828,0.0142440164672816
3.44280622474579,0.0142081591923355
3.4444327680736,0.0141718422469655
3.44604641414806,0.0141350959150928
3.44764874574621,0.0140979472185607
3.44924111376848,0.0140604210930393
3.45082466549351,0.0140225405968379
3.45240037710695,0.0139843271591242
3.45396908754656,0.0139458006537112
3.45553152131332,0.0139069795743831
3.45708830982025,0.0138678811031483
3.45864000990952,0.0138285211376069
3.46018711158887,0.013788914499498
3.46173005053306,0.0137490749519269
3.46326921448163,0.0137090153212679
3.46480495087379,0.0136687475417558
3.46633757179001,0.0136282827354903
3.46786736057552,0.0135876312186151
3.46939457134479,0.0135468026708148
3.47091943507124,0.0135058061083527
3.4724421630366,0.0134646499144798
3.47396294636713,0.0134233419579947
3.4754819605071,0.0133818895654759
3.47699936671338,0.0133402995664674
3.47851531156042,0.0132985783814175
3.48002992990882,0.013256732006913
3.48154334666114,0.0132147660296915
3.48305567614824,0.0131726856984545
3.48456702372009,0.0131304959284075
3.48458468744884,0.013129992036199
3.48460235117758,0.0131294682110772
3.48462383730525,0.0131288262500776
3.48473126794362,0.0131256090527017
3.48526842113543,0.0131094622194274
3.48697221339889,0.0130576102797809
3.48868046800196,0.0130043133580817
3.49043069056537,0.0129471572552765
3.49228012248504,0.0128839901695216
3.49427984173515,0.012812799175269
3.49654118350858,0.0127291259957152
3.49901453120235,0.0126342154158546
3.50148787889612,0.0125358268459175
3.50358646407662,0.0124492854242273
3.50550736986866,0.0123673636338233
3.50731807952872,0.0122881185029461
3.50906431900234,0.0122100955047489
3.51076721531933,0.0121326842582029
3.51243834265906,0.0120555738574241
3.51408460877479,0.0119785988824763
3.51571061522404,0.0119016620643092
3.51731967342085,0.0118247022199634
3.51891430295875,0.0117476788086971
3.52049648893034,0.011670564370247
3.52139976551996,0.0116260180192366
3.52139976551999,0.0116260180192353
3.52297111618494,0.0115442465055911
3.52747542333928,0.01129222150168
3.53198383572226,0.0110108731814946
3.53651820333636,0.0106906055448922
3.54108638507806,0.0103296413354029
3.54566216689601,0.00993030989022201
3.55023551781378,0.00949434798243756
3.55480656406877,0.00902281530244656
3.559375505899,0.00851680168654548
3.56394270588105,0.00797737672483431
3.5685087246645,0.0074055756825093
3.57307435729527,0.00680239009819106
3.57764066381659,0.00616875932873878
3.58220901705019,0.00550555924540716
3.58678115448917,0.00481358943507743
3.59135925148073,0.00409355621841845
3.5959460109339,0.00334605177181319
3.60054478525187,0.00257152647699549
3.60515974280354,0.0017702517610502
3.60979609377393,0.000942270003864265
3.61446041903269,8.73226029476371e-05
3.61529754206083,-6.94715172338267e-05
3.61613466508897,-0.000229145354571331
3.6170545103088,-0.000405743316366364
3.61797435552863,-0.000583121541366444
3.61858390283948,-0.000701141643883851
3.61919345015032,-0.000819611858610708
3.62019402916233,-0.00101464183724803
3.62519692422238,-0.00199349694023013
3.63032218069598,-0.00300154622584953
3.63551515649896,-0.00403876440744386
3.64086294715374,-0.00512401408950623
3.64646310611871,-0.00627695932544282
3.65251644916528,-0.00753892795967329
3.65977252803896,-0.00906690399883472
3.66537561617738,-0.0102575461411786
3.6709787043158,-0.0114612107161485
3.67597683607514,-0.0125413313018313
3.68060055586807,-0.0135451551180248
3.68496303342426,-0.014494540889262
3.68912814461292,-0.0154015594464578
3.69313435267652,-0.0162733422417986
3.69700720150943,-0.0171145571132989
3.70076503057149,-0.0179285198362067
3.70442176425628,-0.0187177304712188
3.70798840503607,-0.0194841578326712
3.71147390969063,-0.0202294049218697
3.71488573664692,-0.0209548110672762
3.71823020771369,-0.0216615185843254
3.72151276263569,-0.0223505191936164
3.72473813831784,-0.0230226861502475
3.72791050260563,-0.0236787979471402
3.73103355684524,-0.0243195562682458
3.7341106090906,-0.024945598432874
3.73714464116317,-0.0255575089852332
3.73885342819675,-0.0259002065126627
3.73944323687113,-0.0260185614950565
3.74003304554551,-0.0261370410383424
3.74022192800948,-0.0261749705837418
3.74041081047344,-0.0262129120018577
3.74135522279328,-0.0264021224203392
3.74427979067889,-0.0269818991587966
3.74718133919567,-0.0275485541567446
3.75005810614002,-0.0281040696961743
3.75290561491101,-0.0286480297866283
3.75572439739426,-0.0291806744194218
3.75851579372188,-0.0297023390470053
3.76128121723008,-0.030213363366344
3.76402202244512,-0.030714075595058
3.76673948143232,-0.0312047896002073
3.7694347898024,-0.0316858060984139
3.77210907030546,-0.0321574131567678
3.77476337871555,-0.0326198870913836
3.77739871037969,-0.0330734934812418
3.78001600376362,-0.0335184876683097
3.78261614684209,-0.0339551157571938
3.78519997730178,-0.0343836145759397
3.78776828950979,-0.0348042127907867
3.79032183517332,-0.0352171309651175
3.79286132724627,-0.0356225821708902
3.79538744277004,-0.036020772420489
3.79790082459549,-0.0364119009254395
3.80040208312486,-0.0367961603680519
3.80289179924386,-0.0371737373573644
3.80537052414793,-0.0375448124123928
3.80783878301967,-0.0379095605345326
3.81029707686479,-0.0382681514870511
3.81274588133433,-0.0386207496423064
3.81518564994729,-0.038967514479463
3.8176168142886,-0.0393086006360074
3.82003978601781,-0.0396441582197685
3.82245495732429,-0.039974332898586
3.82486270065566,-0.0402992658991477
3.82726337186202,-0.0406190944686674
3.82965731011331,-0.0409339518889087
3.832044837732,-0.0412439674900347
3.83442626190539,-0.0415492669115373
3.83680187461225,-0.0418499721266938
3.83917195366857,-0.0421462016128211
3.84153676477091,-0.0424380706374244
3.84198542786504,-0.0424931938862673
3.84243409095917,-0.0425485025951801
3.84280468182963,-0.0425941305030336
3.84465763618196,-0.0428204206431586
3.84700052336356,-0.0431017256773945
3.84934253776817,-0.0433786721188613
3.85168332182827,-0.0436518416246252
3.85402085034857,-0.0439211678436729
3.85635492940581,-0.0441867246166112
3.85868565962638,-0.0444486040442826
3.8610131918615,-0.0447068996014081
3.86333768042342,-0.0449617029712608
3.86565927283506,-0.0452131033310437
3.86797810583176,-0.04546118703438
3.87029430972142,-0.0457060381352389
3.87260800641487,-0.0459477382069312
3.87491930851645,-0.0461863662881298
3.87722832206758,-0.046421999204758
3.87953514658822,-0.0466547116001923
3.88183987136101,-0.0468845755974246
3.88414258245183,-0.0471116615387313
3.88644335745225,-0.0473360374853196
3.88874226799637,-0.0475577695040981
3.89103938031439,-0.0477769217481153
3.89333475285862,-0.0479935562618169
3.89562844097329,-0.0482077334551151
3.89792049350995,-0.0484195118078587
3.9002109547159,-0.0486289480784348
3.9024998650464,-0.0488360974020038
3.90478725779425,-0.0490410130144535
3.90707316390433,-0.049243746717468
3.90935760985967,-0.0494443487094334
3.91164061836315,-0.0496428676739042
3.91392220804821,-0.0498393507806123
3.91620239402323,-0.0500338437593462
3.91848118933224,-0.0502263910476055
3.92075860286963,-0.050417035637072
3.92303464158929,-0.0506058192858938
3.92374489150014,-0.0506645945707624
3.92445514141098,-0.0507236287216995
3.92521281799368,-0.0507864699399261
3.92597049457639,-0.050849092283386
3.92822718037292,-0.05103369740974
3.93047579344002,-0.0512145574391145
3.9327327519739,-0.0513941689642068
3.93499049576381,-0.0515721385518324
3.93724785915097,-0.0517484495404106
3.93950457558407,-0.0519231272296855
3.94176056869372,-0.0520962052692009
3.94401579903576,-0.0522677180326867
3.94627023500926,-0.0524376992420048
3.94852384428489,-0.0526061815054079
3.95077659415682,-0.0527731964053269
3.95302845090642,-0.052938774481943
3.95527938161151,-0.0531029453914224
3.95752935287872,-0.0532657378346684
3.95977832944104,-0.0534271794832522
3.96202627697566,-0.0535872972079176
3.96427316059614,-0.053746116991353
3.96651894678398,-0.0539036640879341
3.9687636016684,-0.0540599629230829
3.97100708977044,-0.0542150370324324
3.97324937934292,-0.0543689094525306
3.97549043639859,-0.0545216023268844
3.97773022887007,-0.054673137216809
3.97996872529646,-0.0548235350285521
3.98220589399169,-0.0549728159793876
3.98444170490903,-0.0551209997426628
3.98667612790491,-0.0552681053505392
3.98890913370381,-0.0554141512786446
3.99114069530839,-0.0555591555545683
3.99337078562952,-0.0557031356202777
3.99559937878104,-0.0558461084359843
3.99782644858947,-0.0559880904019408
4.00005197183844,-0.0561290975823456
4.00069378435825,-0.0561697998112303
4.00133559687807,-0.0562108193916283
4.00155656744936,-0.0562249623544128
4.00171421865542,-0.0562350763788201
4.00187186986147,-0.0562451930541989
4.00207808633669,-0.0562584169392388
4.0031091687128,-0.0563242042346833
4.00529908084688,-0.0564619526720014
4.00748931320819,-0.0565976443597561
4.0096895217023,-0.0567328463683326
4.0118908663629,-0.0568671806129984
4.01409194696138,-0.0570006136604613
4.01629240738526,-0.0571331502189226
4.0184921310846,-0.0572648038853926
4.02069104929226,-0.0573955894677029
4.02288910688643,-0.0575255217522559
4.02508624968999,-0.0576546149315282
4.02728242800891,-0.0577828828699806
4.02947759461522,-0.0579103390080842
4.03167170429005,-0.0580369963582607
4.03386471266754,-0.0581628674598543
4.03605657808197,-0.0582879645055997
4.03824726151637,-0.0584122993547607
4.04043672565923,-0.058535883497216
4.04262493413345,-0.0586587280291561
4.04481185417517,-0.0587808438201162
4.04699745288699,-0.0589022413184958
4.0491817012146,-0.059022930790343
4.05136457057655,-0.0591429221452256
4.05354603473132,-0.0592622250560209
4.05572606729817,-0.0593808488372768
4.05790464678458,-0.0594988027323564
4.06008175044449,-0.0596160955906219
4.06225735790588,-0.0597327360806233
4.06443145028806,-0.059848732651927
4.0666040110996,-0.0599640935941345
4.06877502300986,-0.0600788268771667
4.07094447248137,-0.0601929404082662
4.07311234511304,-0.0603064417943666
4.07527862964686,-0.0604193385643839
4.07744331285896,-0.0605316379111234
4.07785937122738,-0.0605533030464028
4.07818023456467,-0.0605702146319238
4.07850109790195,-0.0605871523117257
4.08010541458835,-0.0606712235999481
4.08222786492104,-0.0607806045429805
4.08435935739019,-0.0608892402422775
4.08649741928113,-0.0609975157524366
4.08863629895812,-0.0611052347177685
4.09077500787444,-0.0612123781040928
4.09291327715166,-0.0613189485078029
4.09505100245754,-0.0614249534306209
4.09718811418882,-0.0615304010440713
4.09932455389603,-0.0616352994982464
4.10146026778893,-0.0617396567130404
4.10359520592096,-0.0618434803767597
4.10572931928802,-0.0619467778285981
4.10786256273025,-0.0620495562197004
4.10999489296049,-0.0621518224334279
4.11212627123167,-0.0622535832297113
4.1142566606947,-0.0623548451323228
4.1163860244154,-0.0624556143533374
4.11851433024568,-0.0625558970386436
4.12064154945606,-0.062655699211818
4.1227676514369,-0.06275502654156
4.12489261021684,-0.0628538846621082
4.12701640245802,-0.0629522790859151
4.1291390049147,-0.063050215099115
4.13126039652499,-0.0631476978709849
4.13338055652455,-0.0632447323768269
4.13549946887018,-0.0633413236095352
4.13761711719944,-0.0634374763562332
4.13973348585774,-0.0635331952580369
4.14184856189141,-0.0636284849073776
4.14396233366539,-0.0637233497916705
4.1460747895228,-0.0638177942423007
4.14818591892599,-0.0639118224941123
4.15029571265808,-0.0640054387001823
4.15240416471225,-0.064098647020316
4.15451126853914,-0.0641914514603371
4.15661701726066,-0.0642838558910106
4.15872140540145,-0.0643758641294597
4.16082442916141,-0.0644674799542457
4.16292608519793,-0.0645587070568787
4.16502637059483,-0.064649549046221
4.16712528325655,-0.0647400094700053
4.1692228213145,-0.064830091793333
4.17131898425884,-0.0649197994512018
4.17341377203066,-0.065009135812542
4.17550718548189,-0.0650981042037403
4.17759922428171,-0.0651867078237044
4.17968988981091,-0.0652749498705788
4.18177918361728,-0.0653628334775653
4.18386710709258,-0.0654503617034408
4.18595366321682,-0.0655375376080692
4.18803885457371,-0.0656243641711057
4.19012268519948,-0.0657108443721477
4.19220515755144,-0.0657969810670247
4.19428627597787,-0.0658827771348243
4.19636604167231,-0.0659682352714532
4.19844446274473,-0.0660533584052665
4.20052154110705,-0.0661381491579905
4.2025972813735,-0.0662226102177075
4.2046716892262,-0.066306744267862
4.20674476816838,-0.0663905538589452
4.20881652484181,-0.0664740416259153
4.21088696384635,-0.0665572100783274
4.21295609049933,-0.0666400617157012
4.21502391030341,-0.0667225990058374
4.2170904292883,-0.0668048243996362
4.21915565357936,-0.0668867403148751
4.22121958876311,-0.0669683491128128
4.2232822391494,-0.0670496530713507
4.22534361171752,-0.0671306545407869
4.22740371309911,-0.0672113558235597
4.22946254894738,-0.0672917591529108
4.23152012560468,-0.0673718667592868
4.23185570513182,-0.067385011540167
4.23219128465896,-0.0673983520466671
4.23259311694354,-0.0674143369475948
4.23459053392438,-0.0674928683080442
4.23658044234483,-0.0675694861948844
4.238588301631,-0.0676461827649077
4.24060018589966,-0.0677225726991722
4.24261415321822,-0.0677986268349351
4.244629635278,-0.0678743432241095
4.24664640870376,-0.0679497275602866
4.24866432403845,-0.068024786680756
4.25068325124754,-0.068099527311814
4.25270306934806,-0.068173955867328
4.25472366179614,-0.068248078340674
4.25674492159869,-0.0683219005276252
4.25876674531924,-0.0683954278337354
4.26078903716235,-0.0684686654530502
4.26281170365008,-0.0685416182003124
4.26483465945362,-0.0686142907482597
4.26685782309464,-0.068686687493461
4.26888111673751,-0.0687588125748527
4.27090446871326,-0.0688306699849354
4.27292781249809,-0.0689022635516892
4.27495108462856,-0.0689735968853874
4.27697422438804,-0.0690446733883367
4.2789971770202,-0.0691154963845844
4.28101989095536,-0.0691860690372993
4.28304231687827,-0.0692563943342896
4.28506440986987,-0.0693264751776186
4.2870861278417,-0.0693963143420458
4.28910743141577,-0.0694659144851349
4.29112828402906,-0.069535278163491
4.29314865345463,-0.0696044078957683
4.29516850501774,-0.0696733059430468
4.29718781278076,-0.0697419747020524
4.29920654867255,-0.069810416340257
4.30122468749246,-0.0698786329809479
4.30324220697028,-0.0699466267107247
4.30525908543959,-0.0700143995094142
4.30727530407674,-0.0700819533338822
4.30929084604947,-0.0701492900951143
4.3113056933882,-0.070216411562104
4.31331983347928,-0.0702833195845962
4.31533324997762,-0.0703500157954642
4.31734593234741,-0.0704165019355347
4.31935786893346,-0.0704827796252814
4.32136904971569,-0.070548850464043
4.32337946455598,-0.0706147159760999
4.32538910729895,-0.0706803777487258
4.32739796927358,-0.0707458372229142
4.32940604438813,-0.0708110958661603
4.33141332707685,-0.0708761551064019
4.33341981222479,-0.0709410163339293
4.33542549654228,-0.0710056809484444
4.33743037457045,-0.0710701502335528
4.33943444472247,-0.0711344255545047
4.34143770354738,-0.0711985081742355
4.34344014885878,-0.0712623993586321
4.34544177931173,-0.0713261003633494
4.34744259448144,-0.0713896124381919
4.34944259221985,-0.0714529367460495
4.35144177271667,-0.0715160744939192
4.35344013518651,-0.071579026828133
4.35543768109191,-0.0716417949383433
4.35743441074806,-0.0717043799511596
4.35943032458586,-0.0717667829730605
4.36142542368103,-0.0718290051073787
4.36341970896373,-0.0718910474305722
4.36541318251016,-0.0719529110335117
4.36740584676139,-0.0720145969974699
4.36939770210571,-0.0720761063216745
4.37138875116354,-0.0721374400570326
4.3733789960958,-0.0721985992218517
4.37536843904639,-0.0722595848176914
4.37735708375548,-0.0723203978787768
4.37934493202035,-0.0723810393644299
4.38133198569055,-0.0724415102225953
4.38331824898417,-0.0725018114588571
4.38530372407351,-0.072561944002492
4.38728841398902,-0.0726219087971045
4.38927232254412,-0.0726817067970342
4.39125545258783,-0.0727413389155297
4.39151937296586,-0.0727493393618239
4.39178329334389,-0.0727574838729219
4.39310289523403,-0.0727979810336911
4.39504140176753,-0.072856368435313
4.39698943944013,-0.0729143013596512
4.39894762355653,-0.0729722350999124
4.40090799561651,-0.0730300038776211
4.40286935565547,-0.0730875930161241
4.40483135272384,-0.0731450009434403
4.40679385294689,-0.0732022298601424
4.40875676700593,-0.0732592824695195
4.4107200174729,-0.0733161614151072
4.41268353521486,-0.0733728692693617
4.41464725630206,-0.0734294084756389
4.41661112073232,-0.0734857813328408
4.41857507068816,-0.0735419899637954
4.42053905469425,-0.0735980364495302
4.42250302544445,-0.0736539227789585
4.42446693694241,-0.0737096507830479
4.42643074845438,-0.0737652222605433
4.42839441909067,-0.0738206388356872
4.43035791416425,-0.0738759021502086
4.43232120061855,-0.0739310137420475
4.4342842471097,-0.0739859750601099
4.43624702498883,-0.0740407875008676
4.43820950898846,-0.0740954524349137
4.44017167319225,-0.0741499711033661
4.44213349658094,-0.0742043447803161
4.44409495754492,-0.0742585746257043
4.44605603881159,-0.0743126618297062
4.44801672115651,-0.0743666074442768
4.44997699032973,-0.0744204125810899
4.45193683032226,-0.0744740782296447
4.45389622967254,-0.0745276054368582
4.45585517361938,-0.0745809950958946
4.45781365298814,-0.0746342481946743
4.45977165780235,-0.0746873656422917
4.46172917921287,-0.0747403483281047
4.46368620853673,-0.0747931970985995
4.46564273850499,-0.0748459127943761
4.46759876127999,-0.0748984961995055
4.46955427420565,-0.0749509481979984
4.47150926947283,-0.0750032694985861
4.47346374341249,-0.0750554608896338
4.47541769068392,-0.0751075230823679
4.4773711094939,-0.0751594568534479
4.47932399560109,-0.0752112628861329
4.4812763466897,-0.0752629418904416
4.48322816009991,-0.0753144945428635
4.48517943533049,-0.0753659215542771
4.48713016931731,-0.0754172235468855
4.489080361501,-0.0754684011902624
4.49103001138012,-0.0755194551359256
4.49297911836941,-0.0755703860160214
4.49492768253757,-0.0756211944636665
4.4968757033245,-0.075671881080415
4.49882318026181,-0.0757224464565474
4.50077011355238,-0.0757728911863736
4.50271650534266,-0.0758232159009536
4.50466235553598,-0.0758734211609377
4.50660766515662,-0.0759235075457725
4.5085524347872,-0.0759734756126691
4.5104966658808,-0.0760233259312475
4.51244036014399,-0.0760730590675998
4.51438351811527,-0.076122675549208
4.51632614179845,-0.0761721759328318
4.51826823185958,-0.0762215607327497
4.52020979175736,-0.0762708305264719
4.52215082147763,-0.0763199857955439
4.52409132359171,-0.0763690270813436
4.52603130032582,-0.0764179549086174
4.52797075349456,-0.0764667697856018
4.52990968507927,-0.076515472218952
4.53184809792117,-0.076564062730793
4.53378599314874,-0.0766125417947946
4.5357233722681,-0.0766609098897776
4.53766023853029,-0.0767091675323826
4.53959659371386,-0.0767573151969791
4.5415324408448,-0.0768053533846234
4.54346778091661,-0.0768532825413738
4.54540261797153,-0.0769011031846338
4.54733695262985,-0.0769488157422933
4.54927078842874,-0.0769964207111379
4.55120412753312,-0.077043918548999
4.5531369721557,-0.077091309711687
4.5550693239351,-0.0771385946374866
4.55700118562366,-0.0771857737883546
4.55758648252319,-0.0772001690649558
4.55797405568504,-0.0772098631340592
4.5583616288469,-0.0772195892301484
4.56025545522198,-0.0772665504104336
4.56214113230319,-0.0773122463326245
4.56404718009454,-0.0773581489718627
4.56595684190758,-0.0774039523913627
4.56786813062535,-0.0774496371515099
4.56978046131281,-0.0774951987247777
4.57169364641124,-0.0775406383431868
4.57360757806975,-0.0775859581116976
4.57552216830411,-0.0776311601658212
4.57743733894125,-0.0776762465652625
4.5793530182839,-0.0777212192552175
4.58126913874402,-0.077766080033616
4.58318563678106,-0.0778108305682312
4.58510245562193,-0.0778554724748232
4.58701953985372,-0.0779000072053037
4.5889368423548,-0.077944436223171
4.59085431429185,-0.0779887607830978
4.59277191419572,-0.078032982155687
4.59468960045347,-0.0780771014623201
4.5966073375844,-0.0781211198319309
4.59852509150672,-0.0781650382995758
4.60044283253471,-0.078208857885431
4.60236053081339,-0.0782525794984277
4.60427815888982,-0.0782962040045323
4.60619569259663,-0.0783397322523051
4.60811311034468,-0.0783831650627114
4.61003039153223,-0.078426503199933
4.61194751703927,-0.0784697473891147
4.61386446944456,-0.0785128983262487
4.61578123177767,-0.078555956655163
4.61769778954962,-0.0785989230177778
4.61961413075604,-0.0786417980570152
4.62153024186864,-0.078684582332
4.62344611327855,-0.0787272764440424
4.62536173364484,-0.078769880912565
4.62727709307268,-0.0788123962511091
4.62919218557757,-0.0788548230224125
4.6311070016249,-0.078897161676185
4.63302153588218,-0.078939412725098
4.63493578061839,-0.0789815765990441
4.63684973056848,-0.0790236537564884
4.63876338200389,-0.0790656446635512
4.64067672928994,-0.0791075497214873
4.64258976941975,-0.0791493693684591
4.64319850552145,-0.0791627761592618
4.64380724162315,-0.0791764008393964
4.64402842212273,-0.0791813700312273
4.64424960262231,-0.0791863624653028
4.64445897372519,-0.0791910882213046
4.64550582923956,-0.0792145464078869
4.64737561304419,-0.0792555989389562
4.64925244975442,-0.0792961272085161
4.6511429641405,-0.0793367346629668
4.65303636420388,-0.0793772538605685
4.65493123401155,-0.0794176735092924
4.65682714878437,-0.0794579917929271
4.65872395298777,-0.0794982102062632
4.66062154611463,-0.079538330682189
4.66251984410678,-0.0795783551398615
4.66441877106812,-0.0796182853968643
4.66631825570659,-0.0796581231263037
4.66821823373026,-0.0796978699265537
4.67011864258421,-0.0797375272269817
4.67201942756867,-0.0797770964312511
4.67392053580654,-0.0798165788033491
4.67582191970853,-0.0798559755542794
4.67772353415237,-0.079895287794307
4.67962533705165,-0.0799345165569141
4.68152729172195,-0.0799736628567385
4.68342936269602,-0.0800127276124436
4.68533151861301,-0.0800517117162466
4.68723372811122,-0.0800906159575733
4.68913596407269,-0.080129441118461
4.69103820043426,-0.0801681879140152
4.6929404152424,-0.0802068570617451
4.69484258643121,-0.080245449201233
4.69674469478022,-0.0802839649611551
4.69864672138275,-0.0803224049123748
4.70054865094035,-0.0803607696395876
4.70245046753726,-0.0803990596598271
4.70435215785466,-0.0804372754925956
4.70625370808194,-0.0804754176007951
4.7081551081327,-0.0805134864791256
4.7100563471685,-0.0805514825665692
4.71195741562232,-0.0805894062915772
4.71385830437528,-0.0806272580577079
4.71575900473071,-0.0806650382460159
4.71765951168057,-0.0807027472813396
4.71955981632035,-0.0807403854841746
4.72145991439035,-0.0807779532436431
4.72335980055572,-0.0808154509032767
4.7252594700289,-0.0808528787970491
4.72715891767788,-0.0808902372330448
4.72905814101104,-0.0809275265531539
4.73095713554658,-0.0809647470430666
4.73285589814536,-0.0810018990003958
4.73475442685611,-0.0810389827311393
4.73665271890602,-0.0810759985118853
4.73855077269146,-0.0811129466301771
4.74044858645586,-0.0811498273589932
4.74234615863988,-0.0811866409649012
4.74424348776579,-0.0812233877064724
4.74614057307512,-0.0812600678471753
4.74803741364774,-0.0812966816388424
4.7499340093461,-0.0813332293406625
4.75183035932602,-0.081369711190945
4.7537264625269,-0.0814061274177369
4.75562232112837,-0.0814424783044559
4.75751793153615,-0.0814787640180132
4.75941329729435,-0.0815149848576903
4.7613084161826,-0.0815511410056807
4.76320328956894,-0.0815872327098312
4.7650979179406,-0.0816232601954966
4.76699230129736,-0.0816592236751754
4.76888644043586,-0.081695123372829
4.77078033554253,-0.0817309594971058
4.7726739877727,-0.0817667322717028
4.77456739838086,-0.0818024419185375
4.77646056692853,-0.0818380886250481
4.77835349520481,-0.0818736726181779
4.78024618381713,-0.0819091940992664
4.78213863399939,-0.0819446532792988
4.78403084586361,-0.0819800503459702
4.78592282087287,-0.0820153855102754
4.78781455925269,-0.0820506589577032
4.78970606271706,-0.0820858708997136
4.79159733359713,-0.0821210215564303
4.79348837174693,-0.0821561111004002
4.79537917860333,-0.0821911397327207
4.79726975534134,-0.0822261076473751
4.79916010331345,-0.0822610150400724
4.80105022298572,-0.0822958620888247
4.80294011673808,-0.0823306490054338
4.8048297853543,-0.0823653759703838
4.80671922860391,-0.0824000431452524
4.80860844905369,-0.0824346507415478
4.81049744757961,-0.0824691989375814
4.81238622637211,-0.0825036879348767
4.8142747848373,-0.082538117883119
4.81616312503528,-0.0825724889799851
4.81805124923129,-0.0826068014244584
4.8199391581097,-0.08264105538589
4.82182685337539,-0.08267525105166
4.82248951230794,-0.0826873505864629
4.82315217124049,-0.0826996535843575
4.82337542629425,-0.0827038165454538
4.82359868134801,-0.0827080039695033
4.823810783425,-0.0827119823632533
4.82487129380996,-0.0827317165299124
4.82671535025755,-0.0827652843993468
4.82856736790533,-0.0827984231832243
4.83043325089676,-0.0828316371913418
4.83230210194543,-0.0828647861380584
4.83417255460927,-0.0828978619367659
4.83604418623653,-0.082930863258848
4.83791684057745,-0.082963791452052
4.8397904143083,-0.082996648168357
4.84166482159723,-0.0830294350461555
4.84353998355669,-0.0830621535990483
4.84541582797436,-0.0830948052399925
4.84729228716919,-0.0831273912616284
4.84916929977649,-0.0831599128825743
4.85104680993115,-0.0831923712459864
4.8529247645971,-0.0832247673869018
4.85480311286794,-0.0832571022335926
4.85668181065968,-0.0832893766984625
4.85856081757758,-0.0833215916324018
4.86044009411721,-0.083353747788207
4.86231960602168,-0.0833858459042895
4.86419932158226,-0.0834178866649909
4.86607921034093,-0.0834498706873532
4.86795924521557,-0.0834817985643733
4.86983940164531,-0.0835136708558916
4.87171965623816,-0.0835454880721278
4.87359998834899,-0.0835772507060729
4.87548037846667,-0.0836089592108203
4.8773608092841,-0.0836406140226301
4.87924126334796,-0.0836722155256969
4.88112172642669,-0.0837037641129229
4.88300218538056,-0.0837352601525871
4.88488262887784,-0.0837667040043186
4.88676304380103,-0.08379809596271
4.88864342050375,-0.0838294363483804
4.89052375004335,-0.083860725462502
4.89240402381199,-0.083891963584239
4.89428423275382,-0.0839231509604671
4.89616437152333,-0.0839542878760824
4.89804443287645,-0.0839853745622096
4.89992441133085,-0.0840164112601663
4.9018043017208,-0.084047398197902
4.90368409960885,-0.0840783355986421
4.90556379998571,-0.0841092236609847
4.90744340030771,-0.0841400626098721
4.90932289672949,-0.0841708526353094
4.9112022857982,-0.0842015939225008
4.91308156515426,-0.0842322866633796
4.91496073078939,-0.0842629310129423
4.9168397825057,-0.0842935271790071
4.91871871842655,-0.0843240753322337
4.92059753657364,-0.0843545756345666
4.922476234575,-0.0843850282346887
4.92435481241175,-0.0844154333124665
4.92623326839347,-0.0844457910139108
4.92811160240877,-0.0844761015052612
4.92998981265394,-0.0845063649200127
4.93186789970963,-0.0845365814254692
4.93374586270508,-0.0845667511604258
4.935623701445,-0.0845968742708823
4.93750141562521,-0.0846269508970782
4.93937900432902,-0.0846569811661383
4.94125646869871,-0.0846869652346615
4.94313380911104,-0.0847169032431966
4.94501102432378,-0.0847467953043756
4.94688811599574,-0.0847766415745387
4.94876508239545,-0.0848064421532269
4.95064192574901,-0.0848361972011028
4.9525186447543,-0.0848659068199025
4.95439524251684,-0.0848955711796049
4.95627171665451,-0.0849251903609992
4.95814806900649,-0.0849547645112455
4.96002430075911,-0.0849842937639578
4.96190041171429,-0.0850137782299246
4.96377640305608,-0.0850432180406041
4.96565227537381,-0.0850726133163426
4.96752802925069,-0.0851019641763696
4.9694036643319,-0.0851312707243415
4.97127918183,-0.0851605330873768
4.97315458383638,-0.0851897514042978
4.97502986878468,-0.085218925756355
4.97690503917318,-0.0852480562878206
4.97878009557091,-0.0852771431107722
4.98065503851765,-0.085306186336726
4.98252986802011,-0.0853351860683735
4.9844045861218,-0.0853641424388934
4.98627919437095,-0.0853930555722063
4.98815369132856,-0.0854219255463305
4.99002807885842,-0.0854507524901341
4.99190235855796,-0.0854795365263379
4.99377652933683,-0.0855082777363877
4.99565059391325,-0.0855369762598844
4.99752455295031,-0.0855656322031564
4.99939840593793,-0.085594245655122
5.00127215516738,-0.0856228167468904
5.00314580138724,-0.0856513455845936
5.00501934600056,-0.0856798322842324
5.00689278838481,-0.0857082769307577
5.00876612980088,-0.085736679637715
5.01063937136017,-0.0857650405151285
5.01251251394147,-0.0857933596690575
5.01292083498733,-0.0857996003869725
5.01332915603318,-0.0858059801172607
5.01367678544061,-0.085811420431844
5.01541493247776,-0.0858382674704564
5.01724180980196,-0.0858657259107452
5.01908952760269,-0.0858932811288114
5.02094251456587,-0.0859208021691105
5.02279771707448,-0.0859482671738103
5.02465442702809,-0.0859756733090764
5.02651241761972,-0.0860030215555355
5.02837156080275,-0.0860303134816874
5.03023175498835,-0.0860575506732892
5.03209291067667,-0.0860847346330147
5.03395494381974,-0.086111866719719
5.03581777866938,-0.0861389482107567
5.03768134428203,-0.0861659802662528
5.03954557437049,-0.0861929639426934
5.04141040964306,-0.0862199002395053
5.04327579480511,-0.0862467900673686
5.04514167961469,-0.0862736342757041
5.04700801590984,-0.0863004336206397
5.04887476069896,-0.0863271888196678
5.05074187547716,-0.0863539005494636
5.05260932298351,-0.0863805694086018
5.05447706994757,-0.0864071959652861
5.05634508670781,-0.0864337807577653
5.05821334497787,-0.0864603242695096
5.0600818186448,-0.0864868269473607
5.06195048442282,-0.086513289215807
5.06381932041619,-0.086539711461604
5.06568830732116,-0.0865660940557088
5.06755742745662,-0.0865924373435187
5.06942666368329,-0.0866187416341742
5.07129600164299,-0.0866450072356545
5.07316542686995,-0.0866712344171184
5.07503492752588,-0.0866974234508829
5.07690449186224,-0.0867235745790436
5.07877410996427,-0.0867496880410496
5.0806437725612,-0.086775764058953
5.08251347120633,-0.0868018028424752
5.08438319705951,-0.0868278045742566
5.08625294299176,-0.0868537694409844
5.08812270436068,-0.0868796976446439
5.0899924739603,-0.0869055893346814
5.09186224690538,-0.0869314446782099
5.0937320178787,-0.0869572638217988
5.09560178403391,-0.0869830469330676
5.09747154021248,-0.0870087941356495
5.09934128194968,-0.0870345055529748
5.10121100744556,-0.0870601813346071
5.10308071486033,-0.0870858216194429
5.10495039974418,-0.0871114265029621
5.10682006075052,-0.0871369961161639
5.10868969613232,-0.0871625305765384
5.11055930375735,-0.087188029990182
5.11242888216119,-0.0872134944665832
5.1142984312928,-0.0872389241285851
5.11616794786849,-0.087264319050304
5.11803743160112,-0.0872896793428297
5.11990688243019,-0.0873150051149728
5.12177629845879,-0.0873402964471078
5.12364567958145,-0.0873655534407977
5.12551502477018,-0.0873907761814643
5.12738433540147,-0.0874159647838286
5.12925360946775,-0.0874411193140599
5.13112284765797,-0.0874662398729389
5.13299204906275,-0.0874913265367948
5.13486121483594,-0.0875163794076683
5.13673034306083,-0.087541398544355
5.13859943557777,-0.0875663840545721
5.1404684918494,-0.0875913360115869
5.14233751052348,-0.0876162544773553
5.14420649433738,-0.0876411395664589
5.14607544165836,-0.0876659913331915
5.14794435371036,-0.0876908098697258
5.14981323098374,-0.0877155952564373
5.15168207318331,-0.087740347562618
5.15355088145323,-0.0877650668756866
5.15541965631857,-0.0877897532734907
5.15728839764816,-0.0878144068247149
5.15915710502612,-0.0878390275938761
5.16102577912469,-0.0878636156589953
5.16289442179607,-0.087888171112172
5.16476303296021,-0.0879126940193135
5.16663161319847,-0.0879371844550351
5.16850016292092,-0.0879616424909542
5.17036868201844,-0.0879860681915136
5.17223717136452,-0.0880104616334915
5.17410563178325,-0.0880348228921249
5.1759740645057,-0.0880591520473656
5.17784246923644,-0.0880834491590054
5.17971084636671,-0.088107714295843
5.18157919663828,-0.0881319475305113
5.18344752093784,-0.0881561489369181
5.185315820385,-0.0881803185914741
5.18718409404926,-0.0882044565440658
5.18905234455569,-0.0882285628902576
5.19092057041465,-0.0882526376716516
5.19278877452785,-0.0882766809867726
5.19465695536661,-0.0883006928760685
5.19652511489238,-0.0883246734255123
5.19839325302916,-0.0883486226937521
5.20026136969294,-0.088372540739801
5.20212946657358,-0.0883964276447951
5.20399754540302,-0.088420283489358
5.20586560460376,-0.0884441083122305
5.20773364492728,-0.0884679021825194
5.209601667856,-0.0884916651773686
5.21146967457577,-0.0885153973695527
5.2133376647633,-0.0885390988128554
5.21377572592016,-0.0885447217643114
5.21421378707702,-0.0885504771907849
5.21462550015613,-0.0885558929061043
5.21645588138164,-0.0885796081919618
5.21827736011667,-0.0886025336025142
5.22012175156686,-0.088625600278443
5.221970107305,-0.0886486255080445
5.22382066657669,-0.088671605013852
5.22567281186946,-0.0886945370261798
5.2275263422675,-0.0887174228167394
5.22938113118863,-0.0887402639246402
5.23123707144111,-0.0887630618124249
5.2330940670647,-0.0887858178435654
5.2349520304956,-0.0888085332752439
5.23681088302595,-0.088831209281928
5.23867054800138,-0.0888538468885895
5.24053095891072,-0.0888764470840791
5.24239205284024,-0.0888990107522989
5.24425377208417,-0.0889215387055683
5.24611606277946,-0.0889440316787415
5.24797887754382,-0.0889664903709599
5.24984217197925,-0.0889889154122684
5.25170590497185,-0.0890113073770081
5.25357003926,-0.089033666798303
5.25543454155936,-0.089055994176397
5.25729938000088,-0.0890782899549925
5.25916452586033,-0.089100554548691
5.26102995234388,-0.0891227883336505
5.26289563868932,-0.0891449917010721
5.26476155966653,-0.0891671649374261
5.26662769691478,-0.0891893083653754
5.26849403270862,-0.0892114222705832
5.27036055052861,-0.0892335069141216
5.27222723362814,-0.0892555625191037
5.27409406996287,-0.089277589331467
5.27596104806645,-0.0892995875728478
5.27782815493822,-0.0893215574202007
5.27969537875331,-0.0893434990404947
5.28156271309678,-0.0893654126405841
5.28343014900449,-0.0893872983754661
5.28529767766663,-0.0894091563843416
5.28716529200512,-0.0894309868095356
5.28903298637576,-0.0894527897937598
5.29090075409751,-0.0894745654531671
5.29276859123355,-0.0894963139228947
5.29463649250778,-0.0895180353099964
5.29650445192239,-0.0895397297030853
5.29837246793471,-0.0895613972321858
5.30024053708745,-0.0895830379948185
5.30210865520049,-0.0896046520727891
5.30397681903835,-0.0896262395516002
5.30584502815654,-0.0896478005412914
5.30771327764646,-0.0896693350939674
5.30958156751616,-0.0896908433134461
5.31144989600315,-0.0897123252765308
5.31331826022896,-0.0897337810432651
5.31518666019192,-0.0897552107023348
5.31705509364844,-0.0897766143121234
5.31892356057158,-0.0897979919531467
5.32079205800463,-0.0898193436689091
5.32266058673157,-0.0898406695429817
5.32452914432038,-0.0898619696187394
5.32639773286712,-0.0898832439888713
5.32826635075926,-0.0899044927005828
5.33013499815883,-0.0899257158201154
5.33200367319735,-0.0899469133885568
5.33387237576251,-0.0899680854655417
5.33574110696072,-0.0899892321219872
5.33760986553448,-0.090010353400498
5.33947865332798,-0.0900314493776184
5.34134746792252,-0.090052520080236
5.34321631042208,-0.090073565574673
5.34508518076374,-0.0900945859120206
5.34695407883451,-0.0901155811421757
5.3488230051452,-0.0901365513210628
5.35069195977298,-0.0901574964987474
5.35256094132679,-0.0901784167085268
5.35442995346323,-0.0901993120390396
5.35629899510691,-0.0902201825243624
5.35816806573437,-0.0902410282057187
5.36003716464601,-0.0902618491217909
5.36190629397818,-0.0902826453417954
5.36377545366593,-0.0903034169092806
5.36564464395546,-0.0903241638715004
5.367513864694,-0.0903448862708908
5.36938311721491,-0.0903655841658079
5.37125240047867,-0.090386257587867
5.37312171653237,-0.090406906602721
5.3749910646212,-0.0904275312441732
5.37686044392119,-0.0904481315459718
5.3787298582482,-0.0904687075918729
5.38059930563247,-0.0904892594010227
5.38246878864256,-0.0905097870433827
5.38433830389946,-0.0905302905229906
5.38620785588328,-0.0905507699304262
5.38807744180147,-0.090571225274965
5.3899470640962,-0.090591656624459
5.39181672129266,-0.0906120640027386
5.39368641603888,-0.0906324474789579
5.39555614860089,-0.0906528070951032
5.39742591771406,-0.0906731428774132
5.39929572475681,-0.0906934548808442
5.40116556910658,-0.0907137431378738
5.40303545207334,-0.0907340077020779
5.40490537576055,-0.0907542486346167
5.40677533942468,-0.0907744659658723
5.40864534222687,-0.0907946597261488
5.41051538686614,-0.0908148299832345
5.41238546950426,-0.090834976734209
5.41425559553711,-0.090855100076048
5.41612576314267,-0.0908752000260038
5.41799597336836,-0.0908952766339409
5.41986622722167,-0.0909153299483009
5.42173652252282,-0.0909353599837893
5.42360686248585,-0.0909553668128977
5.42547724757484,-0.0909753504771461
5.42734767697085,-0.0909953110053525
5.42921815126879,-0.0910152484416064
5.43108866985239,-0.0910351628167168
5.43295923597941,-0.0910550542022581
5.43482984828013,-0.0910749226199439
5.43670050720332,-0.091094768111972
5.43857121332842,-0.0911145907212469
5.44044196805467,-0.0911343904989729
5.4423127708361,-0.0911541674757143
5.4441836228053,-0.0911739217000516
5.44605452306712,-0.0911936531988717
5.44792547360757,-0.091213362029486
5.4497964733054,-0.0912330482159429
5.45166752476212,-0.0912527118217054
5.45353862690538,-0.091272352870925
5.45540978020705,-0.091291971404829
5.45728098643173,-0.0913115674773708
5.45915224410226,-0.091331141108546
5.46102355383904,-0.09135069234096
5.46289491896106,-0.0913702212440877
5.46476633575028,-0.0913897278141534
5.46663780751818,-0.0914092121217433
5.46850933313271,-0.0914286741895273
5.47038091407155,-0.091448114068148
5.47225255048846,-0.0914675317938073
5.47412424163232,-0.0914869273938154
5.47599598950007,-0.091506300923705
5.47786779392836,-0.0915256524159661
5.4797396556626,-0.0915449819129253
5.48161157563901,-0.091564289458473
5.48348355456556,-0.0915835750939888
5.48535559158663,-0.0916028388450283
5.48722768715831,-0.091622080750887
5.48909984137312,-0.0916413008466597
5.49097205479542,-0.0916604991721859
5.49284432791692,-0.0916796757663109
5.49471666268565,-0.0916988306824287
5.49658905888351,-0.0917179639515517
5.49846151608003,-0.0917370756032305
5.50033403368365,-0.0917561656654624
5.50220661567609,-0.0917752342119592
5.5040792594536,-0.091794281248846
5.50595196688722,-0.0918133068291019
5.5078247384302,-0.0918323109900352
5.50969757264084,-0.0918512937503817
5.5115704705874,-0.0918702551544865
5.51344343418128,-0.0918891952541113
5.51531646339336,-0.0919081140812759
5.51718955707582,-0.0919270116575112
5.51906271852816,-0.091945888048754
5.52093594488244,-0.0919647432582756
5.52280923759363,-0.0919835773340714
5.52468259926809,-0.0920023903340084
5.52655602740076,-0.092021182264945
5.52842952384606,-0.0920399531783864
5.5303030896778,-0.092058703116642
5.53217672493748,-0.0920774321119444
5.53405042814636,-0.0920961401819283
5.53592420165885,-0.0921148273822796
5.53779804484213,-0.0921334937380155
5.53967195827239,-0.0921521392868467
5.54154594274492,-0.0921707640681872
5.54341999910924,-0.0921893681217768
5.54529412677918,-0.092207951473259
5.54716832778162,-0.0922265141741295
5.5490426016979,-0.0922450562511315
5.55091694860232,-0.0922635777365121
5.55279136815168,-0.0922820786582835
5.55466586235565,-0.0923005590672905
5.55654042945361,-0.0923190189769875
5.55841507100145,-0.0923374584340712
5.56028978784696,-0.0923558774772412
5.56216457986326,-0.0923742761358721
5.56403944907328,-0.0923926544603203
5.56591439372667,-0.0924110124638352
5.56778941433457,-0.0924293501825972
5.56966451285577,-0.0924476676658947
5.57153968798173,-0.0924659649310332
5.57341494054306,-0.0924842420168354
5.57529027180668,-0.0925024989655488
5.57716568095202,-0.0925207357991834
5.5790411714356,-0.0925389525811948
5.58091673896547,-0.0925571492996694
5.58279238630411,-0.0925753260123875
5.58466811377227,-0.0925934827515563
5.58654392180517,-0.0926116195510442
5.58841981113772,-0.0926297364475089
5.59029578205704,-0.0926478334731809
5.59217183508483,-0.0926659106625811
5.59404796981844,-0.0926839680413448
5.59592418608006,-0.0927020056374727
5.5978004856704,-0.0927200234974907
5.59967687033453,-0.0927380216666117
5.60155333718728,-0.0927560001463649
5.60342988811633,-0.0927739589846968
5.60530652267199,-0.0927918982059921
5.60718324255884,-0.0928098178554368
5.60906004679789,-0.0928277179523111
5.61093693750963,-0.0928455985456978
5.61281391299095,-0.0928634596478644
5.61469097549805,-0.0928813013092102
5.61656812383696,-0.0928991235466148
5.61844536028418,-0.0929169264102939
5.6203226833041,-0.0929347099138121
5.62220009508673,-0.0929524741065077
5.62407759405037,-0.092970219001449
5.62595518252843,-0.0929879446491319
5.62783285965454,-0.0930056510690902
5.62971062602636,-0.093023338295327
5.63158848183974,-0.0930410063576411
5.63346642650354,-0.0930586552785945
5.63534446218989,-0.0930762851064297
5.63722258884934,-0.0930938958679237
5.63910080650941,-0.0931114875911782
5.64097911532135,-0.0931290603053986
5.64285751685879,-0.0931466140527274
5.64473601017065,-0.0931641488515954
5.64661459593709,-0.0931816647361274
5.64849327451769,-0.0931991617369548
5.6503720458813,-0.0932166398811321
5.65225091197075,-0.0932340992137946
5.65412987179592,-0.0932515397526077
5.65600892429061,-0.093268961515428
5.65788807172546,-0.0932863645504953
5.65976731545683,-0.0933037488965307
5.66164665562279,-0.0933211145813449
5.66352609190689,-0.0933384616290056
5.66540562337082,-0.0933557900580773
5.66728525160916,-0.093373099910183
5.66916497563348,-0.0933903912026955
5.6710447973932,-0.0934076639802293
5.67292471808957,-0.0934249182796576
5.67480473554348,-0.0934421541075318
5.67668485247688,-0.0934593715155747
5.67856506812182,-0.093476570522528
5.68044538187862,-0.0934937511496216
5.68232579512937,-0.0935109134358154
5.6842063088195,-0.0935280574154177
5.68608692193154,-0.0935451831052095
5.68796763573035,-0.0935622905429648
5.68984845045175,-0.0935793797564971
5.69172936687784,-0.0935964507787039
5.69361038480439,-0.0936135036334801
5.69549150323116,-0.0936305383378976
5.69737272548226,-0.0936475549476605
5.69925404876578,-0.0936645534627191
5.701135476089,-0.0936815339362792
5.70301700651561,-0.0936984963847987
5.70489863939701,-0.0937154408283812
5.70678037666145,-0.0937323673098305
5.70866221902588,-0.0937492758603326
5.71054416403186,-0.0937661664833617
5.71242621620401,-0.0937830392448847
5.71430837256785,-0.0937998941426324
5.71619063535616,-0.093816731222311
5.71807300327377,-0.0938335504970839
5.71995547840198,-0.0938503520106733
5.72183805956138,-0.0938671357771664
5.72372074740756,-0.0938839018276253
5.72560354337862,-0.0939006501993605
5.7274864457012,-0.093917380901298
5.72936945766677,-0.0939340939874748
5.7312525769331,-0.0939507894612433
5.73313580532797,-0.0939674673638763
5.73501914307565,-0.0939841277214311
5.7369025896732,-0.0940007705540149
5.73878614633122,-0.0940173958968019
5.74066981317242,-0.0940340037749452
5.74255359027187,-0.0940505942134364
5.74443747741571,-0.0940671672347561
5.74632147645739,-0.094083722879255
5.74820558576663,-0.0941002611565323
5.7500898068232,-0.0941167821039842
5.75197414077929,-0.0941332857552052
5.75385858808041,-0.0941497721376841
5.75574314697006,-0.0941662412602009
5.75762781790911,-0.094182693151219
5.759512602725,-0.0941991278501725
5.76139750203856,-0.0942155453856114
5.76328251547574,-0.0942319457778865
5.76516764367675,-0.0942483290563016
5.76705288691015,-0.0942646952466345
5.76893824324609,-0.0942810443559834
5.77082371610511,-0.0942973764376039
5.7727093040447,-0.0943136915017096
5.77459500672307,-0.0943299895692311
5.77648082750912,-0.0943462706922597
5.77836676416372,-0.094362534874129
5.78025281781091,-0.0943787821482698
5.78213898859157,-0.0943950125388135
5.78402527882006,-0.0944112260884037
5.78591168633845,-0.0944274228012564
5.78779821194043,-0.0944436027077662
5.78968485718755,-0.0944597658438949
5.79157162053987,-0.09447591221917
5.79345850296648,-0.0944920418650902
5.79534550441475,-0.0945081548038103
5.79723262667447,-0.0945242510731173
5.79911986824751,-0.0945403306826801
5.80100723110776,-0.0945563936721259
5.80289471365391,-0.0945724400501669
5.80478231860763,-0.0945884698625488
5.80667004435394,-0.0946044831175648
5.80855789194816,-0.0946204798469366
5.81044586244764,-0.0946364600816081
5.81233395539006,-0.0946524238397896
5.81422217042538,-0.09466837114105
5.81611050709005,-0.0946843020039689
5.81799896768556,-0.0947002164699747
5.8198875515502,-0.0947161145550834
5.82177626055741,-0.0947319962970514
5.82366509403077,-0.0947478617118349
5.8255540522983,-0.0947637108243547
5.82744313522172,-0.0947795436553893
5.8293323423875,-0.0947953602235241
5.83122167772134,-0.0948111605830039
5.83311113719423,-0.0948269447214383
5.83500072251173,-0.0948427126757488
5.8368904338187,-0.0948584644684317
5.83878027277309,-0.094874200134644
5.84067023924832,-0.0948899196944834
5.84256033233875,-0.0949056231621702
5.84445055349022,-0.0949213105713172
5.84634090205514,-0.094936981937735
5.84823137896375,-0.0949526372906024
5.85012198440236,-0.0949682766525651
5.85201271994482,-0.0949839000576662
5.8539035846008,-0.0949995075187113
5.85579457732325,-0.0950150990487633
5.85768569980485,-0.095030674683061
5.85957695357994,-0.095046234454662
5.86146833676789,-0.0950617783690104
5.86335985079307,-0.0950773064591945
5.86525149638187,-0.0950928187516965
5.86714327275335,-0.0951083152609668
5.86903518111716,-0.0951237960178735
5.87092722073479,-0.0951392610370312
5.87281939247423,-0.095154710346431
5.87471169688643,-0.0951701439710277
5.87660413433876,-0.0951855619343195
5.87849670469334,-0.0952009642557854
5.88038940843248,-0.0952163509599647
5.88228224697631,-0.0952317220786446
5.88417521901851,-0.0952470776215555
5.88606832646293,-0.0952624176247221
5.88796156718768,-0.0952777420912233
5.88985494241281,-0.0952930510517648
5.89174845349486,-0.0953083445371562
5.89364209964273,-0.095323622561034
5.89553588151981,-0.0953388851491448
5.89742980057856,-0.0953541323330311
5.89932385394034,-0.095369364109734
5.90121804603026,-0.0953845805351262
5.90311237434065,-0.0953997816083177
5.90500683969004,-0.0954149673564735
5.90690144305875,-0.0954301378071356
5.90879618409525,-0.0954452929772199
5.91069106183039,-0.095460432879151
5.91258607856367,-0.0954755575511274
5.91448123375416,-0.0954906670081037
5.9163765291589,-0.0955057612837306
5.91827196364443,-0.0955208403884222
5.92016753697629,-0.0955359043403792
5.92206325128988,-0.0955509531760135
5.92395910484485,-0.0955659869007954
5.9258550993808,-0.0955810055483105
5.92775123502455,-0.0955960091386204
5.92964751052253,-0.0956109976814397
5.9315439285532,-0.0956259712173551
5.93344048713688,-0.0956409297497082
5.93533718891435,-0.0956558733188242
5.93723403087476,-0.0956708019200601
5.939131016027,-0.0956857155967548
5.94102814401155,-0.0957006143645728
5.94292541553975,-0.0957154982482488
5.94482282882436,-0.0957303672530171
5.94672038662665,-0.0957452214197309
5.94861808787243,-0.0957600607584696
5.95051593354156,-0.0957748852960521
5.95241392376101,-0.0957896950521996
5.95431205926225,-0.0958044900514229
5.95621033841319,-0.0958192702999711
5.95810876308957,-0.0958340358315082
5.96000733333112,-0.0958487866646719
5.96190604889529,-0.0958635228163709
5.96380491051982,-0.0958782443110537
5.9657039174211,-0.0958929511612851
5.96760307134909,-0.0959076433992457
5.96950237434361,-0.0959223210585596
5.97140182356565,-0.0959369841357145
5.97330142079198,-0.0959516326635123
5.9752011644248,-0.0959662666479588
5.97710105608137,-0.0959808861201773
5.97900109533466,-0.0959954910949587
5.98090128462211,-0.0960100816091624
5.98280162143031,-0.0960246576615553
5.98470210825057,-0.0960392192898762
5.9866027434484,-0.0960537664994857
5.98850352888202,-0.0960682993229988
5.99040446396664,-0.0960828177737529
5.99230555009736,-0.0960973218805033
5.99420678624721,-0.0961118116533288
5.99610817279982,-0.0961262871134678
5.99800971106925,-0.0961407482887032
5.99991140121297,-0.0961551951978543
6.00181324239342,-0.0961696278526071
6.00371523601337,-0.0961840462815858
6.00561738072622,-0.0961984504923185
6.00751967630676,-0.0962128405013618
6.00942212648474,-0.0962272163542882
6.01132472864027,-0.096241578048439
6.01322748454347,-0.0962559256153435
6.01513039398709,-0.0962702590707528
6.01703345742351,-0.0962845784357245
6.01893667404448,-0.0962988837218308
6.0208400455514,-0.096313174959441
6.0227435727484,-0.0963274521715881
6.02464725280913,-0.0963417153547828
6.0265510881686,-0.0963559645451928
6.0284550792112,-0.096370199762474
6.03035922674859,-0.0963844210298484
6.03226352785317,-0.0963986283430525
6.03416798674752,-0.0964128217511275
6.03607260249201,-0.0964270012634087
6.03797737430026,-0.0964411668916313
6.03988230219667,-0.0964553186534698
6.04178738804972,-0.0964694565797531
6.04369263089446,-0.0964835806801199
6.04559803127813,-0.0964976909759249
6.04750358995406,-0.0965117874896138
6.04940930647833,-0.0965258702348247
6.05131518079021,-0.0965399392282684
6.05322121518303,-0.096553994503566
6.05512740900901,-0.0965680360723734
6.0570337616092,-0.0965820639470129
6.05894027343833,-0.0965960781478659
6.06084694515264,-0.0966100786964137
6.06275377731049,-0.0966240656133132
6.06466076957717,-0.0966380389127887
6.06656792174573,-0.0966519986102012
6.06847523370302,-0.0966659447215297
6.07038270792141,-0.0966798772812136
6.07229034263586,-0.0966937962925976
6.07419813844438,-0.0967077017770242
6.07610609779041,-0.0967215937684096
6.07801421915226,-0.0967354722717772
6.0799225026523,-0.0967493373049051
6.08183094881353,-0.0967631888880107
6.0837395590048,-0.0967770270471454
6.08564833081122,-0.0967908517811943
6.08755726653649,-0.0968046631235343
6.08946636517632,-0.096818461082817
6.09137562773666,-0.0968322456827185
6.09328505543635,-0.0968460169478962
6.09519464777488,-0.0968597748907236
6.09710440389217,-0.096873519521474
6.0990143242823,-0.0968872508600715
6.1009244102249,-0.0969009689315692
6.10283466153164,-0.0969146737504085
6.1047450776972,-0.0969283653291592
6.106655660438,-0.0969420436960791
6.1085664104172,-0.0969557088713979
6.11047732580593,-0.0969693608580923
6.11238840792836,-0.0969829996818868
6.1142996560998,-0.0969966253536054
6.11621107339057,-0.0970102379107561
6.11812265798376,-0.0970238373557176
6.12003440907176,-0.0970374236991398
6.12194632891409,-0.0970509969728181
6.12385841641947,-0.0970645571843424
6.1257706727589,-0.0970781043578443
6.1276830952502,-0.0970916384901216
6.12959568726894,-0.0971051596209559
6.13150844952783,-0.0971186677700704
6.13342138131035,-0.0971321629478746
6.13533448322931,-0.0971456451743818
6.13724775456152,-0.0971591144600145
6.13916119570194,-0.0971725708232099
6.14107480687583,-0.097186014280922
6.14298858786444,-0.0971994448470381
6.14490254162385,-0.0972128625573689
6.14681666602424,-0.0972262674119075
6.14873096076398,-0.0972396594244769
6.15064542705624,-0.0972530386188561
6.15256006455069,-0.0972664050076377
6.15447487560488,-0.0972797586222968
6.15638985821844,-0.0972930994638007
6.15830501384341,-0.0973064275577767
6.1602203430507,-0.0973197429229662
6.16213584347275,-0.0973330455582326
6.1640515193876,-0.0973463355084336
6.16596736804392,-0.0973596127688849
6.16788338972574,-0.09737287735724
6.16979958621929,-0.097386129300632
6.17171595671942,-0.0973993686081424
6.17363250228321,-0.0974125953020907
6.17554922151514,-0.0974258093877345
6.17746611676541,-0.0974390108962225
6.17938318670667,-0.0974521998329022
6.18130043224865,-0.0974653762190799
6.18321785249325,-0.0974785400633315
6.18513544904847,-0.0974916913914989
6.18705322288845,-0.0975048302245009
6.18897117219881,-0.0975179565646311
6.19088929880422,-0.0975310704393084
6.19280760239581,-0.0975441718607174
6.19472608110767,-0.0975572608310875
6.1966447391203,-0.0975703373934867
6.19856357429573,-0.0975834015471913
6.20048258629791,-0.0975964533050248
6.20240177759324,-0.0976094926981
6.20432114619218,-0.0976225197270641
6.20624069457727,-0.0976355344233946
6.20816042195808,-0.0976485367957053
6.21008032848067,-0.097661526859573
6.21200041408504,-0.0976745046289932
6.21392067896667,-0.0976874701196594
6.21584112341704,-0.097700423347804
6.21776174653585,-0.0977133643217236
6.21968255035616,-0.0977262930693599
6.22160353482268,-0.0977392096041096
6.22352470143313,-0.0977521139500659
6.22544604802058,-0.0977650061068127
6.22736757450308,-0.0977778860885408
6.22928928352515,-0.0977907539268352
6.2312111730692,-0.097803609621918
6.23313324396577,-0.0978164531938102
6.23505549760409,-0.0978292846655091
6.2369779335406,-0.0978421040478013
6.23890055213893,-0.0978549113571854
6.24082335474658,-0.0978677066163786
6.2427463379715,-0.0978804898169016
6.24466950612391,-0.0978932610016144
6.24659285779636,-0.0979060201742442
6.24851639254763,-0.0979187673461072
6.25044011192228,-0.0979315025412393
6.25236401473143,-0.0979442257653904
6.25428810203136,-0.0979569370394954
6.2562123732439,-0.0979696363733538
6.25813682910492,-0.0979823237856126
6.26006147019824,-0.0979949992936013
6.26198629783749,-0.0980076629193475
6.26391130968554,-0.0980203146611397
6.26583650804602,-0.0980329545480421
6.26776189264718,-0.0980455825914026
6.2696874631147,-0.0980581988024576
6.27161321939217,-0.0980708031945284
6.27353916262779,-0.0980833957885531
6.27546529440468,-0.0980959766079153
6.27739161181361,-0.0981085456470955
6.27931811492553,-0.0981211029207341
6.28124480696936,-0.0981336484629273
6.28317168680406,-0.0981461822790119
6.28509875412777,-0.0981587043807025
6.28702600921925,-0.0981712147832515
6.28895345403777,-0.0981837135124075
6.29088108829378,-0.0981962005791718
6.29280890946721,-0.0982086759809059
6.29473691967557,-0.0982211397449462
6.29666512023043,-0.0982335918923622
6.29859351015625,-0.0982460324298509
6.30052208976588,-0.0982584613728193
6.30245085790186,-0.0982708787270825
6.30437981748937,-0.0982832845245223
6.30630896839576,-0.0982956787767283
6.30823830983431,-0.0983080614918492
6.31016784011299,-0.0983204326725338
6.31209756247677,-0.0983327923526487
6.31402747720093,-0.098345140546177
6.31595758219307,-0.0983574772528972
6.31788787857417,-0.098369802493328
6.31981836779535,-0.0983821162892638
6.32174904985511,-0.0983944186532591
6.32367992289333,-0.0984067095865999
6.32561098988773,-0.0984189891212025
6.32754224900349,-0.0984312572578059
6.32947370158536,-0.0984435140180225
6.33140534790194,-0.0984557594160427
6.33333718684203,-0.0984679934576777
6.33526921833893,-0.0984802161555511
6.33720144476058,-0.0984924275371122
6.33913386554049,-0.0985046276109988
6.34106647990734,-0.0985168163852455
6.34299928937657,-0.0985289938820921
6.34493229415746,-0.0985411601151304
6.34686549315188,-0.0985533150901513
6.34879888813442,-0.0985654588309581
6.35073247709049,-0.0985775913373297
6.35266626320525,-0.0985897126418629
6.35460024431624,-0.0986018227430812
6.35653442242588,-0.0986139216662577
6.35846879584965,-0.0986260094131184
6.36040336562144,-0.0986380860028381
6.3623381319827,-0.0986501514491148
6.36427309619542,-0.098662205772006
6.36620825704728,-0.0986742489762122
6.36814361610572,-0.0986862810839451
6.37007917383037,-0.0986983021100092
6.37201492810016,-0.09871031205371
6.37395087966542,-0.0987223109324243
6.37588703017315,-0.0987342987682876
6.37782337903627,-0.0987462755695959
6.37975992650164,-0.0987582413502054
6.38169667178319,-0.0987701961175337
6.38363361737033,-0.0987821398990137
6.38557076215605,-0.0987940726995575
6.3875081069198,-0.098805994536255
6.38944565000749,-0.098817905411108
6.39138339343336,-0.0988298053487387
6.3933213369095,-0.0988416943590486
6.3952594806474,-0.0988535724554148
6.39719782502673,-0.0988654396521192
6.39913637025268,-0.0988772959623276
6.40107511689898,-0.0988891414014295
6.40301406479397,-0.0989009759802462
6.4049532139036,-0.0989127997105716
6.40689256459202,-0.0989246126065336
6.4088321167344,-0.0989364146792198
6.41077187159235,-0.0989482059480687
6.41271182753956,-0.0989599864149789
6.41465198868615,-0.0989717561166146
6.41659235199088,-0.0989835150458045
6.41853291783668,-0.0989952632172971
6.42047368631299,-0.0990070006433718
6.42241465823053,-0.0990187273405696
6.42435583484454,-0.0990304433278701
6.42629721377731,-0.0990421486026415
6.42823879673018,-0.0990538431871751
6.43018058242368,-0.0990655270852415
6.43212257324905,-0.0990772003228629
6.43406476827103,-0.099088862905633
6.43600716947575,-0.099100514857041
6.43794977410746,-0.0991121561720571
6.43989258425428,-0.0991237868751362
6.44183560084334,-0.0991354069828304
6.44377882135475,-0.0991470164916789
6.44572224893658,-0.0991586154321951
6.44766588168559,-0.0991702038040622
6.44960972236766,-0.0991817816353077
6.45155376737847,-0.0991933489157594
6.45349802101779,-0.0992049056827086
6.45544247925583,-0.0992164519231749
6.45738714618415,-0.0992279876732184
6.45933201935143,-0.0992395129290908
6.46127710019731,-0.0992510277110128
6.46322239045885,-0.0992625320400998
6.46516788685611,-0.0992740259082601
6.46711358858126,-0.0992855093228497
6.46905950098719,-0.0992969823263084
6.47100562182712,-0.0993084449156963
6.4729519514386,-0.0993198971046445
6.47489848997014,-0.099331338905194
6.47684523634842,-0.0993427703223327
6.478792191566,-0.09935419137319
6.480739357942,-0.0993656020820331
6.48268673422609,-0.0993770024522876
6.48463432091466,-0.0993883924981851
6.48658211740356,-0.0993997722272841
6.48853012433437,-0.099411141654474
6.49047834097146,-0.0994225007864763
6.49242676874272,-0.0994338496426432
6.49437540566403,-0.0994451882223641
6.49632425404932,-0.0994565165502542
6.49827331447135,-0.0994678346400577
6.50022258558308,-0.0994791424949215
6.50217206910233,-0.0994904401358545
6.50412176519975,-0.0995017275743901
6.50607167296501,-0.0995130048162225
6.50802179335905,-0.0995242718778948
6.50997212376945,-0.0995355287552965
6.51192266907452,-0.0995467754874224
6.51387342579801,-0.0995580120644132
6.51582439518998,-0.0995692385048514
6.51777557899197,-0.0995804548291145
6.51972697518005,-0.0995916610361819
6.52167858667136,-0.0996028571536529
6.52363041160765,-0.0996140431812112
6.52558245059047,-0.0996252191333397
6.52753470457946,-0.099636385026019
6.52948717108413,-0.0996475408557669
6.53143985302379,-0.0996586866501252
6.53339274908475,-0.0996698224117783
6.53534586032353,-0.0996809481575075
6.53729918708225,-0.0996920638996171
6.53925273003823,-0.0997031696523891
6.54120648800584,-0.0997142654196525
6.54316046188971,-0.0997253512172568
6.54511465163261,-0.0997364270552411
6.54706905789015,-0.0997474929477667
6.5490236798396,-0.0997585489006335
6.55097851833986,-0.0997695949292586
6.55293357465159,-0.099780631050906
6.55488884801361,-0.0997916572715326
6.55684433855971,-0.0998026736024692
6.55880004528259,-0.099813680048559
6.56075596981646,-0.0998246766294229
6.56271211137752,-0.0998356633507735
6.56466847073693,-0.0998466402273603
6.56662504948058,-0.099857607278081
6.56858184726937,-0.0998685645110481
6.57053886257976,-0.099879511928283
6.57249609745896,-0.0998904495516365
6.57445355088697,-0.0999013773853758
6.57641122151166,-0.0999122954325622
6.57836911218774,-0.0999232037193275
6.58032722375061,-0.0999341022598395
6.58228555448601,-0.0999449910547461
6.58424410469362,-0.0999558701162397
6.58583904107207,-0.0999647531403677
6.58583904107213,-0.0999647531403715
6.58779781209068,-0.100125296750244
6.59173512468243,-0.100443561405238
6.59566972571305,-0.100755611621188
6.59960963548173,-0.10106202742826
6.60355633662147,-0.10136298465002
6.6075102999514,-0.101658585863838
6.61147191882803,-0.101948926262287
6.61544156654217,-0.102234097661107
6.6194196096905,-0.102514189556012
6.62340642369901,-0.102789290254467
6.62740236194961,-0.103059484774829
6.63140778634056,-0.103324857027977
6.63542304860635,-0.103585488587
6.63944849774632,-0.103841459248465
6.64348447775573,-0.104092846936935
6.64753133435818,-0.104339728169714
6.65158940058233,-0.104582177219179
6.65565902046022,-0.104820267589392
6.65974052294879,-0.105054070496398
6.66383424355009,-0.105283656184022
6.66794051066571,-0.105509093169367
6.67205964919213,-0.105730448500214
6.676191987161,-0.105947788145357
6.68033784372848,-0.106161176389785
6.68449754797847,-0.106370676844811
6.68867142004248,-0.106576351497945
6.69285977874373,-0.106778261149281
6.6970629420577,-0.106976465463526
6.70128122796144,-0.107171023036287
6.70551495258289,-0.107361991334434
6.70976443728566,-0.107549427037141
6.71403000453574,-0.107733385856707
6.71831196681405,-0.107913922093833
6.72261064410394,-0.108091089420079
6.72692634778163,-0.108264940223235
6.73125940200174,-0.108435526500648
6.73561012470427,-0.108602899101033
6.73997883646758,-0.108767108102428
6.74436585441625,-0.108928202600997
6.74877150370323,-0.109086231153788
6.75319610679196,-0.109241241394901
6.75763998476084,-0.10939328011141
6.76210346695648,-0.109542393588122
6.76658686818028,-0.109688626859774
6.77109053409782,-0.10983202521608
6.77561478690786,-0.109972632435768
6.78015995469623,-0.110110491774105
6.78472637704571,-0.1102456461247
6.78931439196127,-0.110378137624373
6.79392433962852,-0.110508007782859
6.7985565600496,-0.110635297430446
6.80321139573432,-0.110760046808817
6.80788919086894,-0.110882295559905
6.81259029756342,-0.111002082896039
6.81731506915377,-0.111119447428692
6.82206386458516,-0.111234427287894
6.82683704298319,-0.111347059996894
6.83163497195031,-0.111457382678235
6.8364580196227,-0.111565431871193
6.84130654708326,-0.111671243384892
6.84618093463338,-0.111774852887064
6.85108156868929,-0.111876295600252
6.85600882527979,-0.11197560597479
6.86096309551948,-0.112072818227398
6.86594477638066,-0.112167966145025
6.87095425968498,-0.112261082885362
6.87599195356955,-0.112352201390008
6.88105826472272,-0.112441354053064
6.88615360184103,-0.112528572800066
6.89127838370574,-0.112613889232608
6.89643304385906,-0.112697334696389
6.90161801238022,-0.112778939982074
6.9068337247228,-0.112858735483265
6.91208061743759,-0.112936751138807
6.91735914555703,-0.113013016694333
6.92266976242795,-0.1130875614014
6.92801294104764,-0.113160414324082
6.93338914275082,-0.113231603908095
6.93879884864618,-0.113301158417927
6.94424254983304,-0.113369105795292
6.94972073050559,-0.113435473455373
6.9552338986672,-0.113500288671043
6.96078256910843,-0.113563578355704
6.96636724880667,-0.113625368908777
6.97198847833526,-0.113685686682278
6.97764678164915,-0.113744557427207
6.98334271364189,-0.113802006808294
6.98907682525376,-0.113858060035642
6.9948496854809,-0.113912742091833
7.00066187365246,-0.113966077651104
7.0065139654454,-0.114018090957867
7.01240657180052,-0.114068806177041
7.01834029657148,-0.114118247013857
7.02431575217056,-0.114166436863349
7.03033358094293,-0.114213398978575
7.03639442269805,-0.114259156206789
7.0424989367437,-0.114303731166512
7.04864780100497,-0.114347146233266
7.05484168632825,-0.1143894233608
7.06108130196655,-0.114430584399655
7.06736734974212,-0.114470650782306
7.07370056539686,-0.114509643796979
7.08008169486809,-0.114547584428419
7.08651148920233,-0.114584493334342
7.09299071807519,-0.114620390929292
7.09952017801201,-0.114655297424756
7.10610068016459,-0.114689232757079
7.1127330527792,-0.114722216601572
7.1194181320103,-0.114754268329408
7.1261567910355,-0.114785407148114
7.13294991563065,-0.114815651978778
7.13979839850625,-0.114845021437434
7.14670317477805,-0.114873533988547
7.15366518497175,-0.114901207783107
7.16068539320478,-0.114928060738256
7.16776479477285,-0.114954110562647
7.17490439924168,-0.114979374690966
7.18210526128385,-0.115003870392355
7.18936843977697,-0.115027614624737
7.19669502566408,-0.11505062413344
7.2040861259656,-0.115072915399148
7.21154290550964,-0.11509450476174
7.21906654487087,-0.115115408287246
7.22665824626812,-0.115135641790066
7.2343192475027,-0.115155220871426
7.24205082477032,-0.115174160922536
7.24985428429773,-0.11519247710108
7.25773094956834,-0.115210184303715
7.26568221294442,-0.115227297281827
7.2737094936662,-0.115243830540255
7.2818142202699,-0.115259798307128
7.28999792290179,-0.115275214715322
7.29826210336024,-0.115290093546652
7.30660835870665,-0.115304448466935
7.31503831815771,-0.115318292902857
7.32355365305412,-0.115331640061016
7.33215607620861,-0.11534450292742
7.34084737500733,-0.115356894314678
7.34962935646757,-0.1153688267797
7.35850391784272,-0.115380312722287
7.36747300177961,-0.115391364318716
7.3765385761885,-0.115401993501059
7.38570273267964,-0.115412212072588
7.39496758451019,-0.115422031583653
7.40433532533059,-0.115431463399653
7.41380822266712,-0.115440518690131
7.42338863984665,-0.115449208445889
7.43307896319015,-0.115457543411516
7.44288170200928,-0.11546553417557
7.45279943472063,-0.115473191119177
7.46283484602594,-0.115480524444202
7.47299069786469,-0.115487544148675
7.48326983130628,-0.115494260029489
7.4936752077664,-0.11550068170871
7.50420993586223,-0.115506818643799
7.51487714651314,-0.115512680052811
7.52568014972246,-0.115518275006005
7.53662236905558,-0.115523612383594
7.54770734819126,-0.115528700878595
7.55893877854952,-0.115533549008164
7.57032045311077,-0.115538165092358
7.58185635275219,-0.11554255728957
7.59355061970767,-0.115546733581182
7.60540759233094,-0.115550701781067
7.61743168382344,-0.115554469494399
7.62962755601961,-0.115558044175798
7.64200010451758,-0.115561433117504
7.6545543592431,-0.115564643420032
7.66729556885123,-0.115567682016647
7.68022927908377,-0.115570555688552
7.69336119739622,-0.115573271031355
7.70669739345557,-0.115575834497066
7.7202440770032,-0.115578252347416
7.73400782139331,-0.115580530697103
7.74799553855264,-0.115582675504112
7.76221442407774,-0.115584692559394
7.77667205127147,-0.115586587500104
7.79137627928442,-0.115588365796351
7.80633552583176,-0.115590032783338
7.82155849273877,-0.115591593625971
7.83705436389708,-0.115593053341782
7.85283286090617,-0.115594416803211
7.86890418669639,-0.115595688730395
7.88527907084355,-0.11559687369475
7.90196888798106,-0.115597976126433
7.91898558986939,-0.115599000308088
7.93634192220928,-0.115599950387091
7.9540512883616,-0.115600830365631
7.97212789596126,-0.115601644108382
7.99058687237448,-0.115602395346145
8.00944427414701,-0.11560308767444
8.02871717043575,-0.11560372455575
8.04842364990233,-0.115604309319279
8.06858309880798,-0.115604845168715
8.08921619068741,-0.115605335180051
8.1103450020806,-0.115605782303798
8.13199315401872,-0.115606189367424
8.15418607918521,-0.115606559079367
8.1769508459144,-0.115606894025354
8.20031698366082,-0.115607196680381
8.22431592766972,-0.115607469399428
8.2489818144716,-0.115607714427632
8.27435143867522,-0.115607933898628
8.30046485319175,-0.115608129839579
8.3273653898183,-0.115608304170569
8.35510043445022,-0.115608458709648
8.38372134531662,-0.115608595171933
8.41328479420569,-0.115608715176255
8.44385241147173,-0.115608820242989
8.47549257680589,-0.115608911800838
8.50828019731973,-0.115608991185593
8.54229816536781,-0.115609059644692
8.57763914354228,-0.115609118340701
8.61440584916009,-0.115609168351702
8.65271318825707,-0.115609210675236
8.69269068225342,-0.115609246231382
8.73448385435383,-0.115609275864525
8.77825827134847,-0.115609300347248
8.82420240254417,-0.115609320382584
8.87253155714141,-0.115609336606967
8.92349539094577,-0.115609349593935
8.97738271736312,-0.115609359856383
9.03453097496756,-0.11560936785005
9.09533853902579,-0.115609373976804
9.16027881748351,-0.115609378587731
9.22992036339971,-0.115609381986491
9.30495334711796,-0.115609384432677
9.38622511347767,-0.115609386145227
9.47479362986405,-0.115609387305955
9.57199879618828,-0.115609388063012
9.67956924938367,-0.11560938853446
9.7997854533631,-0.115609388811873
9.93573827406712,-0.115609388963936
10,-0.115609389003078
