Time_s,Mu
0,2.5368
5.6691999554816e-30,2.43519366865209
6.81617413467732e-09,2.43552936416557
4.08970448080639e-08,2.43552611490341
2.11301398174997e-07,2.43551519588949
8.546747819125e-07,2.43546063154395
1.50014874126267e-06,2.4352553503405
2.1469507941085e-06,2.43505031534815
2.79475483826294e-06,2.43484543946231
3.47802459533756e-06,2.43464087233212
4.19250657591331e-06,2.43442590956544
4.93511128521215e-06,2.43420200401275
5.70347077689683e-06,2.43397028547295
6.49576259137992e-06,2.43373165954303
7.31057427141244e-06,2.43348686409205
8.14679269693988e-06,2.43323651249432
9.00354720606548e-06,2.4329811286452
9.88016252257925e-06,2.43272116528623
1.07761149772353e-05,2.43245701899496
1.16910169106541e-05,2.43218904390871
1.26245914303415e-05,2.43191755702034
1.3576658787922e-05,2.43164284605051
1.45471263872052e-05,2.43136517392373
1.55359775575076e-05,2.43108478210006
1.65432627416972e-05,2.43080189418342
1.75690975953121e-05,2.43051671880809
1.86136555316386e-05,2.4302294506029
1.96771660960097e-05,2.42994027259675
2.07599098429904e-05,2.42964935709974
2.18622176347263e-05,2.42935686744701
2.29844716240797e-05,2.42906295862064
2.41271004470689e-05,2.42876777743882
2.52905806217559e-05,2.42847146418892
2.64754377815264e-05,2.42817415278342
2.76822437071795e-05,2.42787597093838
2.89116227362658e-05,2.42757704136764
3.0164248066805e-05,2.42727748087439
3.14408461325488e-05,2.42697740171225
3.27421981243487e-05,2.42667691126293
3.4069143872946e-05,2.42637611232165
3.54225831198596e-05,2.42607510297124
3.68034812557935e-05,2.42577397704933
3.821287183035e-05,2.42547282379744
3.96518632967261e-05,2.42517172820527
4.11216450098857e-05,2.42487077065423
4.26234925752258e-05,2.42457002679154
4.41587778924923e-05,2.42426956766316
4.57289774524392e-05,2.42396945914917
4.73356814886104e-05,2.42366976185148
4.89806102871369e-05,2.42337053104202
5.06656241405687e-05,2.42307181563903
5.23927462790358e-05,2.42277365843596
5.41641794653757e-05,2.42247609465013
5.59823329074652e-05,2.42217915173183
5.78498510784751e-05,2.42188284813392
5.97696513177274e-05,2.4215871922629
6.17449707574687e-05,2.42129218084486
6.37794205558311e-05,2.42099779678245
6.58770572028159e-05,2.42070400699681
6.80424809584013e-05,2.42041075929244
7.02809521173441e-05,2.42011797739852
7.25985564487662e-05,2.41982555583473
7.50024320135044e-05,2.41953335181272
7.75010838494229e-05,2.41924117384204
8.01048592535303e-05,2.41894876591309
8.28266568936222e-05,2.41865578239599
8.56830938632925e-05,2.41836175051032
8.86965147031733e-05,2.4180660064344
9.1898827344871e-05,2.4177675833504
9.53398387467559e-05,2.41746499307214
9.91094396938797e-05,2.41715574268659
0.000103423132440762,2.41683502845351
0.000108440371287514,2.41649064576978
0.000113328167964305,2.41611638448266
0.000117801822875649,2.41576683598586
0.000122172781016528,2.41546248528444
0.000126475327934966,2.41518508889445
0.000130748298712679,2.41492820300063
0.000135016099826328,2.41468759719527
0.000139296264133052,2.41446053782553
0.000143601998456693,2.41424512230707
0.000147943740813341,2.41403995768101
0.000152330087330079,2.41384398131246
0.000156768356872786,2.41365635549495
0.000161264983937934,2.41347640268596
0.000165825758219792,2.41330356271201
0.000170456026475975,2.41313736467132
0.000175160809835194,2.41297740639031
0.000179944902344821,2.41282334043907
0.00018481294700403,2.41267486360883
0.000189769502371813,2.41253170896181
0.000194819069477588,2.41239363960077
0.000199960773516196,2.41226044441804
0.000205195436287274,2.41213204098947
0.000210551290495277,2.4120083300075
0.00021601783705179,2.41188872290525
0.000221600345097246,2.41177330203186
0.00022730365330446,2.41166197101444
0.000233132727089191,2.41155462124093
0.000239092661343595,2.41145115059395
0.000245188704545164,2.41135146628058
0.000251426251206131,2.41125548459493
0.000257810848220172,2.41116313063473
0.000264348209947659,2.4110743378401
0.000271044190084802,2.41098904745495
0.000277904793819079,2.41090720846309
0.000284936152501962,2.41082877715305
0.000292144511603171,2.41075371699201
0.000299536173591228,2.41068199838059
0.0003071175019035,2.4106135986939
0.000314894827029031,2.41054850181285
0.000322874400093194,2.41048669821869
0.000331062312001299,2.41042818468635
0.000339464399633714,2.41037296401464
0.000348086119064584,2.41032104467704
0.000356932443666764,2.41027244044252
0.000366007706664884,2.41022716968102
0.000375315460149012,2.4101852546844
0.000384858347721855,2.41014672071449
0.00038840098899538,2.41011159481134
0.000388400988995383,2.4100955179328
0.000398180598015491,2.41009250039462
0.000408291151556224,2.41006808350101
0.000418628995377719,2.41004221216625
0.000429199027459091,2.41001892483848
0.000439998143823568,2.40999897920133
0.000451021586767048,2.40998252475321
0.000462263530162292,2.40996959094154
0.000473717431573655,2.40996017755198
0.000485376319465125,2.40995427117854
0.000497233089383631,2.40995184833421
0.000509280827734428,2.40995287645711
0.000521513073475191,2.40995731489342
0.00053392404327174,2.40996511617037
0.000546508873151448,2.40997622749469
0.000559263702353823,2.4099905924329
0.000572185801956947,2.41000815254156
0.000585273645565468,2.41002884897375
0.000598526895838578,2.4100526239601
0.000611946425440169,2.41007942203141
0.000625534295008259,2.41010919110147
0.000639293711132978,2.41014188332638
0.000653229035377955,2.41017745574394
0.000667345731343238,2.41021587085666
0.000681650384205503,2.41025709697041
0.000696150666562767,2.41030110855632
0.000710855399128318,2.41034788641493
0.000725774548859193,2.41039741798176
0.000740919325231769,2.4104496974532
0.000756302221968645,2.41050472611217
0.000771937174337166,2.41056251251292
0.000787839706319515,2.41062307296694
0.000804027068461387,2.41068643206052
0.000820518546763987,2.41075262313399
0.000837335737166349,2.41082168931769
0.000854502955042776,2.41089368457435
0.000872047764574895,2.4109686752118
0.000890001623671207,2.41104674192464
0.000901291800803309,2.41112798236232
0.000901291800803316,2.41118543485888
0.00091969095167111,2.41119583870657
0.000938858076621499,2.41126828920999
0.000958625860897912,2.41135574481962
0.000979039320378248,2.41144909558612
0.00100017749818678,2.41154684202586
0.00102214687726076,2.41164897372603
0.00104509006579234,2.41175584869163
0.00106920696460608,2.41186802683713
0.00109479861959877,2.41198632274969
0.00112237237628539,2.41211198716871
0.00115296836058683,2.41224715515116
0.00118686372986162,2.41239622639788
0.00122313752806553,2.41256071683311
0.0012573776756233,2.4127366011492
0.00128891273901267,2.4129048883702
0.00131924322969571,2.41305964099988
0.00134891698922749,2.41320590725538
0.0013782163346908,2.41334668102823
0.00140731818717731,2.41348352088769
0.0014363447175917,2.41361731188876
0.00146538618886163,2.41374860200584
0.00149451278210837,2.41387775245807
0.00152378134629707,2.4140050114399
0.00155323948109406,2.41413055411714
0.00158292827079821,2.41425450602848
0.00161288395743995,2.41437695809718
0.00164313921749044,2.41449797599016
0.00167372405569061,2.41461760683119
0.00170466641818191,2.41473588391056
0.00173599273197976,2.41485282994934
0.00176772827444624,2.41496845974584
0.00179989744980243,2.41508278205881
0.00183252400621144,2.41519580099691
0.0018656313330589,2.41530751708714
0.00189904043080941,2.41541792845762
0.00193251395210227,2.41552648537335
0.00196607322173031,2.41563245877308
0.00199973768644297,2.41573582807914
0.00203352530818407,2.41583667398409
0.00206745267309734,2.4159350864789
0.00210153517146213,2.41603115134375
0.00213578715193899,2.41612494880117
0.00217022209809058,2.41621655391389
0.0022048527170723,2.41630603725065
0.00223969103326717,2.41639346535216
0.00227474849397435,2.41647890115428
0.00231003602196037,2.41656240440277
0.00234556409289614,2.41664403193325
0.00238134274340162,2.41672383796559
0.0024173816775221,2.41680187425214
0.00245369026189712,2.41687819038053
0.0024902775627786,2.41695283387616
0.0025271523918695,2.41702585035017
0.00256432333494633,2.41709728365906
0.00260179874592896,2.41716717602737
0.00263958679184206,2.41723556810525
0.00267769548438116,2.41730249909568
0.0027161326517092,2.41736800686079
0.00271807131907027,2.41743212793414
0.00271844482795676,2.41744391621905
0.00271881833684326,2.41744610707538
0.00271927400228981,2.41744694117438
0.00271937701359937,2.41744769864493
0.00271941440971751,2.41744795026458
0.00271945180583564,2.41744803830468
0.00271949466183422,2.41744807976157
0.0027197089418271,2.41744808931094
0.00272078034179153,2.41744810910727
0.00272613734161368,2.4174482040823
0.00275292234072441,2.41744867699354
0.00280757785647888,2.41745100687647
0.0028633214822992,2.41745578317161
0.00292042666232865,2.41746077216034
0.00297892239405701,2.41746568187333
0.00303884227461074,2.41747047387773
0.00310022085003019,2.41747514572212
0.00311206559256076,2.41747969994999
0.00311206559256078,2.41748107251052
0.00315430483562879,2.41748126620455
0.0031593541472631,2.41748369719938
0.00316440345889742,2.41748430303865
0.00316796388207473,2.417484646278
0.00317152430525205,2.41748487341773
0.00317457456480743,2.4174850816729
0.00317762482436282,2.41748526003296
0.00318130167770953,2.41748543235389
0.00318288027628412,2.41748563164174
0.00318338073987686,2.41748573407671
0.0031838812034696,2.41748577198982
0.00318638352143329,2.41748580075257
0.00319889511125177,2.41748592117397
0.00321637381217745,2.41748650254654
0.00323390730342474,2.41748732546229
0.00325151797816264,2.41748813092448
0.00326920603033308,2.41748888461092
0.00328697176998972,2.41748958286015
0.00330481551305133,2.41749022629083
0.00332273758634534,2.41749081607916
0.00334073832400182,2.41749135343628
0.00335881805476612,2.41749183953645
0.00337697713641375,2.41749227550864
0.0033952159215813,2.4174926624379
0.00341353477701593,2.41749300136653
0.00343193406530082,2.41749329329627
0.00345041417302282,2.41749353918987
0.00346897547557797,2.41749373997315
0.00348761837326858,2.41749389653628
0.0035063432639089,2.41749400973562
0.00352515056392235,2.41749408039497
0.00354404068635801,2.41749410930705
0.00356301405421407,2.41749409723474
0.00358207110232194,2.41749404491241
0.00360121227602701,2.41749395304703
0.00362043801982133,2.41749382231932
0.00363974879715922,2.41749365338485
0.00365914506610484,2.41749344687494
0.00367862731145982,2.41749320339785
0.00369819601043175,2.41749292353933
0.0037178516559841,2.41749260786387
0.00373759475326863,2.41749225691532
0.0037574258104521,2.41749187121762
0.0037773453377562,2.41749145127576
0.00379735387221084,2.4174909975765
0.00381745194928902,2.41749051058866
0.00383764010989776,2.41748999076415
0.00385791891314352,2.41748943853865
0.00387828892087093,2.4174888543318
0.00389875070876836,2.41748823854817
0.00391930486163592,2.41748759157752
0.00393995197014172,2.41748691379539
0.00396069263868336,2.41748620556377
0.00398152748273628,2.41748546723128
0.00400245712249867,2.41748469913371
0.00402348219575644,2.41748390159466
0.00404460333742803,2.41748307492554
0.00406582121072838,2.41748221942661
0.00408713647582584,2.41748133538639
0.00410854980797793,2.41748042308295
0.00413006189760393,2.41747948278378
0.00415167344566197,2.41747851474598
0.00417338515474988,2.41747751921681
0.00419519775169301,2.4174764964343
0.00421711196576521,2.41747544662676
0.00423912853372119,2.41747437001375
0.00426124822064749,2.41747326680636
0.00428347179109196,2.41747213720644
0.00430580002708522,2.41747098140803
0.00432823372341211,2.41746979959698
0.00435077368537256,2.41746859195123
0.00437342073194449,2.41746735864118
0.00439617568116484,2.41746609982981
0.0044190393951444,2.41746481567349
0.0044420127348,2.41746350632016
0.00446509656176939,2.41746217191136
0.00448829176672186,2.41746081258261
0.00451159924276985,2.41745942846224
0.00453501991574184,2.41745801967263
0.00455855471870381,2.41745658632901
0.00458220458740867,2.41745512854073
0.00460597048477779,2.41745364641179
0.00462985338487302,2.41745214003974
0.00465385428215708,2.41745060951654
0.00467797418334232,2.41744905492821
0.0047022141085696,2.41744747635538
0.0047265751081962,2.41744587387342
0.0047510582283883,2.41744424755154
0.00477566455400573,2.41744259745479
0.00480039517819257,2.41744092364191
0.00482525121028348,2.41743922616691
0.00485023376927565,2.41743750507887
0.00487534401714537,2.41743576042245
0.00490058311128842,2.41743399223598
0.00492595223870934,2.41743220055415
0.00495145260814851,2.4174303854064
0.00497708544990749,2.41742854681722
0.00500285200492293,2.41742668480624
0.00502875354035188,2.41742479938905
0.00505479135183865,2.41742289057635
0.00508096674443798,2.41742095837375
0.00510728105586097,2.41741900278303
0.0051337356408341,2.41741702380083
0.00516033188150024,2.4174150214196
0.00518707117907249,2.41741299562702
0.00521395495631388,2.41741094640659
0.0052409846837243,2.41740887373752
0.00526816182832198,2.41740677759309
0.00529548789969704,2.41740465794379
0.00532296442729973,2.41740251475478
0.00535059297444431,2.41740034798709
0.00537837511439553,2.41739815759684
0.00540631248208646,2.41739594353681
0.0054344067068078,2.41739370575317
0.00546265946729916,2.41739144418965
0.0054910724706259,2.41738915878437
0.00551964744585973,2.41738684947085
0.00554838616434994,2.41738451617866
0.00557729042510688,2.41738215883211
0.00560636207849454,2.41737977735107
0.00563560298431714,2.41737737164949
0.00566501504468504,2.4173749416381
0.00569460019849549,2.41737248722259
0.0057243604310966,2.41737000830365
0.00575429776547476,2.41736750477638
0.00578441425035918,2.41736497653078
0.00581471198999124,2.41736242345274
0.00584519312054493,2.41735984542202
0.0058758598146546,2.4173572423137
0.00590671430744685,2.41735461399805
0.00593775886259727,2.4173519603386
0.00596899579517844,2.4173492811944
0.0060004274780606,2.41734657641865
0.00603205632379309,2.417343845858
0.006063884788986,2.41734108935386
0.006095915386982,2.4173383067422
0.00612815068581005,2.41733549785263
0.00616059332239181,2.41733266250839
0.00619324596267145,2.41732980052529
0.00622611135311315,2.41732691171455
0.00625919228853593,2.41732399587932
0.00629249164862057,2.41732105281662
0.00632601234631116,2.41731808231483
0.00635975737686979,2.41731508415724
0.00639372980525499,2.41731205811884
0.0064279327653672,2.41730900396679
0.00646236947238707,2.41730592146054
0.00649704319435037,2.41730281035089
0.00653195729457549,2.41729967038204
0.00656711522409961,2.41729650128859
0.00660252049602343,2.41729330279568
0.00663817673396422,2.41729007462097
0.0066740876472651,2.41728681647116
0.00671025704642922,2.41728352804341
0.00674668882556743,2.41728020902428
0.00678338697206012,2.41727685909094
0.00682035560607313,2.41727347791064
0.00685759894687914,2.41727006513738
0.00689512131638902,2.41726662041415
0.00693292718479261,2.41726314337293
0.00697102110482116,2.41725963363101
0.00700940780904601,2.41725609079571
0.00704809212103449,2.41725251445723
0.00708707905240371,2.41724890419472
0.00712637371777812,2.41724525956932
0.00716598142103098,2.41724158012997
0.0072059076033032,2.4172378654073
0.00724615789410102,2.41723411491683
0.00728673812765126,2.41723032815533
0.00732765427226731,2.41722650459895
0.0073689125206855,2.41722264370852
0.00741051928406166,2.41721874492307
0.00745248121588434,2.41721480765927
0.0074948051541747,2.41721083130936
0.00753749819268583,2.41720681524551
0.00758056771841323,2.41720275881457
0.00762402136026407,2.41719866133426
0.00766786706508392,2.41719452209666
0.00771211306075945,2.41719034036249
0.00775676797222006,2.41718611536324
0.00780184071870132,2.41718184629183
0.00784734062668757,2.41717753230967
0.00789327739368784,2.41717317253831
0.00793966118322554,2.41716876606109
0.0079865026123673,2.41716431191551
0.00803381279302506,2.41715980909299
0.00808160339018564,2.41715525653541
0.0081298866639087,2.41715065312957
0.00817867547287925,2.41714599770288
0.00822798336369641,2.41714128902227
0.00827782463134534,2.41713652578648
0.0083282143941649,2.41713170661981
0.00837916864793877,2.41712683006478
0.00843070439460908,2.41712189457642
0.00848283967081673,2.41711689851053
0.00853559368741401,2.41711184011939
0.00858898706155327,2.41710671753925
0.00864304173357131,2.41710152876895
0.00869778141590713,2.41709627167343
0.00875323158019732,2.41709094394648
0.00880941975884852,2.41708554310598
0.00886637582615631,2.41708006646767
0.00892413241685695,2.41707451111736
0.00898272515443121,2.41706887387131
0.00904219321235352,2.4170631512508
0.00910257990384846,2.41705733943069
0.00916393332686059,2.41705143418176
0.0092263073618947,2.41704543080726
0.00928976263402367,2.41703932404885
0.00935436799595401,2.41703310799087
0.00942020239087118,2.41702677592019
0.00948735719504891,2.41702032014737
0.00955593949239967,2.41701373178118
0.0096260765299141,2.4170070004173
0.00969792185205851,2.41700011371402
0.00977166458804263,2.41699305680879
0.00984754328023627,2.41698581144376
0.00992586737714721,2.4169783546631
0.0100070543844408,2.4169706567966
0.0100916957173148,2.41696267800979
0.0101806903517015,2.41695436220738
0.0102755544597162,2.41694562479467
0.0103793373577428,2.4169363246032
0.010501008251146,2.41692618204193
0.010615017636061,2.41691439483314
0.010729027020976,2.41690301239437
0.0108296132200743,2.41689168163993
0.0109236476717617,2.4168814922398
0.0110133699304011,2.41687201994302
0.0111003709896859,2.41686301401025
0.011185444235538,2.41685430345832
0.0112690568473275,2.41684579641473
0.011351506209361,2.41683744008406
0.0114329993880249,2.41682920170688
0.0115136894970724,2.41682105906839
0.0115936950385445,2.41681299604346
0.0116731100946567,2.41680500031364
0.0117520113415243,2.41679706217439
0.0118304622228581,2.41678917376879
0.0119085162426191,2.41678132862398
0.0119862186219446,2.41677352130547
0.0120636081811172,2.41676574722758
0.0121407187207532,2.41675800246687
0.0122175794595647,2.41675028361828
0.0122942161188741,2.41674258773794
0.0123706514510539,2.41673491224294
0.0124469054380905,2.41672725485239
0.0125229961968171,2.41671961356238
0.0125989395949716,2.41671198656548
0.012674749995437,2.41670437227223
0.0127504403729988,2.41669676925105
0.0128260223033411,2.41668917620973
0.0129015063677278,2.41668159199398
0.0129769021428997,2.41667401555285
0.0130522182268164,2.4166664459347
0.0131274625682652,2.41665888228464
0.0132026424494937,2.41665132381608
0.0132777644277311,2.41664376980822
0.0133528344999532,2.41663621961076
0.0134278582005695,2.41662867263069
0.0135028405655231,2.41662112832202
0.0135777862530636,2.41661358618747
0.0136526995341275,2.41660604576845
0.0137275844061959,2.41659850664449
0.0138024444688125,2.41659096842347
0.0138772830257742,2.41658343075091
0.0139521031769922,2.41657589330265
0.0140269077510119,2.41656835577594
0.014101699378951,2.41656081789396
0.0141764804090323,2.41655327940019
0.0142512532286666,2.41654574006497
0.0143260198064777,2.41653819965882
0.0144007821239914,2.41653065798793
0.0144755419180008,2.41652311486226
0.0145503008279991,2.41651557011307
0.0146250604621455,2.41650802358286
0.0146998221565472,2.41650047511818
0.0147745872744065,2.41649292458937
0.014849356965237,2.4164853718677
0.0149241323899483,2.41647781684278
0.0149989145996161,2.41647025940575
0.0150737045594258,2.41646269945725
0.0151485032301211,2.41645513690657
0.015223311370897,2.41644757166452
0.0152981298118995,2.41644000365936
0.0153729591744053,2.41643243281568
0.0154478002577813,2.41642485907543
0.0155226536099459,2.41641728236769
0.015597519808159,2.4164097026412
0.0156723994379178,2.41640211984501
0.01574729301864,2.41639453392742
0.015822200907865,2.41638694484225
0.015897123603893,2.41637935255807
0.0159720614874916,2.41637175703339
0.0160470149741957,2.41636415823538
0.0161219843907157,2.4163565561294
0.0161969700076223,2.41634895068822
0.0162719721749923,2.41634134189047
0.0163469911967174,2.41633372970881
0.0164220272801301,2.41632611411896
0.0164970806801078,2.4163184951054
0.0165721516469586,2.41631087264981
0.01664724034701,2.41630324673384
0.0167223469993073,2.41629561734636
0.0167974717364106,2.41628798447278
0.0168726148202938,2.41628034810546
0.016947776258761,2.41627270822659
0.017022956339453,2.41626506483886
0.0170981551389319,2.41625741792379
0.0171733727663174,2.41624976747801
0.0172486093160549,2.41624211349762
0.0173238649905295,2.41623445597991
0.0173991397705397,2.416226794913
0.0174744338558149,2.41621913030287
0.0175497472227375,2.41621146213919
0.017625080024963,2.4162037904286
0.0177004323070428,2.4161961151649
0.017775804198434,2.41618843634947
0.0178511956779115,2.41618075397746
0.0179266068771617,2.41617306805619
0.018002037817515,2.41616537858158
0.0180774885563218,2.41615768555741
0.0181529591041737,2.41614998898555
0.0182284494970899,2.41614228887167
0.0183039598393551,2.41613458521983
0.0183794901425405,2.41612687802795
0.0184550404716306,2.41611916730111
0.0185306107956844,2.41611145304087
0.0186062011857817,2.41610373525658
0.0186818116863072,2.41609601394997
0.0187574422663754,2.41608828912396
0.0188330929726719,2.41608056078823
0.0189087638774058,2.41607282894674
0.0189844549579429,2.41606509360045
0.0190601662244814,2.41605735475811
0.019135897681466,2.41604961242684
0.0192116493609998,2.41604186661404
0.0192874212830659,2.41603411732479
0.0193632134198975,2.41602636456491
0.0194390258322456,2.41601860834451
0.0195148585761084,2.4160108486667
0.0195907115580486,2.41600308553399
0.0196665848966351,2.41599531896179
0.0197424785199583,2.41598754894912
0.0198183924351703,2.41597977550907
0.0198943266733885,2.41597199865005
0.0199702812607535,2.41596421837771
0.0200462561934173,2.41595643469775
0.0201222515092441,2.41594864761854
0.0201982671232627,2.41594085714524
0.0202743031504912,2.41593306329327
0.0203503594852341,2.41592526606223
0.0204264362786532,2.41591746546858
0.0205025334068236,2.41590966150901
0.0205786509183781,2.4159018542012
0.0206547888041421,2.41589404355105
0.020730947054266,2.41588622956771
0.0208071257604037,2.41587841226096
0.0208833248253924,2.41587059163185
0.0209595443011632,2.41586276769661
0.0210357841204876,2.41585494046082
0.0211120443535017,2.41584710993886
0.0211883250575868,2.41583927613453
0.0212646260985579,2.41583143905119
0.02134094755376,2.41582359870882
0.0214172894228186,2.41581575511159
0.0214936517112927,2.41580790826804
0.0215700344495517,2.41580005818693
0.0216464375381686,2.41579220487493
0.0217228610390542,2.41578434834972
0.021799304982419,2.41577648861666
0.0218757693265374,2.41576862568205
0.0219522540845255,2.41576075955862
0.0220287593097709,2.41575289025536
0.0221052849296082,2.41574501777723
0.022181830987945,2.41573714213958
0.0222583975140286,2.41572926334925
0.0223349844730523,2.4157213814131
0.0224115918462355,2.41571349634361
0.0224882196886581,2.41570560815279
0.0225648678976654,2.41569771684615
0.0226415365771453,2.41568982244203
0.0227182256709458,2.41568192494275
0.022794935231009,2.4156740243622
0.0228716652010164,2.41566612070664
0.0229484156626344,2.41565821399065
0.0230251865878641,2.41565030421812
0.0231019779617744,2.41564239140087
0.0231787898045146,2.41563447555089
0.0232556220685496,2.41562655667713
0.0233324748139446,2.41561863479407
0.0234093479810142,2.41561070990766
0.0234862416873655,2.41560278203307
0.0235631558204659,2.41559485117143
0.02364009041726,2.41558691734187
0.0237170455013537,2.41557898055327
0.0237940211473004,2.41557104081414
0.0238710172349891,2.41556309812855
0.023948033827581,2.41555515251692
0.0240250708295644,2.41554720398623
0.0241021283857252,2.4155392525553
0.0241792064259955,2.41553129822381
0.0242563049476744,2.41552334100735
0.024333423985834,2.41551538091809
0.0244105634917501,2.41550741796443
0.0244877235296396,2.41549945216155
0.0245649040487764,2.41549148351587
0.0246421051057716,2.41548351204254
0.024719326638222,2.41547553774874
0.0247965687375507,2.41546756065085
0.0248738313977689,2.41545958075328
0.0249511145675031,2.41545159806716
0.025028418252128,2.41544361260868
0.0251057424368503,2.41543562438987
0.0251830871704785,2.41542763342396
0.0252604524966548,2.41541963971884
0.0253378383337739,2.41541164328209
0.0254152447659831,2.41540364413222
0.0254926717688036,2.41539564227501
0.0255701193639738,2.41538763772379
0.0256475874776596,2.41537963048911
0.0257250762208166,2.41537162058943
0.0258025855228378,2.4153636080284
0.0258801153977361,2.41535559282325
0.0259576658333591,2.41534757498599
0.0260352369080419,2.41533955453015
0.0261128285597275,2.41533153146164
0.0261904408366492,2.4153235057975
0.0262680737811044,2.41531547754693
0.0263457273164125,2.41530744671846
0.0264234014581983,2.41529941333099
0.0265010962334964,2.41529137739697
0.0265788116593094,2.41528333892696
0.0266565477186491,2.4152752979321
0.0267343044226222,2.41526725442669
0.0268120817639116,2.41525920842307
0.0268898798000363,2.41525115993499
0.0269676984926396,2.41524310897075
0.0270455378407442,2.41523505554628
0.0271233978939993,2.41522699967546
0.0272012786379866,2.41521894136747
0.0272791800759569,2.41521088063642
0.0273571022021608,2.41520281749571
0.027435045072035,2.41519475195945
0.0275130086269248,2.41518668403657
0.0275909928793193,2.41517861374521
0.0276689978887437,2.4151705410988
0.0277470236832554,2.41516246610596
0.0278250701429627,2.41515438877738
0.0279031373339578,2.41514630913702
0.0279812253028472,2.41513822719476
0.028059334105651,2.41513014296001
0.0281374636356679,2.41512205644135
0.0282156140097079,2.41511396766148
0.0282937851236262,2.41510587662586
0.0283719770643055,2.41509778335659
0.0284501898303946,2.41508968786176
0.0285284234018465,2.415081590155
0.0286066777766883,2.41507349025253
0.0286849529737924,2.41506538816942
0.0287632490458572,2.41505728391882
0.0288415659616606,2.41504917751066
0.0289199037178331,2.41504106896175
0.0289982623439897,2.41503295828763
0.0290766418647136,2.41502484550077
0.0291550422631558,2.41501673061369
0.0292334635233164,2.41500861364258
0.0293119057002368,2.41500049460417
0.0293903687688234,2.41499237350915
0.0294688527724052,2.41498425037431
0.0295473577286405,2.41497612521148
0.0296258836194114,2.414967998034
0.0297044304395633,2.41495986885863
0.0297829982651347,2.41495173770159
0.0298615870611543,2.414943604572
0.0299401968207791,2.41493546948759
0.0300188275877678,2.41492733246505
0.0300974793429557,2.41491919351655
0.0301761521247674,2.4149110526591
0.0302548459047267,2.4149029099055
0.0303335607638178,2.41489476527377
0.0304122966599208,2.41488661877329
0.0304910536306637,2.41487847042284
0.030569831632888,2.41487032023581
0.0306486306910145,2.41486216823181
0.030727450847782,2.41485401442564
0.0308062920947818,2.41484585882977
0.0308851544556064,2.41483770146083
0.0309640379879135,2.41482954233338
0.0310429426428059,2.41482138145873
0.0311218683799771,2.41481321885702
0.0312008153210339,2.41480505454911
0.0312797834361402,2.41479688854192
0.0313587727655916,2.4147887208534
0.0314377832233097,2.41478055149724
0.0315168149200892,2.41477238049745
0.0315958678249707,2.41476420786265
0.0316749419184979,2.4147560336114
0.0317540372752055,2.41474785776289
0.0318331538788392,2.41473968032829
0.0319122917557188,2.41473150132548
0.031991450891116,2.41472332076972
0.0320706313675399,2.41471513867952
0.0321498331229245,2.41470695506549
0.0322290561777065,2.41469876994963
0.0323083006372155,2.41469058334861
0.0323875664022743,2.41468239527096
0.032466853523053,2.41467420574175
0.0325461619868004,2.41466601477574
0.0326254918940952,2.4146578223916
0.0327048431888944,2.41464962859882
0.0327842158707019,2.41464143341911
0.0328636099555252,2.41463323687136
0.0329430254942405,2.4146250389726
0.0330224624710608,2.41461683973667
0.0331019208930795,2.41460863918268
0.0331814008514092,2.41460043732869
0.0332609023337287,2.41459223418537
0.0333404252972345,2.41458402977123
0.0334199697932513,2.41457582410874
0.0334995358644481,2.41456761721289
0.0335791234855225,2.41455940909831
0.0336587326191621,2.41455119978552
0.0337383633478389,2.41454298929705
0.0338180157010834,2.41453477764548
0.0338976896201804,2.41452656484644
0.0339773851867414,2.41451835092371
0.0340571024033206,2.41451013589035
0.0341368413164928,2.41450191976455
0.0342166018880325,2.41449370256163
0.0342963841900056,2.41448548430381
0.0343761881813932,2.41447726500494
0.0344560139072284,2.4144690446874
0.0345358613411747,2.41446082336753
0.0346157305663864,2.41445260106693
0.034695621522094,2.41444437779868
0.0347755342806975,2.41443615358696
0.0348554688842926,2.41442792844629
0.03493542528349,2.41441970239234
0.0350154035339079,2.41441147544893
0.0350954036659155,2.41440324763215
0.0351754256576568,2.41439501895913
0.0352554695710465,2.41438678945173
0.0353355354073412,2.41437855912538
0.0354156231611297,2.41437032799981
0.035495732835769,2.41436209609606
0.0355758645179464,2.41435386343468
0.035656018153424,2.41434563002903
0.0357361938027432,2.41433739590354
0.0358163914295958,2.41432916107458
0.0358966111281131,2.41432092556561
0.0359768528967823,2.4143126893901
0.036057116717541,2.41430445256819
0.0361374025933048,2.41429621512259
0.0362177105889207,2.41428797707468
0.0362980407568609,2.41427973844035
0.0363783930119031,2.41427149923576
0.0364587675103871,2.414263259489
0.0365391641098077,2.4142550192094
0.0366195829501233,2.41424677842897
0.0367000240000974,2.41423853715924
0.0367804873405591,2.41423029542315
0.0368609729012786,2.41422205323595
0.0369414807582068,2.41421381062468
0.0370220109036064,2.4142055676058
0.0371025633895716,2.41419732420129
0.0371831381782288,2.414189080429
0.0372637353909426,2.41418083631384
0.0373443549782853,2.41417259186831
0.0374249969599344,2.41416434711761
0.0375056613443459,2.41415610208311
0.0375863481846215,2.4141478567866
0.037667057541659,2.4141396112462
0.0377477893681131,2.41413136547883
0.0378285436935819,2.4141231195105
0.0379093205620025,2.41411487336224
0.037990119978795,2.41410662705308
0.0380709419260272,2.41409838060507
0.0381517864542268,2.41409013404285
0.0382326536298044,2.41408188738565
0.0383135434535753,2.41407364065059
0.0383944559442948,2.41406539386006
0.0384753910734715,2.41405714703589
0.0385563488737592,2.41404890020388
0.0386373294565782,2.41404065338532
0.0387183327935505,2.41403240659417
0.0387993588845105,2.41402415985512
0.0388804077735771,2.41401591319232
0.0389614794605958,2.41400766662608
0.0390425739789021,2.41399942017995
0.0391236913438455,2.41399117387522
0.0392048316152162,2.41398292773441
0.0392859947877405,2.41397468177651
0.0393671809010106,2.41396643602557
0.0394483899704649,2.41395819050269
0.0395296220342059,2.4139499452306
0.0396108770968777,2.41394170023048
0.0396921551603475,2.41393345552613
0.0397734563064183,2.41392521114208
0.0398547805536754,2.41391696709628
0.0399361278634789,2.41390872341104
0.0400174983040295,2.41390048011428
0.0400988919207401,2.41389223722587
0.0401803087079296,2.41388399476633
0.0402617486949577,2.41387575276073
0.0403432118910567,2.41386751123195
0.0404246983586504,2.41385927020428
0.0405062080786672,2.41385102969783
0.0405877410941935,2.41384278973897
0.0406692974486895,2.41383455034991
0.0407508771686447,2.41382631155223
0.0408324802541214,2.41381807336889
0.0409141067852051,2.41380983582538
0.0409957567104563,2.41380159894093
0.0410774300807718,2.41379336274489
0.0411591269507064,2.41378512725971
0.0412408473330866,2.41377689250648
0.0413225912335711,2.41376865850964
0.0414043587389462,2.41376042529486
0.041486149837433,2.41375219288124
0.0415679645406271,2.41374396129519
0.0416498028614062,2.41373573056238
0.0417316648880115,2.41372750070834
0.0418135506052175,2.41371927175231
0.041895460043753,2.41371104372128
0.0419773932733341,2.41370281663968
0.0420593502717635,2.41369459052834
0.042141331088551,2.41368636541528
0.0422233357554209,2.41367814132375
0.0423053642802333,2.41366991827778
0.0423874166881173,2.41366169630357
0.0424694930177372,2.41365347542634
0.0425515933700549,2.41364525567004
0.0426337176539441,2.41363703705333
0.042715865945081,2.41362881961006
0.0427980382994442,2.41362060336274
0.0428802347185741,2.41361238833374
0.0429624552080634,2.41360417454999
0.043044699885108,2.41359596203891
0.0431269687086334,2.4135877508188
0.0432092617490571,2.41357954091966
0.0432915790140715,2.41357133236423
0.043373920543653,2.41356312517934
0.0434562863305526,2.41355491938988
0.0435386764475412,2.4135467150244
0.0436210909194171,2.41353851210548
0.043703529763817,2.41353031065877
0.0437859930481388,2.41352211071109
0.0438684807899501,2.41351391228539
0.0439509930302007,2.41350571540819
0.04403352971552,2.41349752010471
0.0441160910139009,2.41348932640785
0.0441986768230033,2.41348113433353
0.0442812872736549,2.41347294391727
0.0443639223493217,2.41346475517865
0.0444465820591084,2.41345656814683
0.044529266500965,2.41344838285051
0.0446119756669921,2.41344019931108
0.0446947096105335,2.41343201755748
0.0447774683586336,2.41342383761495
0.0448602519384844,2.41341565951032
0.0449430603502863,2.41340748327077
0.0450258937053979,2.4133993089258
0.0451087519632784,2.41339113649624
0.045191635235593,2.41338296601403
0.0452745435065279,2.41337479750051
0.0453574768676639,2.41336663098581
0.0454404352605249,2.41335846649276
0.0455234187120149,2.41335030405536
0.0456064273676932,2.41334214370251
0.0456894612161944,2.41333398545266
0.045772520271286,2.41332582933538
0.0458556045648325,2.41331767538015
0.0459387141688117,2.41330952361499
0.0460218490920498,2.41330137406447
0.0461050093710519,2.41329322675783
0.0461881950168973,2.41328508172287
0.0462714061109258,2.4132769389893
0.0463546427372141,2.41326879858149
0.0464379048279039,2.41326066052278
0.0465211924367288,2.41325252484874
0.0466045056458,2.41324439158717
0.0466878444492448,2.41323626076235
0.0467712089023279,2.41322813240515
0.0468545990522973,2.41322000654267
0.0469380149084075,2.41321188320209
0.0470214565579694,2.41320376241375
0.0471049240053691,2.41319564420226
0.0471884173278192,2.41318752859806
0.047271936486549,2.41317941562673
0.0473554815949752,2.41317130532248
0.0474390526229005,2.41316319770873
0.0475226497184526,2.41315509281876
0.0476062728094068,2.41314699067319
0.0476899220040023,2.41313889130832
0.0477735973127395,2.41313079474866
0.0478572988100684,2.4131227010246
0.0479410264880862,2.41311461016252
0.0480247804295296,2.41310652219473
0.0481085606569927,2.4130984371474
0.0481923672156213,2.4130903550505
0.0482762001048087,2.41308227593292
0.048360059444167,2.41307419982709
0.0484439451563278,2.41306612675648
0.0485278573845901,2.41305805675888
0.0486117961350634,2.4130499898569
0.048695761453888,2.41304192608163
0.0487797534254578,2.41303386546245
0.0488637720109312,2.41302580802547
0.0489478172860757,2.41301775380614
0.0490318893222332,2.4130097028324
0.0491159881315349,2.41300165513135
0.049200113759496,2.41299361073474
0.0492842662539846,2.41298556967249
0.0493684457256064,2.41297753197408
0.0494526521129256,2.41296949766405
0.0495368854929192,2.41296146677976
0.0496211459561117,2.41295343934984
0.0497054334944031,2.41294541540046
0.0497897481789741,2.41293739496522
0.049874090037179,2.41292937807276
0.0499584590776501,2.41292136475444
0.0500428553759516,2.41291335504358
0.0501272790551279,2.41290534896862
0.0502117300405665,2.41289734655355
0.0502962084186202,2.41288934783715
0.0503807142749868,2.41288135284815
0.0504652476358613,2.41287336161369
0.0505498085517241,2.41286537416537
0.0506343970788595,2.4128573905337
0.0507190132519654,2.41284941074863
0.0508036570503777,2.41284143484172
0.05088832860919,2.41283346284923
0.0509730279376045,2.4128254947961
0.0510577551511406,2.41281753071522
0.0511425102144708,2.41280957063263
0.0512272932268794,2.41280161458501
0.0513121041696447,2.41279366260041
0.0513969431328807,2.41278571471466
0.0514818101769689,2.41277777095652
0.0515667053830906,2.4127698313559
0.0516516287500191,2.4127618959414
0.0517365802907129,2.41275396474778
0.0518215601600812,2.41274603780983
0.0519065683010094,2.41273811515145
0.0519916048032535,2.41273019681109
0.052076669767125,2.41272228281842
0.0521617632097477,2.41271437320085
0.0522468851483285,2.41270646799189
0.0523320357081632,2.41269856722612
0.0524172148123595,2.41269067093005
0.052502422648937,2.41268277914442
0.0525876592492675,2.41267489189209
0.0526729246042881,2.41266700920499
0.0527582188335292,2.4126591311197
0.0528435419029892,2.41265125766385
0.0529288938961506,2.41264338887531
0.0530142749372816,2.41263552478476
0.0530996850433254,2.41262766541866
0.0531851242327463,2.41261981081095
0.0532705925763422,2.41261196099677
0.0533560901346904,2.41260411600757
0.0534416169522331,2.41259627587498
0.0535271730853338,2.41258844063195
0.0536127585652442,2.4125806103108
0.0536983734981071,2.41257278494571
0.0537840179096372,2.41256496456555
0.0538696918701624,2.41255714920442
0.0539553954576298,2.41254933889401
0.0540411287187233,2.41254153366508
0.0541268916378141,2.41253373355064
0.0542126843355589,2.41252593858879
0.0542985068932806,2.41251814880835
0.0543843593249919,2.41251036423956
0.054470241754365,2.41250258491796
0.0545561541045901,2.4124948108719
0.0546420965405903,2.4124870421435
0.0547280691312342,2.41247927875923
0.0548140718714177,2.41247152075013
0.0549001048850522,2.41246376815355
0.0549861681187095,2.41245602099841
0.0550722617197258,2.41244827932538
0.0551583858094011,2.41244054316229
0.0552445403621191,2.41243281253678
0.0553307254558966,2.41242508748739
0.0554169410746313,2.41241736804689
0.0555031873834791,2.41240965425406
0.055589464458298,2.4124019461354
0.0556757722980297,2.41239424372191
0.0557621109423127,2.41238654705112
0.0558484804965745,2.41237885615869
0.0559348810827878,2.4123711710752
0.056021312667182,2.41236349182918
0.0561077753766808,2.41235581846028
0.0561942691963554,2.41234815099835
0.0562807942592955,2.41234048948196
0.0563673506463878,2.41233283394041
0.0564539382871788,2.41232518440528
0.056540557394003,2.41231754091961
0.0566272080375272,2.41230990350785
0.0567138902050901,2.41230227220163
0.0568006039420214,2.41229464703993
0.0568873493873253,2.41228702805877
0.0569741265164782,2.41227941528698
0.0570609355277808,2.41227180876398
0.0571477763795429,2.41226420851499
0.0572346492102802,2.41225661458013
0.0573215540223807,2.41224902698917
0.057408490969292,2.41224144577991
0.0574954599719897,2.41223387098073
0.0575824612606425,2.41222630263513
0.0576694948204999,2.41221874076704
0.0577565607489606,2.41221118541467
0.0578436590848862,2.41220363661067
0.057930789939656,2.41219609439097
0.0580179533263393,2.41218855878691
0.0581051493506985,2.41218102983611
0.0581923781241001,2.41217350757071
0.0582796396546889,2.41216599202154
0.0583669340482828,2.41215848322659
0.0584542613351068,2.41215098121819
0.058541621621237,2.41214348603309
0.0586290149417109,2.41213599770345
0.058716441454662,2.41212851626574
0.0588039011821803,2.41212104174848
0.0588913941295257,2.41211357418851
0.0589789204640685,2.41210611362525
0.0590664802058726,2.41209866008726
0.0591540734713067,2.41209121361159
0.0592417003228815,2.41208377423004
0.0593293608368176,2.41207634197731
0.0594170550567143,2.41206891688769
0.0595047830876649,2.41206149899771
0.0595925450299415,2.41205408834002
0.0596803409278194,2.41204668494699
0.0597681708873142,2.41203928885487
0.0598560349922126,2.41203190009633
0.0599439332627896,2.412024518705
0.0600318657550113,2.41201714471909
0.0601198326950099,2.41200977817517
0.0602078340292399,2.41200241909784
0.0602958698680924,2.41199506752892
0.0603839402997781,2.41198772350196
0.0604720453839299,2.41198038705064
0.0605601852201148,2.41197305821066
0.0606483598883503,2.41196573701536
0.060736569507184,2.41195842349903
0.0608248140996361,2.41195111769355
0.0609130937796788,2.41194381963692
0.0610014086136188,2.41193652936204
0.0610897586810317,2.41192924690419
0.0611781441162504,2.41192197229819
0.0612665649451609,2.41191470557512
0.0613550212271509,2.41190744677276
0.0614435130947429,2.41190019592782
0.0615320406143108,2.41189295307191
0.0616206039032289,2.41188571824027
0.0617092030391714,2.41187849146534
0.0617978380343644,2.41187127278178
0.061886509056265,2.41186406222905
0.0619752162006266,2.41185685983708
0.062063959471752,2.41184966563897
0.0621527390835755,2.41184247967449
0.0622415550039728,2.41183530197065
0.0623304073597547,2.4118281325686
0.0624192962828513,2.41182097150145
0.0625082218658087,2.41181381880059
0.0625971840711071,2.41180667449976
0.062686183136622,2.41179953864168
0.062775219102197,2.41179241125255
0.0628642920548024,2.41178529236871
0.0629534020971608,2.41177818202522
0.0630425493029857,2.41177108025592
0.0631317337800387,2.41176398709633
0.0632209555801483,2.41175690258007
0.063310214796678,2.4117498267441
0.0633995115597769,2.41174275962328
0.0634888460343697,2.41173570124971
0.0635782182260918,2.41172865165283
0.0636676282649775,2.41172161087192
0.0637570762145205,2.41171457893997
0.0638465622117108,2.41170755589318
0.063936086259633,2.4117005417636
0.0640256485485741,2.41169353659118
0.064115249161768,2.41168654040524
0.0642048882430093,2.41167955324013
0.0642945657657825,2.41167257512725
0.064384281925903,2.41166560610835
0.0644740367345487,2.41165864621286
0.0645638304247005,2.41165169547979
0.0646536629581536,2.41164475393576
0.0647435345474072,2.41163782162246
0.0648334452065004,2.41163089856835
0.064923395125579,2.41162398481213
0.0650133843400183,2.4116170803832
0.0651034130005127,2.4116101853191
0.0651934811682676,2.41160329965158
0.0652835889577358,2.41159642341697
0.0653737364593465,2.4115895566491
0.0654639238371046,2.41158269938289
0.0655541511807102,2.41157585164885
0.0656444185657008,2.41156901348138
0.0657347261161764,2.41156218491646
0.065825073854042,2.41155536598734
0.0659154620223141,2.41154855673312
0.0660058907292218,2.41154175718027
0.0660963599565825,2.41153496736141
0.0661868699386927,2.411528187318
0.0662774207325941,2.41152141707757
0.0663680124590599,2.41151465667608
0.0664586451871139,2.41150790614709
0.0665493190842801,2.41150116552688
0.0666400342640969,2.41149443484624
0.0667307908115308,2.4114877141383
0.0668215888351485,2.41148100343831
0.0669124283978214,2.41147430278052
0.0670033097067348,2.41146761220173
0.0670942328608073,2.41146093173049
0.0671851979806597,2.41145426140047
0.0672762051198671,2.41144760124491
0.0673672544878105,2.41144095130103
0.0674583460213727,2.41143431159742
0.0675494800842931,2.41142768217743
0.0676406566770161,2.41142106306155
0.06773187592174,2.41141445428792
0.0678231379034293,2.41140785589055
0.0679144428352651,2.4114012679049
0.0680057908300331,2.41139469035916
0.0680971819369806,2.41138812328615
0.0681886163058211,2.41138156672325
0.068280094091233,2.41137502070275
0.0683716153416428,2.41136848525577
0.0684631802197482,2.4113619604194
0.0685547888425878,2.41135544622516
0.06864644137001,2.41134894270622
0.0687381378775896,2.41134244989358
0.0688298786034655,2.41133596782272
0.0689216635013357,2.41132949652057
0.0690134927994268,2.41132303602891
0.0691053666325126,2.41131658637635
0.0691972851742111,2.41131014759456
0.0692892484254026,2.41130371971353
0.0693812566277525,2.41129730277284
0.0694733099031115,2.41129089679999
0.0695654083716522,2.41128450182722
0.0696575520994147,2.41127811788767
0.0697497414054251,2.41127174501774
0.0698419762905629,2.41126538324008
0.069934256840917,2.41125903259287
0.0700265832901321,2.41125269311226
0.0701189557406231,2.41124636482571
0.0702113743643589,2.41124004776652
0.0703038391533474,2.41123374196514
0.0703963504057018,2.41122744746155
0.070488908226747,2.41122116428034
0.0705815126881915,2.41121489245415
0.0706741640587291,2.41120863201885
0.0707668623534567,2.41120238300002
0.0708596077294175,2.41119614543542
0.0709524004493446,2.41118991935711
0.0710452405781438,2.41118370479037
0.0711381282892406,2.41117750177012
0.0712310636424377,2.41117131032704
0.071324046903029,2.41116513049727
0.0714170781350171,2.4111589623067
0.0715101575271561,2.41115280579038
0.0716032851617115,2.41114666097817
0.071696461250405,2.41114052790479
0.071721443482182,2.41113440659882
0.0717214434821829,2.41113195467269
0.0718146681581918,2.41113150995559
0.0719065643636556,2.41112642482488
0.0719997693968521,2.41112058892834
0.0720932232565888,2.41111456035528
0.0721867734277277,2.41110849621288
0.0722803761892428,2.41110243293358
0.0723740221804859,2.41109637943305
0.0724677097980919,2.41109033784687
0.0725614392649992,2.41108430867853
0.0726552112086962,2.41107829204105
0.0727490263784594,2.41107228795578
0.0728428854056139,2.41106629642119
0.0729367889842401,2.41106031743779
0.0730307378284247,2.41105435100323
0.0731247324839345,2.41104839711366
0.0732187735070667,2.41104245577373
0.0733128613691159,2.41103652698908
0.073406996617431,2.41103061076993
0.0735011796717709,2.41102470712343
0.0735954110822865,2.41101881606274
0.0736896912274909,2.41101293759546
0.0737840205978999,2.41100707173699
0.0738783994858499,2.41100121849844
0.0739728283033586,2.41099537790022
0.0740673074676819,2.41098954995837
0.0741618371818071,2.4109837346879
0.0742564179522883,2.4109779321144
0.0743510500611876,2.41097214225017
0.0744457338044541,2.41096636511637
0.0745404694992987,2.41096060073508
0.074635257347051,2.41095484912747
0.0747300977345284,2.41094911032032
0.0748249909072591,2.4109433843322
0.0749199371925605,2.41093767118724
0.0750149368152101,2.41093197090653
0.0751099900237076,2.41092628351566
0.0752050971068763,2.41092060903987
0.0753002583086335,2.41091494750236
0.0753954738290944,2.41090929892817
0.0754907439847758,2.41090366334476
0.0755860690392787,2.41089804077445
0.0756814491353171,2.41089243124116
0.0757768845668847,2.41088683477493
0.0758723755711255,2.41088125139963
0.075967922294274,2.41087568114074
0.0760635250649191,2.41087012402836
0.0761591841346469,2.41086458008475
0.076254899660287,2.41085904933443
0.0763506718664491,2.41085353180682
0.0764465010079015,2.41084802752898
0.0765423873001391,2.41084253652614
0.0766383309815136,2.41083705882506
0.0767343322562247,2.4108315944517
0.0768303914655147,2.41082614343346
0.0769265086642568,2.41082070579166
0.0770226841766562,2.41081528155978
0.0771189181386953,2.41080987076102
0.0772152108735146,2.41080447342541
0.0773115625453261,2.41079908957563
0.0774079733375414,2.41079371924029
0.0775044435554192,2.41078836244818
0.077600973356645,2.4107830192226
0.0776975630097397,2.41077768959254
0.0777942128091327,2.41077237358301
0.0778909229270556,2.41076707121716
0.0779876936135273,2.41076178252328
0.0780845250088052,2.41075650752713
0.0781814174116029,2.41075124625884
0.0782783709955174,2.41074599874233
0.0783753860645419,2.41074076500592
0.0784724628296199,2.41073554507298
0.0785696015265724,2.41073033897008
0.0786668023607485,2.4107251467233
0.078764065666744,2.41071996835992
0.0788613915241465,2.41071480390186
0.078958780268845,2.41070965338109
0.0790562321415654,2.41070451682035
0.0791537473756842,2.41069939424478
0.0792513262384613,2.41069428568031
0.0793489689524391,2.41068919115156
0.0794466757922368,2.41068411068482
0.0795444469230534,2.41067904430446
0.0796422826501181,2.41067399203916
0.0797401832241819,2.41066895391244
0.0798381489226714,2.41066392994921
0.0799361799359734,2.41065892017352
0.0800342766007239,2.41065392461288
0.0801324391161553,2.41064894328938
0.0802306676776136,2.41064397622982
0.0803289626775533,2.41063902346198
0.0804273243790789,2.41063408500576
0.0805257529857801,2.41062916088494
0.0806242487211349,2.41062425112646
0.080722811939982,2.41061935575699
0.0808214428546787,2.41061447479784
0.0809201416660602,2.41060960827514
0.0810189087386477,2.4106047562163
0.0811177443869007,2.41059991864245
0.0812166488839388,2.41059509557562
0.0813156223950882,2.41059028703964
0.0814146653343979,2.41058549306295
0.0815137778907546,2.41058071366503
0.0816129603930638,2.41057594887258
0.0817122131110787,2.41057119870816
0.0818115363054535,2.41056646319589
0.0819109303718786,2.41056174236052
0.0820103955187,2.41055703622176
0.0821099319596545,2.4105523448056
0.0822095402074386,2.41054766813899
0.0823092203227953,2.41054300623763
0.0824089727670513,2.41053835913243
0.0825087977694924,2.41053372684184
0.0826086957219881,2.41052910939088
0.082708666802705,2.41052450679966
0.0828087114899718,2.41051991909542
0.0829088299755432,2.41051534629552
0.0830090225736853,2.41051078842621
0.0831092895795456,2.41050624551081
0.0832096313967857,2.41050171757286
0.0833100482699827,2.41049720463196
0.0834105405652873,2.41049270671284
0.0835111085762698,2.41048822383679
0.0836117526440218,2.41048375602708
0.0837124731230184,2.41047930330571
0.0838132703521804,2.41047486569394
0.0839141446679496,2.41047044321355
0.0840150963473139,2.4104660358865
0.0841161257793432,2.41046164373693
0.084217233356088,2.41045726678542
0.0843184193749752,2.41045290505187
0.0844196841014664,2.41044855855941
0.0845210280064236,2.41044422733288
0.0846224514129736,2.41043991139033
0.0847239547179521,2.41043561075373
0.0848255381367441,2.41043132544329
0.0849272022106465,2.41042705548513
0.0850289471759306,2.41042280089537
0.0851307734677904,2.41041856169872
0.0852326814324712,2.41041433791476
0.0853346714776636,2.41041012956518
0.0854367439291713,2.41040593667005
0.0855388992333239,2.41040175925191
0.0856411377708754,2.41039759732981
0.0857434597987299,2.41039345092438
0.0858458658491066,2.41038932006066
0.0859483562260798,2.41038520475549
0.0860509313502157,2.41038110503176
0.0861535916355681,2.41037702090968
0.0862563375992935,2.41037295240928
0.0863591694347973,2.4103688995473
0.0864620876843626,2.41036486235031
0.0865650927706849,2.41036084083558
0.0866681850905016,2.41035683502257
0.0867713649637529,2.41035284493202
0.0868746329601702,2.41034887058737
0.08697798945379,2.41034491200478
0.0870814349475183,2.41034096920529
0.0871849697264747,2.41033704220691
0.0872885942184883,2.41033313103385
0.0873923090430156,2.41032923570714
0.0874961145030551,2.41032535624143
0.0876000111536711,2.41032149265995
0.0877039994018285,2.41031764497994
0.0878080795869118,2.41031381322207
0.0879122523055129,2.41030999740974
0.0880165180893266,2.41030619755922
0.0881208772707804,2.41030241368758
0.0882253303758172,2.41029864581795
0.0883298779672,2.41029489396897
0.0884345204649223,2.41029115815751
0.0885392582822873,2.41028743840434
0.0886440920539777,2.41028373473123
0.0887490221330842,2.41028004715385
0.0888540490538322,2.41027637569492
0.088959173322837,2.41027272037336
0.0890643956031166,2.41026908120827
0.0891697162327271,2.41026545821455
0.0892751358346888,2.41026185141552
0.0893806548775647,2.41025826082819
0.0894862738336208,2.41025468647282
0.0895919933606077,2.41025112837024
0.0896978139346699,2.41024758653642
0.0898037360982524,2.41024406099155
0.0899097604373561,2.41024055175488
0.0900158875535349,2.41023705884443
0.0901221179482715,2.41023358227776
0.0902284521723498,2.41023012207509
0.0903348909088482,2.41022667825596
0.0904414345377693,2.41022325083646
0.0905480838458409,2.41021983984007
0.0906548392681442,2.4102164452812
0.0907617015270029,2.41021306718181
0.0908686711747148,2.41020970555803
0.0909757488150305,2.41020636042942
0.0910829351650201,2.41020303181498
0.091190230748901,2.41019971973093
0.0912976360574813,2.41019642419799
0.0914051519301241,2.41019314523862
0.0915127789557331,2.41018988286713
0.0916205177857276,2.4101866371027
0.0917283690551167,2.41018340796404
0.0918363333880545,2.41018019547034
0.0919444114912749,2.41017699964129
0.0920526041170305,2.41017382049486
0.0921609119399077,2.41017065804782
0.0922693356347743,2.41016751231877
0.0923778758009196,2.41016438332683
0.09248653326448,2.41016127109312
0.0925953086660323,2.41015817563406
0.0927042027621727,2.4101550969697
0.0928132163018409,2.41015203511828
0.0929223499289757,2.41014899009811
0.0930316044918868,2.41014596193007
0.0931409807199571,2.4101429506311
0.0932504794050887,2.41013995622036
0.0933601013441894,2.41013697871621
0.0934698472294498,2.41013401813699
0.0935797178857574,2.41013107450358
0.0936897142043553,2.41012814783461
0.0937998368458979,2.41012523814714
0.0939100867211711,2.41012234546315
0.0940204646632355,2.41011946980038
0.0941309715024253,2.41011661117772
0.0942416080988356,2.4101137696146
0.0943523753340454,2.41011094513017
0.0944632740354549,2.41010813774336
0.0945743050900515,2.41010534747444
0.0946854694617578,2.41010257434297
0.0947967679033954,2.41009981836713
0.0949082014419115,2.41009707956933
0.0950197709945497,2.4100943579676
0.0951314775077589,2.41009165358162
0.0952433219640911,2.41008896643114
0.0953553052934554,2.4100862965355
0.0954674284275509,2.41008364391532
0.0955796924772769,2.41008100859171
0.0956920983608912,2.41007839058281
0.0958046470795046,2.41007578991017
0.0959173396619613,2.41007320659476
0.0960301772268093,2.41007064065725
0.0961431607506141,2.41006809211696
0.0962562912922718,2.41006556099592
0.096369570073312,2.41006304731552
0.0964829980231298,2.41006055109448
0.0965965763946586,2.41005807235664
0.0967103063347167,2.4100556111214
0.0968241888720229,2.41005316740967
0.0969382252645168,2.41005074124504
0.0970524166552636,2.41004833264807
0.0971667643324683,2.41004594164111
0.0972812693201236,2.41004356824486
0.0973959330392014,2.41004121248455
0.0975107566180602,2.41003887438006
0.0976257413930314,2.41003655395558
0.0977408887281422,2.41003425123316
0.0978561998893329,2.41003196623447
0.0979716761191986,2.41002969898321
0.0980873187646675,2.41002744950427
0.0982031293144709,2.41002521782157
0.098319109109279,2.41002300395719
0.0984352594410479,2.41002080793567
0.0985515819860633,2.41001862978328
0.0986680780979548,2.41001646952128
0.0987847492267182,2.4100143271755
0.0989015968507128,2.41001220277166
0.0990186225830674,2.41001009633563
0.0991358279196529,2.41000800789192
0.0992532144869335,2.41000593746709
0.0993707839330746,2.41000388508681
0.0994885378259234,2.41000185077692
0.0996064779465348,2.40999983456505
0.0997246058826853,2.40999783647687
0.0998429233544309,2.40999585654099
0.0999614322188865,2.40999389478545
0.10008013401713,2.40999195123702
0.100199030872778,2.40999002592713
0.100318124485397,2.40998811888114
0.100437416818604,2.40998623012959
0.100556909618041,2.40998435970131
0.100676605045653,2.40998250762835
0.100796504912527,2.40998067393891
0.100916611328558,2.40997885866566
0.101036926410183,2.40997706183921
0.101157452136753,2.40997528349062
0.101278190727154,2.40997352365348
0.101399144338027,2.40997178235993
0.101520315184855,2.40997005964345
0.101641705631136,2.409968355538
0.101763317980732,2.40996667007694
0.101885154488414,2.40996500329514
0.102007217638453,2.40996335522929
0.102129509885236,2.40996172591488
0.10225203396452,2.40996011538856
0.102374792152917,2.40995852368533
0.102497787260488,2.40995695084577
0.102621021862206,2.40995539690707
0.102744498631892,2.40995386190935
0.102868220539864,2.40995234589343
0.102992190423821,2.40995084889849
0.103116411197259,2.40994937096604
0.103240885849546,2.40994791213853
0.103365617474549,2.40994647245915
0.103490609047494,2.40994505197162
0.103615863888154,2.40994365072216
0.103741385315693,2.40994226875575
0.103867176560418,2.40994090611861
0.103993241244022,2.40993956285945
0.104119582914179,2.40993823902558
0.1042462051743,2.40993693466631
0.104373111618461,2.40993564983249
0.104500306070326,2.40993438457696
0.104627792443124,2.40993313895273
0.104755574861237,2.40993191301392
0.104883657348353,2.40993070681506
0.105012044192521,2.40992952041338
0.105140739666442,2.40992835386659
0.105269748238889,2.40992720723452
0.105399074593335,2.40992608057807
0.105528723319563,2.4099249739589
0.105658699447218,2.40992388744168
0.105789007771204,2.40992282109086
0.105919653625687,2.40992177497477
0.106050642244444,2.40992074916129
0.106181978954263,2.40991974372143
0.106313669638238,2.40991875872864
0.106445719778121,2.40991779425616
0.106578135573248,2.4099168503823
0.106710923290257,2.40991592718491
0.106844089149073,2.40991502474443
0.106977639924623,2.40991414314502
0.107111582467781,2.40991328247174
0.107245923605717,2.40991244281271
0.107380670684721,2.40991162426011
0.107515831484577,2.40991082690776
0.107651413737366,2.40991005085141
0.107787425575117,2.40990929619124
0.107923875552583,2.40990856303039
0.10806077233851,2.40990785147483
0.108198125054053,2.40990716163487
0.108335943242835,2.40990649362425
0.108474236709644,2.40990584756034
0.108613015805294,2.4099052235651
0.108752291083788,2.40990462176443
0.108892073789452,2.40990404228956
0.109032375650768,2.40990348527593
0.10917320872333,2.4099029508641
0.109314585684433,2.40990243920066
0.109456519969557,2.40990195043788
0.109599025554661,2.40990148473371
0.109742117000623,2.40990104225285
0.109885809808553,2.40990062316724
0.110030120127365,2.40990022765578
0.110175065007726,2.40989985590558
0.110320662173782,2.40989950811215
0.110466930913158,2.40989918448052
0.11061389097106,2.40989888522447
0.110761563465973,2.40989861056916
0.110909970865214,2.40989836075076
0.111059137196075,2.40989813601741
0.111209087608166,2.4098979366302
0.111359849077398,2.40989776286482
0.111511450227608,2.40989761501229
0.111663922074116,2.40989749338046
0.111817297700051,2.40989739829531
0.111971612619462,2.40989733010299
0.112126904747476,2.40989728917177
0.112283215673683,2.40989727589422
0.112440589893171,2.4098972906897
0.112599075975575,2.40989733400736
0.112758726566947,2.40989740632949
0.112919599983552,2.40989750817535
0.113081759279457,2.40989764010625
0.113245274658462,2.4098978027301
0.113410223334639,2.4098979967086
0.113576691619614,2.4098982227641
0.113744776117494,2.40989848168937
0.113914585353078,2.40989877435862
0.114086242877108,2.40989910174067
0.114259888699691,2.40989946491693
0.114435685256052,2.4098998651001
0.114613820934409,2.40990030366435
0.114794517255829,2.40990078217803
0.114978038376107,2.40990130244991
0.11516470301452,2.40990186659161
0.115354904448794,2.40990247710019
0.115549136084034,2.4099031369818
0.115748035590069,2.40990384992275
0.115952452377273,2.4099046205604
0.116163569599191,2.40990545490572
0.116383129978541,2.40990636107524
0.116613923362785,2.40990735063206
0.116861022502544,2.40990844139054
0.117136084071986,2.40990966433443
0.117490192941581,2.40991108680892
0.117820686442652,2.40991298114304
0.118045388950521,2.40991494813693
0.11827009145839,2.40991646336407
0.118467080266724,2.40991793343936
0.118658416080491,2.40991928180989
0.118844355848466,2.40992060576543
0.119027568481219,2.40992192249287
0.119208575579861,2.4099232486364
0.119387735829025,2.4099245892139
0.119565173571492,2.40992594634491
0.119740965241012,2.4099273203237
0.119915168085443,2.40992871087081
0.120087838590529,2.40993011752615
0.120259035929622,2.40993153983393
0.120428821225472,2.40993297739962
0.120597256313779,2.40993442989601
0.120764402037237,2.40993589705551
0.120930317615882,2.40993737865553
0.121095059244906,2.40993887450926
0.121258680641448,2.40994038445135
0.121421231909009,2.40994190833656
0.121582760872216,2.40994344602833
0.121743311700015,2.40994499740412
0.121902925992239,2.40994656234344
0.12206164288488,2.40994814073153
0.122219498529294,2.40994973245889
0.122376527117342,2.4099513374149
0.12253276088165,2.40995295549309
0.122688229615337,2.40995458659061
0.122842961410384,2.40995623060248
0.122996983081902,2.40995788742528
0.123150319263166,2.40995955696032
0.123302993824994,2.40996123910519
0.123455028565632,2.40996293376353
0.123606444529938,2.40996464083425
0.123757261445162,2.40996636022035
0.123907498087485,2.40996809182475
0.124057172370749,2.40996983555207
0.124206301042271,2.40997159130914
0.124354900270924,2.40997335900152
0.124502984982026,2.4099751385379
0.124650570052513,2.40997692982386
0.124797669103802,2.40997873277192
0.124944295364472,2.40998054729108
0.12509046123594,2.4099823732929
0.125236178964277,2.40998421068788
0.125381459724772,2.40998605939125
0.125526314753691,2.40998791931428
0.125670754427423,2.40998979037401
0.125814789038653,2.40999167248524
0.12595842786529,2.4099935655668
0.126101680695386,2.40999546953261
0.12624455602702,2.40999738430605
0.126387062631683,2.40999930980302
0.126529208733657,2.41000124594549
0.126671002320487,2.41000319265487
0.126812451024768,2.410005149854
0.126953562425574,2.41000711746598
0.127094343213298,2.41000909541725
0.127234800537968,2.4100110836284
0.127374940957578,2.41001308202768
0.127514770828097,2.41001509054143
0.127654296556112,2.41001710909654
0.127793523823077,2.41001913762378
0.127932458798658,2.41002117604913
0.128071106725718,2.41002322430646
0.128209473054194,2.41002528232285
0.128347563229163,2.41002735002931
0.128485382131983,2.41002942736022
0.128622934774182,2.41003151424629
0.1287602260115,2.41003361062156
0.128897260478211,2.41003571642124
0.129034042782541,2.41003783158033
0.129170577019395,2.41003995603571
0.129306867706249,2.41004208972033
0.129442918973568,2.41004423257385
0.129578734813933,2.41004638453435
0.129714319002863,2.41004854553987
0.129849675660418,2.41005071552748
0.129984808158558,2.41005289444052
0.130119720333623,2.41005508221551
0.130254415687995,2.41005727879557
0.130357508962902,2.4100594841224
0.130357508962904,2.41006127673303
0.130491990845141,2.41006161268038
0.130622057984723,2.41006348140003
0.13075579352178,2.41006558966962
0.130889876660329,2.41006780230766
0.13102393360709,2.41007004898767
0.131157777249706,2.41007231130227
0.131291370518123,2.41007458313609
0.13142471047434,2.41007686273355
0.131557805380485,2.4100791496304
0.131690665080823,2.41008144376329
0.131823299566138,2.41008374516946
0.131955717811997,2.4100860539102
0.132087927751991,2.4100883700398
0.132219936723368,2.41009069359904
0.132351751005642,2.41009302461998
0.132483376369097,2.41009536312002
0.132614818038654,2.4100977091084
0.132746080846687,2.41010006258671
0.132877168810524,2.41010242355109
0.13300808624378,2.41010479198626
0.133138836529365,2.41010716788057
0.133269423034207,2.41010955121073
0.133399848919649,2.41011194195224
0.133530117298706,2.41011434007854
0.133660230730072,2.41011674556313
0.133790191988592,2.4101191583723
0.133920003378758,2.41012157847529
0.134049667394813,2.41012400583579
0.134179186175551,2.41012644042028
0.134308561925789,2.41012888219133
0.134437796554767,2.41013133111263
0.134566892167687,2.41013378714445
0.134695850591386,2.41013625025028
0.134824673743735,2.41013872039072
0.134953363496136,2.41014119752807
0.135081921388114,2.41014368162501
0.135210349143735,2.41014617263986
0.135338648407677,2.41014867053374
0.135466820711632,2.41015117526778
0.135594867767658,2.41015368680204
0.135722790971598,2.41015620509995
0.135850591826867,2.41015873012122
0.135978271839102,2.41016126182722
0.136105832383539,2.41016380018037
0.136233274780788,2.41016634514178
0.136360600425579,2.4101688966721
0.136487810670087,2.41017145473367
0.136614906807235,2.41017401928909
0.136741890069124,2.41017659030063
0.13686876183787,2.41017916773006
0.136995523403795,2.41018175154215
0.137122175768842,2.41018434170127
0.137248720254267,2.41018693816747
0.13737515805116,2.41018954090584
0.137501490335482,2.4101921498808
0.137627718078396,2.41019476505693
0.137753842515377,2.41019738639587
0.137879864809034,2.4102000138637
0.138005785777437,2.41020264742662
0.138131606706263,2.41020528704545
0.138257328597332,2.41020793268847
0.138382952511225,2.410210584321
0.138508479568881,2.41021324190928
0.138633910376993,2.41021590542123
0.13875924632948,2.41021857481666
0.138884488320289,2.41022125006789
0.139009637215629,2.41022393114144
0.139134694042733,2.41022661800263
0.139259659651987,2.41022931061983
0.139384534952011,2.41023200895928
0.139509320980161,2.41023471298825
0.139634018465385,2.41023742267693
0.139758628424011,2.41024013799097
0.139883151561755,2.41024285890068
0.140007588947678,2.4102455853721
0.140131941170918,2.41024831737734
0.140256209336587,2.41025105488146
0.14038039391471,2.41025379785781
0.140504496059253,2.41025654627025
0.140628516490772,2.41025930009355
0.140752455833383,2.41026205929709
0.140876315003263,2.41026482384779
0.141000094588637,2.41026759371782
0.141123795525236,2.41027036887465
0.141247418664877,2.41027314929157
0.141370964648437,2.41027593494182
0.141494434141942,2.41027872579504
0.141617827810912,2.41028152182102
0.141741146340408,2.41028432298985
0.141864390661624,2.41028712927235
0.14198756137727,2.41028994064438
0.14211065908347,2.41029275707698
0.14223368446967,2.41029557854044
0.142356638281631,2.41029840500693
0.142479521072592,2.41030123645037
0.142602333682813,2.41030407284167
0.142725076484667,2.41030691415686
0.142847750301057,2.41030976036442
0.142970355819603,2.41031261144018
0.143092893547439,2.4103154673591
0.143215364060114,2.41031832809282
0.143337768035058,2.41032119361392
0.143460106090022,2.41032406389736
0.143582378704567,2.41032693891772
0.143704586551082,2.41032981864707
0.143826730287076,2.410332703061
0.143948810319573,2.41033559213573
0.144070827290643,2.41033848584303
0.144192781661739,2.41034138415862
0.144314674176293,2.41034428705569
0.144436505264979,2.4103471945127
0.144558275298911,2.41035010650327
0.144679985195359,2.41035302299916
0.144801635169268,2.41035594398268
0.144923225939789,2.41035886942467
0.145044757979391,2.41036179930387
0.145166231504569,2.41036473359593
0.145287647507048,2.41036767227107
0.145409006190888,2.41037061531403
0.145530308135545,2.41037356269693
0.145651553847741,2.41037651439717
0.1457727437427,2.41037947039193
0.145893878386364,2.41038243065671
0.146014958217938,2.41038539516995
0.146135983638161,2.41038836390829
0.146256955189213,2.41039133684748
0.146377873321097,2.41039431396614
0.146498738430791,2.4103972952418
0.146619551119718,2.41040028065089
0.146740311754704,2.41040327017398
0.146861020679273,2.41040626378787
0.14698167842355,2.41040926146836
0.147102285390557,2.41041226319505
0.14722284187274,2.41041526894586
0.147343348592431,2.41041827869633
0.147463805822009,2.41042129243049
0.147584213919587,2.410424310125
0.147704573216726,2.41042733175704
0.147824884444263,2.41043035730352
0.147945147792017,2.4104333867497
0.148065363668141,2.41043642007146
0.148185532507589,2.41043945724757
0.148305654553452,2.41044249825808
0.148425730340262,2.41044554307949
0.148545760189932,2.41044859169383
0.148665744687287,2.41045164407992
0.148785683896417,2.41045470022162
0.148905578347213,2.41045776009309
0.149025428432096,2.41046082367648
0.149145234542526,2.41046389095279
0.149264996939288,2.41046696190291
0.149384716080552,2.41047003650516
0.149504392168075,2.41047311474164
0.149624025627477,2.41047619658997
0.149743616967691,2.41047928203175
0.14986316644255,2.41048237105126
0.149982674151117,2.41048546362805
0.150102140740856,2.41048855973768
0.150221566368467,2.41049165936666
0.150340951549336,2.41049476249335
0.150460296491065,2.41049786910233
0.150579601562844,2.41050097917295
0.150698867159128,2.41050409268714
0.150818093356867,2.41050720962805
0.15093728064606,2.41051032997235
0.151056429421079,2.4105134537045
0.151175539855828,2.41051658080853
0.151294612386968,2.41051971126376
0.151413647105313,2.41052284505443
0.151532644633449,2.41052598215839
0.151651605063422,2.41052912256389
0.151770528740924,2.41053226624981
0.151889415916459,2.41053541319888
0.152008266922498,2.41053856339263
0.152127082032325,2.41054171681426
0.152245861650087,2.41054487344612
0.152364605839755,2.41054803327339
0.152483315152766,2.4105511962745
0.152601989688232,2.41055436243734
0.152720629807299,2.41055753174186
0.152839235882457,2.41056070417235
0.152957807956383,2.41056387971427
0.153076346500073,2.41056705834623
0.1531948516848,2.41057024005504
0.153313323791664,2.4105734248226
0.153431763170435,2.41057661263239
0.15355016997124,2.41057980346987
0.153668544599464,2.41058299731652
0.15378688713203,2.41058619415888
0.153905197873262,2.41058939397726
0.154023477169104,2.41059259675594
0.154141725134778,2.410595802481
0.154259942185312,2.41059901113383
0.15437812859148,2.41060222270172
0.154496284449171,2.41060543716997
0.154614410130763,2.41060865451971
0.154732505805679,2.41061187473757
0.154850571705467,2.41061509780679
0.154968608093534,2.41061832371144
0.155086615336954,2.4106215524366
0.155204593449285,2.41062478396993
0.155322542750328,2.41062801829178
0.155440463573889,2.41063125538809
0.155558356071475,2.41063449524624
0.155676220524946,2.41063773784993
0.155794056925006,2.41064098318518
0.155911865840866,2.41064423123196
0.156029647393179,2.41064748198228
0.156147401778161,2.41065073542038
0.15626512917548,2.41065399153082
0.156382829862099,2.41065725029798
0.156500504047445,2.41066051170846
0.156618151856915,2.41066377574788
0.156735773642386,2.41066704239984
0.156853369342349,2.41067031165279
0.15697093957232,2.41067358348679
0.157088484240848,2.41067685789584
0.157206003788293,2.41068013486053
0.157323498223381,2.41068341437113
0.157440967967272,2.41068669641
0.157558413031573,2.4106899809675
0.15767583371194,2.41069326802624
0.157793230199269,2.41069655757394
0.157910602514836,2.41069984959697
0.158027951197868,2.41070314407764
0.158145276249277,2.41070644100949
0.158262577660747,2.41070974037585
0.158379855922825,2.41071304215804
0.158497111155808,2.41071634634856
0.158614343710874,2.41071965293352
0.158731553491386,2.41072296190331
0.158848740830219,2.41072627323881
0.158965905951334,2.41072958692915
0.159083048948801,2.41073290296255
0.159200170059228,2.41073622132415
0.15931726944748,2.41073954200187
0.159434347410606,2.4107428649826
0.15955140395432,2.41074619025615
0.159668439475279,2.4107495178062
0.159785453780644,2.41075284762447
0.159902447460573,2.41075617969049
0.16001942033061,2.41075951399988
0.160136372891637,2.41076285053324
0.16025330516746,2.41076618928445
0.160370217345597,2.41076953023881
0.160487109623237,2.41077287338391
0.160603982022525,2.41077621870806
0.160720834866919,2.41077956619569
0.160837668266515,2.41078291583762
0.160954482525274,2.41078626762096
0.161071277612623,2.41078962153672
0.161188053872615,2.41079297756886
0.161304811375513,2.41079633570891
0.161421550179223,2.41079969594345
0.161538270622088,2.41080305825787
0.161654972667512,2.41080642264406
0.16177165673561,2.41080978908633
0.161888322863535,2.41081315757842
0.162004971232613,2.41081652810685
0.162121601947791,2.4108199006603
0.162238215267652,2.41082327522606
0.162354811302945,2.4108266517949
0.162471390159028,2.4108300303548
0.162587952033518,2.41083341089315
0.16270449693234,2.41083679339947
0.162821025153502,2.41084017785921
0.162937536764187,2.41084356426406
0.163054032053853,2.41084695260143
0.163170510985687,2.41085034286331
0.163286973997716,2.41085373503482
0.16340342083423,2.4108571291112
0.163519852001017,2.41086052507304
0.163636267526643,2.41086392291651
0.163752667546897,2.41086732262929
0.163869052100283,2.41087072420012
0.163985421470407,2.41087412761567
0.164101775730466,2.41087753286816
0.164218115064768,2.41088093994583
0.164334439531626,2.41088434883895
0.164450749362612,2.41088775953516
0.16456704468099,2.41089117202586
0.164683325528868,2.41089458630058
0.164799592051777,2.41089800234662
0.164915844623489,2.41090142015341
0.16503208312897,2.41090483971634
0.165148307799514,2.41090826102016
0.165264518824967,2.41091168405608
0.165380716101685,2.41091510881553
0.165496899926051,2.410918535283
0.165613070471756,2.41092196345134
0.165729227820262,2.41092539331212
0.165845372176797,2.41092882485442
0.165961503431559,2.41093225806998
0.166077621999884,2.41093569294339
0.166193727789621,2.41093912947075
0.166309821130212,2.41094256763799
0.166425901985755,2.41094600743949
0.166541970519211,2.41094944886233
0.166658026924678,2.41095289189714
0.166774071293666,2.41095633653604
0.166890103853074,2.41095978276893
0.16700612436847,2.4109632305887
0.167122133297488,2.41096667997756
0.167238130746391,2.4109701309327
0.167354116689376,2.41097358344554
0.167470091174421,2.41097703750327
0.167586054576621,2.41098049309413
0.167702006888697,2.41098395021461
0.167817948122362,2.41098740885344
0.167933878583613,2.4109908689984
0.168049798268093,2.41099433064436
0.168165707438824,2.41099779377995
0.1682816060925,2.41100125839925
0.168397494324685,2.41100472449085
0.168513372157409,2.41100819204481
0.168629239935499,2.4110116610497
0.16874509761372,2.41101513150179
0.168860945467334,2.41101860338922
0.168976783390296,2.41102207670658
0.16909261158329,2.4110255514403
0.169208430224704,2.41102902758289
0.169324239324759,2.41103250512751
0.169440039077894,2.41103598406331
0.169555829522945,2.41103946438329
0.169671610795804,2.41104294607739
0.169787383048577,2.4110464291374
0.169903146278111,2.4110499135559
0.170018900590495,2.41105339932184
0.170134646126599,2.41105688642623
0.170250383044077,2.41106037486135
0.170366111418172,2.41106386462019
0.170481831524179,2.41106735569388
0.170597543207941,2.41107084807819
0.170713246738529,2.41107434175916
0.170828942089023,2.41107783673155
0.170944629363096,2.41108133298445
0.171060308776937,2.41108483050917
0.17117598039294,2.41108832930027
0.171291644279745,2.41109182934913
0.171407300464231,2.41109533064674
0.171522949117217,2.41109883318302
0.17163859035031,2.41110233695132
0.171754224357472,2.41110584194416
0.171869851012315,2.41110934815604
0.171985470571103,2.41111285557385
0.172101083070881,2.41111636419268
0.17221668857366,2.41111987400368
0.172332287350986,2.41112338499795
0.172447879298297,2.41112689717184
0.172563464537821,2.41113041051333
0.172679043357024,2.41113392501455
0.172794615650606,2.41113744067256
0.172910181619759,2.41114095747554
0.173025741347945,2.41114447541777
0.173141294679546,2.4111479944917
0.173256841939079,2.41115151468354
0.173372383239649,2.41115503599038
0.173487918790509,2.41115855840606
0.173603448341088,2.41116208192626
0.173718972101259,2.41116560653555
0.173834490442001,2.41116913222799
0.173950003131705,2.41117265900347
0.174065510363092,2.41117618684789
0.17418101212378,2.41117971575525
0.174296508724823,2.41118324571594
0.174412000077695,2.41118677672781
0.174527486363923,2.4111903087801
0.174642967580466,2.41119384186731
0.174758443764865,2.41119737598027
0.174873915178756,2.41120091111019
0.174989381808233,2.41120444725404
0.175104843656956,2.41120798440293
0.175220300877286,2.4112115225474
0.175335753660363,2.41121506168163
0.17545120199626,2.41121860180148
0.175566645890416,2.41122214289812
0.175682085638105,2.41122568496224
0.175797521156007,2.41122922799181
0.175912952535661,2.4112327719766
0.176028380015956,2.41123631690934
0.176143803473607,2.41123986278703
0.176259223124745,2.41124340959837
0.176374638900518,2.41124695733911
0.17649005095445,2.41125050599916
0.176605459559241,2.41125405557299
0.176720864513678,2.41125760605894
0.176836266056005,2.41126115744413
0.176951664212045,2.41126470972477
0.177067059020805,2.41126826289336
0.177182450511196,2.41127181694213
0.17729783901378,2.41127537186301
0.177413224359447,2.41127892765554
0.177528606738843,2.41128248430804
0.177643986177184,2.41128604181592
0.177759362745099,2.41128960017172
0.177874736530917,2.41129315936864
0.177990107650751,2.41129671940047
0.178105476254833,2.41130028026185
0.178220842292607,2.41130384194849
0.178336205774512,2.41130740445119
0.178451566930233,2.41131096776145
0.178566925736069,2.41131453187651
0.178682282311076,2.41131809678823
0.178797636649952,2.41132166249114
0.178912988922264,2.41132522897714
0.17902833909545,2.41132879624213
0.179143687363074,2.4113323642776
0.17925903385173,2.41133593308003
0.179374378466943,2.41133950264516
0.179489721471487,2.41134307296296
0.179605062715109,2.41134664403149
0.179720402343449,2.41135021583978
0.179835740441902,2.4113537883828
0.179951077130752,2.41135736165506
0.180066412404143,2.41136093565195
0.18018174633922,2.4113645103658
0.180297079036467,2.41136808579052
0.180412410570553,2.41137166192096
0.180527740821398,2.41137523875149
0.180643070158053,2.41137881627144
0.180758398546929,2.41138239448174
0.180873726088092,2.41138597337521
0.180989052692387,2.41138955294658
0.181104378542246,2.41139313318617
0.181219703658906,2.41139671409043
0.181335028119574,2.41140029565283
0.181450352001942,2.41140387786777
0.181565675377645,2.41140746072987
0.181680998394192,2.41141104423362
0.18179632102625,2.41141462837548
0.181911643355302,2.41141821314788
0.182026965358353,2.41142179854526
0.182142287193732,2.41142538455976
0.182257608852864,2.4114289711878
0.182372930480457,2.41143255842232
0.182488252164162,2.41143614625956
0.182603573929776,2.41143973469495
0.182718895794958,2.4114433237222
0.182834217823489,2.41144691333451
0.182949540263755,2.41145050352621
0.183064862887686,2.41145409429659
0.183180185993127,2.41145768563364
0.183295509592467,2.41146127753682
0.183410833694686,2.41146487000037
0.18352615830853,2.41146846301751
0.183641483516537,2.41147205658131
0.183756809332872,2.4114756506867
0.183872136010618,2.41147924532726
0.183987463438216,2.41148284050243
0.184102791815738,2.41148643620341
0.184218121121024,2.41149003242793
0.18433345135125,2.4114936291692
0.184448782708282,2.41149722642014
0.184564115073124,2.4115008241789
0.184679448662162,2.41150442243635
0.18479478344861,2.4115080211907
0.184910119491559,2.41151162043523
0.185025456968676,2.41151522016458
0.185140795766391,2.4115188203767
0.185256135956896,2.41152242106268
0.18537147771753,2.41152602221716
0.185486821053153,2.41152962383815
0.185602165917156,2.41153322591984
0.185717512581069,2.41153682845446
0.185832860943237,2.41154043144206
0.185948211223324,2.41154403487454
0.186063563288948,2.4115476387506
0.186178917273407,2.41155124306117
0.186294273203371,2.41155484780258
0.186409631166482,2.41155845296945
0.186524991198686,2.41156205855766
0.186640353379418,2.41156566456203
0.186755717811111,2.41156927097831
0.186871084445837,2.41157287780304
0.186986453361776,2.41157648502904
0.187101824625868,2.41158009265174
0.187217198172079,2.41158370066677
0.187332574262164,2.41158730906637
0.187447952928984,2.41159091785067
0.187563334141737,2.41159452701532
0.187678717906274,2.41159813655354
0.187794104391827,2.4116017464591
0.187909493706876,2.41160535673006
0.188024885684602,2.41160896736374
0.188140280442481,2.41161257835024
0.188255678122084,2.41161618968571
0.188371078762484,2.41161980136802
0.188486482454828,2.41162341339273
0.188601889172555,2.41162702575637
0.188717298930525,2.41163063845258
0.188832711774111,2.41163425147562
0.188948127792752,2.41163786482062
0.189063547177534,2.41164147848405
0.189178969766919,2.41164509246526
0.189294395686783,2.41164870675504
0.189409824980651,2.41165232135006
0.189525257658949,2.41165593624595
0.189640693844589,2.41165955143732
0.189756133583901,2.41166316692152
0.18987157683839,2.41166678269443
0.189987023841136,2.41167039874949
0.190102474493176,2.41167401508673
0.190217928910306,2.41167763169882
0.190333387110616,2.41168124858267
0.190448849010557,2.41168486573344
0.190564314816575,2.41168848314335
0.190679784590122,2.41169210081164
0.190795258414515,2.41169571873505
0.190910736209147,2.41169933691047
0.191026218033327,2.4117029553306
0.191141704075098,2.41170657399101
0.191257194287274,2.41171019289112
0.191372688721235,2.41171381202502
0.191488187414897,2.41171743138836
0.191603690403812,2.41172105097677
0.191719197784556,2.41172467078582
0.191834709433302,2.41172829081266
0.191950225566077,2.41173191104905
0.192065746216471,2.41173553149458
0.192181271362398,2.41173915214556
0.192296801093149,2.41174277299627
0.192412335591097,2.41174639404354
0.192527874637853,2.41175001528705
0.192643418386752,2.41175363671669
0.192758966896649,2.41175725833017
0.192874520172269,2.41176088012422
0.1929900783191,2.41176450209399
0.193105641429271,2.41176812423697
0.193221209396761,2.41177174655074
0.193336782433049,2.4117753690278
0.193452360495372,2.41177899166794
0.193567943693077,2.41178261446573
0.193683531921922,2.41178623741873
0.193799125336356,2.41178986051953
0.193914723860964,2.41179348376654
0.19403032773032,2.41179710715329
0.194145936805189,2.41180073068045
0.194261551258568,2.41180435434035
0.194377171087975,2.41180797813187
0.194492796427549,2.41181160205058
0.194608427211191,2.411815226095
0.194724063432507,2.41181885025898
0.194839705193619,2.41182247453714
0.194955352535305,2.41182609892702
0.195071005402115,2.41182972342515
0.195186664043084,2.41183334802536
0.195302328492814,2.41183697272893
0.195417998639271,2.41184059753292
0.195533674502453,2.41184422242985
0.195649356335659,2.41184784741488
0.195765043952492,2.41185147248967
0.195880737551843,2.41185509764569
0.19599643703286,2.41185872288257
0.196112142515789,2.41186234819367
0.196227854145233,2.41186597357694
0.196343571789576,2.41186959903182
0.19645929565213,2.41187322455086
0.196575025573098,2.41187685013408
0.196690761787891,2.41188047577344
0.196806504206675,2.4118841014697
0.196922252785612,2.4118877272168
0.197038007684193,2.41189135300866
0.197153769037493,2.41189497884447
0.197269536805066,2.41189860472374
0.197385310877672,2.41190223064152
0.19750109154853,2.4119058565903
0.197616878751777,2.41190948257251
0.197732672480989,2.41191310858311
0.197848472765003,2.41191673461727
0.197964279708834,2.4119203606711
0.198080093318527,2.41192398674291
0.198195913556402,2.4119276128288
0.198311740657527,2.41193123892341
0.198427574552243,2.41193486502813
0.19854341518239,2.41193849113775
0.198659262740496,2.41194211724615
0.198775117279007,2.41194574335354
0.198890978682544,2.41194936945768
0.199006847048991,2.41195299555155
0.199122722436747,2.4119566216328
0.199238604831347,2.41196024769891
0.199354494276862,2.41196387374546
0.199470390890658,2.41196749976922
0.199586294647915,2.41197112576906
0.199702205558882,2.4119747517406
0.199818123746865,2.41197837767977
0.199934049172167,2.41198200358548
0.200049981913939,2.41198562945301
0.200165921992038,2.41198925528004
0.200281869484614,2.41199288106317
0.200397824337109,2.41199650680034
0.200513786635689,2.4120001324863
0.200629756396604,2.41200375811886
0.200745733743708,2.41200738369462
0.200861718575201,2.41201100921273
0.200977711118572,2.41201463466699
0.201093711235876,2.41201826005875
0.201209719033885,2.41202188538129
0.201325734499024,2.41202551063279
0.201441757686047,2.41202913580918
0.201557788664868,2.4120327609078
0.201673827495418,2.41203638592662
0.201789874080486,2.41204001086349
0.201905928598402,2.41204363571218
0.202021990916401,2.41204726047287
0.202138061294327,2.41205088513886
0.202254139535082,2.41205450971237
0.202370225834753,2.41205813418542
0.202486320166369,2.41206175855838
0.202602422631697,2.41206538282736
0.202718533081925,2.41206900699104
0.202834651722788,2.41207263104212
0.202950778573286,2.41207625498136
0.203066913626536,2.41207987880619
0.203183057015322,2.41208350251275
0.203299208492807,2.41208712610061
0.203415368290686,2.41209074956013
0.203531536387852,2.4120943728924
0.203647712963423,2.4120979960939
0.203763897990883,2.4121016191655
0.203880091401639,2.41210524210351
0.203996293349622,2.41210886490239
0.204112503699195,2.41211248756199
0.204228722600707,2.4121161100757
0.204344950132373,2.41211973244311
0.204461186202906,2.41212335466308
0.204577430958256,2.41212697672999
0.204693684278246,2.41213059864354
0.204809946400973,2.41213422039751
0.204926217239185,2.4121378419939
0.20504249680583,2.41214146342779
0.205158785049444,2.4121450846956
0.205275082152783,2.41214870579237
0.205391388128628,2.41215232671893
0.205507703046311,2.41215594747276
0.205624026962408,2.41215956805222
0.205740359692648,2.4121631884555
0.205856701453946,2.41216680867458
0.205973052188862,2.41217042871067
0.206089411973013,2.41217404855956
0.206205780843956,2.41217766821953
0.206322158779599,2.41218128768831
0.206438545846888,2.41218490696203
0.206554942027669,2.41218852603882
0.206671347449347,2.412192144915
0.206787762258754,2.4121957635903
0.206904186171319,2.4121993820656
0.207020619361472,2.41220300033086
0.207137061777737,2.41220661838594
0.20725351352668,2.41221023622665
0.207369974695891,2.41221385385215
0.207486445283413,2.41221747126174
0.207602925413943,2.41222108845243
0.207719414997199,2.41222470542408
0.207835913936563,2.41222832217156
0.207952422493918,2.4122319386887
0.208068940571325,2.41223555497834
0.208185468237151,2.41223917103573
0.208302005545542,2.41224278685902
0.208418552490749,2.41224640244653
0.208535109115037,2.41225001779506
0.208651675355074,2.41225363290243
0.208768251321841,2.41225724776389
0.208884837043415,2.41226086237875
0.209001432590548,2.41226447674491
0.209118038027944,2.41226809086113
0.209234653251928,2.41227170472615
0.209351278338188,2.41227531833443
0.209467913327043,2.41227893168427
0.2095845581922,2.41228254477374
0.209701212983131,2.41228615759919
0.209817877800846,2.41228977015859
0.209934552773019,2.41229338245157
0.210051237621966,2.41229699447871
0.210167932519021,2.41230060623038
0.210284637576017,2.41230421770666
0.210401352592479,2.41230782890786
0.210518077829821,2.41231143982631
0.210634813314279,2.41231505046476
0.210751558884865,2.41231866082183
0.210868314755998,2.41232227089058
0.210985080979667,2.41232588067273
0.211101857415397,2.41232949016738
0.211218644151006,2.41233309936824
0.211335441289469,2.41233670827392
0.211452248601145,2.4123403168843
0.211569066371475,2.41234392519097
0.211685894598614,2.41234753319727
0.211802733296369,2.41235114090124
0.211919582380533,2.41235474830041
0.212036442068813,2.41235835538972
0.212153312227136,2.41236196217138
0.212270192902091,2.4123655686399
0.212387084209338,2.41236917479305
0.212503986171856,2.41237278063096
0.212620898787731,2.4123763861518
0.212737821998151,2.41237999135278
0.212854755843585,2.41238359622949
0.212971700471663,2.41238720077979
0.21308865567742,2.41239080500466
0.213205621705396,2.41239440889665
0.213322598512385,2.41239801245832
0.213439586139794,2.41240161568664
0.213556584607437,2.41240521857977
0.213673593957011,2.41240882113553
0.21379061424102,2.41241242335225
0.21390764539035,2.41241602522863
0.214024687567661,2.41241962676034
0.214141740665787,2.41242322794844
0.214258804712178,2.41242682878808
0.214375879718241,2.41243042927676
0.214492965728535,2.41243402941206
0.214610062881845,2.41243762919239
0.214727171171612,2.4124412286187
0.214844290585762,2.41244482768873
0.214961421034226,2.41244842639949
0.215078562672678,2.4124520247459
0.215195715601987,2.41245562272876
0.21531287958488,2.41245922034854
0.215430054898114,2.41246281759704
0.215547241451411,2.41246641447762
0.215664439313907,2.41247001098635
0.215781648383017,2.41247360712208
0.215898868859108,2.41247720287978
0.216016100670245,2.41248079826146
0.216133343802571,2.41248439326344
0.216250598470048,2.41248798788253
0.216367864419159,2.41249158212143
0.216485141928658,2.412495175972
0.216602430881185,2.41249876943771
0.216719731425869,2.41250236251403
0.21683704344684,2.4125059552018
0.216954366940474,2.41250954749608
0.217071702081787,2.41251313939376
0.21718904878834,2.4125167308966
0.217306407076777,2.41252032200071
0.217423776958283,2.41252391270369
0.21754115855229,2.4125275030033
0.217658551823161,2.41253109290007
0.217775956882739,2.4125346823911
0.21789337372224,2.41253827147661
0.218010802308749,2.41254186015434
0.218128242660373,2.41254544842097
0.218245694777469,2.41254903627432
0.21836315866359,2.41255262371193
0.218480634393629,2.41255621073143
0.218598122126907,2.41255979733223
0.218715621690729,2.41256338351624
0.218833133246692,2.41256696927736
0.218950656712597,2.41257055461659
0.219068192175577,2.41257413953001
0.219185739668487,2.41257772401711
0.219303299110925,2.41258130807663
0.21942087056129,2.4125848917043
0.219538454021193,2.41258847489885
0.219656049602097,2.41259205765813
0.219773657293652,2.41259563998258
0.219891277035946,2.41259922187004
0.220008908924569,2.41260280331665
0.220126552985326,2.41260638432219
0.220244209257953,2.41260996488531
0.220361877735317,2.41261354500483
0.220479558489764,2.41261712467842
0.220597251560231,2.41262070390555
0.220714956847668,2.41262428268519
0.220832674425833,2.41262786101272
0.220950404315098,2.41263143888728
0.221068146619429,2.41263501630732
0.221185901266622,2.41263859327328
0.221303668236715,2.41264216978153
0.221421447692035,2.41264574582901
0.221539239500228,2.41264932141742
0.221657043808245,2.41265289654181
0.221774860640889,2.41265647120317
0.221892689888888,2.41266004540041
0.222010531687584,2.41266361912872
0.222128386077574,2.41266719238883
0.22224625295892,2.41267076518002
0.222364132390075,2.41267433749781
0.222482024395072,2.41267790934104
0.222599929084873,2.4126814807083
0.222717846432432,2.41268505160028
0.222835776389312,2.41268862201463
0.222953719081619,2.41269219194789
0.223071674397864,2.41269576140081
0.223189642387013,2.41269933036892
0.223307623137459,2.41270289885089
0.223425616702553,2.41270646684689
0.223543623047865,2.41271003435653
0.223661642109909,2.41271360137708
0.223779674092432,2.4127171679047
0.223897718913049,2.41272073394208
0.224015776585015,2.41272429948583
0.224133847194664,2.41272786453397
0.224251930742759,2.41273142908653
0.224370027076143,2.41273499314182
0.224488136353034,2.41273855669395
0.224606258654663,2.41274211974413
0.224724393969818,2.41274568229288
0.224842542337408,2.41274924433829
0.224960703636664,2.41275280587928
0.225078878000946,2.41275636691093
0.225197065496976,2.41275992743401
0.225315265976683,2.41276348744862
0.225433479651441,2.41276704694939
0.225551706447033,2.41277060593898
0.225669946312882,2.41277416441431
0.225788199307618,2.4127777223719
0.225906465621238,2.41278127981094
0.226024745036308,2.41278483673438
0.226143037691399,2.41278839313562
0.226261343641134,2.41279194901533
0.226379662745294,2.41279550437334
0.226497995089271,2.41279905920447
0.226616340871279,2.41280261350831
0.226734699914402,2.4128061672881
0.226853072255803,2.41280972053837
0.226971458080256,2.41281327325747
0.227089857249581,2.41281682544809
0.227208269808256,2.41282037710564
0.227326695718018,2.41282392822884
0.227445135069816,2.41282747881488
0.22756358784675,2.41283102886397
0.227682054174789,2.41283457837412
0.227800533876332,2.41283812734654
0.227919027192864,2.41284167577543
0.228037533992547,2.41284522366422
0.228156054365149,2.41284877100865
0.22827458829415,2.41285231780865
0.228393135834007,2.41285586406223
0.228511697011853,2.41285940976885
0.228630271773117,2.41286295492753
0.228748860158775,2.4128664995352
0.228867462202186,2.4128700435908
0.228986077920331,2.41287358709344
0.229104707278583,2.41287713004187
0.22922335040745,2.41288067243346
0.229342007202438,2.4128842142695
0.229460677771339,2.41288775554609
0.229579362154346,2.41289129626371
0.229698060312991,2.41289483642195
0.229816772253418,2.41289837601828
0.229935498021737,2.4129019150509
0.230054237626529,2.41290545351916
0.230172991117028,2.41290899142168
0.230291758424609,2.41291252875794
0.230410539785154,2.41291606552469
0.230529334841341,2.41291960172572
0.230648143947942,2.41292313735138
0.230766966892088,2.41292667240732
0.230885803909672,2.41293020688778
0.231004654689162,2.41293374079616
0.231123519577531,2.41293727412389
0.231242398643685,2.41294080687661
0.231361291716572,2.41294433905559
0.231480198842651,2.41294787065535
0.231599119927541,2.41295140167468
0.231718055149398,2.4129549321096
0.23183700443331,2.4129584619624
0.231955967838226,2.41296199123023
0.232074945330062,2.41296551991262
0.232193937170178,2.41296904800725
0.232312943127836,2.41297257551876
0.232431963210479,2.41297610244087
0.232550997525682,2.41297962877127
0.232670046186936,2.41298315451084
0.232789109188209,2.41298667966112
0.232908186409376,2.41299020422088
0.233027277740012,2.41299372818553
0.233146383361178,2.4129972515502
0.233265503354911,2.41300077431716
0.233384637565535,2.41300429648744
0.233503786212727,2.41300781805603
0.233622949282301,2.41301133902613
0.233742126588967,2.41301485939659
0.233861318305025,2.4130183791613
0.233980524448693,2.41302189832211
0.234099745043929,2.41302541687845
0.23421898009131,2.41302893482947
0.234338229635274,2.41303245217372
0.234457493582406,2.41303596891071
0.234576772074597,2.41303948503675
0.234696065015215,2.41304300055336
0.234815372540649,2.41304651545713
0.234934694673499,2.41305002974951
0.235054031298767,2.41305354342999
0.235173382427066,2.41305705649439
0.235292748278255,2.41306056894092
0.235412128733187,2.4130640807734
0.235531523751104,2.41306759198828
0.235650933430515,2.41307110258265
0.235770357816561,2.41307461255715
0.235889796797814,2.41307812191174
0.236009250590534,2.41308163064239
0.236128719017323,2.41308513875246
0.236248202089004,2.4130886462369
0.236367699931968,2.41309215309387
0.23648721251125,2.41309565932489
0.236606739831378,2.4130991649281
0.236726281994994,2.41310266990207
0.236845838933365,2.41310617424781
0.2369654107582,2.41310967796258
0.23708499733285,2.4131131810474
0.237204598792209,2.41311668349788
0.237324215045138,2.41312018531534
0.237443846228423,2.41312368649655
0.237563492228483,2.41312718704309
0.237683153256899,2.41313068695124
0.237802829198756,2.41313418622432
0.237922520131634,2.41313768485888
0.238042225971061,2.41314118285503
0.238161946715557,2.41314468020952
0.238281682506965,2.41314817692056
0.238401433254179,2.41315167299012
0.238521199141883,2.41315516841513
0.23864097993431,2.41315866319838
0.238760775826401,2.41316215733342
0.238880586876662,2.41316565082273
0.23900041295457,2.41316914366697
0.239120254178958,2.41317263586192
0.239240110439186,2.41317612740858
0.239359981687821,2.41317961830328
0.239479868271643,2.41318310854307
0.239599769963933,2.41318659813472
0.239719686964884,2.41319008707275
0.239839619139443,2.41319357535993
0.239959566511223,2.41319706299229
0.240079528930549,2.41320054996862
0.240199506629855,2.41320403628392
0.240319499421974,2.41320752194186
0.240439507729708,2.4132110069374
0.2405595312615,2.41321449127881
0.24067957003593,2.41321797495932
0.240799624051399,2.41322145797709
0.240919693494787,2.41322494033067
0.241039778216499,2.41322842202323
0.241159878269047,2.41323190305057
0.241279993872184,2.41323538341216
0.241400124785432,2.41323886311212
0.241520271051518,2.41324234214424
0.241640432736176,2.4132458205074
0.241760609828735,2.41324929820191
0.241880802365791,2.41325277522649
0.242001010301458,2.41325625158073
0.242121233670351,2.41325972726235
0.242241472580586,2.41326320227076
0.242361727029959,2.41326667660737
0.242481996862574,2.41327015027132
0.242602282260207,2.41327362325762
0.242722583201312,2.41327709556877
0.242842899719571,2.4132805672036
0.242963231913625,2.41328403816168
0.243083579523351,2.41328750844426
0.243203942888883,2.41329097804424
0.243324321810947,2.41329444696756
0.243444716343789,2.41329791520939
0.243565126520255,2.41330138276919
0.24368555237383,2.41330484964661
0.243805993923564,2.41330831584138
0.243926450977699,2.41331178135287
0.244046923904956,2.41331524617536
0.24416741248799,2.41331871031571
0.244287916866618,2.41332217376885
0.244408436777233,2.41332563653626
0.244528972446568,2.41332909861086
0.244649523975299,2.41333255999587
0.244770091320179,2.41333602069328
0.244890674437278,2.41333948070136
0.245011273360871,2.41334294001778
0.245131888099486,2.41334639864198
0.245252518594718,2.41334985657306
0.245373164905554,2.41335331380849
0.245493827101744,2.41335677034828
0.245614505305175,2.41336022619311
0.24573519937174,2.41336368134504
0.245855909423754,2.4133671358
0.245976635326613,2.41337058955925
0.246097377175027,2.41337404261881
0.246218134865417,2.41337749497931
0.246338908537245,2.41338094663743
0.246459698186727,2.41338439759496
0.246580503919631,2.41338784785117
0.246701325537211,2.41339129740752
0.2468221631287,2.41339474625854
0.246943016884432,2.41339819440452
0.247063886642317,2.41340164184907
0.247184772370269,2.41340508858803
0.247305674223074,2.41340853461896
0.247426592033354,2.41341197994423
0.247547525932836,2.41341542455932
0.247668476046613,2.41341886846566
0.247789442247298,2.41342231166555
0.247910424660421,2.41342575415544
0.248031423091963,2.41342919593679
0.248152437736106,2.41343263700431
0.248273468467991,2.41343607736081
0.248394515528892,2.41343951700289
0.248515578766086,2.4134429559348
0.24863665815248,2.41344639415274
0.248757753622376,2.4134498316545
0.248878865427768,2.41345326843727
0.248999993445123,2.41345670450565
0.249121137868269,2.4134601398566
0.249242298476521,2.41346357449331
0.249363475350008,2.41346700841021
0.249484668422694,2.41347044160736
0.249605877912451,2.41347387408233
0.249727103697932,2.41347730583899
0.249848345903387,2.41348073687427
0.249969604408588,2.41348416718969
0.250090879275208,2.4134875967818
0.250212170353861,2.41349102565062
0.250333477945403,2.41349445379175
0.250454801901705,2.4134978812107
0.250576142376963,2.41350130790404
0.250697499287136,2.41350473387399
0.250818872571971,2.41350815911808
0.250940262370072,2.41351158363362
0.251061668613452,2.41351500742257
0.251183091260243,2.41351843048283
0.251304530328278,2.4135218528122
0.251425986009047,2.41352527440991
0.251547458181808,2.4135286952795
0.251668946947712,2.41353211541789
0.251790452186351,2.41353553482612
0.25191197397761,2.41353895350068
0.252033512325177,2.41354237144206
0.252155067250507,2.41354578864959
0.252276638748651,2.41354920512285
0.252398226829072,2.41355262086084
0.252519831526841,2.41355603586279
0.252641452784935,2.4135594501286
0.252763090659959,2.41356286365608
0.252884745200238,2.41356627644541
0.253006416474678,2.41356968849694
0.253128104380294,2.41357309981155
0.253249809084633,2.41357651038618
0.253371530338024,2.41357992022343
0.253493268263888,2.4135833293171
0.25361502316445,2.41358673766825
0.253736794600525,2.41359014528335
0.253858582634102,2.41359355215242
0.253980387621589,2.41359695827445
0.254102209342213,2.41360036365683
0.254224047770252,2.41360376829486
0.25434590306291,2.41360717218638
0.254467775141827,2.41361057533392
0.254589664103875,2.41361397773532
0.254711569929037,2.41361737939169
0.25483349243939,2.41362078030201
0.254955431886058,2.41362418046116
0.255077388140138,2.41362757987341
0.255199361250374,2.4136309785357
0.25532135128296,2.4136343764479
0.255443358208831,2.41363777361078
0.255565381987105,2.41364117002305
0.255687422681002,2.41364456568279
0.25580948038621,2.41364796059039
0.255931554972065,2.41365135474743
0.256053646622939,2.41365474815038
0.256175755159936,2.41365814080219
0.256297880702581,2.41366153269847
0.256420023252853,2.41366492384053
0.256542182766946,2.4136683142279
0.256664359162369,2.41367170385876
0.256786552591999,2.41367509273015
0.256908763197716,2.41367848084443
0.257030990890205,2.41368186820455
0.257153235542112,2.41368525480822
0.257275497404548,2.41368864065139
0.257397776274912,2.41369202573847
0.257520072160747,2.41369541006481
0.25764238523813,2.41369879362909
0.257764715495034,2.41370217643445
0.257887062820574,2.41370555848046
0.258009427326071,2.41370893976376
0.258131808964721,2.41371232028567
0.258254207750064,2.41371570004463
0.25837662386216,2.41371907903999
0.258499056975834,2.41372245727512
0.258621507265028,2.41372583474238
0.258743974746179,2.41372921144381
0.258866459452004,2.41373258737946
0.258988961318993,2.41373596254941
0.2591114805472,2.41373933695152
0.25923401696039,2.41374271058938
0.259356570692427,2.41374608345884
0.25947914165958,2.41374945556162
0.259601729954507,2.41375282689541
0.259724335475213,2.41375619746128
0.259846958241587,2.4137595672564
0.259969598505538,2.41376293628009
0.260092255937247,2.41376630453737
0.260214930884195,2.41376967202083
0.260337622931219,2.41377303873655
0.260460332537351,2.41377640467537
0.26058305941754,2.41377976984564
0.260705803779186,2.41378313424155
0.260828565471015,2.41378649786626
0.260951344497391,2.41378986071616
0.261074140901915,2.41379322279011
0.2611969548119,2.41379658408828
0.261319786112705,2.41379994461297
0.261442634880659,2.4138033043613
0.261565501141765,2.41380666333391
0.261688384729199,2.41381002153085
0.261811285871837,2.41381337894769
0.261934204566329,2.4138167355883
0.262057140709888,2.41382009145261
0.262180094479078,2.41382344653764
0.262303065635428,2.41382680084631
0.262426054309212,2.41383015437301
0.262549060472632,2.41383350711919
0.262672084442207,2.41383685908381
0.262795125855014,2.41384021027334
0.26291818487645,2.41384356067995
0.263041261353596,2.41384691030548
0.263164355498848,2.41385025914615
0.263287467318734,2.41385360720557
0.263410596670172,2.41385695448388
0.263533743664561,2.41386030097723
0.263656908351253,2.41386364668694
0.263780090541703,2.41386699161373
0.263903290529657,2.41387033575284
0.264026508174224,2.41387367910957
0.264149743432796,2.413877021681
0.264272996385579,2.41388036346508
0.26439626711032,2.41388370446271
0.264519555410597,2.41388704467521
0.264642861405471,2.41389038409777
0.264766185204453,2.41389372273168
0.264889526845656,2.41389706057909
0.265012886219014,2.41390039764064
0.265136263226392,2.41390373391334
0.265259657979277,2.41390706939391
0.265383070549026,2.41391040408374
0.265506500798298,2.41391373798413
0.265629948981009,2.4139170710916
0.265753415007156,2.41392040341077
0.265876898752577,2.41392373493979
0.266000400405637,2.41392706567498
0.266123919776457,2.41393039561944
0.266247457217279,2.41393372476881
0.266371012378101,2.41393705312978
0.266494585527187,2.41394038069501
0.266618176472916,2.41394370746876
0.266741785437591,2.41394703344687
0.266865412223373,2.41395035863311
0.266989056812625,2.41395368302311
0.26711271936968,2.41395700661517
0.267236399826211,2.41396032941219
0.267360098274727,2.41396365141257
0.267483814677637,2.41396697261758
0.267607548947798,2.41397029302606
0.267731301339787,2.41397361263529
0.267855071566432,2.41397693145004
0.267978859932049,2.41398024946409
0.268102666248056,2.41398356668273
0.268226490631898,2.41398688310206
0.268350332969545,2.41399019872354
0.268474193352903,2.41399351354433
0.268598071679101,2.41399682756549
0.268721967942166,2.41400014078437
0.268845882504871,2.41400345319988
0.268969815068492,2.41400676481946
0.269093765727742,2.41401007563713
0.269217734512639,2.41401338565349
0.269341721478349,2.4140166948688
0.269465726450449,2.41402000328384
0.26958974962692,2.4140233108943
0.269713790908973,2.41402661770341
0.269837850178211,2.41402992370897
0.269961927663159,2.41403322890746
0.270086023263592,2.41403653330292
0.270210136980782,2.41403983689328
0.270334268883481,2.41404313967771
0.270458419059631,2.41404644165712
0.270582587400328,2.41404974283314
0.270706773896818,2.41405304320309
0.270830978635293,2.41405634276585
0.270955201549561,2.41405964152266
0.271079442644858,2.41406293947177
0.271203702059873,2.41406623661251
0.271327979672404,2.41406953294738
0.271452275667482,2.41407282847358
0.271576589871613,2.41407612319429
0.271700922373394,2.41407941710569
0.271825273180753,2.41408271020863
0.271949642315183,2.41408600250296
0.272074029687159,2.41408929398866
0.272198435400764,2.41409258466324
0.272322859380747,2.41409587452815
0.27244730172335,2.41409916358148
0.272571762376151,2.41410245182458
0.27269624146607,2.41410573925604
0.272820739034808,2.41410902587799
0.272945254888764,2.41411231169123
0.273069789102256,2.41411559669113
0.27319434157418,2.41411888087811
0.273318912545167,2.41412216424955
0.27344350198887,2.41412544680989
0.273568109758752,2.41412872855882
0.273692735998204,2.41413200949259
0.273817380633668,2.41413528961329
0.273942043681219,2.41413856891921
0.274066725192584,2.41414184740994
0.274191425258861,2.41414512508614
0.274316143745188,2.41414840194947
0.2744408806493,2.41415167799678
0.27456563618952,2.41415495322705
0.27469041006811,2.41415822764449
0.27481520256397,2.4141615012428
0.274940013588362,2.41416477402663
0.275064843106665,2.41416804599436
0.275189691210412,2.41417131714453
0.275314557749561,2.41417458747848
0.275439442897674,2.41417785699268
0.275564346585611,2.41418112568996
0.27568926879487,2.41418439356881
0.275814209623394,2.41418766062817
0.275939169145723,2.41419092686957
0.276064146988049,2.41419419229449
0.276189143648363,2.41419745689454
0.276314158870261,2.41420072067883
0.276439192784997,2.41420398364284
0.276564245291093,2.41420724578827
0.276689316447572,2.41421050711276
0.276814406279689,2.41421376761679
0.276939514677224,2.41421702730058
0.277064641786985,2.41422028616135
0.277189787663206,2.41422354420143
0.277314952151478,2.41422680142199
0.277440135299859,2.41423005781943
0.27756533704607,2.4142333133938
0.277690557647975,2.41423656814335
0.277815797026022,2.41423982207301
0.277941055113232,2.41424307518147
0.278066331919602,2.41424632746663
0.278191627595345,2.41424957892797
0.278316941943344,2.41425282956828
0.278442275007685,2.41425607938332
0.278567626772992,2.41425932837296
0.278692997315525,2.41426257653644
0.278818386600618,2.41426582387492
0.278943794765091,2.41426907038745
0.279069221692595,2.41427231607644
0.279194667549822,2.41427556093939
0.279320132247961,2.41427880497912
0.279445615617864,2.41428204819377
0.279571117856738,2.41428529057896
0.279696638955726,2.41428853213789
0.279822178950897,2.41429177287051
0.279947737827053,2.41429501277722
0.280073315594596,2.41429825185737
0.280198912139497,2.41430149011069
0.280324527733847,2.4143047275343
0.280450162044745,2.41430796413326
0.280575815386662,2.41431119990078
0.280701487601283,2.41431443484222
0.280827178811346,2.41431766895464
0.280952888826553,2.41432090223986
0.28107861788963,2.41432413469368
0.281204365786013,2.4143273663203
0.281330132681617,2.4143305971154
0.281455918590083,2.4143338270815
0.281581723648741,2.41433705621894
0.281707547515684,2.4143402845304
0.281833390363983,2.41434351200854
0.281959252273391,2.41434673865555
0.282085133190243,2.41434996447316
0.282211032960101,2.41435318946013
0.282336951836669,2.41435641361258
0.282462889751442,2.41435963693498
0.282588846705529,2.41436285942625
0.282714822712364,2.41436608108588
0.282840817808496,2.41436930191373
0.282966831979559,2.4143725219102
0.283092865330603,2.41437574107471
0.283218917560239,2.41437895940908
0.283344988938458,2.41438217690677
0.283471079437132,2.41438539357218
0.283597189038785,2.41438860940509
0.283723317836513,2.41439182440474
0.283849465653882,2.41439503857267
0.283975632554792,2.41439825190499
0.284101818721773,2.41440146440212
0.284228023966948,2.4144046760677
0.284354248485527,2.41440788689797
0.284480492058982,2.41441109689615
0.284606754868048,2.41441430605776
0.284733036792517,2.4144175143856
0.2848593380215,2.41442072187725
0.284985658306129,2.414423928536
0.285111997952631,2.41442713435676
0.285238356682619,2.41443033934491
0.285364734651338,2.41443354349506
0.285491131850641,2.41443674680932
0.285617548173747,2.41443994928755
0.285743983789201,2.41444315092711
0.285870438791361,2.41444635173085
0.285996913033721,2.41444955170095
0.286123406510506,2.41445275083431
0.286249919282787,2.41445594912997
0.286376451368818,2.41445914658878
0.286503002616752,2.41446234321095
0.286629573256254,2.41446553899296
0.286756163239407,2.41446873393882
0.286882772378502,2.41447192804785
0.287009400941676,2.41447512131565
0.287136048897164,2.41447831374689
0.287262716144272,2.41448150534135
0.287389402706192,2.41448469609654
0.287516108755636,2.41448788601225
0.287642834106716,2.41449107509182
0.287769578805068,2.41449426333153
0.287896342767371,2.41449745073144
0.28802312623048,2.41450063728951
0.288149929074815,2.41450382301012
0.288276751269897,2.41450700789116
0.288403592938154,2.41451019193135
0.288530454028411,2.41451337513276
0.288657334546319,2.41451655749436
0.288784234373384,2.41451973901581
0.288911153673529,2.41452291969426
0.289038092449971,2.41452609953242
0.289165050700384,2.4145292785305
0.289292028465127,2.41453245668822
0.289419025643669,2.41453563400609
0.289546042329178,2.41453881048177
0.289673078458803,2.41454198611657
0.289800134099218,2.41454516090911
0.28992720930894,2.41454833486026
0.290054303921571,2.41455150797113
0.290181418102943,2.41455468023812
0.290308551887429,2.41455785166385
0.29043570522225,2.41456102224919
0.29056287807271,2.41456419199289
0.290690070376077,2.41456736089375
0.290817282282727,2.41457052894997
0.290944513765829,2.41457369616416
0.291071764796802,2.4145768625359
0.291199035455468,2.41458002806425
0.291326325492657,2.41458319275046
0.291453635245835,2.41458635658924
0.291580964623698,2.41458951958655
0.291708313623231,2.41459268174117
0.291835682163925,2.41459584305257
0.291963070392232,2.41459900351871
0.292090478228424,2.41460216314207
0.29221790575551,2.41460532192111
0.292345352711606,2.41460847985707
0.292472819392916,2.4146116369444
0.292600305848957,2.41461479318814
0.292727811981404,2.41461794858988
0.292855337697458,2.41462110314758
0.292982883225037,2.41462425685869
0.293110448241569,2.41462740972732
0.293238033060558,2.41463056174713
0.293365637715838,2.4146337129234
0.293493262032024,2.41463686325743
0.293620906047797,2.41464001274552
0.293748569766689,2.41464316138762
0.293876253072085,2.41464630918356
0.294003956278138,2.41464945613063
0.294131679216489,2.41465260223468
0.29425942202776,2.41465574749292
0.294387184456167,2.41465889190756
0.294514966769642,2.41466203547341
0.294642768737152,2.41466517819494
0.294770590480708,2.41466832006785
0.294898432138181,2.41467146109372
0.295026293609313,2.41467460127544
0.295154174761282,2.41467774061115
0.295282075900531,2.41468087909756
0.295409996812037,2.41468401674025
0.295537937333335,2.41468715353542
0.295665897981991,2.41469028947888
0.295793878277331,2.41469342458042
0.295921878465985,2.41469655883144
0.296049898411062,2.41469969223542
0.296177938354126,2.41470282478987
0.296305998078967,2.41470595649914
0.296434077716689,2.41470908735925
0.296562177288156,2.41471221737203
0.296690296726597,2.41471534653797
0.29681843600634,2.41471847485555
0.296946595221705,2.41472160232377
0.297074774300348,2.41472472894419
0.297202973213255,2.41472785471535
0.297331192165803,2.41473097963619
0.297459431003357,2.41473410371055
0.297587689847501,2.41473722693565
0.297715968734613,2.41474034931332
0.297844267386275,2.41474347084438
0.297972586164825,2.41474659152301
0.298100924754549,2.41474971135552
0.298229283480757,2.41475283033621
0.298357662146325,2.41475594847064
0.298486060696306,2.41475906575544
0.298614479437949,2.41476218218872
0.298742917934941,2.41476529777627
0.298871376426885,2.41476841250987
0.298999855024557,2.41477152639289
0.299128353750608,2.41477463942794
0.299256872535903,2.41477775161569
0.299385411237769,2.41478086295463
0.299513969967911,2.41478397344138
0.299642548742271,2.41478708307748
0.299771147633096,2.4147901918633
0.299899766530742,2.41479329980018
0.300028405577428,2.41479640688587
0.300157064632949,2.41479951312274
0.300285743901497,2.41480261850808
0.300414443122162,2.41480572304543
0.300543162458227,2.41480882672984
0.300671901910911,2.41481192956365
0.300800661476407,2.41481503154705
0.300929441165267,2.41481813267981
0.301058240872016,2.4148212329619
0.301187060903704,2.41482433239098
0.301315901044109,2.41482743097273
0.301444761286164,2.41483052870346
0.301573641725775,2.41483362558225
0.301702542337365,2.41483672161069
0.301831463144467,2.41483981678836
0.301960403955182,2.41484291111544
0.302089365111715,2.4148460045879
0.302218346470652,2.41484909721185
0.30234734802013,2.41485218898516
0.302476369631132,2.41485527990707
0.302605411523348,2.41485836997464
0.302734473731441,2.41486145919169
0.302863556037879,2.41486454755934
0.30299265858415,2.41486763507318
0.303121781445757,2.41487072173519
0.303250924533797,2.41487380754702
0.30338008783904,2.41487689250696
0.303509271555422,2.41487997661438
0.303638475384281,2.41488305987291
0.303767699516504,2.41488614227691
0.303896943724785,2.41488922382917
0.304026208550445,2.41489230452537
0.304155493490343,2.41489538437556
0.304284798696636,2.41489846337102
0.304414124192087,2.41490154151326
0.304543470075592,2.41490461880281
0.30467283610753,2.41490769524156
0.30480222255147,2.41491077082482
0.304931629295896,2.41491384555698
0.305061056342495,2.41491691943633
0.305190503886615,2.41491999246246
0.305319971664672,2.41492306463905
0.305449459665435,2.41492613596124
0.305578968154734,2.41492920642785
0.30570849715349,2.41493227604387
0.305838046504596,2.41493534481035
0.305967616304331,2.41493841272414
0.306097206403301,2.41494147978648
0.306226816956418,2.41494454599444
0.306356447823969,2.41494761135048
0.306486098999725,2.41495067585203
0.306615770750444,2.4149537394984
0.306745462893207,2.41495680229466
0.306875175426675,2.4149598642378
0.307004908282915,2.41496292532716
0.307134661898139,2.41496598556111
0.307264435652224,2.41496904494795
0.307394229890087,2.41497210347647
0.30752404457645,2.41497516115161
0.307653879709049,2.41497821797329
0.307783735431823,2.41498127394131
0.307913611586524,2.41498432905836
0.308043508305078,2.41498738332155
0.308173425249077,2.4149904367329
0.308303362843399,2.41499348928584
0.308433320980168,2.41499654098763
0.308563299609481,2.41499959183714
0.308693298753364,2.41500264183304
0.308823318359854,2.41500569097542
0.308953358560311,2.41500873926309
0.309083419406031,2.41501178669835
0.30921350079772,2.41501483328242
0.309343602770873,2.41501787901338
0.309473725108704,2.41502092389149
0.309603868132013,2.41502396791234
0.309734031665368,2.41502701108145
0.309864215804063,2.41503005339609
0.309994420485482,2.41503309485756
0.31012464588573,2.41503613546469
0.310254891825501,2.41503917522064
0.310385158409071,2.41504221412222
0.310515445442553,2.41504525217085
0.310645753141907,2.41504828936279
0.310776081350654,2.41505132570158
0.31090643022772,2.41505436118454
0.311036799840838,2.41505739581426
0.311167190058977,2.41506042959236
0.311297600826581,2.41506346251636
0.311428032337551,2.41506649458465
0.311558484513305,2.41506952580066
0.311688957292733,2.41507255616325
0.311819450832083,2.41507558567091
0.311949964962725,2.41507861432635
0.312080499672946,2.41508164212653
0.312211055188911,2.41508466907063
0.312341631439144,2.41508769516284
0.312472228339478,2.41509072040227
0.312602846085514,2.41509374478702
0.312733484460362,2.41509676832049
0.312864143554529,2.41509979099884
0.312994823182933,2.41510281282311
0.313125523780139,2.41510583378971
0.313256244949832,2.41510885390647
0.313386986892291,2.41511187316674
0.313517749587311,2.41511489157327
0.31364853313247,2.41511790912598
0.31377933741942,2.41512092582664
0.313910162463558,2.4151239416733
0.314041008336238,2.41512695666581
0.314171874987924,2.41512997080545
0.314302762415046,2.41513298409131
0.314433670644599,2.41513599652307
0.314564599561498,2.41513900810109
0.314695549338051,2.41514201882306
0.314826520093383,2.41514502869186
0.314957511442336,2.41514803771017
0.315088523695115,2.41515104587077
0.315219556639992,2.41515405317846
0.315350610358163,2.41515705962976
0.31548168502853,2.4151600652256
0.315612780569952,2.41516306996949
0.315743896845762,2.41516607386029
0.315875033973677,2.41516907689505
0.316006192225811,2.4151720790755
0.316137371211541,2.41517508040708
0.316268571041032,2.41517808088294
0.316399791740003,2.41518108050405
0.316531033235667,2.41518407927094
0.316662295744294,2.41518707718218
0.31679357923988,2.41519007424163
0.316924883522658,2.4151930704493
0.317056208672349,2.41519606580121
0.317187554700863,2.41519906029816
0.317318921945329,2.41520205394042
0.317450309964726,2.41520504673444
0.317581718974841,2.41520803867262
0.317713148874144,2.41521102975781
0.317844599742093,2.41521401998841
0.317976071698846,2.41521700936559
0.318107564380555,2.41521999789177
0.318239078164364,2.4152229855602
0.318370612878755,2.41522597237699
0.318502168554168,2.41522895833971
0.318633745053903,2.41523194344846
0.318765342717726,2.41523492770053
0.318896961224975,2.41523791110194
0.31902860070192,2.41524089364736
0.319160261213264,2.41524387533831
0.319291942700521,2.41524685617616
0.319423645465014,2.41524983615991
0.319555368898224,2.41525281529511
0.319687113538197,2.41525579357084
0.319818879521516,2.41525877099563
0.31995066636363,2.41526174757334
0.320082474237963,2.41526472329519
0.320214303031385,2.41526769816303
0.32034615305498,2.4152706721749
0.320478023900575,2.41527364533636
0.320609916079071,2.41527661764039
0.320741829264729,2.41527958909557
0.320873763500644,2.41528255969693
0.321005718775576,2.41528552944443
0.32113769527209,2.41528849833775
0.321269692686938,2.41529146638025
0.321401711231678,2.41529443356659
0.32153375093268,2.41529739989988
0.321665811615741,2.41530036538102
0.321797893673657,2.41530333000677
0.321929996565431,2.415306293784
0.322062120943519,2.41530925670341
0.322194266285235,2.41531221877588
0.322326432739201,2.41531517999309
0.322458620122123,2.41531814035648
0.322590829181347,2.41532109986271
0.322723058951762,2.41532405852539
0.322855310000875,2.41532701632823
0.32298758214409,2.41532997327938
0.323119875681163,2.41533292937653
0.323252190235677,2.41533588462495
0.323384526022141,2.41533883901822
0.323516883145342,2.41534179255935
0.323649261307435,2.41534474525071
0.323781660592007,2.41534769708695
0.323914081358918,2.41535064806874
0.324046523263403,2.41535359820293
0.324178986464941,2.415356547484
0.3243114706028,2.41535949591402
0.324443976329899,2.41536244348642
0.324576503003069,2.41536539021244
0.324709050986195,2.41536833608163
0.324841620187246,2.41537128109914
0.324974210763845,2.41537422526399
0.325106822529942,2.41537716857891
0.325239455521076,2.41538011104076
0.325372109932689,2.41538305264965
0.325504785539783,2.41538599340921
0.32563748263659,2.41538893331571
0.325770200867724,2.41539187237402
0.325902940332809,2.41539481057816
0.326035701141878,2.41539774792899
0.32616848316355,2.41540068442867
0.326301286532129,2.41540362007499
0.326434111235562,2.41540655487008
0.326566957235612,2.41540948881396
0.326699824657055,2.41541242190587
0.326832713337243,2.41541535414796
0.326965623494987,2.41541828553747
0.327098554791607,2.41542121607798
0.327231507652792,2.41542414576366
0.327364481835416,2.41542707460151
0.327497477245385,2.41543000258801
0.327630494007173,2.41543292972079
0.327763532175183,2.41543585600175
0.327896591860935,2.41543878143215
0.328029672850683,2.4154417060142
0.328162775281688,2.41544462974421
0.328295899085048,2.4154475526241
0.328429044147939,2.41545047465283
0.328562210707625,2.41545339582807
0.32869539879782,2.41545631615383
0.328828608166023,2.41545923563132
0.328961838942165,2.41546215425595
0.329095091122469,2.41546507202939
0.329228364733591,2.41546798895176
0.329361659743714,2.41547090502354
0.32949497627033,2.41547382024414
0.329628314535899,2.41547673461563
0.329761673866872,2.41547964814238
0.329895054804072,2.41548256081253
0.330028457303032,2.41548547263421
0.330161881094908,2.41548838360781
0.330295326445219,2.41549129372837
0.330428793307575,2.41549420299998
0.330562281693364,2.41549711142237
0.330695791537096,2.41550001899566
0.330829322975372,2.41550292571861
0.330962875846153,2.4155058315935
0.331096450169929,2.41550873661765
0.331230046015031,2.41551164079097
0.331363663493834,2.41551454411467
0.331497302529106,2.41551744659096
0.33163096299143,2.41552034821871
0.331764645013085,2.41552324899532
0.33189834842914,2.41552614892278
0.332032073575054,2.41552904799831
0.332165820278546,2.41553194622763
0.332299588423608,2.4155348436084
0.332433378284202,2.41553774013809
0.332567189457745,2.4155406358213
0.33270102229809,2.41554353065128
0.332834876705585,2.41554642463349
0.332968752768575,2.41554931776687
0.333102650473205,2.41555221005286
0.333236569744662,2.41555510149138
0.333370510439652,2.41555799208101
0.333504472973573,2.41556088181885
0.333638457044429,2.41556377071204
0.333772462664339,2.41556665875612
0.333906489966792,2.41556954595056
0.334040538936319,2.41557243229772
0.334174609455309,2.41557531779762
0.334308701715405,2.41557820244808
0.334442815357246,2.41558108625223
0.334576950732813,2.41558396920396
0.334711107746202,2.41558685130872
0.334845286508678,2.41558973256557
0.334979486940734,2.41559261297636
0.335113708944705,2.4155954925399
0.335247952733389,2.41559837125417
0.335382218145359,2.41560124912273
0.335516505321368,2.41560412614314
0.335650814160122,2.41560700231756
0.335785144619473,2.41560987764445
0.33591949678651,2.41561275212277
0.336053870599135,2.41561562575391
0.336188266253998,2.41561849853694
0.336322683625691,2.41562137047525
0.336457122862205,2.41562424156707
0.336591583690841,2.41562711181477
0.336726066305106,2.41562998121374
0.336860570568004,2.41563284976675
0.336995096578181,2.41563571747172
0.337129644213394,2.41563858433008
0.337264213630912,2.41564145033983
0.337398804755623,2.41564431550347
0.337533417552284,2.41564717982001
0.337668052204165,2.41565004328864
0.337802708745961,2.41565290591252
0.33793738713721,2.41565576769274
0.338072087237134,2.41565862862872
0.338206809103725,2.41566148871779
0.338341552690695,2.41566434796056
0.338476318130866,2.41566720635628
0.338611105539553,2.41567006390719
0.33874591454178,2.41567292061572
0.338880745364671,2.41567577647543
0.339015597947289,2.41567863148942
0.339150472576331,2.41568148565705
0.339285368855341,2.41568433898337
0.339420287079934,2.41568719146199
0.339555227104408,2.41569004309722
0.339690188979619,2.4156928938871
0.339825172778877,2.41569574383221
0.339960178541334,2.41569859293395
0.340095206196569,2.41570144119321
0.340230255687989,2.41570428860885
0.340365326922573,2.41570713517966
0.340500420125712,2.41570998090375
0.340635535189717,2.41571282578487
0.340770671980353,2.41571566982166
0.340905830774716,2.41571851301147
0.341041011465311,2.41572135535887
0.341176213926368,2.4157241968626
0.341311438342913,2.41572703752021
0.341446684613036,2.41572987733462
0.341581952729998,2.41573271630445
0.341717242842905,2.41573555442935
0.341852555025778,2.41573839171191
0.341987889172351,2.41574122815386
0.342123245044717,2.41574406375354
0.342258622826517,2.41574689850642
0.34239402275555,2.41574973241509
0.342529444708937,2.41575256548418
0.342664888371501,2.4157553977122
0.342800354201351,2.41575822909327
0.342935841879731,2.41576105963467
0.343071351687448,2.4157638893318
0.343206883324823,2.41576671818897
0.343342436828018,2.41576954620149
0.343478012539666,2.41577237336927
0.343613610060782,2.41577519969839
0.343749229700199,2.41577802518268
0.343884871267776,2.41578084982667
0.344020534694055,2.41578367362768
0.344156220287424,2.41578649658405
0.344291927701852,2.41578931870101
0.344427657295755,2.4157921399732
0.34456340891999,2.41579496040616
0.344699182672307,2.41579777999808
0.344834978300371,2.41580059875042
0.344970795994712,2.41580341665892
0.345106635706525,2.4158062337263
0.345242497335546,2.41580904995211
0.345378381452485,2.41581186533451
0.345514287450259,2.4158146798833
0.345650215506351,2.41581749358924
0.345786165627052,2.41582030645406
0.345922137877187,2.41582311847813
0.346058132024342,2.41582592966264
0.346194148433765,2.41582874000368
0.34633018680245,2.41583154950709
0.346466247151218,2.41583435816843
0.346602329675754,2.41583716598738
0.346738434253661,2.41583997296734
0.346874560967365,2.41584277910668
0.347010709780648,2.41584558440661
0.347146880732635,2.41584838886666
0.34728307385133,2.41585119248746
0.347419288998512,2.4158539952696
0.347555526463396,2.41585679721074
0.347691786082719,2.4158595983156
0.347828067735944,2.41586239858204
0.347964371609971,2.41586519800763
0.348100697641571,2.41586799659526
0.348237045883698,2.41587079434428
0.348373416076704,2.41587359125552
0.348509808560256,2.41587638732457
0.348646223045247,2.4158791825567
0.34878265987126,2.41588197694766
0.348919118950748,2.41588477050276
0.349055600240486,2.41588756322128
0.349192103513701,2.41589035510235
0.349328629265952,2.4158931461419
0.34946517706422,2.41589593634794
0.349601746967658,2.41589872571417
0.349738339261033,2.41590151424066
0.349874953756776,2.41590430193238
0.350011590493308,2.41590708878685
0.350148249450473,2.41590987480435
0.350284930541305,2.41591265998459
0.350421633723605,2.41591544432602
0.350558359175038,2.41591822782768
0.350695106968368,2.41592101049252
0.350831877039164,2.41592379232228
0.350968669374121,2.41592657331611
0.351105484117789,2.41592935347365
0.351242320906023,2.41593213279737
0.351379180077741,2.41593491128133
0.351516061513242,2.41593768893052
0.351652965125097,2.41594046574365
0.351789890928227,2.415943241719
0.351926839267973,2.4159460168566
0.352063809774262,2.41594879116244
0.352200802583292,2.41595156463103
0.352337817564089,2.41595433726392
0.352474854764296,2.41595710905909
0.352611914508171,2.41595988001706
0.352748996552275,2.41596265014355
0.352886100832797,2.41596541943522
0.353023227450913,2.41596818789048
0.353160376469359,2.41597095551086
0.353297547688177,2.41597372229767
0.353434741157434,2.4159764882477
0.353571957117176,2.41597925336132
0.353709195526599,2.41598201764276
0.353846456267718,2.41598478109196
0.353983739234219,2.41598754370691
0.354121044611379,2.41599030548547
0.354258372340807,2.41599306643055
0.354395722641707,2.41599582654158
0.354533095057009,2.41599858582227
0.354670489847606,2.41600134426536
0.354807907211241,2.41600410187423
0.354945346974089,2.41600685865281
0.355082808958249,2.41600961459873
0.355220293427458,2.41601236970862
0.355357800165737,2.41601512398649
0.355495329521485,2.41601787742927
0.355632881171852,2.41602063004249
0.355770455491978,2.41602338182149
0.35590805205043,2.41602613277197
0.356045670992003,2.41602888288747
0.356183312305539,2.41603163216949
0.356320976056862,2.4160343806181
0.356458662112904,2.41603712823445
0.356596370650469,2.41603987501648
0.356734101899313,2.41604262096691
0.356871855469169,2.41604536609009
0.357009631568969,2.41604811038006
0.357147430185575,2.41605085383949
0.357285251280304,2.41605359646858
0.357423094572737,2.41605633826673
0.357560960458346,2.41605907922911
0.357626124757099,2.41606181936173
0.357691289055852,2.41606332508383
0.357751820457119,2.41606464742048
0.357874156484897,2.41606586623671
0.357996557660688,2.41606812354877
0.358121617954438,2.41607054567923
0.358248257917135,2.41607304330278
0.358376283282461,2.41607558363042
0.358505540256855,2.41607815767496
0.358635903995765,2.4160807608262
0.358767257258978,2.41608338969956
0.358899489626987,2.41608604128684
0.359032496711373,2.41608871281014
0.359166182016016,2.4160914016821
0.359300457756824,2.41609410552784
0.359435244589005,2.4160968221981
0.359570472082884,2.41609954976211
0.359706078084287,2.41610228651046
0.35984200842863,2.41610503094035
0.359978216317081,2.41610778174454
0.360114661493643,2.41611053779534
0.360251309533499,2.41611329812477
0.36038813116786,2.41611606190638
0.360525101939824,2.41611882843832
0.360662200806251,2.41612159713262
0.360799410251809,2.41612436748754
0.360936715758727,2.4161271390837
0.361074105269575,2.41612991157301
0.361211568547171,2.41613268466646
0.361349097017341,2.41613545812032
0.361486683165849,2.41613823173043
0.361624321742567,2.41614100532033
0.361762007694397,2.41614377875955
0.361899736966293,2.41614655193034
0.362037506116845,2.41614932473595
0.362175312507746,2.41615209709501
0.362313153884833,2.41615486894361
0.362451028327122,2.41615764022818
0.362588934201753,2.41616041090335
0.362726870277458,2.4161631809307
0.36286483529666,2.41616595028036
0.363002828596605,2.41616871892386
0.363140849247577,2.41617148684352
0.363278896661081,2.4161742540191
0.363416970433542,2.4161770204361
0.363555070343252,2.41617978608431
0.363693195796939,2.41618255095746
0.36383134666226,2.41618531504369
0.363969522711598,2.4161880783383
0.364107723713289,2.41619084083618
0.364245949267546,2.41619360253215
0.364384199475455,2.41619636341825
0.364522474294789,2.41619912349472
0.364660773603767,2.41620188276062
0.36479909739324,2.41620464121355
0.364937445340502,2.4162073988528
0.36507581764726,2.41621015567264
0.365214214218902,2.41621291167553
0.365352635008067,2.41621566686013
0.365491079911544,2.41621842122536
0.365629549104046,2.41622117476923
0.365768042440756,2.41622392749437
0.365906560020731,2.41622667939867
0.366045101576749,2.41622943048346
0.366183667199,2.41623218074435
0.366322257229326,2.41623493018222
0.366460871233906,2.41623767880298
0.366599509363327,2.41624042660012
0.366738171699877,2.41624317357523
0.366876858197921,2.41624591972992
0.367015568780859,2.41624866506366
0.36715430317789,2.41625140957506
0.367293062071088,2.41625415325932
0.367431845126272,2.41625689612728
0.367570652322741,2.4162596381749
0.367709483603403,2.41626237940122
0.367848339035563,2.41626511980513
0.367987218902466,2.4162678593876
0.368126122903811,2.41627059815358
0.368265051063215,2.41627333609873
0.368404003334419,2.41627607322278
0.368542979825856,2.41627880952494
0.368681980490434,2.41628154500692
0.368821005395485,2.41628427966818
0.368960054446611,2.41628701350978
0.369099127641525,2.4162897465303
0.369238225091011,2.41629247872949
0.369377346843842,2.41629521010918
0.369516492731482,2.41629794067049
0.369655662945361,2.41630067041074
0.369794857575474,2.41630339933277
0.369934075964528,2.4163061274385
0.370073318835818,2.4163088547172
0.370212586109155,2.41631158117942
0.370351877628578,2.4163143068254
0.370491193246333,2.41631703165255
0.370630532927376,2.41631975565804
0.370769896890215,2.41632247884085
0.370909285381811,2.41632520120451
0.371048698072631,2.4163279227537
0.371188135095987,2.4163306434836
0.371327596382667,2.41633336339573
0.371467081942691,2.41633608248917
0.371606591710394,2.41633880076396
0.371746125958788,2.41634151821903
0.371885684679146,2.41634423485878
0.372025267484186,2.41634695068373
0.372164874817634,2.41634966568751
0.372304506076044,2.41635237987658
0.372444161849991,2.41635509324186
0.372583842061953,2.41635780579185
0.372723546385642,2.41636051752654
0.372863275298263,2.41636322844052
0.37300302850202,2.41636593854091
0.373142806135653,2.41636864782385
0.373282607926411,2.41637135629109
0.373422434260268,2.41637406393835
0.373562284973637,2.41637677077144
0.373702160025977,2.41637947678851
0.373842059478733,2.41638218198863
0.373981983254701,2.4163848863727
0.37412193155804,2.41638758993958
0.374261904199173,2.41639029269251
0.374401901123168,2.41639299462883
0.374541922567142,2.41639569574727
0.374681968203575,2.41639839605158
0.374822038371634,2.41640109553691
0.374962133052266,2.41640379420816
0.375102252035055,2.41640649206578
0.375242395603123,2.41640918910636
0.375382563572639,2.41641188533409
0.375522756197363,2.41641458074657
0.375662973151787,2.41641727534766
0.375803214626153,2.41641996913256
0.375943480563802,2.41642266210373
0.376083771088332,2.41642535426061
0.376224085872473,2.41642804560517
0.376364425255843,2.41643073613234
0.376504789031516,2.41643342584696
0.37664517722184,2.41643611474639
0.376785590062189,2.41643880283061
0.376926027234256,2.41644149010351
0.37706648895764,2.41644417656046
0.377206975218159,2.4164468622044
0.377347486007193,2.41644954703555
0.377488021273815,2.41645223105382
0.37762858105963,2.41645491425839
0.377769165350917,2.41645759664984
0.377909774356721,2.41646027822805
0.378050407845002,2.41646295899645
0.378191065811957,2.41646563895177
0.378331748406642,2.41646831809348
0.378472455461808,2.41647099642396
0.378613187113127,2.41647367394086
0.378753943317326,2.41647635064607
0.378894724188171,2.41647902653918
0.37903552949855,2.41648170162202
0.379176359373704,2.41648437589117
0.37931721394253,2.41648704934819
0.379458093053659,2.41648972199545
0.379598996934285,2.41649239383084
0.379739925290474,2.41649506485778
0.379880878017577,2.41649773507202
0.380021855670552,2.41650040447124
0.380162857891234,2.41650307306416
0.380303884833294,2.41650574084628
0.380444936301937,2.41650840781943
0.380586012433207,2.41651107398076
0.380727113064548,2.41651373933207
0.380868238665714,2.41651640387104
0.381009388746149,2.41651906760494
0.381150563543466,2.41652173052694
0.381291763033427,2.4165243926399
0.381432987057131,2.41652705394387
0.381574235972886,2.41652971443632
0.38171550945909,2.4165323741227
0.381856807448172,2.41653503299864
0.381998130123135,2.41653769106243
0.382139477475855,2.41654034831681
0.38228084968546,2.41654300476208
0.382422246684585,2.41654566040121
0.382563668439335,2.41654831523356
0.382705114685987,2.41655096925854
0.382846585697118,2.41655362247181
0.382988081319499,2.41655627487718
0.383129601782993,2.41655892647276
0.383271146977529,2.41656157726201
0.383412716855935,2.4165642272437
0.383554311578132,2.41656687641691
0.38369593084149,2.41656952478411
0.383837575096735,2.41657217234083
0.383979244043812,2.41657481909369
0.384120937749134,2.41657746503887
0.384262656078311,2.4165801101769
0.384404399155488,2.41658275450575
0.384546167196481,2.41658539802713
0.384687959957159,2.41658804074479
0.384829777358979,2.41659068265539
0.384971619789078,2.41659332375724
0.385113486990572,2.41659596405629
0.385255378900183,2.41659860354935
0.385397295518397,2.41660124223497
0.385539237048867,2.41660388011298
0.385681203537194,2.41660651718664
0.385823194879259,2.4166091534572
0.385965210912093,2.41661178892319
0.386107251856004,2.41661442358185
0.386249317638079,2.41661705743631
0.386391407985165,2.4166196904859
0.386533523614221,2.41662232272622
0.386675664059278,2.41662495416806
0.386817829178515,2.41662758480562
0.386960019290664,2.41663021463584
0.387102234182608,2.41663284366336
0.387244474055743,2.41663547188551
0.387386738898761,2.41663809930515
0.387529028356267,2.41664072592253
0.387671342793046,2.4166433517321
0.387813682066142,2.41664597673887
0.387956046207273,2.41664860094133
0.388098435347191,2.41665122433982
0.388240849449119,2.41665384693648
0.388383288324481,2.41665646873109
0.388525752172919,2.41665908972066
0.388668241076019,2.41666170990796
0.388810754728945,2.4166643292947
0.388953293333438,2.41666694787637
0.389095856929418,2.41666956565553
0.389238445419003,2.41667218263322
0.389381058711266,2.41667479880809
0.389523697197197,2.41667741417854
0.389666360581574,2.41668002875055
0.389809048885904,2.41668264252037
0.389951762104163,2.41668525548784
0.390094500392318,2.41668786765287
0.390237263757386,2.41669047901794
0.390380052042499,2.41669308958357
0.390522865278509,2.4166956993474
0.390665703519982,2.41669830830962
0.390808566769938,2.41670091647114
0.390951455274832,2.41670352383219
0.391094368787214,2.41670613039671
0.391237307234897,2.41670873616143
0.391380270481411,2.41671134112478
0.391523258854642,2.41671394528443
0.391666272272586,2.41671654864522
0.391809310580703,2.41671915120662
0.391952374166518,2.41672175296618
0.392095462726182,2.41672435392963
0.392238576317092,2.41672695409312
0.392381715147809,2.416729553457
0.392524878900554,2.41673215202464
0.39266806756569,2.41673474979159
0.392811281309372,2.41673734675712
0.392954520150296,2.41673994292373
0.393097784130578,2.41674253829215
0.393241073105701,2.41674513286317
0.393384387303909,2.4167477266347
0.393527726451268,2.41675031961004
0.393671090887912,2.41675291178543
0.393814480325452,2.41675550316567
0.393957894960273,2.41675809374702
0.394101334751034,2.41676068353202
0.394244799537669,2.41676327252045
0.394388289425288,2.41676586070983
0.394531804519848,2.41676844810149
0.394675344901333,2.41677103469729
0.394818910377095,2.4167736204988
0.394962500779378,2.4167762055033
0.395106116580868,2.41677878970784
0.395249757380337,2.41678137311936
0.395393423345155,2.41678395573271
0.395537114370519,2.41678653754976
0.395680830798069,2.41678911856922
0.395824572471944,2.41679169879622
0.395968339085547,2.41679427822916
0.39611213084912,2.4167968568631
0.396255947881852,2.41679943470062
0.396399789996164,2.41680201174398
0.396543657436606,2.41680458799067
0.396687549872045,2.41680716344414
0.396831467829732,2.41680973809983
0.396975410667368,2.41681231196525
0.397119378770944,2.41681488503165
0.39726337245478,2.41681745730375
0.397407391197719,2.4168200287871
0.397551435129393,2.41682259947457
0.397695504305566,2.41682516936713
0.397839598770846,2.41682773846585
0.397983718389579,2.4168303067716
0.398127863254458,2.41683287428249
0.398272033488159,2.4168354409997
0.398416228995774,2.41683800692535
0.398560449819081,2.41684057205833
0.398704695901239,2.41684313639916
0.398848967216227,2.41684569994711
0.398993263809876,2.4168482627017
0.399137585764157,2.41685082466364
0.399281932952068,2.41685338583432
0.399426305423929,2.41685594621205
0.399570703197172,2.41685850579741
0.399715126258123,2.41686106459079
0.399859574691706,2.4168636225921
0.400004048343488,2.41686617980267
0.400148547241775,2.41686873622038
0.400293071487284,2.41687129184542
0.400437621197702,2.41687384667939
0.400582195972515,2.41687640072438
0.400726796339504,2.41687895397464
0.400871422044124,2.41688150643741
0.401016072986957,2.41688405810993
0.401160749510732,2.41688660899033
0.401305451332798,2.4168891590836
0.401450178447497,2.41689170838623
0.401594930820093,2.41689425689766
0.401739708649147,2.41689680461735
0.401884511741678,2.41689935154828
0.402029340481205,2.41690189768802
0.402174194618719,2.41690444304206
0.402319074163101,2.41690698760749
0.402463979092031,2.41690953138407
0.402608909346285,2.41691207437147
0.402753865043615,2.41691461656882
0.402898846285846,2.4169171579778
0.403043852746858,2.41691969860027
0.403188884698235,2.41692223843162
0.40333394205048,2.41692477747534
0.403479024984305,2.41692731573063
0.403624133172799,2.41692985320015
0.403769267117006,2.41693238987942
0.403914426103758,2.4169349257754
0.404059610676119,2.41693746087839
0.404204820890755,2.41693999519524
0.404350056245439,2.41694252872784
0.404495317306755,2.41694506146896
0.404640603817068,2.41694759342612
0.404785915806297,2.41695012459661
0.404931253121028,2.41695265498053
0.405076616100558,2.41695518457565
0.405222004564959,2.41695771338679
0.405367418418159,2.41696024141201
0.40551285777624,2.41696276864964
0.405658322677513,2.41696529510124
0.405803813327214,2.41696782076766
0.405949329243088,2.41697034565214
0.406094870793691,2.41697286974801
0.406240437717397,2.41697539305986
0.406386030152375,2.4169779155845
0.406531648146214,2.41698043732359
0.406677291827637,2.41698295827815
0.406822961025055,2.41698547845029
0.40696865552844,2.41698799783782
0.407114375722433,2.41699051643735
0.407260121616609,2.41699303425417
0.407405893111158,2.41699555128926
0.407551689836524,2.41699806754131
0.407697512648549,2.41700058300471
0.407843360823982,2.41700309769143
0.407989234533884,2.41700561159249
0.408135133779673,2.41700812470921
0.408281058822929,2.41701063704185
0.408427009448339,2.41701314859439
0.408572985670611,2.41701565936427
0.40871898737764,2.4170181693514
0.408865014852078,2.41702067855415
0.40901106793517,2.41702318697655
0.409157146550806,2.41702569461687
0.409303250760951,2.41702820147381
0.409449380692876,2.41703070754814
0.409595536260287,2.41703321284194
0.409741717289659,2.41703571735426
0.409887924161955,2.41703822108249
0.410034156551586,2.41704072403192
0.410180414531559,2.41704322619858
0.410326698221568,2.41704572758303
0.41047300765465,2.41704822818717
0.410619342768417,2.41705072801183
0.410765703618789,2.41705322705626
0.410912089946704,2.41705572532125
0.411058502009112,2.41705822280314
0.41120493989188,2.41706071950526
0.411351403462991,2.41706321542941
0.411497892659633,2.41706571057397
0.411644407576635,2.41706820493783
0.411790948276388,2.4170706985223
0.411937514961683,2.41707319132854
0.412084106924742,2.41707568335976
0.412230724786119,2.41707817460608
0.412377368209083,2.41708066507526
0.412524037563486,2.41708315476353
0.412670732714717,2.41708564367584
0.412817453543242,2.41708813181099
0.412964200178738,2.4170906191671
0.413110972314354,2.41709310574589
0.41325777030519,2.41709559154315
0.413404594247936,2.41709807656356
0.413551443727419,2.41710056080924
0.413698318975302,2.41710304427451
0.413845220097097,2.417105526962
0.41399214703523,2.41710800887369
0.414139099713194,2.41711049000907
0.414286078294593,2.41711297036703
0.414433082576285,2.41711544994986
0.414580112789838,2.41711792875497
0.414727168671129,2.41712040678545
0.414874250507205,2.41712288403794
0.415021358119793,2.41712536051621
0.415168491641879,2.41712783621827
0.415315650769366,2.41713031114583
0.415462835806952,2.41713278529477
0.415610046791599,2.41713525866901
0.415757283431612,2.4171377312697
0.415904545896387,2.41714020309283
0.416051834173485,2.41714267414037
0.416199148558067,2.41714514441247
0.416346488645325,2.41714761391349
0.416493854532452,2.41715008263826
0.416641246318079,2.41715255058752
0.416788664270005,2.41715501776285
0.416936107802073,2.41715748416843
0.417083577166146,2.41715994979644
0.417231072673609,2.41716241464947
0.41737859393207,2.41716487873244
0.417526141017212,2.41716734204048
0.417673714251924,2.41716980457403
0.417821312991735,2.41717226633787
0.417968937844586,2.41717472732349
0.418116588649654,2.41717718753846
0.418264265381281,2.41717964698165
0.418411967984182,2.41718210565256
0.418559696476923,2.41718456355042
0.418707451045101,2.41718702067543
0.418855231461389,2.41718947703036
0.419003037947372,2.4171919326124
0.419150870510465,2.41719438742441
0.419298728829236,2.41719684146696
0.419446613000794,2.41719929473558
0.419594523304151,2.41720174723111
0.419742459351028,2.41720419895772
0.419890421609772,2.41720664991052
0.42003840976917,2.41720910009558
0.420186424055383,2.41721154950938
0.420334464061385,2.41721399815472
0.420482530109787,2.41721644602625
0.420630622364,2.41721889312788
0.420778740614922,2.41722133946258
0.420926884710626,2.41722378502784
0.421075054901858,2.4172262298212
0.421223250959488,2.41722867384597
0.42137147301445,2.41723111709942
0.42151972123243,2.41723355958309
0.421667995333693,2.41723600129963
0.421816295557057,2.4172384422455
0.421964621951974,2.41724088242367
0.422112974339421,2.41724332183533
0.422261352779765,2.41724576047817
0.422409757345533,2.41724819835278
0.422558187632895,2.41725063546035
0.422706644149412,2.4172530717954
0.422855126887446,2.4172555073644
0.423003635672441,2.41725794216824
0.423152170535653,2.41726037620464
0.42330073144834,2.41726280947378
0.423449318423002,2.41726524197536
0.423597931541108,2.41726767370957
0.423746570677355,2.41727010467768
0.423895235968209,2.41727253487814
0.424043927343963,2.41727496431275
0.424192644881099,2.41727739298085
0.424341388691463,2.41727982088348
0.424490158438871,2.41728224802245
0.424638954518331,2.41728467439334
0.424787776615937,2.41728710000115
0.424936624704725,2.41728952484225
0.425085498818505,2.41729194891581
0.425234399205342,2.41729437222226
0.425383325767385,2.41729679476524
0.425532278428483,2.41729921654393
0.425681257417266,2.41730163755725
0.425830262476711,2.4173040578083
0.425979293754509,2.41730647729398
0.426128351201372,2.41730889601602
0.42627743469434,2.41731131397401
0.426426544468271,2.41731373116627
0.426575680396263,2.4173161475959
0.426724842377453,2.41731856326166
0.426874030659951,2.41732097816201
0.427023245259736,2.41732339230028
0.427172485944213,2.41732580567725
0.427321752952613,2.41732821828985
0.427471046225089,2.41733063014103
0.427620365623854,2.41733304123048
0.427769711272968,2.41733545155628
0.427919083054693,2.41733786111996
0.428068481230307,2.41734026992018
0.428217905539297,2.41734267796046
0.428367356172025,2.41734508523774
0.428516832910038,2.41734749175432
0.428666336074966,2.41734989750753
0.428815865434891,2.41735230250157
0.428965421122926,2.41735470673386
0.429115002879434,2.41735711020597
0.429264611045489,2.41735951291459
0.429414245342938,2.41736191486404
0.429563906123128,2.41736431605117
0.429713593045357,2.41736671648047
0.429863306359773,2.41736911614792
0.430013045771722,2.4173715150565
0.43016281173153,2.41737391320261
0.430312603844002,2.41737631059207
0.43046242226166,2.41737870722029
0.430612267109996,2.41738110308881
0.430762138229773,2.41738349819965
0.430912035520867,2.41738589255098
0.43106195917267,2.41738828614122
0.431211909159303,2.41739067897284
0.431361885599448,2.41739307104592
0.431511888362394,2.41739546236216
0.431661917331684,2.41739785292009
0.431811972760304,2.41740024271796
0.431962054531651,2.41740263175908
0.432112162567629,2.4174050200424
0.432262297075111,2.41740740756675
0.432412457960887,2.41740979433491
0.432562645421148,2.41741218034605
0.43271285913987,2.41741456560282
0.432863099068574,2.41741695010134
0.433013365599302,2.41741933384045
0.433163658292517,2.41742171682546
0.433313977538237,2.41742409905115
0.433464323173986,2.41742648052222
0.433614695197647,2.41742886123719
0.433765093649178,2.41743124119587
0.433915518392489,2.41743362039887
0.434065969665306,2.4174359988445
0.434216447249522,2.41743837653582
0.434366951255487,2.41744075347039
0.43451748185118,2.41744312964943
0.434668038975798,2.41744550507548
0.434818622474467,2.41744787974815
0.434969232312231,2.41745025366534
0.435119868627929,2.41745262682636
0.435270531472037,2.41745499923307
0.435421220639474,2.4174573708865
0.435571936287872,2.41745974178409
0.435722678456967,2.4174621119277
0.435873447202345,2.41746448131819
0.436024242292409,2.41746684995653
0.436175063996037,2.41746921783978
0.436325911957912,2.41747158497126
0.436476786637828,2.41747395134667
0.436627687748003,2.41747631697175
0.436778615464716,2.41747868184346
0.436929569577976,2.41748104596384
0.437080550304807,2.41748340933042
0.437231557549204,2.41748577194585
0.437382591357769,2.41748813380929
0.437533651469548,2.41749049492133
0.437684738172814,2.4174928552786
0.437835851515411,2.41749521488459
0.437986991600027,2.41749757374054
0.438138158052082,2.41749993184806
0.438289351195599,2.41750228920242
0.438440570812017,2.41750464580737
0.438591816862676,2.4175070016606
0.438743089409013,2.41750935676132
0.438894388698094,2.41751171111034
0.439045714510781,2.41751406471117
0.439197066947987,2.41751641756144
0.439348446044155,2.41751876966225
0.439499851672484,2.41752112101429
0.439651283834742,2.41752347161603
0.439802742609995,2.41752582146735
0.439954227984133,2.41752817056939
0.440105740083154,2.41753051892218
0.440257278626243,2.41753286652751
0.44040884392448,2.41753521338194
0.440560435889824,2.41753755948922
0.440712054283805,2.41753990484879
0.440863699386426,2.41754224945745
0.441015371197266,2.41754459331858
0.441167069562962,2.41754693643272
0.441318794687966,2.41754927879799
0.441470546496424,2.41755162041692
0.441622324948222,2.41755396128893
0.441774130067036,2.41755630141349
0.441925961681247,2.41755864079092
0.442077820070252,2.41756097941904
0.442229705166698,2.41756331730137
0.442381616906637,2.41756565443757
0.442533555011912,2.41756799082683
0.442685520011118,2.41757032646539
0.4428375116775,2.41757266135988
0.442989530207827,2.41757499550826
0.443141575290323,2.41757732891295
0.443293647165822,2.41757966157022
0.443445745692585,2.41758199348282
0.443597870976737,2.41758432464935
0.443750022738115,2.41758665507108
0.44390220132911,2.41758898474457
0.444054406661225,2.41759131367408
0.444206638696128,2.41759364185912
0.444358897697287,2.41759596929919
0.444511183398749,2.4175982959978
0.444663496131143,2.41760062195197
0.444815835195472,2.41760294716576
0.444968201101755,2.41760527163056
0.445120593764856,2.41760759535199
0.445273013239198,2.4176099183298
0.445425459442216,2.41761224056475
0.445577932557571,2.41761456205594
0.44573043238648,2.41761688280574
0.445882958884469,2.41761920281194
0.446035512351033,2.41762152207372
0.44618809248429,2.41762384059501
0.446340699299345,2.41762615837245
0.44649333324385,2.41762847540585
0.446645993756993,2.41763079170117
0.446798681192605,2.41763310725193
0.446951395402621,2.41763542206195
0.44710413643146,2.41763773612992
0.447256904101926,2.41764004945631
0.447409698793025,2.41764236203894
0.447562520261731,2.41764467388256
0.44771536861367,2.41764698498474
0.447868243787767,2.41764929534659
0.448021145912327,2.41765160496755
0.448174074743998,2.4176539138493
0.448327030424611,2.41765622198897
0.448480012925439,2.41765852938811
0.448633022383928,2.41766083604662
0.448786058834043,2.41766314196638
0.448939122220294,2.41766544714818
0.449092212410097,2.41766775159147
0.449245329368047,2.41767005529453
0.449398473083886,2.41767235825674
0.449551643926058,2.41767466047796
0.449704841601653,2.41767696196307
0.449858066240061,2.417679262709
0.450011317916007,2.41768156271709
0.450164596467616,2.41768386198858
0.450317901929729,2.41768616052162
0.450471234315362,2.41768845831648
0.450624593535343,2.41769075537346
0.450777979738843,2.41769305169151
0.450931392558369,2.41769534727252
0.451084832634529,2.41769764211205
0.451238299659766,2.4176999362179
0.451391793521407,2.41770222958723
0.451545314389328,2.41770452221828
0.451698862266956,2.41770681411307
0.451852437048556,2.41770910527201
0.45200603876755,2.41771139569389
0.45215966760186,2.41771368537903
0.452313323391462,2.41771597432988
0.452467006125109,2.41771826254479
0.452620715833829,2.41772055002345
0.452774452594065,2.41772283676631
0.452928216373815,2.41772512277451
0.453082007045451,2.41772740804787
0.453235824774608,2.4177296925848
0.453389669602819,2.4177319763873
0.453543541209649,2.41773425945627
0.453697439738059,2.41773654178778
0.453851365564726,2.41773882338323
0.454005318306469,2.41774110424772
0.454159298208082,2.41774338437713
0.454313305002277,2.41774566377411
0.454467338872118,2.41774794243568
0.454621400005232,2.41775022036385
0.454775488086054,2.4177524975614
0.454929603148584,2.41775477402474
0.455083745399036,2.4177570497539
0.455237914833832,2.4177593247516
0.455392111275394,2.41776159901826
0.455546334579116,2.41776387255175
0.455700585138053,2.41776614535001
0.455854862595946,2.41776841741785
0.456009167134298,2.41777068875148
0.45616349874975,2.41777295935278
0.456317857552019,2.41777522922205
0.456472243578287,2.41777749836082
0.456626656671063,2.41777976676985
0.456781097121283,2.41778203444733
0.45693556447202,2.41778430139678
0.457090058895908,2.41778656761296
0.457244580560341,2.41778883309743
0.457399129102924,2.41779109785262
0.457553704822909,2.41779336187433
0.45770830781921,2.41779562516589
0.457862937948066,2.41779788772909
0.458017595140706,2.41780014956243
0.458172279416325,2.41780241066493
0.458326991028675,2.41780467103677
0.458481729651127,2.41780693068127
0.45863649560058,2.41780918959485
0.458791288705778,2.41781144778111
0.458946109102565,2.41781370523845
0.459100956409333,2.41781596196847
0.459255831010611,2.41781821796663
0.459410732905479,2.41782047323725
0.459565661778871,2.41782272778102
0.459720617974715,2.41782498159412
0.459875601380637,2.41782723468046
0.460030612068786,2.41782948703925
0.460185649743179,2.41783173867136
0.460340714860113,2.41783398957327
0.460495807137141,2.41783623975034
0.460650926590078,2.41783848919982
0.460806073421965,2.41784073792163
0.460961247410187,2.41784298591838
0.461116448695371,2.41784523318773
0.461271677242158,2.41784747973121
0.461426933031306,2.41784972554865
0.461582216177038,2.41785197063989
0.461737526469275,2.41785421500643
0.461892864016063,2.4178564586459
0.462048228666192,2.41785870155944
0.462203620838581,2.41786094374538
0.462359040265104,2.41786318520884
0.462514486778764,2.41786542594724
0.462669960801578,2.41786766595823
0.462825462052146,2.41786990524684
0.462980990456,2.41787214381033
0.463136546408421,2.41787438164749
0.463292129634937,2.41787661876317
0.463447740059864,2.41787885515469
0.463603377953002,2.41788109082082
0.463759043052048,2.41788332576485
0.463914735485599,2.41788555998404
0.464070455071379,2.41788779347971
0.464226202078183,2.41789002624985
0.464381976581492,2.41789225829763
0.464537778363268,2.41789448962449
0.46469360754359,2.41789672022802
0.464849464024482,2.41789895010945
0.465005347858369,2.41790117926783
0.465161258932599,2.41790340770376
0.465317197566432,2.41790563541601
0.46547316333732,2.41790786240846
0.465629156638881,2.41791008867649
0.465785177404376,2.41791231422443
0.465941225554827,2.41791453905213
0.466097300998792,2.41791676315868
0.466253403858884,2.41791898654291
0.46640953406001,2.41792120920626
0.466565691817696,2.41792343114808
0.466721876955987,2.41792565237104
0.466878089185659,2.41792787287342
0.467034329256702,2.41793009265149
0.467190596358349,2.41793231171408
0.467346891008139,2.4179345300525
0.467503213300227,2.41793674767201
0.467659562911112,2.4179389645746
0.467815940061173,2.41794118075662
0.467972344636742,2.41794339622038
0.468128776444624,2.41794561096488
0.468285236023651,2.41794782498768
0.468441723000478,2.41795003829519
0.468598237212217,2.41795225088376
0.468754778958623,2.41795446275098
0.468911348314329,2.41795667390029
0.469067945096429,2.41795888433316
0.469224569449936,2.41796109404765
0.469381221158327,2.41796330304534
0.469537900358182,2.41796551132388
0.469694607123917,2.41796771888472
0.469851341466295,2.41796992572905
0.470008103106533,2.41797213185724
0.470164892572483,2.41797433726604
0.470321709272189,2.41797654196153
0.470478553660139,2.4179787459374
0.470635425512648,2.41798094919842
0.470792324999319,2.4179831517426
0.470949251897937,2.41798535357182
0.471106206269065,2.41798755468372
0.471263188119288,2.4179897550788
0.471420197597105,2.41799195475731
0.471577234628567,2.41799415372116
0.471734299099151,2.41799635196981
0.471891391262928,2.41799854950187
0.472048511033388,2.41800074632035
0.472205658009633,2.41800294242467
0.472362832636764,2.41800513780998
0.472520035056273,2.41800733248111
0.472677265249657,2.41800952644053
0.472834522958442,2.41801171968843
0.472991808216332,2.41801391222179
0.473149121081761,2.41801610404069
0.473306461573274,2.41801829514593
0.473463829682484,2.41802048553794
0.473621225270386,2.41802267521676
0.473778648395085,2.4180248641808
0.473936099434762,2.41802705243064
0.474093577952567,2.41802923997102
0.474251084133396,2.41803142679739
0.474408617884436,2.41803361291145
0.474566179340842,2.4180357983124
0.474723768369136,2.41803798300185
0.474881385176244,2.41804016697849
0.475039029458914,2.41804235024474
0.47519670153359,2.41804453279734
0.475354401232597,2.41804671463976
0.475512128607122,2.41804889577055
0.475669883741405,2.41805107619019
0.47582766633427,2.41805325589987
0.475985476750751,2.41805543489621
0.476143314591589,2.41805761318322
0.476301180358004,2.41805979075674
0.476459073865487,2.41806196762232
0.47661699495673,2.41806414377859
0.476774943886437,2.41806631922354
0.476932920665247,2.41806849396006
0.477090925113809,2.41807066798874
0.47724895696577,2.41807284130762
0.477407016774692,2.41807501391331
0.47756510423882,2.41807718581207
0.47772321932432,2.41807935700124
0.477881362306602,2.41808152748014
0.47803953280155,2.41808369725204
0.478197731338322,2.41808586631291
0.478355957502629,2.41808803466859
0.478514211415725,2.41809020231502
0.478672493240165,2.41809236925319
0.478830802570545,2.41809453548525
0.478989139775589,2.41809670100675
0.479147504711881,2.41809886582157
0.479305897483257,2.41810102992863
0.479464318199314,2.41810319332908
0.47962276668182,2.41810535602449
0.47978124283504,2.41810751801302
0.479939746866132,2.41810967929339
0.480098278588427,2.41811183986797
0.48025683820776,2.41811399973494
0.480415425585333,2.41811615889661
0.480574040688728,2.41811831735171
0.480732683555385,2.41812047509979
0.480891354349616,2.41812263214132
0.481050053149858,2.41812478847839
0.481208779783253,2.4181269441123
0.481367534164029,2.41812909904128
0.481526316442941,2.41813125326414
0.481685126356057,2.41813340678261
0.481843964258759,2.41813555959389
0.482002830080242,2.41813771170188
0.482161723530976,2.41813986310637
0.482320645118922,2.418142013804
0.482479594381019,2.41814416380039
0.482638571552612,2.41814631309094
0.482797576624264,2.41814846167788
0.482956609413634,2.4181506095615
0.483115670377423,2.41815275673977
0.483274759223356,2.41815490321789
0.483433875909511,2.4181570489932
0.483593020491925,2.41815919406495
0.483752192802803,2.41816133843376
0.483911393230582,2.41816348209786
0.484070621540749,2.41816562506165
0.484229877931861,2.41816776732306
0.484389162061306,2.41816990888422
0.484548474174911,2.4181720497415
0.484707814289523,2.41817418989737
0.484867182284231,2.41817632935246
0.485026578177107,2.41817846810553
0.485186001875336,2.41818060615669
0.485345453665877,2.41818274350499
0.485504933399176,2.41818488015373
0.485664441071137,2.41818701610169
0.48582397679257,2.41818915134877
0.485983540547647,2.41819128589631
0.486143132228899,2.41819341974441
0.486302751955792,2.41819555289191
0.486462399595583,2.41819768534014
0.486622075284693,2.41819981708783
0.486781778824582,2.41820194813647
0.48694151033081,2.41820407848404
0.48710126994759,2.41820620813172
0.487261057685513,2.41820833708142
0.487420873316356,2.41821046533362
0.48758071688891,2.4182125928858
0.487740588391512,2.41821471973831
0.487900488188652,2.41821684589112
0.488060416179774,2.41821897134856
0.4882203719723,2.41822109611013
0.488380355681689,2.4182232201713
0.488540367593463,2.41822534353288
0.488700407668271,2.4182274661984
0.488860475804882,2.41822958816794
0.489020571924927,2.41823170944044
0.489180696152905,2.41823383001493
0.489340848271537,2.41823594989283
0.489501028330336,2.41823806907189
0.489661236666897,2.41824018755248
0.489821473122755,2.41824230533863
0.489981737725548,2.41824442242915
0.49014203030795,2.41824653882429
0.490302350935036,2.41824865452223
0.490462699783089,2.41825076952357
0.490623076778672,2.41825288383051
0.49078348199054,2.41825499744259
0.490943915067539,2.41825711036063
0.491104376192204,2.41825922258079
0.49126486579224,2.41826133410474
0.491425383320049,2.4182634449377
0.491585929156184,2.41826555507419
0.491746503009562,2.41826766451791
0.491907105096485,2.41826977326612
0.492067735142663,2.41827188132102
0.492228393434954,2.41827398867985
0.492389079919611,2.41827609534561
0.492549794525583,2.41827820131819
0.492710537244898,2.41828030659683
0.492871308266168,2.41828241118145
0.493032107571957,2.41828451507428
0.493192934887308,2.41828661827549
0.493353790229463,2.41828872078206
0.493514673886732,2.41829082259389
0.493675585922575,2.41829292371432
0.493836525872766,2.41829502414463
0.493997494143527,2.41829712387979
0.494158490555193,2.41829922292382
0.494319515152691,2.41830132127533
0.494480568237025,2.41830341893473
0.494641649544642,2.41830551590557
0.494802758953989,2.41830761218543
0.49496389659757,2.41830970777269
0.495125062513067,2.41831180266872
0.495286256602999,2.41831389687424
0.495447479046679,2.41831599038832
0.495608729608103,2.41831808321295
0.495770008528209,2.41832017534583
0.49593131574165,2.41832226678945
0.49609265114069,2.41832435754351
0.496254014741886,2.41832644760683
0.496415406670474,2.41832853697954
0.496576826753299,2.41833062566315
0.496738275139172,2.418332713656
0.496899752038936,2.41833480095964
0.497061256967539,2.41833688757676
0.497222790347748,2.41833897350231
0.497384352099725,2.41834105874049
0.497545942195904,2.41834314329105
0.497707560445906,2.41834522715372
0.497869207014606,2.41834731032643
0.498030881924034,2.41834939281083
0.49819258539569,2.41835147460749
0.498354317189458,2.41835355571907
0.498516077063553,2.4183556361433
0.498677865479757,2.41835771587725
0.498839682035074,2.41835979492582
0.499001527152426,2.41836187328522
0.499163400331157,2.41836395095979
0.499325302094713,2.41836602794457
0.499487232095256,2.41836810424486
0.499649190454526,2.41837017985757
0.499811177241454,2.41837225478373
0.499973192433893,2.41837432902434
0.500135236149228,2.41837640257938
0.500297308019363,2.41837847545025
0.500459408145074,2.4183805476331
0.500621536684447,2.41838261912864
0.500783693930039,2.41838468993883
0.50094587944878,2.41838676006728
0.501108093590928,2.41838882950972
0.501270336022675,2.41839089826958
0.501432606704498,2.41839296634369
0.50159490604885,2.41839503373127
0.50175723368463,2.4183971004369
0.501919589738195,2.41839916645716
0.502081974358724,2.41840123179308
0.502244387250549,2.41840329644654
0.50240682846414,2.41840536041461
0.502569298514117,2.41840742369755
0.502731796729246,2.41840948630118
0.502894323361455,2.41841154821894
0.503056878817876,2.41841360945282
0.503219462612767,2.41841567000769
0.503382074967648,2.41841772987892
0.50354471587568,2.41841978906842
0.503707384968174,2.41842184757646
0.503870082479102,2.41842390539909
0.5040328085688,2.41842596253846
0.50419556304814,2.41842801899673
0.504358346099367,2.41843007477219
0.504521157873329,2.4184321298667
0.504683997958566,2.41843418428227
0.504846866856661,2.41843623801471
0.505009764095856,2.41843829106909
0.505172689861692,2.41844034344097
0.505335644046885,2.4184423951319
0.50549862691725,2.41844444614098
0.505661638098988,2.41844649647112
0.50582467799965,2.41844854611868
0.505987746359336,2.41845059508776
0.506150843336245,2.41845264337611
0.506313968872753,2.41845469098529
0.506477122977843,2.41845673791494
0.506640305658953,2.41845878416522
0.506803516913021,2.4184608297363
0.506966756777752,2.41846287462828
0.50713002530662,2.41846491884166
0.507293322277168,2.41846696237719
0.507456647912104,2.41846900523262
0.507620002146458,2.41847104741019
0.50778338492967,2.41847308890955
0.507946796387085,2.41847512973022
0.508110236496968,2.41847716987358
0.50827370506648,2.41847920933967
0.508437202379167,2.41848124812647
0.508600728336186,2.41848328623691
0.508764282912083,2.41848532367038
0.508927866061292,2.41848736042662
0.509091477860833,2.41848939650519
0.509255118328827,2.41849143190695
0.509418787535124,2.4184934666323
0.509582485298039,2.41849550068215
0.509746211724934,2.41849753405474
0.509909966687058,2.41849956675108
0.510073750395607,2.41850159877001
0.510237562785249,2.41850363011374
0.510401403808008,2.41850566078197
0.510565273647686,2.41850769077421
0.510729172072509,2.41850972009248
0.510893099077904,2.41851174873463
0.511057054818401,2.41851377670042
0.511221039569584,2.41851580399157
0.511385052710262,2.41851783061139
0.511549094665605,2.41851985655367
0.51171316547075,2.4185218818223
0.511877264860813,2.41852390641824
0.512041393170891,2.41852593033887
0.512205549988338,2.41852795358752
0.512369735626917,2.41852997616029
0.512533949969839,2.41853199806014
0.512698193101692,2.41853401928627
0.512862464981453,2.4185360398396
0.513026765553302,2.41853805971989
0.513191094859552,2.41854007892659
0.51335545311603,2.41854209746019
0.51351984006576,2.41854411532315
0.513684255564442,2.41854613251312
0.513848700011907,2.41854814902835
0.514013173160923,2.41855016487297
0.514177675330627,2.41855218004497
0.514342206303632,2.41855419454761
0.514506765796873,2.41855620837905
0.514671354234586,2.41855822153613
0.514835971415496,2.41856023402305
0.515000617204949,2.41856224583831
0.51516529209889,2.41856425698036
0.515329995730228,2.41856626745439
0.515494728140335,2.41856827725724
0.51565948941852,2.41857028638905
0.515824279424909,2.41857229485085
0.515989098354985,2.41857430264139
0.516153946240346,2.41857630976269
0.516318823072621,2.41857831621542
0.516483728546276,2.41858032199968
0.516648663007253,2.41858232711231
0.516813626127497,2.41858433155667
0.516978618161991,2.41858633532981
0.517143639064627,2.41858833843414
0.517308688962562,2.41859034086958
0.517473767673118,2.41859234263755
0.517638875451938,2.41859434373639
0.517804011998924,2.41859634416869
0.517969177287937,2.41859834393169
0.518134371776036,2.41860034302484
0.518299595133945,2.418602341453
0.518464847249636,2.41860433921342
0.518630128309008,2.41860633630463
0.518795438070986,2.4186083327285
0.518960776867958,2.41861032848281
0.519126144560674,2.41861232357089
0.51929154146912,2.41861431799179
0.519456967241808,2.41861631174884
0.519622421856181,2.41861830483887
0.519787905446782,2.4186202972613
0.519953417858643,2.41862228901757
0.520118959153454,2.41862428010634
0.520284529716533,2.41862627052815
0.520450129146119,2.41862826028724
0.520615757633196,2.41863024938002
0.520781414986996,2.4186322378081
0.520947101301716,2.41863422556979
0.521112816644408,2.41863621266595
0.52127856093661,2.41863819909749
0.521444334255714,2.41864018486378
0.521610136599414,2.41864216996565
0.521775967752209,2.41864415440327
0.52194182810059,2.4186461381745
0.522107717398699,2.4186481212832
0.522273635887395,2.41865010372737
0.522439583161034,2.41865208550939
0.5226055596672,2.41865406662539
0.522771565167487,2.41865604707964
0.522937599461548,2.4186580268703
0.523103662957831,2.41866000599514
0.523269755427717,2.41866198445819
0.523435876985534,2.41866396225772
0.523602027706997,2.41866593939476
0.523768207439963,2.41866791587032
0.523934416219697,2.41866989168306
0.524100654145291,2.41867186683324
0.524266921085279,2.41867384132202
0.52443321740761,2.41867581514828
0.524599542470906,2.41867778831577
0.524765896858871,2.41867976081843
0.52493228016247,2.41868173266159
0.525098692536623,2.41868370384182
0.525265133938655,2.41868567436035
0.525431604802261,2.41868764421699
0.525598104358504,2.41868961341632
0.52576463340674,2.41869158195103
0.525931191514836,2.41869354982856
0.52609777875903,2.41869551704548
0.526264395035857,2.41869748360222
0.526431040471593,2.41869944949786
0.526597714994593,2.41870141473368
0.526764418623707,2.41870337930919
0.526931151428658,2.41870534322462
0.527097913426909,2.4187073064808
0.527264704312323,2.41870926907811
0.527431524545731,2.41871123101353
0.52759837407034,2.41871319229152
0.52776525248324,2.41871515291215
0.527932160308355,2.41871711287138
0.528099097358795,2.41871907217416
0.528266063718711,2.4187210308193
0.528433059188012,2.41872298880759
0.528600083926906,2.41872494613718
0.528767137801171,2.41872690280956
0.528934220775594,2.41872885882362
0.529101333108199,2.41873081417897
0.529268474436054,2.41873276887827
0.52943564520572,2.41873472291826
0.529602845144457,2.41873667630316
0.529770074374997,2.41873862903083
0.529937332576731,2.41874058110232
0.530104620150404,2.4187425325146
0.530271937289733,2.41874448327144
0.530439283326309,2.41874643337542
0.530606658677758,2.41874838282012
0.53077406334643,2.41875033160906
0.530941497379118,2.41875227974281
0.531108960739333,2.41875422722203
0.531276453222311,2.41875617404649
0.531443974880541,2.41875812021419
0.531611526059431,2.41876006572548
0.531779106357545,2.41876201058402
0.531946716021051,2.41876395478628
0.532114355250217,2.4187658983344
0.532282023583061,2.41876784123079
0.532449721315437,2.41876978347114
0.53261744824926,2.41877172505798
0.532785204386704,2.41877366598974
0.532952989856361,2.41877560626632
0.533120804531412,2.4187775458891
0.533288648710672,2.41877948485706
0.533456522154014,2.41878142317319
0.533624425003477,2.41878336083554
0.533792357330614,2.41878529784537
0.533960318961376,2.41878723420366
0.534128309729817,2.41878916990886
0.534296330002395,2.4187911049592
0.534464379571222,2.41879303935823
0.534632458431935,2.41879497310439
0.534800566933594,2.41879690619755
0.534968704806129,2.41879883864128
0.535136871947744,2.41880077043341
0.5353050686809,2.41880270157273
0.535473294643631,2.41880463206241
0.535641549946752,2.41880656189931
0.535809834802082,2.41880849108423
0.53597814890992,2.41881041961949
0.536146492577023,2.41881234750247
0.536314865528877,2.418814274736
0.536483267998314,2.41881620131778
0.536651699806272,2.41881812724993
0.536820161048863,2.41882005253103
0.536988651670294,2.41882197716194
0.537157171987809,2.41882390114231
0.537325721848367,2.41882582447535
0.537494301068333,2.41882774716004
0.537662909683747,2.41882966919449
0.537831547841915,2.4188315905789
0.538000215294977,2.41883351131487
0.538168912186678,2.41883543140021
0.538337638685852,2.41883735083618
0.53850639446605,2.41883926962469
0.538675179915032,2.41884118776285
0.53884399491304,2.41884310525421
0.539012839360106,2.41884502209815
0.539181713258841,2.41884693829367
0.539350616549607,2.41884885384075
0.539519549412288,2.41885076873889
0.53968851213611,2.41885268298991
0.53985750407993,2.418854596597
0.54002652572785,2.41885650955429
0.540195576953881,2.41885842186591
0.540364657651608,2.41886033353124
0.540533767969249,2.41886224454924
0.540702907692177,2.41886415492131
0.540872076940928,2.41886606464561
0.541041275805169,2.41886797372319
0.541210504115034,2.41886988215515
0.541379762070316,2.41887178994004
0.541549049752926,2.41887369707975
0.541718366801696,2.41887560357542
0.541887713398194,2.4188775094237
0.542057089673134,2.41887941462605
0.542226495736392,2.41888131918405
0.54239593119126,2.41888322309906
0.54256539630119,2.41888512636743
0.54273489091358,2.41888702899138
0.542904415232789,2.41888893096978
0.543073969224658,2.41889083230458
0.543243552639977,2.4188927329958
0.543413165737762,2.41889463304106
0.543582808644777,2.41889653244271
0.543752480726855,2.41889843120236
0.543922182752247,2.4189003293141
0.544091914216805,2.41890222678479
0.544261675530162,2.41890412361046
0.544431466241746,2.4189060197947
0.544601286860612,2.41890791533365
0.54477113703375,2.41890981023189
0.54494101716333,2.41891170448662
0.545110926991687,2.41891359810153
0.545280866472372,2.41891549107464
0.545450835467911,2.41891738340533
0.545620834497037,2.41891927509228
0.545790862981373,2.41892116614045
0.545960921116358,2.41892305654495
0.54613100863557,2.41892494630711
0.546301125828683,2.41892683542463
0.546471273163292,2.41892872390011
0.546641450178897,2.41893061173854
0.546811656896814,2.41893249893615
0.546981893177981,2.41893438549275
0.547152159097592,2.41893627140706
0.547322455011243,2.41893815667973
0.547492780476447,2.41894004131439
0.547663135734897,2.41894192530729
0.54783352076538,2.41894380866039
0.548003935902498,2.41894569137382
0.548174380359729,2.41894757345094
0.54834485494026,2.41894945488462
0.548515359064275,2.41895133568183
0.548685893035023,2.41895321583794
0.548856456855811,2.41895509535537
0.54902705019601,2.41895697423455
0.549197673546225,2.41895885247244
0.549368326719131,2.41896073007347
0.549539009913111,2.41896260703648
0.549709722576312,2.41896448336334
0.549880465223953,2.41896635904903
0.550051237815718,2.41896823409798
0.550222040168635,2.41897010851045
0.550392872076649,2.41897198228479
0.550563733948171,2.41897385541891
0.550734625937256,2.41897572791655
0.550905547514536,2.41897759977977
0.551076498927801,2.41897947100381
0.551247480061647,2.41898134159055
0.551418490906732,2.4189832115392
0.551589531803164,2.41898508084966
0.551760602443026,2.41898694952528
0.55193170330352,2.41898881756361
0.552102833950483,2.41899068496901
0.552273994394511,2.41899255173795
0.552445184785806,2.41899441787017
0.552616405009449,2.41899628336716
0.552787654953759,2.41899814822811
0.552958934754076,2.41900001245192
0.553130244607379,2.41900187603985
0.553301584428223,2.41900373899403
0.553472954269202,2.41900560131398
0.553644354079283,2.41900746300026
0.553815783735166,2.41900932405251
0.553987243213864,2.41901118446961
0.554158732827419,2.41901304425128
0.554330252501229,2.41901490340055
0.554501801897757,2.41901676191718
0.554673381082329,2.41901861979801
0.554844990408704,2.41902047704335
0.555016629533175,2.4190223336567
0.555188298672237,2.41902418963531
0.555359997564666,2.41902604498099
0.55553172669448,2.41902789969157
0.555703485843802,2.41902975377146
0.555875275013438,2.41903160721924
0.556047094223289,2.41903346003482
0.556218943281214,2.41903531221846
0.556390822238444,2.41903716376846
0.556562731369685,2.41903901468519
0.556734670507991,2.41904086497136
0.556906639645218,2.41904271462585
0.557078638771222,2.41904456364851
0.557250667919553,2.41904641203932
0.557422727049537,2.41904825979867
0.557594816455351,2.41905010692632
0.557766935866392,2.41905195342511
0.557939085081912,2.41905379929292
0.558111264539568,2.41905564452768
0.558283473991492,2.41905748913335
0.558455713406562,2.41905933310817
0.558627983114822,2.41906117645171
0.55880028270145,2.41906301916712
0.558972612588588,2.41906486125098
0.559144972285669,2.41906670270691
0.559317362158587,2.41906854353085
0.55948978218436,2.41907038372579
0.559662232471568,2.41907222329201
0.559834712609547,2.41907406223063
0.560007222817719,2.41907590053803
0.560179763097577,2.4190777382159
0.560352333507884,2.41907957526455
0.560524933972966,2.41908141168467
0.560697564998672,2.41908324747571
0.560870225859364,2.41908508264243
0.561042916791658,2.41908691717873
0.561215638068706,2.41908875108613
0.561388389495576,2.41909058436746
0.561561170941531,2.41909241702135
0.561733982563218,2.41909424904649
0.561906824322919,2.41909608044426
0.562079696219556,2.41909791121458
0.562252598353164,2.41909974135751
0.562425530328031,2.41910157087407
0.562598492868953,2.4191033997608
0.562771485262402,2.4191052280241
0.562944508159316,2.41910705565822
0.563117561225122,2.41910888266856
0.563290644505328,2.41911070905281
0.563463758148981,2.41911253481115
0.563636901660408,2.41911435994509
0.563810075515257,2.41911618445032
0.563983279370597,2.41911800833076
0.564156513676207,2.41911983158385
0.564329778041548,2.4191216542135
0.564503072785671,2.41912347621668
0.564676397839986,2.41912529759604
0.564849752964255,2.41912711835138
0.565023138482181,2.41912893848052
0.565196554176598,2.41913075798628
0.565370000104491,2.41913257686709
0.565543476408414,2.41913439512335
0.565716982807044,2.41913621275653
0.565890519520176,2.41913802976431
0.566064086527931,2.41913984614849
0.566237684213882,2.41914166190922
0.566411311755127,2.41914347705012
0.566584969749585,2.41914529156416
0.56675865794464,2.41914710545605
0.566932376563206,2.41914891872414
0.567106125639468,2.41915073137036
0.567279904935013,2.41915254339535
0.567453714227987,2.41915435479709
0.567627554295175,2.41915616557337
0.567801424438902,2.41915797573113
0.567975324845201,2.41915978526492
0.568149255884686,2.41916159417587
0.568323216976906,2.41916340246757
0.568497208435383,2.41916521013528
0.568671230347531,2.41916701718133
0.568845282789385,2.4191688236069
0.569019365556807,2.41917062941294
0.569193478229451,2.41917243459776
0.56936762165201,2.41917423915743
0.569541795539576,2.41917604309922
0.569715999625233,2.41917784642154
0.569890234082858,2.41917964912185
0.570064498817973,2.4191814512015
0.570238794281524,2.41918325265987
0.570413119962597,2.41918505350109
0.570587475870948,2.41918685372111
0.570761862502605,2.4191886533196
0.57093627946434,2.4191904523011
0.571110727034509,2.4191922506627
0.571285204500059,2.41919404840665
0.571459712852279,2.41919584552684
0.571634251572145,2.41919764203158
0.571808820716074,2.41919943791731
0.571983420202148,2.41920123318416
0.572158050429395,2.4192030278315
0.572332710903858,2.41920482186293
0.572507402067014,2.41920661527455
0.572682123512701,2.41920840806991
0.572856875361125,2.4192102002459
0.573031657904259,2.41921199180329
0.573206470829853,2.41921378274489
0.573381314038845,2.41921557306834
0.573556187773987,2.41921736277251
0.573731092294111,2.41921915185956
0.57390602724484,2.41922094033216
0.574080992861038,2.41922272818754
0.574255988822589,2.41922451542755
0.574431015591632,2.41922630204964
0.57460607275938,2.4192280880577
0.574781160380244,2.41922987344866
0.574956278604897,2.41923165822268
0.57513142733265,2.41923344238125
0.575306606548906,2.41923522592371
0.575481816348029,2.41923700884995
0.575657056876052,2.41923879116087
0.57583232784014,2.419240572858
0.576007629407332,2.41924235393897
0.5761829615544,2.41924413440508
0.576358324210571,2.41924591425636
0.576533717310333,2.41924769349227
0.57670914110708,2.41924947211223
0.576884595605914,2.41925125011854
0.577060080692387,2.4192530275116
0.577235596487291,2.41925480429053
0.577411143038084,2.41925658045638
0.577586720030247,2.41925835600978
0.577762327371767,2.4192601309481
0.577937965578221,2.41926190527027
0.578113634276945,2.41926367898083
0.578289333505502,2.41926545207713
0.578465063567557,2.41926722455925
0.578640824354372,2.41926899642998
0.578816615389318,2.41927076768879
0.578992437394985,2.41927253833148
0.579168289889291,2.41927430836399
0.579344172945118,2.4192760777829
0.579520087069943,2.41927784658851
0.579696031941662,2.41927961478542
0.579872007111478,2.41928138237145
0.580048013118438,2.41928314934243
0.58022404997517,2.4192849157027
0.580400117128415,2.419286681453
0.580576215243876,2.41928844658861
0.58075234406763,2.4192902111149
0.580928503495436,2.4192919750304
0.581104693433223,2.41929373833408
0.581280914562817,2.41929550102507
0.581457166513969,2.41929726310935
0.581633449381324,2.4192990245845
0.581809762603468,2.41930078545111
0.581986106697573,2.41930254570441
0.582162481096024,2.41930430534844
0.582338886631698,2.41930606437879
0.582515322900745,2.41930782280232
0.582691789909871,2.41930958061643
0.582868287852153,2.41931133782093
0.583044816711886,2.41931309441757
0.583221376421573,2.41931485040652
0.583397966533757,2.41931660578728
0.583574587627466,2.41931836055596
0.58375123945975,2.41932011471723
0.583927921897708,2.41932186826963
0.584104635300733,2.4193236212119
0.584281379378287,2.41932537354712
0.584458154416989,2.4193271252732
0.584634960049056,2.41932887639247
0.584811796601686,2.41933062690211
0.584988664178587,2.41933237680469
0.585165562533415,2.41933412610153
0.585342491525847,2.41933587479072
0.585519451477652,2.41933762287089
0.58569644214803,2.41933937034474
0.585873463738221,2.41934111721062
0.586050516150893,2.41934286347014
0.586227599509791,2.41934460912275
0.586404713914749,2.41934635416953
0.58658185901634,2.41934809861157
0.586759034928492,2.41934984244605
0.586936242008444,2.41935158567369
0.587113479770163,2.41935332829776
0.587290748521382,2.41935507031455
0.587468048442977,2.41935681172633
0.587645378836822,2.41935855253504
0.587822740612448,2.41936029273497
0.588000132777898,2.41936203233334
0.588177555945566,2.41936377132257
0.588355010057387,2.41936550970709
0.588532495568004,2.41936724748703
0.588710011769036,2.41936898466643
0.588887558978246,2.41937072123974
0.589065136878905,2.4193724572091
0.5892427458172,2.41937419257213
0.589420385730853,2.4193759273316
0.589598056802329,2.4193776614874
0.589775758925758,2.41937939504118
0.589953492022259,2.4193811279923
0.59013125560087,2.41938286034009
0.590309050784076,2.41938459208034
0.590486876859713,2.41938632322223
0.59066473357282,2.41938805376089
0.590842621529618,2.4193897836936
0.591020540440082,2.41939151302531
0.591198490257078,2.41939324175422
0.59137647134178,2.4193949698798
0.591554483253187,2.41939669740516
0.591732526176387,2.41939842432698
0.591910599871791,2.41940015064652
0.592088705089952,2.41940187636197
0.59226684113385,2.41940360147962
0.592445008313132,2.41940532599435
0.592623206734017,2.41940704990827
0.592801435860599,2.41940877322263
0.592979696098437,2.41941049593308
0.593157987638041,2.41941221804263
0.593336309895654,2.41941393955337
0.593514663534933,2.41941566046065
0.593693048253733,2.41941738076964
0.593871464028748,2.41941910047849
0.594049910996236,2.41942081958685
0.594228388867624,2.41942253809591
0.594406898155089,2.41942425600346
0.594585438298507,2.41942597331366
0.594764009901021,2.41942769002234
0.594942612253246,2.41942940613418
0.595121245922959,2.41943112164384
0.595299910475047,2.41943283655555
0.595478606251559,2.41943455086623
0.595657333489968,2.41943626457847
0.595836091746871,2.41943797769469
0.596014881151699,2.41943969021152
0.596193701713695,2.41944140212971
0.596372553498369,2.41944311344952
0.596551436683455,2.41944482417162
0.596730350853743,2.41944653429766
0.596909295973145,2.41944824382443
0.597088272447894,2.41944995275132
0.597267280019814,2.41945166108175
0.597446318744127,2.41945336881405
0.597625388638582,2.41945507594857
0.597804489982237,2.41945678248558
0.597983622403275,2.41945848842755
0.59816278595558,2.41946019377172
0.598341980999274,2.4194618985183
0.598521207503034,2.41946360267042
0.598700465097944,2.41946530622828
0.598879753739581,2.41946700918888
0.599059073592331,2.41946871155157
0.599238424865183,2.41947041331773
0.599417807502934,2.41947211448936
0.599597221328976,2.41947381506633
0.599776666439254,2.41947551504722
0.599956142763474,2.41947721443274
0.60013565013525,2.41947891322247
0.600315189118953,2.41948061141505
0.600494759246069,2.41948230901512
0.600674360682072,2.41948400601941
0.600853993476312,2.41948570242898
0.601033657525156,2.41948739824446
0.601213352903978,2.41948909346513
0.60139307972903,2.41949078809162
0.601572837889488,2.41949248212506
0.601752627548951,2.41949417556475
0.601932448415784,2.41949586841202
0.602112300527514,2.41949756066471
0.602292184340093,2.41949925232295
0.602472099099887,2.4195009433906
0.602652045284767,2.41950263386199
0.602832022798674,2.41950432374045
0.603012031601876,2.41950601302568
0.603192072042027,2.4195077017174
0.60337214378986,2.41950938981853
0.603552246797279,2.41951107732678
0.603732381492315,2.41951276424156
0.603912547191963,2.41951445056641
0.604092744622774,2.41951613629621
0.604272973362446,2.4195178214364
0.604453233491445,2.41951950598425
0.60463352510691,2.41952118994016
0.604813848051602,2.41952287330508
0.604994202233311,2.41952455607789
0.605174588377245,2.41952623825779
0.605355005583139,2.41952791985072
0.605535454145222,2.41952960085009
0.605715934264223,2.41953128125759
0.605896445716912,2.41953296107516
0.6060769884294,2.41953464030128
0.606257563152435,2.41953631893525
0.60643816878775,2.41953799698321
0.606618806180923,2.41953967443699
0.606799475160632,2.41954135130261
0.60698017557683,2.41954302757947
0.607160907313994,2.41954470326636
0.607341670666832,2.41954637836225
0.607522465415035,2.41954805286952
0.607703291689924,2.41954972678673
0.607884149762779,2.41955140011487
0.608065039135181,2.41955307285635
0.608245960210635,2.41955474500747
0.608426912720793,2.41955641657115
0.60860789686351,2.41955808754565
0.608788912391948,2.41955975793243
0.608969959354179,2.41956142772975
0.609151037951166,2.41956309693787
0.609332148136388,2.41956476555854
0.609513289732172,2.41956643359167
0.60969446301376,2.41956810103589
0.609875668011165,2.41956976789334
0.610056904598053,2.41957143416462
0.610238172667529,2.41957309984884
0.610419472318335,2.41957476494511
0.610600803564139,2.4195764294542
0.610782166344236,2.4195780933764
0.610963560922311,2.41957975671133
0.611144987072612,2.41958141946115
0.611326444792357,2.4195830816244
0.611507934417744,2.41958474320093
0.611689455626901,2.41958640419353
0.611871008429822,2.41958806460002
0.612052592813707,2.41958972442029
0.612234208647072,2.41959138365431
0.612415856203488,2.41959304230108
0.612597535340202,2.41959470036278
0.612779246367696,2.4195963578386
0.612960989134942,2.41959801473103
0.613142763332619,2.41959967103922
0.613324569354764,2.41960132676067
0.613506406971061,2.41960298189831
0.613688276107076,2.41960463645074
0.613870176997573,2.41960629041725
0.614052109848686,2.41960794379975
0.614234074116135,2.41960959660018
0.614416070310046,2.4196112488145
0.614598098050474,2.41961290044639
0.614780157678222,2.41961455149332
0.614962249144198,2.4196162019578
0.615144372139658,2.41961785183982
0.615326526981014,2.41961950113698
0.615508713468348,2.4196211498516
0.615690931893838,2.41962279798245
0.615873181913025,2.41962444553178
0.616055463711394,2.41962609249721
0.616237777429296,2.41962773887999
0.616420122671156,2.41962938468149
0.616602499757673,2.41963102989879
0.616784908569535,2.41963267453417
0.616967349434661,2.41963431858703
0.617149821935052,2.41963596206001
0.617332326394046,2.41963760495015
0.617514862612203,2.41963924725977
0.617697430559221,2.41964088898762
0.617880030364655,2.4196425301334
0.618062662015857,2.41964417069817
0.618245325474998,2.41964581068205
0.618428020488453,2.41964745008483
0.618610747492412,2.41964908890454
0.618793506442678,2.41965072714449
0.618976297355078,2.41965236480481
0.619159119995346,2.41965400188572
0.619341974517237,2.41965563838546
0.619524860965646,2.41965727430511
0.619707779364651,2.41965890964525
0.619890729727728,2.4196605444062
0.620073711692098,2.41966217858819
0.620256725742786,2.41966381218847
0.620439771498571,2.4196654452106
0.620622849130825,2.41966707765208
0.620805958674327,2.41966870951406
0.620989100249511,2.419670340797
0.621172273601753,2.41967197150202
0.621355479135005,2.41967360162729
0.621538716308727,2.41967523117588
0.62172198578349,2.41967686014396
0.621905286969985,2.41967848853634
0.622088619899555,2.41968011634907
0.622271984842744,2.41968174358197
0.622455381819406,2.41968337023724
0.622638810675042,2.41968499631537
0.62282227161375,2.41968662181529
0.623005764503381,2.41968824673855
0.623189289245619,2.41968987108438
0.623372846270012,2.41969149485198
0.623556435255534,2.41969311804471
0.623740055802594,2.41969474066054
0.623923708652499,2.41969636269616
0.624107393762273,2.41969798415705
0.624291110746461,2.41969960504363
0.624474859801211,2.419701225353
0.624658640705406,2.41970284508642
0.624842453928812,2.41970446424239
0.625026299253158,2.41970608282448
0.625210176178275,2.41970770083148
0.625394085068743,2.41970931825945
0.625578026236723,2.41971093511081
0.62576199936163,2.41971255138837
0.625946004656014,2.41971416709005
0.626130041939593,2.41971578221733
0.626314111156395,2.41971739676907
0.626498212390537,2.41971901074476
0.626682345875698,2.41972062414508
0.626866511417193,2.41972223697201
0.627050709117399,2.41972384922434
0.627234938895123,2.4197254609028
0.627419200891223,2.41972707200693
0.627603494894844,2.41972868253783
0.627787820974663,2.41973029249408
0.627972179249418,2.41973190187613
0.628156569707835,2.41973351068502
0.628340992117299,2.41973511892086
0.628525446750066,2.41973672658195
0.628709933733996,2.41973833367026
0.628894452991469,2.41973994018709
0.629079004344175,2.41974154613208
0.629263587545722,2.41974315150388
0.629448203021619,2.41974475630051
0.629632850666077,2.41974636052507
0.6298175304358,2.41974796417723
0.630002242641141,2.41974956725666
0.63018698686548,2.41975116976581
0.630371763294618,2.41975277170183
0.630556572199716,2.41975437306589
0.630741413321026,2.41975597386027
0.630926286476917,2.41975757408335
0.631111191705469,2.41975917373361
0.631296129378599,2.41976077281123
0.631481099207187,2.41976237131916
0.631666101180093,2.41976396925563
0.631851135593727,2.4197655666204
0.63203620212166,2.41976716341579
0.632221300849133,2.41976875963967
0.632406431996238,2.41977035529249
0.632591595535805,2.41977195037608
0.63277679139278,2.41977354489052
0.632962019581557,2.41977513883532
0.633147279744828,2.41977673221061
0.633332572396089,2.41977832501376
0.633517897184366,2.41977991724843
0.633703254198077,2.41978150891247
0.633888643511551,2.41978310000638
0.634074065586408,2.41978469053086
0.634259519670386,2.41978628048957
0.634445006041162,2.41978786987731
0.634630524836071,2.41978945869564
0.634816075756318,2.41979104694587
0.635001659244953,2.41979263462596
0.635187275093774,2.41979422173911
0.635372923138614,2.41979580828419
0.635558603707001,2.4197973942599
0.635744316628184,2.41979897966865
0.635930062027584,2.41980056450949
0.636115839637033,2.41980214878335
0.636301649685016,2.41980373248838
0.636487491821084,2.41980531562615
0.636673366419453,2.4198068981943
0.636859273839573,2.41980848019544
0.637045213360311,2.41981006163266
0.637231185219081,2.41981164250098
0.637417189819183,2.41981322280165
0.637603226621941,2.41981480253795
0.637789296038241,2.41981638170629
0.637975397679463,2.41981796030939
0.638161532107785,2.41981953834475
0.638347698632181,2.41982111581635
0.638533897761904,2.41982269271957
0.638720129570345,2.41982426905774
0.638906393690222,2.41982584483189
0.639092690097893,2.41982742003946
0.639279019018992,2.41982899468004
0.639465380353869,2.41983056875536
0.639651774422975,2.41983214226494
0.639838200670014,2.41983371521121
0.64002465934593,2.41983528759036
0.640211150735969,2.4198368594039
0.640397674632219,2.41983843065421
0.640584231105498,2.41984000134009
0.640770820010965,2.41984157146201
0.640957441556527,2.41984314101902
0.641144095404569,2.41984471001261
0.641330782186414,2.41984627844054
0.641517501366181,2.41984784630731
0.641704252790436,2.41984941360955
0.641891037026097,2.41985098034577
0.642077853643822,2.4198525465201
0.64226470295828,2.41985411212992
0.642451585227971,2.41985567717731
0.642638499756443,2.41985724166453
0.642825446761532,2.41985880558675
0.64301242654374,2.41986036894507
0.643199438703209,2.41986193174194
0.643386483534364,2.41986349397476
0.643573561272087,2.41986505564546
0.643760671273495,2.41986661675611
0.643947814107086,2.41986817730225
0.644134989394382,2.41986973728764
0.644322197481825,2.41987129671
0.644509438213639,2.41987285557169
0.644696711537951,2.41987441387191
0.64488401756044,2.41987597161027
0.645071356074772,2.41987752878756
0.645258727184079,2.41987908540244
0.645446131085067,2.41988064145558
0.645633567850314,2.41988219694858
0.645821037290803,2.41988375188224
0.646008539546739,2.41988530625534
0.64619607452977,2.41988686006884
0.646383641798694,2.41988841332226
0.646571242025378,2.41988996601239
0.646758874763804,2.41989151814385
0.646946540303008,2.41989306971401
0.647134238355791,2.41989462072472
0.647321969362739,2.41989617117419
0.647509733209481,2.41989772106551
0.647697529906077,2.41989927039827
0.64788535916324,2.41990081917257
0.648073221220841,2.41990236738638
0.648261116258166,2.41990391504128
0.64844904383833,2.41990546213885
0.648637003989676,2.41990700867616
0.648824996948633,2.41990855465314
0.649013022645297,2.41991010007157
0.649201081359023,2.41991164493125
0.649389172834567,2.41991318923424
0.649577297057234,2.41991473297901
0.649765454371714,2.41991627616535
0.649953644046894,2.4199178187958
0.650141866544211,2.41991936086542
0.650330121889374,2.41992090237707
0.650518410161982,2.41992244333132
0.650706731583347,2.41992398372892
0.650895085283104,2.41992552357161
0.651083472379835,2.41992706285338
0.651271892051627,2.41992860158167
0.651460344807927,2.4199301397515
0.651648830479949,2.41993167736604
0.651837348523204,2.41993321442451
0.65202589984816,2.41993475092295
0.652214483598546,2.41993628686754
0.652403100687733,2.41993782225293
0.652591750726967,2.41993935708512
0.652780433401369,2.4199408913621
0.65296914903974,2.41994242508143
0.653157897589419,2.41994395824527
0.653346679193592,2.41994549085357
0.653535493454435,2.41994702290742
0.653724341202691,2.41994855440415
0.653913221617525,2.41995008534951
0.654102135332678,2.41995161573834
0.654291081337925,2.41995314557466
0.654480060605813,2.41995467485175
0.654669072781272,2.41995620357588
0.654858117935142,2.41995773174531
0.65504719610136,2.41995925936042
0.655236306992347,2.41996078642157
0.655425451057613,2.41996231292682
0.655614628307367,2.41996383887922
0.655803838377337,2.41996536427928
0.65599308165265,2.41996688912453
0.656182357810775,2.41996841341749
0.656371666810922,2.41996993715624
0.656561008954635,2.41997146034033
0.656750384362445,2.41997298297192
0.656939792650778,2.4199745050522
0.657129233590816,2.41997602657866
0.657318708038494,2.41997754754944
0.657508215330249,2.41997906797048
0.657697755878601,2.41998058783783
0.657887329443963,2.41998210715404
0.658076935912563,2.41998362591777
0.658266575604805,2.41998514412813
0.658456248442805,2.41998666178736
0.658645954229741,2.41998817889524
0.658835693117606,2.41998969545042
0.659025464885657,2.41999121145389
0.659215270141609,2.41999272690427
0.659405108405553,2.41999424180579
0.659594979567845,2.4199957561556
0.659784883983014,2.41999726995268
0.659974821532492,2.41999878319947
0.660164792265657,2.4200002958955
0.66035479628979,2.42000180804114
0.660544833081204,2.42000331963725
0.660734903255024,2.42000483068031
0.660925006602161,2.42000634117432
0.661115143218075,2.42000785111834
0.661305313025564,2.42000936051302
0.661495515880681,2.42001086935793
0.661685751781475,2.42001237765211
0.661876020856916,2.42001388539549
0.662066323408186,2.42001539258903
0.662256658966465,2.42001689923506
0.662447027855299,2.4200184053306
0.662637430019111,2.42001991087766
0.662827865298509,2.42002141587616
0.663018333824711,2.42002292032502
0.663208835575788,2.42002442422512
0.663399370598172,2.42002592757648
0.663589939015248,2.4200274303795
0.663780540548751,2.42002893263515
0.663971175502432,2.42003043434168
0.664161843578508,2.42003193550107
0.664352545179451,2.42003343611154
0.664543279722235,2.42003493617577
0.664734047721979,2.42003643569007
0.664924849120633,2.42003793465767
0.665115683511161,2.42003943307861
0.665306551410522,2.42004093095014
0.66549745240638,2.42004242827561
0.665688386987257,2.4200439250526
0.665879355173417,2.4200454212843
0.666070356247827,2.4200469169713
0.666261390930612,2.42004841210875
0.666452458868903,2.42004990670114
0.666643560154205,2.42005140074664
0.666834694336115,2.42005289424573
0.667025862346459,2.42005438719541
0.66721706363929,2.42005587960186
0.667408298364783,2.4200573714621
0.667599566460729,2.42005886277688
0.667790867751947,2.42006035354593
0.667982202406113,2.42006184376808
0.668173570593939,2.42006333344441
0.668364972389325,2.42006482257631
0.668556407131274,2.42006631116452
0.668747875619778,2.42006779920463
0.668939377540043,2.42006928670171
0.66913091297538,2.42007077365425
0.669322482109869,2.42007226006273
0.669514084301378,2.42007374592853
0.669705719959133,2.42007523124746
0.669897389093809,2.42007671602191
0.670089091749186,2.42007820025232
0.670280827572984,2.4200796839391
0.670472597135665,2.42008116707994
0.670664399831399,2.42008264967858
0.670856236086687,2.42008413173135
0.671048106004495,2.42008561324082
0.671240009264061,2.42008709420808
0.671431946357458,2.42008857463111
0.671623916980576,2.42009005451311
0.671815921003075,2.42009153385246
0.672007958630186,2.42009301264814
0.672200029687122,2.42009449090148
0.672392134206553,2.42009596861154
0.672584272345969,2.42009744577848
0.672776443831451,2.42009892240348
0.67296864901209,2.42010039848486
0.673160887649282,2.4201018740249
0.673353160018148,2.42010334902229
0.67354546601893,2.42010482347882
0.67373780557094,2.4201062973941
0.67393017884859,2.42010777076758
0.674122585615586,2.42010924360048
0.674315026033843,2.42011071589138
0.674507499598015,2.42011218764129
0.674700006970794,2.42011365884696
0.674892547951529,2.42011512951259
0.675085122450696,2.42011659963738
0.675277730809501,2.42011806922068
0.675470373049853,2.42011953826482
0.675663048842259,2.42012100677027
0.675855758005634,2.42012247473492
0.676048501060572,2.42012394215737
0.676241277745639,2.42012540904104
0.676434088016032,2.42012687538465
0.676626932082671,2.42012834118779
0.676819809786917,2.42012980645192
0.67701272101208,2.4201312711762
0.677205666070833,2.42013273535982
0.677398644867549,2.42013419900486
0.677591657427681,2.42013566211098
0.677784703538429,2.42013712467839
0.677977783533385,2.42013858670574
0.678170897275948,2.42014004819519
0.678364045013289,2.42014150914614
0.67855722591029,2.42014296956024
0.678750440678131,2.42014442943215
0.678943689093744,2.42014588876608
0.679136971546334,2.42014734756111
0.679330287812726,2.4201488058198
0.679523637651429,2.42015026354102
0.679717021216497,2.42015172072309
0.679910438531365,2.42015317736691
0.680103889459074,2.4201546334728
0.68029737463102,2.42015608903997
0.680490893387204,2.42015754407261
0.680684446000199,2.42015899856686
0.680878032271255,2.42016045252416
0.681071652764705,2.42016190594341
0.681265306764805,2.42016335882832
0.681458994508115,2.42016481117463
0.681652716119574,2.42016626298346
0.681846472095673,2.42016771425586
0.682040261855044,2.42016916499532
0.682234085298771,2.42017061519845
0.682427942337017,2.42017206486424
0.682621833586665,2.42017351399206
0.682815758616707,2.42017496258601
0.683009717210143,2.42017641064375
0.683203710063134,2.42017785816366
0.683397736599823,2.42017930515022
0.683591797312533,2.4201807516002
0.683785891516148,2.42018219751657
0.683980020065333,2.42018364289518
0.6841741824708,2.42018508774129
0.684368378543189,2.42018653205234
0.684562608982325,2.42018797582683
0.684756873298821,2.42018941906929
0.684951171456432,2.42019086177708
0.685145503461627,2.42019230394971
0.685339869634886,2.42019374558725
0.685534269697516,2.42019518669186
0.685728703576375,2.42019662726205
0.685923171368222,2.42019806729722
0.686117673564019,2.420199506798
0.686312209617951,2.42020094576777
0.686506779548583,2.42020238420339
0.686701383817236,2.42020382210468
0.686896021923392,2.42020525947473
0.687090694057968,2.42020669631066
0.687285400119969,2.42020813261346
0.687480140184194,2.42020956838266
0.687674914360225,2.42021100361874
0.687869722825492,2.42021243832257
0.688064565034993,2.42021387249545
0.688259441107767,2.42021530613405
0.688454351339751,2.42021673923882
0.688649295764114,2.42021817181181
0.688844274540635,2.42021960385355
0.68903928691331,2.4202210353652
0.689234333635795,2.42022246634204
0.689429414533386,2.42022389678848
0.689624529324453,2.42022532670399
0.689819678317046,2.42022675608671
0.690014861714683,2.42022818493851
0.69021007902111,2.420229613261
0.690405330702321,2.42023104105119
0.690600616337788,2.42023246831183
0.690795936153653,2.42023389504058
0.690991290116883,2.4202353212387
0.691186678149765,2.42023674690619
0.691382100457543,2.4202381720426
0.691577556622124,2.42023959664928
0.691773047294362,2.42024102072375
0.691968572078559,2.42024244427
0.692164131288036,2.42024386728599
0.692359724658569,2.42024528977358
0.692555352256281,2.42024671173134
0.692751013606762,2.4202481331596
0.692946709364842,2.42024955405538
0.693142439259819,2.42025097442265
0.693338203717805,2.42025239426018
0.693534002093284,2.42025381357065
0.693729834842815,2.42025523235027
0.693925701808044,2.4202566506016
0.694121603269649,2.42025806832398
0.694317538716137,2.42025948551922
0.694513508489512,2.42026090218428
0.694709512688869,2.42026231832109
0.694905551101287,2.42026373393057
0.695101623837862,2.42026514901153
0.695297730897293,2.42026656356459
0.695493872227851,2.4202679775899
0.695690047925171,2.42026939108719
0.695886257889836,2.42027080405713
0.696082501808554,2.4202722164992
0.696278780525866,2.42027362841141
0.696475093477816,2.420275039799
0.696671440404343,2.42027645065904
0.696867821811458,2.42027786098958
0.697064237814241,2.4202792707937
0.697260688266991,2.42028068007255
0.697457172965739,2.42028208882541
0.697653692001903,2.42028349705094
0.697850245809093,2.42028490474964
0.698046833897667,2.4202863119244
0.6982434564678,2.42028771857248
0.698440113146032,2.42028912469492
0.698636804228849,2.42029053028952
0.698833529980274,2.42029193535797
0.699030289679023,2.42029333990222
0.699227083853598,2.42029474391797
0.69942391262954,2.42029614740815
0.699620775994851,2.42029755037395
0.699817673649653,2.42029895281551
0.70001460580151,2.420300354731
0.700211572748889,2.42030175612157
0.700408573917967,2.42030315698934
0.700605609729161,2.42030455733095
0.700802680037084,2.42030595714876
0.700999784908643,2.42030735644217
0.701196923809693,2.4203087552116
0.701394097280247,2.4203101534538
0.701591305545323,2.42031155117185
0.701788548423747,2.42031294836762
0.701985825795939,2.42031434504021
0.702183137440396,2.42031574118884
0.702380484103847,2.42031713681209
0.702577864790795,2.42031853191456
0.702775280102817,2.42031992649058
0.702972730250995,2.42032132054334
0.703170214972588,2.42032271407459
0.703367734170067,2.42032410708296
0.7035652882442,2.42032549956774
0.703762876554785,2.42032689153141
0.703960499670761,2.42032828297031
0.704158156926506,2.42032967388765
0.704355849180712,2.4203310642797
0.704553576051788,2.42033245415146
0.704751337401392,2.42033384350118
0.704949133244175,2.42033523232787
0.705146964162386,2.42033662063155
0.705344829554296,2.42033800841595
0.70554272958273,2.42033939567777
0.705740664275261,2.42034078241773
0.705938633492475,2.42034216863615
0.70613663733628,2.42034355433224
0.706334676001207,2.42034493950663
0.706532749341691,2.42034632416065
0.70673085736065,2.42034770829362
0.706929000172206,2.42034909190554
0.70712717769392,2.42035047499718
0.707325389870362,2.42035185756817
0.707523636869524,2.42035323961819
0.707721918477048,2.42035462114832
0.707920234970484,2.4203560021574
0.708118586366832,2.42035738264709
0.708316972244445,2.42035876261774
0.708515392817699,2.42036014206684
0.708713848216465,2.4203615209955
0.708912338599255,2.4203628994047
0.709110863211238,2.42036427729561
0.709309422900622,2.42036565466375
0.709508017416171,2.42036703151392
0.709706646937582,2.42036840784517
0.709905311158349,2.42036978365856
0.710104009973321,2.42037115895239
0.710302743947381,2.42037253372587
0.710501512339874,2.42037390798246
0.710700315681393,2.42037528171806
0.710899153894456,2.42037665493551
0.711098026972059,2.42037802763474
0.711296934822803,2.42037939981575
0.711495877625802,2.42038077147804
0.71169485533934,2.42038214262272
0.711893867777715,2.42038351324972
0.712092915233695,2.42038488335794
0.712291997627806,2.42038625294914
0.712491114992857,2.42038762202307
0.712690266876157,2.42038899057997
0.71288945387805,2.42039035861715
0.713088675954297,2.42039172613806
0.713287932835537,2.42039309314286
0.713487224768418,2.42039445963
0.713686551418615,2.42039582560086
0.713885913094865,2.42039719105362
0.714085309627519,2.42039855599002
0.714284741100907,2.42039992040928
0.71448420762477,2.42040128431189
0.714683708946139,2.42040264769864
0.714883245653798,2.42040401056814
0.715082817158803,2.42040537292386
0.715282423666369,2.42040673476269
0.715482065056869,2.42040809608558
0.715681741474811,2.42040945689197
0.715881452836398,2.42041081718272
0.716081199524487,2.42041217695751
0.716280980900962,2.42041353621867
0.71648079725499,2.42041489496266
0.716680648992084,2.42041625319088
0.716880535595595,2.42041761090602
0.717080457358335,2.42041896810531
0.717280414305941,2.42042032479027
0.717480406273232,2.42042168096129
0.717680433188879,2.42042303661747
0.71788049515887,2.42042439175834
0.718080592661286,2.42042574638454
0.718280725043049,2.4204271004991
0.71848089245267,2.42042845409848
0.718681095090024,2.42042980718322
0.718881332571947,2.42043115975466
0.719081605020996,2.42043251181071
0.719281912739952,2.42043386335192
0.719482255764173,2.42043521438024
0.719682633660863,2.42043656489616
0.719883046934844,2.42043791489721
0.720083495281899,2.42043926438618
0.720283979043925,2.42044061336163
0.720484497667617,2.4204419618255
0.720685051530252,2.42044330977477
0.720885640692434,2.4204446572114
0.721086264925153,2.42044600413604
0.721286924654581,2.42044735054745
0.721487619609177,2.42044869644811
0.721688349770207,2.42045004183673
0.721889114872933,2.4204513867131
0.72208991574692,2.42045273107568
0.722290751736707,2.42045407492931
0.722491622461299,2.42045541827069
0.722692528659015,2.42045676109722
0.722893470208497,2.42045810341308
0.723094446966687,2.42045944521808
0.723295458982334,2.4204607865114
0.723496506572426,2.4204621272933
0.723697589377373,2.42046346756575
0.723898707567591,2.4204648073269
0.724099860627454,2.4204661465776
0.724301049209745,2.42046748531495
0.724502273024776,2.42046882354256
0.724703532147212,2.42047016125918
0.724904826772122,2.42047149846516
0.725106156598302,2.42047283516176
0.725307522133043,2.42047417134741
0.725508922776957,2.42047550702497
0.725710358713174,2.42047684219129
0.72591182991316,2.42047817684715
0.726113336970904,2.42047951099254
0.726314878906076,2.420480844631
0.726516456236184,2.42048217775723
0.726718069197422,2.42048351037373
0.726919717601541,2.42048484248224
0.727121401464723,2.4204861740819
0.727323120805725,2.42048750517276
0.727524875461429,2.42048883575501
0.7277266654503,2.42049016582775
0.727928490988132,2.42049149539106
0.728130352078994,2.42049282444627
0.728332248488053,2.42049415299361
0.728534180279751,2.4204954810318
0.728736147580541,2.42049680856111
0.728938150519233,2.42049813558239
0.729140189001748,2.42049946209654
0.729342262737984,2.42050078810317
0.729544372141335,2.42050211360059
0.729746516948694,2.4205034385911
0.72994869725639,2.42050476307346
0.73015091310626,2.42050608704816
0.730353164472171,2.42050741051556
0.730555451490257,2.42050873347561
0.730757774148905,2.42051005592914
0.730960132052261,2.42051137787625
0.731162525379174,2.4205126993147
0.731364954257478,2.42051402024533
0.731567419160574,2.42051534066903
0.731769919296723,2.42051666058874
0.731972455126869,2.42051798000022
0.732175026577707,2.42051929890574
0.732377633645102,2.42052061730519
0.732580276418984,2.42052193519857
0.732782954815311,2.42052325258648
0.732985668703134,2.42052456946855
0.733188418395315,2.42052588584404
0.733391203888775,2.42052720171472
0.733594024655705,2.42052851708086
0.733796881390152,2.42052983193946
0.733999773649608,2.42053114629427
0.734202701436926,2.4205324601432
0.734405665020211,2.42053377348611
0.734608664547199,2.42053508632457
0.734811699499916,2.42053639865968
0.73501477016555,2.42053771048863
0.735217876371397,2.4205390218128
0.735421018515637,2.42054033263142
0.735624196655618,2.42054164294676
0.735827409903756,2.42054295275946
0.736030659249849,2.42054426206453
0.736233943943738,2.42054557086717
0.736437265034612,2.4205468791637
0.736640621766397,2.4205481869598
0.736844014414791,2.42054949425182
0.73704744231649,2.42055080104098
0.737250906125778,2.42055210732368
0.737454405696644,2.42055341310331
0.737657941261072,2.42055471837949
0.737861512899572,2.42055602315354
0.738065120307036,2.42055732742615
0.738268763273737,2.42055863119569
0.738472442133492,2.42055993446083
0.738676156453725,2.4205612372234
0.738879906848055,2.42056253948117
0.739083692997393,2.42056384123748
0.739287515207338,2.42056514249092
0.739491372999104,2.42056644324314
0.739695266922673,2.42056774349164
0.739899196802908,2.42056904323935
0.740103162690052,2.42057034248563
0.740307164208346,2.42057164123077
0.740511201440864,2.42057293947271
0.74071527488632,2.42057423721175
0.740919384360966,2.42057553445081
0.741123529413556,2.42057683118924
0.741327710929398,2.42057812742445
0.741531928236749,2.42057942316124
0.741736181006852,2.42058071839638
0.741940470268825,2.4205820131277
0.742144795202109,2.42058330736086
0.74234915613394,2.42058460109189
0.742553553047862,2.42058589432225
0.74275798600036,2.42058718705208
0.74296245502117,2.42058847928176
0.743166960142504,2.42058977101156
0.743371501370473,2.42059106224174
0.743576078773074,2.42059235297242
0.743780691488159,2.42059364320405
0.743985340307477,2.42059493293189
0.744190025489035,2.42059622215991
0.744394746862448,2.42059751089007
0.744599503716935,2.42059879912168
0.744804296855776,2.42060008685074
0.745009126260044,2.42060137408135
0.745213991830252,2.42060266081392
0.745418893052352,2.42060394704801
0.745623830397084,2.42060523278072
0.745828803896366,2.42060651801443
0.746033813650164,2.42060780274964
0.746238859418464,2.42060908698703
0.746443941654825,2.42061037072537
0.746649059779719,2.42061165396712
0.746854213771012,2.42061293670938
0.747059404595924,2.42061421895173
0.747264631361728,2.42061550069961
0.747469894342217,2.42061678194868
0.74767519350363,2.42061806270003
0.747880528730486,2.42061934295367
0.748085900556252,2.42062062270899
0.748291308119395,2.42062190196896
0.748496751854911,2.42062318072916
0.748702231753381,2.42062445899159
0.748907747889783,2.42062573675646
0.749113300544754,2.42062701402427
0.749318888960101,2.42062829079669
0.749524514212128,2.42062956706975
0.749730175753813,2.42063084284903
0.749935873053793,2.42063211813218
0.750141606541581,2.42063339291603
0.750347376468896,2.42063466720268
0.750553182985774,2.4206359409938
0.750759025416759,2.42063721429046
0.750964904149591,2.42063848708911
0.751170819371158,2.42063975939154
0.751376770683352,2.42064103119904
0.751582758310729,2.42064230250961
0.751788782485184,2.42064357332432
0.751994842870349,2.42064484364461
0.752200939646748,2.42064611346886
0.752407072960064,2.42064738279793
0.752613242481743,2.42064865163276
0.752819448409248,2.42064991997171
0.753025691076317,2.42065118781573
0.753231969709116,2.42065245516682
0.753438284405319,2.420653722021
0.753644635628197,2.42065498837842
0.753851023648582,2.4206562542417
0.754057448005437,2.42065751961266
0.754263909096885,2.42065878448903
0.75447040645033,2.42066004887279
0.754676939769763,2.42066131276163
0.75488350965091,2.42066257615372
0.755090116116071,2.42066383905216
0.755296758879622,2.4206651014575
0.75550343803423,2.42066636336827
0.755710154274249,2.42066762478487
0.755916906574898,2.4206688857112
0.756123695553109,2.42067014614213
0.756330520859134,2.42067140608053
0.756537382444396,2.42067266552485
0.75674428083291,2.42067392447471
0.756951216170437,2.42067518293298
0.75715818745662,2.42067644090082
0.757365195830893,2.42067769837297
0.75757224028542,2.42067895535508
0.757779321570816,2.42068021184238
0.757986439166716,2.42068146783844
0.758193593407127,2.42068272334091
0.758400784420118,2.42068397835137
0.758608011941364,2.42068523287077
0.75881527601811,2.42068648689781
0.759022576477164,2.42068774043267
0.759229913488843,2.42068899347448
0.759437287427954,2.42069024602411
0.759644697587681,2.42069149808375
0.759852144500028,2.42069274964986
0.76005962843998,2.42069400072499
0.760267148872318,2.42069525131095
0.760474705973782,2.42069650140511
0.760682299529266,2.42069775100816
0.760889929741006,2.4206990001191
0.761097597100364,2.42070024873894
0.761305300548431,2.4207014968705
0.761513041485289,2.42070274450845
0.76172081871731,2.42070399165976
0.761928632595581,2.42070523831885
0.762136483088878,2.42070648448704
0.762344370073061,2.42070773016437
0.762552294302118,2.42070897535021
0.762760254696533,2.4207102200486
0.762968252558109,2.42071146425426
0.763176287048654,2.42071270797362
0.763384358230463,2.42071395120295
0.763592466166327,2.42071519394222
0.763800611009878,2.42071643619183
0.764008792765381,2.42071767795267
0.764217011021398,2.42071891922494
0.764425266179582,2.4207201600065
0.764633558394913,2.42072140029931
0.764841886849026,2.42072264010448
0.76505025227917,2.4207238794178
0.765258655080496,2.42072511824279
0.765467094082212,2.42072635658201
0.765675569958326,2.42072759442954
0.765884083185991,2.42072883178838
0.766092632928782,2.42073006866144
0.766301219782441,2.42073130504466
0.766509843371404,2.42073254094078
0.766718504246119,2.42073377634819
0.766927201624661,2.42073501126966
0.767135936231044,2.42073624570141
0.767344707811236,2.4207374796469
0.767553515902264,2.42073871310523
0.767762361381794,2.4207399460739
0.767971243247655,2.42074117855732
0.768180162303637,2.42074241055073
0.768389118592203,2.42074364205791
0.768598111772838,2.42074487307955
0.76880714171519,2.42074610361397
0.769016208908618,2.42074733366035
0.769225312937362,2.42074856322124
0.769434453496534,2.42074979229477
0.76964363164142,2.42075102087919
0.769852846602113,2.4207522489799
0.770062098692626,2.42075347659351
0.770271387888468,2.42075470372133
0.770480714273856,2.42075593036343
0.770690077519168,2.42075715652032
0.770899477590331,2.42075838219036
0.771108915025477,2.42075960737325
0.771318389815422,2.42076083207183
0.771527901466634,2.42076205628641
0.771737450102632,2.42076328001449
0.77194703604352,2.42076450325649
0.772156659180115,2.42076572601418
0.772366319311571,2.42076694828724
0.772576016357668,2.42076817007462
0.772785751167888,2.42076939137585
0.772995522673237,2.42077061219535
0.773205331368984,2.42077183252809
0.773415177138589,2.42077305237614
0.773625059739847,2.42077427173917
0.773834979899107,2.42077549061595
0.774044936794657,2.42077670901016
0.774254931199658,2.42077792691798
0.774464962932726,2.42077914434306
0.774675032300986,2.42078036128492
0.774885139352658,2.42078157774513
0.775095282976233,2.42078279372416
0.775305463526815,2.42078400921636
0.77551568195162,2.42078522422298
0.775725936773424,2.42078643874913
0.775936229618401,2.42078765278777
0.776146559626356,2.42078886634659
0.776356926516477,2.42079007942204
0.776567330887295,2.42079129201231
0.776777772875008,2.42079250412036
0.776988252139388,2.42079371574726
0.777198768818077,2.42079492689142
0.777409322640829,2.42079613755343
0.777619913593653,2.42079734773199
0.777830541747117,2.42079855742695
0.778041207706463,2.42079976663871
0.778251910963331,2.42080097537047
0.778462651425813,2.42080218362002
0.778673429385204,2.42080339138669
0.778884244680624,2.42080459867195
0.779095097269789,2.42080580547518
0.779305986887548,2.42080701179615
0.779516914093952,2.42080821763352
0.779727879040961,2.42080942299007
0.779938880603844,2.42081062786693
0.780149919914239,2.42081183225852
0.78036099708499,2.42081303617005
0.780572111495643,2.42081423960273
0.780783263305621,2.42081544255357
0.780994452584076,2.42081664502309
0.781205679698181,2.42081784701175
0.78141694414402,2.42081904852154
0.781628246066792,2.42082024955013
0.78183958543986,2.42082145009807
0.782050962111713,2.42082265016533
0.782262376575655,2.42082384975118
0.782473828441318,2.42082504885809
0.782685318144508,2.42082624748441
0.782896845039888,2.42082744563221
0.783108409802546,2.4208286432985
0.783320012005799,2.4208298404864
0.783531652100549,2.42083103719416
0.783743329494369,2.42083223342391
0.783955044557122,2.42083342917293
0.784166796976185,2.42083462444283
0.784378586618178,2.42083581923228
0.78459041396046,2.42083701354049
0.784802279309889,2.42083820736984
0.785014182467925,2.42083940072219
0.785226122963674,2.42084059359679
0.78543810122689,2.42084178599122
0.785650117338624,2.42084297790742
0.78586217155256,2.42084416934608
0.786074262748235,2.42084536030858
0.786286391970776,2.42084655078949
0.786498558704316,2.4208477407935
0.786710762880039,2.42084893031861
0.786923004973461,2.42085011936427
0.787135284754105,2.42085130793288
0.787347602168957,2.42085249602358
0.787559957072382,2.42085368363607
0.787772350229025,2.42085487076962
0.78798478121533,2.42085605742804
0.788197249739705,2.42085724360966
0.788409755778421,2.42085842931288
0.788622299678216,2.42085961453747
0.788834881365424,2.42086079928518
0.789047501340908,2.42086198355587
0.789260158618228,2.42086316735209
0.789472854070757,2.42086435066922
0.789685587388132,2.42086553351117
0.78989835835783,2.42086671587686
0.790111166900361,2.42086789776517
0.790324013429666,2.42086907917561
0.790536897477349,2.42087026011025
0.790749819235569,2.42087144056703
0.790962779768513,2.42087262054673
0.791175777799241,2.42087380005476
0.791388813992023,2.42087497908543
0.791601887977494,2.42087615764143
0.791814999645734,2.4208773357213
0.79202814902585,2.42087851332436
0.792241336908486,2.42087969045073
0.792454562099055,2.42088086710439
0.79266782586144,2.42088204327992
0.792881127650308,2.420883218983
0.793094467062872,2.42088439421161
0.793307844684777,2.42088556896358
0.793521260271329,2.42088674324162
0.793734713457187,2.42088791704486
0.793948204587254,2.42088909037144
0.794161733869286,2.42089026322292
0.794375301365246,2.42089143560053
0.794588906867975,2.42089260750476
0.794802550063012,2.42089377893469
0.795016231784256,2.4208949498887
0.795229950905694,2.42089612037078
0.795443708637596,2.42089729037587
0.795657504791427,2.4208984599094
0.795871338500422,2.42089962897109
0.796085210662068,2.4209007975567
0.796299120268628,2.42090196567021
0.796513068444102,2.42090313330716
0.796727054808009,2.42090430047261
0.796941079282679,2.42090546716531
0.797155141656422,2.42090663338477
0.797369242616815,2.42090779912996
0.797583381620791,2.42090896440417
0.797797558657734,2.42091012920514
0.798011773981817,2.42091129353262
0.798226027596285,2.42091245738788
0.79844031875519,2.4209136207711
0.798654648360873,2.42091478367872
0.798869016085792,2.4209159461148
0.799083422092219,2.42091710807822
0.79929786646037,2.42091826956971
0.799512348673019,2.42091943058976
0.799726869701629,2.42092059113597
0.799941428723265,2.42092175121283
0.800156026046956,2.42092291081689
0.800370661381557,2.4209240699493
0.800585334988864,2.42092522860884
0.800800046837491,2.42092638679668
0.801014797545291,2.42092754451284
0.801229586237681,2.42092870176035
0.801444412943461,2.42092985853537
0.80165927839452,2.42093101483764
0.801874181943292,2.42093217067073
0.802089124441818,2.42093332603195
0.802304104755908,2.42093448092514
0.802519123572849,2.42093563534531
0.802734180893531,2.42093678929526
0.802949276533378,2.42093794277536
0.803164410338791,2.42093909578478
0.803379583055889,2.42094024832276
0.80359479414362,2.42094140039283
0.803810042927239,2.42094255199283
0.804025330549663,2.42094370311932
0.804240656281778,2.42094485377745
0.804456021177673,2.42094600396435
0.804671424055036,2.42094715368478
0.804886865520165,2.42094830293365
0.805102345381154,2.42094945171335
0.805317863367392,2.42095060002326
0.805533419804849,2.42095174786206
0.805749015240897,2.42095289523122
0.805964649824255,2.42095404213356
0.80618032187667,2.42095518857012
0.806396033180334,2.42095633453305
0.806611782174432,2.42095748003005
0.806827569733501,2.42095862505456
0.807043396485489,2.42095976961007
0.807259261713795,2.42096091369999
0.807475165174783,2.42096205732134
0.807691107365371,2.42096320047267
0.807907088028452,2.42096434315621
0.808123107477636,2.42096548537105
0.808339165378144,2.42096662711862
0.808555262044069,2.42096776839751
0.808771397021242,2.42096890920911
0.808987570855473,2.42097004955147
0.80920378319506,2.42097118942699
0.809420034314259,2.42097232883433
0.809636324351755,2.42097346777466
0.80985265303863,2.42097460624881
0.810069020312497,2.42097574425565
0.810285426270449,2.4209768817948
0.810501871222219,2.42097801886672
0.810718354472609,2.42097915547296
0.810934876879401,2.42098029161045
0.811151437517108,2.42098142728295
0.811368036398888,2.42098256248654
0.81158467495696,2.42098369722091
0.811801352239506,2.42098483149281
0.812018067950352,2.42098596529853
0.812234822486578,2.42098709863632
0.812451615701904,2.4209882315079
0.812668447877366,2.4209893639128
0.8128853186314,2.42099049585234
0.813102228293812,2.42099162732491
0.813319176618672,2.42099275833193
0.813536163760773,2.42099388887245
0.81375319015357,2.42099501894711
0.813970255288765,2.42099614855807
0.814187359534477,2.42099727770322
0.814404502390373,2.42099840638409
0.814621683791349,2.42099953459855
0.814838904081932,2.42100066234611
0.81505616345451,2.42100178962837
0.815273462311208,2.42100291644644
0.815490798977034,2.42100404280235
0.815708174967984,2.42100516868856
0.815925590551564,2.42100629411136
0.816143044357421,2.42100741907271
0.816360537213327,2.42100854356649
0.816578069203834,2.42100966759593
0.816795639963245,2.42101079116181
0.817013249801333,2.42101191426256
0.81723089892317,2.42101303689949
0.817448586987612,2.42101415907373
0.817666313648163,2.42101528078386
0.817884079585423,2.42101640202816
0.8181018845234,2.42101752280964
0.818319728742212,2.42101864312739
0.818537611789353,2.42101976298265
0.818755533933064,2.4210208823735
0.818973495427337,2.421022001301
0.819191495821394,2.4210231197665
0.819409535111965,2.42102423776808
0.819627613437655,2.42102535530558
0.819845731220998,2.42102647237966
0.820063887621966,2.42102758899237
0.820282083341867,2.42102870514011
0.820500318707238,2.42102982082575
0.820718592949436,2.42103093605116
0.820936905709079,2.42103205081302
0.821155257730732,2.42103316510939
0.821373649291849,2.4210342789435
0.821592079851878,2.42103539231703
0.821810550204416,2.42103650522771
0.822029059266874,2.42103761767897
0.822247607754671,2.42103872966627
0.822466195720394,2.42103984119242
0.822684822504937,2.42104095225801
0.822903488502635,2.42104206286013
0.823122194111966,2.42104317300031
0.823340938269494,2.42104428268057
0.823559721953759,2.42104539189632
0.823778544848014,2.42104650065157
0.823997407531495,2.42104760894535
0.824216309586106,2.42104871678023
0.824435250398968,2.42104982415462
0.824654230553077,2.42105093106559
0.824873250043451,2.42105203751553
0.825092309474529,2.42105314350471
0.825311408010195,2.42105424903595
0.825530545947431,2.42105535410578
0.825749723609807,2.42105645871522
0.825968939928879,2.42105756286588
0.826188195302036,2.42105866655315
0.826407490705899,2.42105976977835
0.826626825304994,2.42106087254611
0.826846199952801,2.42106197485317
0.827065613906364,2.42106307670307
0.827285067304226,2.42106417809288
0.827504560177183,2.42106527902294
0.827724092574927,2.42106637949348
0.827943664079037,2.42106747950477
0.828163275360454,2.421068579055
0.828382925160529,2.42106967814703
0.828602615315763,2.42107077677557
0.828822344748875,2.42107187494832
0.829042113540719,2.42107297266132
0.829261921998129,2.42107406991454
0.829481770039339,2.4210751667094
0.829701657853183,2.42107626304572
0.829921584744482,2.42107735892435
0.830141551218046,2.42107845434233
0.830361557553607,2.42107954930163
0.83058160384929,2.42108064380375
0.830801689405758,2.42108173784932
0.831021814860537,2.42108283143534
0.831241979347236,2.42108392456435
0.831462183892654,2.4210850172328
0.831682428171836,2.42108610944494
0.831902712074154,2.4210872011998
0.832123035740926,2.42108829249684
0.83234339877844,2.42108938333664
0.832563801684061,2.42109047371757
0.832784244203277,2.4210915636417
0.833004726012577,2.42109265310816
0.833225247602876,2.42109374211546
0.833445809266137,2.42109483066565
0.833666410594003,2.4210959187603
0.833887051239454,2.42109700639779
0.834107732150926,2.42109809357644
0.83432845223449,2.42109918030033
0.834549212634607,2.42110026656507
0.834770012504169,2.42110135237531
0.834990852186107,2.42110243772783
0.835211731748892,2.42110352262383
0.835432650603542,2.4211046070638
0.835653609765495,2.42110569104521
0.835874608443996,2.42110677457232
0.83609564696511,2.42110785764213
0.836316725733576,2.42110894025579
0.836537843995863,2.42111002241525
0.836759002479633,2.42111110411744
0.836980200750326,2.42111218536526
0.837201438786963,2.42111326615715
0.837422716546234,2.42111434649289
0.837644034526044,2.4211154263723
0.837865392283217,2.42111650579758
0.838086789829699,2.42111758476707
0.8383082278486,2.42111866328068
0.838529705114758,2.42111974134142
0.838751222898788,2.42112081894429
0.838972780608197,2.42112189609434
0.83919437831386,2.42112297278958
0.839416015779205,2.42112404903012
0.839637693343327,2.42112512481498
0.839859411227561,2.42112620014558
0.840081169046109,2.42112727502307
0.840302966758669,2.42112834944593
0.8405248044495,2.42112942341384
0.840746682067117,2.42113049692719
0.840968600347922,2.42113156998583
0.841190558457463,2.42113264259298
0.841412556624086,2.4211337147454
0.841634594147162,2.42113478644375
0.841856672362506,2.42113585768511
0.842078790611582,2.42113692847502
0.842300948917603,2.42113799881122
0.842523147498426,2.42113906869363
0.84274538642762,2.4211401381232
0.842967665579435,2.4211412071004
0.843189984226947,2.42114227562477
0.843412343856256,2.42114334369314
0.843634743199117,2.42114441131164
0.843857182602472,2.42114547847548
0.844079662700065,2.42114654518569
0.844302182953529,2.42114761144514
0.844524743211453,2.42114867725186
0.844747343677563,2.42114974260501
0.844969984929536,2.42115080750542
0.8451926659489,2.4211518719557
0.845415387333187,2.42115293595178
0.845638149181184,2.42115399949583
0.845860950725453,2.42115506258854
0.846083792479719,2.42115612522673
0.846306674864736,2.42115718741231
0.846529597651528,2.42115824914731
0.846752561032415,2.421159310431
0.846975564542005,2.42116037126417
0.847198608329556,2.42116143164494
0.8474216925942,2.42116249157377
0.847644817367151,2.42116355105162
0.847867982216396,2.42116461007874
0.848091187969586,2.42116566865336
0.848314433882134,2.42116672677885
0.848537720464798,2.42116778445243
0.848761047311188,2.42116884167602
0.848984414924428,2.42116989844811
0.84920782268567,2.42117095477074
0.849431270983055,2.42117201064151
0.84965475944793,2.42117306606185
0.849878288561685,2.4211741210304
0.850101858301252,2.42117517554907
0.850325468071657,2.42117622961802
0.850549119262452,2.42117728323477
0.85077281072432,2.42117833640498
0.850996542303721,2.42117938912442
0.851220314618963,2.42118044139201
0.851444127508328,2.4211814932103
0.851667980865357,2.42118254457891
0.851891874736431,2.42118359549739
0.852115809801959,2.4211846459659
0.852339784784816,2.42118569598739
0.852563800674277,2.4211867455568
0.852787857369847,2.42118779467781
0.853011954035835,2.42118884335041
0.853236091385316,2.42118989157112
0.853460269380516,2.4211909393426
0.853684487999661,2.42119198666503
0.853908747417837,2.42119303353835
0.854133047938618,2.42119407996334
0.85435738887696,2.42119512594137
0.854581770741842,2.42119617146975
0.854806193658363,2.42119721655037
0.855030657314725,2.42119826118398
0.855255161319966,2.42119930536938
0.855479706062918,2.42120034910484
0.855704291195267,2.42120139239185
0.855928917884806,2.42120243522914
0.856153585039237,2.4212034776215
0.856378292851363,2.42120451956488
0.856603041540748,2.42120556105972
0.856827831285713,2.42120660210699
0.857052661363337,2.42120764270759
0.857277532382223,2.42120868285862
0.857502444914303,2.42120972256235
0.857727397702599,2.42121076182144
0.857952391474963,2.42121180063096
0.858177425888965,2.42121283899345
0.858402501475996,2.4212138769078
0.858627617799686,2.42121491437612
0.858852775498007,2.42121595139686
0.8590779737981,2.42121698797254
0.85930321301238,2.42121802410025
0.859528493294661,2.421219059781
0.859753814367,2.42122009501558
0.859979176972426,2.42122112980296
0.860204580156768,2.42122216414611
0.860430023874939,2.42122319804146
0.860655508981279,2.42122423148846
0.860881034705486,2.42122526449062
0.8611066017873,2.42122629704518
0.861332209954621,2.42122732915491
0.861557859034966,2.42122836081902
0.861783549025827,2.42122939203675
0.862009280403168,2.42123042280805
0.862235052747879,2.42123145313488
0.862460865905308,2.42123248301578
0.862686720116513,2.42123351244998
0.86291261576948,2.42123454143843
0.863138552084965,2.42123556998285
0.863364530306987,2.42123659808025
0.863590549286517,2.42123762573546
0.863816609779172,2.4212386529443
0.864042711059785,2.42123967970946
0.8642688539041,2.42124070602828
0.864495037738199,2.42124173190369
0.864721262089793,2.42124275733368
0.864947528603605,2.42124378231616
0.86517383545679,2.42124480685763
0.865400183786788,2.42124583095139
0.865626573773582,2.42124685460139
0.865853005242652,2.42124787780883
0.866079477544027,2.42124890057313
0.866305991482535,2.42124992289162
0.866532546359443,2.42125094476734
0.866759142597143,2.42125196619778
0.866985780202528,2.42125298718444
0.867212459546165,2.42125400772753
0.867439179338826,2.4212550278286
0.867665941057579,2.42125604748263
0.86789274445531,2.4212570666951
0.868119588829771,2.42125808546562
0.868346474146534,2.42125910379133
0.86857340109099,2.42126012167183
0.868800370011399,2.42126113910988
0.869027379598089,2.4212621561072
0.869254431024324,2.42126317265872
0.869481524193028,2.42126418876867
0.869708658030392,2.42126520443713
0.869935834254262,2.42126621965982
0.87016305166773,2.42126723444323
0.870390310864963,2.42126824878325
0.870617611474152,2.42126926268188
0.870844953396897,2.42127027613786
0.87107233654955,2.42127128915069
0.871299761186545,2.42127230172001
0.871527227677444,2.42127331384684
0.87175473544675,2.42127432553281
0.871982285224253,2.4212753367758
0.872209876458038,2.42127634757855
0.872437508803352,2.42127735793915
0.872665183114025,2.42127836785607
0.872892899056994,2.42127937733259
0.873120656599081,2.42128038636775
0.873348455637761,2.42128139496134
0.873576296048149,2.42128240311297
0.873804178346638,2.42128341082213
0.874032102696615,2.42128441809085
0.874260068807067,2.42128542492002
0.87448807653467,2.42128643130861
0.874716125674212,2.42128743725596
0.874944216777974,2.42128844276123
0.875172349407603,2.42128944782654
0.875400523560856,2.42129045245041
0.875628739951005,2.42129145663271
0.875856998429163,2.42129246037628
0.87608529800473,2.42129346368086
0.876313639009579,2.42129446654251
0.876542022217509,2.42129546896218
0.876770447269586,2.42129647094306
0.876998914164897,2.42129747248409
0.877227423447274,2.42129847358519
0.877455973978403,2.42129947424851
0.877684566174868,2.42130047446983
0.877913200722386,2.42130147425037
0.878141876589331,2.42130247359299
0.878370594423908,2.42130347249396
0.878599354646752,2.42130447095547
0.878828156129826,2.42130546897943
0.879057000033891,2.42130646656164
0.87928588574002,2.42130746370624
0.879514812808244,2.42130846041126
0.879743782647747,2.42130945667481
0.879972794634527,2.42131045250224
0.880201847962718,2.4213114478917
0.880430944000105,2.42131244283984
0.880660081866368,2.42131343735172
0.880889261917439,2.42131443142445
0.881118483716408,2.42131542505913
0.881347746991404,2.4213164182542
0.881577052673273,2.42131741100848
0.881806400231182,2.4213184033255
0.88203579060545,2.42131939520359
0.882265222749126,2.42132038664626
0.882494696242057,2.42132137764984
0.882724212505303,2.42132236821232
0.882953770855398,2.42132335833907
0.883183371382034,2.42132434802801
0.883413014244864,2.42132533727929
0.883642699090594,2.42132632609359
0.883872426522603,2.42132731446962
0.884102195746232,2.42132830240962
0.884332006726793,2.42132928991077
0.884561860459331,2.42133027697267
0.884791756350182,2.42133126359916
0.885021694427497,2.42133224978838
0.885251675244701,2.42133323554026
0.885481697752681,2.42133422085696
0.885711762621674,2.42133520573468
0.885941869872449,2.42133619017564
0.886172019490351,2.42133717418018
0.886402211379518,2.4213381577483
0.886632445188943,2.42133914087967
0.886862721351386,2.42134012357292
0.887093039646703,2.42134110582961
0.887323400571845,2.42134208764908
0.88755380416808,2.4213430690332
0.887784250278265,2.42134404998235
0.888014738389866,2.42134503049598
0.88824526884249,2.42134601057211
0.888475841976252,2.42134699021185
0.888706456689748,2.42134796941665
0.888937114569017,2.42134894818247
0.889167814929857,2.421349926515
0.889398557696787,2.42135090441223
0.889629343032611,2.42135188187368
0.889860171286435,2.42135285889996
0.890091041560269,2.42135383549249
0.890321954668269,2.42135481164801
0.890552910525768,2.42135578736931
0.890783908562816,2.4213567626564
0.89101494920412,2.42135773750711
0.891246032347311,2.42135871192289
0.891477157767972,2.4213596859035
0.891708326330164,2.4213606594481
0.891939537379716,2.42136163255992
0.892170790468811,2.42136260523683
0.892402086439404,2.42136357747693
0.892633425150167,2.42136454928326
0.892864806478999,2.4213655206556
0.893096230142982,2.42136649159352
0.893327696375559,2.4213674620959
0.893559205771504,2.42136843216356
0.893790758063439,2.42136940179885
0.894022352948344,2.42137037100102
0.894253990098732,2.42137133976888
0.894485669992342,2.4213723081011
0.894717393138244,2.42137327599936
0.894949158753285,2.42137424346579
0.895180967302262,2.42137521049768
0.895412818914177,2.42137617709652
0.895644712805496,2.42137714326297
0.895876649693674,2.4213781089942
0.896108628875813,2.42137907429261
0.896340650801822,2.42138003915586
0.896572715964746,2.42138100358542
0.896804824035504,2.4213819675833
0.897036975116608,2.42138293114852
0.897269168799049,2.42138389428137
0.897501406244269,2.42138485698038
0.897733685649676,2.42138581924976
0.897966008333176,2.42138678108324
0.898198374388839,2.42138774248512
0.89843078356265,2.42138870345621
0.898663235267084,2.42138966399568
0.898895729883991,2.42139062410127
0.899128267773639,2.4213915837742
0.899360848119022,2.42139254301596
0.899593472044724,2.42139350182368
0.899826138316885,2.42139446020129
0.900058847858995,2.42139541814463
0.900291600641085,2.42139637565671
0.900524396058805,2.42139733273778
0.900757234886321,2.42139828938562
0.900990116785986,2.42139924560292
0.901223041861841,2.42140020138872
0.901456010156607,2.42140115674332
0.9016890214624,2.42140211166695
0.901922075671539,2.42140306615888
0.902155172970081,2.42140402021865
0.902388313886769,2.42140497384695
0.902621497800509,2.42140592704581
0.90285472450914,2.42140687981317
0.903087994684802,2.42140783214811
0.903321308861741,2.42140878405302
0.903554665401861,2.42140973553015
0.90378806563555,2.42141068657372
0.904021508981088,2.42141163718804
0.90425499523755,2.42141258737146
0.904488525033867,2.42141353712308
0.904722097860508,2.42141448644515
0.904955713939761,2.42141543533605
0.905189373544766,2.42141638379646
0.905423076992509,2.42141733182747
0.905656823589633,2.42141827943038
0.90589061313155,2.42141922660279
0.906124446341886,2.42142017334375
0.906358322910598,2.42142111965582
0.906592242979435,2.42142206553816
0.906826206528973,2.42142301099121
0.907060213209433,2.42142395601498
0.907294262761756,2.42142490060822
0.907528356055298,2.42142584476987
0.907762493267484,2.42142678850303
0.907996673607069,2.42142773180867
0.908230897646598,2.42142867468404
0.908465165349082,2.42142961713097
0.908699476445554,2.42143055914952
0.908933830996976,2.42143150073874
0.909168228662179,2.42143244189879
0.909402670718709,2.42143338262847
0.909637156116104,2.42143432293231
0.909871685410953,2.42143526280698
0.910106258015579,2.42143620225418
0.910340873460619,2.42143714127199
0.910575532940436,2.42143807985852
0.910810235983138,2.42143901801794
0.911044983044243,2.42143995574898
0.911279773544361,2.42144089305318
0.911514608402137,2.42144182992864
0.911749486148842,2.42144276637847
0.911984407539807,2.42144370239775
0.912219372761003,2.42144463798869
0.912454381832529,2.42144557315224
0.912689434235039,2.42144650788856
0.912924530486842,2.42144744219585
0.913159670833927,2.42144837607579
0.913394855266094,2.42144930952946
0.913630083288262,2.42145024255696
0.913865354592284,2.42145117515654
0.914100670206462,2.42145210732694
0.914336029411709,2.42145303907174
0.91457143183662,2.42145397038875
0.914806878978296,2.42145490127644
0.915042369707576,2.42145583174003
0.91527790401774,2.42145676177605
0.91551348257224,2.42145769138412
0.915749105182442,2.42145862056661
0.91598477168033,2.4214595493231
0.916220482111038,2.42146047765296
0.916456236806481,2.42146140555633
0.916692035564777,2.4214623330344
0.91692787790781,2.42146326008661
0.917163764646489,2.42146418671122
0.917399694485641,2.42146511291096
0.917635669094021,2.42146603868152
0.917871687536419,2.42146696402841
0.918107750415458,2.4214678889489
0.918343857154081,2.42146881344486
0.918580007486499,2.42146973751446
0.918816202037933,2.42147066115659
0.919052440765946,2.42147158437338
0.919288723431443,2.42147250716491
0.919525050476248,2.42147342953037
0.919761422016871,2.42147435147125
0.919997837681626,2.42147527298814
0.920234297608264,2.4214761940798
0.920470801352582,2.42147711474661
0.920707349552374,2.42147803498706
0.920943942067567,2.42147895480328
0.921180578286842,2.421479874195
0.921417258675617,2.42148079316006
0.921653983295648,2.42148171169991
0.921890752382033,2.42148262981493
0.922127565844685,2.421483547506
0.922364423228988,2.42148446477292
0.922601324858316,2.4214853816141
0.922838271119501,2.42148629803051
0.923075261484922,2.42148721402364
0.923312296141264,2.42148812959181
0.923549375627302,2.42148904473553
0.923786499261234,2.42148995945674
0.924023666935409,2.42149087375328
0.924260878936316,2.42149178762458
0.924498135455956,2.4214927010716
0.924735436789976,2.42149361409512
0.924972782246736,2.42149452669627
0.925210172327524,2.42149543887278
0.925447607187499,2.42149635062618
0.925685086422156,2.42149726195718
0.925922609935779,2.42149817286447
0.926160178527259,2.4214990833476
0.926397791274138,2.42149999340932
0.926635448395273,2.42150090304672
0.926873150222646,2.42150181226029
0.927110896863535,2.42150272105124
0.927348687597841,2.4215036294201
0.927586523323204,2.42150453736443
0.927824403245296,2.42150544488712
0.928062327595341,2.42150635198574
0.928300297092606,2.42150725866085
0.928538311276463,2.42150816491502
0.928776369944827,2.42150907074692
0.929014472911251,2.42150997615576
0.929252621401021,2.42151088114082
0.929490814744784,2.42151178570627
0.929729052048154,2.42151268985024
0.929967334598544,2.42151359356949
0.930205661882222,2.42151449686813
0.930444033661328,2.42151539974483
0.930682450227586,2.42151630219866
0.930920912198592,2.42151720423055
0.931159418024085,2.42151810584271
0.931397968752178,2.4215190070301
0.93163656527721,2.4215199077958
0.931875205683615,2.42152080814319
0.93211389158381,2.4215217080661
0.932352621833883,2.42152260756941
0.932591397167977,2.42152350664975
0.93283021773453,2.42152440530929
0.933069082788014,2.42152530354877
0.933307993033282,2.42152620136574
0.933546947994514,2.42152709876238
0.933785948298706,2.42152799573731
0.934024993509343,2.42152889229253
0.934264083502047,2.42152978842677
0.934503218475783,2.42153068413951
0.934742398660833,2.42153157943139
0.93498162324085,2.42153247430327
0.935220893199954,2.42153336875249
0.935460208338036,2.42153426278212
0.935699568841269,2.42153515639183
0.935938974028935,2.42153604958222
0.93617842416163,2.42153694235107
0.936417919259504,2.42153783469905
0.9366574597012,2.42153872662631
0.936897045377891,2.42153961813417
0.937136676149305,2.42154050922242
0.937376352431367,2.42154139989056
0.937616073775531,2.42154229013996
0.937855840212351,2.42154317996928
0.938095651759375,2.4215440693785
0.938335508720504,2.42154495836768
0.938575411031866,2.42154584693787
0.938815358273785,2.42154673508899
0.9390553514102,2.42154762281963
0.939295389700624,2.42154851013288
0.939535473908952,2.42154939702662
0.939775602703181,2.42155028350317
0.940015776865432,2.42155116955836
0.940255996966398,2.42155205519437
0.940496261988306,2.42155294041336
0.940736572089717,2.42155382521217
0.94097692761075,2.42155470959101
0.941217327863841,2.42155559355107
0.94145777456056,2.4215564770902
0.941698266707074,2.42155736021387
0.94193880410736,2.42155824291937
0.942179386689602,2.42155912520577
0.942420015309781,2.42156000707276
0.942660689262706,2.42156088852316
0.942901409242056,2.42156176955494
0.943142173831892,2.4215626501702
0.943382984772431,2.42156353036449
0.943623841118356,2.42156441014311
0.943864742960106,2.42156528950352
0.944105690054105,2.42156616844574
0.944346683268769,2.42156704696902
0.944587721149079,2.42156792507613
0.944828805633829,2.4215688027626
0.945069935488807,2.42156968003437
0.945311110664612,2.42157055688798
0.945552331665034,2.42157143332294
0.945793598663197,2.42157230934088
0.946034911528702,2.42157318494255
0.946276269782763,2.42157406012759
0.946517674045132,2.42157493489443
0.946759124160493,2.42157580924494
0.947000619798423,2.42157668317883
0.947242161249644,2.42157755669499
0.947483748612378,2.42157842979428
0.947725381846275,2.42157930247712
0.947967060963317,2.42158017474345
0.948208786143459,2.42158104659329
0.948450556467458,2.42158191802727
0.94869237329829,2.42158278904245
0.94893423511387,2.421583659643
0.949176143453409,2.4215845298244
0.949418097396524,2.42158539959122
0.949660097682427,2.42158626894093
0.949902143931045,2.42158713787571
0.950144236292754,2.42158800639454
0.950386374254729,2.42158887449783
0.950628558289691,2.42158974218396
0.950870788275711,2.42159060945433
0.951113063994406,2.42159147630868
0.951355385902366,2.42159234274632
0.951597754021053,2.42159320876864
0.951840168625308,2.42159407437589
0.952082628979597,2.42159493956898
0.952325135260475,2.42159580434564
0.952567687799032,2.42159666870623
0.952810286587509,2.42159753265186
0.953052931520459,2.42159839618264
0.953295622742675,2.42159925929826
0.953538360099979,2.42160012199914
0.953781143217643,2.42160098428487
0.954023972962306,2.4216018461542
0.954266848671487,2.42160270760981
0.954509771335315,2.42160356864985
0.954752740009199,2.42160442927733
0.954995755235221,2.42160528948953
0.955238816039058,2.42160614928793
0.955481923668813,2.42160700866956
0.955725077205243,2.42160786763814
0.955968277311533,2.42160872619112
0.956211523780504,2.42160958433037
0.956454817274548,2.42161044205544
0.956698156407822,2.42161129936839
0.956941541658859,2.42161215626503
0.957184973192536,2.42161301274648
0.957428451664282,2.42161386881339
0.957671977009416,2.42161472446792
0.957915548436497,2.42161557971011
0.958159166401256,2.42161643453744
0.958402830612895,2.42161728895111
0.958646541457809,2.42161814295036
0.95889029863378,2.42161899653632
0.959134103170698,2.42161984970818
0.959377953648582,2.42162070246913
0.959621850842547,2.42162155481499
0.959865794906843,2.42162240674782
0.960109785216141,2.42162325826832
0.960353821928933,2.4216241093746
0.960597905485158,2.42162496006697
0.960842035932538,2.42162581034689
0.961086212718109,2.42162666021464
0.961330436261475,2.42162750966853
0.961574706273055,2.42162835870973
0.961819023431751,2.42162920733744
0.962063387279786,2.42163005555375
0.962307797846077,2.42163090335742
0.962552254800745,2.42163175074843
0.962796759246775,2.42163259772577
0.963041310281625,2.42163344429279
0.963285908426143,2.42163429044702
0.963530553029434,2.42163513618985
0.963775244384573,2.42163598151939
0.964019982599074,2.42163682643638
0.964264767610294,2.42163767094124
0.96450959875023,2.42163851503384
0.964754478170833,2.42163935871209
0.964999403625475,2.4216402019825
0.965244376524479,2.42164104483873
0.965489396012806,2.42164188728455
0.965734462975599,2.42164272931768
0.965979577076691,2.42164357094066
0.966224737864722,2.42164441215271
0.966469945659471,2.42164525295235
0.966715200151288,2.42164609334045
0.966960502295217,2.42164693331614
0.967205850648042,2.42164777288231
0.967451246196141,2.42164861203478
0.967696689072218,2.4216494507762
0.967942179011135,2.42165028910727
0.968187716654524,2.42165112702723
0.96843330123275,2.42165196453801
0.968678933109585,2.42165280163742
0.968924612300414,2.42165363832639
0.969170338466433,2.42165447460505
0.969416112082386,2.4216553104724
0.969661932752268,2.4216561459298
0.969907800041668,2.42165698097617
0.970153715404937,2.42165781561009
0.970399677818797,2.4216586498359
0.970645687831734,2.42165948365089
0.970891745189741,2.42166031705649
0.971137849784817,2.42166115005206
0.971384001362584,2.42166198263723
0.971630200298769,2.42166281481118
0.971876446775176,2.42166364657499
0.972122740740681,2.42166447792935
0.972369082356355,2.42166530887416
0.972615471022269,2.42166613940993
0.97286190732396,2.42166696953487
0.973108390787397,2.42166779925061
0.973354921718472,2.42166862855587
0.973601500181366,2.42166945745147
0.973848126233127,2.42167028593769
0.97409479966448,2.42167111401475
0.974341521435337,2.42167194168203
0.974588290288627,2.42167276894241
0.974835107582988,2.42167359579235
0.975081971272165,2.42167442223564
0.975328882920412,2.42167524826645
0.975575842626786,2.42167607388895
0.975822849361869,2.42167689910388
0.976069904539563,2.42167772390819
0.976317006740423,2.42167854830586
0.976564157009232,2.42167937229302
0.976811355056697,2.42168019587244
0.977058600849597,2.42168101904353
0.977305894267833,2.42168184180613
0.977553236227336,2.42168266415988
0.977800624771796,2.42168348610752
0.9780480611859,2.42168430764341
0.978295546269953,2.4216851287709
0.978543078437597,2.42168594949272
0.978790659448295,2.42168676980438
0.9790382877107,2.42168758971073
0.979285963862671,2.42168840920747
0.979533687796624,2.42168922829611
0.979781459986855,2.42169004697648
0.980029279885811,2.42169086525
0.980277148143822,2.42169168311516
0.980525064071353,2.42169250057378
0.980773028325957,2.42169331762397
0.981021040407805,2.42169413426753
0.981269100269588,2.42169495050314
0.981517208479469,2.42169576633054
0.98176536456028,2.42169658175142
0.982013568580984,2.42169739676451
0.98226182127085,2.42169821136991
0.982510122031012,2.4216990255698
0.982758470576419,2.42169983936263
0.983006867187229,2.4217006527474
0.983255312388868,2.42170146572485
0.983503805673218,2.42170227829662
0.983752346912659,2.42170309046137
0.984000936415954,2.42170390221859
0.984249574294327,2.42170471356917
0.984498260141223,2.42170552451352
0.984746994214561,2.42170633505049
0.984995776456042,2.42170714518073
0.985244606765198,2.42170795490415
0.985493485744629,2.42170876422044
0.985742412881974,2.42170957313136
0.985991388806352,2.42171038163557
0.986240413679795,2.42171118973481
0.986489486380914,2.42171199742973
0.986738607622063,2.42171280471708
0.986987777374779,2.42171361159867
0.987236995896162,2.42171441807457
0.987486262536439,2.42171522414557
0.987735577231208,2.42171602980984
0.987984941117691,2.42171683506701
0.988234353337309,2.42171763992039
0.988483813524989,2.4217184443678
0.98873332289578,2.42171924840796
0.988982880471828,2.4217200520443
0.98923248727695,2.42172085527431
0.989482142029028,2.42172165810074
0.989731845786242,2.42172246052011
0.989981598303421,2.42172326253518
0.990231399063214,2.42172406414551
0.990481248669716,2.42172486534955
0.99073114678597,2.42172566614893
0.990981094278988,2.42172646654281
0.991231090356778,2.42172726653365
0.991481134787003,2.42172806611938
0.99173122829817,2.42172886529914
0.991981370276564,2.42172966407496
0.992231560843256,2.42173046244526
0.992481800476261,2.42173126041025
0.992732088980707,2.42173205797134
0.992982426489885,2.42173285512811
0.993232812932142,2.42173365188089
0.993483248567363,2.42173444822953
0.993733733029932,2.42173524417476
0.993984266373068,2.4217360397156
0.994234848646302,2.42173683485211
0.994485479781885,2.42173762958444
0.994736160409699,2.42173842391243
0.994986889894979,2.42173921783786
0.99523766815327,2.4217400113591
0.995488495517817,2.42174080447573
0.995739371911715,2.4217415971887
0.995990297363972,2.42174238949786
0.996241271970056,2.4217431814033
0.996492295539261,2.4217439729053
0.996743368183256,2.42174476400334
0.996994490057199,2.4217455546977
0.997245661616726,2.42174634498885
0.997496881829356,2.42174713487814
0.997748151041513,2.42174792436277
0.997999469071413,2.42174871344344
0.9982508368171,2.42174950211972
0.998502254331372,2.42175029039413
0.99875372097696,2.42175107826705
0.999005237236042,2.42175186573673
0.999256801850585,2.42175265280435
0.999508416437799,2.42175343946647
0.999760080311915,2.42175422572735
1.00001179303826,2.42175501158545
1.00026355598542,2.4217557970394
1.00051536757833,2.42175658209295
1.00076722868202,2.421757366742
1.00101913927982,2.42175815098861
1.00127109962314,2.42175893483292
1.00152310934761,2.42175971827568
1.00177516920622,2.42176050131593
1.00202727848693,2.42176128395569
1.0022794368395,2.42176206619315
1.00253164504295,2.42176284802716
1.00278390265669,2.4217636294598
1.00303621005908,2.42176441049003
1.00328856719619,2.42176519111883
1.00354097420351,2.42176597134613
1.00379343067314,2.42176675117231
1.0040459367549,2.42176753059627
1.0042984927175,2.42176830961831
1.00455109806848,2.42176908823923
1.00480375399784,2.42176986645772
1.00505645911043,2.42177064427699
1.0053092141928,2.42177142169345
1.00556201873518,2.42177219870894
1.00581487302332,2.42177297532224
1.00606777688796,2.42177375153402
1.00632073139851,2.42177452734387
1.00657373571579,2.42177530275474
1.00682678942651,2.42177607776457
1.00707989296836,2.42177685237203
1.0073330459512,2.42177762657818
1.00758624910568,2.42177840038207
1.00783950266945,2.42177917378563
1.00809280590446,2.4217799467897
1.0083461593275,2.42178071939233
1.00859956287057,2.42178149159474
1.0088530162482,2.42178226339689
1.00910651995677,2.42178303479796
1.00936007381589,2.42178380579926
1.00961367811002,2.4217845764004
1.00986733216672,2.42178534660215
1.01012103627332,2.42178611640272
1.01037479007112,2.42178688580273
1.01062859443656,2.42178765480125
1.01088244903613,2.4217884234006
1.01113635384341,2.42178919160011
1.01139030921446,2.42178995939962
1.01164431439089,2.42179072680009
1.01189836988295,2.42179149379955
1.01215247582891,2.4217922603992
1.01240663207242,2.42179302659953
1.01266083857411,2.42179379240017
1.01291509594593,2.42179455780097
1.01316940291277,2.42179532280358
1.01342376035849,2.42179608740469
1.01367816815526,2.42179685160638
1.01393262674005,2.42179761540852
1.01418713571285,2.42179837881228
1.01444169536763,2.42179914181667
1.01469630514161,2.42179990442241
1.01495096561487,2.42180066662804
1.01520567717227,2.42180142843498
1.01546043896421,2.42180218984441
1.01571525126178,2.42180295085416
1.01597011431472,2.42180371146473
1.01622502746041,2.42180447167685
1.01647999180238,2.42180523148881
1.01673500652389,2.42180599090341
1.01699007232173,2.42180674991873
1.01724518887742,2.42180750853645
1.01750035621065,2.42180826675588
1.01775557370632,2.421809024577
1.01801084223,2.42180978199815
1.01826616127083,2.4218105390215
1.01852153096903,2.42181129564588
1.01877695202404,2.42181205187157
1.01903242332696,2.42181280770045
1.01928794631401,2.42181356312975
1.01954351951757,2.42181431816303
1.01979914353252,2.42181507279671
1.02005481891882,2.42181582703203
1.02031054475325,2.42181658087062
1.02056632198389,2.42181733431015
1.02082214988369,2.42181808735293
1.021078029109,2.42181883999725
1.02133395917764,2.42181959224468
1.02158993978329,2.42182034409409
1.02184597210827,2.42182109554456
1.02210205545713,2.42182184659914
1.02235818989177,2.42182259725627
1.02261437562798,2.42182334751596
1.02287061185127,2.42182409737879
1.0231268995847,2.42182484684264
1.02338323849659,2.42182559591003
1.02363962852815,2.42182634458032
1.02389606964287,2.42182709285327
1.02415256214943,2.42182784072879
1.0244091059819,2.42182858820766
1.02466570151545,2.42182933528978
1.02492234801623,2.42183008197615
1.02517904606039,2.4218308282649
1.0254357955014,2.42183157415737
1.02569259634479,2.42183231965331
1.02594944864928,2.4218330647527
1.02620635215049,2.4218338094557
1.02646330729769,2.4218345537616
1.02672031436224,2.42183529767154
1.02697737191653,2.42183604118632
1.02723448137806,2.42183678430227
1.02749164241704,2.42183752702276
1.02774885481444,2.42183826934723
1.02800611908314,2.42183901127507
1.02826343439384,2.42183975280755
1.02852080154953,2.42184049394261
1.0287782204861,2.42184123468216
1.02903569020155,2.4218419750262
1.02929321196476,2.42184271497213
1.02955078537783,2.42184345452299
1.02980840999799,2.42184419367805
1.03006608697456,2.42184493243606
1.03032381523251,2.4218456707999
1.03058159580266,2.42184640876705
1.03083942797132,2.42184714633993
1.03109731215356,2.42184788351693
1.03135524810061,2.42184862029895
1.03161323574329,2.42184935668544
1.03187127503848,2.42185009267615
1.03212936650618,2.42185082827095
1.03238750963984,2.42185156347116
1.0326457053522,2.42185229827561
1.03290395260966,2.42185303268652
1.03316225218083,2.42185376670145
1.03342060356572,2.42185450032212
1.03367900743897,2.42185523354742
1.03393746336153,2.42185596637896
1.03419597088134,2.42185669881577
1.03445453040353,2.42185743085658
1.03471314246101,2.4218581625023
1.03497180677928,2.42185889375441
1.03523052256168,2.42185962461231
1.03548929094144,2.42186035507391
1.0357481113339,2.4218610851419
1.03600698409268,2.42186181481505
1.03626590893218,2.42186254409412
1.03652488625478,2.42186327297847
1.03678391621769,2.42186400146904
1.0370429984279,2.42186472956633
1.0373021330923,2.42186545726937
1.03756132013242,2.42186618457859
1.037820558944,2.42186691149382
1.03807985050018,2.4218676380135
1.03833919407182,2.42186836413996
1.03859859009601,2.42186908987155
1.03885803878586,2.42186981520924
1.03911753996565,2.42187054015363
1.03937709345608,2.42187126470435
1.03963669968738,2.42187198886089
1.03989635845317,2.42187271262428
1.04015606976048,2.4218734359941
1.04041583434703,2.42187415897031
1.04067565060121,2.42187488155478
1.04093551997779,2.42187560374359
1.04119544184234,2.42187632554004
1.04145541667356,2.42187704694284
1.04171544369663,2.42187776795306
1.04197552386275,2.42187848856886
1.04223565651711,2.42187920879243
1.04249584194441,2.42187992862234
1.04275608017687,2.42188064805915
1.04301637092784,2.421881367103
1.04327671452257,2.42188208575317
1.04353711154285,2.42188280401039
1.04379756120985,2.42188352187621
1.04405806410221,2.42188423934879
1.04431861955381,2.4218849564294
1.04457922805785,2.42188567311649
1.04483988962884,2.42188638941114
1.04510060410095,2.42188710531348
1.04536137171104,2.4218878208231
1.04562219229401,2.42188853594054
1.04588306588737,2.42188925066543
1.04614399237657,2.42188996499783
1.04640497207193,2.42189067893744
1.04666600492928,2.42189139248501
1.04692709140154,2.42189210564048
1.04718823008527,2.42189281840497
1.04744942300307,2.42189353077509
1.04771066903755,2.42189424275553
1.04797196792403,2.42189495434395
1.04823331986163,2.42189566553946
1.04849472551594,2.42189637634246
1.04875618394305,2.42189708675464
1.04901769569523,2.42189779677381
1.04927926125286,2.42189850640112
1.04954088007014,2.42189921563785
1.04980255238039,2.42189992448278
1.05006427838994,2.42190063293634
1.05032605776311,2.42190134099907
1.0505878905082,2.42190204867021
1.05084977723355,2.42190275594966
1.051111716494,2.42190346283893
1.05137371002471,2.42190416933459
1.05163575720755,2.42190487544056
1.05189785753806,2.4219055811557
1.052160011384,2.42190628647864
1.05242221844397,2.42190699141015
1.05268448000449,2.42190769594956
1.05294679490787,2.42190840009993
1.05320916369559,2.42190910385873
1.05347158623645,2.42190980722701
1.05373406188003,2.42191051020455
1.0539965921394,2.42191121278974
1.05425917639464,2.42191191498609
1.05452181406855,2.42191261679241
1.0547845053861,2.42191331820719
1.05504725106591,2.42191401923081
1.05531005027803,2.42191471986504
1.0555729034937,2.42191542010803
1.05583581054864,2.42191611996073
1.0560987722774,2.42191681942283
1.05636178739449,2.4219175184963
1.0566248569418,2.42191821717821
1.05688798045902,2.42191891547079
1.05715115775002,2.42191961337312
1.05741438932249,2.42192031088464
1.05767767484545,2.4219210080065
1.0579410147843,2.42192170473801
1.05820440836086,2.42192240108021
1.05846785633907,2.42192309703132
1.05873135882021,2.42192379259299
1.05899491565081,2.4219244877656
1.05925852637737,2.42192518254882
1.05952219124543,2.42192587694152
1.05978591082253,2.42192657094415
1.06004968429655,2.42192726455812
1.06031351260779,2.42192795778161
1.06057739513733,2.42192865061666
1.06084133243185,2.421929343062
1.06110532398419,2.42193003511878
1.06136937004289,2.4219307267859
1.06163347085063,2.42193141806383
1.06189762561427,2.42193210895318
1.06216183499666,2.42193279945211
1.062426098478,2.42193348956201
1.0626904173334,2.42193417928176
1.06295479016846,2.42193486861427
1.06321921777938,2.4219355575565
1.06348370049939,2.42193624611004
1.06374823698686,2.42193693427581
1.06401282867157,2.4219376220507
1.06427747470952,2.42193830943781
1.06454217552883,2.4219389964354
1.06480693096445,2.42193968304431
1.06507174165133,2.42194036926423
1.0653366069744,2.42194105509661
1.06560152749315,2.42194174054011
1.06586650314926,2.42194242559592
1.06613153286622,2.421943110264
1.06639661770431,2.4219437945418
1.06666175825974,2.42194447843154
1.06692695285731,2.42194516193484
1.0671922021046,2.42194584504791
1.06745750709931,2.42194652777178
1.06772286733065,2.42194721010912
1.06798828205572,2.42194789205898
1.06825375207634,2.4219485736195
1.06851927687127,2.42194925479237
1.06878485696049,2.42194993557653
1.06905049301542,2.42195061597307
1.06931618390017,2.42195129598365
1.06958193010701,2.42195197560575
1.06984773108893,2.42195265484027
1.07011358733907,2.42195333368601
1.07037949951756,2.42195401214399
1.07064546637528,2.42195469021583
1.0709114895161,2.42195536789876
1.07117756759854,2.42195604519622
1.07144370116832,2.42195672210542
1.07170989019439,2.42195739862734
1.07197613449213,2.42195807476198
1.07224243491165,2.42195875050891
1.07250879034589,2.42195942587002
1.07277520123982,2.42196010084294
1.07304166745755,2.42196077542844
1.0733081895613,2.42196144962626
1.07357476677448,2.42196212343768
1.073841400265,2.421962796861
1.07410808913758,2.42196346989874
1.0743748337256,2.42196414254905
1.07464163370165,2.42196481481252
1.07490849012511,2.42196548668842
1.07517540207295,2.42196615817911
1.07544237004764,2.42196682928268
1.07570939316869,2.42196750000008
1.07577745093312,2.42196817032937
1.07584550869755,2.42196838635729
1.0758877181063,2.42196856045034
1.07590544216591,2.42196867204334
1.07592316622552,2.42196872238725
1.07595583977936,2.42196876713209
1.0759885133332,2.42196884418871
1.07611471773553,2.42196892183954
1.07624084915784,2.42196918114996
1.07637084458608,2.42196942774124
1.07650483137759,2.4219696534537
1.07664306584066,2.42196985935574
1.0767858203957,2.42197004745392
1.07693339434238,2.42197021971415
1.07708611888309,2.42197037798819
1.07724435949077,2.42197052401346
1.07740852288091,2.42197065941668
1.07757906298405,2.42197078572173
1.07775648907975,2.42197090435616
1.07794137672455,2.42197101665854
1.07813437888444,2.4219711238869
1.07833624409129,2.42197122722652
1.07854783595729,2.42197132780064
1.07877016459065,2.42197142668088
1.07900442630726,2.42197152490189
1.07925206265012,2.42197162347804
1.07951485220022,2.42197172342629
1.07979506077709,2.42197182579915
1.0800956909727,2.42197193173598
1.08042099011889,2.42197204254494
1.0807775503298,2.4219721598661
1.08117735093877,2.42197228601974
1.08165025222246,2.42197242496045
1.08215895567294,2.42197258616505
1.08266765912341,2.42197275836514
1.08312814311503,2.42197292933556
1.08356546914148,2.42197308359535
1.08398958491043,2.4219732277669
1.08441085394694,2.42197336574049
1.08483263406739,2.42197350106117
1.08525661029531,2.42197363507087
1.08568295611259,2.42197376837075
1.08611150591759,2.42197390104252
1.08654195581853,2.42197403302206
1.08697408212289,2.42197416419691
1.08740774221126,2.421974294477
1.08784287637911,2.42197442380007
1.08827948017186,2.42197455213093
1.08871757628387,2.42197467945257
1.08915720207177,2.4219748057569
1.08959839884797,2.42197493104018
1.09004120807408,2.42197505529956
1.0904856741455,2.42197517853175
1.09093183913579,2.4219753007336
1.09137974699596,2.42197542190079
1.09182944249807,2.42197554202879
1.09228097395495,2.42197566111265
1.09273439140929,2.42197577914762
1.09318974487526,2.42197589612873
1.09364708867116,2.42197601205031
1.09410648221792,2.42197612690691
1.09456798743863,2.42197624069352
1.09503166921949,2.4219763534049
1.0954975967095,2.42197646503558
1.0959658438618,2.42197657558012
1.09643648799064,2.42197668503308
1.09690961296456,2.42197679338875
1.09738530703766,2.42197690064162
1.09786366635766,2.42197700678592
1.09834479026991,2.42197711181615
1.09882879314175,2.42197721572613
1.09931578645975,2.42197731851103
1.09980590334072,2.42197742016399
1.10029928244305,2.42197752068035
1.10079607124353,2.42197762005471
1.1012964384408,2.42197771828116
1.10180056260889,2.42197781535526
1.10230864132708,2.42197791127191
1.10282089246106,2.42197800602647
1.10333756117292,2.4219780996147
1.10385891247607,2.42197819203347
1.1043852529482,2.42197828327914
1.10491692693947,2.42197837335033
1.10545431829981,2.42197846224674
1.10599788068652,2.42197854996858
1.10654812801404,2.42197863651993
1.10710566482624,2.42197872190637
1.10767120679537,2.42197880613751
1.10824561559924,2.42197888922798
1.10882994128128,2.4219789711996
1.10942549402617,2.42197905208355
1.11003395080357,2.42197913192492
1.11065753177442,2.42197921078955
1.1112993011259,2.42197928877571
1.11196374208709,2.42197936603444
1.11265799394761,2.42197944280981
1.11339511387383,2.42197951952798
1.11420585410529,2.42197959703944
1.11524344858079,2.42197967751241
1.11608516317596,2.42197977253375
1.11680329612782,2.42197984695635
1.11769707991262,2.42197990587311
1.11830225701172,2.42197997145508
1.11890743411081,2.42198001519077
1.11964766788673,2.42198005441802
1.12027504901681,2.42198009795122
1.12085410630344,2.42198013298925
1.12143841421179,2.42198016250401
1.12200973357239,2.42198018952033
1.12256570668868,2.42198021361043
1.12311231116987,2.42198023479368
1.1236512409159,2.4219802534116
1.12418320705032,2.4219802696406
1.12470907019198,2.42198028359397
1.12522951775044,2.42198029537112
1.12574506955111,2.42198030505514
1.12625614136586,2.4219803127158
1.12676308020997,2.42198031841328
1.12726617591197,2.42198032220063
1.12776568274292,2.42198032412518
1.12826181627787,2.42198032422966
1.12875476722339,2.42198032255298
1.12924470862177,2.42198031913087
1.12973179107823,2.42198031399626
1.13021615337559,2.42198030717974
1.13069792253215,2.42198029870978
1.13117721139329,2.42198028861297
1.13165412532301,2.42198027691434
1.1321287640438,2.42198026363737
1.13260121422232,2.42198024880418
1.13307156140673,2.4219802324358
1.13353988269387,2.42198021455202
1.134006253646,2.42198019517171
1.13447073807435,2.42198017431268
1.13493339834301,2.42198015199215
1.1353942961188,2.42198012822649
1.13585348828196,2.42198010303123
1.13631102638565,2.42198007642123
1.1367669621438,2.42198004841085
1.13722133980201,2.42198001901374
1.13767420453971,2.42197998824323
1.13812559982685,2.42197995611202
1.13857556735379,2.42197992263226
1.13902414074955,2.42197988781562
1.13947136041227,2.42197985167377
1.13991726014285,2.42197981421745
1.14036187234817,2.4219797754573
1.14080522972954,2.42197973540364
1.14124736079764,2.42197969406631
1.14168829651103,2.42197965145509
1.14212806238447,2.42197960757914
1.14256668826162,2.42197956244769
1.14300419633474,2.42197951606923
1.14344061472574,2.42197946845258
1.14387596520302,2.4219794196057
1.14431026684194,2.42197936953677
1.14474354630179,2.42197931825405
1.14517582239741,2.42197926576467
1.14560711647034,2.42197921207626
1.14603744749191,2.42197915719596
1.14646683435239,2.42197910113086
1.14689529526277,2.42197904388786
1.14732284743332,2.42197898547365
1.14774950840599,2.42197892589483
1.14817529434196,2.42197886515774
1.14860022111118,2.42197880326865
1.14902430406463,2.42197874023367
1.14944755691649,2.42197867605878
1.14986999546543,2.42197861074998
1.15029163294616,2.42197854431282
1.15071248535999,2.42197847675298
1.15113256355725,2.42197840807557
1.15155188119383,2.42197833828626
1.15197045063548,2.4219782673902
1.15238828200765,2.42197819539252
1.1528053896558,2.42197812229856
1.15322178492368,2.42197804811288
1.15363747789204,2.42197797284029
1.15405247780105,2.42197789648569
1.15446679754246,2.42197781905403
1.15488044791509,2.42197774054949
1.15529343624842,2.42197766097643
1.15570577297287,2.42197758033969
1.15611746781757,2.42197749864352
1.1565285302004,2.42197741589213
1.1569389702813,2.42197733208963
1.15734879489434,2.42197724723991
1.15775801473036,2.42197716134734
1.15816663798083,2.42197707441551
1.15857466985355,2.4219769864483
1.15898212094197,2.42197689745013
1.15938899794002,2.42197680742429
1.15979530939259,2.42197671637466
1.16020106263272,2.42197662430472
1.16060626358163,2.42197653121806
1.1610109196013,2.42197643711848
1.16141503769922,2.42197634200944
1.16181862542378,2.42197624589436
1.16222169039746,2.42197614877643
1.16262423799188,2.42197605065875
1.16302627453326,2.42197595154481
1.16342780611999,2.42197585143787
1.16382883849872,2.42197575034112
1.16422937772898,2.4219756482578
1.16462943099686,2.42197554519097
1.16502900356125,2.42197544114336
1.16542809890768,2.42197533611805
1.16582672669273,2.42197523011851
1.16622488865819,2.4219751231467
1.16662259098816,2.42197501520631
1.16701983984626,2.42197490630002
1.16741663910383,2.42197479643037
1.16781299453342,2.42197468560042
1.16820891109061,2.42197457381271
1.1686043931365,2.42197446106991
1.16899944565591,2.42197434737477
1.16939407318299,2.42197423272987
1.16978828007488,2.42197411713781
1.17018207067254,2.42197400060119
1.17057545052185,2.42197388312258
1.17096842290709,2.42197376470416
1.17136099235127,2.42197364534863
1.17175316360528,2.42197352505837
1.17214493941532,2.42197340383561
1.17253632549466,2.42197328168307
1.1729273246497,2.42197315860266
1.17331794104073,2.42197303459696
1.17370817848487,2.42197290966821
1.1740980401311,2.42197278381867
1.17448753104496,2.42197265705074
1.17487665314743,2.42197252936625
1.17526541244314,2.42197240076785
1.17565380982395,2.421972271257
1.17604185025663,2.42197214083657
1.17642953565492,2.42197200950827
1.17681687133861,2.42197187727463
1.17720385993099,2.42197174413712
1.17759050484589,2.42197161009794
1.17797680880246,2.42197147515907
1.17836277411447,2.42197133932265
1.17874840585012,2.42197120259093
1.17913370597371,2.42197106496526
1.17951867732925,2.42197092644787
1.17990332348651,2.42197078704075
1.180287648065,2.42197064674559
1.18067165158975,2.421970505564
1.18105533850669,2.42197036349862
1.18143871167331,2.42197022055079
1.18182177291817,2.42197007672227
1.18220452640958,2.42196993201515
1.18258697411902,2.42196978643075
1.18296911854958,2.42196963997101
1.18335096257447,2.42196949263775
1.18373250881653,2.42196934443258
1.18411375826187,2.4219691953572
1.18449471531657,2.42196904541384
1.18487538259879,2.42196889460353
1.18525576094009,2.42196874292781
1.18563585371889,2.4219685903889
1.18601566374642,2.4219684369881
1.18639519283335,2.42196828272683
1.18677444250244,2.42196812760686
1.18715341529612,2.42196797163007
1.18753211349386,2.42196781479796
1.18791054070829,2.42196765711205
1.1882886969279,2.42196749857333
1.18866658711239,2.42196733918413
1.18904421140712,2.42196717894493
1.18942157253548,2.4219670178579
1.1897986720885,2.42196685592433
1.19017551167279,2.42196669314586
1.19055209416608,2.42196652952414
1.19092842187412,2.42196636506027
1.19130449651286,2.42196619975554
1.19168031961329,2.42196603361144
1.19205589331121,2.42196586662954
1.19243121945648,2.42196569881117
1.19280630113061,2.42196553015771
1.19318113761661,2.42196536067002
1.1935557321108,2.42196519035049
1.19393008760191,2.42196501919997
1.19430420356112,2.42196484721926
1.19467808313438,2.4219646744106
1.19505172777122,2.4219645007748
1.19542513900442,2.42196432631324
1.19579831946325,2.42196415102728
1.19617126935647,2.42196397491782
1.19654399208692,2.42196379798672
1.19691648817303,2.42196362023454
1.19728875971154,2.42196344166294
1.19766080794568,2.42196326227299
1.19803263486461,2.42196308206605
1.19840424088978,2.42196290104318
1.19877562950097,2.42196271920608
1.19914680008367,2.42196253655512
1.19951775699132,2.42196235309238
1.19988850041202,2.42196216881784
1.20025902996055,2.42196198373313
1.20062934915571,2.42196179784033
1.20099945877995,2.42196161113971
1.2013693599121,2.42196142363266
1.20173905535492,2.42196123532048
1.20210854621134,2.42196104620367
1.2024778328828,2.42196085628343
1.20284691718213,2.42196066556132
1.20321580047169,2.42196047403828
1.20358448411926,2.42196028171539
1.20395296916078,2.42196008859371
1.20432125763016,2.42195989467445
1.20468935077447,2.42195969995834
1.20505724962222,2.42195950444643
1.20542495601383,2.4219593081399
1.2057924693392,2.42195911103952
1.20615979304711,2.42195891314722
1.20652692667317,2.42195871446301
1.20689387307354,2.42195851498868
1.20726063203907,2.42195831472447
1.20762720652247,2.42195811367205
1.20799359683406,2.42195791183157
1.20835980220296,2.4219577092044
1.20872582678466,2.42195750579252
1.20909167021721,2.4219573015955
1.20945733451339,2.42195709661494
1.20982281920809,2.4219568908514
1.21018812724331,2.42195668430663
1.21055325863936,2.4219564769807
1.21091821531878,2.42195626887503
1.21128299760244,2.42195605999017
1.21164760719385,2.42195585032742
1.21201204406969,2.42195563988738
1.21237630989973,2.42195542867154
1.2127404073234,2.42195521668051
1.21310433480445,2.42195500391433
1.2134680950642,2.42195479037517
1.21383168813536,2.42195457606315
1.21419511582597,2.42195436097959
1.21455837956892,2.42195414512499
1.21492147888319,2.42195392849993
1.21528441534644,2.42195371110606
1.21564719088601,2.42195349294398
1.21600980443508,2.421953274014
1.2163722599451,2.42195305431802
1.21673455566071,2.42195283385532
1.21709669317673,2.42195261262811
1.2174586745164,2.42195239063695
1.21782049992795,2.42195216788205
1.21818216989806,2.42195194436453
1.21854368654121,2.42195172008548
1.21890504975334,2.42195149504504
1.21926626056319,2.42195126924452
1.21962732111388,2.42195104268468
1.21998822949252,2.42195081536559
1.2203489894216,2.42195058728956
1.22070959959147,2.42195035845586
1.22107006113732,2.4219501288664
1.22143037700176,2.42194989852187
1.22179054595021,2.42194966742182
1.22215056904117,2.4219494355681
1.2225104478746,2.42194920296143
1.22287018354304,2.4219489696021
1.22322977618742,2.42194873549065
1.22358922629086,2.42194850062819
1.2239485349323,2.42194826501569
1.22430770378458,2.42194802865373
1.22466673306795,2.42194779154249
1.22502562328609,2.42194755368298
1.22538437534178,2.42194731507609
1.22574298988918,2.42194707572249
1.22610146753687,2.42194683562294
1.22645980996996,2.42194659477825
1.22681801740792,2.42194635318853
1.22717609049549,2.42194611085476
1.22753402915143,2.42194586777772
1.2278918361438,2.42194562395859
1.22824951006517,2.42194537939685
1.22860705258253,2.42194513409437
1.22896446554641,2.42194488805135
1.22932174863788,2.4219446412677
1.22967890197378,2.42194439374465
1.23003592681153,2.42194414548328
1.23039282458094,2.42194389648393
1.23074959397491,2.42194364674676
1.23110623674033,2.42194339627362
1.23146275367302,2.4219431450646
1.23181914599021,2.42194289312021
1.23217541451587,2.42194264044071
1.23253155917829,2.42194238702659
1.2328875803853,2.42194213287895
1.23324347913466,2.4219418779986
1.23359925572565,2.42194162238595
1.23395491136427,2.42194136604184
1.23431044688429,2.42194110896652
1.23466586233618,2.42194085116042
1.23502115785238,2.42194059262453
1.23537633571834,2.42194033335981
1.23573139501632,2.42194007336577
1.23608633663089,2.42193981264394
1.2364411630876,2.42193955119481
1.23679587184019,2.42193928901765
1.23715046473317,2.42193902611507
1.23750494423,2.42193876248698
1.23785930892029,2.42193849813263
1.23821355900819,2.42193823305382
1.2385676968443,2.4219379672515
1.23892172169552,2.42193770072506
1.23927563591138,2.42193743347585
1.2396294381568,2.42193716550328
1.23998312918333,2.4219368968091
1.24033670999667,2.42193662739386
1.24069018070902,2.42193635725779
1.24104354306878,2.42193608640172
1.24139679617325,2.42193581482538
1.2417499419258,2.42193554253025
1.24210298055234,2.421935269516
1.24245591228884,2.4219349957833
1.2428087373462,2.42193472133291
1.24316145573909,2.4219344461656
1.24351406924453,2.42193417028229
1.24386657812516,2.42193389368265
1.24421898199422,2.42193361636729
1.2445712820902,2.42193333833739
1.24492347910829,2.42193305959302
1.24527557374712,2.42193278013449
1.24562756671594,2.42193249996216
1.24597945743271,2.42193221907637
1.2463312468528,2.42193193747839
1.24668293623644,2.42193165516846
1.24703452514973,2.42193137214648
1.24738601436456,2.42193108841358
1.24773740447287,2.42193080397008
1.24808869472315,2.42193051881639
1.24843988763364,2.42193023295389
1.24879098204183,2.42192994638163
1.24914197937735,2.42192965910118
1.24949288003332,2.4219293711124
1.24984368484042,2.42192908241575
1.25019439365526,2.42192879301144
1.25054500650505,2.42192850290035
1.25089552503128,2.42192821208333
1.25124594879588,2.42192792055997
1.25159627863612,2.42192762833132
1.25194651419843,2.42192733539761
1.25229665801419,2.42192704175988
1.25264670797126,2.42192674741703
1.25299666640376,2.42192645237133
1.2533465330173,2.42192615662194
1.2536963087632,2.42192586016975
1.25404599338291,2.42192556301483
1.25439558762436,2.42192526515813
1.25474509209371,2.42192496659989
1.25509450712474,2.42192466734036
1.25544383226891,2.42192436738004
1.25579306841596,2.42192406672005
1.25614221685809,2.4219237653605
1.25649127722891,2.42192346330111
1.25684024955065,2.42192316054283
1.2571891353492,2.42192285708645
1.25753793376648,2.42192255293153
1.25788664700766,2.42192224807942
1.25823527485144,2.42192194252916
1.25858381711206,2.42192163628154
1.25893227377347,2.42192132933747
1.25928064661284,2.42192102169773
1.25962893437395,2.42192071336164
1.25997713814436,2.42192040433084
1.26032525847064,2.42192009460527
1.26067329601212,2.42191978418516
1.26102125057585,2.42191947307066
1.2613691226407,2.4219191612626
1.26171691258326,2.42191884876134
1.26206462132877,2.42191853556727
1.26241224922704,2.42191822168031
1.26275979593975,2.42191790710083
1.26310726271266,2.42191759182978
1.2634546493717,2.42191727586688
1.26380195735629,2.42191695921289
1.26414918545953,2.42191664186731
1.26449633524587,2.42191632383175
1.26484340626262,2.42191600510568
1.26519039815234,2.42191568569008
1.26553731242758,2.42191536558596
1.26588414910049,2.42191504479277
1.26623090857245,2.42191472331108
1.26657759186917,2.42191440114122
1.26692419810028,2.42191407828297
1.2672707280768,2.42191375473768
1.2676171830913,2.42191343050541
1.26796356234871,2.42191310558566
1.26830986709055,2.42191277997968
1.26865609610676,2.42191245368712
1.26900225200994,2.4219121267096
1.26934833319933,2.4219117990456
1.26969434149923,2.42191147069698
1.27004027570941,2.42191114166292
1.2703861374554,2.42191081194497
1.27073192693879,2.42191048154246
1.27107764374389,2.42191015045573
1.27142328828298,2.42190981868575
1.27176886084977,2.42190948623285
1.2721143629991,2.42190915309738
1.27245979412433,2.42190881927857
1.27280515466504,2.42190848477745
1.27315044471318,2.42190814959431
1.27349566408356,2.42190781372966
1.2738408137299,2.42190747718429
1.27418589429487,2.42190713995797
1.27453090428405,2.42190680205067
1.27487584638801,2.4219064634643
1.275220719044,2.42190612419717
1.27556552409736,2.42190578425108
1.27591026155554,2.42190544362509
1.27625493062372,2.42190510231966
1.2765995337124,2.42190476033609
1.27694406877345,2.42190441767286
1.27728853741714,2.42190407433223
1.27763294027024,2.4219037303135
1.27797727585331,2.42190338561654
1.2783215457493,2.42190304024326
1.27866574965751,2.4219026941929
1.27900988916328,2.42190234746619
1.2793539634563,2.42190200006229
1.27969797269529,2.42190165198237
1.28004191792343,2.42190130322693
1.28038579870087,2.42190095379557
1.28072961629594,2.42190060368918
1.28107337010369,2.42190025290717
1.28141706107653,2.42189990145057
1.28176068840105,2.42189954931909
1.28210425392894,2.42189919651399
1.2824477558006,2.42189884303415
1.28279119652033,2.42189848888171
1.28313457486951,2.42189813405503
1.28347789261752,2.42189777855559
1.28382114759302,2.42189742238236
1.28416434235152,2.42189706553781
1.28450747554683,2.42189670802022
1.28485054850202,2.42189634983122
1.28519356111214,2.42189599097018
1.28553651392352,2.42189563143762
1.2858794068279,2.42189527123358
1.28622224058492,2.42189491035863
1.28656501422834,2.42189454881257
1.28690772956055,2.42189418659681
1.2872503859333,2.42189382371021
1.28759298415771,2.42189346015376
1.28793552426849,2.42189309592725
1.28827800631448,2.4218927310311
1.28862043070314,2.42189236546576
1.28896279869677,2.42189199923134
1.28930510817944,2.4218916323271
1.28964736140856,2.42189126475548
1.28998955769959,2.42189089651498
1.29033169726899,2.42189052760657
1.29067378124609,2.4218901580306
1.29101580851268,2.42188978778644
1.29135778014023,2.42188941687559
1.29169969625594,2.42188904529759
1.29204155734817,2.4218886730527
1.29238336357391,2.42188830014092
1.2927251152178,2.42188792656253
1.29306681215638,2.42188755231773
1.29340845442682,2.42188717740709
1.29375004268235,2.42188680183108
1.29409157637839,2.42188642558952
1.29443305743921,2.42188604868337
1.29477448444588,2.42188567111123
1.29511585928038,2.42188529287483
1.29545718128696,2.42188491397284
1.2957984491973,2.42188453440626
1.29613966477711,2.42188415417688
1.29648082939829,2.4218837732835
1.29682194152416,2.42188339172503
1.29716300195075,2.42188300950336
1.29750401122969,2.42188262661827
1.29784496949911,2.4218822430696
1.29818587647906,2.4218818588576
1.29852673228072,2.421881473983
1.298867537159,2.42188108844617
1.29920829259126,2.42188070224728
1.29954899713324,2.42188031538523
1.29988965141827,2.42187992786183
1.30023025616978,2.421879539677
1.30057081151715,2.42187915083037
1.30091131716632,2.42187876132217
1.30125177281326,2.42187837115315
1.3015921810942,2.42187798032409
1.30193253937323,2.42187758883268
1.30227284969648,2.42187719668189
1.30261311126401,2.42187680387023
1.30295332543743,2.4218764103988
1.30329349163802,2.42187601626664
1.30363360975164,2.42187562147468
1.30397368040532,2.4218752260235
1.30431370338225,2.42187482991289
1.30465367904726,2.42187443314344
1.30499360860328,2.42187403571519
1.30533349088,2.42187363762725
1.30567332699994,2.42187323888116
1.30601311724117,2.42187283947625
1.30635286140857,2.42187243941252
1.30669255940286,2.42187203869057
1.3070322114661,2.42187163731092
1.30737181860894,2.42187123527374
1.30771138066401,2.42187083257831
1.30805089646289,2.42187042922512
1.30839036740388,2.42187002521585
1.30872979455457,2.42186962054951
1.30906917595001,2.42186921522519
1.30940851425479,2.42186880924533
1.30974780839847,2.42186840260759
1.31008705849472,2.42186799531329
1.31042626470795,2.42186758736278
1.31076542752744,2.42186717875628
1.31110454598003,2.42186676949361
1.31144362143264,2.42186635957619
1.3117826541214,2.42186594900299
1.31212164380926,2.42186553777401
1.31246059128132,2.42186512588984
1.3127994958743,2.42186471335004
1.31313835835854,2.42186430015563
1.31347717908084,2.4218638863062
1.31381595733563,2.42186347180166
1.314154694104,2.42186305664313
1.3144933884478,2.42186264082997
1.31483204143614,2.4218622243635
1.31517065380336,2.42186180724298
1.31550922610296,2.42186138946786
1.31584775639426,2.42186097103777
1.31618624666581,2.42186055195523
1.31652469636872,2.42186013221853
1.31686310562586,2.42185971182848
1.31720147415672,2.42185929078534
1.31753980282613,2.42185886908978
1.31787809211745,2.4218584467412
1.31821634227237,2.42185802373931
1.31855455216173,2.42185760008414
1.31889272281051,2.42185717577731
1.31923085459203,2.4218567508181
1.31956894741975,2.42185632520633
1.31990700168623,2.42185589894242
1.32024501669211,2.42185547202626
1.32058299378408,2.42185504445896
1.32092093240004,2.42185461623938
1.32125883280635,2.42185418736838
1.32159669558102,2.42185375784604
1.32193452003583,2.421853327672
1.32227230711539,2.42185289684734
1.32261005673581,2.42185246537136
1.32294776876531,2.42185203324441
1.32328544389005,2.42185160046696
1.3236230814012,2.42185116703857
1.32396068255835,2.42185073296032
1.32429824733996,2.42185029823114
1.324635774735,2.42184986285125
1.32497326586591,2.42184942682215
1.3253107210341,2.42184899014297
1.32564814039761,2.42184855281355
1.32598552438895,2.42184811483399
1.32632287181273,2.42184767620407
1.32666018449557,2.42184723692549
1.32699746082211,2.42184679699651
1.32733470267503,2.42184635641919
1.32767190865421,2.42184591519176
1.32800908075694,2.42184547331602
1.32834621780167,2.42184503079001
1.32868331979599,2.42184458761527
1.32902038745981,2.4218441437922
1.32935742046273,2.42184369932027
1.32969442025308,2.42184325420009
1.33003138489627,2.42184280843024
1.33036831634308,2.42184236201323
1.33070521385917,2.42184191494719
1.33104207699452,2.42184146723311
1.3313789071935,2.4218410188719
1.33171570378431,2.42184056986217
1.33205246750757,2.42184012020488
1.33238919803848,2.42183966989947
1.33272589554194,2.42183921894657
1.33306256040273,2.4218387673463
1.33339919203105,2.42183831509845
1.33373579245975,2.42183786220402
1.33407236020167,2.42183740866083
1.33440889562614,2.4218369544708
1.3347453987844,2.4218364996339
1.33508186999359,2.42183604415033
1.33541830966879,2.42183558801997
1.33575471813004,2.42183513124256
1.33609109492682,2.42183467381792
1.33642744059086,2.42183421574686
1.33676375519421,2.42183375702905
1.33710003815026,2.42183329766461
1.33743629056505,2.42183283765455
1.33777251155049,2.42183237699782
1.3381087020321,2.4218319156957
1.33844486260142,2.42183145374737
1.33878099247478,2.42183099115228
1.33911709217754,2.42183052791161
1.3394531619403,2.42183006402504
1.33978920167611,2.42182959949251
1.34012521156047,2.42182913431435
1.34046119093319,2.42182866849062
1.3407971416472,2.4218282020224
1.34113306190116,2.42182773490768
1.34146895318235,2.42182726714881
1.3418048151323,2.42182679874434
1.3421406484099,2.42182632969484
1.34247645267004,2.42182585999974
1.34281222841073,2.42182538965968
1.34314797529975,2.4218249186743
1.34348369389652,2.42182444704424
1.34381938415236,2.42182397476906
1.34415504644726,2.42182350184901
1.3444906806073,2.42182302828386
1.34482628639551,2.42182255407404
1.34516186435134,2.42182207922011
1.3454974141841,2.42182160372167
1.34583293616606,2.42182112757927
1.34616843087982,2.42182065079283
1.34650389884424,2.42182017336182
1.34683933896924,2.42181969528572
1.34717475220452,2.42181921656614
1.34751013808524,2.4218187372022
1.34784549744848,2.42181825719465
1.34818083022498,2.42181777654267
1.34851613551626,2.4218172952465
1.34885141456581,2.42181681330756
1.34918666762965,2.42181633072455
1.34952189352338,2.42181584749723
1.34985709383421,2.42181536362736
1.35019226807106,2.4218148791132
1.35052741615137,2.42181439395547
1.3508625392863,2.42181390815454
1.35119763540583,2.42181342170905
1.35153270671926,2.42181293462184
1.3518677525768,2.42181244689043
1.35220277330678,2.42181195851566
1.35253776807896,2.42181146949737
1.35287273884709,2.42181097983687
1.35320768411618,2.42181048953187
1.35354260438003,2.42180999858435
1.35387750096755,2.42180950699403
1.35421237126273,2.42180901475931
1.35454721768346,2.42180852188375
1.35488203940549,2.42180802836463
1.35521683717494,2.42180753420299
1.35555161083867,2.42180703939813
1.35588635989721,2.42180654395038
1.35622108566025,2.42180604786064
1.35655578738797,2.42180555112741
1.3568904647229,2.42180505375175
1.35722511869781,2.42180455573443
1.35755974972728,2.4218040570743
1.35789435776454,2.42180355777089
1.35822894223222,2.4218030578244
1.35856350336396,2.42180255723583
1.35889804119148,2.42180205600512
1.35923255583098,2.42180155413243
1.35956704802575,2.42180105161779
1.35990151766229,2.42180054846035
1.36023596501788,2.42180004466039
1.36057038917373,2.42179954021772
1.36090479118132,2.42179903513378
1.36123917138785,2.42179852940742
1.36157352849831,2.42179802303824
1.36190786377381,2.42179751602817
1.36224217757779,2.42179700837582
1.36257646881056,2.42179650008072
1.36291073826848,2.42179599114455
1.36324498596099,2.42179548156651
1.363579212363,2.4217949713467
1.36391341788633,2.42179446048463
1.36424760176972,2.42179394897985
1.36458176355215,2.42179343683355
1.36491590491307,2.42179292404668
1.36525002449672,2.4217924106171
1.36558412359915,2.42179189654672
1.3659182015089,2.42179138183403
1.36625225869695,2.42179086648009
1.36658629570317,2.42179035048447
1.36692031173105,2.42178983384655
1.36725430792325,2.42178931656755
1.3675882840609,2.42178879864613
1.36792223979456,2.42178828008263
1.36825617509682,2.42178776087775
1.36859009005314,2.42178724103175
1.36892398612342,2.42178672054469
1.36925786153865,2.42178619941465
1.36959171701029,2.42178567764413
1.36992555393066,2.42178515523251
1.37025937039325,2.42178463217788
1.37059316796957,2.42178410848296
1.37092694538168,2.4217835841459
1.37126070497265,2.42178305916852
1.37159444456947,2.42178253354776
1.37192816515607,2.42178200728662
1.37226186670696,2.42178148038411
1.37259554865662,2.42178095284032
1.37292921224189,2.42178042465624
1.37326285834304,2.4217798958303
1.37359648547607,2.42177936636123
1.37393009397439,2.42177883625121
1.37426368398343,2.42177830550011
1.37459725544156,2.42177777410784
1.37493080925377,2.42177724207463
1.37526434446378,2.42177670939932
1.37559786222929,2.42177617608335
1.37593136183912,2.42177564212529
1.3762648438612,2.42177510752619
1.37659830738297,2.42177457228546
1.37693175359994,2.42177403640451
1.37726518277118,2.42177349988187
1.37759859382411,2.42177296271714
1.3779319878347,2.42177242491201
1.3782653643848,2.42177188646517
1.37859872407629,2.42177134737728
1.37893206674871,2.42177080764761
1.37926539260982,2.42177026727648
1.37959870133905,2.42176972626374
1.37993199411988,2.42176918460999
1.38026526929691,2.42176864231364
1.38059852805826,2.42176809937715
1.38093176991196,2.42176755579909
1.3812649957472,2.4217670115802
1.38159820506456,2.42176646671935
1.38193139884651,2.4217659212173
1.38226457532997,2.42176537507277
1.38259773583454,2.42176482828843
1.38293088037073,2.42176428086265
1.38326400955451,2.42176373279539
1.38359712242864,2.42176318408584
1.38393021937702,2.4217626347355
1.38426330086518,2.42176208474403
1.38459636601523,2.42176153411084
1.38492941596612,2.42176098283731
1.38526245114057,2.42176043092195
1.38559547179892,2.42175987836412
1.38592847662639,2.42175932516346
1.38626146661157,2.42175877132207
1.3865944416168,2.42175821683873
1.3869274017731,2.42175766171368
1.38726034688649,2.42175710594683
1.38759327686464,2.42175654953859
1.38792619231295,2.42175599248926
1.38825909315392,2.42175543479804
1.38859197928017,2.42175487646508
1.38892485061369,2.42175431749068
1.38925770798878,2.4217537578751
1.38959055083476,2.42175319761717
1.38992337952961,2.42175263671779
1.39025619420497,2.42175207517655
1.39058899492304,2.42175151299332
1.39092178141719,2.4217509501681
1.39125455388992,2.42175038670141
1.39158731308219,2.42174982259307
1.39192005832575,2.42174925784204
1.392252789453,2.42174869244934
1.39258550771149,2.42174812641545
1.3929182125696,2.42174755973856
1.39325090378863,2.42174699241943
1.39358358123601,2.4217464244586
1.39391624608649,2.42174585585643
1.39424889681997,2.42174528661121
1.39458153503982,2.42174471672527
1.39491416065227,2.42174414619639
1.39524677373476,2.42174357502462
1.39557937279414,2.42174300320993
1.39591195955531,2.42174243075477
1.39624453358393,2.42174185765674
1.39657709537248,2.42174128391638
1.39690964395868,2.42174070953307
1.39724218001599,2.42174013450836
1.39757470498676,2.42173955884142
1.39790721771144,2.42173898252997
1.39823971796443,2.42173840557573
1.39857220603388,2.42173782797931
1.3989046816042,2.42173724974039
1.39923714500087,2.42173667085954
1.39956959674005,2.42173609133636
1.39990203698715,2.42173551117009
1.40023446552371,2.42173493036047
1.40056688214942,2.42173434890791
1.4008992868517,2.42173376681287
1.401231679597,2.42173318407547
1.40156406094443,2.42173260069587
1.40189643172767,2.42173201667327
1.40222879072679,2.42173143200632
1.40256113879848,2.42173084669696
1.4028934754747,2.42173026074405
1.4032258010491,2.42172967414833
1.40355811574886,2.42172908690947
1.40389041905509,2.42172849902713
1.40422271223934,2.42172791050222
1.40455499450717,2.42172732133282
1.40488726565849,2.42172673152013
1.40521952625382,2.42172614106466
1.40555177644307,2.4217255499656
1.4058840164107,2.42172495822272
1.4062162460199,2.42172436583576
1.40654846583533,2.42172377280499
1.40688067493004,2.4217231791296
1.40721287409504,2.42172258481108
1.40754506224466,2.42172198984834
1.4078772406581,2.42172139424315
1.40820940861979,2.42172079799362
1.40854156704607,2.42172020110083
1.4088737156482,2.42171960356343
1.40920585469314,2.42171900538184
1.40953798338676,2.42171840655573
1.40987010277592,2.42171780708643
1.41020221270607,2.42171720697242
1.41053431316204,2.42171660621385
1.41086640373509,2.42171600481084
1.41119848558478,2.42171540276414
1.41153055791664,2.42171480007194
1.41186262077763,2.42171419673548
1.41219467435523,2.42171359275483
1.41252671876645,2.42171298812975
1.41285875439079,2.42171238286009
1.41319078137138,2.42171177694525
1.41352279954398,2.421711170385
1.41385480781563,2.42171056317965
1.41418680825951,2.42170995533111
1.41451880028658,2.42170934683612
1.41485078317604,2.42170873769545
1.41518275781297,2.42170812791043
1.41551472336949,2.42170751747973
1.41584668068856,2.42170690640469
1.41617862946957,2.42170629468406
1.41651057026466,2.42170568231827
1.41684250242431,2.4217050693065
1.41717442666967,2.42170445564981
1.41750634306903,2.42170384134712
1.4178382516444,2.42170322639828
1.41817015243757,2.42170261080327
1.41850204461393,2.42170199456207
1.41883392958616,2.42170137767615
1.41916580686758,2.42170076014327
1.41949767656569,2.42170014196411
1.41982953897473,2.42169952313859
1.42016139345921,2.42169890366625
1.42049323992425,2.42169828354816
1.42082507907105,2.42169766278465
1.42115691141197,2.42169704137456
1.42148873604802,2.42169641931697
1.4218205541037,2.42169579661337
1.42215236505798,2.421695173262
1.42248416796661,2.42169454926363
1.42281596400767,2.42169392462002
1.42314775308019,2.42169329932931
1.42347953488915,2.42169267339155
1.42381131051083,2.4216920468073
1.42414307928564,2.42169141957478
1.42447484114695,2.421690791695
1.42480659634728,2.42169016316821
1.42513834461987,2.42168953399402
1.42547008727764,2.4216889041729
1.42580182309416,2.42168827370264
1.42613355275303,2.4216876425852
1.42646527525608,2.4216870108196
1.42679699200622,2.42168637840753
1.42712870258973,2.42168574534672
1.42746040720073,2.42168511163771
1.42779210570926,2.42168447728024
1.4281237978686,2.42168384227456
1.42845548373803,2.42168320662113
1.42878716378204,2.42168257031992
1.42911883792684,2.42168193337015
1.42945050569158,2.42168129577189
1.42978216792937,2.42168065752603
1.43011382513285,2.42168001863117
1.43044547596005,2.42167937908633
1.43077712227707,2.42167873889382
1.43110876280552,2.42167809805057
1.43144039766007,2.42167745655859
1.43177202757303,2.42167681441788
1.43210365184563,2.42167617162716
1.43243527086975,2.42167552818757
1.43276688465624,2.42167488409854
1.43309849333872,2.42167423936003
1.43343009637152,2.4216735939718
1.43376169450172,2.42167294793482
1.43409328759201,2.42167230124788
1.43442487679077,2.42167165391111
1.43475646075714,2.42167100592249
1.4350880400154,2.42167035728426
1.4354196141943,2.42166970799569
1.43575118347934,2.42166905805741
1.43608274894204,2.42166840746913
1.43641430915161,2.42166775622893
1.43674586505635,2.42166710433922
1.43707741651807,2.42166645179851
1.43740896343953,2.42166579860695
1.43774050576218,2.42166514476471
1.43807204388387,2.42166449027195
1.43840357773273,2.42166383512795
1.43873510788725,2.4216631793328
1.43906663348594,2.42166252288546
1.43939815569153,2.42166186578741
1.43972967365861,2.42166120803667
1.44006118655897,2.42166054963462
1.44039269669531,2.42165989058289
1.44072420284525,2.42165923087743
1.44105570554078,2.42165857052011
1.44138720447984,2.42165790951014
1.44171869919899,2.421657247848
1.44205019092729,2.42165658553458
1.44238167845521,2.42165592256772
1.4427131629107,2.42165525894943
1.44304464307905,2.42165459467783
1.44337612081902,2.42165392975499
1.44370759477411,2.42165326417767
1.444039065953,2.42165259794807
1.44437053369094,2.42165193106454
1.44470199798463,2.42165126352815
1.44503345942974,2.42165059533899
1.44536491782463,2.42164992649598
1.44569637333702,2.42164925699938
1.44602782623919,2.4216485868489
1.44635927602291,2.421647916044
1.44669072267964,2.42164724458559
1.44702216594594,2.42164657247373
1.4473536067192,2.42164589970894
1.44768504542513,2.42164522628957
1.44801648068382,2.42164455221467
1.44834791419995,2.42164387748673
1.4486793455908,2.42164320210277
1.44901077449906,2.42164252606323
1.4493422001049,2.42164184936882
1.44967362358756,2.42164117202112
1.45000504494434,2.42164049401804
1.45033646431935,2.4216398153594
1.45066788112487,2.42163913604489
1.45099929566581,2.42163845607559
1.45133070827604,2.42163777545098
1.45166211953015,2.4216370941704
1.45199352737332,2.42163641223268
1.45232493387408,2.42163572964157
1.45265633804527,2.42163504639349
1.45298774073016,2.42163436248998
1.45331914141273,2.42163367792955
1.45365054098788,2.42163299271302
1.45398193871971,2.42163230683877
1.45431333477662,2.42163162030802
1.4546447292415,2.42163093312053
1.45497612244644,2.42163024527612
1.45530751390723,2.42162955677411
1.45563890455299,2.42162886761534
1.45597029255503,2.42162817779809
1.45630167948779,2.42162748732568
1.4566330644213,2.42162679619537
1.45696444898063,2.42162610440868
1.45729583204219,2.42162541196261
1.45762721395494,2.421624718859
1.45795859498697,2.42162402509734
1.45828997461719,2.42162333067704
1.45862135344369,2.42162263559903
1.4589527312189,2.42162193986219
1.4592841080054,2.4216212434669
1.4596154844174,2.42162054641302
1.45994686034974,2.42161984869934
1.46027823482612,2.42161915032592
1.46060960902711,2.42161845129462
1.4609409824973,2.4216177516033
1.46127235547645,2.42161705125261
1.46160372817088,2.42161635024211
1.46193509993313,2.42161564857133
1.462266471421,2.42161494624146
1.4625978421637,2.42161424325129
1.46292921263048,2.42161353960159
1.46326058355707,2.42161283529149
1.46359195431413,2.42161213031944
1.46392332392541,2.42161142468648
1.46425469334642,2.42161071839458
1.46458606287345,2.42161001144203
1.46491743201187,2.42160930382804
1.4652488017443,2.42160859555347
1.46558017113323,2.42160788661645
1.46591154126441,2.42160717701859
1.4662429113223,2.42160646675788
1.46657428070983,2.4216057558357
1.46690565095542,2.4216050442533
1.46723702167126,2.42160433200775
1.46756839170995,2.4216036190995
1.46789976312803,2.42160290553082
1.46823113498509,2.4216021912978
1.46856250681068,2.42160147640192
1.46889387932426,2.42160076084419
1.46922525234521,2.42160004462323
1.46955662561424,2.42159932773923
1.46988800006484,2.42159861019268
1.47021937446396,2.42159789198172
1.47055074999629,2.4215971731086
1.4708821264978,2.42159645357109
1.47121350368209,2.4215957333693
1.47154488130805,2.42159501250374
1.47187625974907,2.4215942909749
1.47220763983538,2.42159356878202
1.47253902036815,2.42159284592333
1.47287040220288,2.42159212240102
1.47320178458754,2.42159139821352
1.47353316904368,2.42159067336214
1.47386455367012,2.42158994784389
1.47419594005007,2.42158922166229
1.47452732820554,2.42158849481439
1.47485871759874,2.42158776729985
1.47519010819131,2.42158703911965
1.47552150030293,2.42158631027391
1.47585289368321,2.42158558076194
1.47618428844211,2.42158485058413
1.47651568507351,2.42158411974023
1.47684708299969,2.42158338822916
1.47717848283314,2.42158265605194
1.47750988347581,2.42158192320736
1.47784128703424,2.42158118969748
1.47817269214887,2.42158045551815
1.47850409791808,2.4215797206717
1.47883550662282,2.42157898516011
1.47916691668477,2.42157824897886
1.47949832965469,2.42157751213069
1.47982974399758,2.42157677461263
1.48016116041828,2.42157603642747
1.48049257869083,2.42157529757397
1.48082399921772,2.42157455805241
1.48115542162845,2.42157381786194
1.48148684678614,2.42157307700316
1.48181827364663,2.4215723354743
1.48214970277473,2.42157159327727
1.48248113430759,2.42157085041102
1.48281256808378,2.42157010687511
1.48314400428789,2.42156936266976
1.4834754432917,2.42156861779455
1.48380688447759,2.42156787224859
1.48413832788498,2.42156712603302
1.4844697750483,2.42156637914779
1.4848012244627,2.42156563158965
1.48513267666371,2.42156488336135
1.48546413084432,2.42156413446196
1.48579558794407,2.42156338489299
1.48612704790003,2.42156263465257
1.48645851089643,2.42156188374057
1.4867899761976,2.42156113215653
1.48712144406047,2.42156037990186
1.48745291529749,2.4215596269761
1.48778438982015,2.42155887337741
1.48811586685233,2.42155811910575
1.48844734697839,2.42155736416267
1.48877883030115,2.42155660854699
1.4891103172299,2.42155585225833
1.48944180707827,2.42155509529571
1.48977330081534,2.4215543376604
1.4901047973705,2.42155357935042
1.49043629698531,2.42155282036774
1.49076779991877,2.42155206071196
1.4910993064886,2.42155130038241
1.49143081639493,2.42155053937829
1.49176232980554,2.42154977770008
1.49209384730592,2.42154901534738
1.4924253679034,2.42154825231884
1.49275689239672,2.42154748861634
1.49308842009274,2.4215467242383
1.49341995170795,2.42154595918594
1.49375148688491,2.42154519345777
1.49408302563492,2.42154442705434
1.4944145692242,2.42154365997558
1.49474611586182,2.42154289221871
1.49507766629495,2.42154212378721
1.49540922027643,2.42154135467969
1.49574077888238,2.42154058489649
1.49607234122122,2.42153981443525
1.49640390777496,2.42153904329757
1.49673547876652,2.42153827148247
1.49706705388641,2.42153749898931
1.49739863269607,2.42153672581859
1.4977302157187,2.4215359519712
1.49806180266461,2.42153517744602
1.49839339453024,2.42153440224347
1.49872499013194,2.42153362636135
1.49905658997863,2.42153284980194
1.4993881942392,2.42153207256422
1.49971980345942,2.42153129464767
1.50005141674639,2.42153051605095
1.50038303490344,2.42152973677579
1.50071465742829,2.42152895682051
1.50104628478611,2.42152817618593
1.50137791688821,2.42152739487105
1.50170955355463,2.42152661287585
1.50204119454866,2.42152583020063
1.50237284080105,2.42152504684583
1.50270449136501,2.42152426280938
1.50303614684977,2.42152347809303
1.50336780765378,2.42152269269553
1.50369947295874,2.42152190661579
1.50403114251882,2.4215211198554
1.50436281715357,2.42152033241494
1.50469449722,2.42151954429256
1.50502618263605,2.42151875548722
1.50535787268969,2.4215179659989
1.50568956826969,2.42151717582906
1.50602126809473,2.42151638497577
1.50635297374599,2.42151559344156
1.50668468464401,2.42151480122309
1.50701640102958,2.42151400832122
1.5073481227571,2.4215132147354
1.50767984932171,2.42151242046579
1.50801158141445,2.42151162551341
1.50834331972924,2.42151082987671
1.50867506308257,2.42151003355392
1.50900681119131,2.42150923654739
1.50933856590904,2.42150843885784
1.5096703253284,2.42150764048112
1.51000209101183,2.42150684142097
1.51033386213843,2.42150604167417
1.51066563879172,2.42150524124212
1.5109974211866,2.42150444012465
1.51132920921796,2.42150363832117
1.51166100269691,2.42150283583173
1.51199280250275,2.42150203265664
1.51232460783522,2.42150122879387
1.51265641919017,2.4215004242449
1.51298823687724,2.42149961900864
1.51332006063553,2.42149881308419
1.51365189040306,2.42149800647193
1.51398372564814,2.42149719917191
1.51431556711341,2.42149639118522
1.51464741499971,2.42149558251016
1.514979268844,2.42149477314603
1.5153111284213,2.42149396309367
1.51564299474308,2.42149315235354
1.51597486709125,2.42149234092329
1.51630674604215,2.42149152880422
1.51663863088094,2.421490715995
1.51697052246059,2.42148990249703
1.51730242012144,2.42148908830836
1.51763432410454,2.4214882734302
1.51796623442686,2.42148745786198
1.51829815158108,2.4214866416035
1.51863007493688,2.42148582465349
1.51896200528663,2.42148500701315
1.51929394187526,2.42148418868065
1.51962588527976,2.42148336965743
1.51995783557348,2.42148254994218
1.52028979266824,2.42148172953447
1.52062175651533,2.42148090843436
1.52095372676048,2.42148008664182
1.52128570392115,2.42147926415753
1.52161768793538,2.42147844098024
1.52194967854835,2.42147761710986
1.52228167601655,2.42147679254682
1.5226136806674,2.42147596729044
1.52294569204919,2.4214751413398
1.52327771062853,2.4214743146957
1.52360973563014,2.42147348735702
1.52394176813282,2.42147265932529
1.52427380838295,2.42147183059806
1.52460585579756,2.4214710011744
1.52493791014722,2.42147017105543
1.52526997122629,2.42146934024165
1.52560203964608,2.42146850873343
1.52593411550775,2.42146767652926
1.52626619866009,2.42146684362865
1.52659828950144,2.42146601003175
1.52693038737444,2.42146517573753
1.5272624928679,2.42146434074727
1.52759460552743,2.42146350505959
1.52792672591393,2.42146266867527
1.52825885469318,2.42146183159295
1.52859099010328,2.42146099381082
1.52892313381508,2.42146015533266
1.52925528429237,2.42145931615479
1.52958744281972,2.42145847628031
1.52991960877101,2.42145763570637
1.53025178348799,2.42145679443402
1.53058396450261,2.42145595246009
1.53091615401443,2.42145510978991
1.53124835119182,2.42145426641867
1.53158055624395,2.42145342234774
1.53191276866316,2.42145257757662
1.53224498919594,2.42145173210629
1.5325772178112,2.42145088593495
1.53290945500578,2.42145003906236
1.5332416995571,2.4214491914872
1.53357395288516,2.42144834321206
1.53390621370428,2.42144749423369
1.53423848260228,2.42144664455467
1.53457075998571,2.4214457941737
1.5349030453978,2.42144494308956
1.53523533904364,2.42144409130306
1.53556764092547,2.42144323881363
1.53589995111561,2.42144238562108
1.5362322692233,2.42144153172505
1.5365645954112,2.4214406771263
1.53689693033241,2.42143982182433
1.53722927408397,2.42143896581742
1.53756162644433,2.42143810910503
1.53789398625083,2.42143725168747
1.53822635593623,2.42143639356737
1.53855873284607,2.42143553473904
1.53889111840493,2.42143467520812
1.53922351268113,2.42143381497157
1.53955591552458,2.42143295402879
1.53988832713636,2.42143209237994
1.54022074775548,2.42143123002438
1.54055317663328,2.42143036696133
1.54088561520461,2.42142950319235
1.54121806186867,2.42142863871398
1.54155051744183,2.4214277735296
1.54188298205081,2.42142690763737
1.5422154551011,2.42142604103667
1.54254793681755,2.4214251737287
1.54288042737095,2.42142430571288
1.5432129272951,2.42142343698858
1.54354543598088,2.42142256755428
1.54387795436572,2.42142169741117
1.54421048130989,2.42142082655691
1.54454301794854,2.42141995499389
1.54487556345005,2.42141908271941
1.54520811844146,2.42141820973506
1.54554068205775,2.42141733603932
1.54587325488236,2.42141646163396
1.54620583716233,2.42141558651756
1.54653842935089,2.42141471068923
1.54687102969715,2.42141383414762
1.54720363965946,2.42141295689668
1.54753625946175,2.42141207893306
1.54786888853761,2.42141120025575
1.54820152714087,2.42141032086585
1.54853417486845,2.42140944076268
1.5488668316918,2.42140855994698
1.54919949857108,2.42140767841872
1.54953217485668,2.42140679617537
1.54986486091376,2.42140591321813
1.55019755675847,2.42140502954602
1.55053026207015,2.42140414515876
1.55086297759531,2.42140326005692
1.55119570219018,2.42140237423854
1.5515284358418,2.42140148770609
1.55186117937763,2.42140060045962
1.55219393287489,2.42139971249693
1.55252669641296,2.42139882381748
1.55285947065608,2.42139793442082
1.55319225486234,2.42139704430511
1.55352504799216,2.42139615347183
1.55385785106879,2.42139526192348
1.55419066419014,2.42139436965759
1.55452348707734,2.42139347667351
1.55485632039074,2.42139258297169
1.55518916279375,2.42139168855036
1.55552201623369,2.42139079341247
1.55585487939109,2.42138989755329
1.55618775360327,2.42138900097548
1.55652063786664,2.42138810367578
1.55685353220893,2.4213872056562
1.55718643700192,2.42138630691666
1.55751935110145,2.42138540745605
1.55785227551956,2.42138450727691
1.55818521057073,2.42138360637677
1.55851815577763,2.42138270475444
1.55885111155535,2.42138180241081
1.55918407860587,2.42138089934474
1.55951705568753,2.42137999555419
1.55985004264259,2.42137909104188
1.56018304017052,2.42137818580825
1.56051604790454,2.4213772798514
1.56084906707872,2.4213763731719
1.56118209617006,2.42137546576649
1.56151513628909,2.42137455763853
1.56184818664163,2.42137364878533
1.56218124802117,2.42137273920844
1.56251432015308,2.42137182890582
1.56284740254212,2.42137091787778
1.56318049615815,2.42137000612539
1.56351360050298,2.42136909364612
1.5638467152985,2.42136818044078
1.56417984073778,2.42136726650997
1.56451297733766,2.42136635185304
1.5648461251894,2.42136543646844
1.56517928328464,2.4213645203556
1.56551245261904,2.4213636035168
1.56584563280417,2.42136268594955
1.56617882434269,2.42136176765439
1.56651202691165,2.4213608486299
1.5668452405627,2.42135992887657
1.56717846474972,2.42135900839411
1.56751170049633,2.42135808718367
1.56784494671582,2.42135716524256
1.56817820386572,2.42135624257308
1.56851147300638,2.42135531917409
1.56884475366406,2.42135439504256
1.56917804455451,2.42135347017923
1.5695113479578,2.42135254458723
1.56984466302889,2.42135161826083
1.57017798869538,2.42135069120144
1.57051132661139,2.42134976341174
1.57084467481253,2.42134883488752
1.57117803483112,2.42134790563322
1.57151140603526,2.4213469756451
1.57184478851836,2.42134604492424
1.57217818201302,2.42134511347028
1.57251158832201,2.42134418128366
1.5728450051819,2.42134324835959
1.57317843356868,2.42134231470324
1.57351187510751,2.42134138031234
1.57384532730213,2.4213404451823
1.57417879106574,2.42133950931892
1.5745122666064,2.42133857272015
1.57484575368014,2.42133763538505
1.57517925275517,2.42133669731395
1.57551276315941,2.42133575850546
1.5758462855664,2.42133481896097
1.57617981972822,2.42133387867865
1.57651336586534,2.42133293765875
1.57684692381225,2.4213319959005
1.57718049359563,2.42133105340405
1.57751407555052,2.42133011016912
1.57784766913594,2.4213291661946
1.57818127465303,2.42132822148156
1.57851489303624,2.4213272760291
1.57884852226902,2.42132632983449
1.5791821644519,2.4213253829025
1.5795158186968,2.42132443522787
1.57984948448317,2.42132348681222
1.58018316270869,2.42132253765683
1.58051685339842,2.42132158775924
1.58085055598498,2.42132063711893
1.58118427094129,2.42131968573712
1.58151799810045,2.42131873361246
1.58185173778886,2.42131778074503
1.58218548972629,2.42131682713376
1.58251925418744,2.42131587277904
1.58285303107866,2.42131491767998
1.5831868200599,2.42131396183651
1.58352062146568,2.42131300524927
1.58385443545431,2.42131204791722
1.58418826135053,2.42131108983962
1.58452209910765,2.42131013101795
1.58485595032678,2.42130917145222
1.58518981442671,2.42130821113799
1.58552369090973,2.42130725007615
1.58585757943122,2.42130628826787
1.58619148093792,2.42130532571392
1.58652539477678,2.42130436241164
1.58685932146301,2.42130339836228
1.58719326099496,2.42130243356435
1.58752721269069,2.42130146801748
1.58786117781016,2.42130050172321
1.58819515626797,2.4212995346781
1.58852914669851,2.42129856688181
1.58886315036696,2.42129759833773
1.58919716717811,2.42129662904254
1.58953119680566,2.42129565899595
1.58986523938472,2.42129468819856
1.59019929404579,2.42129371664984
1.59053336211692,2.42129274435181
1.59086744237446,2.42129177130085
1.59120153621195,2.42129079749968
1.59153564321244,2.42128982294456
1.59186976303501,2.42128884763603
1.59220389586513,2.42128787157481
1.59253804198675,2.42128689476022
1.59287220066536,2.42128591719118
1.59320637236517,2.42128493886934
1.59354055812916,2.42128395979333
1.59387475707274,2.42128297995999
1.5942089691762,2.42128199937116
1.59454319433892,2.42128101802681
1.5948774329547,2.42128003592696
1.59521168467797,2.42127905307029
1.5955459489251,2.42127806945738
1.59588022757137,2.4212770850896
1.59621451900168,2.42127609996174
1.59654882470696,2.42127511407746
1.596883143285,2.4212741274328
1.59721747586408,2.42127314003094
1.59755182118187,2.42127215186886
1.59788618008721,2.42127116294946
1.59822055281915,2.42127017327043
1.59855493943601,2.42126918283066
1.59888933911727,2.42126819162963
1.59922375239703,2.42126719966928
1.59955818012526,2.42126620694806
1.59989262047174,2.42126521346327
1.60022707462427,2.42126421921938
1.60056154330133,2.42126322421331
1.60089602534626,2.42126222844254
1.60123052061725,2.42126123190975
1.60156502978445,2.42126023461532
1.60189955272668,2.42125923655717
1.60223408917406,2.4212582377352
1.60256864032449,2.42125723814986
1.60290320439786,2.42125623779764
1.60323778285133,2.42125523668287
1.60357237534482,2.42125423480165
1.60390698114807,2.4212532321543
1.60424160143709,2.42125222874259
1.60457623514289,2.42125122456319
1.60491088380543,2.42125021961846
1.60524554587557,2.42124921390411
1.60558022181886,2.42124820742376
1.6056365303534,2.42124720017617
1.60563653035342,2.42124696082785
1.60597122112704,2.42124694080504
1.60642340723707,2.42124587745988
1.60687934771696,2.42124391235974
1.60734111186,2.42124137618278
1.60780874588583,2.42123830537977
1.6082823503752,2.42123471715325
1.60876202468987,2.4212306262727
1.60924786557206,2.42122604685388
1.60973996602852,2.42122099254159
1.61023841518093,2.42121547655087
1.61074329682089,2.4212095116869
1.6112546886314,2.42120311037675
1.61177266251951,2.42119628469669
1.61229728111119,2.42118904638444
1.6128285992981,2.42118140689894
1.61336666065875,2.42117337742091
1.61391149832988,2.42116496891555
1.61446313300556,2.42115619214084
1.61502157196744,2.42114705769005
1.615586806859,2.42113757602321
1.61615881451229,2.4211277575174
1.61673755456413,2.42111761247026
1.617322969951,2.42110715114919
1.61791498400663,2.42109638379781
1.61851350315716,2.42108532069474
1.61911841375274,2.42107397212157
1.61972958453277,2.42106234842187
1.6203468652975,2.42105045997045
1.62097008839054,2.42103831719986
1.62159906995128,2.42102593058191
1.6222336113741,2.42101331060796
1.6228734996301,2.42100046776461
1.62351851108182,2.42098741253003
1.62416841125252,2.42097415530683
1.62482295884783,2.42096070642476
1.62548190803067,2.42094707606991
1.62614501038108,2.42093327423975
1.62681201639252,2.42091931070712
1.62748267798583,2.42090519499465
1.62815675221427,2.42089093633102
1.62883400078939,2.42087654358243
1.62951419274658,2.42086202526375
1.63019710622783,2.42084738949649
1.63088252818332,2.42083264397907
1.63157025703955,2.42081779599993
1.63226010139145,2.42080285239597
1.63295188196782,2.42078781958491
1.63364543087084,2.42077270353961
1.63434059155338,2.42075750981097
1.63503721980211,2.42074224354084
1.63573518114017,2.42072690945314
1.63643435278559,2.42071151191499
1.63713462204325,2.42069605491209
1.63783588519029,2.42068054208756
1.63853804814394,2.42066497677649
1.63924102590488,2.42064936200343
1.63994474027512,2.42063370050058
1.64064912117608,2.42061799476287
1.6413541052556,2.42060224703254
1.64205963440851,2.42058645933185
1.64276565736987,2.42057063350195
1.64347212800584,2.42055477117869
1.64417900496482,2.42053887382977
1.64488625011944,2.42052294276963
1.64559383017035,2.42050697919667
1.64630171485393,2.42049098416712
1.64700987813325,2.42047495863258
1.64771829563522,2.42045890342162
1.64842694529361,2.42044281929372
1.64913580883317,2.42042670693341
1.64984486910185,2.42041056692082
1.65055411139791,2.42039439978607
1.65126352209048,2.42037820598864
1.65197308922085,2.42036198594556
1.65268280230101,2.42034574002295
1.65339265204181,2.42032946854058
1.65410263041756,2.42031317177905
1.65481273025762,2.42029684998009
1.65552294510372,2.420280503356
1.65623326957462,2.42026413209437
1.65694369736259,2.42024773635154
1.65765422576057,2.42023131629486
1.65836485054848,2.42021487201179
1.65907556834695,2.42019840360941
1.65978637632592,2.42018191117502
1.66049727202806,2.42016539477875
1.661208253459,2.42014885447795
1.6619193183023,2.42013229031593
1.66263046616072,2.42011570233897
1.66334169480549,2.42009909055035
1.66405300394412,2.42008245498608
1.66476439278123,2.42006579564219
1.66547586065741,2.42004911251976
1.66618740672992,2.42003240561593
1.66689903084108,2.42001567492998
1.66761073269406,2.41999892044552
1.66832251277018,2.41998214214638
1.66903437046088,2.41996533999866
1.66974630650997,2.4199485139892
1.67045832081738,2.41993166407694
1.67117041311436,2.41991479023541
1.67188258469815,2.41989789244263
1.67259483555413,2.41988097064247
1.67330716634962,2.41986402480318
1.67401957709676,2.41984705488014
1.67473206889639,2.41983006084118
1.67544464249319,2.41981304263123
1.67615729809468,2.41979600020021
1.67687003660901,2.41977893350983
1.67758285870061,2.4197618425074
1.67829576465643,2.41974472714367
1.67900875578996,2.41972758737773
1.67972183244007,2.41971042314671
1.68043499545304,2.41969323440656
1.68114824620184,2.41967602110378
1.68186158516367,2.419658783172
1.68257501295509,2.41964152056301
1.68328853077304,2.41962423322718
1.68400213869806,2.41960692110167
1.68471583805967,2.41958958414677
1.68542963004304,2.41957222229729
1.68614351521928,2.4195548354884
1.68685749536365,2.41953742366871
1.68757157001625,2.41951998676126
1.68828574060203,2.41950252473598
1.68900000905969,2.41948503752552
1.68971437497318,2.41946752504701
1.69042883960351,2.4194499872683
1.69114340392845,2.41943242412493
1.69185806925904,2.41941483555523
1.69257283598554,2.41939722149017
1.6932877058337,2.41937958188039
1.69400267889168,2.4193619166485
1.6947177563554,2.41934422575074
1.69543293975013,2.41932650912187
1.69614822984101,2.41930876668673
1.69686362760516,2.41929099838613
1.69757913411608,2.41927320415756
1.69829475014761,2.41925538393587
1.69901047630174,2.4192375376622
1.69972631447916,2.41921966528214
1.70044226556191,2.4192017667121
1.70115832977041,2.41918384188834
1.70187450887695,2.41916589076413
1.7025908043129,2.41914791325907
1.70330721580097,2.41912990929671
1.70402374509289,2.41911187883992
1.70474039327696,2.41909382180923
1.70545716107252,2.41907573813564
1.70617405002708,2.41905762775956
1.70689106082144,2.41903949060325
1.70760819421514,2.41902132660675
1.70832545151146,2.41900313571005
1.70904283448396,2.41898491784044
1.70976034394558,2.41896667291282
1.71047798040125,2.41894840086275
1.7111957454939,2.41893010163493
1.71191363956648,2.41891177514862
1.71263166432372,2.41889342135021
1.71334982088564,2.41887504015733
1.71406811044825,2.41885663149785
1.7147865337857,2.41883819529882
1.71550509157193,2.41881973149682
1.71622378547256,2.41880124003166
1.71694261661201,2.41878272082021
1.71766158592816,2.41876417378927
1.71838069498101,2.41874559887091
1.71909994439752,2.41872699598303
1.71981933566238,2.41870836506365
1.72053886974791,2.41868970603272
1.72125854754157,2.41867101882003
1.72197837049199,2.41865230335829
1.72269833983869,2.41863355956713
1.72341845658489,2.41861478736947
1.7241387217686,2.41859598669401
1.72485913699756,2.41857715746904
1.72557970316967,2.41855829960916
1.72630042107244,2.41853941304408
1.72702129213747,2.41852049770762
1.72774231748002,2.41850155351858
1.7284634986561,2.41848258040142
1.72918483665735,2.41846357827054
1.72990633254319,2.41844454705247
1.73062798770739,2.41842548667329
1.7313498030647,2.41840639705085
1.73207178091057,2.41838727811333
1.73279392138587,2.41836812975679
1.73351622606508,2.41834895192518
1.73423869596446,2.41832974453317
1.7349613325298,2.4183105075054
1.73568413683047,2.41829124075708
1.7364071103795,2.41827194421123
1.73713025439998,2.41825261778084
1.73785356991934,2.41823326138456
1.73857705818518,2.41821387494623
1.73930072035053,2.41819445838471
1.74002455814465,2.41817501162041
1.74074857284663,2.41815553455974
1.74147276553327,2.41813602711819
1.74219713740392,2.41811648921704
1.74292168972419,2.41809692077501
1.74364642412548,2.4180773217087
1.74437134187534,2.41805769192534
1.74509644393033,2.41803803133977
1.74582173212972,2.41801833987507
1.74654720714774,2.41799861743344
1.74727287071408,2.41797886394305
1.74799872436649,2.41795907930891
1.74872476910248,2.41793926343785
1.74945100638814,2.41791941625003
1.75017743728583,2.41789953765531
1.75090406374174,2.41787962757217
1.75163088626389,2.41785968589799
1.75235790724576,2.41783971256309
1.75308512704086,2.41781970745463
1.75381254817776,2.41779967050519
1.75454017132665,2.41777960159833
1.75526799791239,2.41775950065793
1.75599602990304,2.41773936759349
1.75672426809237,2.41771920229911
1.75745271443554,2.41769900469613
1.75818136957146,2.41767877467984
1.75891023555906,2.41765851217515
1.75963931383388,2.41763821707468
1.7603686056895,2.41761788928263
1.76109811280396,2.41759752870789
1.76182783591292,2.41757713524998
1.76255777729902,2.41755670883081
1.76328793826518,2.4175362493357
1.76401831993729,2.41751575667015
1.76474892447683,2.41749523074622
1.76547975322888,2.41747467145035
1.76621080714451,2.41745407868634
1.76694208785663,2.41743345236978
1.76767359724994,2.41741279240011
1.76840533666827,2.41739209866824
1.76913730777708,2.41737137107754
1.76986951145261,2.41735060952441
1.77060195048597,2.41732981392432
1.7713346255743,2.41730898414583
1.77206753808174,2.4172881201052
1.7728006901991,2.41726722170702
1.7735340833746,2.41724628883308
1.77426771924186,2.41722532138121
1.77500159895951,2.41720431924613
1.77573572509083,2.41718328233413
1.77647009860871,2.41716221051647
1.77720472098713,2.4171411037009
1.77793959357747,2.41711996178637
1.77867471830377,2.41709878467365
1.77941009725766,2.41707757224871
1.78014573194723,2.41705632439109
1.78088162386786,2.4170350409944
1.78161777483167,2.41701372195397
1.78235418677836,2.41699236715685
1.78309086094712,2.41697097648548
1.78382779894696,2.4169495498397
1.78456500254867,2.41692808711152
1.78530247420249,2.41690658818753
1.78604021467066,2.41688505293561
1.78677822633792,2.41686348126522
1.78751651046404,2.41684187304808
1.78825506876712,2.41682022818055
1.78899390379863,2.41679854654967
1.78973301687774,2.41677682801912
1.79047240964121,2.41675507248188
1.79121208371933,2.4167332798258
1.79195204172112,2.41671144993801
1.79269228472504,2.41668958267939
1.79343281444187,2.41666767794778
1.7941736333932,2.41664573562849
1.79491474272887,2.41662375558351
1.79565614475059,2.41660173770805
1.79639784139754,2.41657968187051
1.79713983419983,2.41655758794528
1.79788212542306,2.4165354558181
1.79862471688549,2.41651328535615
1.79936761057585,2.41649107643597
1.80011080790188,2.41646882893035
1.80085431095233,2.41644654272685
1.80159812210675,2.41642421769631
1.80234224261403,2.41640185369937
1.80308667536685,2.41637945062545
1.80383142205973,2.41635700832298
1.80457648456674,2.41633452666724
1.80532186433391,2.41631200553165
1.80606756378193,2.41628944480063
1.80681358537427,2.41626684433331
1.80755993054795,2.41624420398418
1.80830660127994,2.41622152363461
1.8090535999951,2.4161988031543
1.80980092897189,2.41617604239904
1.8105485898936,2.4161532412265
1.81129658486064,2.41613039951039
1.81204491627775,2.41610751711475
1.81279358619375,2.41608459389374
1.8135425964802,2.41606162970964
1.81429194954707,2.41603862443025
1.81504164724277,2.41601557790895
1.81579169168693,2.41599249001236
1.81654208570319,2.41596936060094
1.81729283077732,2.41594618951471
1.81804392943011,2.41592297662747
1.81879538371297,2.41589972178848
1.81954719589819,2.41587642485643
1.82029936848888,2.41585308568476
1.82105190380406,2.41582970411948
1.82180480422225,2.41580628001033
1.82255807129808,2.41578281320554
1.82331170833557,2.41575930357556
1.82406571688007,2.41573575094476
1.82482009929902,2.41571215518011
1.8255748584499,2.41568851613077
1.82632999629122,2.41566483362955
1.82708551567554,2.41564110753189
1.82784141800828,2.41561733767072
1.82859770699709,2.41559352391616
1.82935438420421,2.41556966607827
1.83011145210035,2.41554576401909
1.83086891373172,2.41552181758147
1.83162677066549,2.4154978265892
1.83238502588466,2.41547379090481
1.83314368199026,2.41544971035555
1.83390274156232,2.41542558477447
1.83466220677162,2.41540141399553
1.83542208049745,2.41537719786394
1.83618236502712,2.41535293620592
1.83694306354806,2.41532862886157
1.83770417794045,2.41530427564681
1.83846571125347,2.41527987641111
1.83922766599556,2.41525543097466
1.83999004486683,2.41523093916876
1.84075285047385,2.41520640082028
1.84151608522049,2.41518181575773
1.84227975220246,2.4151571838152
1.84304385405963,2.41513250480725
1.84380839372205,2.41510777855853
1.844573373752,2.41508300488617
1.84533879701552,2.41505818361648
1.84610466627707,2.41503331456772
1.8468709840503,2.41500839755961
1.84763775379762,2.41498343241881
1.84840497834266,2.41495841894505
1.84917266015265,2.4149333569525
1.84994080258554,2.41490824626703
1.8507094077236,2.41488308668983
1.85147847945522,2.4148578780553
1.85224802047943,2.4148326201494
1.85301803368943,2.41480731278567
1.85378852182808,2.41478195577521
1.85455948843602,2.41475654893268
1.85533093600783,2.41473109204944
1.85610286816437,2.41470558494385
1.85687528712289,2.41468002740438
1.85764819703393,2.41465441925614
1.85842160042722,2.41462876027198
1.85919550061884,2.41460305026479
1.85996990065432,2.4145772890292
1.86074480421587,2.41455147636485
1.86152021451477,2.41452561205281
1.86229613400961,2.41449969588497
1.86307256687612,2.41447372767636
1.86384951625803,2.41444770719392
1.86462698498266,2.41442163422805
1.86540497703974,2.41439550858119
1.86618349489282,2.41436933002237
1.86696254279785,2.41434309836092
1.8677421237817,2.41431681335778
1.86852224148065,2.41429047480338
1.86930289929343,2.41426408247344
1.87008410047886,2.41423763614821
1.87086584921001,2.41421113561217
1.87164814846836,2.41418458062252
1.87243100213398,2.4141579709678
1.87321441432556,2.41413130641336
1.87399838791829,2.41410458671364
1.87478292629106,2.41407781165834
1.87556803361618,2.41405098102631
1.87635371376419,2.41402409457045
1.87713997054344,2.41399715204863
1.87792680789695,2.41397015322065
1.87871422875117,2.41394309784192
1.87950223777687,2.4139159856974
1.88029083903727,2.41388881652273
1.88108003594122,2.41386159006453
1.88186983257876,2.41383430609023
1.88266023246997,2.41380696434877
1.88345124025714,2.41377956460334
1.88424285982916,2.41375210658426
1.88503509498497,2.41372459003969
1.88582795009883,2.41369701472235
1.88662142934064,2.41366938036741
1.88741553702916,2.41364168671321
1.88821027687528,2.41361393349332
1.88900565379491,2.41358612045869
1.88980167136403,2.413558247325
1.89059833428286,2.41353031384362
1.89139564702882,2.41350231973561
1.89219361357767,2.41347426472403
1.89299223877267,2.41344614854702
1.89379152658649,2.4134179709174
1.89459148212465,2.4133897315707
1.89539210980855,2.41336143020988
1.89619341391191,2.41333306655387
1.89699539954826,2.41330464032773
1.89779807092197,2.41327615123063
1.89860143264675,2.41324759898569
1.89940548964103,2.41321898330598
1.90021024656249,2.41319030389295
1.90101570860371,2.41316156045391
1.9018218806736,2.41313275267952
1.90262876765326,2.41310388026627
1.90343637408858,2.41307494291162
1.90424470518585,2.413045940323
1.90505376595388,2.4130168721878
1.90586356160929,2.41298773819607
1.90667409767964,2.41295853803096
1.90748537816664,2.4129292713641
1.90829740961799,2.41289993791294
1.90911019681658,2.41287053732026
1.90992374503105,2.41284106927327
1.91073805951681,2.4128115334494
1.9115531456501,2.41278192952439
1.91236900934942,2.41275225716913
1.91318565602516,2.41272251603587
1.91400309087445,2.41269270578953
1.91482131991642,2.41266282610295
1.91564034852918,2.41263287662309
1.91646018294951,2.41260285701292
1.91728082905071,2.41257276690948
1.91810229194007,2.41254260595689
1.91892457815466,2.41251237382412
1.91974769329266,2.41248207013704
1.92057164412064,2.4124516945447
1.92139643616791,2.4124212466611
1.92222207536733,2.4123907261342
1.92304856786328,2.41236013260312
1.92387592046618,2.41232946569808
1.92470413928579,2.41229872502568
1.92553323030955,2.41226791021094
1.92636320055031,2.41223702088471
1.92719405684355,2.41220605664465
1.92802580500964,2.41217501708849
1.92885845213718,2.41214390184615
1.92969200476232,2.41211271051016
1.9305264701053,2.41208144268479
1.93136185403269,2.41205009795285
1.93219816478505,2.41201867593741
1.93303540876716,2.411987176189
1.93387359332846,2.41195559830672
1.93471272476472,2.411923941865
1.93555281110398,2.41189220646842
1.93639385971519,2.41186039166826
1.93723587766489,2.41182849702875
1.93807887250535,2.41179652212513
1.93892285157812,2.41176446651741
1.93976782289061,2.41173232976949
1.9406137938432,2.41170011142296
1.94146077267868,2.41166781103533
1.94230876722203,2.41163542813774
1.94315778506021,2.41160296227034
1.94400783413586,2.41157041298171
1.9448589231612,2.41153777980903
1.94571106048427,2.41150506226128
1.9465642540913,2.4114722598545
1.94741851242471,2.41143937211697
1.94827384385591,2.41140639856272
1.94913025741079,2.41137333870518
1.94998776118998,2.41134019203489
1.95084636470674,2.41130695806915
1.95170607655752,2.41127363628098
1.95256690557012,2.41124022616668
1.95342886102962,2.41120672721743
1.95429195272381,2.41117313890739
1.95515618932474,2.41113946069032
1.95602158066555,2.4111056920537
1.95688813629429,2.41107183245002
1.95775586546606,2.41103788133526
1.95862477865152,2.41100383817504
1.95949488512211,2.41096970239435
1.96036619571627,2.41093547345188
1.96123872010439,2.41090115075734
1.96211246889492,2.4108667337519
1.96298745239129,2.4108322218487
1.96386368056654,2.4107976144662
1.96474116511685,2.41076291103416
1.96561991636635,2.41072811092433
1.96649994496235,2.4106932135457
1.96738126235405,2.41065821830114
1.9682638796738,2.41062312456424
1.96914780823596,2.41058793171424
1.97003306003234,2.41055263912417
1.97091964652966,2.410517246142
1.97180757937316,2.41048175212919
1.97269687084429,2.41044615644235
1.97358753283899,2.41041045841462
1.97447957817012,2.41037465738813
1.97537301850459,2.41033875267392
1.97626786724667,2.41030274361724
1.97716413678229,2.41026662950766
1.97806184043386,2.4102304096608
1.97896099109293,2.41019408336309
1.97986160194434,2.41015764991079
1.98076368699715,2.41012110859081
1.98166725979128,2.41008445865927
1.98257233447872,2.41004769938324
1.98347892465388,2.41001083000951
1.98438704514797,2.40997384980067
1.98529671028092,2.40993675797792
1.98620793475205,2.40989955377337
1.9871207338925,2.40986223640705
1.98803512255197,2.40982480507439
1.98895111583464,2.40978725898346
1.98986872982615,2.40974959733495
1.99078798034895,2.40971181929342
1.99170888334921,2.40967392402661
1.99263145514736,2.40963591069811
1.993555712041,2.40959777845732
1.99448167148987,2.40955952645196
1.99540934993452,2.40952115378805
1.99633876577928,2.40948265960103
1.99726993606574,2.40944404296103
1.99820287844508,2.4094053029762
1.99913761170738,2.40936643873898
2.00007415319367,2.40932744929872
2.00101252248441,2.40928833374971
2.00195273899486,2.4092490911135
2.00289482111756,2.40920972040604
2.00383878955306,2.40917022067927
2.00478466348661,2.4091305909084
2.00573246411725,2.40909083011109
2.00668221129426,2.40905093723985
2.0076339265756,2.40901091128576
2.00858763091723,2.40897075118514
2.00954334726523,2.40893045588783
2.0105010971252,2.4088900242747
2.01146090243109,2.40884945526831
2.012422786467,2.40880874778336
2.01338677235835,2.40876790068542
2.01435288453451,2.40872691283891
2.01532114643058,2.40868578306192
2.01629158310785,2.40864451020242
2.01726421983562,2.40860309305548
2.01823908102063,2.40856153040149
2.01921619291158,2.40851982105151
2.020195050733,2.40847796375625
2.02117542097659,2.40843597666037
2.02215731389706,2.40839387121181
2.02314074114429,2.40835164888341
2.02412571705115,2.40830930947888
2.02511225566185,2.40826685243753
2.0261003722093,2.40822427715568
2.02709008197653,2.40818158298488
2.0280814002733,2.40813876927339
2.02907434231898,2.40809583537396
2.0300689241015,2.40805278064944
2.03106516103568,2.40800960444226
2.03206306914408,2.40796630611888
2.03306266456909,2.40792288503376
2.03406396368655,2.40787934054156
2.03506698379168,2.40783567199505
2.03607174054218,2.40779187871955
2.03707825180057,2.40774796010358
2.03808653446333,2.40770391547173
2.03909660586155,2.40765974418126
2.04010848454047,2.40761544558647
2.0411221879795,2.40757101900395
2.04213773392336,2.4075264637918
2.04315514155932,2.40748177931369
2.04417442973166,2.40743696488914
2.04519561681536,2.40739201985207
2.04621872261572,2.40734694356563
2.04724376662135,2.40730173535407
2.04827076920024,2.40725639455684
2.04929975014287,2.40721092049336
2.05033073008625,2.40716531251187
2.05136372974961,2.4071195699448
2.05239877031057,2.40707369213019
2.05343587407378,2.40702767840164
2.05447506192375,2.40698152806188
2.05551635649937,2.4069352404744
2.05655978020632,2.40688881496018
2.05760535626511,2.4068422508553
2.05865310849068,2.40679554748183
2.05970305952742,2.40674870415165
2.06075523469618,2.40670172023415
2.06180965754817,2.40665459502324
2.06286635347246,2.40660732788305
2.06392534792245,2.40655991813716
2.06498666659256,2.40651236511729
2.06605033600113,2.40646466816563
2.06711638325988,2.40641682661381
2.06818483523699,2.40636883978876
2.06925571997493,2.40632070704613
2.07032906514932,2.40627242772308
2.07140490002429,2.40622400118938
2.07248325358203,2.4061754267829
2.07356415591155,2.40612670387029
2.07464763730258,2.40607783180567
2.07573372941028,2.40602880995881
2.07682246343528,2.40597963767673
2.07791387201073,2.40593031434725
2.07900798699341,2.40588083933934
2.08010484274329,2.4058312120779
2.08120447298475,2.40578143193308
2.08230691240465,2.4057314983218
2.08341219705397,2.40568141066578
2.08452036290903,2.40563116837022
2.08563144709423,2.40558077087637
2.08674548734796,2.40553021762544
2.08786252243539,2.40547950807422
2.08898259158219,2.40542864168365
2.09010573522252,2.40537761794
2.09123199427021,2.40532643633184
2.09236141082496,2.40527509637552
2.09349402717495,2.40522359759464
2.09462988844695,2.40517193955643
2.09576903850823,2.40512012177911
2.09691152366445,2.40506814387408
2.09805739057936,2.40501600543208
2.09920668718303,2.40496370608494
2.10035946290105,2.40491124548421
2.10151576794016,2.40485862329127
2.10267565332634,2.40480583920555
2.10383917207284,2.40475289297082
2.10500637813499,2.40469978433486
2.10617732666874,2.4046465130852
2.1073520744204,2.40459307904891
2.10853067982576,2.40453948208114
2.10971320217185,2.40448572206294
2.11089970238936,2.40443179893654
2.11209024272161,2.40437771268543
2.11328488781493,2.40432346334755
2.1144837036243,2.4042690509807
2.11568675793024,2.40421447570249
2.11689411987372,2.40415973768274
2.11810586094483,2.40410483716475
2.11932205528454,2.4040497744371
2.12054277758957,2.40399454982296
2.12176810549877,2.40393916376314
2.12299811936389,2.40388361674716
2.12423290080621,2.40382790931627
2.12547253430765,2.40377204212523
2.12671710701968,2.40371601590085
2.12796670884729,2.40365983144958
2.12922143133337,2.40360348966388
2.13048137019813,2.40354699157371
2.13174662414311,2.40349033826999
2.13301729309194,2.40343353094533
2.13429348243837,2.40337657097674
2.13557529961966,2.40331945979355
2.13686285614022,2.40326219899217
2.13815626706146,2.40320479029391
2.13945565078609,2.40314723556904
2.14076113163792,2.40308953686248
2.1420728360256,2.4030316963183
2.14339089579822,2.4029737163219
2.14471544794506,2.40291559941897
2.14604663362616,2.40285734832925
2.14738459970375,2.40279896600249
2.14872949749737,2.40274045559246
2.15008148569329,2.40268182051776
2.15144072822329,2.40262306439018
2.15280739441285,2.40256419110154
2.15418166185082,2.40250520485865
2.15556371500657,2.40244611011416
2.15695374539204,2.40238691163187
2.15835195309031,2.40232761452316
2.15975854643773,2.40226822423227
2.16117374147356,2.40220874657967
2.16259776640744,2.4021491878259
2.16403085719243,2.40208955456843
2.16547326181573,2.40202985391871
2.16692523968107,2.40197009343262
2.16838706245745,2.40191028116866
2.16985901358374,2.40185042572299
2.17134139235912,2.40179053630914
2.17283451145883,2.40173062269727
2.17433870294339,2.40167069535259
2.17585431101491,2.40161076533475
2.17738170300457,2.40155084459438
2.17892126353367,2.40149094575326
2.18047340056154,2.40143108234552
2.18203854578267,2.40137126876693
2.18361715498837,2.40131152036287
2.18520971285415,2.40125185355077
2.18681673545816,2.40119228582272
2.18843876896459,2.4011328358119
2.19007640012541,2.40107352349954
2.19173025297459,2.40101437010878
2.19340099697916,2.40095539837476
2.19508935124807,2.40089663256331
2.19679609017414,2.40083809858747
2.19852204866764,2.4007798241294
2.20026813144102,2.40072183880767
2.20203532173353,2.40066417427959
2.20382469407267,2.4006068643962
2.20563742252391,2.40054994531649
2.2074748005691,2.4004934557984
2.20933825867006,2.40043743730056
2.21122939000992,2.40038193421349
2.21314997784014,2.40032699403702
2.21510203672971,2.40027266766666
2.21708785866105,2.40021900957329
2.21911007961172,2.40016607811553
2.22117176462986,2.40011393576243
2.22327652322389,2.40006264936838
2.22542868062802,2.40001229045855
2.2276335076595,2.39996293530163
2.22989758330547,2.39991466512697
2.2322293480981,2.39986756588095
2.2343851748636,2.39982172765243
2.23438517486362,2.39978092523816
2.23484128849293,2.39977330247014
2.23529740212223,2.39976531854441
2.23576118687672,2.39975737097861
2.23622850293681,2.39974941935232
2.23669942452472,2.39974150912846
2.23717398658172,2.39973364207365
2.23765222493428,2.39972581266633
2.23813417646758,2.39971801431701
2.2386198793958,2.39971024051168
2.23910937318955,2.39970248500653
2.2396026988959,2.39969474185088
2.24009989808107,2.3996870053736
2.24060101446466,2.39967927018106
2.24110609287055,2.39967153112358
2.24161517949763,2.39966378329087
2.242128322157,2.39965602199663
2.24264557002867,2.39964824276217
2.24316697384437,2.39964044130651
2.24369258638626,2.3996326135327
2.24422246172724,2.3996247555103
2.24475665574052,2.39961686347289
2.24529522611574,2.39960893380328
2.24583823252948,2.39960096302291
2.24638573643032,2.3995929477806
2.24693780153404,2.39958488484606
2.24749449339891,2.39957677109629
2.24805587968883,2.39956860351182
2.24862203049582,2.39956037916698
2.2491930183432,2.39955209521863
2.24976891814725,2.39954374889869
2.25034980736109,2.39953533750811
2.25093576608676,2.39952685840924
2.25152687716232,2.39951830901844
2.25212322658395,2.39950968679937
2.25272490336314,2.39950098925249
2.25333200013925,2.39949221391089
2.253944611583,2.39948335832844
2.25456283750829,2.399474420093
2.25518678092973,2.39946539678838
2.25581654843503,2.39945628600716
2.25645225157987,2.39944708534546
2.25709400554669,2.3994377923824
2.25774193065795,2.39942840468939
2.25839615246244,2.39941891981106
2.25905680121229,2.39940933525806
2.2597240130403,2.39939964850944
2.26039793070734,2.3993898569966
2.26107870245439,2.39937995808898
2.26176648408865,2.39936994910293
2.26246143851667,2.39935982727613
2.26316373677664,2.39934958976635
2.2638735582584,2.3993392336367
2.26459109167215,2.39932875584827
2.26531653615896,2.39931815324512
2.26605010092564,2.39930742253613
2.26679200772824,2.39929656029417
2.26754249087194,2.399285562924
2.26830179896679,2.39927442665443
2.26907019566152,2.39926314751368
2.26984796236668,2.39925172131405
2.27063539828146,2.39924014361401
2.27143282465762,2.39922840970886
2.27224058580086,2.39921651457514
2.27305905219558,2.39920445284583
2.2738886230338,2.39919221876548
2.27472973117985,2.39917980614862
2.27558284762624,2.39916720830885
2.27644848574673,2.39915441798835
2.27732720905491,2.39914142728975
2.27821963821454,2.399128227565
2.27912646037045,2.39911480930501
2.28004844256196,2.3991011620003
2.2809864452751,2.39908727394545
2.28194144119946,2.39907313203027
2.28291453870822,2.39905872146336
2.28390701580657,2.39904402542339
2.28492035993676,2.3990290245657
2.28595632378455,2.399013696427
2.28598705046349,2.39899801460979
2.28601777714244,2.39899471060194
2.28605860050202,2.39899371384286
2.28626271729994,2.3989930219082
2.28689772300347,2.39899036056812
2.28753338148459,2.39898196872614
2.28817533858859,2.398972474117
2.28882388406104,2.39896266799466
2.28947920384415,2.39895269397632
2.29014145989682,2.39894257642783
2.29081081500837,2.3989323178198
2.29148743900472,2.39892191653626
2.29217150945591,2.39891137010933
2.29286321300336,2.39890067581032
2.29356274546071,2.39888983074098
2.29427031465632,2.39887883184722
2.29498613839944,2.39886767588325
2.29571044722951,2.39885635942896
2.2964434860956,2.39884487885584
2.29718551409204,2.39883323029677
2.29793680678963,2.39882140964159
2.29869765822463,2.39880941250385
2.29946838273015,2.39879723418631
2.30024931653128,2.3987848696481
2.30104082094498,2.39877231347502
2.30184328565187,2.39875955982929
2.30265713199478,2.39874660239403
2.30348281661641,2.39873343431606
2.30432083710722,2.39872004814355
2.30517173837171,2.39870643573563
2.30603611914798,2.39869258815646
2.30691464150074,2.3986784955637
2.30780804141323,2.39866414705546
2.30871714206229,2.39864953049361
2.30964287047256,2.39863463228559
2.31058628150058,2.39861943711142
2.31154858380005,2.39860392754003
2.31253117769838,2.3985880835953
2.31353570721046,2.39857188214898
2.31456412661745,2.39855529608558
2.31561880258786,2.39853829322132
2.31670265441739,2.39852083468717
2.31781937574559,2.39850287268169
2.31897378510441,2.3984843469808
2.32017241813922,2.39846517943278
2.32142461876755,2.39844526473566
2.3227447716669,2.39842445362636
2.32415765461826,2.39840251888887
2.32571512515534,2.39837907508276
2.3275876493698,2.39835333322942
2.32923255241129,2.39832279247303
2.33087745545278,2.39829444562552
2.33234108784022,2.39826646529539
2.33371867532843,2.39824102089054
2.33503863849948,2.39821720867669
2.33632162098366,2.39819447255633
2.33757828379548,2.39817242630137
2.33881502509032,2.39815085230277
2.34003596634788,2.39812962273354
2.34124398636225,2.39810865765835
2.34244121699373,2.39808790304948
2.34362930581393,2.39806731989896
2.3448095618769,2.39804687859501
2.34598305219636,2.3980265558827
2.34715065943835,2.39800633297917
2.34831312404825,2.39798619443681
2.34947107523474,2.39796612735749
2.35062505201745,2.3979461208242
2.35177551902781,2.39792616550937
2.35292288247632,2.39790625338784
2.35406749682386,2.39788637746505
2.35520967274596,2.39786653163774
2.35634968755094,2.39784671056015
2.3574877856883,2.39782690947577
2.35862418582523,2.39780712418187
2.35975908271958,2.39778735092558
2.36089265240362,2.39776758636031
2.36202505154226,2.39774782746616
2.36315642261086,2.39772807154596
2.36428689362891,2.39770831615255
2.36541658087602,2.39768855908036
2.36654558967367,2.39766879832638
2.36767401633797,2.3976490320728
2.36880194675195,2.39762925865693
2.36992946119916,2.39760947658669
2.37105663129422,2.39758968447539
2.37218352380149,2.39756988107395
2.37331019896787,2.397550065223
2.37443671177667,2.39753023586828
2.37556311327381,2.39751039204608
2.37668944961885,2.39749053286195
2.37781576334038,2.39747065750073
2.37894209354153,2.39745076521077
2.380068476479,2.39743085529834
2.38119494490638,2.39741092711859
2.38232152943912,2.39739098008356
2.38344825754426,2.39737101364425
2.38457515525794,2.39735102730211
2.38570224633007,2.39733102058658
2.38682955317535,2.39731099306344
2.38795709509838,2.39729094432277
2.38908489057046,2.3972708740026
2.39021295661668,2.39725078176045
2.39134131000506,2.39723066727709
2.39246996327602,2.39721053024007
2.39359893139753,2.39719037039842
2.3947282270293,2.39717018747627
2.39585786077332,2.39714998122566
2.39698784397656,2.39712975143287
2.39811818599465,2.39710949787882
2.39924889488594,2.39708922037171
2.40037998048117,2.397068918743
2.40151145004065,2.39704859280193
2.4026433105226,2.39702824239053
2.4037755683801,2.39700786736078
2.40490822977209,2.39698746757337
2.4060413004759,2.39696704289442
2.40717478617989,2.39694659319618
2.40830869037521,2.39692611835292
2.40944301816019,2.39690561827119
2.41057777509129,2.39688509283952
2.41171296394852,2.39686454193597
2.4128485865693,2.39684396547724
2.4139846483701,2.39682336340086
2.41512115141528,2.39680273559511
2.41625809846284,2.39678208198836
2.41739549354101,2.39676140250595
2.41853333721993,2.3967406970536
2.41967163287418,2.3967199655844
2.42081038220685,2.39669920801849
2.42194958703197,2.39667842429447
2.42308924851614,2.39665761435258
2.42422936964861,2.39663677814282
2.42536995069044,2.39661591558974
2.42651099353316,2.39659502665363
2.42765249942838,2.39657411127699
2.42879446906661,2.39655316940846
2.42993690468958,2.39653220100604
2.43107980648461,2.39651120600623
2.43222317523242,2.39649018437208
2.43336701243725,2.39646913606267
2.43451131916748,2.39644806102537
2.43565609572515,2.39642695921181
2.43680134235854,2.39640583058582
2.43794706089183,2.39638467511427
2.43909325074173,2.39636349274079
2.44023991237099,2.39634228344086
2.44138704733655,2.39632104718007
2.44253465519326,2.39629978390562
2.44368273691099,2.3962784935914
2.44483129323786,2.39625717619486
2.44598032393611,2.39623583167369
2.44712982927627,2.39621446000045
2.44827980999864,2.39619306114275
2.44943026594113,2.39617163506011
2.45058119728484,2.39615018172418
2.45173260544193,2.39612870110363
2.45288448945748,2.39610719314778
2.4540368500614,2.39608565783834
2.45518968761349,2.39606409513733
2.45634300122615,2.39604250500874
2.45749679183119,2.39602088743589
2.45865105969032,2.39599924237791
2.45980580507837,2.39597756979962
2.46096102901072,2.39595586966664
2.46211672972723,2.39593414193337
2.46327290816478,2.39591238659459
2.46442956452616,2.39589060361125
2.46558669905019,2.39586879294923
2.46674431104996,2.39584695457473
2.46790240171776,2.3958250884682
2.46906097044879,2.39580319458383
2.47022001760412,2.39578127289852
2.47137954326753,2.39575932337851
2.47253954741304,2.3957373459923
2.4737000293002,2.39571534071045
2.47486098991506,2.39569330751494
2.47602242896322,2.39567124636318
2.47718434714496,2.39564915722775
2.47834674330481,2.39562704006862
2.47950961873764,2.39560489487216
2.48067297208476,2.39558272159161
2.48183680412282,2.39556052021524
2.4830011153859,2.39553829070461
2.48416590553766,2.39551603302005
2.48533117482645,2.39549374713519
2.48649692273095,2.39547143301697
2.48766314929666,2.39544909064309
2.48882985383696,2.39542671998438
2.48999703803721,2.39540432102181
2.49116470128254,2.39538189370113
2.49233284327263,2.39535943799748
2.49350146387394,2.39533695388651
2.49467056344535,2.39531444134135
2.49584014224676,2.3952919003269
2.49701019977386,2.39526933080805
2.4981807368452,2.39524673276169
2.49935175214561,2.39522410614608
2.50052324694656,2.39520145094958
2.50169522154227,2.39517876712542
2.50286767422489,2.39515605463559
2.50404060562855,2.39513331347534
2.50521401639244,2.39511054360911
2.50638790547094,2.39508774499548
2.50756227400129,2.39506491761856
2.50873712200544,2.39504206143264
2.50991244857415,2.39501917640409
2.5110882543235,2.39499626251626
2.51226453849323,2.39497331973145
2.51344130170638,2.39495034802989
2.51461854364147,2.3949273473731
2.51579626464751,2.39490431773416
2.51697446501488,2.39488125907757
2.5181531439472,2.39485817136713
2.51933230176467,2.39483505458385
2.52051193855894,2.39481190869406
2.52169205438699,2.39478873366501
2.52287264934387,2.39476552946464
2.5240537221608,2.39474229606038
2.52523527435842,2.39471903344141
2.52641730478768,2.3946957415562
2.52759981412658,2.39467242038845
2.52878280288764,2.39464906989908
2.52996627073988,2.39462569004734
2.53115021682257,2.39460228080575
2.5323346415781,2.3945788421578
2.53351954559398,2.394555374068
2.53470492801954,2.39453187649497
2.53589078933565,2.3945083494194
2.5370771295537,2.39448479280458
2.53826394880646,2.3944612066181
2.53945124658763,2.39443759082636
2.54063902289031,2.39441394540587
2.54182727817055,2.39439027032693
2.54301601198559,2.3943665655511
2.54420522434375,2.39434283105291
2.54539491568314,2.39431906680197
2.54658508585978,2.3942952727599
2.54777573429671,2.39427144889633
2.54896686153258,2.39424759518938
2.55015846738008,2.39422371160055
2.55135055167003,2.39419979810008
2.55254311472886,2.39417585465949
2.55373615674639,2.39415188124243
2.55492967709097,2.39412787781326
2.55612367594169,2.39410384434994
2.5573181527076,2.39407978081962
2.55851310829618,2.39405568720009
2.55970854283977,2.39403156344644
2.56090445587774,2.39400740952227
2.56210084720918,2.39398322540247
2.5632977160845,2.39395901105976
2.56449506444835,2.39393476647546
2.56569289135923,2.39391049158803
2.56689119645703,2.39388618637556
2.56808997969833,2.39386185081389
2.56928924151611,2.39383748487317
2.57048898211662,2.39381308851459
2.57168920127414,2.39378866170141
2.57288989817502,2.39376420440438
2.57409107312293,2.39373971660539
2.57529272647103,2.39371519826985
2.57649485839731,2.39369064935924
2.57769746779166,2.39366606983719
2.57890055643321,2.39364145968914
2.58010412355994,2.39361681885644
2.58130816874641,2.39359214731454
2.58251269147579,2.39356744503962
2.58371769350159,2.39354271200951
2.58492317295285,2.39351794816435
2.58612913049948,2.3934931534979
2.58733556596147,2.3934683279713
2.58854248052239,2.39344347155388
2.58974987233084,2.39341858419353
2.59095774198195,2.39339366588514
2.59216608967099,2.39336871659118
2.59337491568919,2.3933437362748
2.59458421997482,2.39331872489762
2.59579400154981,2.39329368242689
2.5970042610421,2.39326860884635
2.59821499922153,2.39324350411568
2.59942621555233,2.39321836818763
2.60063790909017,2.39319320103572
2.6018500810058,2.39316800264423
2.60306273105649,2.39314277296357
2.60427585915819,2.39311751196182
2.60548946502302,2.39309221960757
2.60670354778912,2.39306689587299
2.6079181090908,2.39304154074065
2.6091331481461,2.39301615415255
2.61034866438968,2.39299073608425
2.61156465838929,2.39296528651384
2.61278113057721,2.39293980540056
2.61399808012998,2.39291429270236
2.61521550749999,2.39288874839845
2.6164334128727,2.39286317245008
2.61765179529311,2.39283756481975
2.618870655056,2.39281192548967
2.62008999292693,2.39278625442431
2.62130980811976,2.3927605515767
2.62253010092123,2.39273481692437
2.62375087157732,2.39270905043093
2.62497211960602,2.39268325205808
2.6261938449664,2.39265742177965
2.62741604750135,2.39263155956415
2.62863872785507,2.39260566538104
2.62986188519338,2.39257973918612
2.63108552011545,2.39255378095813
2.63230963165981,2.39252779065531
2.6335342205778,2.39250176825905
2.63475928749278,2.39247571372534
2.63598483153702,2.39244962700767
2.63721085284419,2.39242350808484
2.63843735142454,2.39239735692298
2.63966432717571,2.392371173488
2.64089178012613,2.39234495774765
2.64211971003329,2.39231870966778
2.64334811644335,2.39229242921853
2.64457700038214,2.39226611637455
2.64580636225915,2.39223977108544
2.64703620023366,2.39221339330686
2.6482665151388,2.39218698303494
2.6494973068042,2.39216054022652
2.65072857580061,2.39213406484869
2.65196032134973,2.3921075568574
2.65319254412987,2.39208101623021
2.65442524421965,2.39205444292304
2.65565842093856,2.39202783689832
2.65689207433869,2.392001198133
2.6581262045141,2.39197452659384
2.65936081174999,2.3919478222449
2.66059589572174,2.39192108504638
2.66183145572711,2.39189431496847
2.66306749309461,2.39186751198986
2.66430400672569,2.39184067605491
2.66554099719509,2.39181380714451
2.6667784644457,2.39178690521666
2.66801640784277,2.39175997023629
2.66925482855367,2.39173300217983
2.67049372443229,2.39170600099383
2.67173309741909,2.39167896667815
2.67297294686306,2.39165189916985
2.67421327274081,2.39162479844041
2.67545407524918,2.39159766445648
2.67669535393434,2.39157049717988
2.67793710914654,2.3915432965831
2.67917934125171,2.39151606262622
2.68042204875286,2.39148879526672
2.68166523199798,2.39146149449489
2.68290889163611,2.39143416027407
2.68415302788499,2.39140679255718
2.68539763983419,2.3913793913029
2.68664272818536,2.39135195649117
2.68788829247055,2.39132448807691
2.6891343332504,2.39129698603141
2.69038084956213,2.39126945031043
2.69162784222629,2.39124188089428
2.69287531077024,2.39121427773563
2.69412325508127,2.39118664080536
2.69537167478384,2.39115897007116
2.69662057086984,2.39113126550488
2.6978699425773,2.3911035270544
2.69911979013222,2.39107575469483
2.70037011344121,2.3910479483884
2.70162091287234,2.39102010810074
2.70287218732738,2.3909922337897
2.70412393786252,2.39096432543828
2.7053761636034,2.39093638299497
2.70662886489673,2.39090840643695
2.70788204225242,2.39088039572446
2.70913569500672,2.39085235081158
2.71038982293002,2.39082427167263
2.71164442606545,2.39079615827774
2.712899505065,2.39076801059126
2.71415505946699,2.39073982856529
2.7154110884779,2.39071161217001
2.71666759339874,2.390683361385
2.71792457338404,2.39065507615318
2.71918202916153,2.39062675645
2.72043996005293,2.39059840222803
2.72169836611639,2.39057001346139
2.72295724671105,2.39054159011464
2.72421660240166,2.39051313216342
2.72547643392818,2.39048463956319
2.72673673947456,2.39045611226237
2.72799752007008,2.39042755025526
2.72925877577064,2.39039895349207
2.7305205066984,2.39037032193278
2.7317827117896,2.39034165553794
2.73304539209959,2.39031295429013
2.73430854734742,2.39028421813673
2.73557217673146,2.39025544704333
2.73683628093768,2.39022664098854
2.7381008599965,2.39019779992573
2.73936591387383,2.39016892381573
2.74063144240635,2.39014001262194
2.74189744497789,2.39011106631058
2.74316392175769,2.39008208485684
2.74443087364908,2.39005306822291
2.74569829967775,2.3900240163548
2.74696620031991,2.38999492923057
2.74823457541015,2.38996580680708
2.74950342431665,2.38993664904924
2.75077274766503,2.38990745593216
2.75204254518195,2.38987822740923
2.75331281632383,2.38984896344668
2.75458356239182,2.38981966401815
2.75585478253801,2.38979032906393
2.75712647643588,2.38976095855854
2.75839864479201,2.38973155247299
2.75967128702038,2.38970211075815
2.76094440272106,2.38967263338551
2.7622179921896,2.38964312032683
2.76349205510736,2.38961357154079
2.76476659223735,2.38958398699521
2.76604160286364,2.38955436663909
2.76731708760068,2.38952471044593
2.76859304555799,2.38949501836852
2.76986947774882,2.38946529038432
2.77114638280801,2.38943552643921
2.77242376251526,2.38940572651835
2.77370161508901,2.38937589055438
2.77497994195652,2.38934601853791
2.77625874169781,2.38931611040916
2.77753801462235,2.38928616615328
2.77881776069994,2.38925618573073
2.78009798030586,2.38922616910382
2.78137867242986,2.38919611622746
2.78265983812594,2.38916602708164
2.78394147675483,2.38913590161145
2.78522358885971,2.38910573978794
2.78650617366997,2.38907554156423
2.78778923240405,2.38904530691533
2.78907276284906,2.38901503578202
2.79035676634926,2.38898472816476
2.79164124224183,2.38895438400655
2.79292619150949,2.38892400327837
2.79421161383044,2.38889358592466
2.79549750911906,2.38886313191
2.7967838761317,2.38883264119817
2.79807071525862,2.38880211377513
2.79935802758957,2.38877154959938
2.8006458124965,2.38874094861071
2.80193406991539,2.38871031077868
2.80322280043368,2.38867963606741
2.80451200252662,2.38864892442732
2.80580167712381,2.38861817584732
2.8070918245106,2.38858739027568
2.80838244373428,2.38855656766568
2.80967353561023,2.38852570799558
2.81096509895134,2.38849481121377
2.8122571340242,2.38846387730216
2.8135496414003,2.38843290622049
2.8148426205419,2.38840189791837
2.81613607177975,2.38837085236519
2.81742999490029,2.38833976951698
2.81872439038815,2.38830864933794
2.82001925622693,2.38827749178001
2.82131459510476,2.38824629684198
2.82261040540955,2.38821506443885
2.82390668693753,2.3881837945546
2.82520344093177,2.38815248715825
2.82650066530422,2.38812114218752
2.82779836170236,2.38808975963998
2.82909652902321,2.38805833945057
2.83039516812112,2.38802688159687
2.83169427786419,2.38799538602568
2.83299385877512,2.38796385271735
2.83429391173346,2.38793228162565
2.83559443537989,2.38790067269233
2.83689543032776,2.38786902590125
2.83819689639756,2.38783734120491
2.83949883308658,2.38780561856572
2.84080124082356,2.38777385795432
2.84210411996523,2.38774205932432
2.84340747020451,2.38771022262755
2.84471128978526,2.38767834782872
2.84601558108369,2.3876464349238
2.84732034267792,2.38761448383207
2.84862557476732,2.3875824945344
2.84993127728864,2.38755046699065
2.85123745022426,2.38751840116201
2.85254409301177,2.38748629700896
2.85385120706151,2.38745415450276
2.85515879053399,2.38742197357705
2.85646684444617,2.3873897542237
2.85777536904695,2.38735749638796
2.85908436387593,2.38732520002184
2.86039382848365,2.38729286509285
2.86170376271584,2.38726049157111
2.86301416736676,2.38722807942127
2.86432504221486,2.38719562858779
2.86563638730788,2.38716313903185
2.86694820149011,2.38713061071225
2.86826048512996,2.38709804361167
2.86957323822417,2.38706543768636
2.87088646139025,2.38703279289517
2.87220015401462,2.38700010918479
2.87351431728383,2.3869673865246
2.87482894847958,2.38693462485159
2.87614404957224,2.3869018241761
2.87745961934716,2.38686898442664
2.87877565863518,2.38683610558144
2.88009216685685,2.38680318758615
2.88140914449708,2.38677023040915
2.88272659124506,2.38673723400127
2.88404450646476,2.38670419832629
2.8853628913752,2.38667112335703
2.88668174505341,2.38663800902997
2.88800106765661,2.38660485531873
2.88932085809662,2.38657166218157
2.89064111807414,2.38653842959952
2.89196184564018,2.38650515750047
2.89328304308435,2.38647184587746
2.89460470805198,2.38643849464838
2.89592684203215,2.38640510381276
2.89724944462944,2.38637167330604
2.89857251489783,2.3863382030906
2.89989605353303,2.38630469314517
2.90122006064323,2.38627114341754
2.90254453593876,2.38623755386191
2.90386947879206,2.38620392444184
2.90519488926285,2.38617025512961
2.90652076778274,2.38613654588485
2.9078471139533,2.38610279665709
2.90917392837693,2.38606900741119
2.91050121048283,2.38603517809402
2.91182896017856,2.38600130867346
2.91315717683834,2.38596739911131
2.91448586181277,2.38593344937934
2.91581501396013,2.38589945940991
2.91714463292322,2.38586542918006
2.91847471963829,2.38583135865868
2.9198052736066,2.38579724778612
2.92113629553982,2.38576309652739
2.92246778386823,2.38572890482668
2.92379973928192,2.38569467267212
2.92513216158351,2.38566040001256
2.92646505132486,2.38562608680818
2.92779840695577,2.38559173300546
2.92913222990068,2.38555733859253
2.930466519926,2.3855229035026
2.93180127668008,2.38548842769359
2.93313649908998,2.38545391113043
2.93447218827146,2.38541935379457
2.9358083433259,2.38538475562428
2.93714496512151,2.38535011659237
2.93848205295704,2.38531543664063
2.9398196070063,2.3852807157383
2.94115762797349,2.38524595384113
2.94249611437139,2.38521115089107
2.94383506698734,2.38517630687401
2.94517448556226,2.38514142173562
2.9465143691891,2.38510649543636
2.94785471909725,2.38507152795316
2.94919553432546,2.38503651922051
2.95053681500112,2.38500146921167
2.95187856175788,2.38496637788384
2.95322077407157,2.38493124518039
2.9545634513272,2.38489607106681
2.95590659411598,2.38486085551464
2.957250202345,2.38482559847067
2.95859427633517,2.38479029989174
2.95993881448152,2.38475495972761
2.9612838177032,2.38471957796805
2.9626292862059,2.38468415455603
2.96397521926488,2.38464868944111
2.96532161690155,2.3846131825941
2.96666847959514,2.3845776339736
2.96801580683424,2.38454204352609
2.96936359860759,2.38450641121712
2.9707118547998,2.38447073700492
2.97206057473561,2.38443502084862
2.9734097597747,2.38439926271958
2.97475940936895,2.38436346254737
2.97610952265284,2.38432762029507
2.97746010028487,2.3842917359388
2.97881114223697,2.38425580942405
2.98016264775046,2.38421984070548
2.98151461683636,2.38418382975531
2.98286705018307,2.38414777653222
2.98421994686945,2.38411168097765
2.98557330797225,2.38407554306483
2.98692713225961,2.38403936272931
2.98828141959247,2.38400313994997
2.98963617021299,2.38396687468986
2.99099138372634,2.38393056690073
2.99234706054628,2.38389421654614
2.99370320073867,2.38385782357412
2.99505980390139,2.38382138793737
2.99641687106406,2.3837849095997
2.99777440105168,2.3837483884955
2.99913239363422,2.3837118246021
3.00049084879989,2.38367521788398
3.00184976668368,2.38363856829843
3.00320914646211,2.38360187579815
3.00456898931534,2.38356514035608
3.005929294894,2.38352836190468
3.00729006209562,2.38349154040264
3.00865129232884,2.38345467583009
3.01001298444577,2.38341776811559
3.01137513840815,2.38338081723469
3.0127377540315,2.38334382314705
3.01410083192313,2.38330678581259
3.01546437138375,2.38326970517368
3.01682837202047,2.38323258119841
3.01819283577366,2.38319541385282
3.01955776034855,2.38315820305058
3.02092314665415,2.38312094878996
3.02228899494907,2.38308365101343
3.02365530347714,2.38304630966764
3.02502207310162,2.38300892474492
3.02638930368202,2.38297149618756
3.02775699549848,2.382934023951
3.0291251482784,2.38289650798363
3.03049376200942,2.38285894824491
3.03186283733074,2.38282134469044
3.03323237260111,2.38278369726046
3.03460236853335,2.38274600594355
3.03597282484982,2.38270827068429
3.03734374163445,2.3826704914414
3.03871511884516,2.38263266816802
3.04008695634736,2.38259480081907
3.04145925345846,2.38255688935184
3.04283201131839,2.38251893373641
3.04420522881757,2.38248093390401
3.04557890628586,2.38244288982952
3.04695304324504,2.38240480146327
3.04832764002279,2.38236666876934
3.04970269632878,2.38232849169605
3.05107821212803,2.38229027020278
3.05245418736413,2.38225200424515
3.05383062152297,2.3822136937785
3.05520751451591,2.38217533876853
3.05658486743968,2.38213693917313
3.05796267954598,2.38209849492173
3.05934095039435,2.38206000598047
3.06071968029809,2.38202147231523
3.06209886840047,2.38198289387463
3.06347851576342,2.38194427063079
3.0648586211814,2.38190560251627
3.06623918550969,2.38186688950816
3.06762020772306,2.38182813154458
3.06900168855066,2.38178932859948
3.07038362678545,2.3817504806132
3.07176602346828,2.38171158756425
3.07314887858119,2.38167264938654
3.07453219162133,2.38163366603003
3.0759159623586,2.38159463745876
3.07730019049672,2.38155556363305
3.07868487633049,2.38151644451408
3.08007001997259,2.38147728004947
3.0814556212617,2.38143807018853
3.08284167907001,2.38139881488716
3.08422819475266,2.38135951412481
3.08561516707668,2.38132016782778
3.08700259627591,2.38128077597248
3.08839048241418,2.38124133851053
3.08977882606336,2.38120185539288
3.09116762545567,2.38116232655852
3.09255688270266,2.38112275199858
3.0939465961061,2.38108313162353
3.09533676609908,2.38104346541762
3.09672739234174,2.381003753329
3.0981184746702,2.3809639953172
3.09951001257073,2.38092419133968
3.10090200746605,2.38088434136169
3.10229445758632,2.38084444530457
3.10368736359157,2.38080450315626
3.10508072473248,2.38076451486002
3.10647454156293,2.38072448038393
3.10786881443634,2.38068439966998
3.10926354290177,2.38064427266006
3.11065872639978,2.38060409931485
3.11205436496992,2.38056387960104
3.11345045859301,2.38052361347232
3.11484700760156,2.38048330088133
3.11624401096472,2.38044294177216
3.11764146883537,2.3804025361195
3.11903938163351,2.38036208387568
3.12043774930153,2.38032158498257
3.12183657109301,2.38028103939135
3.12323584759475,2.3802404470712
3.12463557795435,2.380199807963
3.12603576260127,2.3801591220365
3.12743640124576,2.38011838923633
3.12883749376124,2.38007760951953
3.13023903966663,2.38003678284152
3.13164103972195,2.37999590916584
3.1330434928762,2.3799549884279
3.13444639973435,2.37991402060111
3.13584975996313,2.3798730056263
3.13725357378303,2.37983194346068
3.13865784050293,2.37979083405119
3.14006256063392,2.37974967736467
3.14146773340249,2.37970847334281
3.14287335888578,2.37966722195339
3.14427943723406,2.37962592314861
3.14568596837738,2.37958457687599
3.14709295183824,2.37954318308743
3.1485003872394,2.37950174174541
3.14990827484126,2.37946025281193
3.15131661534488,2.37941871623352
3.15272540730392,2.37937713194318
3.15413465139133,2.37933549992318
3.1555443471333,2.37929382011369
3.15695449414158,2.37925209247477
3.15836509271509,2.3792103169681
3.15977614328746,2.37916849353896
3.16118764488125,2.37912662212631
3.16259959799833,2.37908470270211
3.16401200173817,2.37904273520847
3.16542485708492,2.37900071961605
3.16683816369409,2.3789586558549
3.16825192077657,2.3789165438799
3.16966612804851,2.37887438366123
3.17108078601766,2.37883217515964
3.1724958940837,2.37878991831477
3.17391145292192,2.3787476130894
3.1753274622695,2.37870525941934
3.17674392121889,2.37866285725835
3.17816083075668,2.37862040657923
3.17957818969341,2.37857790731187
3.1809959978929,2.37853535943156
3.18241425598093,2.37849276289609
3.18383296408706,2.37845011764132
3.18525212061748,2.37840742361117
3.18667172656947,2.37836468079343
3.18809178147825,2.37832188912015
3.18951228518848,2.37827904854911
3.19093323776731,2.37823615903518
3.19235463904767,2.37819322052714
3.19377648912635,2.37815023297842
3.19519878743099,2.37810719633672
3.19662153473133,2.37806411056525
3.19804473067045,2.37802097559675
3.19946837391742,2.37797779138627
3.2008924653702,2.37793455791706
3.20231700455723,2.37789127512227
3.20374199211707,2.37784794295978
3.20516742683585,2.37780456136439
3.20659330933743,2.3777611303127
3.20801963914267,2.37771764974322
3.20944641624339,2.3776741196149
3.21087364096094,2.37763053987868
3.21230131173028,2.37758691047575
3.2137294303033,2.37754323139263
3.21515799514577,2.37749950254118
3.21658700650245,2.37745572390174
3.21801646401974,2.37741189542269
3.21944636781772,2.37736801706145
3.22087671899143,2.37732408876525
3.22230751536441,2.37728011045486
3.22373875758061,2.37723608212838
3.22517044661402,2.37719200372718
3.2266025808709,2.37714787517386
3.22803516104096,2.37710369645217
3.22946818586825,2.37705946749956
3.23090165646856,2.37701518829402
3.23233557269546,2.37697085876106
3.23376993409974,2.3769264788484
3.23520474014574,2.37688204851547
3.23663999071581,2.37683756772598
3.23807568594882,2.37679303643388
3.23951182544566,2.37674845458474
3.24094840976859,2.37670382213625
3.24238543805283,2.37665913902383
3.24382291120618,2.37661440521507
3.2452608280392,2.37656962063831
3.24669918875441,2.37652478526809
3.24813799351587,2.37647989905188
3.24957724129058,2.37643496193318
3.25101693277078,2.37638997388526
3.25245706700384,2.37634493484277
3.25389764425916,2.37629984477529
3.25533866474867,2.37625470362752
3.25678012862446,2.37620951134103
3.25822203491932,2.37616426785827
3.25966438416917,2.37611897315055
3.26110717582527,2.37607362715587
3.26255041009884,2.37602822983393
3.26399408632609,2.37598278112886
3.26543820457879,2.37593728100439
3.26688276454346,2.37589172940892
3.26832776732061,2.37584612629792
3.26977321174238,2.37580047159159
3.27121909698469,2.37575476526223
3.27266542362521,2.3757090072828
3.27411219198069,2.3756631975901
3.27555940153875,2.375617336121
3.27700705146291,2.37557142283382
3.27845514284099,2.37552545769921
3.2799036749571,2.3754794406401
3.28135264746562,2.37543337161748
3.28280206050078,2.37538725058965
3.2842519133347,2.37534107750192
3.28570220563157,2.37529485231966
3.28715293880992,2.37524857500165
3.28860411187096,2.3752022454597
3.29005572433717,2.37515586365998
3.29150777657365,2.37510942956507
3.29296026759804,2.37506294311477
3.29441319853092,2.37501640427998
3.29586656817431,2.37496981298216
3.29732037758182,2.37492316919448
3.29877462611929,2.37487647284042
3.30022931288639,2.37482972387867
3.3016844382266,2.37478292228133
3.30314000146027,2.37473606799024
3.30459600380239,2.3746891609686
3.30605244320811,2.37464220113356
3.30750932053371,2.37459518847976
3.30896663618825,2.37454812293946
3.31042438896107,2.37450100444526
3.31188258024229,2.37445383297261
3.31334120825561,2.37440660843592
3.31480027341029,2.37435933082227
3.31625977561322,2.37431200007411
3.31771971443604,2.374264616139
3.31918009029646,2.37421717897432
3.32064090217732,2.37416968851671
3.32210215081427,2.37412214473717
3.32356383613375,2.37407454756628
3.32502595745362,2.37402689694875
3.3264885148467,2.37397919284804
3.32795150777853,2.37393143521089
3.32941493570936,2.37388362399719
3.33087880020935,2.37383575916933
3.33234309965323,2.37378784063372
3.33380783343677,2.37373986837195
3.33527300274771,2.37369184235209
3.33673860658558,2.37364376249161
3.33820464600986,2.3735956287574
3.33967111948434,2.37354744107004
3.3411380278063,2.37349919941134
3.34260537007139,2.37345090371156
3.34407314627704,2.37340255393726
3.34554135605643,2.37335415003738
3.34700999992312,2.3733056919674
3.34847907718472,2.37325717966021
3.34994858722792,2.3732086130771
3.35141853117684,2.3731599921824
3.35288890867514,2.37311131689397
3.35435971840396,2.37306258716115
3.35583096142239,2.37301380296516
3.35730263750815,2.37296496422849
3.3587747458912,2.37291607089766
3.36024728674546,2.37286712293839
3.36172025931812,2.37281812029427
3.36319366342212,2.37276906293
3.36466749965054,2.37271995079878
3.36614176798575,2.37267078383034
3.36761646793537,2.37262156196674
3.3690915992071,2.37257228516523
3.3705671613496,2.37252295338034
3.37204315465,2.37247356657044
3.37351957886534,2.37242412467436
3.3749964341748,2.37237462764184
3.37647371929473,2.37232507541299
3.37795143493916,2.37227546796629
3.37942958070193,2.37222580523238
3.38090815670363,2.37217608716385
3.38238716157518,2.37212631370284
3.38386659683,2.37207648483052
3.38534646160628,2.37202660045578
3.38682675601491,2.37197666053972
3.38830747901215,2.37192666502611
3.38978863191921,2.37187661388744
3.39127021357396,2.37182650703601
3.39275222310922,2.37177634444182
3.39423466137718,2.37172612607721
3.39571752859012,2.37167585186731
3.39720082362775,2.37162552174627
3.39868454658783,2.37157513568691
3.40016869724258,2.37152469363519
3.40165327529505,2.37147419554124
3.40313828068669,2.37142364135785
3.40462371367726,2.3713730310316
3.40610957325964,2.37132236449903
3.40759585989615,2.37127164173019
3.40908257351228,2.37122086266016
3.41056971400301,2.37117002723262
3.41205728033006,2.3711191353936
3.41354527309403,2.37106818711571
3.41503369164678,2.37101718233046
3.41652253666821,2.37096612099683
3.41801180725244,2.3709150030415
3.41950150316661,2.37086382842979
3.42099162393245,2.37081259711509
3.42248217054832,2.37076130905556
3.42397314235513,2.37070996416857
3.42546453774984,2.37065856241071
3.42695635815708,2.37060710377235
3.42844860318982,2.37055558816458
3.42994127222439,2.37050401553511
3.4314343658959,2.37045238584499
3.43292788341291,2.37040069902208
3.43315162825677,2.37034895502851
3.43337537310064,2.37033319338336
3.43449409731997,2.37032397730413
3.43616122728057,2.37029054928429
3.43783518795505,2.37023712431151
3.43950783131296,2.37017983061324
3.44116504397828,2.37012183046448
3.44280622474579,2.37006410043577
3.4444327680736,2.37000683613926
3.44604641414806,2.36995003440098
3.44764874574621,2.36989364592085
3.44924111376848,2.36983761735047
3.45082466549351,2.36978190108874
3.45240037710695,2.36972645628137
3.45396908754656,2.36967124809526
3.45553152131332,2.36961624663684
3.45708830982025,2.36956142611733
3.45864000990952,2.36950676410146
3.46018711158887,2.36945224084972
3.46173005053306,2.36939783898505
3.46326921448163,2.36934354308015
3.46480495087379,2.36928933940441
3.46633757179001,2.36923521566335
3.46786736057552,2.36918116081322
3.46939457134479,2.36912716484015
3.47091943507124,2.36907321873751
3.4724421630366,2.36901931432902
3.47396294636713,2.36896544413932
3.4754819605071,2.36891160138614
3.47699936671338,2.36885777985137
3.47851531156042,2.36880397381605
3.48002992990882,2.36875017806453
3.48154334666114,2.36869638780054
3.48305567614824,2.36864259858216
3.48456702372009,2.36858880632903
3.48458468744884,2.36853500727841
3.48460235117758,2.36852472060966
3.48462383730525,2.3685223373185
3.48473126794362,2.36852127807485
3.48526842113543,2.36851795376793
3.48697221339889,2.36850168892011
3.48868046800196,2.36844904338822
3.49043069056537,2.36838963377258
3.49228012248504,2.36832773794205
3.49427984173515,2.36826245614235
3.49654118350858,2.3681921243629
3.49901453120235,2.36811317043932
3.50148787889612,2.36802637972445
3.50358646407662,2.36793809527721
3.50550736986866,2.36786047108253
3.50731807952872,2.36778994827817
3.50906431900234,2.36772390919549
3.51076721531933,2.36766054048864
3.51243834265906,2.36759889504863
3.51408460877479,2.36753846258048
3.51571061522404,2.36747894866045
3.51731967342085,2.36742016550716
3.51891430295875,2.36736198240806
3.52049648893034,2.3673043021365
3.52139976551996,2.36724704914693
3.52139976551999,2.36720993648451
3.52297111618494,2.36720320509018
3.52747542333928,2.36715547010306
3.53198383572226,2.36701347289177
3.53651820333636,2.3668542562265
3.54108638507806,2.36669114779036
3.54566216689601,2.36652636023155
3.55023551781378,2.36636110747592
3.55480656406877,2.36619594742485
3.559375505899,2.36603102222548
3.56394270588105,2.36586640007431
3.5685087246645,2.36570213434557
3.57307435729527,2.36553827314695
3.57764066381659,2.36537485993153
3.58220901705019,2.36521193271415
3.58678115448917,2.36504952259951
3.59135925148073,2.36488765215294
3.5959460109339,2.36472633323555
3.60054478525187,2.36456556441291
3.60515974280354,2.36440532755666
3.60979609377393,2.36424558329822
3.61446041903269,2.36408626496784
3.61529754206083,2.36392726989789
3.61613466508897,2.36387537505907
3.6170545103088,2.36384283184467
3.61797435552863,2.36381152963185
3.61858390283948,2.36378049796044
3.61919345015032,2.36375810915613
3.62019402916233,2.36373729867881
3.62519692422238,2.36370605137316
3.63032218069598,2.36356367112701
3.63551515649896,2.36339930358713
3.64086294715374,2.36323077914631
3.64646310611871,2.36305921062166
3.65251644916528,2.36288254299818
3.65977252803896,2.36269569707787
3.66537561617738,2.36247977565455
3.6709787043158,2.36230308900167
3.67597683607514,2.36213614557014
3.68060055586807,2.36198787619702
3.68496303342426,2.36185382026084
3.68912814461292,2.36173015642587
3.69313435267652,2.36161446948858
3.69700720150943,2.36150525861945
3.70076503057149,2.36140152611564
3.70442176425628,2.3613025558751
3.70798840503607,2.36120780115581
3.71147390969063,2.36111682532251
3.71488573664692,2.36102926808959
3.71823020771369,2.36094482489198
3.72151276263569,2.36086323347233
3.72473813831784,2.36078426462011
3.72791050260563,2.36070771563029
3.73103355684524,2.36063340547499
3.7341106090906,2.36056117113066
3.73714464116317,2.36049086485347
3.73885342819675,2.36042235187529
3.73944323687113,2.36037904038719
3.74003304554551,2.36036074749531
3.74022192800948,2.36034685041557
3.74041081047344,2.36034100956228
3.74135522279328,2.36033657373645
3.74427979067889,2.36031872463652
3.74718133919567,2.36026293385035
3.75005810614002,2.36020129519885
3.75290561491101,2.36013952468093
3.75572439739426,2.36007868406242
3.75851579372188,2.36001891726263
3.76128121723008,2.35996019242691
3.76402202244512,2.35990244715843
3.76673948143232,2.35984561657757
3.7694347898024,2.35978963860235
3.77210907030546,2.35973445466922
3.77476337871555,2.35968000969483
3.77739871037969,2.35962625187228
3.78001600376362,2.35957313243559
3.78261614684209,2.35952060547612
3.78519997730178,2.35946862772714
3.78776828950979,2.35941715845147
3.79032183517332,2.35936615923966
3.79286132724627,2.35931559390192
3.79538744277004,2.35926542832654
3.79790082459549,2.35921563035404
3.80040208312486,2.35916616967564
3.80289179924386,2.35911701773863
3.80537052414793,2.35906814763635
3.80783878301967,2.35901953404871
3.81029707686479,2.358971153131
3.81274588133433,2.35892298242589
3.81518564994729,2.3588750008308
3.8176168142886,2.35882718850467
3.82003978601781,2.35877952681554
3.82245495732429,2.35873199826705
3.82486270065566,2.35868458644829
3.82726337186202,2.35863727600099
3.82965731011331,2.35859005253506
3.832044837732,2.35854290258927
3.83442626190539,2.35849581360236
3.83680187461225,2.35844877385617
3.83917195366857,2.3584017724444
3.84153676477091,2.35835479922825
3.84198542786504,2.3583078447741
3.84243409095917,2.35829265032362
3.84280468182963,2.35828274656802
3.84465763618196,2.35827500707543
3.84700052336356,2.35824312958506
3.84934253776817,2.35819890107514
3.85168332182827,2.35815246776094
3.85402085034857,2.35810557495861
3.85635492940581,2.35805855461649
3.85868565962638,2.35801146591748
3.8610131918615,2.35796431660741
3.86333768042342,2.35791710500961
3.86565927283506,2.35786982799118
3.86797810583176,2.35782248248522
3.87029430972142,2.35777506580613
3.87260800641487,2.35772757561627
3.87491930851645,2.3576800099419
3.87722832206758,2.35763236718032
3.87953514658822,2.35758464604276
3.88183987136101,2.35753684553331
3.88414258245183,2.3574889650002
3.88644335745225,2.35744100401263
3.88874226799637,2.35739296242247
3.89103938031439,2.35734484032224
3.89333475285862,2.35729663801986
3.89562844097329,2.35724835606859
3.89792049350995,2.35719999518214
3.9002109547159,2.35715155627303
3.9024998650464,2.35710304041901
3.90478725779425,2.35705444883637
3.90707316390433,2.35700578292982
3.90935760985967,2.3569570442091
3.91164061836315,2.35690823430734
3.91392220804821,2.3568593549669
3.91620239402323,2.35681040803747
3.91848118933224,2.35676139546148
3.92075860286963,2.35671231924094
3.92303464158929,2.3566631814658
3.92374489150014,2.35661398427487
3.92445514141098,2.35659325328949
3.92521281799368,2.35657711611684
3.92597049457639,2.35656085333651
3.92822718037292,2.3565445579068
3.93047579344002,2.35650096579073
3.9327327519739,2.35645288160393
3.93499049576381,2.35640380828039
3.93724785915097,2.35635447074257
3.93950457558407,2.3563050137207
3.94176056869372,2.35625546876427
3.94401579903576,2.35620584504356
3.94627023500926,2.35615614728318
3.94852384428489,2.35610637927952
3.95077659415682,2.35605654464281
3.95302845090642,2.35600664691244
3.95527938161151,2.35595668958691
3.95752935287872,2.35590667609393
3.95977832944104,2.35585660980848
3.96202627697566,2.3558064940817
3.96427316059614,2.35575633219222
3.96651894678398,2.35570612736628
3.9687636016684,2.35565588274431
3.97100708977044,2.35560560140801
3.97324937934292,2.35555528640881
3.97549043639859,2.3555049406713
3.97773022887007,2.3554545670912
3.97996872529646,2.35540416847269
3.98220589399169,2.3553537475436
3.98444170490903,2.35530330697438
3.98667612790491,2.35525284934618
3.98890913370381,2.35520237717959
3.99114069530839,2.35515189292157
3.99337078562952,2.35510139891708
3.99559937878104,2.35505089745072
3.99782644858947,2.3550003907296
4.00005197183844,2.35494988091011
4.00069378435825,2.35489937004079
4.00133559687807,2.35487928826713
4.00155656744936,2.35486396815479
4.00171421865542,2.35485740349098
4.00187186986147,2.35485339814351
4.00207808633669,2.35484978852687
4.0031091687128,2.35484531747989
4.00529908084688,2.35482501118705
4.00748931320819,2.35477994686656
4.0096895217023,2.3547308064066
4.0118908663629,2.35468076261258
4.01409194696138,2.35463050355361
4.01629240738526,2.35458017004427
4.0184921310846,2.35452979381864
4.02069104929226,2.35447938420235
4.02288910688643,2.35442894588802
4.02508624968999,2.35437848248034
4.02728242800891,2.35432799731954
4.02947759461522,2.35427749354757
4.03167170429005,2.35422697416035
4.03386471266754,2.35417644202721
4.03605657808197,2.35412589991887
4.03824726151637,2.35407535047784
4.04043672565923,2.35402479621668
4.04262493413345,2.35397423953826
4.04481185417517,2.35392368275625
4.04699745288699,2.35387312804763
4.0491817012146,2.35382257752081
4.05136457057655,2.35377203315002
4.05354603473132,2.35372149683315
4.05572606729817,2.35367097036594
4.05790464678458,2.35362045548858
4.06008175044449,2.35356995379554
4.06225735790588,2.35351946684418
4.06443145028806,2.353468996102
4.0666040110996,2.35341854295724
4.06877502300986,2.35336810870425
4.07094447248137,2.35331769460665
4.07311234511304,2.35326730181692
4.07527862964686,2.35321693145732
4.07744331285896,2.35316658455459
4.07785937122738,2.35311626213224
4.07818023456467,2.35310053635747
4.07850109790195,2.35309190595957
4.08010541458835,2.35308434431549
4.08222786492104,2.35305176239453
4.08435935739019,2.35300498263794
4.08649741928113,2.35295574289495
4.08863629895812,2.35290595031849
4.09077500787444,2.35285602282234
4.09291327715166,2.35280604788595
4.09505100245754,2.3527560463324
4.09718811418882,2.35270602509223
4.09932455389603,2.35265598813279
4.10146026778893,2.35260593865772
4.10359520592096,2.35255587958705
4.10572931928802,2.35250581365235
4.10786256273025,2.35245574347297
4.10999489296049,2.35240567151281
4.11212627123167,2.35235560011587
4.1142566606947,2.35230553146106
4.1163860244154,2.35225546761083
4.11851433024568,2.35220541056128
4.12064154945606,2.35215536215441
4.1227676514369,2.35210532409424
4.12489261021684,2.35205529805839
4.12701640245802,2.35200528558626
4.1291390049147,2.35195528810406
4.13126039652499,2.35190530698201
4.13338055652455,2.35185534350285
4.13549946887018,2.35180539889693
4.13761711719944,2.35175547425996
4.13973348585774,2.35170557064374
4.14184856189141,2.35165568905103
4.14396233366539,2.351605830396
4.1460747895228,2.35155599552743
4.14818591892599,2.35150618526075
4.15029571265808,2.35145640036125
4.15240416471225,2.35140664153857
4.15451126853914,2.35135690940877
4.15661701726066,2.35130720456554
4.15872140540145,2.35125752758794
4.16082442916141,2.35120787900746
4.16292608519793,2.35115825929837
4.16502637059483,2.35110866890179
4.16712528325655,2.35105910823088
4.1692228213145,2.35100957766441
4.17131898425884,2.35096007755857
4.17341377203066,2.35091060822656
4.17550718548189,2.35086116995451
4.17759922428171,2.35081176299523
4.17968988981091,2.35076238761036
4.18177918361728,2.35071304401864
4.18386710709258,2.35066373241982
4.18595366321682,2.35061445300548
4.18803885457371,2.35056520592566
4.19012268519948,2.35051599132454
4.19220515755144,2.35046680930879
4.19428627597787,2.35041766000468
4.19636604167231,2.3503685434967
4.19844446274473,2.35031945992103
4.20052154110705,2.35027040927553
4.2025972813735,2.3502213916576
4.2046716892262,2.35017240711981
4.20674476816838,2.3501234556814
4.20881652484181,2.35007453739633
4.21088696384635,2.35002565225575
4.21295609049933,2.34997680027878
4.21502391030341,2.34992798147035
4.2170904292883,2.3498791958259
4.21915565357936,2.34983044332525
4.22121958876311,2.34978172394075
4.2232822391494,2.34973303765147
4.22534361171752,2.34968438446062
4.22740371309911,2.34963576431794
4.22946254894738,2.34958717716964
4.23152012560468,2.34953862297884
4.23185570513182,2.34949010169483
4.23219128465896,2.34947648147382
4.23259311694354,2.34946783892775
4.23459053392438,2.34945857719528
4.23658044234483,2.34941709890073
4.238588301631,2.34937088251134
4.24060018589966,2.34932353865874
4.24261415321822,2.34927589634141
4.244629635278,2.3492281226969
4.24664640870376,2.3491802573347
4.24866432403845,2.34913231352089
4.25068325124754,2.34908429890466
4.25270306934806,2.34903621974867
4.25472366179614,2.3489880817824
4.25674492159869,2.34893989043165
4.25876674531924,2.34889165075407
4.26078903716235,2.34884336755946
4.26281170365008,2.34879504534969
4.26483465945362,2.34874668842555
4.26685782309464,2.34869830078801
4.26888111673751,2.34864988621782
4.27090446871326,2.34860144829697
4.27292781249809,2.34855299036474
4.27495108462856,2.34850451553708
4.27697422438804,2.34845602675736
4.2789971770202,2.34840752681478
4.28101989095536,2.34835901828468
4.28304231687827,2.34831050358121
4.28506440986987,2.3482619849882
4.2870861278417,2.34821346462296
4.28910743141577,2.34816494446674
4.29112828402906,2.348116426375
4.29314865345463,2.34806791207976
4.29516850501774,2.34801940316126
4.29718781278076,2.34797090118744
4.29920654867255,2.34792240750457
4.30122468749246,2.34787392343484
4.30324220697028,2.34782545020365
4.30525908543959,2.34777698892982
4.30727530407674,2.34772854067454
4.30929084604947,2.34768010640387
4.3113056933882,2.34763168700276
4.31331983347928,2.34758328334385
4.31533324997762,2.34753489616399
4.31734593234741,2.34748652623679
4.31935786893346,2.34743817420061
4.32136904971569,2.34738984067894
4.32337946455598,2.34734152624189
4.32538910729895,2.34729323143821
4.32739796927358,2.34724495671553
4.32940604438813,2.3471967025452
4.33141332707685,2.3471484693352
4.33341981222479,2.34710025746112
4.33542549654228,2.34705206727306
4.33743037457045,2.34700389906873
4.33943444472247,2.34695575317354
4.34143770354738,2.34690762982692
4.34344014885878,2.34685952928605
4.34544177931173,2.34681145177626
4.34744259448144,2.34676339749317
4.34944259221985,2.3467153666019
4.35144177271667,2.34666735929255
4.35344013518651,2.34661937570393
4.35543768109191,2.34657141598208
4.35743441074806,2.34652348022188
4.35943032458586,2.34647556852978
4.36142542368103,2.34642768100686
4.36341970896373,2.34637981773563
4.36541318251016,2.34633197879492
4.36740584676139,2.34628416423537
4.36939770210571,2.34623637409244
4.37138875116354,2.34618860843889
4.3733789960958,2.34614086730328
4.37536843904639,2.34609315071448
4.37735708375548,2.34604545869911
4.37934493202035,2.34599779124768
4.38133198569055,2.3459501483837
4.38331824898417,2.34590253013215
4.38530372407351,2.34585493646677
4.38728841398902,2.34580736739471
4.38927232254412,2.34575982290825
4.39125545258783,2.34571230297953
4.39151937296586,2.34566480759639
4.39178329334389,2.34565301276802
4.39310289523403,2.345646025738
4.39504140176753,2.34561797608364
4.39698943944013,2.34557411627808
4.39894762355653,2.345527780497
4.40090799561651,2.34548086009804
4.40286935565547,2.34543379298535
4.40483135272384,2.34538666831242
4.40679385294689,2.34533950761898
4.40875676700593,2.34529231816259
4.4107200174729,2.345245104141
4.41268353521486,2.34519786898143
4.41464725630206,2.3451506157473
4.41661112073232,2.34510334726603
4.41857507068816,2.34505606617879
4.42053905469425,2.34500877498868
4.42250302544445,2.34496147598451
4.42446693694241,2.34491417127973
4.42643074845438,2.34486686288172
4.42839441909067,2.3448195526222
4.43035791416425,2.34477224226453
4.43232120061855,2.34472493338842
4.4342842471097,2.34467762747267
4.43624702498883,2.34463032590797
4.43820950898846,2.34458302998054
4.44017167319225,2.34453574085791
4.44213349658094,2.34448845967387
4.44409495754492,2.34444118742595
4.44605603881159,2.34439392507839
4.44801672115651,2.34434667347482
4.44997699032973,2.34429943346003
4.45193683032226,2.34425220575296
4.45389622967254,2.34420499107202
4.45585517361938,2.34415779002144
4.45781365298814,2.34411060324167
4.45977165780235,2.34406343124476
4.46172917921287,2.34401627452687
4.46368620853673,2.34396913354443
4.46564273850499,2.34392200873205
4.46759876127999,2.34387490047967
4.46955427420565,2.34382780917192
4.47150926947283,2.34378073507342
4.47346374341249,2.34373367853101
4.47541769068392,2.34368663980704
4.4773711094939,2.34363961917904
4.47932399560109,2.34359261684445
4.4812763466897,2.34354563303399
4.48322816009991,2.34349866793597
4.48517943533049,2.34345172173394
4.48713016931731,2.34340479455975
4.489080361501,2.34335788658675
4.49103001138012,2.3433109979365
4.49297911836941,2.34326412871763
4.49492768253757,2.34321727903459
4.4968757033245,2.3431704489736
4.49882318026181,2.343123638628
4.50077011355238,2.3430768480868
4.50271650534266,2.3430300774212
4.50466235553598,2.34298332665617
4.50660766515662,2.34293659585482
4.5085524347872,2.34288988505948
4.5104966658808,2.34284319431656
4.51244036014399,2.34279652365261
4.51438351811527,2.3427498730841
4.51632614179845,2.34270324264887
4.51826823185958,2.34265663235513
4.52020979175736,2.34261004223356
4.52215082147763,2.34256347225773
4.52409132359171,2.34251692246502
4.52603130032582,2.34247039284591
4.52797075349456,2.34242388339053
4.52990968507927,2.3423773940965
4.53184809792117,2.34233092495796
4.53378599314874,2.34228447594952
4.5357233722681,2.34223804707822
4.53766023853029,2.34219163834677
4.53959659371386,2.34214524971982
4.5415324408448,2.34209888118708
4.54346778091661,2.34205253271477
4.54540261797153,2.34200620430799
4.54733695262985,2.34195989591253
4.54927078842874,2.3419136075374
4.55120412753312,2.34186733913846
4.5531369721557,2.34182109069268
4.5550693239351,2.34177486217845
4.55700118562366,2.34172865358597
4.55758648252319,2.34168246488328
4.55797405568504,2.34166444425792
4.5583616288469,2.34165415311258
4.56025545522198,2.34164485024856
4.56214113230319,2.34160440678492
4.56404718009454,2.3415598915797
4.56595684190758,2.34151437869959
4.56786813062535,2.34146863890883
4.56978046131281,2.3414228201748
4.57169364641124,2.34137695640737
4.57360757806975,2.34133105758208
4.57552216830411,2.34128512865222
4.57743733894125,2.34123917337843
4.5793530182839,2.34119319506547
4.58126913874402,2.3411471967381
4.58318563678106,2.34110118122044
4.58510245562193,2.34105515115316
4.58701953985372,2.34100910894332
4.5889368423548,2.34096305687635
4.59085431429185,2.34091699698915
4.59277191419572,2.34087093126824
4.59468960045347,2.34082486148856
4.5966073375844,2.34077878935387
4.59852509150672,2.34073271638633
4.60044283253471,2.34068664401482
4.60236053081339,2.34064057352627
4.60427815888982,2.34059450615833
4.60619569259663,2.34054844305988
4.60811311034468,2.34050238526942
4.61003039153223,2.34045633372924
4.61194751703927,2.340410289323
4.61386446944456,2.34036425287215
4.61578123177767,2.34031822513254
4.61769778954962,2.34027220682198
4.61961413075604,2.34022619858244
4.62153024186864,2.34018020097639
4.62344611327855,2.34013421457227
4.62536173364484,2.34008823984204
4.62727709307268,2.34004227726802
4.62919218557757,2.339996327291
4.6311070016249,2.33995039025222
4.63302153588218,2.33990446654411
4.63493578061839,2.3398585564674
4.63684973056848,2.33981266035229
4.63876338200389,2.33976677847244
4.64067672928994,2.33972091105389
4.64258976941975,2.33967505834952
4.64319850552145,2.3396292205537
4.64380724162315,2.33961083339373
4.64402842212273,2.33959589921347
4.64424960262231,2.3395894657093
4.64445897372519,2.33958408549763
4.64550582923956,2.33957908016679
4.64737561304419,2.33955669196548
4.64925244975442,2.33951478722666
4.6511429641405,2.33947013726838
4.65303636420388,2.33942481970665
4.65493123401155,2.33937933924268
4.65682714878437,2.33933379413443
4.65872395298777,2.33928820782155
4.66062154611463,2.33924258804796
4.66251984410678,2.33919693922034
4.66441877106812,2.33915126486493
4.66631825570659,2.33910556813376
4.66821823373026,2.33905985195297
4.67011864258421,2.33901411899695
4.67201942756867,2.33896837180194
4.67392053580654,2.3389226126559
4.67582191970853,2.33887684371676
4.67772353415237,2.33883106695856
4.67962533705165,2.3387852842283
4.68152729172195,2.33873949724503
4.68342936269602,2.33869370755291
4.68533151861301,2.3386479166072
4.68723372811122,2.33860212572715
4.68913596407269,2.33855633617987
4.69103820043426,2.33851054910367
4.6929404152424,2.33846476556823
4.69484258643121,2.33841898651975
4.69674469478022,2.33837321286563
4.69864672138275,2.33832744542454
4.70054865094035,2.3382816849755
4.70245046753726,2.33823593219587
4.70435215785466,2.33819018774467
4.70625370808194,2.33814445220646
4.7081551081327,2.33809872615099
4.7100563471685,2.33805301005263
4.71195741562232,2.33800730437604
4.71385830437528,2.33796160954542
4.71575900473071,2.33791592595891
4.71765951168057,2.33787025399187
4.71955981632035,2.33782459392877
4.72145991439035,2.33777894611624
4.72335980055572,2.33773331080211
4.7252594700289,2.33768768823678
4.72715891767788,2.3376420786524
4.72905814101104,2.33759648227969
4.73095713554658,2.33755089928723
4.73285589814536,2.33750532987239
4.73475442685611,2.33745977420272
4.73665271890602,2.33741423241211
4.73855077269146,2.3373687046433
4.74044858645586,2.33732319101142
4.74234615863988,2.3372776916277
4.74424348776579,2.33723220659532
4.74614057307512,2.33718673601165
4.74803741364774,2.33714127995521
4.7499340093461,2.33709583850292
4.75183035932602,2.3370504117125
4.7537264625269,2.33700499965198
4.75562232112837,2.33695960239323
4.75751793153615,2.33691421993808
4.75941329729435,2.3368688524
4.7613084161826,2.33682349975388
4.76320328956894,2.33677816207755
4.7650979179406,2.3367328393846
4.76699230129736,2.33668753169784
4.76888644043586,2.33664223905042
4.77078033554253,2.33659696145885
4.7726739877727,2.33655169894944
4.77456739838086,2.33650645152837
4.77646056692853,2.33646121919627
4.77835349520481,2.33641600198817
4.78024618381713,2.33637079989558
4.78213863399939,2.33632561292883
4.78403084586361,2.3362804410868
4.78592282087287,2.33623528439005
4.78781455925269,2.33619014283279
4.78970606271706,2.3361450164316
4.79159733359713,2.33609990517393
4.79348837174693,2.33605480903013
4.79537917860333,2.33600972802036
4.79726975534134,2.33596466213728
4.79916010331345,2.33591961137527
4.80105022298572,2.33587457572487
4.80294011673808,2.33582955519458
4.8048297853543,2.3357845497545
4.80671922860391,2.33573955940332
4.80860844905369,2.33569458416455
4.81049744757961,2.33564962400553
4.81238622637211,2.33560467892203
4.8142747848373,2.33555974888548
4.81616312503528,2.33551483392285
4.81805124923129,2.3354699340119
4.8199391581097,2.33542504911975
4.82182685337539,2.33538017924541
4.82248951230794,2.33533532437024
4.82315217124049,2.3353162296957
4.82337542629425,2.335300216166
4.82359868134801,2.33529371267799
4.823810783425,2.33528832648989
4.82487129380996,2.3352833021071
4.82671535025755,2.33526067764293
4.82856736790533,2.33521946188589
4.83043325089676,2.33517572811362
4.83230210194543,2.33513137221845
4.83417255460927,2.33508686446037
4.83604418623653,2.33504229435275
4.83791684057745,2.3349976834888
4.8397904143083,2.33495303918487
4.84166482159723,2.33490836574555
4.84353998355669,2.3348636666355
4.84541582797436,2.33481894498219
4.84729228716919,2.33477420365079
4.84916929977649,2.33472944530486
4.85104680993115,2.33468467238153
4.8529247645971,2.33463988711077
4.85480311286794,2.33459509157914
4.85668181065968,2.33455028775695
4.85856081757758,2.3345054774062
4.86044009411721,2.33446066213939
4.86231960602168,2.33441584348965
4.86419932158226,2.3343710228304
4.86607921034093,2.33432620142559
4.86795924521557,2.33428138046625
4.86983940164531,2.33423656103255
4.87171965623816,2.33419174410963
4.87359998834899,2.33414693062043
4.87548037846667,2.33410212139834
4.8773608092841,2.33405731721991
4.87924126334796,2.33401251878795
4.88112172642669,2.33396772678085
4.88300218538056,2.33392294178876
4.88488262887784,2.33387816435226
4.88676304380103,2.33383339495321
4.88864342050375,2.33378863409087
4.89052375004335,2.33374388218105
4.89240402381199,2.33369913960323
4.89428423275382,2.3336544067151
4.89616437152333,2.33360968387179
4.89804443287645,2.33356497134091
4.89992441133085,2.33352026941155
4.9018043017208,2.3334755783309
4.90368409960885,2.33343089832762
4.90556379998571,2.3333862296065
4.90744340030771,2.33334157237589
4.90932289672949,2.33329692678723
4.9112022857982,2.33325229300773
4.91308156515426,2.3332076711939
4.91496073078939,2.33316306147377
4.9168397825057,2.33311846400304
4.91871871842655,2.33307387885687
4.92059753657364,2.33302930613294
4.922476234575,2.332984745931
4.92435481241175,2.33294019835673
4.92623326839347,2.33289566346442
4.92811160240877,2.33285114133515
4.92998981265394,2.33280663201795
4.93186789970963,2.33276213559175
4.93374586270508,2.33271765208712
4.935623701445,2.33267318155778
4.93750141562521,2.33262872404458
4.93937900432902,2.33258427958777
4.94125646869871,2.33253984823922
4.94313380911104,2.33249543000766
4.94501102432378,2.33245102491172
4.94688811599574,2.3324066330044
4.94876508239545,2.33236225428086
4.95064192574901,2.33231788879989
4.9525186447543,2.33227353654386
4.95439524251684,2.33222919755952
4.95627171665451,2.33218487180799
4.95814806900649,2.33214055935502
4.96002430075911,2.33209626018958
4.96190041171429,2.33205197430465
4.96377640305608,2.33200770172239
4.96565227537381,2.33196344243897
4.96752802925069,2.33191919645959
4.9694036643319,2.3318749637903
4.97127918183,2.33183074445668
4.97315458383638,2.33178653845336
4.97502986878468,2.3317423457525
4.97690503917318,2.33169816640024
4.97878009557091,2.3316540003659
4.98065503851765,2.33160984764993
4.98252986802011,2.33156570825693
4.9844045861218,2.33152158220303
4.98627919437095,2.33147746946274
4.98815369132856,2.33143337001588
4.99002807885842,2.33138928390547
4.99190235855796,2.33134521111262
4.99377652933683,2.33130115161648
4.99565059391325,2.33125710545227
4.99752455295031,2.33121307258188
4.99939840593793,2.33116905300146
5.00127215516738,2.33112504673576
5.00314580138724,2.33108105375412
5.00501934600056,2.33103707405152
5.00689278838481,2.33099310761223
5.00876612980088,2.33094915446161
5.01063937136017,2.33090521459038
5.01251251394147,2.33086128798819
5.01292083498733,2.33081737464937
5.01332915603318,2.3308040406332
5.01367678544061,2.33079414115955
5.01541493247776,2.33078587807192
5.01724180980196,2.33074898399622
5.01908952760269,2.3307068090572
5.02094251456587,2.33066355319872
5.02279771707448,2.33062004653934
5.02465442702809,2.33057645405599
5.02651241761972,2.33053281185637
5.02837156080275,2.33048913041927
5.03023175498835,2.33044541497653
5.03209291067667,2.33040166947546
5.03395494381974,2.33035789736162
5.03581777866938,2.33031410181903
5.03768134428203,2.33027028574549
5.03954557437049,2.33022645182939
5.04141040964306,2.33018260256772
5.04327579480511,2.33013874022435
5.04514167961469,2.33009486689316
5.04700801590984,2.33005098448796
5.04887476069896,2.33000709480808
5.05074187547716,2.32996319948507
5.05260932298351,2.32991929999449
5.05447706994757,2.32987539772888
5.05634508670781,2.32983149395174
5.05821334497787,2.32978758980301
5.0600818186448,2.32974368634935
5.06195048442282,2.32969978457578
5.06381932041619,2.32965588537313
5.06568830732116,2.3296119895689
5.06755742745662,2.32956809790751
5.06942666368329,2.32952421107018
5.07129600164299,2.32948032970151
5.07316542686995,2.3294364543671
5.07503492752588,2.32939258561061
5.07690449186224,2.32934872390423
5.07877410996427,2.32930486969736
5.0806437725612,2.32926102338674
5.08251347120633,2.3292171853389
5.08438319705951,2.32917335588989
5.08625294299176,2.32912953537165
5.08812270436068,2.3290857240716
5.0899924739603,2.32904192221238
5.09186224690538,2.32899813005609
5.0937320178787,2.32895434781457
5.09560178403391,2.32891057569711
5.09747154021248,2.32886681385574
5.09934128194968,2.32882306247951
5.10121100744556,2.32877932174288
5.10308071486033,2.32873559175875
5.10495039974418,2.32869187263004
5.10682006075052,2.32864816450987
5.10868969613232,2.32860446748915
5.11055930375735,2.32856078165709
5.11242888216119,2.32851710710825
5.1142984312928,2.32847344392148
5.11616794786849,2.32842979214207
5.11803743160112,2.32838615187713
5.11990688243019,2.3283425231764
5.12177629845879,2.32829890607659
5.12364567958145,2.32825530064983
5.12551502477018,2.32821170693348
5.12738433540147,2.32816812497891
5.12925360946775,2.32812455478769
5.13112284765797,2.32808099642533
5.13299204906275,2.32803744990739
5.13486121483594,2.32799391527618
5.13673034306083,2.32795039253319
5.13859943557777,2.32790688173856
5.1404684918494,2.32786338288008
5.14233751052348,2.32781989598621
5.14420649433738,2.32777642110655
5.14607544165836,2.32773295820721
5.14794435371036,2.32768950733543
5.14981323098374,2.32764606848777
5.15168207318331,2.32760264166982
5.15355088145323,2.32755922690426
5.15541965631857,2.32751582418537
5.15728839764816,2.32747243351676
5.15915710502612,2.32742905491654
5.16102577912469,2.3273856884101
5.16289442179607,2.32734233400074
5.16476303296021,2.32729899166447
5.16663161319847,2.32725566141418
5.16850016292092,2.32721234325308
5.17036868201844,2.32716903718661
5.17223717136452,2.32712574323115
5.17410563178325,2.32708246138371
5.1759740645057,2.32703919163997
5.17784246923644,2.3269959339869
5.17971084636671,2.32695268844209
5.18157919663828,2.32690945501226
5.18344752093784,2.32686623369547
5.185315820385,2.32682302448571
5.18718409404926,2.32677982737159
5.18905234455569,2.3267366423836
5.19092057041465,2.3266934694831
5.19278877452785,2.32665030870894
5.19465695536661,2.32660716001758
5.19652511489238,2.32656402344798
5.19839325302916,2.32652089897601
5.20026136969294,2.3264777866126
5.20212946657358,2.32643468637276
5.20399754540302,2.32639159823511
5.20586560460376,2.32634852217328
5.20773364492728,2.32630545822887
5.209601667856,2.32626240640288
5.21146967457577,2.32621936667651
5.2133376647633,2.32617633903485
5.21377572592016,2.32613332349467
5.21421378707702,2.32611981807758
5.21462550015613,2.32610946307081
5.21645588138164,2.32609997978821
5.21827736011667,2.32606150329278
5.22012175156686,2.32601990229032
5.221970107305,2.3259774595957
5.22382066657669,2.32593482945875
5.22567281186946,2.32589212443945
5.2275263422675,2.32584937166011
5.22938113118863,2.32580657975756
5.23123707144111,2.3257637536115
5.2330940670647,2.32572089716818
5.2349520304956,2.32567801393869
5.23681088302595,2.32563510712191
5.23867054800138,2.32559217961602
5.24053095891072,2.32554923416757
5.24239205284024,2.32550627322626
5.24425377208417,2.3254632990702
5.24611606277946,2.32542031379167
5.24797887754382,2.32537731932877
5.24984217197925,2.32533431741846
5.25170590497185,2.32529130966813
5.25357003926,2.32524829756111
5.25543454155936,2.32520528244898
5.25729938000088,2.32516226555128
5.25916452586033,2.32511924801165
5.26102995234388,2.32507623087087
5.26289563868932,2.32503321509153
5.26476155966653,2.32499020147795
5.26662769691478,2.32494719088726
5.26849403270862,2.32490418401958
5.27036055052861,2.3248611815257
5.27222723362814,2.3248181840089
5.27409406996287,2.32477519205632
5.27596104806645,2.32473220614159
5.27782815493822,2.32468922670071
5.27969537875331,2.3246462541855
5.28156271309678,2.32460328901432
5.28343014900449,2.32456033147977
5.28529767766663,2.32451738190429
5.28716529200512,2.32447444060221
5.28903298637576,2.32443150784357
5.29090075409751,2.32438858385691
5.29276859123355,2.32434566888133
5.29463649250778,2.32430276309463
5.29650445192239,2.32425986669028
5.29837246793471,2.32421697987365
5.30024053708745,2.32417410275491
5.30210865520049,2.3241312354693
5.30397681903835,2.32408837816623
5.30584502815654,2.32404553097378
5.30771327764646,2.32400269395697
5.30958156751616,2.32395986726339
5.31144989600315,2.3239170509456
5.31331826022896,2.32387424508
5.31518666019192,2.32383144976656
5.31705509364844,2.32378866504655
5.31892356057158,2.3237458909993
5.32079205800463,2.32370312766101
5.32266058673157,2.32366037512212
5.32452914432038,2.32361763340055
5.32639773286712,2.32357490257134
5.32826635075926,2.32353218262133
5.33013499815883,2.32348947360318
5.33200367319735,2.32344677553926
5.33387237576251,2.32340408848965
5.33574110696072,2.32336141248159
5.33760986553448,2.32331874751289
5.33947865332798,2.3232760936262
5.34134746792252,2.32323345080465
5.34321631042208,2.3231908191121
5.34508518076374,2.32314819854822
5.34695407883451,2.32310558912924
5.3488230051452,2.32306299087381
5.35069195977298,2.32302040378766
5.35256094132679,2.32297782788368
5.35442995346323,2.32293526320541
5.35629899510691,2.32289270969573
5.35816806573437,2.32285016738348
5.36003716464601,2.32280763629539
5.36190629397818,2.32276511646128
5.36377545366593,2.32272260785289
5.36564464395546,2.32268011048061
5.367513864694,2.32263762435254
5.36938311721491,2.32259514948455
5.37125240047867,2.32255268586273
5.37312171653237,2.32251023351845
5.3749910646212,2.32246779242461
5.37686044392119,2.32242536260509
5.3787298582482,2.3223829440906
5.38059930563247,2.32234053681745
5.38246878864256,2.32229814083013
5.38433830389946,2.32225575609187
5.38620785588328,2.3222133826788
5.38807744180147,2.32217102051832
5.3899470640962,2.32212866967048
5.39181672129266,2.32208633010253
5.39368641603888,2.32204400185177
5.39555614860089,2.32200168487867
5.39742591771406,2.32195937918409
5.39929572475681,2.32191708480453
5.40116556910658,2.32187480172624
5.40303545207334,2.32183252997087
5.40490537576055,2.32179026952439
5.40677533942468,2.32174802035269
5.40864534222687,2.32170578247763
5.41051538686614,2.32166355592902
5.41238546950426,2.32162134066527
5.41425559553711,2.32157913677044
5.41612576314267,2.32153694415374
5.41799597336836,2.3214947628527
5.41986622722167,2.32145259286023
5.42173652252282,2.32141043416516
5.42360686248585,2.32136828682087
5.42547724757484,2.32132615077769
5.42734767697085,2.32128402603093
5.42921815126879,2.32124191260683
5.43108866985239,2.32119981050617
5.43295923597941,2.32115771975159
5.43482984828013,2.32111564028922
5.43670050720332,2.32107357215113
5.43857121332842,2.32103151534164
5.44044196805467,2.32098946985938
5.4423127708361,2.3209474356857
5.4441836228053,2.32090541283962
5.44605452306712,2.3208634013101
5.44792547360757,2.32082140112404
5.4497964733054,2.32077941225386
5.45166752476212,2.32073743472923
5.45353862690538,2.32069546851037
5.45540978020705,2.32065351362464
5.45728098643173,2.32061157007521
5.45915224410226,2.32056963783646
5.46102355383904,2.32052771694539
5.46289491896106,2.32048580740316
5.46476633575028,2.32044390915239
5.46663780751818,2.32040202227206
5.46850933313271,2.32036014671325
5.47038091407155,2.32031828250338
5.47225255048846,2.32027642962519
5.47412424163232,2.32023458808342
5.47599598950007,2.32019275790345
5.47786779392836,2.32015093905727
5.4797396556626,2.32010913155483
5.48161157563901,2.3200673353918
5.48348355456556,2.32002555055841
5.48535559158663,2.31998377704898
5.48722768715831,2.31994201488983
5.48909984137312,2.31990026408415
5.49097205479542,2.31985852463998
5.49284432791692,2.31981679655634
5.49471666268565,2.31977507983273
5.49658905888351,2.31973337443934
5.49846151608003,2.31969168038696
5.50033403368365,2.31964999769497
5.50220661567609,2.31960832638686
5.5040792594536,2.31956666639432
5.50595196688722,2.31952501777211
5.5078247384302,2.31948338049782
5.50969757264084,2.31944175456942
5.5115704705874,2.31940014002519
5.51344343418128,2.31935853685709
5.51531646339336,2.3193169450352
5.51718955707582,2.31927536456639
5.51906271852816,2.31923379548388
5.52093594488244,2.31919223773422
5.52280923759363,2.31915069137882
5.52468259926809,2.31910915640428
5.52655602740076,2.31906763276613
5.52842952384606,2.31902612051941
5.5303030896778,2.31898461964198
5.53217672493748,2.31894313011928
5.53405042814636,2.31890165195828
5.53592420165885,2.3188601851987
5.53779804484213,2.31881872980676
5.53967195827239,2.31877728580086
5.54154594274492,2.31873585318064
5.54341999910924,2.31869443193937
5.54529412677918,2.31865302206856
5.54716832778162,2.31861162358831
5.5490426016979,2.31857023646933
5.55091694860232,2.31852886072619
5.55279136815168,2.31848749636814
5.55466586235565,2.31844614341221
5.55654042945361,2.31840480182911
5.55841507100145,2.31836347166018
5.56028978784696,2.31832215288776
5.56216457986326,2.31828084550217
5.56403944907328,2.31823954951407
5.56591439372667,2.31819826489327
5.56778941433457,2.31815699168072
5.56966451285577,2.31811572987958
5.57153968798173,2.31807447946014
5.57341494054306,2.31803324045449
5.57529027180668,2.31799201285847
5.57716568095202,2.31795079665541
5.5790411714356,2.31790959186896
5.58091673896547,2.31786839844172
5.58279238630411,2.31782721646231
5.58466811377227,2.31778604589389
5.58654392180517,2.3177448867352
5.58841981113772,2.31770373898643
5.59029578205704,2.31766260264195
5.59217183508483,2.31762147770443
5.59404796981844,2.31758036417272
5.59592418608006,2.31753926206367
5.5978004856704,2.3174981713915
5.59967687033453,2.31745709213076
5.60155333718728,2.31741602425304
5.60342988811633,2.31737496782168
5.60530652267199,2.3173339228146
5.60718324255884,2.3172928892473
5.60906004679789,2.31725186709641
5.61093693750963,2.31721085638777
5.61281391299095,2.31716985709083
5.61469097549805,2.31712886924504
5.61656812383696,2.31708789281855
5.61844536028418,2.31704692784055
5.6203226833041,2.31700597427772
5.62220009508673,2.31696503216586
5.62407759405037,2.31692410147405
5.62595518252843,2.3168831822392
5.62783285965454,2.31684227442767
5.62971062602636,2.31680137806189
5.63158848183974,2.31676049314108
5.63346642650354,2.31671961967002
5.63534446218989,2.31667875766958
5.63722258884934,2.31663790710764
5.63910080650941,2.31659706799057
5.64097911532135,2.31655624032717
5.64285751685879,2.31651542412403
5.64473601017065,2.3164746193594
5.64661459593709,2.31643382605849
5.64849327451769,2.31639304421911
5.6503720458813,2.31635227384255
5.65225091197075,2.31631151493816
5.65412987179592,2.31627076747719
5.65600892429061,2.31623003148483
5.65788807172546,2.31618930699325
5.65976731545683,2.31614859396955
5.66164665562279,2.31610789239218
5.66352609190689,2.31606720226481
5.66540562337082,2.31602652360264
5.66728525160916,2.31598585643424
5.66916497563348,2.31594520073964
5.6710447973932,2.31590455654475
5.67292471808957,2.31586392382236
5.67480473554348,2.31582330255458
5.67668485247688,2.31578269279091
5.67856506812182,2.3157420944914
5.68044538187862,2.31570150767552
5.68232579512937,2.31566093236549
5.6842063088195,2.31562036854487
5.68608692193154,2.31557981620184
5.68796763573035,2.31553927536361
5.68984845045175,2.31549874601653
5.69172936687784,2.31545822816298
5.69361038480439,2.31541772179629
5.69549150323116,2.31537722692815
5.69737272548226,2.31533674358773
5.69925404876578,2.31529627172121
5.701135476089,2.31525581138616
5.70301700651561,2.31521536253789
5.70489863939701,2.31517492519852
5.70678037666145,2.31513449939129
5.70866221902588,2.31509408508914
5.71054416403186,2.31505368228361
5.71242621620401,2.31501329103019
5.71430837256785,2.31497291125435
5.71619063535616,2.31493254301494
5.71807300327377,2.31489218628256
5.71995547840198,2.31485184108778
5.72183805956138,2.31481150740131
5.72372074740756,2.31477118525142
5.72560354337862,2.31473087463639
5.7274864457012,2.31469057553621
5.72936945766677,2.31465028799162
5.7312525769331,2.31461001195078
5.73313580532797,2.31456974746228
5.73501914307565,2.31452949450357
5.7369025896732,2.31448925307619
5.73878614633122,2.31444902319823
5.74066981317242,2.31440880485609
5.74255359027187,2.31436859805415
5.74443747741571,2.3143284027995
5.74632147645739,2.31428821910512
5.74820558576663,2.31424804694439
5.7500898068232,2.31420788635439
5.75197414077929,2.31416773731817
5.75385858808041,2.31412759981972
5.75574314697006,2.31408747385687
5.75762781790911,2.31404735947157
5.759512602725,2.3140072566671
5.76139750203856,2.31396716541634
5.76328251547574,2.31392708571256
5.76516764367675,2.31388701757039
5.76705288691015,2.31384696098689
5.76893824324609,2.31380691596457
5.77082371610511,2.31376688254903
5.7727093040447,2.31372686068657
5.77459500672307,2.31368685040767
5.77648082750912,2.31364685172995
5.77836676416372,2.31360686459794
5.78025281781091,2.31356688905734
5.78213898859157,2.31352692509892
5.78402527882006,2.31348697272693
5.78591168633845,2.31344703190502
5.78779821194043,2.31340710267916
5.78968485718755,2.3133671850465
5.79157162053987,2.31332727898449
5.79345850296648,2.31328738452848
5.79534550441475,2.31324750167114
5.79723262667447,2.31320763042059
5.79911986824751,2.31316777075097
5.80100723110776,2.3131279226964
5.80289471365391,2.31308808623009
5.80478231860763,2.313048261388
5.80667004435394,2.31300844812911
5.80855789194816,2.31296864648823
5.81044586244764,2.31292885645629
5.81233395539006,2.31288907801983
5.81422217042538,2.31284931119418
5.81611050709005,2.31280955599535
5.81799896768556,2.31276981244154
5.8198875515502,2.31273008049805
5.82177626055741,2.31269036018188
5.82366509403077,2.31265065146647
5.8255540522983,2.31261095436989
5.82744313522172,2.31257126889537
5.8293323423875,2.31253159505355
5.83122167772134,2.3124919328611
5.83311113719423,2.31245228225208
5.83500072251173,2.31241264330487
5.8368904338187,2.31237301600217
5.83878027277309,2.31233340034711
5.84067023924832,2.3122937963159
5.84256033233875,2.31225420391625
5.84445055349022,2.31221462317387
5.84634090205514,2.31217505407123
5.84823137896375,2.31213549662659
5.85012198440236,2.31209595083153
5.85201271994482,2.31205641668924
5.8539035846008,2.31201689417756
5.85579457732325,2.31197738332079
5.85768569980485,2.31193788414885
5.85957695357994,2.31189839663988
5.86146833676789,2.31185892077002
5.86335985079307,2.31181945658029
5.86525149638187,2.31178000405509
5.86714327275335,2.31174056318654
5.86903518111716,2.31170113399624
5.87092722073479,2.31166171647077
5.87281939247423,2.31162231063033
5.87471169688643,2.31158291646784
5.87660413433876,2.31154353397958
5.87849670469334,2.31150416316564
5.88038940843248,2.31146480403611
5.88228224697631,2.31142545659022
5.88417521901851,2.31138612080836
5.88606832646293,2.31134679672085
5.88796156718768,2.31130748430191
5.88985494241281,2.3112681835967
5.89174845349486,2.31122889459384
5.89364209964273,2.31118961727386
5.89553588151981,2.31115035165721
5.89742980057856,2.31111109774068
5.89932385394034,2.31107185550379
5.90121804603026,2.3110326250064
5.90311237434065,2.31099340617789
5.90500683969004,2.31095419906616
5.90690144305875,2.31091500366773
5.90879618409525,2.31087581997099
5.91069106183039,2.31083664798876
5.91258607856367,2.3107974877479
5.91448123375416,2.31075833921479
5.9163765291589,2.31071920240366
5.91827196364443,2.31068007728999
5.92016753697629,2.31064096390006
5.92206325128988,2.31060186224808
5.92395910484485,2.31056277230239
5.9258550993808,2.31052369409996
5.92775123502455,2.31048462761878
5.92964751052253,2.31044557286156
5.9315439285532,2.31040652985937
5.93344048713688,2.31036749857194
5.93533718891435,2.31032847903984
5.93723403087476,2.31028947122447
5.939131016027,2.3102504751859
5.94102814401155,2.31021149088047
5.94292541553975,2.31017251831788
5.94482282882436,2.31013355749282
5.94672038662665,2.31009460844551
5.94861808787243,2.31005567113505
5.95051593354156,2.31001674558478
5.95241392376101,2.30997783178567
5.95431205926225,2.30993892974155
5.95621033841319,2.30990003944617
5.95810876308957,2.30986116093661
5.96000733333112,2.30982229418832
5.96190604889529,2.30978343920524
5.96380491051982,2.30974459599935
5.9657039174211,2.30970576456501
5.96760307134909,2.30966694492336
5.96950237434361,2.30962813705069
5.97140182356565,2.30958934091361
5.97330142079198,2.30955055656903
5.9752011644248,2.30951178399621
5.97710105608137,2.30947302323001
5.97900109533466,2.30943427425049
5.98090128462211,2.30939553707068
5.98280162143031,2.30935681165328
5.98470210825057,2.3093180980486
5.9866027434484,2.3092793962219
5.98850352888202,2.30924070620729
5.99040446396664,2.30920202798031
5.99230555009736,2.30916336155642
5.99420678624721,2.30912470691805
5.99610817279982,2.30908606408954
5.99800971106925,2.30904743307298
5.99991140121297,2.30900881385098
6.00181324239342,2.30897020642585
6.00371523601337,2.30893161082028
6.00561738072622,2.30889302701719
6.00751967630676,2.30885445504684
6.00942212648474,2.30881589492311
6.01132472864027,2.30877734658486
6.01322748454347,2.30873881008176
6.01513039398709,2.30870028539249
6.01703345742351,2.30866177252569
6.01893667404448,2.30862327148061
6.0208400455514,2.30858478227894
6.0227435727484,2.30854630489799
6.02464725280913,2.30850783932751
6.0265510881686,2.30846938562563
6.0284550792112,2.30843094375952
6.03035922674859,2.30839251372571
6.03226352785317,2.30835409551559
6.03416798674752,2.30831568918923
6.03607260249201,2.30827729468097
6.03797737430026,2.30823891200867
6.03988230219667,2.30820054119529
6.04178738804972,2.30816218224923
6.04369263089446,2.30812383514347
6.04559803127813,2.30808549989995
6.04750358995406,2.30804717651731
6.04940930647833,2.30800886498821
6.05131518079021,2.30797056532677
6.05322121518303,2.30793227754211
6.05512740900901,2.30789400159947
6.0570337616092,2.30785573751415
6.05894027343833,2.30781748530637
6.06084694515264,2.30777924497628
6.06275377731049,2.30774101651843
6.06466076957717,2.30770279992862
6.06656792174573,2.30766459521921
6.06847523370302,2.30762640240175
6.07038270792141,2.30758822148595
6.07229034263586,2.30755005243388
6.07419813844438,2.30751189528093
6.07610609779041,2.307473750026
6.07801421915226,2.30743561663071
6.0799225026523,2.3073974951259
6.08183094881353,2.30735938551879
6.0837395590048,2.30732128780698
6.08564833081122,2.30728320197169
6.08755726653649,2.30724512806187
6.08946636517632,2.30720706604645
6.09137562773666,2.30716901594734
6.09328505543635,2.30713097775467
6.09519464777488,2.30709295145172
6.09710440389217,2.30705493705253
6.0990143242823,2.30701693458059
6.1009244102249,2.30697894403551
6.10283466153164,2.30694096540029
6.1047450776972,2.30690299868323
6.106655660438,2.30686504390071
6.1085664104172,2.30682710102939
6.11047732580593,2.3067891700614
6.11238840792836,2.30675125103576
6.1142996560998,2.30671334393836
6.11621107339057,2.30667544878671
6.11812265798376,2.30663756553294
6.12003440907176,2.30659969421204
6.12194632891409,2.30656183484831
6.12385841641947,2.30652398740926
6.1257706727589,2.30648615191805
6.1276830952502,2.30644832836189
6.12959568726894,2.30641051679459
6.13150844952783,2.30637271716615
6.13342138131035,2.3063349294653
6.13533448322931,2.30629715371031
6.13724775456152,2.30625938989808
6.13916119570194,2.30622163804772
6.14107480687583,2.30618389816012
6.14298858786444,2.30614617023752
6.14490254162385,2.30610845429033
6.14681666602424,2.30607075027227
6.14873096076398,2.30603305822383
6.15064542705624,2.30599537816048
6.15256006455069,2.30595771006791
6.15447487560488,2.30592005395731
6.15638985821844,2.30588240979336
6.15830501384341,2.30584477761511
6.1602203430507,2.30580715740618
6.16213584347275,2.30576954916094
6.1640515193876,2.30573195292775
6.16596736804392,2.30569436864011
6.16788338972574,2.30565679634764
6.16979958621929,2.30561923605597
6.17171595671942,2.30558168773957
6.17363250228321,2.30554415141672
6.17554922151514,2.30550662707623
6.17746611676541,2.30546911474828
6.17938318670667,2.30543161439951
6.18130043224865,2.30539412605681
6.18321785249325,2.3053566497124
6.18513544904847,2.3053191853878
6.18705322288845,2.30528173306216
6.18897117219881,2.30524429272216
6.19088929880422,2.30520686440522
6.19280760239581,2.30516944808812
6.19472608110767,2.3051320437803
6.1966447391203,2.30509465152213
6.19856357429573,2.3050572712484
6.20048258629791,2.30501990299748
6.20240177759324,2.30498254678492
6.20432114619218,2.30494520257401
6.20624069457727,2.30490787040298
6.20816042195808,2.30487055023694
6.21008032848067,2.30483324209284
6.21200041408504,2.30479594597561
6.21392067896667,2.30475866189276
6.21584112341704,2.30472138984744
6.21776174653585,2.3046841298407
6.21968255035616,2.30464688189461
6.22160353482268,2.30460964598086
6.22352470143313,2.30457242210377
6.22544604802058,2.30453521024301
6.22736757450308,2.30449801044126
6.22928928352515,2.30446082270977
6.2312111730692,2.30442364700839
6.23313324396577,2.30438648337524
6.23505549760409,2.3043493318049
6.2369779335406,2.30431219227804
6.23890055213893,2.30427506480667
6.24082335474658,2.3042379493913
6.2427463379715,2.30420084601392
6.24466950612391,2.30416375473896
6.24659285779636,2.30412667550162
6.24851639254763,2.30408960832681
6.25044011192228,2.30405255323048
6.25236401473143,2.30401551019251
6.25428810203136,2.30397847923794
6.2562123732439,2.30394146035614
6.25813682910492,2.30390445356217
6.26006147019824,2.30386745885014
6.26198629783749,2.30383047621497
6.26391130968554,2.30379350563876
6.26583650804602,2.30375654716696
6.26776189264718,2.30371960076876
6.2696874631147,2.30368266645192
6.27161321939217,2.30364574422951
6.27353916262779,2.30360883410942
6.27546529440468,2.30357193607784
6.27739161181361,2.30353505011133
6.27931811492553,2.30349817626479
6.28124480696936,2.30346131454761
6.28317168680406,2.30342446490943
6.28509875412777,2.30338762737149
6.28702600921925,2.30335080194671
6.28895345403777,2.30331398863702
6.29088108829378,2.3032771874138
6.29280890946721,2.30324039828524
6.29473691967557,2.30320362130205
6.29666512023043,2.30316685643719
6.29859351015625,2.30313010367084
6.30052208976588,2.30309336302397
6.30245085790186,2.30305663449862
6.30437981748937,2.30301991812086
6.30630896839576,2.30298321384734
6.30823830983431,2.30294652168212
6.31016784011299,2.30290984164494
6.31209756247677,2.30287317377281
6.31402747720093,2.30283651801778
6.31595758219307,2.3027998743763
6.31788787857417,2.30276324289024
6.31981836779535,2.30272662354929
6.32174904985511,2.3026900163327
6.32367992289333,2.3026534212442
6.32561098988773,2.30261683832214
6.32754224900349,2.3025802675235
6.32947370158536,2.30254370888197
6.33140534790194,2.3025071623826
6.33333718684203,2.3024706280249
6.33526921833893,2.30243410583369
6.33720144476058,2.3023975958178
6.33913386554049,2.30236109794225
6.34106647990734,2.30232461221925
6.34299928937657,2.30228813866879
6.34493229415746,2.30225167727175
6.34686549315188,2.30221522802823
6.34879888813442,2.30217879096279
6.35073247709049,2.30214236605221
6.35266626320525,2.30210595333483
6.35460024431624,2.3020695527642
6.35653442242588,2.30203316437911
6.35846879584965,2.3019967881537
6.36040336562144,2.30196042412028
6.3623381319827,2.30192407226917
6.36427309619542,2.3018877326007
6.36620825704728,2.30185140509844
6.36814361610572,2.30181508978728
6.37007917383037,2.30177878664768
6.37201492810016,2.30174249567534
6.37395087966542,2.3017062169119
6.37588703017315,2.30166995035343
6.37782337903627,2.30163369597642
6.37975992650164,2.30159745379426
6.38169667178319,2.30156122380919
6.38363361737033,2.30152500604028
6.38557076215605,2.30148880045158
6.3875081069198,2.30145260706428
6.38944565000749,2.30141642587215
6.39138339343336,2.30138025690839
6.3933213369095,2.30134410014652
6.3952594806474,2.30130795559442
6.39719782502673,2.30127182325438
6.39913637025268,2.30123570312535
6.40107511689898,2.30119959520895
6.40301406479397,2.30116349950071
6.4049532139036,2.30112741600841
6.40689256459202,2.30109134473856
6.4088321167344,2.30105528569071
6.41077187159235,2.30101923887213
6.41271182753956,2.30098320426706
6.41465198868615,2.30094718190716
6.41659235199088,2.30091117173001
6.41853291783668,2.30087517378739
6.42047368631299,2.30083918808251
6.42241465823053,2.30080321461927
6.42435583484454,2.30076725338929
6.42629721377731,2.30073130437552
6.42823879673018,2.30069536762226
6.43018058242368,2.30065944310946
6.43212257324905,2.3006235308623
6.43406476827103,2.30058763084729
6.43600716947575,2.30055174308255
6.43794977410746,2.30051586754091
6.43989258425428,2.30048000427209
6.44183560084334,2.30044415324995
6.44377882135475,2.30040831446149
6.44572224893658,2.30037248795356
6.44766588168559,2.30033667368176
6.44960972236766,2.30030087167963
6.45155376737847,2.30026508190815
6.45349802101779,2.30022930443022
6.45544247925583,2.30019353918335
6.45738714618415,2.30015778623552
6.45933201935143,2.30012204552825
6.46127710019731,2.30008631710303
6.46322239045885,2.30005060094411
6.46516788685611,2.30001489702565
6.46711358858126,2.29997920540602
6.46905950098719,2.29994352610896
6.47100562182712,2.29990785905082
6.4729519514386,2.29987220426733
6.47489848997014,2.2998365617609
6.47684523634842,2.2998009315342
6.478792191566,2.29976531361055
6.480739357942,2.29972970798014
6.48268673422609,2.29969411460787
6.48463432091466,2.29965853351677
6.48658211740356,2.29962296470543
6.48853012433437,2.29958740818884
6.49047834097146,2.29955186396242
6.49242676874272,2.29951633204306
6.49437540566403,2.29948081241306
6.49632425404932,2.29944530510917
6.49827331447135,2.29940981010051
6.50022258558308,2.29937432737962
6.50217206910233,2.29933885697339
6.50412176519975,2.29930339886014
6.50607167296501,2.29926795304001
6.50802179335905,2.29923251953316
6.50997212376945,2.29919709833005
6.51192266907452,2.29916168947852
6.51387342579801,2.29912629290568
6.51582439518998,2.29909090866833
6.51777557899197,2.29905553675525
6.51972697518005,2.29902017714109
6.52167858667136,2.29898482986235
6.52363041160765,2.29894949487817
6.52558245059047,2.29891417222091
6.52753470457946,2.29887886188809
6.52948717108413,2.29884356386825
6.53143985302379,2.29880827820676
6.53339274908475,2.29877300486353
6.53534586032353,2.29873774386176
6.53729918708225,2.29870249519056
6.53925273003823,2.29866725884803
6.54120648800584,2.29863203482745
6.54316046188971,2.29859682315274
6.54511465163261,2.29856162381562
6.54706905789015,2.29852643682101
6.5490236798396,2.29849126216315
6.55097851833986,2.29845609985991
6.55293357465159,2.29842094990323
6.55488884801361,2.29838581227614
6.55684433855971,2.29835068699453
6.55880004528259,2.29831557406221
6.56075596981646,2.29828047350091
6.56271211137752,2.29824538528999
6.56466847073693,2.29821030944532
6.56662504948058,2.29817524596009
6.56858184726937,2.29814019481208
6.57053886257976,2.29810515600965
6.57249609745896,2.2980701295834
6.57445355088697,2.29803511550666
6.57641122151166,2.29800011379864
6.57836911218774,2.29796512448792
6.58032722375061,2.29793014753433
6.58228555448601,2.29789518292521
6.58424410469362,2.2978602306924
6.58583904107207,2.29782529083825
6.58583904107213,2.29779636040459
6.58779781209068,2.29779409639505
6.59173512468243,2.29785220898381
6.59566972571305,2.29797285575042
6.59960963548173,2.2980967144237
6.60355633662147,2.29821932633929
6.6075102999514,2.29834037444752
6.61147191882803,2.29845983728341
6.61544156654217,2.2985777150863
6.6194196096905,2.29869401016495
6.62340642369901,2.29880872571643
6.62740236194961,2.29892186609201
6.63140778634056,2.2990334359446
6.63542304860635,2.29914344092757
6.63944849774632,2.2992518872094
6.64348447775573,2.29935878158985
6.64753133435818,2.29946413141086
6.65158940058233,2.2995679446738
6.65565902046022,2.29967022966478
6.65974052294879,2.29977099545517
6.66383424355009,2.29987025128858
6.66794051066571,2.29996800700958
6.67205964919213,2.30006427274881
6.676191987161,2.30015905895934
6.68033784372848,2.30025237653366
6.68449754797847,2.30034423652921
6.68867142004248,2.30043465051847
6.69285977874373,2.3005236301932
6.6970629420577,2.30061118747931
6.70128122796144,2.30069733453232
6.70551495258289,2.30078208373247
6.70976443728566,2.30086544762986
6.71403000453574,2.30094743905204
6.71831196681405,2.30102807101026
6.72261064410394,2.30110735648382
6.72692634778163,2.30118530870373
6.73125940200174,2.30126194087565
6.73561012470427,2.30133726651021
6.73997883646758,2.30141129910681
6.74436585441625,2.30148405227062
6.74877150370323,2.30155553961139
6.75319610679196,2.30162577490339
6.75763998476084,2.30169477191615
6.76210346695648,2.30176254441868
6.76658686818028,2.30182910630807
6.77109053409782,2.30189447128591
6.77561478690786,2.30195865345967
6.78015995469623,2.30202166661668
6.78472637704571,2.30208352458633
6.78931439196127,2.30214424131612
6.79392433962852,2.30220383069576
6.7985565600496,2.30226230659037
6.80321139573432,2.30231968280843
6.80788919086894,2.30237597312762
6.81259029756342,2.30243119128093
6.81731506915377,2.30248535101876
6.82206386458516,2.30253846602936
6.82683704298319,2.30259054997667
6.83163497195031,2.3026416164398
6.8364580196227,2.30269167899
6.84130654708326,2.30274075110822
6.84618093463338,2.30278884610976
6.85108156868929,2.30283597738693
6.85600882527979,2.30288215828382
6.86096309551948,2.3029274019417
6.86594477638066,2.3029717215178
6.87095425968498,2.30301513010551
6.87599195356955,2.30305764063805
6.88105826472272,2.3030992660574
6.88615360184103,2.30314001917359
6.89127838370574,2.3031799126869
6.89643304385906,2.30321895924715
6.90161801238022,2.3032571714817
6.9068337247228,2.30329456186217
6.91208061743759,2.3033311427626
6.91735914555703,2.30336692643302
6.92266976242795,2.30340192510872
6.92801294104764,2.30343615088033
6.93338914275082,2.30346961581831
6.93879884864618,2.30350233178701
6.94424254983304,2.30353431062404
6.94972073050559,2.30356556408383
6.9552338986672,2.30359610374267
6.96078256910843,2.30362594116017
6.96636724880667,2.30365508778883
6.97198847833526,2.30368355489946
6.97764678164915,2.30371135378047
6.98334271364189,2.30373849550124
6.98907682525376,2.3037649911257
6.9948496854809,2.30379085155777
7.00066187365246,2.30381608763247
7.0065139654454,2.3038407100825
7.01240657180052,2.30386472948144
7.01834029657148,2.30388815639392
7.02431575217056,2.30391100121307
7.03033358094293,2.30393327421762
7.03639442269805,2.30395498564725
7.0424989367437,2.30397614558801
7.04864780100497,2.30399676404414
7.05484168632825,2.30401685093363
7.06108130196655,2.30403641600779
7.06736734974212,2.30405546898741
7.07370056539686,2.30407401942832
7.08008169486809,2.30409207683566
7.08651148920233,2.30410965059733
7.09299071807519,2.3041267499697
7.09952017801201,2.30414338411323
7.10610068016459,2.30415956211091
7.1127330527792,2.30417529293625
7.1194181320103,2.30419058545738
7.1261567910355,2.30420544841736
7.13294991563065,2.30421989049488
7.13979839850625,2.30423392025175
7.14670317477805,2.30424754612167
7.15366518497175,2.30426077647733
7.16068539320478,2.3042736195607
7.16776479477285,2.30428608351492
7.17490439924168,2.30429817639634
7.18210526128385,2.30430990614543
7.18936843977697,2.30432128063327
7.19669502566408,2.30433230759822
7.2040861259656,2.30434299468671
7.21154290550964,2.30435334943139
7.21906654487087,2.30436337930481
7.22665824626812,2.30437309166219
7.2343192475027,2.30438249374846
7.24205082477032,2.3043915927154
7.24985428429773,2.30440039562334
7.25773094956834,2.3044089094305
7.26568221294442,2.30441714097999
7.2737094936662,2.3044250970505
7.2818142202699,2.30443278431306
7.28999792290179,2.30444020931552
7.29826210336024,2.30444737856252
7.30660835870665,2.30445429840455
7.31503831815771,2.30446097513794
7.32355365305412,2.30446741495383
7.33215607620861,2.3044736239444
7.34084737500733,2.3044796081027
7.34962935646757,2.30448537334347
7.35850391784272,2.30449092546716
7.36747300177961,2.30449627020222
7.3765385761885,2.30450141317706
7.38570273267964,2.30450635990957
7.39496758451019,2.30451111585795
7.40433532533059,2.30451568636734
7.41380822266712,2.30452007669781
7.42338863984665,2.30452429202052
7.43307896319015,2.3045283374251
7.44288170200928,2.30453221788968
7.45279943472063,2.3045359383199
7.46283484602594,2.30453950352736
7.47299069786469,2.30454291824129
7.48326983130628,2.30454618709794
7.4936752077664,2.30454931464126
7.50420993586223,2.30455230533465
7.51487714651314,2.30455516356582
7.52568014972246,2.30455789361364
7.53662236905558,2.30456049968754
7.54770734819126,2.30456298591023
7.55893877854952,2.30456535631818
7.57032045311077,2.30456761486667
7.58185635275219,2.30456976542044
7.59355061970767,2.30457181176909
7.60540759233094,2.30457375762082
7.61743168382344,2.30457560660633
7.62962755601961,2.3045773622606
7.64200010451758,2.30457902804803
7.6545543592431,2.30458060735818
7.66729556885123,2.30458210349241
7.68022927908377,2.30458351967429
7.69336119739622,2.30458485905674
7.70669739345557,2.30458612470731
7.7202440770032,2.30458731962636
7.73400782139331,2.30458844672684
7.74799553855264,2.30458950885285
7.76221442407774,2.304590508776
7.77667205127147,2.30459144919062
7.79137627928442,2.30459233271951
7.80633552583176,2.30459316190819
7.82155849273877,2.30459393923902
7.83705436389708,2.30459466711595
7.85283286090617,2.30459534787415
7.86890418669639,2.30459598378136
7.88527907084355,2.30459657703476
7.90196888798106,2.30459712976237
7.91898558986939,2.30459764402652
7.93634192220928,2.30459812182109
7.9540512883616,2.30459856507692
7.97212789596126,2.30459897565758
7.99058687237448,2.30459935536261
8.00944427414701,2.30459970592925
8.02871717043575,2.30460002903194
8.04842364990233,2.30460032628321
8.06858309880798,2.30460059923367
8.08921619068741,2.30460084937545
8.1103450020806,2.30460107814133
8.13199315401872,2.30460128690577
8.15418607918521,2.30460147698593
8.1769508459144,2.30460164964359
8.20031698366082,2.30460180608353
8.22431592766972,2.30460194745884
8.2489818144716,2.30460207486697
8.27435143867522,2.3046021893541
8.30046485319175,2.3046022919146
8.3273653898183,2.30460238349325
8.35510043445022,2.30460246498502
8.38372134531662,2.30460253723736
8.41328479420569,2.30460260104987
8.44385241147173,2.30460265717724
8.47549257680589,2.30460270632842
8.50828019731973,2.3046027491696
8.54229816536781,2.30460278632379
8.57763914354228,2.30460281837281
8.61440584916009,2.30460284585896
8.65271318825707,2.30460286928524
8.69269068225342,2.30460288911711
8.73448385435383,2.30460290578396
8.77825827134847,2.30460291967994
8.82420240254417,2.30460293116572
8.87253155714141,2.30460294056961
8.92349539094577,2.30460294818886
8.97738271736312,2.30460295429141
9.03453097496756,2.30460295911698
9.09533853902579,2.3046029628786
9.16027881748351,2.3046029657642
9.22992036339971,2.30460296793805
9.30495334711796,2.30460296954228
9.38622511347767,2.30460297069847
9.47479362986405,2.30460297150923
9.57199879618828,2.30460297205982
9.67956924938367,2.30460297241979
9.7997854533631,2.30460297264464
9.93573827406712,2.30460297277747
10,2.30460297285066
