Time_s,PID
0,-0
3.15544362088405e-30,-0
6.31088724176809e-30,-0
1.953125e-07,-0
3.90625e-07,-0
5.79771739708058e-07,-0
7.69513481178138e-07,-0
9.59824965781697e-07,-0
1.1507103496027e-06,-0
1.34217332861037e-06,-0
1.53421761164656e-06,-0
1.72684693261009e-06,-0
1.92006507843824e-06,-0
2.11387584014044e-06,-0
2.30828310209449e-06,-0
2.5032907384582e-06,-0
2.69890267220166e-06,-0
2.89512281551271e-06,-0
3.09195516150652e-06,-0
3.28940377439161e-06,-0
3.48747266318628e-06,-0
3.68616598896249e-06,-0
3.88548783530333e-06,-0
4.08544239751571e-06,-0
4.28603386823143e-06,-0
4.48726651541822e-06,-0
4.68914462101257e-06,-0
4.89167251199544e-06,-0
5.09485458610508e-06,-0
5.29869521346946e-06,-0
5.50319887639072e-06,-0
5.70837008267045e-06,-0
5.91421334948401e-06,-0
6.12073328372862e-06,-0
6.32793450413994e-06,-0
6.53582168387184e-06,-0
6.74439954094202e-06,-0
6.95367284850959e-06,-0
7.16364640112066e-06,-0
7.37432506916305e-06,-0
7.58571376117525e-06,-0
7.79781744844946e-06,-0
8.01064112018706e-06,-0
8.22418982790838e-06,-0
8.43846869389441e-06,-0
8.65348285645703e-06,-0
8.86923753345103e-06,-0
9.08573801217209e-06,-0
9.30298957476541e-06,-0
9.52099759159165e-06,-0
9.73976752956609e-06,-0
9.95930483852656e-06,-0
1.01796150689531e-05,-0
1.0400703794889e-05,-0
1.06225766957275e-05,-0
1.08452394776534e-05,-0
1.10686979322812e-05,-0
1.1292957866133e-05,-0
1.15180251954868e-05,-0
1.1743905881382e-05,-0
1.19706059289673e-05,-0
1.21981314386301e-05,-0
1.24264886109682e-05,-0
1.26556836031788e-05,-0
1.28857227300807e-05,-0
1.31166123561098e-05,-0
1.33483589076377e-05,-0
1.3580968903776e-05,-0
1.3814448892198e-05,-0
1.40488055093174e-05,-0
1.42840454789955e-05,-0
1.45201755906618e-05,-0
1.47572027354691e-05,-0
1.49951338255863e-05,-0
1.52339759058444e-05,-0
1.54737360687402e-05,-0
1.57144215375501e-05,-0
1.59560395448732e-05,-0
1.61985974504563e-05,-0
1.64421026822046e-05,-0
1.66865627902769e-05,-0
1.69319853700809e-05,-0
1.71783781259022e-05,-0
1.74257488461029e-05,-0
1.76741054125107e-05,-0
1.79234558234686e-05,-0
1.81738081238229e-05,-0
1.84251704925791e-05,-0
1.86775511856524e-05,-0
1.89309585858214e-05,-0
1.91854011521308e-05,-0
1.94408874657142e-05,-0
1.96974261968663e-05,-0
1.99550261076358e-05,-0
2.02136961060706e-05,-0
2.04734451802813e-05,-0
2.07342824657008e-05,-0
2.09962171549801e-05,-0
2.12592586209798e-05,-0
2.15234163213965e-05,-0
2.17886998020977e-05,-0
2.20551187930194e-05,-0
2.23226831048754e-05,-0
2.25914026777714e-05,-0
2.28612876170442e-05,-0
2.31323481186182e-05,-0
2.3404594506707e-05,-0
2.36780372707438e-05,-0
2.39526870356391e-05,-0
2.42285545138344e-05,-0
2.45056506389249e-05,-0
2.47839864414799e-05,-0
2.50635731021375e-05,-0
2.53444219786591e-05,-0
2.56265445330539e-05,-0
2.59099524074939e-05,-0
2.61946574253614e-05,-0
2.64806715271855e-05,-0
2.67680068941071e-05,-0
2.70566757557263e-05,-0
2.7346690588063e-05,-0
2.76380640651922e-05,-0
2.7930808991552e-05,-0
2.82249383763876e-05,-0
2.85204653768371e-05,-0
2.88174033497376e-05,-0
2.91157658902645e-05,-0
2.94155667131232e-05,-0
2.9716819793999e-05,-0
3.00195392918849e-05,-0
3.03237395278936e-05,-0
3.0629435093064e-05,-0
3.09366407375418e-05,-0
3.12453714890472e-05,-0
3.15556425610953e-05,-0
3.18674694086367e-05,-0
3.21808677110641e-05,-0
3.249585338365e-05,-0
3.28124425628704e-05,-0
3.31306516412453e-05,-0
3.34504973081421e-05,-0
3.37719964467477e-05,-0
3.40951662098373e-05,-0
3.44200240788806e-05,-0
3.47465877251086e-05,-0
3.50748751464558e-05,-0
3.54049046199631e-05,-0
3.57366947148019e-05,-0
3.60702642306886e-05,-0
3.64056323560573e-05,-0
3.67428185735296e-05,-0
3.70818426358117e-05,-0
3.74227246474058e-05,-0
3.77654850564976e-05,-0
3.8110144622314e-05,-0
3.84567244220878e-05,-0
3.88052459990622e-05,-0
3.91557311106268e-05,-0
3.95082019906388e-05,-0
3.98626811595567e-05,-0
4.02191915621277e-05,-0
4.05777565839276e-05,-0
4.0938399967017e-05,-0
4.13011458547559e-05,-0
4.16660187850527e-05,-0
4.20330437919262e-05,-0
4.24022463233844e-05,-0
4.27736522551083e-05,-0
4.3147287986683e-05,-0
4.3523180345525e-05,-0
4.39013566267956e-05,-0
4.42818446476177e-05,-0
4.46646727170875e-05,-0
4.50498697241025e-05,-0
4.54374650198386e-05,-0
4.58274884894056e-05,-0
4.62199706606581e-05,-0
4.66149425404797e-05,-0
4.70124358233544e-05,-0
4.74124827588645e-05,-0
4.78151161913381e-05,-0
4.82203696367633e-05,-0
4.86282772367024e-05,-0
4.90388738003755e-05,-0
4.94521948639396e-05,-0
4.98682765935127e-05,-0
5.02871559434771e-05,-0
5.07088706288066e-05,-0
5.11334589860276e-05,-0
5.15609603359825e-05,-0
5.19914146757955e-05,-0
5.24248628531051e-05,-0
5.28613465511925e-05,-0
5.33009083430484e-05,-0
5.37435917328047e-05,-0
5.41894410878617e-05,-0
5.46385016934835e-05,-0
5.50908199329604e-05,-0
5.55464431197054e-05,-0
5.60054195859027e-05,-0
5.64677987123909e-05,-0
5.69336310180249e-05,-0
5.74029681880426e-05,-0
5.78758629792771e-05,-0
5.83523693814505e-05,-0
5.88325426096661e-05,-0
5.93164392512433e-05,-0
5.98041169581367e-05,-0
6.02956349838599e-05,-0
6.07910538434862e-05,-0
6.12904354105864e-05,-0
6.17938432439125e-05,-0
6.23013423173247e-05,-0
6.28129991399012e-05,-0
6.33288819571531e-05,-0
6.38490606177339e-05,-0
6.43736067178231e-05,-0
6.49025937061184e-05,-0
6.54360967912285e-05,-0
6.59741931070709e-05,-0
6.65169618136346e-05,-0
6.70644842238875e-05,-0
6.76168434778308e-05,-0
6.81741253927228e-05,-0
6.87364176479414e-05,-0
6.93038103531225e-05,-0
6.98763961154866e-05,-0
7.04542700709791e-05,-0
7.10375299726267e-05,-0
7.16262763935629e-05,-0
7.22206124692412e-05,-0
7.28206444744508e-05,-0
7.34264818267247e-05,-0
7.40382368396311e-05,-0
7.46560251644728e-05,-0
7.52799660559214e-05,-0
7.59101819078796e-05,-0
7.65467991012579e-05,-0
7.71899479013009e-05,-0
7.78397623727867e-05,-0
7.84963808073977e-05,-0
7.91599457631416e-05,-0
7.98306042956974e-05,-0
8.05085081080013e-05,-0
8.11938140510883e-05,-0
8.18866838551027e-05,-0
8.2587284629179e-05,-0
8.32957890275624e-05,-0
8.40123754870325e-05,-0
8.47372284902683e-05,-0
8.5470539021532e-05,-0
8.62125045917648e-05,-0
8.69633297794884e-05,-0
8.77232261923322e-05,-0
8.84924131717933e-05,-0
8.92711181821921e-05,-0
9.00595769302915e-05,-0
9.08580340882406e-05,-0
9.16667431953935e-05,-0
9.24859677997647e-05,-0
9.33159819253596e-05,-0
9.41570698091119e-05,-0
9.50095269157832e-05,-0
9.58736616209012e-05,-0
9.6749793496439e-05,-0
9.76382562940107e-05,-0
9.85393974883252e-05,-0
9.94535789259478e-05,-0
0.00010038117892839,-0
0.000101322591545302,-0
0.000102278228542088,-0
0.0001032485201573,-0
0.000104233916633815,-0
0.000105234888521013,-0
0.00010625192861002,-0
0.000107285553750509,-0
0.000108336305246141,-0
0.000109404751301956,-0
0.000110491488308834,-0
0.00011159714395311,-0
0.000112722376934516,-0
0.00011386788198218,-0
0.000115034390980808,-0
0.000116222674369654,-0
0.000117433546372255,-0
0.000118667867231009,-0
0.000119926546525298,-0
0.000121210546322053,-0
0.00012252088793403,-0
0.000123858652897432,-0
0.00012522499127567,-0
0.000126621125899195,-0
0.000128048358883907,-0
0.000129508077462313,-0
0.000131001763125409,-0
0.000132530998962962,-0
0.000134097481256449,-0
0.000135703027840101,-0
0.00013734959070879,-0
0.000139039270271669,-0
0.000140774329473995,-0
0.000142557210765823,-0
0.000144390556190737,-0
0.000146277230470966,-0
0.000148220342687254,-0
0.000150223279483609,-0
0.00015228973381055,-0
0.000154423743738588,-0
0.000156629742450994,-0
0.000158912599104909,-0
0.000161277687692103,-0
0.000163730953518324,-0
0.000166278991911802,-0
0.00016892915194961,-0
0.000171689655309906,-0
0.000174569726972122,-0
0.000177579768238819,-0
0.000180731566756756,-0
0.000184038538864121,-0
0.000187516043493805,-0
0.000191181763612958,-0
0.000195056195812629,-0
0.0001991632649327,-0
0.000203531094817315,-0
0.000208193050398089,-0
0.000213189051397693,-0
0.000218567404847895,-0
0.00022438718860363,-0
0.000230721578691904,-0
0.000237662609242025,-0
0.000245327777481319,-0
0.000253869895879253,-0
0.000263491441025523,-0
0.00027446620725649,-0
0.000287169056610508,-0
0.00030210824032903,-0
0.000319898781746671,-0
0.000340895330431119,-0
0.000364175878205447,-0
0.000387860318743137,-0
0.000411078946676473,-0
0.00043388537341469,-0
0.000456579992373803,-0
0.000479314710050546,-0
0.000502105426067385,-0
0.000524911629906897,-0
0.000547707507489819,-0
0.00057048610414976,-0
0.000593252417584121,-0
0.00061601144512538,-0
0.000638764589622821,-0
0.000661511234389172,-0
0.000684251044854357,-0
0.00070698355369208,-0
0.000729709452479426,-0
0.000752428346112606,-0
0.000775140816212817,-0
0.000797846493964984,-0
0.000820545861815258,-0
0.000843238876717336,-0
0.0008659257562506,-0
0.00088860624203171,-0
0.000911280904531277,-0
0.000933948962398708,-0
0.000956610919366407,-0
0.000979267840794461,-0
0.00100191899127961,-0
0.00102456425984115,-0
0.00104720386099967,-0
0.00106983749456198,-0
0.00109246565354793,-0
0.00111508884410403,-0
0.00113770685944378,-0
0.00116031929057767,-0
0.00118292725668505,-0
0.00120552967501418,-0
0.00122812715205276,-0
0.00125071953368324,-0
0.00127330749844929,-0
0.00129589066435639,-0
0.00131846965938819,-0
0.00134104355653608,-0
0.00136361334217154,-0
0.00138617852724693,-0
0.00140873924247738,-0
0.00143129598460309,-0
0.00145384804045311,-0
0.0014763960139572,-0
0.00149894021648407,-0
0.00152148018489044,-0
0.00154401670333365,-0
0.00156654883424487,-0
0.00158907742061342,-0
0.00161160263517501,-0
0.00163412387215239,-0
0.00165664166088954,-0
0.00167915553380426,-0
0.001701666102192,-0
0.00172417339018776,-0
0.00174667752974315,-0
0.00176917846032155,-0
0.00179167605979675,-0
0.00181417053299848,-0
0.00183666235377312,-0
0.00185915109811083,-0
0.00188163679445025,-0
0.00190411935292634,-0
0.00192659894879695,-0
0.00194907597287626,-0
0.00197155060274038,-0
0.00199402249688299,-0
0.00201649130213589,-0
0.00203895771527318,-0
0.00206142220881612,-0
0.00208388429552461,-0
0.0021063441700397,-0
0.00212880190344461,-0
0.00215125711849437,-0
0.00217371027429696,-0
0.00219616117678406,-0
0.00221860977720529,-0
0.002241057431672,-0
0.00226350256189573,-0
0.0022859464384315,-0
0.00230838801356282,-0
0.00233082788583446,-0
0.00235326603656515,-0
0.00237570246381966,-0
0.00239813734092194,-0
0.00242057137492165,-0
0.00244300390724012,-0
0.00246543491968566,-0
0.00248786440610074,-0
0.00251029249815838,-0
0.00253271982376172,-0
0.00255514550639223,-0
0.00257757038617489,-0
0.00259999336796908,-0
0.0026224164773154,-0
0.00264483750540901,-0
0.00266725849483053,-0
0.00268967844619164,-0
0.00271209754223283,-0
0.00273451563141146,-0
0.00275693372792794,-0
0.00277935075903807,-0
0.00280176763550833,-0
0.00282418340357557,-0
0.00284659890963154,-0
0.00286901385741574,-0
0.00289142824929498,-0
0.00291384260634501,-0
0.00293625674519062,-0
0.00295867002425946,-0
0.00298108349267466,-0
0.00300349680640684,-0
0.0030259105026899,-0
0.0030483235235557,-0
0.00307073696380047,-0
0.00309315008872775,-0
0.00311556374603414,-0
0.0031379773879359,-0
0.00316039104863882,-0
0.00318280525137896,-0
0.00320521942089249,-0
0.00322763397356969,-0
0.00325004918859799,-0
0.0032724645723763,-0
0.00329488056330321,-0
0.00331729723161579,-0
0.00333971420437771,-0
0.00336213218059821,-0
0.00338455049326489,-0
0.00340696968612215,-0
0.00342938975914791,-0
0.0034518108361472,-0
0.00347423214521008,-0
0.00349665444515068,-0
0.00351907752292008,-0
0.00354150226314102,-0
0.0035639278689147,-0
0.00358635410514785,-0
0.00360878157442147,-0
0.00363121056291348,-0
0.00365364065942111,-0
0.00367607166156719,-0
0.00369850481024021,-0
0.00372093865204083,-0
0.00374337426270688,-0
0.00376581087448937,-0
0.00378824895199088,-0
0.00381068884855836,-0
0.00383312988332677,-0
0.00385557242540244,-0
0.00387801679109223,-0
0.00390046313819654,-0
0.00392291099764221,-0
0.00394536046043567,-0
0.00396781203840305,-0
0.00399026551455271,-0
0.00401272104496832,-0
0.00403517853969238,-0
0.00405763768770064,-0
0.00408009907259625,-0
0.00410256272364951,-0
0.00412502856606223,-0
0.00414749632683311,-0
0.00416996595535478,-0
0.0041924384167763,-0
0.00421491261105709,-0
0.00423738922277094,-0
0.00425986839673821,-0
0.00428235004879661,-0
0.00430483391700952,-0
0.00432732034972743,-0
0.00434980971424754,-0
0.00437230129701822,-0
0.00439479521979701,-0
0.00441729202564742,-0
0.00443979148903404,-0
0.00446229378439476,-0
0.00448479849774096,-0
0.00450730603274714,-0
0.00452981649940686,-0
0.00455232993574783,-0
0.00457484677431511,-0
0.00459736593469237,-0
0.00461988788078418,-0
0.00464241355906653,-0
0.00466494227756757,-0
0.0046874741757583,-0
0.00471000880739298,-0
0.004732547190271,-0
0.00475508792598793,-0
0.00477763242578228,-0
0.00480018074260003,-0
0.0048227321609736,-0
0.00484528663984603,-0
0.00486784441534071,-0
0.00489040601920511,-0
0.00491297045453999,-0
0.00493553927850112,-0
0.00495811175047397,-0
0.00498068758870029,-0
0.00500326680912262,-0
0.00502585000030799,-0
0.00504843690699086,-0
0.00507102717644521,-0
0.00509362136045232,-0
0.00511621960712168,-0
0.00513882157060683,-0
0.00516142747080099,-0
0.00518403761644143,-0
0.0052066517519736,-0
0.00522927009200701,-0
0.00525189221207198,-0
0.00527451838869146,-0
0.00529714890798412,-0
0.00531978408262092,-0
0.00534242272449204,-0
0.00536506622568612,-0
0.00538771392527436,-0
0.00541036626206257,-0
0.00543302275025257,-0
0.00545568391804286,-0
0.00547834896964204,-0
0.0055010187626394,-0
0.00552369309229776,-0
0.00554637184670857,-0
0.00556905510640138,-0
0.00559174349336419,-0
0.00561443597856454,-0
0.00563713337795956,-0
0.00565983574491473,-0
0.00568254316654506,-0
0.00570525514571912,-0
0.00572797148099972,-0
0.00575069347733336,-0
0.00577342025196855,-0
0.00579615197193789,-0
0.00581888905547054,-0
0.00584163024223159,-0
0.00586437742025059,-0
0.00588712957724964,-0
0.00590988675122729,-0
0.00593264850668895,-0
0.00595541589015702,-0
0.00597818897851878,-0
0.00600096742015352,-0
0.00602375122495579,-0
0.00604654023531663,-0
0.00606933467652342,-0
0.0060921345121109,-0
0.00611493986683505,-0
0.00613775063600525,-0
0.0061605675081863,-0
0.00618338925684564,-0
0.00620621676403266,-0
0.00622905029046268,-0
0.00625188942648887,-0
0.00627473438058311,-0
0.00629758555454113,-0
0.00632044292043695,-0
0.0063433056721723,-0
0.00636617401632044,-0
0.00638904817903885,-0
0.00641192897172112,-0
0.00643481517623215,-0
0.00645770751747065,-0
0.00648060592026545,-0
0.00650351059702175,-0
0.0065264214179199,-0
0.00654933810308792,-0
0.00657226145543467,-0
0.00659519116496518,-0
0.00661812728375271,-0
0.00664106998396905,-0
0.0066640185009272,-0
0.00668697369774805,-0
0.00670993526424031,-0
0.00673290330865086,-0
0.00675587765995721,-0
0.00677885871960835,-0
0.00680184659315746,-0
0.00682484133535003,-0
0.00684784257313757,-0
0.00687085004134869,-0
0.00689386463029591,-0
0.0069168858595479,-0
0.00693991418844189,-0
0.00696294922308228,-0
0.0069859915571695,-0
0.00700904052519,-0
0.00703209660963444,-0
0.00705515973468995,-0
0.00707822967259833,-0
0.00710130693546528,-0
0.00712439197231281,-0
0.00714748323913493,-0
0.00717058198485781,-0
0.00719368766216218,-0
0.00721680123499141,-0
0.00723992227381805,-0
0.00726305000233737,-0
0.00728618567409437,-0
0.00730932820727387,-0
0.00733247878793637,-0
0.00735563609258054,-0
0.0073788015086162,-0
0.00740197423923229,-0
0.00742515449169733,-0
0.00744834294774331,-0
0.00747153869048453,-0
0.00749474234624532,-0
0.00751795409117577,-0
0.00754117321899355,-0
0.00756439984119324,-0
0.00758763503786148,-0
0.00761087802713753,-0
0.00763412890702965,-0
0.00765738768175062,-0
0.00768065427196922,-0
0.00770392875319062,-0
0.00772721194064304,-0
0.00775050289022086,-0
0.0077738023403919,-0
0.00779711053835278,-0
0.00782042601164216,-0
0.00784375050523535,-0
0.00786708287579943,-0
0.00789042393847976,-0
0.00791377336636212,-0
0.00793713172835346,-0
0.00796049838475945,-0
0.00798387336402012,-0
0.0080072570959287,-0
0.00803064908287755,-0
0.00805404965499352,-0
0.00807745904129975,-0
0.00810087715257667,-0
0.00812430401104325,-0
0.00814773953987423,-0
0.00817118411939459,-0
0.00819463722445393,-0
0.00821809954473352,-0
0.00824157074382201,-0
0.00826505136156599,-0
0.00828854072965264,-0
0.00831203927691931,-0
0.00833554697869107,-0
0.00835906428174444,-0
0.00838259058007384,-0
0.00840612537661915,-0
0.00842967001477564,-0
0.00845322319300484,-0
0.0084767866644278,-0
0.00850035949385341,-0
0.00852394145346758,-0
0.00854753338154492,-0
0.00857113413009715,-0
0.00859474535375101,-0
0.00861836557997565,-0
0.00864199629186176,-0
0.00866563531982839,-0
0.0086892841534275,-0
0.00871294293789553,-0
0.00873661185378885,-0
0.0087602907200207,-0
0.00878397960578313,-0
0.00880767824900095,-0
0.00883138702670436,-0
0.00885510553604267,-0
0.00887883368261771,-0
0.00890257269925656,-0
0.00892632156768951,-0
0.00895008044669805,-0
0.00897384979168661,-0
0.00899762868606328,-0
0.00902141868079504,-0
0.0090452185862823,-0
0.00906902903720341,-0
0.0090928496160006,-0
0.00911668088731538,-0
0.00914052274581864,-0
0.00916437534368715,-0
0.00918823860899752,-0
0.00921211231383664,-0
0.00923599649880136,-0
0.00925989150544202,-0
0.0092837977219005,-0
0.00930771477115612,-0
0.00933164245871842,-0
0.00935558142893447,-0
0.00937953123849753,-0
0.009403491904003,-0
0.00942746392620418,-0
0.00945144647962772,-0
0.00947544031998041,-0
0.00949944513706173,-0
0.0095234612231989,-0
0.00954748857677871,-0
0.00957152741892523,-0
0.00959557805746276,-0
0.00961963905489109,-0
0.00964371182991937,-0
0.00966779581847336,-0
0.00969189127860747,-0
0.00971599881993808,-0
0.00974011770309117,-0
0.00976424894619887,-0
0.00978839152681189,-0
0.00981254520733895,-0
0.00983671113874679,-0
0.00986088861062061,-0
0.00988507775822623,-0
0.00990927936607763,-0
0.00993349258023953,-0
0.00995771847653129,-0
0.00998195524674871,-0
0.01,-0
0.0100250427829908,-0
0.0100489322151256,-0
0.0100743789451821,-0
0.0100985733038147,-0
0.0101229648109383,-0
0.0101470980798371,-0
0.0101714399498184,-0
0.0101957671008749,-0
0.0102201554781949,-0
0.010244525683616,-0
0.0102689123040845,-0
0.0102933026960583,-0
0.010317711589371,-0
0.0103421317909133,-0
0.0103665672352848,-0
0.0103910145592653,-0
0.0104154748429956,-0
0.0104399479309722,-0
0.0104644335428765,-0
0.0104889330680792,-0
0.0105134448258643,-0
0.0105379699560108,-0
0.0105625090723374,-0
0.0105870599373666,-0
0.0106116248957435,-0
0.0106362041579269,-0
0.0106607960648476,-0
0.0106854014996567,-0
0.0107100198987451,-0
0.0107346518760363,-0
0.0107592972865852,-0
0.0107839567089501,-0
0.0108086295445199,-0
0.0108333164402915,-0
0.0108580165963216,-0
0.0108827309324807,-0
0.0109074589915144,-0
0.0109322008632048,-0
0.0109569567179202,-0
0.0109817265904439,-0
0.0110065109073829,-0
0.011031309549939,-0
0.0110561228553545,-0
0.0110809502347794,-0
0.0111057914739013,-0
0.0111306475187354,-0
0.0111555181554108,-0
0.0111804031075623,-0
0.0112053031174352,-0
0.0112302161129305,-0
0.0112551452195995,-0
0.0112800884024288,-0
0.0113050465021863,-0
0.0113300192473654,-0
0.0113550064618022,-0
0.0113800092362589,-0
0.0114050274389296,-0
0.0114300596632236,-0
0.011455107805245,-0
0.0114801707153597,-0
0.0115052489177958,-0
0.0115303421493684,-0
0.0115554506209133,-0
0.0115805744092665,-0
0.0116057135096919,-0
0.0116308676671037,-0
0.0116560380733277,-0
0.0116812240364103,-0
0.0117064258711974,-0
0.0117316432474308,-0
0.0117568759770075,-0
0.011782123969623,-0
0.0118073892690208,-0
0.0118326699694318,-0
0.0118579673309254,-0
0.011883279587045,-0
0.0119086086536438,-0
0.0119339542915852,-0
0.0119593164099514,-0
0.011984693460396,-0
0.0120100873507897,-0
0.0120354974788883,-0
0.0120609252821881,-0
0.01208636890422,-0
0.0121118292032102,-0
0.012137305368195,-0
0.0121627991251071,-0
0.0121883091616253,-0
0.0122138361163607,-0
0.0122393800445787,-0
0.0122649420178644,-0
0.0122905195089076,-0
0.0123161147450459,-0
0.0123417269081867,-0
0.0123673567840748,-0
0.0123930035756984,-0
0.0124186678482352,-0
0.0124443492265655,-0
0.0124700490230757,-0
0.0124957661376125,-0
0.0125215008857816,-0
0.0125472522444697,-0
0.0125730222265171,-0
0.0125988105997038,-0
0.0126246168274835,-0
0.0126504399142881,-0
0.0126762811887802,-0
0.0127021405370373,-0
0.0127280180268171,-0
0.0127539144337677,-0
0.0127798286525163,-0
0.0128057615388018,-0
0.0128317135917718,-0
0.0128576828531991,-0
0.012883671226625,-0
0.0129096779908282,-0
0.0129357043963808,-0
0.0129617492929419,-0
0.0129878127748833,-0
0.0130138957594099,-0
0.0130399971806089,-0
0.0130661179894285,-0
0.0130922572782865,-0
0.0131184167614929,-0
0.0131445942036203,-0
0.0131707920086656,-0
0.0131970084775056,-0
0.0132232455274539,-0
0.0132495011360377,-0
0.0132757768493233,-0
0.0133020723946531,-0
0.0133283885821114,-0
0.0133547237408333,-0
0.0133810781194263,-0
0.0134074529887188,-0
0.0134338480662192,-0
0.0134602635564363,-0
0.013486698369309,-0
0.0135131536359061,-0
0.0135396303488339,-0
0.013566127661676,-0
0.0135926456971867,-0
0.0136191836471641,-0
0.0136457432032398,-0
0.0136723235654328,-0
0.0136989253305263,-0
0.0137255470669836,-0
0.0137521906446665,-0
0.0137788547444179,-0
0.0138055408646727,-0
0.013832248415523,-0
0.0138589763096722,-0
0.0138857265847724,-0
0.0139124982817301,-0
0.0139392925073051,-0
0.0139661075690003,-0
0.013992944475574,-0
0.0140198030517683,-0
0.0140466841787462,-0
0.0140735870411094,-0
0.0141005123454215,-0
0.0141274601087897,-0
0.0141544290561374,-0
0.0141814214058319,-0
0.0142084360075022,-0
0.0142354720766885,-0
0.0142625323476146,-0
0.0142896145305328,-0
0.0143167207200273,-0
0.0143438491698374,-0
0.0143710007938725,-0
0.014398175126203,-0
0.0144253742471025,-0
0.0144525957391414,-0
0.0144798409182091,-0
0.0145071099269482,-0
0.0145344029401563,-0
0.0145617191307504,-0
0.0145890597444951,-0
0.0146164232812424,-0
0.0146438127848704,-0
0.0146712249711816,-0
0.014698660758228,-0
0.01472612140773,-0
0.0147536071967173,-0
0.0147811174089221,-0
0.014808653410021,-0
0.014836212139083,-0
0.0148637966789229,-0
0.0148914042935805,-0
0.0149190399501362,-0
0.0149466993221336,-0
0.0149743841028363,-0
0.0150020953846452,-0
0.0150298310769039,-0
0.0150575930632176,-0
0.0150853795539435,-0
0.0151131915181574,-0
0.0151410311481056,-0
0.0151688969186384,-0
0.0151967876387546,-0
0.0152247042082869,-0
0.0152526467870939,-0
0.0152806162947183,-0
0.0153086126649002,-0
0.0153366377147969,-0
0.015364687498123,-0
0.0153927656808772,-0
0.0154208697889363,-0
0.0154490007806007,-0
0.0154771580384512,-0
0.0155053454087463,-0
0.0155335593235729,-0
0.0155618011553306,-0
0.0155900695267259,-0
0.015618365588016,-0
0.0156466902451382,-0
0.015675042552306,-0
0.0157034231639057,-0
0.0157318327278343,-0
0.0157602723729238,-0
0.0157887389978068,-0
0.0158172355232116,-0
0.0158457596784431,-0
0.0158743125984951,-0
0.0159028948516697,-0
0.0159315065768761,-0
0.015960148513423,-0
0.0159888203091539,-0
0.0160175205268545,-0
0.016046250377612,-0
0.0160750106822217,-0
0.0161038027818978,-0
0.0161326230784287,-0
0.0161614726989417,-0
0.016190354636766,-0
0.0162192654070472,-0
0.0162482074568421,-0
0.0162771812978924,-0
0.016306187015921,-0
0.0163352232643548,-0
0.0163642916073754,-0
0.0163933903700964,-0
0.0164225205330724,-0
0.0164516837918533,-0
0.0164808772054621,-0
0.0165101037488608,-0
0.0165393617292724,-0
0.0165686543410539,-0
0.0165979796639188,-0
0.0166273363427188,-0
0.0166567239955666,-0
0.0166861461766962,-0
0.016715601025357,-0
0.016745090501806,-0
0.0167746139378188,-0
0.0168041694431468,-0
0.0168337594589903,-0
0.0168633836332899,-0
0.0168930417665849,-0
0.0169227344004079,-0
0.0169524607610692,-0
0.0169822216122809,-0
0.0170120176962379,-0
0.0170418502940705,-0
0.0170717180160903,-0
0.0171016211546836,-0
0.0171315569649585,-0
0.0171615304099937,-0
0.0171915392147874,-0
0.0172215835646578,-0
0.0172516639583525,-0
0.017281781518928,-0
0.0173119352192634,-0
0.0173421272954789,-0
0.0173723570198363,-0
0.0174026223319242,-0
0.0174329254583294,-0
0.017463264413109,-0
0.0174936432778403,-0
0.0175240591964885,-0
0.0175545139776674,-0
0.0175850068004969,-0
0.0176155390731246,-0
0.0176461090204342,-0
0.0176767180679346,-0
0.0177073656923587,-0
0.0177380520177848,-0
0.0177687786895846,-0
0.0177995457437587,-0
0.0178303533153213,-0
0.0178611990088709,-0
0.0178920861004337,-0
0.0179230141340039,-0
0.0179539825768648,-0
0.0179849939944603,-0
0.0180160453076191,-0
0.0180471398372952,-0
0.0180782763025063,-0
0.0181094525336712,-0
0.0181406713811418,-0
0.0181719328678711,-0
0.0182032381767759,-0
0.0182345867108524,-0
0.0182659773154232,-0
0.0182974131404055,-0
0.0183288909735325,-0
0.0183604158844374,-0
0.0183919815200773,-0
0.0184235912578704,-0
0.0184552451363956,-0
0.0184869446260327,-0
0.018518689046395,-0
0.0185504813060473,-0
0.0185823197903243,-0
0.0186142011695967,-0
0.0186461318926746,-0
0.0186781059866707,-0
0.0187101284160053,-0
0.0187421994699588,-0
0.0187743158664347,-0
0.0188064792175422,-0
0.0188386902642141,-0
0.0188709546594021,-0
0.0189032674818351,-0
0.018935628106601,-0
0.0189680359885894,-0
0.0190004908088385,-0
0.0190329981791247,-0
0.0190655554331633,-0
0.0190981637115607,-0
0.0191308252974122,-0
0.0191635357682126,-0
0.0191962996962678,-0
0.0192291129222713,-0
0.0192619797830918,-0
0.0192948967236413,-0
0.0193278683048946,-0
0.0193608909748442,-0
0.0193939703307947,-0
0.0194271023670026,-0
0.0194602876860868,-0
0.0194935252190248,-0
0.0195268188236512,-0
0.0195601674210926,-0
0.0195935731098247,-0
0.0196270360447785,-0
0.0196605548945561,-0
0.0196941293753837,-0
0.0197277645100992,-0
0.0197614582573565,-0
0.019795204640486,-0
0.0198290080960688,-0
0.0198628713101612,-0
0.0198967973761235,-0
0.0199307841794186,-0
0.0199648305287977,-0
0.02,-0
0.0200017001592273,-0
0.0200034003184545,-0
0.0200048876510005,-0
0.0200064187732522,-0
0.0200079869421771,-0
0.0200095942702032,-0
0.0200112427043764,-0
0.0200129343531015,-0
0.0200146714863814,-0
0.0200164565557136,-0
0.0200182922135887,-0
0.0200201813331439,-0
0.0200221270367199,-0
0.0200241327230801,-0
0.0200262020998399,-0
0.0200283392236439,-0
0.0200305485446065,-0
0.020032834953418,-0
0.0200352038479914,-0
0.0200376611990565,-0
0.0200402136355557,-0
0.0200428685444379,-0
0.0200456341849991,-0
0.0200485198345163,-0
0.0200515359497286,-0
0.0200546943828653,-0
0.0200580086402987,-0
0.0200614941704267,-0
0.0200651687874662,-0
0.0200690531422018,-0
0.0200731713685424,-0
0.0200775518937535,-0
0.0200822285438607,-0
0.0200872420404513,-0
0.0200926421227906,-0
0.0200984909098211,-0
0.0201048683491443,-0
0.020111883127449,-0
0.020119698361285,-0
0.0201286117179354,-0
0.0201394670355879,-0
0.0201497192249593,-0
0.0201599714143308,-0
0.020169215150496,-0
0.020177944592295,-0
0.0201862314164454,-0
0.0201942553588478,-0
0.0202020509187904,-0
0.0202096528503414,-0
0.0202170720327677,-0
0.0202243220751343,-0
0.0202314143718028,-0
0.0202383606419941,-0
0.0202451714915781,-0
0.0202518565406679,-0
0.0202584242870085,-0
0.0202648822708567,-0
0.0202712371729803,-0
0.0202774950106081,-0
0.020283661174178,-0
0.0202897405695271,-0
0.0202957376578537,-0
0.0203016565014771,-0
0.0203075008224081,-0
0.0203132740718275,-0
0.0203189794026766,-0
0.0203246197519367,-0
0.0203301978205028,-0
0.0203357161315788,-0
0.0203411770307784,-0
0.0203465827185177,-0
0.0203519352377999,-0
0.0203572365157776,-0
0.0203624883519979,-0
0.0203676924332356,-0
0.0203728503640069,-0
0.0203779636487791,-0
0.0203830337067328,-0
0.0203880618911301,-0
0.0203930494599319,-0
0.0203979976322692,-0
0.0204029075482664,-0
0.0204077802971792,-0
0.0204126169192669,-0
0.0204174183997772,-0
0.0204221856863354,-0
0.0204269196675509,-0
0.0204316212035831,-0
0.0204362911133567,-0
0.0204409301829869,-0
0.0204455391669627,-0
0.0204501187817851,-0
0.0204546697193591,-0
0.0204591926442725,-0
0.0204636881882576,-0
0.0204681569603466,-0
0.0204725995514448,-0
0.0204770165343522,-0
0.0204814084514263,-0
0.0204857758311706,-0
0.0204901191745826,-0
0.0204944389703148,-0
0.0204987356933557,-0
0.020503009801895,-0
0.0205072617248576,-0
0.0205114918991246,-0
0.0205157007292487,-0
0.0205198886119114,-0
0.0205240559421485,-0
0.0205282030774387,-0
0.0205323303954122,-0
0.0205364382360797,-0
0.0205405269419779,-0
0.0205445968453204,-0
0.0205486482656259,-0
0.0205526815145045,-0
0.0205566968932998,-0
0.0205606946870079,-0
0.0205646751882026,-0
0.0205686386728025,-0
0.0205725854106336,-0
0.0205765156618091,-0
0.0205804296850116,-0
0.0205843277207291,-0
0.020588210018339,-0
0.0205920768079058,-0
0.0205959283246795,-0
0.0205997647841204,-0
0.0206035864112905,-0
0.0206073934113741,-0
0.0206111859972291,-0
0.0206149643727164,-0
0.0206187287297433,-0
0.0206224792637936,-0
0.0206262161591644,-0
0.0206299396114859,-0
0.0206336497840238,-0
0.020637346862916,-0
0.0206410310170044,-0
0.0206447024151284,-0
0.020648361216018,-0
0.0206520075831085,-0
0.0206556416724719,-0
0.020659263637355,-0
0.0206628736288793,-0
0.0206664717901812,-0
0.0206700582692695,-0
0.02067363320488,-0
0.0206771967324651,-0
0.0206807489890872,-0
0.0206842901065915,-0
0.02068782021774,-0
0.020691339443523,-0
0.0206948479173172,-0
0.0206983457510674,-0
0.0207018330707416,-0
0.0207053099917614,-0
0.0207087766270897,-0
0.0207122330943177,-0
0.0207156794957858,-0
0.0207191159492177,-0
0.020722542557411,-0
0.0207259594254698,-0
0.020729366657357,-0
0.0207327643500767,-0
0.0207361526060106,-0
0.0207395315192647,-0
0.0207429011930121,-0
0.0207462617110491,-0
0.0207496131724702,-0
0.0207529556661109,-0
0.0207562892798495,-0
0.0207596141021577,-0
0.020762930218788,-0
0.0207662377135835,-0
0.0207695366738273,-0
0.02077282717644,-0
0.0207761093011826,-0
0.0207793831297071,-0
0.0207826487419474,-0
0.020785906211729,-0
0.0207891556178896,-0
0.0207923970286065,-0
0.0207956305229061,-0
0.0207988561660533,-0
0.0208020740336185,-0
0.0208052841976173,-0
0.0208084867215703,-0
0.0208116816723405,-0
0.0208148691205751,-0
0.0208180491286497,-0
0.0208212217647227,-0
0.020824387088288,-0
0.0208275451637282,-0
0.0208306960503659,-0
0.0208338398136857,-0
0.0208369765086501,-0
0.0208401061983157,-0
0.0208432289376664,-0
0.0208463447850737,-0
0.0208494537987955,-0
0.0208525560329428,-0
0.0208556515428617,-0
0.0208587403834367,-0
0.0208618226077822,-0
0.0208648982673465,-0
0.0208679674142374,-0
0.0208710301010133,-0
0.0208740863792753,-0
0.0208771362956036,-0
0.0208801799011859,-0
0.0208832172450235,-0
0.0208862483691974,-0
0.0208892733299321,-0
0.020892292168133,-0
0.020895304934664,-0
0.0208983116674282,-0
0.0209013124190366,-0
0.020904307228025,-0
0.0209072961396691,-0
0.0209102792011259,-0
0.0209132564526512,-0
0.0209162279332795,-0
0.0209191936861798,-0
0.020922153750274,-0
0.0209251081722497,-0
0.0209280569887545,-0
0.0209310002390258,-0
0.0209339379615692,-0
0.0209368701972913,-0
0.020939796981736,-0
0.0209427183534159,-0
0.0209456343527854,-0
0.0209485450106304,-0
0.020951450369595,-0
0.0209543504610682,-0
0.0209572453254009,-0
0.0209601349934411,-0
0.0209630194984325,-0
0.0209658988758651,-0
0.0209687731598775,-0
0.0209716423863388,-0
0.0209745065847914,-0
0.0209773657904526,-0
0.0209802200390417,-0
0.0209830693579711,-0
0.0209859137783588,-0
0.0209887533335655,-0
0.0209915880556478,-0
0.0209944179738734,-0
0.0209972431190392,-0
0.0210000635187338,-0
0.0210028792031436,-0
0.0210056902055737,-0
0.0210084965530388,-0
0.0210112982721271,-0
0.0210140953923314,-0
0.0210168879409564,-0
0.02101967594707,-0
0.0210224594388672,-0
0.0210252384415939,-0
0.0210280129821373,-0
0.0210307830902472,-0
0.0210335487906118,-0
0.0210363101078966,-0
0.0210390670694254,-0
0.0210418196983257,-0
0.0210445680246687,-0
0.0210473120687098,-0
0.0210500518586683,-0
0.021052787417065,-0
0.0210555187701631,-0
0.0210582459437236,-0
0.0210609689570853,-0
0.0210636878367754,-0
0.0210664026048913,-0
0.0210691132842019,-0
0.0210718198967243,-0
0.0210745224654283,-0
0.0210772210185559,-0
0.0210799155740484,-0
0.0210826061491674,-0
0.0210852927719096,-0
0.0210879754620825,-0
0.02109065424459,-0
0.0210933291352334,-0
0.0210960001574384,-0
0.0210986673325505,-0
0.0211013306786277,-0
0.0211039902187938,-0
0.0211066459745236,-0
0.021109297963266,-0
0.0211119462062311,-0
0.0211145907231226,-0
0.0211172315330361,-0
0.0211198686555251,-0
0.0211225021081377,-0
0.0211251319102018,-0
0.0211277580837394,-0
0.0211303806462014,-0
0.0211329996150726,-0
0.0211356150065975,-0
0.0211382268441728,-0
0.0211408351441842,-0
0.021143439922837,-0
0.021146041195904,-0
0.0211486389833888,-0
0.0211512333040232,-0
0.0211538241739386,-0
0.0211564116087071,-0
0.0211589956246348,-0
0.0211615762422069,-0
0.021164153477903,-0
0.0211667273437385,-0
0.0211692978614985,-0
0.0211718650434014,-0
0.0211744289084531,-0
0.0211769894721607,-0
0.0211795467491552,-0
0.0211821007563732,-0
0.0211846515084199,-0
0.0211871990197593,-0
0.0211897433088425,-0
0.0211922843891867,-0
0.0211948222740186,-0
0.021197356980548,-0
0.0211998885250385,-0
0.0212024169192506,-0
0.0212049421801726,-0
0.0212074643212496,-0
0.0212099833549536,-0
0.0212124992988716,-0
0.0212150121651397,-0
0.0212175219673156,-0
0.0212200287191006,-0
0.0212225324351669,-0
0.0212250331308226,-0
0.0212275308195854,-0
0.021230025512814,-0
0.0212325172243462,-0
0.0212350059682687,-0
0.0212374917589838,-0
0.0212399746073417,-0
0.0212424545278674,-0
0.0212449315323894,-0
0.021247405630634,-0
0.0212498768421984,-0
0.021252345174705,-0
0.0212548106422403,-0
0.0212572732567585,-0
0.0212597330309323,-0
0.0212621899776895,-0
0.0212646441092424,-0
0.0212670954373819,-0
0.021269543970661,-0
0.0212719897225902,-0
0.0212744327077509,-0
0.0212768729389005,-0
0.0212793104252793,-0
0.0212817451745387,-0
0.0212841772043822,-0
0.0212866065232664,-0
0.0212890331453469,-0
0.0212914570750568,-0
0.021293878326242,-0
0.0212962969147865,-0
0.0212987128467926,-0
0.0213011261377952,-0
0.0213035367908735,-0
0.0213059448220514,-0
0.0213083502418609,-0
0.0213107530603471,-0
0.0213131532866183,-0
0.0213155509347277,-0
0.0213179460105269,-0
0.0213203385268391,-0
0.0213227284958949,-0
0.0213251159219154,-0
0.0213275008209956,-0
0.0213298832001815,-0
0.0213322630702914,-0
0.0213346404402604,-0
0.0213370153217601,-0
0.0213393877236153,-0
0.0213417576551804,-0
0.0213441251258289,-0
0.0213464901441771,-0
0.0213488527220493,-0
0.0213512128628903,-0
0.0213535705831826,-0
0.0213559258918857,-0
0.0213582787948448,-0
0.021360629301259,-0
0.0213629774229538,-0
0.021365323168457,-0
0.0213676665446158,-0
0.0213700075638636,-0
0.0213723462321581,-0
0.0213746825577513,-0
0.0213770165532212,-0
0.0213793482231838,-0
0.0213816775769901,-0
0.021384004626409,-0
0.0213863293756654,-0
0.0213886518362742,-0
0.0213909720158344,-0
0.0213932899221955,-0
0.0213956055642852,-0
0.0213979189514335,-0
0.021400230087891,-0
0.0214025389843724,-0
0.0214048456500356,-0
0.0214071500942045,-0
0.0214094523181036,-0
0.0214117523338829,-0
0.0214140501510777,-0
0.0214163457753607,-0
0.0214186392153091,-0
0.0214209304786719,-0
0.0214232195754799,-0
0.0214255065112868,-0
0.021427791292212,-0
0.0214300739312797,-0
0.0214323544316928,-0
0.0214346328011123,-0
0.0214369090461228,-0
0.0214391831749449,-0
0.0214414551944808,-0
0.0214437251139521,-0
0.0214459929395605,-0
0.0214482586795781,-0
0.0214505223378075,-0
0.021452783924144,-0
0.0214550434463748,-0
0.0214573009083442,-0
0.0214595563220671,-0
0.0214618096898141,-0
0.0214640610211053,-0
0.0214663103212235,-0
0.021468557596861,-0
0.0214708028562301,-0
0.0214730461042976,-0
0.0214752873505273,-0
0.0214775265995996,-0
0.0214797638614478,-0
0.0214819991375133,-0
0.0214842324378496,-0
0.0214864637677839,-0
0.0214886931350825,-0
0.0214909205422291,-0
0.0214931460001779,-0
0.02149536951399,-0
0.0214975910892706,-0
0.0214998107335271,-0
0.0215020284515002,-0
0.0215042442491798,-0
0.0215064581347523,-0
0.0215086701142181,-0
0.0215108801928572,-0
0.0215130883777325,-0
0.0215152946749692,-0
0.0215174990882882,-0
0.021519701626709,-0
0.0215219022943611,-0
0.0215241010968978,-0
0.0215262980410322,-0
0.021528493133942,-0
0.0215306863783177,-0
0.0215328777838794,-0
0.0215350673521054,-0
0.0215372550928416,-0
0.0215394410097097,-0
0.0215416251056333,-0
0.0215438073896578,-0
0.0215459878693936,-0
0.0215481665468206,-0
0.0215503434290465,-0
0.0215525185205966,-0
0.02155469182692,-0
0.0215568633548637,-0
0.0215590331078995,-0
0.0215612010969071,-0
0.0215633673209844,-0
0.0215655317870216,-0
0.021567694502435,-0
0.0215698554696373,-0
0.0215720146962612,-0
0.021574172186393,-0
0.0215763279460279,-0
0.0215784819791007,-0
0.0215806342914103,-0
0.0215827848903169,-0
0.0215849337768535,-0
0.0215870809596079,-0
0.0215892264419146,-0
0.0215913702305667,-0
0.0215935123282702,-0
0.0215956527402903,-0
0.021597791472283,-0
0.0215999285295558,-0
0.0216020639166876,-0
0.0216041976366025,-0
0.0216063296955418,-0
0.0216084600995307,-0
0.0216105888532753,-0
0.0216127159618567,-0
0.0216148414300878,-0
0.0216169652609707,-0
0.0216190874597105,-0
0.0216212080321082,-0
0.0216233269817008,-0
0.0216254443130129,-0
0.021627560031135,-0
0.0216296741401419,-0
0.0216317866440463,-0
0.0216338975505625,-0
0.0216360068616986,-0
0.0216381145837412,-0
0.021640220719017,-0
0.0216423252727642,-0
0.0216444282485147,-0
0.0216465296518946,-0
0.0216486294880237,-0
0.021650727760918,-0
0.0216528244735503,-0
0.0216549196331819,-0
0.0216570132404965,-0
0.0216591053024662,-0
0.0216611958206363,-0
0.0216632848017916,-0
0.02166537224828,-0
0.0216674581670975,-0
0.0216695425611375,-0
0.0216716254324582,-0
0.0216737067870711,-0
0.0216757866305045,-0
0.0216778649662653,-0
0.0216799417955848,-0
0.0216820171252671,-0
0.0216840909599678,-0
0.0216861633011652,-0
0.021688234155011,-0
0.0216903035247043,-0
0.0216923714135568,-0
0.0216944378277496,-0
0.0216965027675637,-0
0.0216985662384381,-0
0.0217006282458694,-0
0.0217026887920922,-0
0.0217047478822139,-0
0.0217068055199331,-0
0.0217088617097838,-0
0.0217109164531689,-0
0.0217129697537127,-0
0.0217150216187654,-0
0.0217170720508705,-0
0.02171912105197,-0
0.0217211686268557,-0
0.0217232147801356,-0
0.0217252595148428,-0
0.0217273028316218,-0
0.0217293447380069,-0
0.0217313852384618,-0
0.021733424333848,-0
0.0217354620287616,-0
0.0217374983264043,-0
0.0217395332306012,-0
0.0217415667456542,-0
0.0217435988751081,-0
0.0217456296202047,-0
0.0217476589878621,-0
0.0217496869802149,-0
0.0217517135992138,-0
0.0217537388511363,-0
0.0217557627358565,-0
0.0217577852614889,-0
0.0217598064271487,-0
0.0217618262391536,-0
0.0217638446993,-0
0.0217658618106299,-0
0.0217678775777331,-0
0.0217698920018523,-0
0.0217719050902053,-0
0.0217739168463899,-0
0.0217759272708464,-0
0.0217779363647748,-0
0.0217799441349214,-0
0.0217819505836111,-0
0.0217839557155604,-0
0.0217859595302387,-0
0.021787962034918,-0
0.0217899632302174,-0
0.0217919631202143,-0
0.0217939617092109,-0
0.0217959590003627,-0
0.0217979549949636,-0
0.0217999496979217,-0
0.0218019431104986,-0
0.0218039352370157,-0
0.0218059260794984,-0
0.0218079156435064,-0
0.0218099039288556,-0
0.0218118909425759,-0
0.02181387668345,-0
0.0218158611587699,-0
0.02181784436827,-0
0.0218198263156511,-0
0.0218218070059646,-0
0.0218237864402198,-0
0.0218257646211908,-0
0.02182774155204,-0
0.0218297172353471,-0
0.0218316916780351,-0
0.0218336648784089,-0
0.0218356368396691,-0
0.0218376075681795,-0
0.0218395770645482,-0
0.0218415453319591,-0
0.0218435123728917,-0
0.0218454781897774,-0
0.0218474427864348,-0
0.0218494061637788,-0
0.0218513683268202,-0
0.0218533292789389,-0
0.0218552890236785,-0
0.0218572475603309,-0
0.0218592048951213,-0
0.0218611610279679,-0
0.021863115962743,-0
0.0218650697015717,-0
0.0218670222477598,-0
0.0218689736040671,-0
0.0218709237746614,-0
0.0218728727590155,-0
0.0218748205635589,-0
0.0218767671899841,-0
0.0218787126393955,-0
0.0218806569158229,-0
0.0218826000204473,-0
0.0218845419559404,-0
0.0218864827254038,-0
0.0218884223329558,-0
0.0218903607790963,-0
0.0218922980679604,-0
0.0218942342016587,-0
0.0218961691831559,-0
0.0218981030155503,-0
0.0219000357004314,-0
0.0219019672394783,-0
0.0219038976349447,-0
0.0219058268935988,-0
0.0219077550120167,-0
0.0219096819963989,-0
0.0219116078506622,-0
0.0219135325729457,-0
0.0219154561701894,-0
0.0219173786424426,-0
0.021919299992017,-0
0.0219212202218654,-0
0.0219231393341575,-0
0.0219250573312779,-0
0.0219269742156259,-0
0.0219288899907739,-0
0.0219308046570803,-0
0.0219327182188017,-0
0.0219346306772831,-0
0.0219365420369518,-0
0.0219384522963543,-0
0.0219403614611813,-0
0.0219422695315358,-0
0.0219441765144556,-0
0.0219460824067173,-0
0.0219479872120827,-0
0.0219498909340505,-0
0.0219517935753875,-0
0.0219536951388416,-0
0.0219555956220118,-0
0.0219574950319724,-0
0.0219593933679325,-0
0.0219612906361828,-0
0.0219631868363574,-0
0.0219650819705799,-0
0.0219669760408038,-0
0.0219688690505956,-0
0.0219707610012351,-0
0.0219726518963796,-0
0.0219745417363463,-0
0.0219764305208969,-0
0.0219783182568848,-0
0.0219802049467245,-0
0.0219820905899004,-0
0.0219839751913637,-0
0.0219858587503443,-0
0.021987741271394,-0
0.0219896227545029,-0
0.0219915032029228,-0
0.0219933826179912,-0
0.0219952610020879,-0
0.0219971383603919,-0
0.0219990146901484,-0
0.0220008899975375,-0
0.0220027642833897,-0
0.0220046375470376,-0
0.0220065097936611,-0
0.0220083810240297,-0
0.0220102512426336,-0
0.0220121204492625,-0
0.022013988645458,-0
0.0220158558344191,-0
0.022017722017036,-0
0.0220195871972027,-0
0.0220214513762009,-0
0.0220233145555734,-0
0.0220251767365174,-0
0.022027037921597,-0
0.0220288981144978,-0
0.0220307573167001,-0
0.0220326155304252,-0
0.0220344727558594,-0
0.0220363289940761,-0
0.0220381842506665,-0
0.0220400385260313,-0
0.0220418918208513,-0
0.0220437441382269,-0
0.0220455954788903,-0
0.0220474458491714,-0
0.0220492952486582,-0
0.0220511436754363,-0
0.0220529911355797,-0
0.022054837630085,-0
0.0220566831584533,-0
0.0220585277235231,-0
0.0220603713290329,-0
0.0220622139772404,-0
0.0220640556698562,-0
0.0220658964075888,-0
0.0220677361920782,-0
0.0220695750260784,-0
0.0220714129105027,-0
0.0220732498484693,-0
0.0220750858407176,-0
0.0220769208888867,-0
0.0220787549955602,-0
0.0220805881620063,-0
0.022082420391495,-0
0.0220842516836032,-0
0.0220860820436727,-0
0.0220879114680794,-0
0.0220897399615176,-0
0.0220915675260775,-0
0.022093394163144,-0
0.0220952198751665,-0
0.0220970446648365,-0
0.0220988685310475,-0
0.0221006914775884,-0
0.022102513504901,-0
0.0221043346166638,-0
0.0221061548138405,-0
0.0221079740945621,-0
0.0221097924643072,-0
0.0221116099264304,-0
0.0221134264796585,-0
0.0221152421250389,-0
0.022117056867428,-0
0.0221188707047872,-0
0.0221206836422488,-0
0.022122495680736,-0
0.0221243068209392,-0
0.0221261170658389,-0
0.0221279264144037,-0
0.0221297348706546,-0
0.0221315424352112,-0
0.0221333491091068,-0
0.0221351548965433,-0
0.0221369597960536,-0
0.0221387638128667,-0
0.0221405669457941,-0
0.0221423691973938,-0
0.0221441705692184,-0
0.0221459710645326,-0
0.0221477706822731,-0
0.0221495694252709,-0
0.0221513672947127,-0
0.0221531642926714,-0
0.0221549604202375,-0
0.0221567556786009,-0
0.0221585500704073,-0
0.0221603435977222,-0
0.0221621362602657,-0
0.0221639280603364,-0
0.0221657190001488,-0
0.022167509080312,-0
0.0221692983022457,-0
0.0221710866693435,-0
0.0221728741809964,-0
0.0221746608401516,-0
0.022176446649432,-0
0.022178231606484,-0
0.0221800157190984,-0
0.0221817989824423,-0
0.0221835814012985,-0
0.0221853629775145,-0
0.0221871437086332,-0
0.0221889235997042,-0
0.0221907026525084,-0
0.022192480866868,-0
0.0221942582431469,-0
0.0221960347877009,-0
0.022197810498238,-0
0.022199585376472,-0
0.0222013594249348,-0
0.0222031326447065,-0
0.0222049050362067,-0
0.0222066766037865,-0
0.0222084473432487,-0
0.0222102172602215,-0
0.0222119863561385,-0
0.0222137546317848,-0
0.0222155220891249,-0
0.0222172887291099,-0
0.0222190545524731,-0
0.0222208195623311,-0
0.022222583758214,-0
0.0222243471443433,-0
0.0222261097196149,-0
0.0222278714854458,-0
0.0222296324436076,-0
0.0222313925951948,-0
0.0222331519434277,-0
0.0222349104880591,-0
0.022236668231005,-0
0.0222384251730115,-0
0.0222401813155115,-0
0.0222419366590524,-0
0.0222436912087326,-0
0.0222454449597001,-0
0.0222471979197211,-0
0.0222489500869677,-0
0.022250701464689,-0
0.0222524520530788,-0
0.0222542018521044,-0
0.0222559508634926,-0
0.0222576990910477,-0
0.022259446533781,-0
0.022261193194256,-0
0.0222629390730616,-0
0.0222646841694371,-0
0.0222664284885566,-0
0.0222681720301361,-0
0.0222699147953786,-0
0.0222716567854024,-0
0.0222733980026129,-0
0.0222751384459656,-0
0.0222768781178484,-0
0.0222786170208413,-0
0.0222803551536981,-0
0.0222820926487482,-0
0.0222838297190454,-0
0.0222855663621172,-0
0.0222873025865298,-0
0.022289038389531,-0
0.0222907737744884,-0
0.0222925087367757,-0
0.0222942432761432,-0
0.022295977394212,-0
0.0222977110898892,-0
0.0222994443659146,-0
0.0223011772207248,-0
0.022302909654102,-0
0.0223046416670976,-0
0.0223063732607065,-0
0.0223081044344046,-0
0.022309835188807,-0
0.0223115655269608,-0
0.0223132954445339,-0
0.0223150249468342,-0
0.0223167540324681,-0
0.0223184827021514,-0
0.0223202109559057,-0
0.0223219387968263,-0
0.0223236662239731,-0
0.0223253932380685,-0
0.0223271198397476,-0
0.0223288460321657,-0
0.0223305718149283,-0
0.0223322971872284,-0
0.0223340221499663,-0
0.0223357467036836,-0
0.0223374708507567,-0
0.0223391945922477,-0
0.0223409179261572,-0
0.0223426408563061,-0
0.022344363381801,-0
0.0223460855034724,-0
0.0223478072240398,-0
0.02234952854195,-0
0.0223512494610815,-0
0.0223529699789185,-0
0.022354690097725,-0
0.0223564098174654,-0
0.0223581291401476,-0
0.0223598480655787,-0
0.0223615665951903,-0
0.022363284729903,-0
0.0223650024664501,-0
0.0223667198082348,-0
0.0223684367595209,-0
0.0223701533171601,-0
0.0223718694843512,-0
0.0223735852611471,-0
0.0223753006486254,-0
0.0223770156456526,-0
0.0223787302509539,-0
0.0223804444689147,-0
0.0223821582988767,-0
0.0223838717460992,-0
0.0223855848070437,-0
0.0223872974842411,-0
0.0223890097770477,-0
0.022390721685818,-0
0.0223924332137089,-0
0.0223941443575162,-0
0.0223958551201213,-0
0.0223975655034394,-0
0.0223992755076919,-0
0.0224009851320171,-0
0.0224026943775218,-0
0.0224044032472028,-0
0.0224061117378934,-0
0.0224078198541867,-0
0.0224095275929914,-0
0.022411234959399,-0
0.0224129419517356,-0
0.0224146485710221,-0
0.0224163548173583,-0
0.022418060692988,-0
0.0224197661968633,-0
0.0224214713301416,-0
0.0224231760960057,-0
0.0224248804924742,-0
0.022426584520127,-0
0.0224282881789818,-0
0.0224299914727531,-0
0.0224316943998439,-0
0.0224333969617867,-0
0.02243509915687,-0
0.0224368009896996,-0
0.0224385024594099,-0
0.0224402035650485,-0
0.0224419043079445,-0
0.0224436046900492,-0
0.0224453047127339,-0
0.0224470043745533,-0
0.0224487036772592,-0
0.0224504026223582,-0
0.0224521012099588,-0
0.0224537994395927,-0
0.0224554973145754,-0
0.0224571948325566,-0
0.0224588919953569,-0
0.0224605888041299,-0
0.0224622852587722,-0
0.0224639813608511,-0
0.0224656771105956,-0
0.0224673725086027,-0
0.0224690675534838,-0
0.0224707622482712,-0
0.0224724565957416,-0
0.0224741505916211,-0
0.02247584424077,-0
0.0224775375394604,-0
0.0224792304930737,-0
0.0224809230994493,-0
0.0224826153596672,-0
0.0224843072758871,-0
0.0224859988480138,-0
0.0224876900742255,-0
0.0224893809572595,-0
0.0224910714980418,-0
0.0224927616942807,-0
0.0224944515510351,-0
0.0224961410668383,-0
0.0224978302440353,-0
0.0224995190794046,-0
0.0225012075752718,-0
0.0225028957341759,-0
0.0225045835547746,-0
0.0225062710391175,-0
0.0225079581851582,-0
0.0225096449958514,-0
0.022511331472982,-0
0.0225130176139219,-0
0.0225147034204959,-0
0.022516388895004,-0
0.0225180740358341,-0
0.0225197588445035,-0
0.0225214433199118,-0
0.0225231274649912,-0
0.0225248112807211,-0
0.022526494764965,-0
0.0225281779206782,-0
0.0225298607483643,-0
0.0225315432485735,-0
0.0225332254214675,-0
0.0225349072660127,-0
0.0225365887860336,-0
0.0225382699799446,-0
0.0225399508480676,-0
0.0225416313905549,-0
0.0225433116122232,-0
0.0225449915085883,-0
0.0225466710833526,-0
0.0225483503362288,-0
0.0225500292660283,-0
0.0225517078774943,-0
0.0225533861680999,-0
0.0225550641368158,-0
0.02255674178567,-0
0.0225584191171574,-0
0.022560096130327,-0
0.0225617728273781,-0
0.0225634492054257,-0
0.0225651252693812,-0
0.0225668010177875,-0
0.0225684764508213,-0
0.0225701515674382,-0
0.0225718263717668,-0
0.0225735008621209,-0
0.0225751750383924,-0
0.0225768489024064,-0
0.0225785224547612,-0
0.0225801956956824,-0
0.0225818686254524,-0
0.0225835412450019,-0
0.022585213553519,-0
0.022586885554548,-0
0.0225885572459413,-0
0.0225902286305631,-0
0.0225918997061128,-0
0.0225935704770206,-0
0.0225952409401494,-0
0.0225969110982495,-0
0.0225985809517453,-0
0.0226002504988147,-0
0.022601919744022,-0
0.0226035886841753,-0
0.0226052573204576,-0
0.0226069256559237,-0
0.0226085936892862,-0
0.0226102614203013,-0
0.0226119288491672,-0
0.0226135959794113,-0
0.0226152628081659,-0
0.0226169293379932,-0
0.0226185955699031,-0
0.0226202615036439,-0
0.0226219271391815,-0
0.022623592477105,-0
0.0226252575185325,-0
0.0226269222625203,-0
0.0226285867127602,-0
0.0226302508667891,-0
0.02263191472556,-0
0.0226335782899845,-0
0.0226352415621126,-0
0.0226369045414615,-0
0.0226385672265134,-0
0.0226402296185852,-0
0.0226418917198724,-0
0.0226435535270168,-0
0.022645215046396,-0
0.0226468762765652,-0
0.0226485372155176,-0
0.0226501978657249,-0
0.0226518582285099,-0
0.0226535183010697,-0
0.0226551780875272,-0
0.0226568375868293,-0
0.0226584967986505,-0
0.022660155723625,-0
0.0226618143629457,-0
0.0226634727197229,-0
0.0226651307901247,-0
0.0226667885773811,-0
0.0226684460802416,-0
0.0226701033008013,-0
0.0226717602360403,-0
0.0226734168914012,-0
0.0226750732659394,-0
0.0226767293566493,-0
0.0226783851679326,-0
0.022680040698423,-0
0.0226816959479142,-0
0.022683350917838,-0
0.0226850056101353,-0
0.0226866600233436,-0
0.0226883141577672,-0
0.0226899680158692,-0
0.0226916215959111,-0
0.0226932748987662,-0
0.0226949279276172,-0
0.0226965806801739,-0
0.0226982331585177,-0
0.0226998853617478,-0
0.0227015372912145,-0
0.0227031889454172,-0
0.0227048403288324,-0
0.0227064914380046,-0
0.0227081422731933,-0
0.0227097928388769,-0
0.0227114431318355,-0
0.0227130931536842,-0
0.0227147429046716,-0
0.0227163923856725,-0
0.0227180415983558,-0
0.0227196905421169,-0
0.0227213392165345,-0
0.022722987622481,-0
0.0227246357622792,-0
0.0227262836348802,-0
0.0227279312399216,-0
0.0227295785762777,-0
0.0227312256482856,-0
0.0227328724540014,-0
0.0227345189960688,-0
0.0227361652726474,-0
0.0227378112844799,-0
0.0227394570310504,-0
0.0227411025139812,-0
0.0227427477363198,-0
0.0227443926960418,-0
0.0227460373929561,-0
0.0227476818298756,-0
0.0227493260066138,-0
0.022750969919747,-0
0.0227526135742819,-0
0.022754256969743,-0
0.0227559001026799,-0
0.0227575429777444,-0
0.0227591855940432,-0
0.0227608279533213,-0
0.0227624700552367,-0
0.022764111899009,-0
0.0227657534882752,-0
0.0227673948178475,-0
0.0227690358915647,-0
0.0227706767116966,-0
0.0227723172766039,-0
0.0227739575854286,-0
0.0227755976411564,-0
0.0227772374416191,-0
0.0227788769888634,-0
0.022780516281445,-0
0.0227821553232334,-0
0.0227837941111258,-0
0.0227854326478096,-0
0.0227870709339735,-0
0.0227887089675801,-0
0.022790346751689,-0
0.0227919842848902,-0
0.0227936215678515,-0
0.0227952586026891,-0
0.0227968953877313,-0
0.0227985319246107,-0
0.0228001682138794,-0
0.0228018042551067,-0
0.0228034400498922,-0
0.0228050755972758,-0
0.0228067109001303,-0
0.0228083459545891,-0
0.022809980764527,-0
0.0228116153270636,-0
0.0228132496455223,-0
0.022814883719178,-0
0.0228165175502953,-0
0.0228181511364818,-0
0.0228197844808751,-0
0.0228214175808874,-0
0.022823050437924,-0
0.0228246830529694,-0
0.0228263154267425,-0
0.0228279475584517,-0
0.0228295794497455,-0
0.0228312110996031,-0
0.0228328425104783,-0
0.0228344736779795,-0
0.0228361046080485,-0
0.0228377353003441,-0
0.0228393657526115,-0
0.0228409959674221,-0
0.0228426259421966,-0
0.0228442556815167,-0
0.0228458851853088,-0
0.0228475144511212,-0
0.0228491434811103,-0
0.0228507722736095,-0
0.0228524008286202,-0
0.0228540291507708,-0
0.0228556572367261,-0
0.0228572850911419,-0
0.0228589127096871,-0
0.0228605400944878,-0
0.0228621672445974,-0
0.0228637941628749,-0
0.0228654208486722,-0
0.0228670473008316,-0
0.0228686735210313,-0
0.0228702995111973,-0
0.0228719252704054,-0
0.022873550799276,-0
0.0228751760952809,-0
0.022876801161838,-0
0.0228784259978015,-0
0.0228800506052495,-0
0.0228816749844701,-0
0.0228832991345467,-0
0.0228849230574249,-0
0.0228865467513165,-0
0.0228881702189427,-0
0.0228897934584852,-0
0.0228914164704579,-0
0.0228930392572064,-0
0.0228946618169208,-0
0.0228962841508002,-0
0.0228979062596881,-0
0.022899528141957,-0
0.0229011498023674,-0
0.0229027712375437,-0
0.0229043924463963,-0
0.0229060134330826,-0
0.0229076341975497,-0
0.0229092547382625,-0
0.0229108750551314,-0
0.0229124951516907,-0
0.0229141150264716,-0
0.0229157346793753,-0
0.0229173541099725,-0
0.0229189733205545,-0
0.0229205923088124,-0
0.0229222110797602,-0
0.0229238296290742,-0
0.0229254479600026,-0
0.0229270660714826,-0
0.0229286839640354,-0
0.0229303016386955,-0
0.0229319190944205,-0
0.0229335363332432,-0
0.0229351533527882,-0
0.0229367701538433,-0
0.0229383867397362,-0
0.0229400031107385,-0
0.0229416192646591,-0
0.0229432352030971,-0
0.0229448509261959,-0
0.0229464664335576,-0
0.0229480817243605,-0
0.0229496968025906,-0
0.0229513116690191,-0
0.0229529263202594,-0
0.0229545407585602,-0
0.0229561549820496,-0
0.022957768994899,-0
0.0229593827932446,-0
0.0229609963781994,-0
0.0229626097526133,-0
0.0229642229151758,-0
0.0229658358664336,-0
0.0229674486074183,-0
0.0229690611378594,-0
0.0229706734582053,-0
0.0229722855687074,-0
0.0229738974705951,-0
0.0229755091629042,-0
0.0229771206468985,-0
0.0229787319201983,-0
0.0229803429879967,-0
0.022981953845559,-0
0.0229835644965711,-0
0.0229851749386077,-0
0.0229867851742505,-0
0.0229883952030952,-0
0.0229900050259675,-0
0.0229916146436918,-0
0.0229932240564385,-0
0.0229948332613518,-0
0.0229964422618386,-0
0.022998051058185,-0
0.0229996596494633,-0
0.0230012680360615,-0
0.0230028762186309,-0
0.0230044841976386,-0
0.0230060919750654,-0
0.0230076995482372,-0
0.0230093069194959,-0
0.0230109140889054,-0
0.0230125210544264,-0
0.0230141278196995,-0
0.0230157343835903,-0
0.0230173407450767,-0
0.0230189469064394,-0
0.0230205528670843,-0
0.0230221586263855,-0
0.0230237641881053,-0
0.0230253695497638,-0
0.0230269747109273,-0
0.023028579672985,-0
0.0230301844365685,-0
0.0230317890024527,-0
0.0230333933681882,-0
0.0230349975386507,-0
0.0230366015100645,-0
0.0230382052851548,-0
0.0230398088629266,-0
0.023041412243605,-0
0.0230430154273541,-0
0.0230446184158974,-0
0.0230462212083428,-0
0.0230478238070913,-0
0.0230494262097738,-0
0.0230510284163614,-0
0.023052630429305,-0
0.0230542322481351,-0
0.0230558338724687,-0
0.0230574353033696,-0
0.0230590365403888,-0
0.0230606375845485,-0
0.0230622384350541,-0
0.023063839092936,-0
0.0230654395600254,-0
0.0230670398334043,-0
0.0230686399177903,-0
0.0230702398083665,-0
0.0230718395081709,-0
0.0230734390186466,-0
0.0230750383367526,-0
0.0230766374637226,-0
0.0230782364022743,-0
0.0230798351501866,-0
0.0230814337087393,-0
0.0230830320770777,-0
0.023084630257743,-0
0.0230862282491869,-0
0.0230878260521917,-0
0.0230894236675983,-0
0.0230910210943921,-0
0.0230926183325771,-0
0.0230942153843039,-0
0.0230958122500557,-0
0.0230974089289022,-0
0.0230990054225718,-0
0.0231006017283414,-0
0.0231021978492124,-0
0.023103793784678,-0
0.0231053895336442,-0
0.0231069850980812,-0
0.0231085804770789,-0
0.0231101756701582,-0
0.02311177068041,-0
0.0231133655071547,-0
0.0231149601487611,-0
0.0231165546082189,-0
0.0231181488840627,-0
0.0231197429784396,-0
0.0231213368892008,-0
0.0231229306185416,-0
0.0231245241648476,-0
0.0231261175275127,-0
0.0231277107104366,-0
0.0231293037110702,-0
0.0231308965318648,-0
0.0231324891714261,-0
0.0231340816299324,-0
0.0231356739075487,-0
0.0231372660058755,-0
0.0231388579238431,-0
0.0231404496617645,-0
0.0231420412206465,-0
0.0231436326010335,-0
0.0231452238019387,-0
0.0231468148256327,-0
0.0231484056696012,-0
0.0231499963375527,-0
0.0231515868272944,-0
0.0231531771394998,-0
0.0231547672747133,-0
0.0231563572318488,-0
0.0231579470130092,-0
0.0231595366181068,-0
0.0231611260459409,-0
0.0231627152984676,-0
0.0231643043758752,-0
0.0231658932756346,-0
0.023167482000865,-0
0.0231690705524428,-0
0.0231706589293381,-0
0.0231722471323252,-0
0.0231738351609081,-0
0.0231754230138598,-0
0.0231770106934956,-0
0.0231785982005054,-0
0.0231801855343019,-0
0.0231817726964898,-0
0.0231833596828918,-0
0.0231849464991761,-0
0.0231865331431607,-0
0.0231881196151431,-0
0.0231897059163617,-0
0.0231912920446044,-0
0.0231928780014369,-0
0.0231944637869573,-0
0.023196049402446,-0
0.0231976348489126,-0
0.0231992201235963,-0
0.023200805229055,-0
0.0232023901640854,-0
0.0232039749298442,-0
0.0232055595263315,-0
0.023207143953758,-0
0.0232087282125706,-0
0.0232103123027584,-0
0.0232118962234284,-0
0.0232134799771203,-0
0.0232150635631771,-0
0.0232166469802271,-0
0.0232182302306872,-0
0.0232198133146984,-0
0.0232213962317981,-0
0.0232229789813549,-0
0.0232245615636976,-0
0.023226143980618,-0
0.0232277262322303,-0
0.0232293083178783,-0
0.0232308902377349,-0
0.0232324719916256,-0
0.0232340535807267,-0
0.0232356350039298,-0
0.0232372162644071,-0
0.0232387973606099,-0
0.0232403782913765,-0
0.0232419590597689,-0
0.0232435396638187,-0
0.0232451201048204,-0
0.0232467003818515,-0
0.0232482804966791,-0
0.0232498604486777,-0
0.0232514402364513,-0
0.0232530198641567,-0
0.0232545993281548,-0
0.0232561786309633,-0
0.0232577577720142,-0
0.0232593367517791,-0
0.0232609155690026,-0
0.0232624942268865,-0
0.0232640727224495,-0
0.0232656510578221,-0
0.0232672292345894,-0
0.0232688072508743,-0
0.023270385105348,-0
0.0232719628014615,-0
0.0232735403375052,-0
0.0232751177158939,-0
0.0232766949350813,-0
0.023278271995434,-0
0.0232798488977548,-0
0.0232814256400514,-0
0.0232830022251991,-0
0.0232845786527912,-0
0.0232861549226856,-0
0.0232877310348831,-0
0.023289306989375,-0
0.0232908827869354,-0
0.0232924584266159,-0
0.0232940339108837,-0
0.0232956092390329,-0
0.0232971844100966,-0
0.0232987594253542,-0
0.0233003342858295,-0
0.0233019089903903,-0
0.0233034835390603,-0
0.0233050579341727,-0
0.0233066321724235,-0
0.0233082062580445,-0
0.0233097801886578,-0
0.023311353965229,-0
0.0233129275871763,-0
0.0233145010554957,-0
0.0233160743717187,-0
0.0233176475333197,-0
0.0233192205413281,-0
0.0233207933968023,-0
0.0233223660990095,-0
0.0233239386486485,-0
0.0233255110457956,-0
0.0233270832912167,-0
0.0233286553823273,-0
0.0233302273241959,-0
0.0233317991148689,-0
0.0233333707540797,-0
0.0233349422439809,-0
0.0233365135807059,-0
0.0233380847671157,-0
0.0233396558029444,-0
0.0233412266891119,-0
0.0233427974267426,-0
0.0233443680121466,-0
0.0233459384485586,-0
0.0233475087366353,-0
0.0233490788739197,-0
0.0233506488624714,-0
0.0233522187015374,-0
0.0233537883931489,-0
0.023355357937306,-0
0.0233569273316642,-0
0.0233584965766582,-0
0.0233600656749973,-0
0.0233616346256156,-0
0.0233632034276177,-0
0.0233647720838507,-0
0.0233663405923428,-0
0.0233679089538113,-0
0.0233694771698643,-0
0.0233710452379905,-0
0.0233726131606415,-0
0.0233741809362245,-0
0.0233757485672768,-0
0.0233773160533333,-0
0.0233788833934591,-0
0.0233804505865973,-0
0.0233820176372171,-0
0.0233835845415766,-0
0.0233851513021894,-0
0.0233867179174377,-0
0.023388284387503,-0
0.0233898507146916,-0
0.0233914168970605,-0
0.0233929829351274,-0
0.0233945488286464,-0
0.0233961145795654,-0
0.0233976801898706,-0
0.0233992456547487,-0
0.0234008109782165,-0
0.0234023761585591,-0
0.0234039411970131,-0
0.0234055060922733,-0
0.0234070708478398,-0
0.0234086354613441,-0
0.0234101999324834,-0
0.0234117642620639,-0
0.0234133284503825,-0
0.0234148924976747,-0
0.0234164564050915,-0
0.0234180201698544,-0
0.0234195837961218,-0
0.023421147281775,-0
0.0234227106262821,-0
0.0234242738309614,-0
0.0234258368941654,-0
0.0234273998179192,-0
0.0234289626035155,-0
0.0234305252510475,-0
0.0234320877574259,-0
0.0234336501266623,-0
0.0234352123571021,-0
0.02343677444849,-0
0.0234383364012649,-0
0.0234398982162936,-0
0.0234414598935417,-0
0.0234430214326293,-0
0.0234445828324885,-0
0.023446144095986,-0
0.0234477052229378,-0
0.0234492662121192,-0
0.0234508270646895,-0
0.0234523877793316,-0
0.0234539483596429,-0
0.0234555088027771,-0
0.0234570691106396,-0
0.0234586292811376,-0
0.0234601893169221,-0
0.0234617492157406,-0
0.0234633089802916,-0
0.0234648686084615,-0
0.0234664281028771,-0
0.0234679874618583,-0
0.0234695466856224,-0
0.023471105774852,-0
0.0234726647318975,-0
0.0234742235533221,-0
0.0234757822410921,-0
0.0234773407955819,-0
0.0234788992146198,-0
0.0234804575019027,-0
0.0234820156544189,-0
0.0234835736739624,-0
0.0234851315601219,-0
0.0234866893137761,-0
0.0234882469344403,-0
0.0234898044251805,-0
0.0234913617807935,-0
0.0234929190041472,-0
0.0234944760973687,-0
0.0234960330574643,-0
0.0234975898870026,-0
0.0234991465853813,-0
0.0235007031505945,-0
0.0235022595852472,-0
0.0235038158897997,-0
0.023505372064272,-0
0.0235069281075491,-0
0.0235084840211271,-0
0.0235100398043359,-0
0.0235115954560735,-0
0.0235131509769571,-0
0.0235147063707245,-0
0.0235162616342059,-0
0.0235178167697739,-0
0.0235193717731995,-0
0.0235209266467484,-0
0.0235224813924421,-0
0.0235240360108799,-0
0.0235255904998627,-0
0.0235271448609597,-0
0.0235286990924048,-0
0.0235302531983377,-0
0.0235318071752817,-0
0.0235333610252699,-0
0.0235349147452502,-0
0.0235364683383335,-0
0.0235380218027253,-0
0.0235395751427265,-0
0.0235411283548507,-0
0.0235426814405133,-0
0.0235442343981003,-0
0.0235457872315955,-0
0.0235473399373998,-0
0.023548892517673,-0
0.0235504449718458,-0
0.0235519972994567,-0
0.0235535495003835,-0
0.0235551015778225,-0
0.0235566535290623,-0
0.0235582053561216,-0
0.0235597570570257,-0
0.0235613086337109,-0
0.0235628600862279,-0
0.0235644114136814,-0
0.0235659626168553,-0
0.0235675136951476,-0
0.023569064649497,-0
0.0235706154810238,-0
0.0235721661888744,-0
0.0235737167711445,-0
0.0235752672321891,-0
0.023576817569347,-0
0.0235783677826036,-0
0.0235799178734646,-0
0.0235814678426951,-0
0.0235830176875927,-0
0.0235845674099744,-0
0.0235861170114084,-0
0.0235876664898164,-0
0.0235892158451126,-0
0.0235907650808514,-0
0.0235923141930022,-0
0.023593863183241,-0
0.0235954120522304,-0
0.0235969608012224,-0
0.0235985094273066,-0
0.0236000579343592,-0
0.0236016063196007,-0
0.0236031545860429,-0
0.0236047027302111,-0
0.0236062507529735,-0
0.023607798657326,-0
0.0236093464411951,-0
0.0236108941064137,-0
0.0236124416518397,-0
0.0236139890783553,-0
0.0236155363836299,-0
0.0236170835704246,-0
0.0236186306388927,-0
0.0236201775865151,-0
0.0236217244149578,-0
0.0236232711244977,-0
0.0236248177150266,-0
0.0236263641884196,-0
0.023627910544319,-0
0.0236294567827023,-0
0.0236310029013168,-0
0.0236325489027641,-0
0.0236340947845511,-0
0.0236356405525658,-0
0.023637186201173,-0
0.023638731734411,-0
0.0236402771501191,-0
0.023641822448622,-0
0.0236433676296204,-0
0.0236449126950495,-0
0.0236464576423124,-0
0.0236480024742112,-0
0.0236495471891982,-0
0.0236510917902483,-0
0.0236526362740413,-0
0.023654180640735,-0
0.0236557248936322,-0
0.0236572690305198,-0
0.0236588130510603,-0
0.0236603569570308,-0
0.0236619007477453,-0
0.0236634444256417,-0
0.0236649879855052,-0
0.0236665314326001,-0
0.0236680747632215,-0
0.023669617980153,-0
0.0236711610840019,-0
0.0236727040730112,-0
0.0236742469478783,-0
0.0236757897097821,-0
0.0236773323581308,-0
0.023678874893059,-0
0.0236804173145765,-0
0.0236819596218872,-0
0.023683501816889,-0
0.023685043900395,-0
0.0236865858698012,-0
0.0236881277264037,-0
0.0236896694697257,-0
0.0236912111024878,-0
0.023692752622384,-0
0.0236942940289008,-0
0.0236958353250956,-0
0.023697376510086,-0
0.0236989175828772,-0
0.023700458543358,-0
0.0237019993933275,-0
0.0237035401299617,-0
0.0237050807560697,-0
0.0237066212727015,-0
0.0237081616765817,-0
0.0237097019703725,-0
0.0237112421541047,-0
0.0237127822280668,-0
0.0237143221905616,-0
0.0237158620418447,-0
0.023717401785238,-0
0.0237189414181616,-0
0.0237204809401754,-0
0.0237220203536299,-0
0.0237235596568611,-0
0.023725098850654,-0
0.0237266379356473,-0
0.0237281769119558,-0
0.0237297157793959,-0
0.0237312545378879,-0
0.0237327931870517,-0
0.0237343317276715,-0
0.0237358701584677,-0
0.0237374084829252,-0
0.0237389466996293,-0
0.0237404848069841,-0
0.023742022806294,-0
0.0237435606981394,-0
0.0237450984820279,-0
0.0237466361590309,-0
0.0237481737288077,-0
0.0237497111912096,-0
0.023751248546926,-0
0.0237527857951775,-0
0.0237543229346924,-0
0.0237558599696344,-0
0.0237573968971138,-0
0.0237589337183038,-0
0.0237604704344156,-0
0.0237620070417151,-0
0.0237635435447793,-0
0.0237650799415802,-0
0.0237666162319449,-0
0.0237681524175281,-0
0.0237696884974685,-0
0.0237712244710047,-0
0.0237727603404479,-0
0.0237742961044099,-0
0.0237758317632851,-0
0.0237773673181044,-0
0.0237789027676541,-0
0.0237804381126327,-0
0.0237819733514587,-0
0.0237835084881945,-0
0.0237850435197611,-0
0.0237865784458565,-0
0.0237881132697618,-0
0.0237896479878989,-0
0.0237911826029005,-0
0.0237927171128884,-0
0.0237942515205682,-0
0.0237957858236101,-0
0.0237973200233469,-0
0.0237988541211029,-0
0.0238003881142281,-0
0.0238019220048892,-0
0.0238034557936572,-0
0.0238049894779871,-0
0.0238065230630078,-0
0.0238080565433364,-0
0.0238095899213471,-0
0.0238111231967573,-0
0.0238126563719921,-0
0.0238141894446535,-0
0.0238157224163693,-0
0.0238172552852855,-0
0.0238187880525792,-0
0.0238203207170831,-0
0.0238218532808351,-0
0.0238233857451807,-0
0.0238249181060894,-0
0.0238264503680116,-0
0.0238279825288148,-0
0.0238295145885017,-0
0.0238310465467204,-0
0.0238325784040171,-0
0.0238341101603545,-0
0.023835641817559,-0
0.0238371733741063,-0
0.0238387048313303,-0
0.0238402361870676,-0
0.0238417674448743,-0
0.0238432986013527,-0
0.0238448296595612,-0
0.023846360618927,-0
0.0238478914781903,-0
0.0238494222378538,-0
0.0238509528994406,-0
0.0238524834602462,-0
0.0238540139229256,-0
0.0238555442870221,-0
0.0238570745510874,-0
0.0238586047193537,-0
0.0238601347870625,-0
0.0238616647571286,-0
0.0238631946299781,-0
0.0238647244039094,-0
0.0238662540804295,-0
0.0238677836583188,-0
0.0238693131380086,-0
0.0238708425207251,-0
0.0238723718055085,-0
0.0238739009932281,-0
0.0238754300814357,-0
0.0238769590748319,-0
0.0238784879711755,-0
0.0238800167696828,-0
0.0238815454730658,-0
0.023883074078373,-0
0.0238846025884744,-0
0.0238861310011478,-0
0.0238876593177603,-0
0.0238891875378049,-0
0.023890715660176,-0
0.0238922436883384,-0
0.0238937716202544,-0
0.0238952994574516,-0
0.0238968271989566,-0
0.0238983548442586,-0
0.0238998823949339,-0
0.023901409850154,-0
0.0239029372094513,-0
0.023904464474241,-0
0.0239059916466865,-0
0.0239075187206948,-0
0.0239090456999805,-0
0.0239105725841144,-0
0.0239120993749449,-0
0.0239136260693199,-0
0.0239151526713118,-0
0.0239166791797027,-0
0.0239182055929374,-0
0.0239197319118216,-0
0.0239212581389574,-0
0.0239227842704711,-0
0.0239243103078394,-0
0.0239258362510546,-0
0.0239273621010456,-0
0.0239288878598668,-0
0.0239304135236096,-0
0.0239319390944274,-0
0.0239334645728816,-0
0.0239349899578008,-0
0.0239365152502606,-0
0.0239380404509371,-0
0.0239395655581059,-0
0.0239410905728036,-0
0.023942615494404,-0
0.0239441403262255,-0
0.0239456650643172,-0
0.0239471897094364,-0
0.0239487142608633,-0
0.0239502387230737,-0
0.0239517630943528,-0
0.0239532873729038,-0
0.0239548115599701,-0
0.023956335655038,-0
0.0239578596614724,-0
0.0239593835760437,-0
0.0239609073977335,-0
0.023962431129513,-0
0.0239639547696722,-0
0.0239654783195333,-0
0.0239670017772957,-0
0.0239685251455592,-0
0.0239700484247032,-0
0.0239715716124717,-0
0.0239730947092745,-0
0.0239746177155838,-0
0.0239761406328332,-0
0.0239776634595984,-0
0.0239791861981437,-0
0.023980708845478,-0
0.0239822314033729,-0
0.0239837538723245,-0
0.0239852762507729,-0
0.0239867985402358,-0
0.0239883207403834,-0
0.0239898428523958,-0
0.02399136487422,-0
0.0239928868079176,-0
0.023994408653114,-0
0.0239959304106069,-0
0.0239974520775426,-0
0.023998973656083,-0
0.024000495146417,-0
0.0240020165488903,-0
0.0240035378611385,-0
0.0240050590859146,-0
0.024006580224802,-0
0.0240081012741737,-0
0.0240096222384307,-0
0.024011143111842,-0
0.024012663898639,-0
0.0240141845972789,-0
0.0240157052094905,-0
0.0240172257334573,-0
0.0240187461703398,-0
0.0240202665215062,-0
0.0240217867846201,-0
0.0240233069605938,-0
0.0240248270489174,-0
0.0240263470506078,-0
0.0240278669678623,-0
0.0240293867977976,-0
0.0240309065408322,-0
0.0240324261985797,-0
0.0240339457692405,-0
0.024035465254773,-0
0.0240369846531462,-0
0.0240385039647371,-0
0.0240400231931021,-0
0.0240415423363082,-0
0.0240430613916526,-0
0.0240445803605736,-0
0.0240460992460097,-0
0.0240476180461635,-0
0.024049136760299,-0
0.0240506553886368,-0
0.0240521739326357,-0
0.0240536923905754,-0
0.0240552107635912,-0
0.0240567290525512,-0
0.0240582472570181,-0
0.024059765377049,-0
0.0240612834125971,-0
0.0240628013637205,-0
0.024064319230496,-0
0.0240658370133501,-0
0.0240673547122655,-0
0.0240688723266117,-0
0.0240703898568136,-0
0.0240719073032839,-0
0.0240734246660456,-0
0.0240749419465261,-0
0.0240764591425254,-0
0.0240779762558951,-0
0.0240794932851442,-0
0.024081010231928,-0
0.0240825270949638,-0
0.0240840438733401,-0
0.0240855605704836,-0
0.0240870771853816,-0
0.0240885937158988,-0
0.0240901101641118,-0
0.0240916265283549,-0
0.0240931428123944,-0
0.0240946590128757,-0
0.024096175132582,-0
0.024097691169279,-0
0.024099207122639,-0
0.0241007229952487,-0
0.0241022387848627,-0
0.024103754494633,-0
0.0241052701216018,-0
0.0241067856654901,-0
0.0241083011293181,-0
0.0241098165110445,-0
0.0241113318106151,-0
0.0241128470302619,-0
0.0241143621675286,-0
0.0241158772244937,-0
0.0241173921999903,-0
0.0241189070952382,-0
0.0241204219087701,-0
0.0241219366424086,-0
0.0241234512939991,-0
0.02412496586504,-0
0.0241264803558025,-0
0.0241279947659609,-0
0.0241295090961866,-0
0.0241310233471536,-0
0.0241325375175226,-0
0.0241340516082845,-0
0.0241355656179663,-0
0.0241370795497064,-0
0.0241385934000804,-0
0.0241401071719948,-0
0.0241416208635204,-0
0.0241431344747122,-0
0.024144648007346,-0
0.0241461614614959,-0
0.0241476748360915,-0
0.0241491881300098,-0
0.024150701346409,-0
0.0241522144843092,-0
0.0241537275415734,-0
0.024155240520597,-0
0.0241567534200468,-0
0.0241582662417627,-0
0.0241597789861026,-0
0.0241612916501791,-0
0.0241628042377907,-0
0.0241643167448616,-0
0.0241658291746822,-0
0.0241673415257514,-0
0.0241688537987275,-0
0.0241703659929809,-0
0.0241718781117401,-0
0.0241733901518396,-0
0.0241749021134598,-0
0.0241764139970786,-0
0.0241779258049113,-0
0.0241794375348763,-0
0.0241809491876703,-0
0.0241824607656279,-0
0.0241839722638267,-0
0.0241854836841494,-0
0.0241869950280694,-0
0.0241885062952048,-0
0.0241900174852171,-0
0.0241915285985213,-0
0.0241930396363612,-0
0.0241945505979365,-0
0.0241960614824646,-0
0.0241975722893172,-0
0.0241990830197344,-0
0.0242005936767263,-0
0.0242021042571673,-0
0.0242036147603487,-0
0.0242051251867899,-0
0.0242066355389948,-0
0.0242081458135724,-0
0.024209656013009,-0
0.0242111661374905,-0
0.0242126761851336,-0
0.0242141861585249,-0
0.0242156960555441,-0
0.0242172058772997,-0
0.0242187156244236,-0
0.0242202252965748,-0
0.0242217348936162,-0
0.0242232444148539,-0
0.0242247538618963,-0
0.0242262632336581,-0
0.0242277725297706,-0
0.0242292817532357,-0
0.0242307909012348,-0
0.0242322999744811,-0
0.0242338089739297,-0
0.0242353178972515,-0
0.0242368267481567,-0
0.0242383355225819,-0
0.0242398442240201,-0
0.0242413528510522,-0
0.024242861406585,-0
0.0242443698869991,-0
0.0242458782936711,-0
0.0242473866267519,-0
0.0242488948862072,-0
0.0242504030732453,-0
0.0242519111850193,-0
0.0242534192238083,-0
0.024254927189633,-0
0.0242564350812894,-0
0.0242579429000448,-0
0.0242594506467221,-0
0.0242609583202338,-0
0.0242624659208234,-0
0.0242639734483778,-0
0.0242654809022213,-0
0.0242669882845214,-0
0.0242684955934127,-0
0.024270002830697,-0
0.0242715099968454,-0
0.024273017088775,-0
0.0242745241092999,-0
0.0242760310573161,-0
0.0242775379333945,-0
0.0242790447386699,-0
0.0242805514707878,-0
0.0242820581305815,-0
0.024283564718784,-0
0.0242850712342476,-0
0.0242865776789395,-0
0.0242880840529439,-0
0.0242895903536352,-0
0.0242910965836125,-0
0.0242926027432039,-0
0.0242941088320825,-0
0.0242956148494997,-0
0.0242971207942672,-0
0.0242986266707854,-0
0.0243001324742426,-0
0.0243016382075848,-0
0.0243031438713677,-0
0.0243046494628004,-0
0.0243061549846866,-0
0.0243076604358331,-0
0.0243091658156259,-0
0.0243106711249105,-0
0.0243121763627212,-0
0.0243136815316636,-0
0.024315186631485,-0
0.0243166916590892,-0
0.0243181966178295,-0
0.0243197015068786,-0
0.0243212063277327,-0
0.0243227110758716,-0
0.0243242157561491,-0
0.0243257203652057,-0
0.0243272249055204,-0
0.0243287293758855,-0
0.0243302337778228,-0
0.0243317381095109,-0
0.024333242372955,-0
0.0243347465667744,-0
0.0243362506907457,-0
0.0243377547469388,-0
0.0243392587350248,-0
0.0243407626535417,-0
0.0243422665031099,-0
0.0243437702829541,-0
0.0243452739936396,-0
0.0243467776366822,-0
0.0243482812109876,-0
0.0243497847159891,-0
0.0243512881526227,-0
0.0243527915212594,-0
0.0243542948216606,-0
0.0243557980541554,-0
0.0243573012200769,-0
0.0243588043167599,-0
0.0243603073448308,-0
0.0243618103061796,-0
0.0243633131992473,-0
0.0243648160245218,-0
0.0243663187823975,-0
0.024367821472665,-0
0.0243693240953071,-0
0.0243708266500646,-0
0.0243723291389236,-0
0.0243738315595096,-0
0.0243753339122334,-0
0.0243768361996232,-0
0.0243783384177047,-0
0.0243798405703664,-0
0.0243813426547307,-0
0.0243828446733655,-0
0.0243843466241027,-0
0.0243858485089333,-0
0.0243873503257502,-0
0.0243888520781721,-0
0.0243903537615854,-0
0.0243918553800341,-0
0.0243933569313451,-0
0.0243948584167866,-0
0.0243963598351222,-0
0.0243978611876047,-0
0.024399362474535,-0
0.0244008636954548,-0
0.0244023648499974,-0
0.0244038659396845,-0
0.0244053669619468,-0
0.024406867920493,-0
0.0244083688119277,-0
0.0244098696394086,-0
0.0244113703990985,-0
0.0244128710959706,-0
0.0244143717267196,-0
0.0244158722913005,-0
0.0244173727906987,-0
0.0244188732252565,-0
0.0244203735946297,-0
0.0244218738991716,-0
0.0244233741381341,-0
0.0244248743134228,-0
0.0244263744220753,-0
0.0244278744669694,-0
0.0244293744483856,-0
0.0244308743620633,-0
0.0244323742139436,-0
0.0244338740014149,-0
0.0244353737245539,-0
0.0244368733818637,-0
0.024438372977307,-0
0.0244398725060572,-0
0.024441371971033,-0
0.0244428713716602,-0
0.0244443707092463,-0
0.0244458699824737,-0
0.0244473691931389,-0
0.0244488683391939,-0
0.0244503674207485,-0
0.0244518664394416,-0
0.0244533653943716,-0
0.024454864284833,-0
0.0244563631124316,-0
0.0244578618776007,-0
0.0244593605766114,-0
0.0244608592147645,-0
0.0244623577885816,-0
0.0244638562998776,-0
0.0244653547482907,-0
0.0244668531326041,-0
0.0244683514547336,-0
0.0244698497142568,-0
0.0244713479101591,-0
0.0244728460430268,-0
0.0244743441137844,-0
0.0244758421227149,-0
0.0244773400695201,-0
0.0244788379535813,-0
0.0244803357739125,-0
0.0244818335325109,-0
0.0244833312280283,-0
0.0244848288627605,-0
0.0244863264347642,-0
0.0244878239439541,-0
0.0244893213914343,-0
0.0244908187777671,-0
0.0244923161031482,-0
0.0244938133647199,-0
0.0244953105660689,-0
0.0244968077045235,-0
0.0244983047815823,-0
0.0244998017982739,-0
0.0245012987523708,-0
0.0245027956438302,-0
0.0245042924757446,-0
0.0245057892461795,-0
0.0245072859551286,-0
0.0245087826028368,-0
0.0245102791899504,-0
0.0245117757146838,-0
0.0245132721791438,-0
0.0245147685825474,-0
0.0245162649244094,-0
0.0245177612059753,-0
0.0245192574267156,-0
0.0245207535861134,-0
0.0245222496863994,-0
0.024523745726099,-0
0.0245252417053338,-0
0.0245267376244705,-0
0.0245282334824069,-0
0.0245297292806133,-0
0.0245312250183208,-0
0.0245327206951734,-0
0.0245342163135544,-0
0.0245357118706376,-0
0.0245372073680087,-0
0.0245387028043357,-0
0.0245401981827438,-0
0.0245416935005472,-0
0.0245431887587996,-0
0.0245446839558267,-0
0.02454617909394,-0
0.0245476741730687,-0
0.0245491691932856,-0
0.0245506641523247,-0
0.0245521590536096,-0
0.0245536538938911,-0
0.0245551486754145,-0
0.0245566433993632,-0
0.0245581380644274,-0
0.0245596326697551,-0
0.0245611272152714,-0
0.0245626217030244,-0
0.0245641161314596,-0
0.0245656105001347,-0
0.0245671048126678,-0
0.0245685990640187,-0
0.0245700932568996,-0
0.0245715873915139,-0
0.0245730814669443,-0
0.0245745754842016,-0
0.024576069443598,-0
0.0245775633440655,-0
0.024579057186019,-0
0.0245805509697052,-0
0.0245820446956186,-0
0.0245835383636715,-0
0.0245850319750525,-0
0.0245865255270731,-0
0.0245880190228567,-0
0.0245895124594418,-0
0.0245910058388416,-0
0.0245924991603038,-0
0.024593992423702,-0
0.0245954856300587,-0
0.0245969787783295,-0
0.0245984718685031,-0
0.0245999649019843,-0
0.0246014578798221,-0
0.0246029507977673,-0
0.0246044436594261,-0
0.0246059364641456,-0
0.0246074292116423,-0
0.0246089219019937,-0
0.0246104145363629,-0
0.024611907112149,-0
0.0246133996307342,-0
0.0246148920933085,-0
0.0246163844999051,-0
0.0246178768487316,-0
0.0246193691413878,-0
0.0246208613778518,-0
0.0246223535574999,-0
0.0246238456809272,-0
0.0246253377463536,-0
0.0246268297558126,-0
0.024628321709529,-0
0.0246298136071206,-0
0.0246313054477496,-0
0.0246327972330447,-0
0.0246342889626344,-0
0.0246357806366947,-0
0.0246372722534692,-0
0.0246387638151926,-0
0.0246402553188589,-0
0.0246417467684479,-0
0.0246432381632868,-0
0.0246447295022085,-0
0.0246462207856445,-0
0.0246477120117396,-0
0.0246492031836152,-0
0.0246506943009271,-0
0.0246521853607208,-0
0.0246536763668446,-0
0.0246551673175289,-0
0.024656658213482,-0
0.0246581490534898,-0
0.0246596398381154,-0
0.0246611305675243,-0
0.0246626212423099,-0
0.02466411186137,-0
0.0246656024260083,-0
0.0246670929356798,-0
0.0246685833902877,-0
0.024670073790974,-0
0.0246715641371627,-0
0.024673054428486,-0
0.0246745446656358,-0
0.0246760348474145,-0
0.0246775249737857,-0
0.0246790150471702,-0
0.0246805050659864,-0
0.0246819950306876,-0
0.0246834849406316,-0
0.024684974797648,-0
0.0246864645999946,-0
0.0246879543471141,-0
0.0246894440416527,-0
0.0246909336824394,-0
0.0246924232684273,-0
0.0246939128009065,-0
0.0246954022804213,-0
0.0246968917061363,-0
0.0246983810770479,-0
0.0246998703947422,-0
0.0247013596590523,-0
0.0247028488708917,-0
0.0247043380291225,-0
0.0247058271340549,-0
0.0247073161863846,-0
0.0247088051839544,-0
0.0247102941287728,-0
0.0247117830203678,-0
0.0247132718583352,-0
0.0247147606442725,-0
0.0247162493770663,-0
0.0247177380565985,-0
0.0247192266817848,-0
0.0247207152555827,-0
0.0247222037772761,-0
0.0247236922449934,-0
0.0247251806607726,-0
0.0247266690235841,-0
0.0247281573332355,-0
0.0247296455909988,-0
0.024731133796275,-0
0.0247326219491299,-0
0.0247341100489415,-0
0.0247355980979434,-0
0.0247370860928537,-0
0.024738574035948,-0
0.0247400619274072,-0
0.0247415497665703,-0
0.024743037554661,-0
0.0247445252894045,-0
0.0247460129715639,-0
0.0247475006030777,-0
0.024748988181427,-0
0.024750475710065,-0
0.0247519631864721,-0
0.0247534506103045,-0
0.0247549379823537,-0
0.0247564253040986,-0
0.0247579125743682,-0
0.0247593997932984,-0
0.0247608869602688,-0
0.0247623740761811,-0
0.0247638611380891,-0
0.0247653481511351,-0
0.0247668351138163,-0
0.0247683220249578,-0
0.0247698088853949,-0
0.0247712956939458,-0
0.0247727824521604,-0
0.0247742691600646,-0
0.0247757558152084,-0
0.0247772424196609,-0
0.0247787289750125,-0
0.0247802154784938,-0
0.0247817019316746,-0
0.0247831883337975,-0
0.0247846746864938,-0
0.0247861609888457,-0
0.0247876472406545,-0
0.0247891334405591,-0
0.0247906195910177,-0
0.0247921056920206,-0
0.0247935917431832,-0
0.0247950777432644,-0
0.0247965636914998,-0
0.024798049589769,-0
0.0247995354396341,-0
0.0248010212378894,-0
0.0248025069875616,-0
0.0248039926847339,-0
0.0248054783343119,-0
0.0248069639345199,-0
0.0248084494835657,-0
0.0248099349851977,-0
0.0248114204346145,-0
0.0248129058366208,-0
0.0248143911865546,-0
0.0248158764897251,-0
0.0248173617412712,-0
0.0248188469429839,-0
0.0248203320958369,-0
0.0248218172016359,-0
0.0248233022557862,-0
0.0248247872613793,-0
0.0248262722179887,-0
0.0248277571249204,-0
0.0248292419841131,-0
0.0248307267926259,-0
0.0248322115518912,-0
0.0248336962628872,-0
0.0248351809251937,-0
0.0248366655389727,-0
0.0248381501033513,-0
0.0248396346194661,-0
0.0248411190858886,-0
0.0248426035047416,-0
0.0248440878743899,-0
0.0248455721971186,-0
0.0248470564697913,-0
0.0248485406945832,-0
0.0248500248722778,-0
0.024851508999454,-0
0.0248529930789123,-0
0.0248544771106369,-0
0.0248559610948055,-0
0.0248574450290991,-0
0.0248589289170397,-0
0.0248604127560317,-0
0.0248618965468322,-0
0.0248633802885416,-0
0.0248648639829057,-0
0.0248663476296711,-0
0.0248678312287781,-0
0.0248693147787789,-0
0.024870798282354,-0
0.0248722817375393,-0
0.0248737651458212,-0
0.0248752485077269,-0
0.0248767318221833,-0
0.0248782150887752,-0
0.0248796983080585,-0
0.0248811814785109,-0
0.024882664602457,-0
0.0248841476797944,-0
0.0248856307103035,-0
0.0248871136931685,-0
0.024888596626794,-0
0.0248900795149572,-0
0.0248915623549702,-0
0.0248930451482949,-0
0.0248945278962103,-0
0.0248960105968394,-0
0.0248974932515604,-0
0.0248989758584342,-0
0.0249004584179768,-0
0.0249019409315468,-0
0.024903423397926,-0
0.0249049058182335,-0
0.0249063881902757,-0
0.0249078705179872,-0
0.0249093527970644,-0
0.0249108350305364,-0
0.024912317218584,-0
0.0249137993589724,-0
0.0249152814541942,-0
0.0249167635036073,-0
0.024918245506859,-0
0.0249197274636876,-0
0.0249212093746277,-0
0.0249226912386224,-0
0.0249241730552801,-0
0.0249256548278037,-0
0.0249271365549395,-0
0.0249286182353225,-0
0.0249300998703722,-0
0.0249315814591023,-0
0.0249330630023331,-0
0.0249345444988155,-0
0.0249360259501906,-0
0.0249375073557002,-0
0.0249389887164625,-0
0.0249404700316686,-0
0.0249419513028503,-0
0.0249434325270721,-0
0.0249449137068269,-0
0.0249463948399662,-0
0.0249478759297758,-0
0.0249493569726696,-0
0.0249508379714257,-0
0.0249523189247015,-0
0.0249537998328009,-0
0.0249552806960867,-0
0.0249567615128926,-0
0.0249582422849333,-0
0.0249597230119499,-0
0.0249612036963636,-0
0.0249626843342749,-0
0.0249641649286214,-0
0.0249656454766255,-0
0.0249671259797939,-0
0.024968606438631,-0
0.0249700868527246,-0
0.0249715672215767,-0
0.0249730475468116,-0
0.0249745278290843,-0
0.0249760080662557,-0
0.0249774882588556,-0
0.0249789684067695,-0
0.0249804485099284,-0
0.0249819285689834,-0
0.0249834085852653,-0
0.0249848885563771,-0
0.0249863684832193,-0
0.0249878483663704,-0
0.0249893282045947,-0
0.0249908079988445,-0
0.0249922877498808,-0
0.0249937674560465,-0
0.024995247119483,-0
0.0249967267378215,-0
0.024998206313477,-0
0.0249996858456982,-0
0.0250011653336453,-0
0.0250026447777943,-0
0.0250041241778629,-0
0.0250056035340064,-0
0.025007082847081,-0
0.0250085621185822,-0
0.0250100413464905,-0
0.0250115205284894,-0
0.0250129996677037,-0
0.0250144787633841,-0
0.0250159578168533,-0
0.0250174368276916,-0
0.0250189157939797,-0
0.0250203947188621,-0
0.0250218735995889,-0
0.0250233524386346,-0
0.025024831232711,-0
0.0250263099851191,-0
0.0250277886950195,-0
0.0250292673608338,-0
0.025030745983441,-0
0.0250322245642282,-0
0.0250337031018769,-0
0.02503518159615,-0
0.0250366600495209,-0
0.0250381384598616,-0
0.0250396168278191,-0
0.0250410951531521,-0
0.0250425734356515,-0
0.0250440516770519,-0
0.0250455298742775,-0
0.0250470080301712,-0
0.0250484861434056,-0
0.0250499642137449,-0
0.0250514422420659,-0
0.0250529202275854,-0
0.0250543981708211,-0
0.0250558760720448,-0
0.0250573539293301,-0
0.0250588317460206,-0
0.0250603095204068,-0
0.0250617872531927,-0
0.0250632649439013,-0
0.0250647425949747,-0
0.0250662202036592,-0
0.0250676977705741,-0
0.0250691752952721,-0
0.025070652777759,-0
0.0250721302187654,-0
0.0250736076194026,-0
0.0250750849770673,-0
0.0250765622936692,-0
0.025078039569127,-0
0.0250795168031835,-0
0.0250809939954994,-0
0.0250824711471041,-0
0.0250839482575751,-0
0.025085425325821,-0
0.0250869023528833,-0
0.0250883793383399,-0
0.0250898562819626,-0
0.0250913331845081,-0
0.0250928100466405,-0
0.0250942868682197,-0
0.025095763647682,-0
0.0250972403868746,-0
0.0250987170854954,-0
0.0251001937432776,-0
0.0251016703597379,-0
0.0251031469359651,-0
0.0251046234709717,-0
0.0251060999645746,-0
0.0251075764183968,-0
0.0251090528305258,-0
0.0251105292027708,-0
0.0251120055352656,-0
0.0251134818251362,-0
0.0251149580760062,-0
0.0251164342854737,-0
0.0251179104570202,-0
0.0251193865888581,-0
0.0251208626769732,-0
0.0251223387274768,-0
0.025123814736678,-0
0.02512529070531,-0
0.0251267666340355,-0
0.0251282425223614,-0
0.0251297183702224,-0
0.0251311941789523,-0
0.0251326699478926,-0
0.0251341456772322,-0
0.0251356213664859,-0
0.0251370970156547,-0
0.025138572623633,-0
0.0251400481918775,-0
0.0251415237217514,-0
0.0251429992104396,-0
0.0251444746612858,-0
0.02514595007107,-0
0.0251474254430282,-0
0.0251489007751842,-0
0.0251503760676501,-0
0.0251518513200656,-0
0.0251533265337545,-0
0.0251548017076041,-0
0.0251562768421645,-0
0.0251577519366674,-0
0.0251592269911016,-0
0.0251607020060786,-0
0.0251621769840393,-0
0.0251636519225994,-0
0.0251651268222653,-0
0.0251666016813453,-0
0.0251680765023569,-0
0.0251695512842579,-0
0.0251710260267512,-0
0.025172500731338,-0
0.0251739753957593,-0
0.0251754500225283,-0
0.0251769246103266,-0
0.025178399158611,-0
0.025179873668644,-0
0.0251813481396025,-0
0.0251828225720067,-0
0.0251842969654419,-0
0.0251857713192608,-0
0.0251872456349491,-0
0.0251887199138318,-0
0.0251901941526886,-0
0.0251916683538422,-0
0.0251931425156352,-0
0.0251946166396602,-0
0.025196090726242,-0
0.0251975647735516,-0
0.0251990387826985,-0
0.0252005127529841,-0
0.0252019866854643,-0
0.0252034605794783,-0
0.0252049344360022,-0
0.025206408254345,-0
0.0252078820350223,-0
0.0252093557768582,-0
0.0252108294806105,-0
0.0252123031475072,-0
0.025213776776508,-0
0.0252152503668759,-0
0.0252167239197242,-0
0.0252181974353414,-0
0.0252196709123725,-0
0.025221144351206,-0
0.0252226177520907,-0
0.025224091116481,-0
0.0252255644425367,-0
0.0252270377320773,-0
0.0252285109838664,-0
0.0252299841981004,-0
0.0252314573746782,-0
0.0252329305130655,-0
0.0252344036136026,-0
0.0252358766780934,-0
0.0252373497053891,-0
0.0252388226961595,-0
0.0252402956483711,-0
0.0252417685637063,-0
0.0252432414421239,-0
0.0252447142835497,-0
0.0252461870875641,-0
0.0252476598551446,-0
0.0252491325858442,-0
0.0252506052794407,-0
0.0252520779363352,-0
0.0252535505557895,-0
0.0252550231394604,-0
0.0252564956854539,-0
0.0252579681951549,-0
0.0252594406679926,-0
0.0252609131040871,-0
0.0252623855033009,-0
0.0252638578649963,-0
0.0252653301906919,-0
0.0252668024798343,-0
0.0252682747322615,-0
0.0252697469473137,-0
0.0252712191280432,-0
0.025272691271852,-0
0.0252741633788834,-0
0.0252756354498695,-0
0.0252771074859466,-0
0.02527857948523,-0
0.0252800514477922,-0
0.0252815233724145,-0
0.0252829952615944,-0
0.0252844671148951,-0
0.0252859389327784,-0
0.0252874107137646,-0
0.0252888824576749,-0
0.0252903541664102,-0
0.0252918258401925,-0
0.0252932974772563,-0
0.0252947690784255,-0
0.0252962406442975,-0
0.0252977121739558,-0
0.0252991836679791,-0
0.0253006551265074,-0
0.0253021265496293,-0
0.0253035979354692,-0
0.0253050692852806,-0
0.0253065406001464,-0
0.0253080118801015,-0
0.0253094831240448,-0
0.0253109543332359,-0
0.0253124255068693,-0
0.025313896644691,-0
0.0253153677463547,-0
0.0253168388139805,-0
0.025318309847003,-0
0.025319780843565,-0
0.0253212518040401,-0
0.0253227227304155,-0
0.0253241936213563,-0
0.0253256644768825,-0
0.0253271352981819,-0
0.0253286060853245,-0
0.0253300768355942,-0
0.0253315475523727,-0
0.0253330182337836,-0
0.0253344888803807,-0
0.0253359594921298,-0
0.0253374300678401,-0
0.0253389006095073,-0
0.0253403711145577,-0
0.0253418415866272,-0
0.0253433120233403,-0
0.0253447824249015,-0
0.0253462527926759,-0
0.0253477231247419,-0
0.0253491934226981,-0
0.0253506636870214,-0
0.0253521339162,-0
0.0253536041103918,-0
0.0253550742700562,-0
0.0253565443945984,-0
0.0253580144862621,-0
0.0253594845427872,-0
0.0253609545641511,-0
0.0253624245509874,-0
0.0253638945054391,-0
0.0253653644254075,-0
0.0253668343121609,-0
0.0253683041623711,-0
0.0253697739786602,-0
0.0253712437617269,-0
0.0253727135103885,-0
0.0253741832244641,-0
0.0253756529049497,-0
0.0253771225537791,-0
0.0253785921662388,-0
0.0253800617450495,-0
0.0253815312902625,-0
0.025383000801897,-0
0.0253844702812893,-0
0.0253859397251119,-0
0.0253874091341671,-0
0.0253888785096034,-0
0.0253903478525394,-0
0.0253918171612334,-0
0.0253932864369131,-0
0.025394755678926,-0
0.0253962248884703,-0
0.025397694061879,-0
0.0253991632037785,-0
0.0254006323127168,-0
0.0254021013879581,-0
0.0254035704292177,-0
0.0254050394372045,-0
0.0254065084108006,-0
0.0254079773525385,-0
0.0254094462610627,-0
0.0254109151356491,-0
0.0254123839776068,-0
0.0254138527878472,-0
0.0254153215640018,-0
0.0254167903088043,-0
0.0254182590191936,-0
0.0254197276950014,-0
0.02542119633847,-0
0.0254226649482978,-0
0.0254241335247526,-0
0.0254256020698278,-0
0.0254270705820307,-0
0.025428539061488,-0
0.0254300075086653,-0
0.0254314759216809,-0
0.0254329443029975,-0
0.0254344126520931,-0
0.0254358809658855,-0
0.0254373492482135,-0
0.0254388174982204,-0
0.0254402857162504,-0
0.0254417539015969,-0
0.0254432220549689,-0
0.0254446901744831,-0
0.0254461582640283,-0
0.0254476263193277,-0
0.0254490943429521,-0
0.0254505623325153,-0
0.0254520302922592,-0
0.0254534982183765,-0
0.0254549661119724,-0
0.0254564339728371,-0
0.0254579018019727,-0
0.0254593695996245,-0
0.0254608373665805,-0
0.0254623050984339,-0
0.0254637727995024,-0
0.0254652404699993,-0
0.0254667081073571,-0
0.0254681757139729,-0
0.0254696432877702,-0
0.0254711108303984,-0
0.0254725783397893,-0
0.0254740458165497,-0
0.0254755132619852,-0
0.0254769806749255,-0
0.0254784480581903,-0
0.0254799154081254,-0
0.0254813827272879,-0
0.0254828500140691,-0
0.0254843172690568,-0
0.025485784493954,-0
0.0254872516864516,-0
0.0254887188463203,-0
0.0254901859773323,-0
0.0254916530767218,-0
0.0254931201437208,-0
0.0254945871787852,-0
0.0254960541835143,-0
0.0254975211566128,-0
0.025498988096234,-0
0.0255004550070669,-0
0.0255019218857083,-0
0.0255033887338539,-0
0.0255048555515589,-0
0.0255063223371444,-0
0.025507789091517,-0
0.0255092558155871,-0
0.0255107225070299,-0
0.0255121891674278,-0
0.025513655798437,-0
0.0255151223980961,-0
0.0255165889672735,-0
0.0255180555055658,-0
0.0255195220113568,-0
0.0255209884873935,-0
0.0255224549333729,-0
0.0255239213469075,-0
0.0255253877309531,-0
0.0255268540843408,-0
0.0255283204064923,-0
0.0255297866977482,-0
0.0255312529595771,-0
0.0255327191906649,-0
0.0255341853904858,-0
0.025535651560409,-0
0.0255371176998531,-0
0.0255385838075546,-0
0.0255400498845542,-0
0.0255415159321171,-0
0.0255429819503601,-0
0.0255444479368353,-0
0.0255459138934364,-0
0.0255473798203489,-0
0.0255488457170758,-0
0.0255503115835624,-0
0.0255517774197561,-0
0.025553243225086,-0
0.0255547090012,-0
0.0255561747459433,-0
0.0255576404615735,-0
0.0255591061454824,-0
0.025560571800823,-0
0.0255620374261979,-0
0.0255635030217297,-0
0.0255649685873374,-0
0.0255664341208671,-0
0.025567899626252,-0
0.0255693651026667,-0
0.0255708305487803,-0
0.0255722959649019,-0
0.025573761349842,-0
0.0255752267054595,-0
0.0255766920316194,-0
0.0255781573274192,-0
0.0255796225928969,-0
0.0255810878313931,-0
0.0255825530383786,-0
0.0255840182161294,-0
0.0255854833642931,-0
0.0255869484852824,-0
0.0255884135735939,-0
0.0255898786341417,-0
0.0255913436656654,-0
0.0255928086677165,-0
0.0255942736409071,-0
0.0255957385847316,-0
0.0255972034985916,-0
0.0255986683834765,-0
0.0256001332398282,-0
0.0256015980651585,-0
0.0256030628618479,-0
0.0256045276298689,-0
0.0256059923685435,-0
0.0256074570760845,-0
0.0256089217560999,-0
0.0256103864072933,-0
0.0256118510303929,-0
0.0256133156228668,-0
0.0256147801876241,-0
0.0256162447227838,-0
0.0256177092306096,-0
0.0256191737076698,-0
0.0256206381565739,-0
0.0256221025761892,-0
0.0256235669675606,-0
0.0256250313313186,-0
0.0256264956659792,-0
0.0256279599722854,-0
0.0256294242500839,-0
0.0256308884976636,-0
0.0256323527177394,-0
0.0256338169078626,-0
0.0256352810701039,-0
0.0256367452032814,-0
0.0256382093089654,-0
0.0256396733860002,-0
0.0256411374347146,-0
0.0256426014542432,-0
0.0256440654453943,-0
0.0256455294076579,-0
0.0256469933425644,-0
0.0256484572495037,-0
0.0256499211280571,-0
0.025651384978062,-0
0.0256528488014736,-0
0.0256543125949534,-0
0.0256557763613445,-0
0.0256572400995753,-0
0.0256587038097618,-0
0.0256601674911776,-0
0.0256616311432368,-0
0.0256630947676353,-0
0.0256645583652765,-0
0.0256660219341871,-0
0.0256674854754905,-0
0.0256689489895531,-0
0.025670412474227,-0
0.0256718759335477,-0
0.025673339364556,-0
0.0256748027664918,-0
0.0256762661407026,-0
0.0256777294875442,-0
0.0256791928067345,-0
0.0256806560976888,-0
0.0256821193606543,-0
0.0256835825973898,-0
0.025685045806466,-0
0.0256865089861463,-0
0.0256879721395414,-0
0.0256894352650068,-0
0.0256908983644426,-0
0.0256923614360355,-0
0.0256938244787119,-0
0.0256952874937631,-0
0.0256967504821513,-0
0.0256982134448217,-0
0.0256996763779174,-0
0.0257011392843138,-0
0.0257026021637318,-0
0.0257040650160161,-0
0.0257055278408535,-0
0.0257069906382474,-0
0.0257084534074229,-0
0.0257099161501256,-0
0.0257113788668076,-0
0.0257128415561973,-0
0.025714304219108,-0
0.0257157668553793,-0
0.025717229462643,-0
0.0257186920427898,-0
0.0257201545970953,-0
0.0257216171247729,-0
0.0257230796257077,-0
0.0257245420986512,-0
0.0257260045445708,-0
0.0257274669634917,-0
0.0257289293569091,-0
0.025730391723963,-0
0.0257318540622412,-0
0.0257333163745314,-0
0.0257347786597065,-0
0.0257362409191296,-0
0.0257377031511026,-0
0.0257391653562424,-0
0.0257406275353222,-0
0.0257420896893115,-0
0.0257435518167013,-0
0.025745013917278,-0
0.0257464759911003,-0
0.0257479380379237,-0
0.0257494000605994,-0
0.0257508620548896,-0
0.0257523240231981,-0
0.0257537859651388,-0
0.0257552478804404,-0
0.0257567097696202,-0
0.0257581716322384,-0
0.0257596334693585,-0
0.0257610952793186,-0
0.0257625570633301,-0
0.0257640188222996,-0
0.025765480554812,-0
0.0257669422595431,-0
0.0257684039388352,-0
0.0257698655926071,-0
0.0257713272197081,-0
0.0257727888235795,-0
0.0257742504000056,-0
0.0257757119501959,-0
0.02577717347524,-0
0.025778634973309,-0
0.0257800964458363,-0
0.0257815578920072,-0
0.0257830193127808,-0
0.0257844807091447,-0
0.0257859420792933,-0
0.0257874034223703,-0
0.0257888647401715,-0
0.0257903260320144,-0
0.0257917872983454,-0
0.0257932485397357,-0
0.0257947097537377,-0
0.0257961709432538,-0
0.0257976321092431,-0
0.0257990932468664,-0
0.0258005543597161,-0
0.0258020154466049,-0
0.0258034765080315,-0
0.0258049375452109,-0
0.0258063985563318,-0
0.0258078595435011,-0
0.025809320504728,-0
0.0258107814406679,-0
0.0258122423503812,-0
0.0258137032353129,-0
0.0258151640944495,-0
0.0258166249298184,-0
0.025818085738319,-0
0.0258195465225776,-0
0.025821007281244,-0
0.0258224680143387,-0
0.0258239287227147,-0
0.0258253894064587,-0
0.0258268500649716,-0
0.0258283106983512,-0
0.0258297713066988,-0
0.025831231890113,-0
0.0258326924488514,-0
0.0258341529827882,-0
0.0258356134907939,-0
0.0258370739751182,-0
0.0258385344333164,-0
0.0258399948678176,-0
0.0258414552769198,-0
0.0258429156620736,-0
0.0258443760216351,-0
0.0258458363564645,-0
0.0258472966664444,-0
0.0258487569518074,-0
0.0258502172133597,-0
0.0258516774496262,-0
0.0258531376618545,-0
0.0258545978489773,-0
0.0258560580119289,-0
0.0258575181508921,-0
0.0258589782643884,-0
0.0258604383532982,-0
0.02586189841796,-0
0.0258633584586817,-0
0.0258648184737445,-0
0.0258662784652083,-0
0.0258677384329616,-0
0.0258691983753498,-0
0.0258706582942033,-0
0.0258721181880738,-0
0.0258735780587164,-0
0.0258750379043119,-0
0.0258764977263127,-0
0.025877957524302,-0
0.0258794172977259,-0
0.0258808770474782,-0
0.0258823367718951,-0
0.0258837964730518,-0
0.0258852561500766,-0
0.0258867158045205,-0
0.0258881754327696,-0
0.0258896350374,-0
0.0258910946182553,-0
0.0258925541754282,-0
0.0258940137095931,-0
0.0258954732193925,-0
0.0258969327054919,-0
0.0258983921669914,-0
0.0258998516049566,-0
0.0259013110189176,-0
0.0259027704091455,-0
0.0259042297749864,-0
0.02590568911798,-0
0.0259071484377794,-0
0.0259086077335172,-0
0.0259100670055167,-0
0.0259115262536706,-0
0.0259129854777578,-0
0.0259144446790011,-0
0.0259159038564134,-0
0.0259173630106719,-0
0.0259188221405394,-0
0.0259202812478652,-0
0.0259217403324296,-0
0.025923199394134,-0
0.0259246584321468,-0
0.0259261174462803,-0
0.0259275764364331,-0
0.0259290354032818,-0
0.0259304943470976,-0
0.0259319532675801,-0
0.0259334121647372,-0
0.0259348710390838,-0
0.0259363298894604,-0
0.0259377887173559,-0
0.0259392475219506,-0
0.0259407063042932,-0
0.0259421650622997,-0
0.0259436237974836,-0
0.0259450825086671,-0
0.0259465411977207,-0
0.0259479998642683,-0
0.0259494585072792,-0
0.0259509171279101,-0
0.0259523757246811,-0
0.0259538342986354,-0
0.0259552928487146,-0
0.0259567513765911,-0
0.0259582098812,-0
0.0259596683638052,-0
0.0259611268237624,-0
0.0259625852613565,-0
0.0259640436751714,-0
0.0259655020663488,-0
0.0259669604358101,-0
0.0259684187807601,-0
0.0259698771041668,-0
0.0259713354060109,-0
0.0259727936853908,-0
0.0259742519406453,-0
0.0259757101735356,-0
0.0259771683842839,-0
0.0259786265721922,-0
0.025980084738477,-0
0.0259815428829222,-0
0.0259830010029789,-0
0.0259844591018183,-0
0.0259859171765491,-0
0.0259873752299385,-0
0.0259888332608973,-0
0.0259902912699821,-0
0.0259917492554103,-0
0.0259932072195272,-0
0.0259946651607997,-0
0.025996123079481,-0
0.0259975809768512,-0
0.025999038851374,-0
0.0260004967053123,-0
0.026001954536008,-0
0.0260034123445234,-0
0.0260048701311439,-0
0.0260063278948294,-0
0.0260077856377603,-0
0.0260092433581866,-0
0.0260107010561438,-0
0.0260121587321529,-0
0.0260136163858493,-0
0.0260150740180362,-0
0.0260165316280137,-0
0.0260179892166601,-0
0.0260194467826928,-0
0.0260209043268963,-0
0.0260223618486916,-0
0.0260238193496422,-0
0.0260252768295394,-0
0.026026734286643,-0
0.0260281917211991,-0
0.0260296491344436,-0
0.0260311065265512,-0
0.0260325638965257,-0
0.0260340212452116,-0
0.026035478571945,-0
0.0260369358776107,-0
0.0260383931604419,-0
0.0260398504217727,-0
0.0260413076629974,-0
0.0260427648831792,-0
0.0260442220801262,-0
0.0260456792556695,-0
0.0260471364106309,-0
0.0260485935442528,-0
0.0260500506563374,-0
0.0260515077475667,-0
0.0260529648172853,-0
0.0260544218657603,-0
0.0260558788924251,-0
0.0260573358981928,-0
0.0260587928820627,-0
0.0260602498448497,-0
0.026061706786549,-0
0.0260631637059268,-0
0.0260646206051609,-0
0.0260660774832968,-0
0.0260675343409905,-0
0.0260689911757966,-0
0.0260704479915068,-0
0.0260719047846216,-0
0.026073361555976,-0
0.0260748183078949,-0
0.0260762750384399,-0
0.026077731748706,-0
0.0260791884376363,-0
0.0260806451050103,-0
0.0260821017505559,-0
0.0260835583762079,-0
0.0260850149812005,-0
0.0260864715646309,-0
0.0260879281272814,-0
0.0260893846690897,-0
0.0260908411900387,-0
0.0260922976918418,-0
0.0260937541721366,-0
0.0260952106317573,-0
0.0260966670696651,-0
0.0260981234874943,-0
0.0260995798853974,-0
0.0261010362615165,-0
0.0261024926190187,-0
0.0261039489544502,-0
0.0261054052708391,-0
0.0261068615654187,-0
0.0261083178394603,-0
0.0261097740925291,-0
0.0261112303246516,-0
0.0261126865369183,-0
0.0261141427294679,-0
0.0261155989005997,-0
0.0261170550506564,-0
0.0261185111818699,-0
0.0261199672914471,-0
0.0261214233809336,-0
0.0261228794508991,-0
0.0261243354991727,-0
0.0261257915274296,-0
0.0261272475362801,-0
0.0261287035237816,-0
0.0261301594923597,-0
0.02613161544067,-0
0.0261330713684249,-0
0.0261345272760129,-0
0.0261359831632637,-0
0.0261374390311538,-0
0.0261388948784041,-0
0.0261403507056806,-0
0.0261418065131387,-0
0.0261432622999811,-0
0.0261447180668033,-0
0.0261461738150971,-0
0.0261476295427092,-0
0.0261490852499318,-0
0.0261505409380997,-0
0.0261519966060008,-0
0.0261534522545324,-0
0.0261549078812018,-0
0.0261563634895299,-0
0.0261578190767243,-0
0.0261592746445964,-0
0.0261607301920554,-0
0.0261621857218028,-0
0.0261636412308971,-0
0.0261650967199786,-0
0.026166552189907,-0
0.0261680076411139,-0
0.0261694630702271,-0
0.0261709184815775,-0
0.0261723738730511,-0
0.0261738292454283,-0
0.0261752845974541,-0
0.0261767399291926,-0
0.0261781952441943,-0
0.0261796505380361,-0
0.0261811058125469,-0
0.0261825610674976,-0
0.0261840163028864,-0
0.0261854715187287,-0
0.0261869267156448,-0
0.0261883818938571,-0
0.0261898370503191,-0
0.0261912921893993,-0
0.0261927473092797,-0
0.0261942024098084,-0
0.0261956574918675,-0
0.0261971125543178,-0
0.0261985675962433,-0
0.0262000226185141,-0
0.0262014776217923,-0
0.0262029326054296,-0
0.0262043875692987,-0
0.0262058425136805,-0
0.0262072974404118,-0
0.0262087523480137,-0
0.0262102072363719,-0
0.026211662107232,-0
0.0262131169572239,-0
0.0262145717881585,-0
0.026216026599628,-0
0.0262174813921046,-0
0.0262189361668167,-0
0.0262203909226637,-0
0.026221845660266,-0
0.0262233003778578,-0
0.0262247550769466,-0
0.026226209757203,-0
0.0262276644187908,-0
0.0262291190615946,-0
0.0262305736863548,-0
0.0262320282912214,-0
0.0262334828773586,-0
0.0262349374455058,-0
0.0262363919941007,-0
0.026237846524439,-0
0.0262393010355736,-0
0.0262407555277824,-0
0.0262422100015805,-0
0.0262436644584623,-0
0.0262451188966207,-0
0.0262465733153705,-0
0.0262480277158971,-0
0.026249482098444,-0
0.026250936461702,-0
0.026252390805569,-0
0.0262538451315648,-0
0.0262552994390496,-0
0.0262567537288127,-0
0.0262582079993112,-0
0.0262596622516577,-0
0.0262611164872579,-0
0.0262625707035157,-0
0.0262640249009231,-0
0.0262654790798365,-0
0.0262669332406086,-0
0.0262683873822926,-0
0.0262698415065312,-0
0.0262712956127483,-0
0.0262727497008761,-0
0.026274203770307,-0
0.0262756578215903,-0
0.0262771118547409,-0
0.0262785658701747,-0
0.0262800198666412,-0
0.0262814738463815,-0
0.0262829278081879,-0
0.0262843817504668,-0
0.0262858356755214,-0
0.0262872895831755,-0
0.0262887434720676,-0
0.0262901973433704,-0
0.0262916511956209,-0
0.0262931050306166,-0
0.026294558848605,-0
0.0262960126482259,-0
0.026297466430043,-0
0.0262989201943743,-0
0.0263003739405648,-0
0.0263018276688136,-0
0.0263032813792753,-0
0.0263047350707207,-0
0.0263061887455924,-0
0.0263076424025492,-0
0.0263090960409421,-0
0.0263105496632077,-0
0.0263120032670342,-0
0.0263134568539649,-0
0.0263149104231385,-0
0.0263163639732127,-0
0.0263178175067919,-0
0.0263192710225599,-0
0.0263207245203642,-0
0.0263221780007518,-0
0.0263236314646972,-0
0.0263250849112462,-0
0.0263265383392979,-0
0.0263279917505853,-0
0.0263294451442177,-0
0.0263308985196625,-0
0.0263323518776932,-0
0.0263338052197462,-0
0.0263352585432377,-0
0.0263367118507327,-0
0.0263381651386427,-0
0.0263396184106348,-0
0.0263410716652404,-0
0.0263425249024523,-0
0.0263439781229183,-0
0.0263454313256958,-0
0.0263468845108102,-0
0.0263483376790336,-0
0.0263497908306146,-0
0.0263512439637896,-0
0.0263526970804134,-0
0.0263541501797467,-0
0.0263556032626037,-0
0.0263570563286385,-0
0.02635850937709,-0
0.0263599624081784,-0
0.0263614154226774,-0
0.0263628684199809,-0
0.0263643214020124,-0
0.0263657743661254,-0
0.0263672273122986,-0
0.026368680240996,-0
0.026370133154536,-0
0.0263715860511153,-0
0.026373038929541,-0
0.0263744917911347,-0
0.0263759446360546,-0
0.0263773974641166,-0
0.0263788502756318,-0
0.026380303070333,-0
0.0263817558480702,-0
0.0263832086088683,-0
0.0263846613538404,-0
0.0263861140824019,-0
0.0263875667937698,-0
0.0263890194881954,-0
0.0263904721665519,-0
0.0263919248282733,-0
0.0263933774725248,-0
0.0263948301016656,-0
0.0263962827144873,-0
0.026397735310092,-0
0.0263991878882444,-0
0.0264006404506416,-0
0.0264020929960113,-0
0.026403545525516,-0
0.0264049980373807,-0
0.0264064505333868,-0
0.0264079030133028,-0
0.0264093554782155,-0
0.0264108079258415,-0
0.0264122603561267,-0
0.02641371277009,-0
0.0264151651674391,-0
0.0264166175487458,-0
0.0264180699126515,-0
0.0264195222611775,-0
0.0264209745949657,-0
0.0264224269118466,-0
0.0264238792125642,-0
0.0264253314977067,-0
0.0264267837651121,-0
0.0264282360167424,-0
0.0264296882521955,-0
0.0264311404717704,-0
0.0264325926747556,-0
0.0264340448621688,-0
0.0264354970340425,-0
0.0264369491886077,-0
0.0264384013260273,-0
0.0264398534498214,-0
0.0264413055574932,-0
0.0264427576497437,-0
0.0264442097255548,-0
0.0264456617839403,-0
0.0264471138268952,-0
0.0264485658546579,-0
0.0264500178659576,-0
0.0264514698605735,-0
0.0264529218401736,-0
0.026454373803732,-0
0.0264558257518203,-0
0.0264572776837686,-0
0.026458729601171,-0
0.0264601815020644,-0
0.0264616333860038,-0
0.0264630852551614,-0
0.0264645371093416,-0
0.0264659889479151,-0
0.0264674407702015,-0
0.0264688925763541,-0
0.0264703443677371,-0
0.0264717961416107,-0
0.0264732478990816,-0
0.0264746996432539,-0
0.0264761513725822,-0
0.0264776030845099,-0
0.0264790547816381,-0
0.0264805064642248,-0
0.0264819581319723,-0
0.0264834097839536,-0
0.0264848614199437,-0
0.0264863130402447,-0
0.026487764646141,-0
0.0264892162345134,-0
0.0264906678077584,-0
0.0264921193665054,-0
0.0264935709103792,-0
0.0264950224389157,-0
0.0264964739518518,-0
0.0264979254478221,-0
0.0264993769288265,-0
0.0265008283965307,-0
0.0265022798485662,-0
0.0265037312855325,-0
0.0265051827075364,-0
0.0265066341116408,-0
0.0265080855022729,-0
0.0265095368783349,-0
0.0265109882385183,-0
0.0265124395840087,-0
0.0265138909134656,-0
0.0265153422285597,-0
0.0265167935291435,-0
0.0265182448150623,-0
0.026519696085363,-0
0.0265211473405366,-0
0.0265225985808636,-0
0.0265240498061593,-0
0.0265255010158208,-0
0.0265269522118274,-0
0.0265284033916148,-0
0.026529854557123,-0
0.0265313057084744,-0
0.0265327568443964,-0
0.0265342079647649,-0
0.0265356590705154,-0
0.0265371101610102,-0
0.0265385612367404,-0
0.0265400122968025,-0
0.0265414633441585,-0
0.0265429143770182,-0
0.0265443653938821,-0
0.0265458163960845,-0
0.0265472673842599,-0
0.026548718356934,-0
0.0265501693157402,-0
0.0265516202601335,-0
0.0265530711882164,-0
0.0265545221022364,-0
0.0265559730014432,-0
0.0265574238863847,-0
0.0265588747562149,-0
0.026560325611402,-0
0.0265617764535618,-0
0.026563227279948,-0
0.0265646780937227,-0
0.02656612889081,-0
0.0265675796750829,-0
0.0265690304435351,-0
0.0265704811979094,-0
0.0265719319380004,-0
0.0265733826651981,-0
0.0265748333756061,-0
0.0265762840729924,-0
0.0265777347546457,-0
0.0265791854232232,-0
0.0265806360778453,-0
0.0265820867180323,-0
0.0265835373436994,-0
0.0265849879555721,-0
0.0265864385515571,-0
0.0265878891353439,-0
0.0265893397033287,-0
0.0265907902586435,-0
0.0265922407998375,-0
0.0265936913248709,-0
0.0265951418365453,-0
0.0265965923347006,-0
0.0265980428184213,-0
0.0265994932874999,-0
0.0266009437435369,-0
0.0266023941855436,-0
0.0266038446137954,-0
0.0266052950273476,-0
0.0266067454269666,-0
0.0266081958125682,-0
0.026609646185012,-0
0.0266110965425248,-0
0.0266125468865321,-0
0.026613997215982,-0
0.0266154475322966,-0
0.0266168978350445,-0
0.0266183481226071,-0
0.0266197983958038,-0
0.02662124865677,-0
0.0266226989044451,-0
0.0266241491380863,-0
0.0266255993583967,-0
0.0266270495640604,-0
0.0266284997557104,-0
0.026629949932921,-0
0.0266314000964613,-0
0.0266328502465121,-0
0.0266343003831873,-0
0.02663575050571,-0
0.0266372006144689,-0
0.0266386507094221,-0
0.0266401007910009,-0
0.0266415508593263,-0
0.0266430009129678,-0
0.0266444509549265,-0
0.0266459009819878,-0
0.0266473509961613,-0
0.0266488009970885,-0
0.0266502509844276,-0
0.0266517009565099,-0
0.0266531509163248,-0
0.0266546008628384,-0
0.0266560507966019,-0
0.0266575007174462,-0
0.0266589506246746,-0
0.0266604005175876,-0
0.0266618503978201,-0
0.0266633002634468,-0
0.0266647501159555,-0
0.0266661999560088,-0
0.026667649783116,-0
0.0266690995969592,-0
0.026670549397336,-0
0.0266719991839176,-0
0.0266734489579617,-0
0.026674898718071,-0
0.0266763484642652,-0
0.0266777981979554,-0
0.0266792479187657,-0
0.0266806976277936,-0
0.0266821473221955,-0
0.026683597005008,-0
0.026685046672918,-0
0.0266864963278936,-0
0.0266879459693825,-0
0.0266893955987811,-0
0.0266908452143032,-0
0.0266922948177473,-0
0.0266937444065143,-0
0.0266951939837097,-0
0.0266966435476822,-0
0.0266980930975344,-0
0.026699542636553,-0
0.0267009921624312,-0
0.0267024416739798,-0
0.0267038911737993,-0
0.0267053406591376,-0
0.0267067901332367,-0
0.0267082395933652,-0
0.0267096890417866,-0
0.0267111384769727,-0
0.02671258789993,-0
0.0267140373089467,-0
0.026715486705392,-0
0.0267169360896538,-0
0.0267183854600415,-0
0.0267198348184865,-0
0.0267212841642276,-0
0.0267227334982547,-0
0.026724182818914,-0
0.0267256321270677,-0
0.0267270814217946,-0
0.0267285307045498,-0
0.026729979973992,-0
0.0267314292299359,-0
0.0267328784741005,-0
0.0267343277056232,-0
0.0267357769241881,-0
0.0267372261308339,-0
0.0267386753241279,-0
0.0267401245066384,-0
0.0267415736756781,-0
0.0267430228323654,-0
0.0267444719747954,-0
0.0267459211080916,-0
0.0267473702285385,-0
0.0267488193361588,-0
0.0267502684306429,-0
0.0267517175120869,-0
0.0267531665824925,-0
0.026754615639897,-0
0.0267560646844958,-0
0.0267575137187699,-0
0.0267589627390635,-0
0.0267604117481122,-0
0.0267618607446846,-0
0.0267633097292399,-0
0.0267647587008307,-0
0.0267662076599472,-0
0.0267676566075126,-0
0.0267691055427382,-0
0.0267705544661483,-0
0.0267720033769053,-0
0.0267734522747245,-0
0.0267749011610856,-0
0.0267763500351004,-0
0.0267777988976487,-0
0.026779247748628,-0
0.0267806965876926,-0
0.0267821454140613,-0
0.0267835942288533,-0
0.0267850430300379,-0
0.0267864918210603,-0
0.0267879405993273,-0
0.0267893893663023,-0
0.0267908381206358,-0
0.0267922868636912,-0
0.0267937355945766,-0
0.0267951843130818,-0
0.0267966330210657,-0
0.0267980817157439,-0
0.0267995303987802,-0
0.0268009790697956,-0
0.0268024277288758,-0
0.0268038763764177,-0
0.0268053250122913,-0
0.0268067736351412,-0
0.0268082222463093,-0
0.0268096708478519,-0
0.0268111194356707,-0
0.0268125680119468,-0
0.026814016577043,-0
0.0268154651294631,-0
0.0268169136709729,-0
0.0268183622011659,-0
0.026819810720536,-0
0.026821259229124,-0
0.0268227077256119,-0
0.02682415620887,-0
0.026825604681012,-0
0.0268270531408538,-0
0.0268285015907134,-0
0.0268299500283067,-0
0.0268313984555958,-0
0.0268328468710528,-0
0.0268342952751304,-0
0.0268357436672493,-0
0.0268371920466852,-0
0.02683864041478,-0
0.0268400887722805,-0
0.0268415371177726,-0
0.0268429854539292,-0
0.0268444337769019,-0
0.0268458820891681,-0
0.0268473303891411,-0
0.0268487786782164,-0
0.0268502269557117,-0
0.0268516752222388,-0
0.0268531234787573,-0
0.0268545717234448,-0
0.0268560199562955,-0
0.0268574681771749,-0
0.0268589163877292,-0
0.026860364587609,-0
0.0268618127751075,-0
0.02686326095157,-0
0.0268647091177989,-0
0.0268661572716175,-0
0.0268676054152825,-0
0.026869053547342,-0
0.0268705016678855,-0
0.0268719497771911,-0
0.0268733978757595,-0
0.0268748459634278,-0
0.026876294040417,-0
0.0268777421057273,-0
0.0268791901611431,-0
0.0268806382048954,-0
0.0268820862374588,-0
0.0268835342589114,-0
0.0268849822698325,-0
0.0268864302694128,-0
0.0268878782581704,-0
0.0268893262359848,-0
0.0268907742034766,-0
0.0268922221595105,-0
0.0268936701045807,-0
0.0268951180394901,-0
0.0268965659626204,-0
0.0268980138759566,-0
0.0268994617780997,-0
0.0269009096687376,-0
0.0269023575502645,-0
0.0269038054201614,-0
0.0269052532780039,-0
0.0269067011251773,-0
0.0269081489632862,-0
0.0269095967895499,-0
0.0269110446057394,-0
0.0269124924104226,-0
0.026913940204401,-0
0.0269153879885875,-0
0.0269168357611,-0
0.0269182835237131,-0
0.0269197312760861,-0
0.0269211790166054,-0
0.0269226267485881,-0
0.026924074468577,-0
0.0269255221797371,-0
0.0269269698792073,-0
0.0269284175679844,-0
0.0269298652459381,-0
0.0269313129134312,-0
0.0269327605700182,-0
0.026934208217533,-0
0.0269356558542545,-0
0.0269371034802903,-0
0.026938551094669,-0
0.0269399986998477,-0
0.0269414462938785,-0
0.0269428938785907,-0
0.02694434145258,-0
0.0269457890161514,-0
0.0269472365693468,-0
0.0269486841127406,-0
0.0269501316457271,-0
0.0269515791697476,-0
0.0269530266823698,-0
0.026954474183629,-0
0.0269559216750808,-0
0.0269573691578603,-0
0.0269588166292406,-0
0.0269602640904965,-0
0.0269617115423525,-0
0.0269631589840896,-0
0.0269646064145464,-0
0.0269660538350079,-0
0.0269675012441283,-0
0.0269689486450017,-0
0.0269703960362081,-0
0.0269718434160259,-0
0.0269732907867214,-0
0.0269747381477133,-0
0.0269761854971694,-0
0.026977632836436,-0
0.0269790801665249,-0
0.0269805274863318,-0
0.0269819747963019,-0
0.0269834220966396,-0
0.0269848693869613,-0
0.0269863166673031,-0
0.0269877639370144,-0
0.0269892111982666,-0
0.0269906584479454,-0
0.0269921056891693,-0
0.0269935529194105,-0
0.0269950001404728,-0
0.0269964473518057,-0
0.0269978945540424,-0
0.0269993417467984,-0
0.0270007889272847,-0
0.0270022360993117,-0
0.0270036832617668,-0
0.0270051304124668,-0
0.027006577556673,-0
0.027008024689047,-0
0.0270094718129305,-0
0.0270109189258066,-0
0.0270123660304762,-0
0.0270138131245746,-0
0.0270152602100768,-0
0.0270167072844893,-0
0.0270181543492584,-0
0.0270196014048202,-0
0.0270210484525417,-0
0.0270224954893718,-0
0.0270239425152928,-0
0.0270253895327733,-0
0.0270268365394216,-0
0.0270282835371511,-0
0.0270297305254163,-0
0.0270311775053595,-0
0.0270326244747516,-0
0.0270340714361334,-0
0.0270355183864792,-0
0.0270369653282557,-0
0.0270384122595179,-0
0.0270398591824168,-0
0.0270413060953813,-0
0.0270427530000312,-0
0.027044199895046,-0
0.0270456467803999,-0
0.0270470936562413,-0
0.0270485405234602,-0
0.0270499873817185,-0
0.0270514342299848,-0
0.0270528810686508,-0
0.0270543278979457,-0
0.027055774718124,-0
0.0270572215290114,-0
0.0270586683301239,-0
0.0270601151219271,-0
0.0270615619042041,-0
0.0270630086769442,-0
0.0270644554425618,-0
0.0270659021983456,-0
0.0270673489461923,-0
0.0270687956843267,-0
0.0270702424129366,-0
0.0270716891326988,-0
0.0270731358423,-0
0.0270745825437855,-0
0.0270760292367694,-0
0.0270774759201013,-0
0.0270789225934533,-0
0.027080369258738,-0
0.0270818159143764,-0
0.0270832625616323,-0
0.0270847092000267,-0
0.0270861558288102,-0
0.0270876024491894,-0
0.0270890490609783,-0
0.027090495663253,-0
0.0270919422568319,-0
0.0270933888412207,-0
0.0270948354181631,-0
0.0270962819850829,-0
0.027097728543955,-0
0.0270991750922572,-0
0.0271006216323407,-0
0.0271020681631429,-0
0.0271035146846313,-0
0.0271049611970752,-0
0.0271064077017412,-0
0.027107854197005,-0
0.0271093006836983,-0
0.0271107471622724,-0
0.027112193631743,-0
0.0271136400925906,-0
0.0271150865447893,-0
0.0271165329881907,-0
0.0271179794230475,-0
0.0271194258490061,-0
0.027120872267506,-0
0.0271223186772778,-0
0.0271237650783817,-0
0.0271252114704096,-0
0.0271266578542812,-0
0.0271281042285312,-0
0.027129550594854,-0
0.027130996952574,-0
0.027132443301758,-0
0.0271338896423867,-0
0.0271353359743828,-0
0.0271367822986807,-0
0.0271382286125953,-0
0.0271396749195516,-0
0.0271411212189333,-0
0.0271425675091744,-0
0.0271440137907191,-0
0.0271454600644144,-0
0.0271469063292857,-0
0.0271483525850349,-0
0.0271497988321802,-0
0.0271512450725274,-0
0.0271526913035832,-0
0.0271541375273074,-0
0.0271555837412472,-0
0.027157029946502,-0
0.0271584761442929,-0
0.0271599223333035,-0
0.0271613685141971,-0
0.0271628146877809,-0
0.0271642608516918,-0
0.0271657070075656,-0
0.0271671531564055,-0
0.027168599295662,-0
0.0271700454287496,-0
0.0271714915515561,-0
0.0271729376670904,-0
0.0271743837738493,-0
0.0271758298741375,-0
0.0271772759669427,-0
0.0271787220498006,-0
0.0271801681253911,-0
0.0271816141929579,-0
0.027183060252539,-0
0.0271845063028985,-0
0.027185952345446,-0
0.0271873983809602,-0
0.0271888444075992,-0
0.0271902904266024,-0
0.027191736437227,-0
0.0271931824408478,-0
0.0271946284363827,-0
0.0271960744237432,-0
0.0271975204033572,-0
0.0271989663753247,-0
0.0272004123381209,-0
0.0272018582937684,-0
0.02720330424063,-0
0.0272047501798159,-0
0.027206196112367,-0
0.0272076420364199,-0
0.0272090879526579,-0
0.0272105338615827,-0
0.0272119797613303,-0
0.0272134256541331,-0
0.0272148715402621,-0
0.0272163174178091,-0
0.0272177632884868,-0
0.0272192091503967,-0
0.0272206550053428,-0
0.0272221008509186,-0
0.0272235466893931,-0
0.027224992521568,-0
0.0272264383448859,-0
0.0272278841611434,-0
0.0272293299690948,-0
0.0272307757693368,-0
0.0272322215625475,-0
0.0272336673496966,-0
0.0272351131270992,-0
0.0272365588985681,-0
0.0272380046617475,-0
0.0272394504168819,-0
0.0272408961643795,-0
0.0272423419048091,-0
0.0272437876386488,-0
0.0272452333627584,-0
0.0272466790806549,-0
0.0272481247917311,-0
0.0272495704930235,-0
0.0272510161882244,-0
0.027252461876553,-0
0.0272539075577262,-0
0.027255353230337,-0
0.027256798894921,-0
0.0272582445532445,-0
0.027259690203698,-0
0.0272611358466858,-0
0.0272625814831624,-0
0.0272640271125997,-0
0.0272654727339399,-0
0.027266918347003,-0
0.027268363954435,-0
0.0272698095525282,-0
0.0272712551452106,-0
0.0272727007300989,-0
0.0272741463080522,-0
0.0272755918794986,-0
0.0272770374443371,-0
0.0272784830004879,-0
0.0272799285506324,-0
0.0272813740926256,-0
0.0272828196265859,-0
0.0272842651542568,-0
0.0272857106735679,-0
0.0272871561862435,-0
0.0272886016919226,-0
0.0272900471928342,-0
0.0272914926851497,-0
0.0272929381695672,-0
0.0272943836473489,-0
0.0272958291183645,-0
0.0272972745835804,-0
0.0272987200407209,-0
0.0273001654908784,-0
0.0273016109338238,-0
0.0273030563702709,-0
0.0273045017986197,-0
0.0273059472205197,-0
0.0273073926357014,-0
0.0273088380429577,-0
0.0273102834428373,-0
0.0273117288372689,-0
0.0273131742242101,-0
0.0273146196048721,-0
0.02731606497855,-0
0.0273175103450217,-0
0.0273189557039068,-0
0.0273204010575038,-0
0.0273218464026208,-0
0.0273232917416549,-0
0.0273247370749814,-0
0.0273261824012743,-0
0.0273276277198124,-0
0.0273290730318458,-0
0.0273305183368855,-0
0.0273319636352845,-0
0.0273334089281174,-0
0.027334854213307,-0
0.0273362994907198,-0
0.0273377447628605,-0
0.0273391900287019,-0
0.0273406352873709,-0
0.0273420805398622,-0
0.0273435257843338,-0
0.0273449710234482,-0
0.0273464162551295,-0
0.0273478614804268,-0
0.0273493066982097,-0
0.0273507519114041,-0
0.0273521971173884,-0
0.0273536423155553,-0
0.0273550875093709,-0
0.0273565326955837,-0
0.0273579778757641,-0
0.0273594230490648,-0
0.0273608682148541,-0
0.0273623133745276,-0
0.027363758527119,-0
0.0273652036746047,-0
0.0273666488159722,-0
0.0273680939494348,-0
0.0273695390776364,-0
0.0273709841994945,-0
0.0273724293153352,-0
0.0273738744257206,-0
0.0273753195289072,-0
0.0273767646252995,-0
0.0273782097160751,-0
0.0273796547987594,-0
0.0273810998757951,-0
0.0273825449477458,-0
0.0273839900125112,-0
0.0273854350714439,-0
0.0273868801229843,-0
0.0273883251689858,-0
0.0273897702098343,-0
0.0273912152440242,-0
0.0273926602716091,-0
0.0273941052935374,-0
0.0273955503086984,-0
0.0273969953179466,-0
0.0273984403192501,-0
0.0273998853157649,-0
0.0274013303071672,-0
0.0274027752903279,-0
0.0274042202679732,-0
0.0274056652395914,-0
0.0274071102045113,-0
0.0274085551655057,-0
0.0274100001202697,-0
0.027411445068024,-0
0.027412890010803,-0
0.0274143349464417,-0
0.0274157798769205,-0
0.0274172248001805,-0
0.0274186697182979,-0
0.0274201146307461,-0
0.0274215595375577,-0
0.0274230044376523,-0
0.0274244493322942,-0
0.0274258942206133,-0
0.0274273391025201,-0
0.0274287839789189,-0
0.0274302288482752,-0
0.027431673712796,-0
0.027433118571572,-0
0.0274345634240156,-0
0.0274360082715751,-0
0.0274374531125858,-0
0.0274388979486318,-0
0.0274403427773476,-0
0.0274417876015276,-0
0.0274432324193337,-0
0.0274446772324836,-0
0.0274461220395116,-0
0.027447566840233,-0
0.0274490116355788,-0
0.0274504564258703,-0
0.0274519012083978,-0
0.027453345986372,-0
0.0274547907593346,-0
0.0274562355252711,-0
0.0274576802861729,-0
0.0274591250411545,-0
0.0274605697907656,-0
0.027462014534932,-0
0.0274634592742181,-0
0.0274649040083807,-0
0.027466348735229,-0
0.0274677934574914,-0
0.0274692381720761,-0
0.0274706828818795,-0
0.0274721275860859,-0
0.0274735722852078,-0
0.0274750169788,-0
0.0274764616677541,-0
0.0274779063507209,-0
0.0274793510272581,-0
0.0274807956996072,-0
0.0274822403659893,-0
0.0274836850268758,-0
0.0274851296817572,-0
0.027486574331203,-0
0.0274880189755345,-0
0.0274894636138741,-0
0.0274909082477693,-0
0.0274923528766466,-0
0.0274937974989291,-0
0.0274952421171732,-0
0.0274966867303943,-0
0.0274981313374546,-0
0.0274995759392653,-0
0.0275010205362472,-0
0.0275024651276368,-0
0.0275039097144587,-0
0.0275053542948185,-0
0.0275067988712988,-0
0.027508243441987,-0
0.0275096880061363,-0
0.027511132565443,-0
0.0275125771204171,-0
0.0275140216695037,-0
0.0275154662130198,-0
0.0275169107514629,-0
0.0275183552854125,-0
0.0275197998138644,-0
0.027521244337501,-0
0.0275226888557858,-0
0.0275241333693679,-0
0.0275255778783387,-0
0.0275270223805729,-0
0.0275284668782857,-0
0.0275299113706212,-0
0.0275313558584234,-0
0.02753280034155,-0
0.0275342448203467,-0
0.0275356892933005,-0
0.0275371337620186,-0
0.0275385782247174,-0
0.0275400226818668,-0
0.0275414671339295,-0
0.0275429115814039,-0
0.0275443560244657,-0
0.027545800463508,-0
0.0275472448974799,-0
0.027548689326334,-0
0.0275501337486202,-0
0.0275515781669388,-0
0.0275530225803772,-0
0.0275544669899613,-0
0.0275559113949715,-0
0.0275573557943054,-0
0.0275588001886794,-0
0.0275602445780669,-0
0.0275616889632524,-0
0.0275631333432364,-0
0.0275645777180811,-0
0.0275660220876333,-0
0.0275674664517232,-0
0.0275689108126688,-0
0.0275703551680963,-0
0.0275717995193245,-0
0.027573243866638,-0
0.0275746882093234,-0
0.0275761325473814,-0
0.0275775768794913,-0
0.0275790212078506,-0
0.0275804655307498,-0
0.027581909850503,-0
0.0275833541631718,-0
0.0275847984721583,-0
0.0275862427767925,-0
0.0275876870770207,-0
0.0275891313733946,-0
0.027590575664002,-0
0.0275920199501514,-0
0.0275934642321379,-0
0.027594908509217,-0
0.0275963527814769,-0
0.0275977970508447,-0
0.0275992413158255,-0
0.0276006855759706,-0
0.0276021298315123,-0
0.0276035740809336,-0
0.0276050183270135,-0
0.0276064625689154,-0
0.0276079068050063,-0
0.0276093510378092,-0
0.0276107952660245,-0
0.0276122394904537,-0
0.027613683709118,-0
0.0276151279243093,-0
0.0276165721355922,-0
0.0276180163411703,-0
0.0276194605431401,-0
0.0276209047413391,-0
0.0276223489347627,-0
0.0276237931232077,-0
0.027625237306618,-0
0.0276266814882074,-0
0.0276281256658743,-0
0.0276295698387473,-0
0.0276310140073896,-0
0.0276324581713069,-0
0.0276339023304679,-0
0.0276353464858578,-0
0.0276367906369279,-0
0.0276382347828902,-0
0.0276396789252303,-0
0.0276411230639481,-0
0.0276425671985054,-0
0.0276440113279557,-0
0.0276454554540077,-0
0.0276468995757296,-0
0.0276483436943432,-0
0.0276497878080216,-0
0.0276512319167856,-0
0.0276526760218979,-0
0.0276541201231523,-0
0.0276555642207625,-0
0.027657008314261,-0
0.0276584524037403,-0
0.027659896489024,-0
0.0276613405685234,-0
0.0276627846466616,-0
0.0276642287203066,-0
0.027665672789946,-0
0.0276671168548218,-0
0.0276685609153947,-0
0.0276700049731083,-0
0.0276714490254992,-0
0.027672893074458,-0
0.0276743371194768,-0
0.0276757811600201,-0
0.0276772251957714,-0
0.027678669228978,-0
0.0276801132599508,-0
0.0276815572863338,-0
0.0276830013098802,-0
0.027684445329585,-0
0.0276858893439989,-0
0.0276873333543418,-0
0.0276887773598927,-0
0.0276902213625728,-0
0.0276916653614756,-0
0.027693109358733,-0
0.0276945533509513,-0
0.027695997337917,-0
0.0276974413224215,-0
0.027698885302777,-0
0.0277003292800792,-0
0.0277017732524928,-0
0.0277032172220266,-0
0.0277046611865525,-0
0.0277061051489426,-0
0.0277075491064911,-0
0.0277089930603189,-0
0.0277104370112552,-0
0.0277118809591539,-0
0.027713324903532,-0
0.0277147688449402,-0
0.0277162127809643,-0
0.027717656713535,-0
0.0277191006445905,-0
0.0277205445701304,-0
0.0277219884920501,-0
0.0277234324102248,-0
0.0277248763247088,-0
0.0277263202378066,-0
0.0277277641467852,-0
0.0277292080516249,-0
0.0277306519529334,-0
0.0277320958516301,-0
0.0277335397456304,-0
0.0277349836355286,-0
0.0277364275229919,-0
0.0277378714069702,-0
0.0277393152874186,-0
0.0277407591656619,-0
0.0277422030390169,-0
0.0277436469092753,-0
0.0277450907753833,-0
0.0277465346386635,-0
0.0277479784990348,-0
0.0277494223572734,-0
0.027750866211772,-0
0.0277523100613622,-0
0.0277537539078169,-0
0.0277551977517571,-0
0.0277566415921381,-0
0.0277580854302465,-0
0.0277595292632706,-0
0.0277609730938298,-0
0.0277624169226798,-0
0.0277638607482223,-0
0.0277653045697202,-0
0.0277667483871962,-0
0.0277681922008422,-0
0.0277696360126725,-0
0.0277710798214477,-0
0.0277725236270432,-0
0.027773967430669,-0
0.0277754112307465,-0
0.0277768550263459,-0
0.0277782988185338,-0
0.0277797426083448,-0
0.0277811863957077,-0
0.0277826301792031,-0
0.0277840739596317,-0
0.0277855177363791,-0
0.027786961510439,-0
0.0277884052807337,-0
0.027789849049051,-0
0.0277912928145522,-0
0.0277927365764074,-0
0.0277941803357173,-0
0.0277956240914015,-0
0.027797067843775,-0
0.0277985115950143,-0
0.0277999553415786,-0
0.0278013990870213,-0
0.027802842829741,-0
0.0278042865675546,-0
0.0278057303031121,-0
0.0278071740359706,-0
0.0278086177650541,-0
0.0278100614916161,-0
0.0278115052152745,-0
0.0278129489357653,-0
0.02781439265344,-0
0.0278158363689293,-0
0.0278172800822809,-0
0.0278187237921506,-0
0.0278201674997243,-0
0.0278216112041341,-0
0.0278230549052595,-0
0.0278244986039799,-0
0.0278259422993494,-0
0.0278273859931448,-0
0.027828829684078,-0
0.027830273371698,-0
0.0278317170583284,-0
0.0278331607403205,-0
0.0278346044201414,-0
0.0278360480976387,-0
0.027837491772703,-0
0.0278389354447275,-0
0.0278403791141157,-0
0.0278418227803394,-0
0.0278432664452077,-0
0.027844710108327,-0
0.0278461537668862,-0
0.0278475974224609,-0
0.0278490410754391,-0
0.0278504847249918,-0
0.0278519283728254,-0
0.0278533720175566,-0
0.0278548156597024,-0
0.0278562592999704,-0
0.0278577029380311,-0
0.0278591465737676,-0
0.0278605902064425,-0
0.0278620338378301,-0
0.0278634774667936,-0
0.0278649210925487,-0
0.0278663647157548,-0
0.0278678083364096,-0
0.027869251954978,-0
0.0278706955707682,-0
0.0278721391835671,-0
0.0278735827952349,-0
0.0278750264038581,-0
0.0278764700097894,-0
0.0278779136130906,-0
0.0278793572143059,-0
0.0278808008138313,-0
0.0278822444099029,-0
0.0278836880046564,-0
0.0278851315973381,-0
0.0278865751871301,-0
0.0278880187754391,-0
0.0278894623612518,-0
0.0278909059450937,-0
0.0278923495259043,-0
0.0278937931042136,-0
0.0278952366809646,-0
0.0278966802545526,-0
0.0278981238250573,-0
0.027899567394826,-0
0.0279010109616265,-0
0.0279024545280043,-0
0.0279038980905283,-0
0.0279053416516409,-0
0.0279067852104555,-0
0.0279082287667068,-0
0.0279096723207174,-0
0.0279111158740547,-0
0.0279125594233549,-0
0.0279140029711048,-0
0.027915446515646,-0
0.027916890059917,-0
0.0279183336022022,-0
0.0279197771415614,-0
0.0279212206789292,-0
0.0279226642139014,-0
0.02792410774729,-0
0.0279255512780625,-0
0.027926994806529,-0
0.0279284383339183,-0
0.0279298818598461,-0
0.0279313253828067,-0
0.0279327689048902,-0
0.0279342124231683,-0
0.0279356559402357,-0
0.0279370994559118,-0
0.0279385429698418,-0
0.0279399864819265,-0
0.0279414299917764,-0
0.0279428734983763,-0
0.0279443170035172,-0
0.0279457605080125,-0
0.0279472040099379,-0
0.0279486475102522,-0
0.0279500910096713,-0
0.0279515345052078,-0
0.027952977998719,-0
0.0279544214919409,-0
0.0279558649831419,-0
0.0279573084717936,-0
0.027958751958685,-0
0.0279601954440656,-0
0.0279616389270024,-0
0.0279630824086616,-0
0.0279645258895819,-0
0.0279659693692581,-0
0.0279674128469818,-0
0.0279688563220298,-0
0.0279702997960952,-0
0.027971743268249,-0
0.0279731867395742,-0
0.0279746302074425,-0
0.0279760736721529,-0
0.0279775171372519,-0
0.0279789606003298,-0
0.0279804040619246,-0
0.027981847522941,-0
0.02798329098178,-0
0.027984734438206,-0
0.0279861778951698,-0
0.0279876213484355,-0
0.0279890648012058,-0
0.027990508251359,-0
0.0279919517003278,-0
0.0279933951479039,-0
0.0279948385930284,-0
0.0279962820383282,-0
0.0279977254809012,-0
0.0279991689226605,-0
0.0280006123621355,-0
0.0280020558010091,-0
0.0280034992383319,-0
0.0280049426738967,-0
0.0280063861088535,-0
0.0280078295420743,-0
0.0280092729732774,-0
0.0280107164036062,-0
0.0280121598320202,-0
0.0280136032584227,-0
0.0280150466844646,-0
0.0280164901096,-0
0.0280179335315062,-0
0.0280193769536009,-0
0.0280208203739117,-0
0.0280222637930331,-0
0.0280237072110946,-0
0.0280251506278422,-0
0.0280265940433689,-0
0.0280280374580867,-0
0.028029480871333,-0
0.0280309242814474,-0
0.0280323676903904,-0
0.0280338110992044,-0
0.0280352545056175,-0
0.0280366979116281,-0
0.0280381413163822,-0
0.0280395847201017,-0
0.0280410281231607,-0
0.0280424715240024,-0
0.0280439149240148,-0
0.028045358322175,-0
0.0280468017201006,-0
0.0280482451179958,-0
0.0280496885130089,-0
0.028051131907482,-0
0.0280525753001234,-0
0.0280540186924127,-0
0.0280554620830047,-0
0.0280569054723942,-0
0.0280583488606986,-0
0.0280597922471812,-0
0.0280612356328246,-0
0.0280626790185558,-0
0.028064122403771,-0
0.0280655657872853,-0
0.0280670091691224,-0
0.0280684525506275,-0
0.0280698959316958,-0
0.02807133931113,-0
0.0280727826889802,-0
0.0280742260664837,-0
0.0280756694416563,-0
0.0280771128178029,-0
0.0280785561923128,-0
0.0280799995657117,-0
0.0280814429388234,-0
0.0280828863104296,-0
0.0280843296794592,-0
0.0280857730491312,-0
0.0280872164189436,-0
0.0280886597867023,-0
0.0280901031537649,-0
0.0280915465204206,-0
0.0280929898875705,-0
0.0280944332527834,-0
0.0280958766169159,-0
0.0280973199801832,-0
0.0280987633426212,-0
0.0281002067039375,-0
0.0281016500652095,-0
0.0281030934252693,-0
0.0281045367844121,-0
0.0281059801426625,-0
0.0281074235013802,-0
0.0281088668585088,-0
0.0281103102146364,-0
0.0281117535702879,-0
0.0281131969251156,-0
0.028114640278996,-0
0.0281160836320064,-0
0.0281175269841954,-0
0.0281189703362652,-0
0.0281204136866617,-0
0.0281218570369655,-0
0.0281233003871856,-0
0.028124743735582,-0
0.028126187085621,-0
0.0281276304353967,-0
0.028129073784418,-0
0.0281305171327824,-0
0.0281319604783466,-0
0.0281334038247344,-0
0.0281348471703927,-0
0.0281362905151815,-0
0.0281377338591752,-0
0.0281391772035075,-0
0.0281406205460088,-0
0.0281420638895873,-0
0.0281435072311278,-0
0.028144950573207,-0
0.0281463939143499,-0
0.0281478372554706,-0
0.0281492805954102,-0
0.0281507239351864,-0
0.0281521672746292,-0
0.0281536106138577,-0
0.0281550539525742,-0
0.0281564972909687,-0
0.0281579406286689,-0
0.0281593839657286,-0
0.0281608273026988,-0
0.0281622706406815,-0
0.0281637139763642,-0
0.0281651573133474,-0
0.0281666006497788,-0
0.0281680439856118,-0
0.028169487321001,-0
0.0281709306561552,-0
0.02817237399092,-0
0.028173817325043,-0
0.0281752606592636,-0
0.0281767039932783,-0
0.0281781473276067,-0
0.0281795906603745,-0
0.0281810339938955,-0
0.0281824773269994,-0
0.0281839206597707,-0
0.0281853639929464,-0
0.0281868073234886,-0
0.0281882506565834,-0
0.0281896939875121,-0
0.0281911373184226,-0
0.028192580649203,-0
0.0281940239796294,-0
0.028195467309358,-0
0.0281969106395978,-0
0.0281983539712131,-0
0.0281997973022693,-0
0.028201240632987,-0
0.0282026839638734,-0
0.0282041272939333,-0
0.0282055706256887,-0
0.0282070139558923,-0
0.028208457286862,-0
0.0282099006159894,-0
0.0282113439460273,-0
0.0282127872764979,-0
0.0282142306054439,-0
0.0282156739352485,-0
0.0282171172651363,-0
0.0282185605954991,-0
0.0282200039254807,-0
0.0282214472554979,-0
0.0282228905847037,-0
0.0282243339152584,-0
0.0282257772455881,-0
0.0282272205751247,-0
0.0282286639052659,-0
0.0282301072361325,-0
0.0282315505661345,-0
0.0282329938974957,-0
0.0282344372274132,-0
0.0282358805595876,-0
0.0282373238895903,-0
0.0282387672195846,-0
0.0282402105512859,-0
0.0282416538836876,-0
0.028243097216078,-0
0.0282445405481628,-0
0.0282459838810138,-0
0.0282474272143478,-0
0.0282488705472502,-0
0.0282503138797781,-0
0.0282517572133284,-0
0.0282532005471436,-0
0.0282546438802546,-0
0.0282560872134455,-0
0.0282575305475611,-0
0.0282589738825351,-0
0.0282604172175818,-0
0.0282618605524161,-0
0.0282633038882102,-0
0.0282647472240585,-0
0.0282661905607597,-0
0.0282676338962075,-0
0.0282690772319506,-0
0.0282705205684448,-0
0.0282719639056114,-0
0.0282734072439223,-0
0.0282748505816688,-0
0.0282762939192821,-0
0.0282777372581771,-0
0.0282791805977176,-0
0.0282806239377506,-0
0.0282820672775706,-0
0.0282835106181452,-0
0.0282849539599102,-0
0.0282863973016636,-0
0.028287840642305,-0
0.0282892839847042,-0
0.0282907273275038,-0
0.0282921706707519,-0
0.0282936140145646,-0
0.0282950573587317,-0
0.0282965007023583,-0
0.0282979440482224,-0
0.0282993873939333,-0
0.0283008307403207,-0
0.028302274088402,-0
0.0283037174363845,-0
0.0283051607858437,-0
0.0283066041347181,-0
0.0283080474839432,-0
0.0283094908341291,-0
0.0283109341855226,-0
0.0283123775356104,-0
0.0283138208879859,-0
0.028315264240792,-0
0.028316707593969,-0
0.0283181509477826,-0
0.0283195943022227,-0
0.0283210376594502,-0
0.0283224810148136,-0
0.0283239243722445,-0
0.0283253677309677,-0
0.0283268110901628,-0
0.0283282544478493,-0
0.0283296978074106,-0
0.0283311411672067,-0
0.0283325845282909,-0
0.028334027889746,-0
0.0283354712532613,-0
0.0283369146177092,-0
0.028338357982018,-0
0.0283398013468881,-0
0.0283412447132353,-0
0.0283426880796487,-0
0.0283441314467093,-0
0.0283455748164191,-0
0.0283470181857181,-0
0.0283484615558417,-0
0.0283499049265301,-0
0.0283513482984195,-0
0.0283527916714619,-0
0.0283542350455219,-0
0.0283556784208808,-0
0.0283571217958805,-0
0.0283585651736268,-0
0.0283600085519029,-0
0.0283614519305084,-0
0.0283628953099565,-0
0.0283643386906403,-0
0.0283657820732016,-0
0.0283672254556885,-0
0.0283686688391285,-0
0.0283701122238174,-0
0.028371555608301,-0
0.0283729989963114,-0
0.0283744423835973,-0
0.0283758857712918,-0
0.0283773291611455,-0
0.0283787725522631,-0
0.0283802159450405,-0
0.0283816593373596,-0
0.0283831027322599,-0
0.0283845461270058,-0
0.0283859895237551,-0
0.0283874329212496,-0
0.0283888763196607,-0
0.0283903197204154,-0
0.0283917631211695,-0
0.0283932065219281,-0
0.0283946499243365,-0
0.0283960933286256,-0
0.0283975367352481,-0
0.0283989801419824,-0
0.0284004235506581,-0
0.0284018669594353,-0
0.0284033103691435,-0
0.0284047537819074,-0
0.0284061971957598,-0
0.0284076406102863,-0
0.0284090840262724,-0
0.0284105274436405,-0
0.0284119708609706,-0
0.0284134142806712,-0
0.028414857701243,-0
0.0284163011225662,-0
0.0284177445469647,-0
0.0284191879709568,-0
0.0284206313964532,-0
0.028422074823432,-0
0.0284235182521612,-0
0.0284249616827636,-0
0.028426405114142,-0
0.0284278485469818,-0
0.0284292919811861,-0
0.0284307354165904,-0
0.0284321788537941,-0
0.0284336222926605,-0
0.0284350657320274,-0
0.0284365091730349,-0
0.028437952615145,-0
0.0284393960594614,-0
0.0284408395045935,-0
0.028442282951482,-0
0.0284437263998384,-0
0.0284451698492369,-0
0.0284466133007783,-0
0.0284480567534332,-0
0.028449500208438,-0
0.0284509436638933,-0
0.0284523871210823,-0
0.0284538305813581,-0
0.028455274041773,-0
0.0284567175038943,-0
0.0284581609677194,-0
0.0284596044339425,-0
0.0284610479013145,-0
0.0284624913694783,-0
0.0284639348401363,-0
0.0284653783115151,-0
0.0284668217852116,-0
0.0284682652606013,-0
0.0284697087367141,-0
0.0284711522157419,-0
0.0284725956963616,-0
0.0284740391786672,-0
0.0284754826632784,-0
0.0284769261489183,-0
0.0284783696353133,-0
0.0284798131239895,-0
0.0284812566148343,-0
0.0284827001078199,-0
0.0284841436006858,-0
0.0284855870958432,-0
0.0284870305932316,-0
0.0284884740926914,-0
0.0284899175942325,-0
0.0284913610966447,-0
0.0284928046002865,-0
0.0284942481055944,-0
0.0284956916141031,-0
0.028497135126222,-0
0.0284985786384303,-0
0.0285000221527153,-0
0.0285014656682495,-0
0.0285029091853412,-0
0.0285043527050748,-0
0.028505796225475,-0
0.0285072397471821,-0
0.0285086832712512,-0
0.0285101267979018,-0
0.0285115703274579,-0
0.0285130138574328,-0
0.0285144573902495,-0
0.0285159009255482,-0
0.0285173444617312,-0
0.0285187879987059,-0
0.0285202315392771,-0
0.0285216750823368,-0
0.0285231186263446,-0
0.0285245621723902,-0
0.0285260057202814,-0
0.0285274492701994,-0
0.02852889282332,-0
0.0285303363779012,-0
0.0285317799333946,-0
0.0285332234908771,-0
0.0285346670516337,-0
0.0285361106123652,-0
0.0285375541779996,-0
0.0285389977440847,-0
0.0285404413123411,-0
0.0285418848833317,-0
0.0285433284554676,-0
0.0285447720319922,-0
0.0285462156097011,-0
0.0285476591887924,-0
0.0285491027705562,-0
0.0285505463539661,-0
0.0285519899397698,-0
0.0285534335275881,-0
0.0285548771176521,-0
0.0285563207095508,-0
0.028557764304905,-0
0.0285592079017177,-0
0.028560651500798,-0
0.0285620951023796,-0
0.028563538705368,-0
0.0285649823109522,-0
0.0285664259182514,-0
0.0285678695294477,-0
0.0285693131419889,-0
0.0285707567565545,-0
0.0285722003737274,-0
0.0285736439935555,-0
0.0285750876162166,-0
0.0285765312413254,-0
0.0285779748683369,-0
0.0285794184979998,-0
0.028580862130038,-0
0.0285823057635046,-0
0.0285837493992327,-0
0.0285851930373834,-0
0.0285866366793323,-0
0.0285880803213171,-0
0.0285895239651164,-0
0.0285909676129904,-0
0.0285924112629409,-0
0.0285938549155388,-0
0.0285952985702522,-0
0.0285967422280453,-0
0.0285981858876104,-0
0.0285996295503002,-0
0.0286010732148045,-0
0.0286025168817373,-0
0.0286039605526526,-0
0.0286054042254575,-0
0.028606847901155,-0
0.028608291578742,-0
0.0286097352586372,-0
0.0286111789409731,-0
0.0286126226251413,-0
0.0286140663125324,-0
0.0286155100021189,-0
0.0286169536948476,-0
0.0286183973890544,-0
0.0286198410870736,-0
0.0286212847862415,-0
0.0286227284891445,-0
0.0286241721953313,-0
0.0286256159034092,-0
0.0286270596142406,-0
0.0286285033273315,-0
0.0286299470420008,-0
0.0286313907602323,-0
0.0286328344819569,-0
0.0286342782060049,-0
0.0286357219335936,-0
0.02863716566355,-0
0.0286386093945435,-0
0.0286400531300858,-0
0.0286414968682227,-0
0.0286429406068322,-0
0.0286443843501444,-0
0.0286458280964461,-0
0.028647271845131,-0
0.0286487155975255,-0
0.0286501593514449,-0
0.0286516031087057,-0
0.0286530468680404,-0
0.0286544906296711,-0
0.0286559343947891,-0
0.0286573781623338,-0
0.0286588219331617,-0
0.0286602657073683,-0
0.028661709482817,-0
0.0286631532621553,-0
0.0286645970450122,-0
0.0286660408310435,-0
0.0286674846177394,-0
0.0286689284091074,-0
0.0286703722036148,-0
0.0286718159990193,-0
0.0286732597989301,-0
0.0286747036014086,-0
0.0286761474065784,-0
0.0286775912159877,-0
0.0286790350283087,-0
0.0286804788426285,-0
0.0286819226594579,-0
0.0286833664783528,-0
0.0286848103020419,-0
0.0286862541289309,-0
0.028687697957873,-0
0.0286891417889174,-0
0.0286905856231787,-0
0.0286920294606034,-0
0.0286934733017493,-0
0.0286949171459896,-0
0.0286963609934188,-0
0.028697804844238,-0
0.0286992486983044,-0
0.0287006925562254,-0
0.0287021364162861,-0
0.0287035802796879,-0
0.0287050241451588,-0
0.0287064680146442,-0
0.0287079118853922,-0
0.0287093557588443,-0
0.0287107996370647,-0
0.028712243518247,-0
0.0287136874030617,-0
0.0287151312916039,-0
0.0287165751823458,-0
0.0287180190762326,-0
0.0287194629734046,-0
0.0287209068737149,-0
0.0287223507772362,-0
0.0287237946836923,-0
0.0287252385948907,-0
0.0287266825078605,-0
0.0287281264243152,-0
0.0287295703446173,-0
0.0287310142664714,-0
0.0287324581932882,-0
0.0287339021233111,-0
0.0287353460559334,-0
0.0287367899932102,-0
0.0287382339339573,-0
0.028739677877138,-0
0.0287411218236136,-0
0.028742565772221,-0
0.028744009725502,-0
0.0287454536826564,-0
0.028746897642657,-0
0.028748341605429,-0
0.0287497855716043,-0
0.0287512295417813,-0
0.0287526735139282,-0
0.0287541174904489,-0
0.0287555614694698,-0
0.028757005452898,-0
0.0287584494403912,-0
0.0287598934299332,-0
0.0287613374231714,-0
0.0287627814213826,-0
0.0287642254216522,-0
0.028765669426484,-0
0.0287671134336073,-0
0.0287685574443114,-0
0.0287700014588815,-0
0.0287714454771182,-0
0.0287728894979646,-0
0.0287743335234493,-0
0.0287757775525412,-0
0.0287772215845499,-0
0.028778665620484,-0
0.0287801096604683,-0
0.0287815537028826,-0
0.0287829977502535,-0
0.0287844417993642,-0
0.0287858858534665,-0
0.0287873299116033,-0
0.0287887739734192,-0
0.0287902180381749,-0
0.0287916621067499,-0
0.0287931061786382,-0
0.0287945502536181,-0
0.0287959943324219,-0
0.0287974384153085,-0
0.0287988825007568,-0
0.0288003265903999,-0
0.028801770684534,-0
0.0288032147815432,-0
0.0288046588817621,-0
0.0288061029878049,-0
0.0288075470961564,-0
0.028808991208774,-0
0.0288104353239293,-0
0.0288118794435526,-0
0.0288133235664748,-0
0.0288147676938489,-0
0.0288162118247547,-0
0.0288176559606585,-0
0.0288191001001433,-0
0.0288205442422274,-0
0.0288219883887043,-0
0.0288234325376823,-0
0.0288248766913704,-0
0.028826320850227,-0
0.0288277650120031,-0
0.0288292091760505,-0
0.0288306533449884,-0
0.0288320975182395,-0
0.0288335416944238,-0
0.028834985874599,-0
0.0288364300591315,-0
0.0288378742468934,-0
0.0288393184394759,-0
0.0288407626348927,-0
0.0288422068360307,-0
0.0288436510404022,-0
0.0288450952480295,-0
0.0288465394588797,-0
0.0288479836749134,-0
0.0288494278952159,-0
0.0288508721180918,-0
0.0288523163452291,-0
0.0288537605761831,-0
0.0288552048124825,-0
0.0288566490526905,-0
0.0288580932957416,-0
0.0288595375435386,-0
0.0288609817944457,-0
0.0288624260517212,-0
0.0288638703117237,-0
0.0288653145759131,-0
0.0288667588434902,-0
0.028868203115854,-0
0.0288696473922766,-0
0.0288710916724075,-0
0.0288725359582626,-0
0.0288739802468142,-0
0.0288754245383762,-0
0.0288768688354211,-0
0.028878313136906,-0
0.0288797574420618,-0
0.028881201751572,-0
0.0288826460651117,-0
0.0288840903832281,-0
0.0288855347044169,-0
0.0288869790313273,-0
0.0288884233618068,-0
0.02888986769575,-0
0.0288913120350433,-0
0.0288927563773491,-0
0.0288942007251218,-0
0.0288956450765329,-0
0.0288970894324513,-0
0.0288985337934157,-0
0.028899978158286,-0
0.0289014225258219,-0
0.0289028668978627,-0
0.0289043112741024,-0
0.0289057556547085,-0
0.0289072000396976,-0
0.0289086444287686,-0
0.0289100888232969,-0
0.0289115332226969,-0
0.0289129776258035,-0
0.0289144220324993,-0
0.0289158664452901,-0
0.0289173108615769,-0
0.0289187552829127,-0
0.0289201997071634,-0
0.0289216441365067,-0
0.0289230885709483,-0
0.0289245330084615,-0
0.0289259774512202,-0
0.0289274218982813,-0
0.0289288663497516,-0
0.0289303108053663,-0
0.0289317552663542,-0
0.0289331997309762,-0
0.0289346441995378,-0
0.0289360886740003,-0
0.0289375331524161,-0
0.0289389776348674,-0
0.0289404221223931,-0
0.0289418666149709,-0
0.0289433111112834,-0
0.0289447556122005,-0
0.0289462001178767,-0
0.0289476446271454,-0
0.0289490891406862,-0
0.0289505336591446,-0
0.0289519781823669,-0
0.0289534227099179,-0
0.0289548672416248,-0
0.0289563117785735,-0
0.0289577563196887,-0
0.0289592008665615,-0
0.0289606454171755,-0
0.0289620899722657,-0
0.0289635345328974,-0
0.0289649790969434,-0
0.0289664236675377,-0
0.0289678682418604,-0
0.0289693128216433,-0
0.0289707574063384,-0
0.0289722019943553,-0
0.0289736465875389,-0
0.0289750911839605,-0
0.0289765357857128,-0
0.028977980392279,-0
0.0289794250040374,-0
0.0289808696196498,-0
0.0289823142409897,-0
0.0289837588670434,-0
0.0289852034975376,-0
0.0289866481329174,-0
0.0289880927733658,-0
0.0289895374181835,-0
0.0289909820666875,-0
0.0289924267210527,-0
0.028993871379844,-0
0.0289953160440583,-0
0.0289967607126909,-0
0.0289982053869608,-0
0.0289996500665851,-0
0.029001094750607,-0
0.0290025394400185,-0
0.0290039841330634,-0
0.0290054288315131,-0
0.0290068735348749,-0
0.0290083182433099,-0
0.0290097629559499,-0
0.029011207673801,-0
0.0290126523967697,-0
0.029014097123191,-0
0.0290155418558939,-0
0.029016986594006,-0
0.0290184313360859,-0
0.0290198760847046,-0
0.029021320837152,-0
0.0290227655943502,-0
0.0290242103573619,-0
0.0290256551246838,-0
0.0290270998959125,-0
0.0290285446719755,-0
0.0290299894544481,-0
0.0290314342428727,-0
0.0290328790341013,-0
0.0290343238311993,-0
0.0290357686328817,-0
0.0290372134409772,-0
0.0290386582520325,-0
0.0290401030700365,-0
0.0290415478928051,-0
0.0290429927203672,-0
0.0290444375527581,-0
0.0290458823923209,-0
0.029047327235463,-0
0.0290487720823795,-0
0.029050216934518,-0
0.0290516617919704,-0
0.0290531066558928,-0
0.029054551525257,-0
0.0290559963991956,-0
0.0290574412779787,-0
0.0290588861620966,-0
0.0290603310520275,-0
0.0290617759464815,-0
0.0290632208450027,-0
0.0290646657505499,-0
0.0290661106608448,-0
0.0290675555761182,-0
0.0290690004958591,-0
0.0290704454225059,-0
0.0290718903525605,-0
0.0290733352892549,-0
0.0290747802301515,-0
0.0290762251765476,-0
0.0290776701289763,-0
0.0290791150874297,-0
0.0290805600505113,-0
0.0290820050182562,-0
0.0290834499917761,-0
0.0290848949711648,-0
0.0290863399547706,-0
0.029087784944019,-0
0.0290892299377723,-0
0.0290906749386658,-0
0.0290921199440903,-0
0.0290935649549868,-0
0.0290950099720738,-0
0.0290964549943544,-0
0.0290979000214207,-0
0.029099345053663,-0
0.0291007900908418,-0
0.0291022351347075,-0
0.0291036801839318,-0
0.0291051252380818,-0
0.0291065702988243,-0
0.029108015363222,-0
0.0291094604326242,-0
0.0291109055086532,-0
0.0291123505912496,-0
0.0291137956780782,-0
0.0291152407707383,-0
0.0291166858676784,-0
0.0291181309708724,-0
0.0291195760794824,-0
0.0291210211942274,-0
0.0291224663147103,-0
0.0291239114401217,-0
0.0291253565723713,-0
0.0291268017091455,-0
0.0291282468512486,-0
0.0291296919989295,-0
0.029131137151603,-0
0.0291325823115728,-0
0.0291340274776419,-0
0.0291354726481125,-0
0.0291369178245849,-0
0.0291383630073574,-0
0.0291398081965908,-0
0.0291412533903141,-0
0.029142698588932,-0
0.0291441437933249,-0
0.0291455890030582,-0
0.0291470342190981,-0
0.0291484794414213,-0
0.0291499246670249,-0
0.0291513699000949,-0
0.0291528151375095,-0
0.0291542603809096,-0
0.0291557056318616,-0
0.0291571508861384,-0
0.0291585961483754,-0
0.0291600414154741,-0
0.0291614866876872,-0
0.0291629319657858,-0
0.0291643772504309,-0
0.0291658225399882,-0
0.0291672678353695,-0
0.0291687131380086,-0
0.0291701584464864,-0
0.0291716037596636,-0
0.0291730490784711,-0
0.029174494403118,-0
0.0291759397335875,-0
0.0291773850701838,-0
0.0291788304132094,-0
0.0291802757617804,-0
0.0291817211160843,-0
0.029183166476367,-0
0.0291846118423047,-0
0.0291860572141597,-0
0.029187502592166,-0
0.0291889479750769,-0
0.0291903933638666,-0
0.0291918387592463,-0
0.0291932841609678,-0
0.0291947295688017,-0
0.0291961749828258,-0
0.0291976204025669,-0
0.0291990658270587,-0
0.0292005112584071,-0
0.0292019566953238,-0
0.0292034021401057,-0
0.0292048475895123,-0
0.0292062930446413,-0
0.0292077385050355,-0
0.0292091839730323,-0
0.029210629445856,-0
0.0292120749245444,-0
0.0292135204108406,-0
0.0292149659023904,-0
0.0292164113996591,-0
0.0292178569028132,-0
0.0292193024112915,-0
0.0292207479273874,-0
0.0292221934493996,-0
0.0292236389777173,-0
0.0292250845121567,-0
0.0292265300519091,-0
0.0292279755992445,-0
0.0292294211515556,-0
0.0292308667109068,-0
0.0292323122745495,-0
0.0292337578451135,-0
0.0292352034215928,-0
0.0292366490043399,-0
0.0292380945940019,-0
0.0292395401884959,-0
0.0292409857899714,-0
0.029242431397759,-0
0.0292438770112281,-0
0.0292453226323736,-0
0.0292467682591239,-0
0.0292482138911335,-0
0.0292496595303112,-0
0.0292511051763541,-0
0.0292525508292967,-0
0.0292539964881667,-0
0.0292554421520734,-0
0.0292568878239298,-0
0.0292583334996076,-0
0.0292597791823506,-0
0.0292612248722589,-0
0.0292626705687643,-0
0.0292641162714906,-0
0.0292655619818608,-0
0.0292670076972312,-0
0.0292684534173693,-0
0.0292698991444389,-0
0.0292713448769968,-0
0.0292727906178187,-0
0.0292742363631112,-0
0.0292756821169138,-0
0.0292771278761884,-0
0.0292785736437315,-0
0.0292800194152828,-0
0.0292814651930637,-0
0.029282910977843,-0
0.0292843567707466,-0
0.029285802568273,-0
0.0292872483730372,-0
0.0292886941845105,-0
0.0292901400019826,-0
0.0292915858251227,-0
0.0292930316554395,-0
0.0292944774909188,-0
0.0292959233341888,-0
0.0292973691836146,-0
0.0292988150403952,-0
0.0293002609031298,-0
0.0293017067727729,-0
0.0293031526482486,-0
0.0293045985302174,-0
0.0293060444191988,-0
0.0293074903147525,-0
0.0293089362163776,-0
0.0293103821251292,-0
0.0293118280412417,-0
0.0293132739625033,-0
0.0293147198907196,-0
0.0293161658255019,-0
0.0293176117671612,-0
0.0293190577164953,-0
0.0293205036717403,-0
0.0293219496336485,-0
0.0293233956015741,-0
0.029324841576901,-0
0.0293262875585733,-0
0.0293277335456696,-0
0.0293291795404204,-0
0.0293306255412691,-0
0.0293320715511882,-0
0.0293335175665294,-0
0.0293349635882791,-0
0.0293364096168218,-0
0.0293378556525361,-0
0.0293393016952999,-0
0.0293407477457713,-0
0.0293421938011509,-0
0.0293436398637674,-0
0.0293450859334091,-0
0.029346532008711,-0
0.0293479780916784,-0
0.0293494241815176,-0
0.0293508702785501,-0
0.0293523163820326,-0
0.029353762491973,-0
0.0293552086090868,-0
0.0293566547321981,-0
0.0293581008625122,-0
0.0293595469994869,-0
0.0293609931447005,-0
0.0293624392965736,-0
0.0293638854539879,-0
0.0293653316184395,-0
0.0293667777907621,-0
0.0293682239696964,-0
0.0293696701562303,-0
0.029371116347208,-0
0.029372562546769,-0
0.0293740087532201,-0
0.0293754549671591,-0
0.0293769011880389,-0
0.0293783474132362,-0
0.0293797936465977,-0
0.0293812398867944,-0
0.0293826861354665,-0
0.0293841323890484,-0
0.0293855786503785,-0
0.0293870249189247,-0
0.0293884711964708,-0
0.0293899174805448,-0
0.0293913637689799,-0
0.0293928100657272,-0
0.0293942563709631,-0
0.0293957026818217,-0
0.0293971490001938,-0
0.0293985953260997,-0
0.0294000416595767,-0
0.0294014879998572,-0
0.0294029343454988,-0
0.0294043806990384,-0
0.0294058270604467,-0
0.0294072734285657,-0
0.0294087198036642,-0
0.0294101661850278,-0
0.0294116125742916,-0
0.0294130589715606,-0
0.0294145053745672,-0
0.0294159517859447,-0
0.0294173982033984,-0
0.0294188446283187,-0
0.0294202910600735,-0
0.0294217374995599,-0
0.0294231839467591,-0
0.029424630400392,-0
0.0294260768605322,-0
0.0294275233285595,-0
0.0294289698042956,-0
0.0294304162862881,-0
0.0294318627759111,-0
0.0294333092718783,-0
0.029434755776161,-0
0.0294362022876167,-0
0.0294376488049392,-0
0.0294390953300531,-0
0.0294405418635287,-0
0.0294419884035935,-0
0.0294434349524776,-0
0.0294448815074497,-0
0.0294463280704849,-0
0.0294477746410662,-0
0.0294492212193532,-0
0.0294506678041192,-0
0.0294521143974241,-0
0.0294535609964918,-0
0.0294550076037894,-0
0.0294564542176685,-0
0.0294579008390058,-0
0.0294593474693578,-0
0.0294607941045839,-0
0.0294622407476652,-0
0.0294636873981824,-0
0.0294651340572602,-0
0.0294665807231302,-0
0.0294680273964789,-0
0.0294694740775045,-0
0.0294709207668147,-0
0.0294723674630936,-0
0.0294738141667682,-0
0.0294752608774418,-0
0.0294767075949192,-0
0.0294781543208459,-0
0.029479601053621,-0
0.0294810477949276,-0
0.0294824945429997,-0
0.0294839412980651,-0
0.0294853880612455,-0
0.0294868348317703,-0
0.0294882816100592,-0
0.0294897283963194,-0
0.0294911751894546,-0
0.0294926219914307,-0
0.0294940687990102,-0
0.0294955156164588,-0
0.0294969624415959,-0
0.0294984092735318,-0
0.029499856113144,-0
0.029501302960222,-0
0.0295027498142992,-0
0.029504196677674,-0
0.0295056435487855,-0
0.0295070904257338,-0
0.0295085373111073,-0
0.0295099842035256,-0
0.0295114311039074,-0
0.0295128780110582,-0
0.029514324926738,-0
0.0295157718488435,-0
0.0295172187796062,-0
0.0295186657179957,-0
0.0295201126633052,-0
0.0295215596173749,-0
0.0295230065792934,-0
0.0295244535501944,-0
0.0295259005279,-0
0.0295273475125301,-0
0.029528794506274,-0
0.0295302415059612,-0
0.0295316885128256,-0
0.0295331355298562,-0
0.0295345825532499,-0
0.0295360295851417,-0
0.0295374766248028,-0
0.02953892367373,-0
0.0295403707290205,-0
0.0295418177924867,-0
0.0295432648644052,-0
0.0295447119444443,-0
0.0295461590315317,-0
0.0295476061267829,-0
0.029549053228787,-0
0.0295505003411158,-0
0.0295519474595785,-0
0.0295533945867328,-0
0.0295548417199529,-0
0.0295562888626967,-0
0.0295577360127781,-0
0.0295591831694609,-0
0.0295606303353895,-0
0.0295620775086377,-0
0.0295635246904389,-0
0.0295649718805529,-0
0.0295664190772719,-0
0.0295678662828772,-0
0.0295693134962613,-0
0.0295707607183189,-0
0.0295722079475446,-0
0.0295736551844309,-0
0.0295751024297421,-0
0.0295765496827428,-0
0.029577996944264,-0
0.0295794442137406,-0
0.0295808914892701,-0
0.0295823387756418,-0
0.0295837860699168,-0
0.0295852333716876,-0
0.0295866806823271,-0
0.0295881279996554,-0
0.0295895753259164,-0
0.0295910226599181,-0
0.0295924700016508,-0
0.0295939173510947,-0
0.0295953647090624,-0
0.0295968120746092,-0
0.0295982594493714,-0
0.0295997068329895,-0
0.0296011542240196,-0
0.029602601624256,-0
0.0296040490317267,-0
0.0296054964487147,-0
0.0296069438735407,-0
0.0296083913051804,-0
0.029609838745249,-0
0.029611286193564,-0
0.0296127336501758,-0
0.0296141811144494,-0
0.0296156285863509,-0
0.0296170760670279,-0
0.0296185235564596,-0
0.0296199710529461,-0
0.0296214185595351,-0
0.0296228660740176,-0
0.0296243135961782,-0
0.0296257611274051,-0
0.0296272086666567,-0
0.029628656214267,-0
0.0296301037709775,-0
0.0296315513339405,-0
0.0296329989048173,-0
0.0296344464854871,-0
0.0296358940733771,-0
0.0296373416698536,-0
0.0296387892756037,-0
0.029640236888218,-0
0.029641684509209,-0
0.0296431321403991,-0
0.0296445797808546,-0
0.0296460274277062,-0
0.0296474750826339,-0
0.0296489227467668,-0
0.0296503704199247,-0
0.0296518181004788,-0
0.0296532657892676,-0
0.0296547134881882,-0
0.0296561611939927,-0
0.0296576089087438,-0
0.0296590566322508,-0
0.0296605043639145,-0
0.0296619521032457,-0
0.0296633998512768,-0
0.0296648476080551,-0
0.0296662953735547,-0
0.02966774314728,-0
0.0296691909301527,-0
0.029670638720658,-0
0.0296720865205021,-0
0.0296735343295907,-0
0.0296749821466251,-0
0.0296764299717501,-0
0.0296778778069306,-0
0.0296793256489865,-0
0.029680773499343,-0
0.029682221358808,-0
0.0296836692270841,-0
0.0296851171048302,-0
0.0296865649908784,-0
0.0296880128837389,-0
0.0296894607874004,-0
0.029690908698618,-0
0.0296923566170901,-0
0.0296938045445476,-0
0.0296952524805913,-0
0.0296967004271296,-0
0.0296981483806281,-0
0.0296995963439505,-0
0.0297010443160034,-0
0.0297024922958787,-0
0.0297039402850812,-0
0.0297053882819417,-0
0.0297068362898398,-0
0.0297082843044161,-0
0.0297097323283402,-0
0.0297111803593211,-0
0.0297126283999065,-0
0.0297140764487091,-0
0.0297155245076498,-0
0.029716972575482,-0
0.0297184206522706,-0
0.0297198687370561,-0
0.0297213168302237,-0
0.0297227649320326,-0
0.0297242130427438,-0
0.0297256611633705,-0
0.0297271092923397,-0
0.0297285574298238,-0
0.0297300055761529,-0
0.0297314537310983,-0
0.0297329018958836,-0
0.0297343500696043,-0
0.0297357982522972,-0
0.0297372464434553,-0
0.0297386946433417,-0
0.0297401428519028,-0
0.0297415910684249,-0
0.029743039294488,-0
0.0297444875301832,-0
0.029745935774213,-0
0.0297473840276655,-0
0.0297488322902672,-0
0.0297502805606586,-0
0.0297517288405647,-0
0.029753177129444,-0
0.0297546254266398,-0
0.0297560737336309,-0
0.0297575220489315,-0
0.029758970374173,-0
0.0297604187082672,-0
0.0297618670505896,-0
0.0297633154024456,-0
0.0297647637631845,-0
0.0297662121327969,-0
0.029767660511166,-0
0.0297691088988364,-0
0.0297705572947176,-0
0.029772005700491,-0
0.0297734541147852,-0
0.0297749025388931,-0
0.0297763509702081,-0
0.0297777994129948,-0
0.0297792478638892,-0
0.0297806963235277,-0
0.0297821447933379,-0
0.0297835932710865,-0
0.029785041757304,-0
0.0297864902535673,-0
0.0297879387594267,-0
0.0297893872750833,-0
0.0297908357985531,-0
0.0297922843329556,-0
0.0297937328744911,-0
0.0297951814269497,-0
0.0297966299865696,-0
0.0297980785568564,-0
0.0297995271349399,-0
0.0298009757236322,-0
0.0298024243200101,-0
0.0298038729258192,-0
0.0298053215422924,-0
0.0298067701675492,-0
0.0298082188013349,-0
0.0298096674453347,-0
0.0298111160972116,-0
0.0298125647604882,-0
0.0298140134316913,-0
0.0298154621125203,-0
0.0298169108021245,-0
0.029818359502131,-0
0.0298198082117609,-0
0.0298212569291229,-0
0.0298227056549646,-0
0.0298241543903715,-0
0.0298256031358113,-0
0.0298270518903357,-0
0.0298285006540433,-0
0.0298299494280448,-0
0.0298313982124115,-0
0.029832847004093,-0
0.0298342958049672,-0
0.0298357446171225,-0
0.0298371934383729,-0
0.0298386422675048,-0
0.0298400911058222,-0
0.0298415399533442,-0
0.0298429888106395,-0
0.0298444376782256,-0
0.0298458865564944,-0
0.0298473354425673,-0
0.0298487843386862,-0
0.029850233244399,-0
0.0298516821582929,-0
0.0298531310816436,-0
0.0298545800151408,-0
0.0298560289588865,-0
0.0298574779103907,-0
0.0298589268736367,-0
0.0298603758449676,-0
0.0298618248265535,-0
0.0298632738168363,-0
0.029864722816641,-0
0.0298661718259658,-0
0.0298676208451944,-0
0.0298690698729136,-0
0.0298705189101549,-0
0.02987196795664,-0
0.0298734170148173,-0
0.0298748660821256,-0
0.0298763151583319,-0
0.0298777642439122,-0
0.0298792133389538,-0
0.0298806624441254,-0
0.0298821115607028,-0
0.0298835606846075,-0
0.0298850098194887,-0
0.0298864589628204,-0
0.0298879081167084,-0
0.029889357281527,-0
0.0298908064544093,-0
0.0298922556376715,-0
0.0298937048300598,-0
0.0298951540313823,-0
0.0298966032429459,-0
0.0298980524631877,-0
0.0298995016932144,-0
0.0299009509343188,-0
0.0299024001839953,-0
0.0299038494441409,-0
0.0299052987124703,-0
0.0299067479906807,-0
0.0299081972812641,-0
0.0299096465786587,-0
0.0299110958883397,-0
0.0299125452057767,-0
0.0299139945337303,-0
0.0299154438721513,-0
0.0299168932197746,-0
0.0299183425764128,-0
0.0299197919447382,-0
0.029921241321508,-0
0.0299226907094002,-0
0.029924140107054,-0
0.0299255895133934,-0
0.029927038929789,-0
0.0299284883571031,-0
0.0299299377948517,-0
0.0299313872405611,-0
0.0299328366968289,-0
0.0299342861632289,-0
0.0299357356382582,-0
0.0299371851244799,-0
0.0299386346199284,-0
0.029940084125807,-0
0.0299415336410265,-0
0.0299429831673,-0
0.0299444327024665,-0
0.0299458822474076,-0
0.0299473318020338,-0
0.0299487813670203,-0
0.0299502309421975,-0
0.0299516805269253,-0
0.0299531301213612,-0
0.0299545797270556,-0
0.0299560293418551,-0
0.0299574789661983,-0
0.029958928601167,-0
0.0299603782466633,-0
0.0299618279018157,-0
0.0299632775661915,-0
0.029964727240951,-0
0.029966176925982,-0
0.0299676266215111,-0
0.029969076326114,-0
0.0299705260404197,-0
0.029971975765524,-0
0.0299734255004387,-0
0.0299748752455095,-0
0.0299763250023949,-0
0.0299777747679667,-0
0.0299792245437651,-0
0.0299806743297672,-0
0.0299821241263624,-0
0.0299835739328833,-0
0.0299850237493192,-0
0.0299864735748908,-0
0.0299879234118231,-0
0.0299893732584674,-0
0.0299908231161682,-0
0.0299922729833057,-0
0.0299937228607314,-0
0.0299951727468847,-0
0.0299966226441411,-0
0.0299980725519724,-0
0.029999522469379,-0
0.03,-0
0.0300014590876301,-0
0.0300028883438504,-0
0.0300043408155852,-0
0.0300057930145016,-0
0.0300072454942574,-0
0.0300086976929327,-0
0.03001014964342,-0
0.0300116013624156,-0
0.0300130528805214,-0
0.030014504224248,-0
0.0300159554156542,-0
0.0300174064732434,-0
0.0300188574167548,-0
0.0300203082593241,-0
0.030021759017595,-0
0.0300232097034766,-0
0.0300246603257581,-0
0.0300261108925702,-0
0.0300275614127223,-0
0.030029011893576,-0
0.0300304623405888,-0
0.0300319127620458,-0
0.0300333631587805,-0
0.0300348135371098,-0
0.0300362639002013,-0
0.0300377142497091,-0
0.0300391645905908,-0
0.0300406149249572,-0
0.030042065254894,-0
0.030043515580792,-0
0.0300449659053506,-0
0.0300464162319088,-0
0.0300478665584081,-0
0.0300493168881871,-0
0.0300507672211189,-0
0.0300522175587582,-0
0.0300536679021105,-0
0.0300551182506992,-0
0.0300565686056744,-0
0.0300580189683251,-0
0.0300594693373694,-0
0.0300609197150467,-0
0.0300623701004905,-0
0.0300638204939086,-0
0.0300652708965193,-0
0.0300667213077812,-0
0.0300681717283068,-0
0.0300696221582789,-0
0.0300710725981811,-0
0.0300725230463286,-0
0.0300739735055771,-0
0.0300754239729779,-0
0.0300768744510167,-0
0.0300783249391658,-0
0.0300797754372001,-0
0.0300812259453027,-0
0.0300826764639695,-0
0.0300841269935473,-0
0.0300855775339275,-0
0.0300870280846999,-0
0.0300884786446446,-0
0.0300899292164955,-0
0.0300913797984975,-0
0.0300928303902476,-0
0.030094280992907,-0
0.0300957316051367,-0
0.0300971822296135,-0
0.030098632864486,-0
0.0301000835095261,-0
0.0301015341650735,-0
0.0301029848310039,-0
0.0301044355078122,-0
0.0301058861950521,-0
0.030107336893256,-0
0.0301087876029218,-0
0.0301102383231567,-0
0.0301116890543201,-0
0.0301131397977609,-0
0.0301145905496217,-0
0.0301160413123207,-0
0.0301174920860659,-0
0.0301189428697818,-0
0.0301203936647277,-0
0.030121844471444,-0
0.0301232952882121,-0
0.0301247461153044,-0
0.0301261969533601,-0
0.0301276478032572,-0
0.0301290986637184,-0
0.0301305495346947,-0
0.0301320004167036,-0
0.0301334513089951,-0
0.0301349022115834,-0
0.0301363531264544,-0
0.0301378040522244,-0
0.0301392549877383,-0
0.0301407059348003,-0
0.0301421568938951,-0
0.0301436078645202,-0
0.0301450588453724,-0
0.030146509836324,-0
0.0301479608383637,-0
0.0301494118520156,-0
0.0301508628762655,-0
0.0301523139110276,-0
0.0301537649586659,-0
0.0301552160157213,-0
0.0301566670840185,-0
0.0301581181619497,-0
0.030159569251777,-0
0.0301610203519785,-0
0.0301624714631364,-0
0.0301639225862215,-0
0.0301653737212236,-0
0.030166824866671,-0
0.0301682760230113,-0
0.0301697271911968,-0
0.0301711783695637,-0
0.0301726295588869,-0
0.030174080760799,-0
0.0301755319721472,-0
0.0301769831957529,-0
0.0301784344296305,-0
0.0301798856748786,-0
0.0301813369316346,-0
0.0301827881992548,-0
0.0301842394774932,-0
0.0301856907672202,-0
0.0301871420685961,-0
0.0301885933804076,-0
0.0301900447038588,-0
0.0301914960378056,-0
0.0301929473831262,-0
0.0301943987391742,-0
0.0301958501074298,-0
0.030197301487508,-0
0.0301987528784979,-0
0.0302002042804864,-0
0.0302016556937145,-0
0.030203107117338,-0
0.0302045585507837,-0
0.030206009997354,-0
0.0302074614552755,-0
0.0302089129254318,-0
0.0302103644055523,-0
0.0302118158980274,-0
0.0302132674008491,-0
0.0302147189157824,-0
0.030216170442618,-0
0.0302176219795378,-0
0.0302190735285764,-0
0.0302205250881862,-0
0.0302219766593469,-0
0.030223428241362,-0
0.0302248798349781,-0
0.030226331439004,-0
0.0302277830555124,-0
0.0302292346844677,-0
0.0302306863241959,-0
0.0302321379759113,-0
0.0302335896381637,-0
0.0302350413118673,-0
0.0302364929971411,-0
0.0302379446916241,-0
0.0302393963985487,-0
0.0302408481167899,-0
0.0302422998467446,-0
0.0302437515885761,-0
0.0302452033425171,-0
0.0302466551067199,-0
0.0302481068827944,-0
0.0302495586712832,-0
0.0302510104707594,-0
0.0302524622822136,-0
0.0302539141050046,-0
0.030255365938759,-0
0.0302568177846744,-0
0.03025826964009,-0
0.0302597215075127,-0
0.030261173386552,-0
0.0302626252789371,-0
0.0302640771816886,-0
0.0302655290956564,-0
0.0302669810209837,-0
0.0302684329589338,-0
0.0302698849069047,-0
0.0302713368668891,-0
0.0302727888396483,-0
0.0302742408236206,-0
0.0302756928197273,-0
0.0302771448259161,-0
0.0302785968452708,-0
0.0302800488762465,-0
0.03028150091887,-0
0.0302829529727828,-0
0.03028440503883,-0
0.0302858571151986,-0
0.0302873092045768,-0
0.0302887613053684,-0
0.0302902134169735,-0
0.0302916655406848,-0
0.0302931176754335,-0
0.0302945698222789,-0
0.0302960219818909,-0
0.0302974741528554,-0
0.0302989263343268,-0
0.0303003785282229,-0
0.0303018307337965,-0
0.0303032829505028,-0
0.0303047351792191,-0
0.0303061874216391,-0
0.0303076396754255,-0
0.0303090919397785,-0
0.030310544215971,-0
0.0303119965033752,-0
0.0303134488031895,-0
0.0303149011147896,-0
0.0303163534371579,-0
0.0303178057737657,-0
0.03031925812149,-0
0.0303207104806545,-0
0.030322162851422,-0
0.0303236152330117,-0
0.0303250676282845,-0
0.0303265200347929,-0
0.0303279724527934,-0
0.0303294248824787,-0
0.0303308773244077,-0
0.0303323297790369,-0
0.0303337822446069,-0
0.0303352347229258,-0
0.0303366872122024,-0
0.0303381397132452,-0
0.0303395922276001,-0
0.0303410447529234,-0
0.0303424972907639,-0
0.0303439498404951,-0
0.0303454024012948,-0
0.0303468549754958,-0
0.0303483075601086,-0
0.0303497601566665,-0
0.0303512127653906,-0
0.0303526653868786,-0
0.0303541180202643,-0
0.0303555706648734,-0
0.0303570233223904,-0
0.0303584759914312,-0
0.0303599286723702,-0
0.0303613813649893,-0
0.0303628340698172,-0
0.0303642867859889,-0
0.0303657395156824,-0
0.0303671922562302,-0
0.0303686450093309,-0
0.0303700977756901,-0
0.0303715505532151,-0
0.0303730033435179,-0
0.0303744561451699,-0
0.0303759089592409,-0
0.0303773617858826,-0
0.0303788146247849,-0
0.0303802674754956,-0
0.0303817203378551,-0
0.030383173212346,-0
0.030384626100069,-0
0.0303860789981099,-0
0.0303875319089228,-0
0.030388984830712,-0
0.0303904377655744,-0
0.0303918907131479,-0
0.0303933436731458,-0
0.0303947966437573,-0
0.0303962496290113,-0
0.0303977026248276,-0
0.0303991556329922,-0
0.0304006086532589,-0
0.0304020616865825,-0
0.0304035147317802,-0
0.0304049677895196,-0
0.030406420859863,-0
0.0304078739407719,-0
0.0304093270354403,-0
0.0304107801422864,-0
0.0304122332617557,-0
0.0304136863925032,-0
0.0304151395353995,-0
0.0304165926899081,-0
0.030418045858222,-0
0.0304194990388104,-0
0.0304209522321322,-0
0.0304224054377397,-0
0.0304238586549347,-0
0.030425311883796,-0
0.0304267651256756,-0
0.0304282183799911,-0
0.0304296716459732,-0
0.0304311249245822,-0
0.0304325782164358,-0
0.0304340315207837,-0
0.0304354848370007,-0
0.0304369381649002,-0
0.0304383915059966,-0
0.0304398448602298,-0
0.0304412982265659,-0
0.0304427516043387,-0
0.0304442049937559,-0
0.0304456583958206,-0
0.030447111810852,-0
0.0304485652394869,-0
0.0304500186819413,-0
0.0304514721353052,-0
0.0304529256012243,-0
0.0304543790790567,-0
0.0304558325698872,-0
0.0304572860738049,-0
0.0304587395902529,-0
0.0304601931184711,-0
0.0304616466588655,-0
0.03046310021244,-0
0.0304645537773773,-0
0.0304660073548602,-0
0.0304674609452197,-0
0.0304689145482613,-0
0.0304703681650337,-0
0.0304718217942156,-0
0.0304732754350043,-0
0.0304747290894111,-0
0.0304761827553098,-0
0.030477636434767,-0
0.0304790901265417,-0
0.0304805438294342,-0
0.0304819975463156,-0
0.0304834512760749,-0
0.0304849050186837,-0
0.0304863587724978,-0
0.0304878125411413,-0
0.030489266320032,-0
0.0304907201130291,-0
0.0304921739183338,-0
0.0304936277367423,-0
0.030495081565819,-0
0.0304965354092472,-0
0.0304979892654865,-0
0.0304994431339953,-0
0.0305008970158951,-0
0.0305023509092767,-0
0.030503804816549,-0
0.0305052587368928,-0
0.0305067126690574,-0
0.0305081666140622,-0
0.0305096205722281,-0
0.0305110745426449,-0
0.0305125285256428,-0
0.0305139825210829,-0
0.0305154365314216,-0
0.0305168905535536,-0
0.0305183445883295,-0
0.030519798637016,-0
0.0305212526969823,-0
0.0305227067693708,-0
0.0305241608552787,-0
0.0305256149537131,-0
0.0305270690653992,-0
0.0305285231895338,-0
0.0305299773278133,-0
0.0305314314792056,-0
0.0305328856430166,-0
0.0305343398191913,-0
0.030535794008696,-0
0.0305372482101992,-0
0.0305387024237781,-0
0.0305401566513159,-0
0.0305416108914513,-0
0.030543065144457,-0
0.0305445194114982,-0
0.0305459736898383,-0
0.0305474279814052,-0
0.0305488822875075,-0
0.0305503366053173,-0
0.0305517909369041,-0
0.0305532452818613,-0
0.0305546996390328,-0
0.0305561540089371,-0
0.030557608392145,-0
0.030559062787867,-0
0.0305605171970232,-0
0.0305619716193304,-0
0.0305634260536456,-0
0.0305648805020162,-0
0.0305663349633245,-0
0.0305677894372743,-0
0.0305692439252832,-0
0.0305706984255042,-0
0.0305721529401443,-0
0.0305736074661929,-0
0.0305750620058102,-0
0.0305765165594799,-0
0.0305779711253386,-0
0.0305794257053573,-0
0.0305808802974112,-0
0.0305823349017487,-0
0.0305837895198185,-0
0.0305852441515067,-0
0.030586698795342,-0
0.0305881534535645,-0
0.0305896081252953,-0
0.0305910628095754,-0
0.030592517506072,-0
0.0305939722161873,-0
0.0305954269398484,-0
0.0305968816765294,-0
0.0305983364259883,-0
0.0305997911897002,-0
0.0306012459660382,-0
0.0306027007560393,-0
0.0306041555583327,-0
0.0306056103744674,-0
0.0306070652032068,-0
0.0306085200452009,-0
0.0306099749010159,-0
0.0306114297698016,-0
0.0306128846510894,-0
0.0306143395468708,-0
0.0306157944556319,-0
0.0306172493776541,-0
0.0306187043139866,-0
0.0306201592628128,-0
0.0306216142263028,-0
0.0306230692020101,-0
0.0306245241911434,-0
0.0306259791943753,-0
0.0306274342098668,-0
0.0306288892387917,-0
0.0306303442802237,-0
0.0306317993357571,-0
0.0306332544049439,-0
0.0306347094863638,-0
0.0306361645818331,-0
0.0306376196920094,-0
0.0306390748130914,-0
0.0306405299496695,-0
0.0306419850991824,-0
0.0306434402614459,-0
0.0306448954374944,-0
0.0306463506274471,-0
0.0306478058302766,-0
0.0306492610467927,-0
0.0306507162772053,-0
0.0306521715214485,-0
0.0306536267792122,-0
0.030655082049626,-0
0.030656537332852,-0
0.0306579926300912,-0
0.030659447940981,-0
0.0306609032666131,-0
0.0306623586042822,-0
0.0306638139556302,-0
0.0306652693204829,-0
0.0306667246992678,-0
0.030668180091842,-0
0.0306696354984147,-0
0.0306710909173007,-0
0.0306725463502917,-0
0.030674001796697,-0
0.0306754572565313,-0
0.0306769127305003,-0
0.0306783682172188,-0
0.0306798237174087,-0
0.0306812792314683,-0
0.030682734759244,-0
0.030684190299952,-0
0.0306856458552504,-0
0.0306871014240252,-0
0.0306885570064571,-0
0.0306900126019017,-0
0.0306914682099527,-0
0.030692923832865,-0
0.0306943794689464,-0
0.0306958351189638,-0
0.0306972907840289,-0
0.0306987464629424,-0
0.0307002021551006,-0
0.0307016578594087,-0
0.0307031135791897,-0
0.0307045693117118,-0
0.0307060250577589,-0
0.0307074808179896,-0
0.0307089365924448,-0
0.0307103923809761,-0
0.0307118481820786,-0
0.0307133039971574,-0
0.0307147598269786,-0
0.0307162156689046,-0
0.0307176715248271,-0
0.0307191273958085,-0
0.0307205832788184,-0
0.0307220391770754,-0
0.0307234950889032,-0
0.0307249510136274,-0
0.0307264069523059,-0
0.0307278629063237,-0
0.0307293188731752,-0
0.0307307748543311,-0
0.0307322308495994,-0
0.0307336868578232,-0
0.0307351428812754,-0
0.0307365989178289,-0
0.0307380549678402,-0
0.0307395110314052,-0
0.0307409671086098,-0
0.0307424232017421,-0
0.0307438793062193,-0
0.0307453354249464,-0
0.0307467915580749,-0
0.0307482477049846,-0
0.0307497038667176,-0
0.0307511600426703,-0
0.0307526162325667,-0
0.0307540724351481,-0
0.0307555286514532,-0
0.0307569848825773,-0
0.0307584411271352,-0
0.0307598973859022,-0
0.0307613536595071,-0
0.0307628099463245,-0
0.0307642662466355,-0
0.0307657225615441,-0
0.0307671788918257,-0
0.0307686352347744,-0
0.0307700915917419,-0
0.0307715479630038,-0
0.0307730043472075,-0
0.0307744607461423,-0
0.0307759171587248,-0
0.0307773735866067,-0
0.0307788300275138,-0
0.0307802864834709,-0
0.030781742953566,-0
0.0307831994377952,-0
0.030784655936553,-0
0.0307861124488505,-0
0.0307875689738261,-0
0.0307890255134514,-0
0.0307904820680429,-0
0.030791938636197,-0
0.0307933952185878,-0
0.0307948518162223,-0
0.0307963084282819,-0
0.0307977650540841,-0
0.0307992216929586,-0
0.0308006783472652,-0
0.0308021350161478,-0
0.0308035916992483,-0
0.0308050483967535,-0
0.030806505107274,-0
0.0308079618325393,-0
0.0308094185701394,-0
0.0308108753232857,-0
0.0308123320903578,-0
0.0308137888721851,-0
0.0308152456678345,-0
0.0308167024788964,-0
0.0308181593028434,-0
0.0308196161414745,-0
0.0308210729938631,-0
0.0308225298610942,-0
0.0308239867425047,-0
0.0308254436394989,-0
0.0308269005495351,-0
0.030828357473074,-0
0.0308298144123116,-0
0.0308312713652437,-0
0.0308327283319433,-0
0.0308341853128594,-0
0.0308356423084005,-0
0.0308370993183769,-0
0.0308385563431663,-0
0.0308400133833526,-0
0.0308414704363911,-0
0.030842927503835,-0
0.0308443845857023,-0
0.0308458416833013,-0
0.0308472987949146,-0
0.0308487559199908,-0
0.0308502130611129,-0
0.0308516702161976,-0
0.0308531273863521,-0
0.0308545845699497,-0
0.0308560417682155,-0
0.0308574989796295,-0
0.0308589562063633,-0
0.0308604134472281,-0
0.0308618707030431,-0
0.0308633279723537,-0
0.0308647852571806,-0
0.0308662425565051,-0
0.0308676998702329,-0
0.0308691571995044,-0
0.0308706145419525,-0
0.0308720719004263,-0
0.0308735292723292,-0
0.0308749866597255,-0
0.0308764440614403,-0
0.0308779014762682,-0
0.0308793589064512,-0
0.0308808163525219,-0
0.030882273812295,-0
0.0308837312867336,-0
0.0308851887759091,-0
0.030886646278977,-0
0.0308881037958341,-0
0.0308895613281843,-0
0.0308910188756729,-0
0.0308924764370328,-0
0.0308939340133776,-0
0.0308953916035332,-0
0.0308968492101199,-0
0.0308983068309099,-0
0.0308997644668746,-0
0.0309012221154165,-0
0.0309026797794404,-0
0.0309041374586275,-0
0.0309055951532404,-0
0.0309070528607969,-0
0.0309085105840665,-0
0.0309099683229468,-0
0.0309114260754883,-0
0.0309128838430639,-0
0.030914341624459,-0
0.0309157994213459,-0
0.0309172572330334,-0
0.0309187150580936,-0
0.0309201728984893,-0
0.0309216307532726,-0
0.030923088624042,-0
0.0309245465094423,-0
0.0309260044087266,-0
0.030927462323941,-0
0.0309289202526376,-0
0.0309303781962636,-0
0.0309318361554635,-0
0.0309332941291855,-0
0.0309347521181338,-0
0.0309362101220183,-0
0.0309376681409344,-0
0.0309391261743129,-0
0.0309405842222048,-0
0.030942042285567,-0
0.0309435003639998,-0
0.0309449584565915,-0
0.0309464165640298,-0
0.0309478746866222,-0
0.0309493328241519,-0
0.0309507909760715,-0
0.0309522491434199,-0
0.030953707324649,-0
0.0309551655226564,-0
0.0309566237351502,-0
0.0309580819630206,-0
0.0309595402044665,-0
0.0309609984617709,-0
0.0309624567349886,-0
0.0309639150221979,-0
0.0309653733240549,-0
0.0309668316404701,-0
0.0309682899737736,-0
0.0309697483201136,-0
0.0309712066825091,-0
0.0309726650590956,-0
0.0309741234521413,-0
0.0309755818596073,-0
0.0309770402822924,-0
0.0309784987198199,-0
0.0309799571724726,-0
0.0309814156403675,-0
0.0309828741215362,-0
0.0309843326196704,-0
0.0309857911321323,-0
0.0309872496603695,-0
0.0309887082030885,-0
0.0309901667606696,-0
0.0309916253338638,-0
0.0309930839212744,-0
0.0309945425244183,-0
0.0309960011423602,-0
0.0309974597764892,-0
0.0309989184258341,-0
0.0310003770901492,-0
0.0310018357686006,-0
0.0310032944628542,-0
0.0310047531729201,-0
0.0310062118985184,-0
0.0310076706379928,-0
0.0310091293930341,-0
0.0310105881636726,-0
0.0310120469488982,-0
0.0310135057496902,-0
0.031014964565788,-0
0.0310164233971881,-0
0.0310178822432886,-0
0.0310193411063084,-0
0.0310207999832196,-0
0.0310222588752356,-0
0.0310237177830723,-0
0.0310251767056893,-0
0.0310266356427092,-0
0.0310280945952058,-0
0.0310295535643327,-0
0.0310310125476131,-0
0.0310324715469457,-0
0.0310339305620689,-0
0.0310353895924032,-0
0.0310368486373554,-0
0.031038307697184,-0
0.0310397667728341,-0
0.0310412258636848,-0
0.0310426849708989,-0
0.0310441440929142,-0
0.0310456032293738,-0
0.0310470623818443,-0
0.0310485215491665,-0
0.0310499807320282,-0
0.0310514399321039,-0
0.0310528991464026,-0
0.0310543583757964,-0
0.0310558176196887,-0
0.0310572768805514,-0
0.0310587361555484,-0
0.0310601954465157,-0
0.0310616547530712,-0
0.0310631140738924,-0
0.031064573411311,-0
0.0310660327641152,-0
0.0310674921331189,-0
0.0310689515169153,-0
0.0310704109168094,-0
0.0310718703319967,-0
0.0310733297631611,-0
0.031074789208703,-0
0.0310762486698734,-0
0.0310777081463015,-0
0.0310791676388053,-0
0.0310806271465461,-0
0.0310820866702269,-0
0.031083546209322,-0
0.0310850057643799,-0
0.0310864653359886,-0
0.0310879249215105,-0
0.031089384522815,-0
0.0310908441398285,-0
0.0310923037723933,-0
0.0310937634192193,-0
0.0310952230834711,-0
0.0310966827627559,-0
0.0310981424574526,-0
0.0310996021694209,-0
0.0311010618965076,-0
0.0311025216386994,-0
0.0311039813964256,-0
0.0311054411694235,-0
0.031106900957568,-0
0.0311083607611566,-0
0.031109820581735,-0
0.0311112804167451,-0
0.0311127402684392,-0
0.0311142001361106,-0
0.0311156600179515,-0
0.0311171199180048,-0
0.0311185798320596,-0
0.0311200397614815,-0
0.0311214997088227,-0
0.0311229596701561,-0
0.0311244196491679,-0
0.0311258796437131,-0
0.0311273396527108,-0
0.0311287996772413,-0
0.0311302597188886,-0
0.0311317197756688,-0
0.0311331798461495,-0
0.0311346399336428,-0
0.0311361000383867,-0
0.0311375601574964,-0
0.0311390202928208,-0
0.0311404804438272,-0
0.0311419406102716,-0
0.0311434007915702,-0
0.0311448609910864,-0
0.0311463212059265,-0
0.0311477814358588,-0
0.0311492416821519,-0
0.0311507019453498,-0
0.0311521622228607,-0
0.0311536225176205,-0
0.0311550828279238,-0
0.0311565431552379,-0
0.0311580034972556,-0
0.031159463854964,-0
0.0311609242289826,-0
0.0311623846172951,-0
0.0311638450235792,-0
0.0311653054446439,-0
0.0311667658824664,-0
0.0311682263356725,-0
0.031169686804522,-0
0.0311711472908131,-0
0.0311726077928366,-0
0.0311740683088456,-0
0.0311755288428257,-0
0.0311769893908565,-0
0.0311784499575216,-0
0.0311799105400914,-0
0.0311813711359631,-0
0.0311828317489209,-0
0.0311842923777576,-0
0.0311857530221714,-0
0.0311872136835642,-0
0.0311886743610909,-0
0.0311901350547338,-0
0.0311915957654645,-0
0.0311930564909452,-0
0.0311945172316731,-0
0.0311959779888695,-0
0.0311974387623445,-0
0.0311988995530463,-0
0.0312003603594367,-0
0.0312018211826167,-0
0.0312032820193346,-0
0.0312047428734383,-0
0.0312062037461951,-0
0.0312076646325712,-0
0.0312091255359741,-0
0.0312105864545817,-0
0.0312120473899252,-0
0.0312135083425474,-0
0.0312149693104642,-0
0.0312164302936393,-0
0.0312178912940755,-0
0.0312193523107372,-0
0.0312208133446164,-0
0.0312222743924568,-0
0.0312237354570747,-0
0.0312251965381342,-0
0.0312266576359293,-0
0.0312281187493514,-0
0.0312295798789115,-0
0.0312310410255005,-0
0.031232502189856,-0
0.031233963369219,-0
0.0312354245640753,-0
0.0312368857764863,-0
0.0312383470031698,-0
0.0312398082465178,-0
0.0312412695079518,-0
0.0312427307838256,-0
0.0312441920755621,-0
0.0312456533850863,-0
0.031247114710823,-0
0.0312485760528083,-0
0.0312500374112324,-0
0.0312514987859309,-0
0.0312529601750748,-0
0.0312544215819227,-0
0.0312558830058984,-0
0.0312573444451849,-0
0.0312588059018077,-0
0.0312602673740697,-0
0.0312617288623567,-0
0.0312631903677116,-0
0.031264651889327,-0
0.0312661134286535,-0
0.0312675749827122,-0
0.0312690365535941,-0
0.0312704981422246,-0
0.0312719597457721,-0
0.0312734213660322,-0
0.0312748830036396,-0
0.03127634465841,-0
0.0312778063284883,-0
0.0312792680149287,-0
0.0312807297178004,-0
0.0312821914384035,-0
0.0312836531744465,-0
0.0312851149275966,-0
0.0312865766980268,-0
0.0312880384844137,-0
0.0312895002874138,-0
0.0312909621069273,-0
0.0312924239430397,-0
0.031293885795153,-0
0.0312953476640829,-0
0.0312968095485099,-0
0.0312982714497958,-0
0.0312997333694705,-0
0.0313011953054984,-0
0.0313026572560746,-0
0.0313041192237295,-0
0.0313055812082943,-0
0.0313070432103172,-0
0.0313085052278668,-0
0.0313099672625565,-0
0.0313114293138997,-0
0.0313128913813328,-0
0.0313143534653398,-0
0.0313158155668092,-0
0.0313172776832676,-0
0.0313187398177751,-0
0.0313202019695681,-0
0.0313216641374549,-0
0.0313231263227988,-0
0.0313245885250213,-0
0.031326050743874,-0
0.0313275129791748,-0
0.0313289752313029,-0
0.031330437498437,-0
0.0313318997832183,-0
0.0313333620842774,-0
0.0313348244024426,-0
0.0313362867379456,-0
0.0313377490890501,-0
0.0313392114582043,-0
0.031340673844017,-0
0.0313421362454624,-0
0.03134359866528,-0
0.0313450611026061,-0
0.0313465235558507,-0
0.0313479860248485,-0
0.0313494485121417,-0
0.0313509110155847,-0
0.0313523735369514,-0
0.0313538360743075,-0
0.0313552986281484,-0
0.0313567611994359,-0
0.0313582237874912,-0
0.0313596863914822,-0
0.0313611490138821,-0
0.0313626116523569,-0
0.031364074307243,-0
0.0313655369801589,-0
0.0313669996691645,-0
0.031368462375963,-0
0.0313699251000327,-0
0.0313713878406057,-0
0.0313728505971702,-0
0.0313743133712325,-0
0.0313757761622018,-0
0.0313772389689608,-0
0.0313787017945292,-0
0.0313801646363377,-0
0.031381627494997,-0
0.0313830903719102,-0
0.0313845532648336,-0
0.0313860161737851,-0
0.031387479100067,-0
0.0313889420433687,-0
0.0313904050043598,-0
0.0313918679826489,-0
0.031393330977544,-0
0.0313947939892429,-0
0.0313962570184685,-0
0.0313977200646189,-0
0.0313991831261703,-0
0.0314006462058865,-0
0.0314021093035675,-0
0.0314035724179842,-0
0.0314050355484915,-0
0.0314064986976477,-0
0.0314079618635875,-0
0.0314094250464375,-0
0.0314108882463856,-0
0.0314123514620533,-0
0.0314138146970249,-0
0.0314152779485773,-0
0.0314167412172651,-0
0.0314182045040774,-0
0.0314196678061421,-0
0.0314211311269884,-0
0.0314225944635295,-0
0.0314240578176229,-0
0.0314255211896088,-0
0.031426984578609,-0
0.0314284479850826,-0
0.0314299114072554,-0
0.0314313748484563,-0
0.0314328383065075,-0
0.0314343017808509,-0
0.0314357652728022,-0
0.0314372287818196,-0
0.0314386923088768,-0
0.031440155852701,-0
0.0314416194132693,-0
0.0314430829908441,-0
0.0314445465864976,-0
0.03144601019917,-0
0.0314474738306482,-0
0.0314489374772875,-0
0.0314504011432076,-0
0.0314518648263281,-0
0.0314533285254382,-0
0.0314547922413121,-0
0.0314562559748165,-0
0.0314577197256019,-0
0.0314591834945778,-0
0.0314606472803788,-0
0.0314621110842017,-0
0.0314635749059363,-0
0.031465038744497,-0
0.0314665026012415,-0
0.0314679664748377,-0
0.0314694303662548,-0
0.031470894274531,-0
0.0314723581998561,-0
0.0314738221431085,-0
0.0314752861035561,-0
0.0314767500820778,-0
0.0314782140771521,-0
0.0314796780899747,-0
0.0314811421208188,-0
0.0314826061694538,-0
0.0314840702339057,-0
0.0314855343170662,-0
0.0314869984173139,-0
0.0314884625346217,-0
0.0314899266700603,-0
0.0314913908229368,-0
0.0314928549923862,-0
0.0314943191805147,-0
0.0314957833849397,-0
0.0314972476067937,-0
0.0314987118468896,-0
0.0315001761050494,-0
0.0315016403803692,-0
0.0315031046736016,-0
0.031504568984801,-0
0.0315060333130082,-0
0.0315074976585439,-0
0.0315089620205497,-0
0.0315104264015701,-0
0.0315118907995589,-0
0.0315133552160498,-0
0.0315148196495188,-0
0.0315162841007299,-0
0.0315177485691981,-0
0.0315192130558013,-0
0.0315206775589231,-0
0.0315221420806303,-0
0.0315236066188581,-0
0.0315250711747781,-0
0.0315265357502424,-0
0.0315280003427855,-0
0.0315294649526198,-0
0.0315309295795208,-0
0.0315323942252514,-0
0.0315338588895147,-0
0.0315353235712185,-0
0.031536788270344,-0
0.0315382529875953,-0
0.0315397177212526,-0
0.0315411824734909,-0
0.031542647244363,-0
0.031544112033414,-0
0.0315455768390605,-0
0.0315470416623155,-0
0.0315485065030622,-0
0.0315499713615361,-0
0.031551436237609,-0
0.0315529011321566,-0
0.0315543660444907,-0
0.0315558309751525,-0
0.0315572959217263,-0
0.0315587608880168,-0
0.0315602258710865,-0
0.0315616908725014,-0
0.031563155892434,-0
0.0315646209299666,-0
0.03156608598492,-0
0.0315675510571844,-0
0.0315690161472657,-0
0.0315704812561694,-0
0.0315719463822991,-0
0.0315734115265044,-0
0.0315748766880922,-0
0.0315763418680809,-0
0.0315778070662907,-0
0.0315792722818473,-0
0.0315807375157438,-0
0.0315822027691945,-0
0.0315836680387666,-0
0.0315851333264866,-0
0.0315865986316105,-0
0.0315880639548057,-0
0.0315895292959725,-0
0.0315909946559737,-0
0.0315924600339956,-0
0.0315939254308295,-0
0.0315953908444406,-0
0.031596856275434,-0
0.0315983217249965,-0
0.0315997871927271,-0
0.031601252679856,-0
0.03160271818478,-0
0.0316041837074255,-0
0.0316056492468748,-0
0.0316071148048236,-0
0.0316085803815388,-0
0.0316100459769897,-0
0.0316115115891727,-0
0.0316129772202575,-0
0.0316144428694573,-0
0.0316159085358144,-0
0.0316173742216349,-0
0.0316188399250748,-0
0.0316203056455295,-0
0.0316217713867526,-0
0.0316232371438402,-0
0.0316247029185385,-0
0.0316261687112875,-0
0.0316276345230034,-0
0.0316291003529729,-0
0.0316305662010509,-0
0.0316320320681347,-0
0.0316334979532399,-0
0.031634963854227,-0
0.0316364297749678,-0
0.0316378957136396,-0
0.0316393616712691,-0
0.0316408276472063,-0
0.0316422936415156,-0
0.0316437596540518,-0
0.0316452256850385,-0
0.0316466917318653,-0
0.0316481577989257,-0
0.0316496238846429,-0
0.0316510899882051,-0
0.031652556110138,-0
0.031654022250091,-0
0.031655488407919,-0
0.0316569545832688,-0
0.0316584207793217,-0
0.0316598869918581,-0
0.0316613532234623,-0
0.031662819473462,-0
0.0316642857423765,-0
0.0316657520292096,-0
0.0316672183340946,-0
0.03166868465699,-0
0.0316701509996183,-0
0.0316716173591481,-0
0.0316730837374057,-0
0.0316745501331061,-0
0.0316760165500805,-0
0.0316774829833754,-0
0.0316789494344402,-0
0.0316804159049188,-0
0.0316818823929891,-0
0.0316833488995739,-0
0.0316848154253071,-0
0.0316862819684518,-0
0.0316877485300706,-0
0.0316892151103443,-0
0.0316906817093261,-0
0.0316921483276053,-0
0.0316936149634052,-0
0.0316950816191466,-0
0.03169654829271,-0
0.0316980149833187,-0
0.0316994816951046,-0
0.0317009484234878,-0
0.0317024151713295,-0
0.0317038819379178,-0
0.0317053487217389,-0
0.031706815523902,-0
0.0317082823464915,-0
0.0317097491871857,-0
0.0317112160452132,-0
0.0317126829226456,-0
0.0317141498176289,-0
0.0317156167330468,-0
0.031717083665782,-0
0.0317185506177565,-0
0.0317200175896626,-0
0.0317214845788839,-0
0.0317229515844024,-0
0.0317244186110544,-0
0.0317258856540538,-0
0.0317273527174321,-0
0.0317288197996134,-0
0.0317302868994153,-0
0.0317317540191035,-0
0.0317332211556472,-0
0.0317346883141602,-0
0.0317361554894226,-0
0.0317376226830099,-0
0.0317390898962151,-0
0.0317405571274301,-0
0.031742024377458,-0
0.0317434916462286,-0
0.0317449589332122,-0
0.0317464262393474,-0
0.0317478935638635,-0
0.0317493609072521,-0
0.0317508282694381,-0
0.0317522956501953,-0
0.0317537630503554,-0
0.0317552304695521,-0
0.0317566979067039,-0
0.0317581653625391,-0
0.0317596328366547,-0
0.0317611003310844,-0
0.0317625678430818,-0
0.0317640353754179,-0
0.0317655029259363,-0
0.0317669704952371,-0
0.0317684380822354,-0
0.0317699056902503,-0
0.0317713733170927,-0
0.0317728409606784,-0
0.0317743086243463,-0
0.0317757763079754,-0
0.0317772440093421,-0
0.0317787117301211,-0
0.0317801794693374,-0
0.0317816472273728,-0
0.0317831150037201,-0
0.0317845827990498,-0
0.0317860506135257,-0
0.0317875184464248,-0
0.0317889862981899,-0
0.0317904541702686,-0
0.0317919220611413,-0
0.0317933899708339,-0
0.0317948578999688,-0
0.031796325846965,-0
0.0317977938124717,-0
0.0317992617972218,-0
0.0318007298022731,-0
0.031802197825337,-0
0.0318036658669382,-0
0.0318051339277945,-0
0.0318066020096629,-0
0.0318080701084996,-0
0.0318095382263858,-0
0.0318110063645826,-0
0.0318124745210942,-0
0.0318139426951626,-0
0.0318154108903377,-0
0.0318168791042553,-0
0.0318183473379112,-0
0.0318198155892008,-0
0.0318212838591211,-0
0.0318227521492261,-0
0.0318242204585171,-0
0.0318256887862016,-0
0.0318271571336045,-0
0.0318286254998275,-0
0.0318300938847063,-0
0.0318315622883947,-0
0.0318330307132192,-0
0.0318344991566469,-0
0.0318359676197416,-0
0.0318374361001155,-0
0.03183890460027,-0
0.0318403731196539,-0
0.0318418416579513,-0
0.0318433102166623,-0
0.0318447787943376,-0
0.0318462473903741,-0
0.0318477160058418,-0
0.0318491846408489,-0
0.0318506532959397,-0
0.0318521219711615,-0
0.031853590664776,-0
0.0318550593759879,-0
0.0318565281060379,-0
0.0318579968561101,-0
0.0318594656271659,-0
0.0318609344160586,-0
0.0318624032248675,-0
0.031863872053568,-0
0.0318653409003613,-0
0.0318668097664504,-0
0.0318682786522185,-0
0.0318697475574393,-0
0.0318712164825185,-0
0.031872685426325,-0
0.0318741543901612,-0
0.0318756233719755,-0
0.0318770923731054,-0
0.0318785613943374,-0
0.0318800304345981,-0
0.0318814994945301,-0
0.0318829685733089,-0
0.0318844376709296,-0
0.0318859067888629,-0
0.0318873759274676,-0
0.0318888450850236,-0
0.0318903142619237,-0
0.0318917834580866,-0
0.0318932526727679,-0
0.0318947219067848,-0
0.0318961911609134,-0
0.0318976604338377,-0
0.0318991297263453,-0
0.0319005990381776,-0
0.0319020683696567,-0
0.0319035377211439,-0
0.0319050070913153,-0
0.031906476481193,-0
0.0319079458906986,-0
0.0319094153198537,-0
0.0319108847688359,-0
0.0319123542365644,-0
0.031913823724404,-0
0.031915293231023,-0
0.0319167627568586,-0
0.0319182323033214,-0
0.0319197018696623,-0
0.0319211714553165,-0
0.03192264106138,-0
0.0319241106859736,-0
0.0319255803313037,-0
0.0319270499953841,-0
0.031928519678496,-0
0.0319299893810147,-0
0.0319314591037635,-0
0.0319329288459844,-0
0.0319343986089267,-0
0.0319358683913139,-0
0.0319373381926873,-0
0.0319388080138793,-0
0.0319402778538054,-0
0.0319417477125982,-0
0.031943217592017,-0
0.0319446874908544,-0
0.0319461574101227,-0
0.0319476273499593,-0
0.0319490973081702,-0
0.0319505672858177,-0
0.0319520372842082,-0
0.0319535073020219,-0
0.0319549773399416,-0
0.0319564473969693,-0
0.0319579174738871,-0
0.0319593875713589,-0
0.0319608576870988,-0
0.031962327824416,-0
0.0319637979801847,-0
0.0319652681564707,-0
0.0319667383533612,-0
0.0319682085680622,-0
0.0319696788038694,-0
0.031971149059141,-0
0.0319726193345019,-0
0.031974089628907,-0
0.0319755599433297,-0
0.0319770302778427,-0
0.0319785006325974,-0
0.0319799710067083,-0
0.0319814414017095,-0
0.0319829118159696,-0
0.0319843822508373,-0
0.0319858527045409,-0
0.0319873231774559,-0
0.0319887936711029,-0
0.0319902641834018,-0
0.0319917347165465,-0
0.0319932052690709,-0
0.03199467584288,-0
0.0319961464364573,-0
0.0319976170489339,-0
0.0319990876818759,-0
0.0320005583351095,-0
0.0320020290072105,-0
0.0320034996998251,-0
0.0320049704127313,-0
0.0320064411461968,-0
0.0320079118980384,-0
0.0320093826708842,-0
0.0320108534637489,-0
0.0320123242752394,-0
0.032013795108401,-0
0.032015265960646,-0
0.0320167368347722,-0
0.0320182077265857,-0
0.0320196786384989,-0
0.0320211495721834,-0
0.0320226205247636,-0
0.0320240914983877,-0
0.0320255624916446,-0
0.0320270335032107,-0
0.0320285045361723,-0
0.0320299755912179,-0
0.0320314466629236,-0
0.0320329177559926,-0
0.0320343888700064,-0
0.0320358600037939,-0
0.0320373311590433,-0
0.0320388023323162,-0
0.0320402735277834,-0
0.0320417447414954,-0
0.0320432159776668,-0
0.0320446872328697,-0
0.0320461585070108,-0
0.0320476298019792,-0
0.0320491011169498,-0
0.0320505724525857,-0
0.0320520438081677,-0
0.03205351518394,-0
0.0320549865808856,-0
0.0320564579968472,-0
0.0320579294332355,-0
0.0320594008894365,-0
0.0320608723656484,-0
0.0320623438642705,-0
0.0320638153817158,-0
0.0320652869195346,-0
0.0320667584768581,-0
0.0320682300543278,-0
0.0320697016523084,-0
0.0320711732716743,-0
0.0320726449102829,-0
0.0320741165690575,-0
0.0320755882482908,-0
0.0320770599488682,-0
0.0320785316692579,-0
0.0320800034101746,-0
0.0320814751716945,-0
0.0320829469527022,-0
0.0320844187556935,-0
0.0320858905768686,-0
0.0320873624192785,-0
0.0320888342822853,-0
0.0320903061660602,-0
0.0320917780694774,-0
0.0320932499934007,-0
0.0320947219371088,-0
0.0320961939029171,-0
0.0320976658894251,-0
0.0320991378947559,-0
0.0321006099198123,-0
0.0321020819651435,-0
0.0321035540311301,-0
0.0321050261181418,-0
0.03210649822665,-0
0.0321079703559335,-0
0.0321094425045914,-0
0.0321109146732747,-0
0.0321123868628907,-0
0.0321138590729035,-0
0.0321153313030589,-0
0.0321168035528615,-0
0.0321182758234509,-0
0.0321197481159057,-0
0.0321212204287858,-0
0.0321226927614214,-0
0.0321241651153776,-0
0.0321256374903976,-0
0.0321271098853496,-0
0.0321285823006998,-0
0.0321300547373624,-0
0.0321315271946023,-0
0.0321329996716213,-0
0.0321344721695856,-0
0.0321359446890345,-0
0.0321374172270813,-0
0.0321388897872652,-0
0.0321403623667488,-0
0.0321418349670685,-0
0.0321433075882315,-0
0.0321447802304079,-0
0.03214625289308,-0
0.0321477255755149,-0
0.0321491982782365,-0
0.0321506710030617,-0
0.0321521437483331,-0
0.0321536165143196,-0
0.0321550893006524,-0
0.0321565621080506,-0
0.0321580349361415,-0
0.0321595077847114,-0
0.0321609806545849,-0
0.0321624535445819,-0
0.0321639264552016,-0
0.0321653993876892,-0
0.0321668723403456,-0
0.0321683453146321,-0
0.0321698183080385,-0
0.0321712913221934,-0
0.0321727643579506,-0
0.0321742374143636,-0
0.0321757104916586,-0
0.032177183589534,-0
0.0321786567082304,-0
0.0321801298480322,-0
0.0321816030090348,-0
0.0321830761903309,-0
0.0321845493919296,-0
0.0321860226165713,-0
0.0321874958596403,-0
0.0321889691245359,-0
0.0321904424106165,-0
0.0321919157172174,-0
0.0321933890445179,-0
0.0321948623939163,-0
0.0321963357641026,-0
0.032197809152692,-0
0.0321992825659966,-0
0.032200755997665,-0
0.0322022294507946,-0
0.0322037029245187,-0
0.0322051764195774,-0
0.0322066499339251,-0
0.0322081234698123,-0
0.0322095970271489,-0
0.0322110706060074,-0
0.0322125442043025,-0
0.0322140178259931,-0
0.0322154914664387,-0
0.0322169651288196,-0
0.0322184388122301,-0
0.0322199125160623,-0
0.0322213862409364,-0
0.0322228599880448,-0
0.032224333754689,-0
0.0322258075432088,-0
0.0322272813531063,-0
0.032228755182394,-0
0.0322302290334638,-0
0.0322317029065431,-0
0.0322331768004347,-0
0.0322346507132898,-0
0.0322361246487033,-0
0.0322375986056018,-0
0.0322390725858675,-0
0.0322405465853583,-0
0.0322420206064218,-0
0.0322434946476287,-0
0.032244968710073,-0
0.0322464427936316,-0
0.0322479168990861,-0
0.0322493910252681,-0
0.0322508651724478,-0
0.0322523393411846,-0
0.0322538135314162,-0
0.0322552877412463,-0
0.0322567619740497,-0
0.0322582362269941,-0
0.0322597105009116,-0
0.0322611847970027,-0
0.0322626591137101,-0
0.0322641334524577,-0
0.0322656078089293,-0
0.0322670821882531,-0
0.0322685565896851,-0
0.032270031012508,-0
0.0322715054559314,-0
0.0322729799214967,-0
0.032274454408228,-0
0.0322759289151748,-0
0.032277403443911,-0
0.0322788779940527,-0
0.0322803525669958,-0
0.0322818271603298,-0
0.0322833017744974,-0
0.0322847764106427,-0
0.0322862510676944,-0
0.0322877257459413,-0
0.0322892004450624,-0
0.0322906751664162,-0
0.0322921499085177,-0
0.0322936246704449,-0
0.0322950994549488,-0
0.0322965742618611,-0
0.0322980490906698,-0
0.0322995239411186,-0
0.0323009988128806,-0
0.0323024737055645,-0
0.0323039486199239,-0
0.032305423553056,-0
0.0323068985103659,-0
0.0323083734875446,-0
0.0323098484872258,-0
0.0323113235068452,-0
0.0323127985498529,-0
0.0323142736130278,-0
0.032315748697124,-0
0.0323172238026956,-0
0.0323186989305135,-0
0.0323201740803744,-0
0.0323216492509818,-0
0.0323231244436028,-0
0.0323245996567673,-0
0.0323260748911874,-0
0.0323275501483225,-0
0.032329025426203,-0
0.0323305007256726,-0
0.0323319760469756,-0
0.0323334513893538,-0
0.0323349267544611,-0
0.0323364021417662,-0
0.0323378775495872,-0
0.0323393529781311,-0
0.032340828428272,-0
0.0323423039008881,-0
0.0323437793950356,-0
0.0323452549110848,-0
0.0323467304479886,-0
0.0323482060076933,-0
0.0323496815886588,-0
0.0323511571908804,-0
0.0323526328150817,-0
0.0323541084603365,-0
0.0323555841269103,-0
0.0323570598165353,-0
0.0323585355275141,-0
0.0323600112592186,-0
0.0323614870124839,-0
0.0323629627878848,-0
0.0323644385858394,-0
0.0323659144050909,-0
0.0323673902464155,-0
0.0323688661087434,-0
0.0323703419931292,-0
0.0323718178995063,-0
0.0323732938270909,-0
0.0323747697766423,-0
0.0323762457483739,-0
0.0323777217411112,-0
0.0323791977551994,-0
0.032380673790951,-0
0.0323821498503048,-0
0.0323836259311829,-0
0.0323851020327163,-0
0.0323865781564267,-0
0.0323880543014267,-0
0.0323895304671918,-0
0.0323910066565141,-0
0.032392482867268,-0
0.0323939590997541,-0
0.0323954353555433,-0
0.0323969116329974,-0
0.032398387932559,-0
0.0323998642519524,-0
0.0324013405944996,-0
0.0324028169577587,-0
0.032404293344254,-0
0.0324057697510323,-0
0.0324072461806654,-0
0.0324087226320103,-0
0.0324101991056841,-0
0.0324116756012709,-0
0.0324131521194964,-0
0.0324146286591465,-0
0.032416105219568,-0
0.0324175818022916,-0
0.032419058407261,-0
0.032420535034437,-0
0.0324220116837954,-0
0.0324234883559143,-0
0.0324249650491304,-0
0.0324264417645904,-0
0.0324279185012422,-0
0.0324293952596935,-0
0.0324308720417257,-0
0.0324323488437656,-0
0.0324338256687442,-0
0.0324353025158929,-0
0.0324367793850644,-0
0.0324382562763801,-0
0.0324397331906771,-0
0.0324412101264524,-0
0.0324426870847378,-0
0.032444164063576,-0
0.0324456410661068,-0
0.0324471180898705,-0
0.0324485951354861,-0
0.0324500722023021,-0
0.032451549293148,-0
0.0324530264057735,-0
0.0324545035406351,-0
0.032455980696564,-0
0.0324574578758,-0
0.0324589350764239,-0
0.0324604122998166,-0
0.0324618895447934,-0
0.0324633668124379,-0
0.0324648441010661,-0
0.0324663214136116,-0
0.0324677987470943,-0
0.0324692761026293,-0
0.0324707534807735,-0
0.0324722308819143,-0
0.0324737083046189,-0
0.0324751857486106,-0
0.032476663217267,-0
0.0324781407061054,-0
0.032479618219423,-0
0.032481095753835,-0
0.0324825733118144,-0
0.0324840508903833,-0
0.0324855284911558,-0
0.0324870061147206,-0
0.0324884837612836,-0
0.0324899614290363,-0
0.0324914391190598,-0
0.0324929168315804,-0
0.0324943945663695,-0
0.0324958723252001,-0
0.0324973501046851,-0
0.032498827906409,-0
0.0325003057315993,-0
0.0325017835774253,-0
0.0325032614471316,-0
0.0325047393392092,-0
0.0325062172523344,-0
0.0325076951875473,-0
0.0325091731462269,-0
0.0325106511271063,-0
0.0325121291306742,-0
0.0325136071561616,-0
0.032515085204026,-0
0.0325165632746094,-0
0.032518041368909,-0
0.0325195194847944,-0
0.0325209976233316,-0
0.0325224757830246,-0
0.0325239539661991,-0
0.0325254321711886,-0
0.0325269103983007,-0
0.0325283886483935,-0
0.0325298669219146,-0
0.0325313452165729,-0
0.03253282353695,-0
0.0325343018783301,-0
0.0325357802422298,-0
0.0325372586275244,-0
0.032538737035774,-0
0.03254021546591,-0
0.0325416939203516,-0
0.0325431723967154,-0
0.0325446508967599,-0
0.0325461294173931,-0
0.0325476079616798,-0
0.0325490865269407,-0
0.0325505651160752,-0
0.0325520437269293,-0
0.0325535223616427,-0
0.0325550010196763,-0
0.0325564796991814,-0
0.0325579584005081,-0
0.0325594371242636,-0
0.0325609158723831,-0
0.0325623946419742,-0
0.0325638734343743,-0
0.0325653522498786,-0
0.0325668310868466,-0
0.032568309947097,-0
0.0325697888299538,-0
0.0325712677371912,-0
0.0325727466660815,-0
0.0325742256177064,-0
0.0325757045922254,-0
0.0325771835886011,-0
0.032578662608615,-0
0.0325801416514488,-0
0.0325816207175864,-0
0.0325830998063423,-0
0.0325845789167873,-0
0.0325860580499893,-0
0.0325875372062943,-0
0.0325890163841724,-0
0.0325904955853151,-0
0.0325919748096981,-0
0.0325934540577275,-0
0.0325949333286597,-0
0.0325964126219157,-0
0.0325978919382935,-0
0.0325993712777812,-0
0.0326008506392524,-0
0.0326023300240151,-0
0.0326038094304011,-0
0.0326052888608514,-0
0.0326067683138036,-0
0.0326082477890051,-0
0.0326097272876367,-0
0.0326112068084965,-0
0.0326126863529358,-0
0.0326141659212941,-0
0.0326156455114912,-0
0.0326171251253062,-0
0.0326186047598392,-0
0.0326200844192252,-0
0.0326215641035113,-0
0.0326230438070409,-0
0.0326245235345958,-0
0.0326260032853964,-0
0.0326274830595221,-0
0.0326289628567519,-0
0.0326304426756207,-0
0.0326319225196421,-0
0.0326334023858148,-0
0.0326348822747589,-0
0.03263636218624,-0
0.0326378421210674,-0
0.0326393220797493,-0
0.0326408020604164,-0
0.0326422820635189,-0
0.0326437620906774,-0
0.0326452421405055,-0
0.0326467222140053,-0
0.0326482023095649,-0
0.0326496824282541,-0
0.0326511625703365,-0
0.03265264273596,-0
0.0326541229254132,-0
0.0326556031377133,-0
0.0326570833742425,-0
0.0326585636322891,-0
0.0326600439123558,-0
0.0326615242163129,-0
0.0326630045436818,-0
0.032664484893986,-0
0.0326659652680256,-0
0.0326674456641701,-0
0.0326689260840195,-0
0.0326704065273988,-0
0.0326718869943573,-0
0.0326733674840732,-0
0.0326748479966088,-0
0.032676328532654,-0
0.0326778090925015,-0
0.032679289675619,-0
0.0326807702818606,-0
0.0326822509114499,-0
0.0326837315640468,-0
0.0326852122391004,-0
0.0326866929394617,-0
0.0326881736616101,-0
0.0326896544080999,-0
0.0326911351773405,-0
0.0326926159694267,-0
0.03269409678615,-0
0.0326955776250896,-0
0.0326970584871175,-0
0.0326985393723446,-0
0.0327000202802033,-0
0.0327015012130258,-0
0.0327029821687608,-0
0.0327044631468319,-0
0.0327059441498081,-0
0.0327074251744385,-0
0.0327089062217698,-0
0.0327103872947478,-0
0.0327118683904784,-0
0.032713349508817,-0
0.0327148306509247,-0
0.0327163118157435,-0
0.0327177930041889,-0
0.0327192742177189,-0
0.0327207554531901,-0
0.0327222367120965,-0
0.0327237179950137,-0
0.0327251993016588,-0
0.0327266806309836,-0
0.0327281619831684,-0
0.0327296433615724,-0
0.0327311247624595,-0
0.0327326061856685,-0
0.0327340876331643,-0
0.032735569103319,-0
0.0327370505986603,-0
0.032738532115859,-0
0.0327400136571526,-0
0.0327414952206041,-0
0.0327429768095788,-0
0.0327444584216892,-0
0.0327459400565816,-0
0.0327474217150035,-0
0.0327489033975838,-0
0.0327503851044348,-0
0.0327518668340419,-0
0.0327533485864332,-0
0.0327548303634991,-0
0.0327563121633297,-0
0.0327577939867094,-0
0.0327592758341009,-0
0.0327607577050345,-0
0.0327622395997127,-0
0.0327637215179816,-0
0.0327652034604016,-0
0.0327666854270588,-0
0.0327681674174172,-0
0.0327696494304928,-0
0.0327711314671103,-0
0.032772613528326,-0
0.0327740956123758,-0
0.0327755777205756,-0
0.0327770598525699,-0
0.0327785420084036,-0
0.0327800241890021,-0
0.0327815063909866,-0
0.03278298861806,-0
0.0327844708666499,-0
0.0327859531413662,-0
0.0327874354385326,-0
0.0327889177607329,-0
0.0327904001065538,-0
0.0327918824749489,-0
0.0327933648680777,-0
0.032794847284994,-0
0.03279632972582,-0
0.0327978121905161,-0
0.0327992946779195,-0
0.0328007771895252,-0
0.0328022597259166,-0
0.0328037422858858,-0
0.0328052248697476,-0
0.0328067074775604,-0
0.0328081901080535,-0
0.032809672762356,-0
0.0328111554412422,-0
0.0328126381427051,-0
0.0328141208692185,-0
0.0328156036207504,-0
0.0328170863966701,-0
0.0328185691948947,-0
0.0328200520175921,-0
0.0328215348624409,-0
0.032823017732062,-0
0.0328245006263537,-0
0.0328259835428459,-0
0.0328274664849002,-0
0.0328289494511426,-0
0.0328304324409184,-0
0.0328319154543951,-0
0.0328333984939848,-0
0.0328348815550462,-0
0.0328363646413354,-0
0.0328378477524483,-0
0.032839330885316,-0
0.0328408140433841,-0
0.0328422972268723,-0
0.0328437804324174,-0
0.0328452636629105,-0
0.0328467469173208,-0
0.0328482301941644,-0
0.0328497134956781,-0
0.0328511968221485,-0
0.0328526801713584,-0
0.0328541635456908,-0
0.0328556469433383,-0
0.032857130364819,-0
0.0328586138114727,-0
0.0328600972813446,-0
0.032861580775719,-0
0.0328630642959869,-0
0.0328645478393301,-0
0.0328660314066965,-0
0.0328675149996024,-0
0.0328689986152012,-0
0.032870482254815,-0
0.0328719659202958,-0
0.0328734496079335,-0
0.0328749333210167,-0
0.03287641705856,-0
0.0328779008190541,-0
0.0328793846046175,-0
0.0328808684147012,-0
0.03288235224841,-0
0.0328838361071895,-0
0.0328853199894868,-0
0.0328868038969133,-0
0.032888287828239,-0
0.0328897717826268,-0
0.032891255761455,-0
0.0328927397647667,-0
0.0328942237913677,-0
0.0328957078425537,-0
0.032897191918391,-0
0.0328986760182734,-0
0.0329001601419243,-0
0.03290164429162,-0
0.0329031284648554,-0
0.0329046126644683,-0
0.0329060968864072,-0
0.0329075811318396,-0
0.0329090654015943,-0
0.0329105496949604,-0
0.0329120340141391,-0
0.0329135183571473,-0
0.0329150027242144,-0
0.0329164871165171,-0
0.0329179715328855,-0
0.0329194559744728,-0
0.0329209404393914,-0
0.0329224249302868,-0
0.0329239094445618,-0
0.0329253939833294,-0
0.0329268785456963,-0
0.0329283631351891,-0
0.0329298477492169,-0
0.0329313323855593,-0
0.0329328170472728,-0
0.0329343017343502,-0
0.0329357864436325,-0
0.0329372711779908,-0
0.0329387559373514,-0
0.032940240720391,-0
0.0329417255294691,-0
0.0329432103608449,-0
0.0329446952172842,-0
0.0329461800994989,-0
0.0329476650057754,-0
0.0329491499378109,-0
0.0329506348917247,-0
0.0329521198708391,-0
0.0329536048758298,-0
0.0329550899046179,-0
0.0329565749572689,-0
0.0329580600347964,-0
0.0329595451390146,-0
0.032961030266999,-0
0.0329625154182289,-0
0.0329640005953212,-0
0.0329654857976015,-0
0.0329669710236483,-0
0.0329684562741995,-0
0.0329699415482271,-0
0.0329714268480146,-0
0.0329729121722638,-0
0.0329743975218294,-0
0.0329758828953377,-0
0.0329773682947616,-0
0.0329788537188263,-0
0.0329803391671218,-0
0.0329818246403993,-0
0.0329833101388584,-0
0.0329847956601752,-0
0.0329862812064032,-0
0.0329877667786963,-0
0.0329892523751238,-0
0.0329907379956561,-0
0.0329922236418219,-0
0.0329937093121239,-0
0.0329951950060041,-0
0.03299668072722,-0
0.0329981664725692,-0
0.0329996522448388,-0
0.0330011380408627,-0
0.0330026238599839,-0
0.0330041097057961,-0
0.0330055955739474,-0
0.0330070814679421,-0
0.0330085673869593,-0
0.0330100533318865,-0
0.0330115392996812,-0
0.033013025292473,-0
0.0330145113110597,-0
0.0330159973535957,-0
0.033017483422916,-0
0.0330189695162688,-0
0.0330204556348542,-0
0.033021941777761,-0
0.0330234279467143,-0
0.0330249141393919,-0
0.0330264003563067,-0
0.0330278865995395,-0
0.0330293728668444,-0
0.0330308591593935,-0
0.0330323454757589,-0
0.0330338318184818,-0
0.0330353181852844,-0
0.0330368045771948,-0
0.0330382909942516,-0
0.0330397774377326,-0
0.0330412639054805,-0
0.0330427503974646,-0
0.033044236915206,-0
0.0330457234580259,-0
0.0330472100260638,-0
0.0330486966183265,-0
0.0330501832352107,-0
0.0330516698779326,-0
0.0330531565449409,-0
0.0330546432369927,-0
0.0330561299542759,-0
0.0330576166972389,-0
0.0330591034652215,-0
0.0330605902581802,-0
0.0330620770770227,-0
0.033063563920063,-0
0.0330650507881771,-0
0.0330665376823371,-0
0.0330680246009753,-0
0.0330695115459562,-0
0.0330709985146638,-0
0.0330724855089736,-0
0.0330739725283733,-0
0.0330754595735583,-0
0.0330769466425044,-0
0.0330784337366887,-0
0.0330799208571434,-0
0.0330814080029968,-0
0.0330828951745567,-0
0.0330843823707896,-0
0.0330858695919074,-0
0.0330873568392329,-0
0.0330888441114387,-0
0.0330903314068429,-0
0.0330918187283553,-0
0.0330933060767224,-0
0.0330947934499257,-0
0.0330962808484209,-0
0.0330977682705922,-0
0.0330992557185837,-0
0.0331007431919043,-0
0.0331022306888786,-0
0.0331037182130383,-0
0.0331052057640139,-0
0.0331066933388277,-0
0.0331081809404327,-0
0.0331096685641673,-0
0.0331111562149072,-0
0.0331126438909712,-0
0.0331141315932059,-0
0.0331156193195102,-0
0.0331171070715348,-0
0.0331185948497904,-0
0.0331200826525892,-0
0.0331215704809714,-0
0.0331230583330785,-0
0.0331245462114257,-0
0.0331260341160793,-0
0.0331275220462619,-0
0.0331290100022474,-0
0.0331304979843972,-0
0.0331319859914529,-0
0.0331334740235452,-0
0.0331349620797619,-0
0.0331364501621294,-0
0.0331379382710552,-0
0.0331394264047136,-0
0.0331409145653311,-0
0.0331424027486334,-0
0.033143890959327,-0
0.0331453791955597,-0
0.0331468674555055,-0
0.0331483557425993,-0
0.0331498440543964,-0
0.0331513323922441,-0
0.0331528207560596,-0
0.0331543091443053,-0
0.0331557975581425,-0
0.0331572859964911,-0
0.0331587744615836,-0
0.03316026295266,-0
0.0331617514689857,-0
0.0331632400107997,-0
0.0331647285785347,-0
0.0331662171726915,-0
0.0331677057917151,-0
0.0331691944368466,-0
0.0331706831068188,-0
0.033172171802339,-0
0.0331736605247293,-0
0.033175149272723,-0
0.0331766380470495,-0
0.0331781268465223,-0
0.0331796156723098,-0
0.0331811045226898,-0
0.0331825933989554,-0
0.0331840822999844,-0
0.0331855712257633,-0
0.0331870601796207,-0
0.0331885491595188,-0
0.0331900381652805,-0
0.033191527196586,-0
0.0331930162517949,-0
0.0331945053323117,-0
0.0331959944390431,-0
0.0331974835714583,-0
0.0331989727302415,-0
0.0332004619162021,-0
0.0332019511268482,-0
0.0332034403649149,-0
0.0332049296270832,-0
0.0332064189164524,-0
0.0332079082302954,-0
0.0332093975706828,-0
0.0332108869364273,-0
0.0332123763276603,-0
0.0332138657447816,-0
0.0332153551880527,-0
0.0332168446578999,-0
0.033218334153979,-0
0.0332198236753618,-0
0.033221313220312,-0
0.0332228027930152,-0
0.0332242923929126,-0
0.0332257820168492,-0
0.0332272716677124,-0
0.0332287613439302,-0
0.0332302510456541,-0
0.0332317407744259,-0
0.0332332305288308,-0
0.0332347203099506,-0
0.0332362101174408,-0
0.0332376999499254,-0
0.0332391898085621,-0
0.0332406796925129,-0
0.0332421696034596,-0
0.0332436595406072,-0
0.0332451495041143,-0
0.0332466394928912,-0
0.0332481295083018,-0
0.033249619548587,-0
0.0332511096153651,-0
0.0332525997087209,-0
0.0332540898267219,-0
0.0332555799715855,-0
0.0332570701424207,-0
0.0332585603385506,-0
0.0332600505608317,-0
0.0332615408092769,-0
0.0332630310843387,-0
0.0332645213843913,-0
0.0332660117122958,-0
0.033267502065915,-0
0.0332689924444858,-0
0.0332704828511804,-0
0.0332719732821271,-0
0.0332734637382809,-0
0.0332749542223351,-0
0.0332764447337454,-0
0.0332779352698808,-0
0.0332794258324439,-0
0.033280916421215,-0
0.0332824070368695,-0
0.0332838976769654,-0
0.0332853883444644,-0
0.0332868790382465,-0
0.0332883697570481,-0
0.0332898605026667,-0
0.0332913512748798,-0
0.0332928420734598,-0
0.0332943328988819,-0
0.0332958237504523,-0
0.0332973146293822,-0
0.0332988055324093,-0
0.0333002964623965,-0
0.0333017874181941,-0
0.0333032784008043,-0
0.0333047694102949,-0
0.0333062604456231,-0
0.033307751507,-0
0.0333092425953726,-0
0.0333107337097185,-0
0.033312224849872,-0
0.0333137160166685,-0
0.0333152072101758,-0
0.0333166984302107,-0
0.0333181896764923,-0
0.0333196809498111,-0
0.0333211722483604,-0
0.0333226635736217,-0
0.0333241549259592,-0
0.033325646304133,-0
0.0333271377080182,-0
0.0333286291388676,-0
0.0333301205968118,-0
0.0333316120804015,-0
0.0333331035907235,-0
0.0333345951268617,-0
0.0333360866892155,-0
0.0333375782786459,-0
0.0333390698948796,-0
0.0333405615387449,-0
0.0333420532082833,-0
0.0333435449050501,-0
0.033345036628486,-0
0.0333465283774958,-0
0.0333480201527049,-0
0.0333495119548695,-0
0.033351003783348,-0
0.033352495638882,-0
0.0333539875199232,-0
0.0333554794270474,-0
0.0333569713629641,-0
0.0333584633246796,-0
0.0333599553124435,-0
0.0333614473266929,-0
0.0333629393683174,-0
0.0333644314344936,-0
0.0333659235280311,-0
0.0333674156484616,-0
0.0333689077967614,-0
0.0333703999714375,-0
0.0333718921725859,-0
0.033373384399932,-0
0.0333748766529946,-0
0.0333763689338589,-0
0.0333778612414007,-0
0.0333793535741064,-0
0.0333808459351512,-0
0.0333823383227441,-0
0.0333838307367239,-0
0.0333853231779269,-0
0.0333868156451528,-0
0.0333883081387741,-0
0.033389800658964,-0
0.0333912932072933,-0
0.0333927857809783,-0
0.0333942783828975,-0
0.0333957710113481,-0
0.0333972636657594,-0
0.0333987563470357,-0
0.0334002490563936,-0
0.033401741792444,-0
0.0334032345538676,-0
0.0334047273417086,-0
0.0334062201569175,-0
0.0334077129989979,-0
0.0334092058680155,-0
0.0334106987642133,-0
0.0334121916872413,-0
0.0334136846381164,-0
0.033415177614741,-0
0.0334166706178538,-0
0.0334181636483018,-0
0.0334196567068802,-0
0.0334211497907072,-0
0.033422642901001,-0
0.033424136039471,-0
0.0334256292031281,-0
0.0334271223959238,-0
0.0334286156148146,-0
0.033430108860498,-0
0.0334316021324065,-0
0.0334330954307457,-0
0.0334345887571539,-0
0.0334360821107945,-0
0.0334375754921682,-0
0.0334390688996008,-0
0.0334405623349825,-0
0.0334420557972249,-0
0.0334435492853355,-0
0.0334450428017214,-0
0.0334465363450079,-0
0.0334480299138171,-0
0.0334495235112122,-0
0.0334510171365648,-0
0.0334525107868286,-0
0.0334540044651656,-0
0.0334554981692871,-0
0.0334569919019789,-0
0.0334584856605457,-0
0.0334599794471994,-0
0.0334614732608943,-0
0.0334629671002613,-0
0.033464460968699,-0
0.0334659548633817,-0
0.0334674487850216,-0
0.0334689427324348,-0
0.0334704367084502,-0
0.0334719307116001,-0
0.0334734247414644,-0
0.0334749187989649,-0
0.0334764128839111,-0
0.0334779069966692,-0
0.0334794011365788,-0
0.0334808953043028,-0
0.0334823894980629,-0
0.0334838837191865,-0
0.0334853779675941,-0
0.033486872242366,-0
0.0334883665457944,-0
0.0334898608752568,-0
0.0334913552306333,-0
0.0334928496140687,-0
0.0334943440259009,-0
0.0334958384633786,-0
0.0334973329295823,-0
0.0334988274225018,-0
0.0335003219408274,-0
0.0335018164885001,-0
0.0335033110646717,-0
0.03350480566747,-0
0.0335063002979217,-0
0.0335077949546764,-0
0.0335092896385007,-0
0.033510784351011,-0
0.0335122790898243,-0
0.0335137738552491,-0
0.0335152686484031,-0
0.0335167634698496,-0
0.0335182583184982,-0
0.0335197531931152,-0
0.0335212480968039,-0
0.0335227430266462,-0
0.0335242379850009,-0
0.033525732971741,-0
0.0335272279859155,-0
0.0335287230264202,-0
0.0335302180941737,-0
0.0335317131888241,-0
0.0335332083118402,-0
0.0335347034618688,-0
0.0335361986389174,-0
0.0335376938434504,-0
0.0335391890770795,-0
0.0335406843379606,-0
0.033542179625246,-0
0.0335436749411222,-0
0.0335451702839159,-0
0.0335466656550052,-0
0.0335481610527679,-0
0.0335496564788113,-0
0.0335511519316516,-0
0.0335526474120594,-0
0.0335541429203066,-0
0.0335556384558405,-0
0.0335571340179285,-0
0.0335586296093502,-0
0.0335601252287269,-0
0.0335616208750726,-0
0.033563116548152,-0
0.0335646122479838,-0
0.0335661079757889,-0
0.0335676037326418,-0
0.0335690995173866,-0
0.033570595328112,-0
0.0335720911668119,-0
0.033573587032697,-0
0.0335750829276423,-0
0.033576578848105,-0
0.0335780747986028,-0
0.0335795707763557,-0
0.0335810667820421,-0
0.0335825628148043,-0
0.0335840588765278,-0
0.0335855549651167,-0
0.0335870510813937,-0
0.0335885472247793,-0
0.0335900433964796,-0
0.0335915395955387,-0
0.0335930358225069,-0
0.0335945320786238,-0
0.0335960283620534,-0
0.0335975246715905,-0
0.033599021010293,-0
0.0336005173764058,-0
0.0336020137700635,-0
0.0336035101923398,-0
0.0336050066423684,-0
0.0336065031189004,-0
0.0336079996232109,-0
0.0336094961567055,-0
0.0336109927180267,-0
0.0336124893052636,-0
0.0336139859218946,-0
0.0336154825664023,-0
0.0336169792393059,-0
0.0336184759409151,-0
0.0336199726701001,-0
0.0336214694259668,-0
0.0336229662092945,-0
0.0336244630211924,-0
0.0336259598605969,-0
0.0336274567288913,-0
0.0336289536255043,-0
0.0336304505496354,-0
0.0336319475021137,-0
0.0336334444810533,-0
0.0336349414887199,-0
0.0336364385243649,-0
0.0336379355883321,-0
0.0336394326795237,-0
0.033640929800437,-0
0.0336424269483841,-0
0.0336439241237716,-0
0.0336454213273651,-0
0.0336469185590858,-0
0.0336484158193593,-0
0.0336499131072177,-0
0.0336514104223373,-0
0.0336529077669417,-0
0.0336544051403027,-0
0.0336559025391423,-0
0.0336573999676617,-0
0.0336588974233549,-0
0.0336603949079121,-0
0.0336618924201948,-0
0.033663389960861,-0
0.0336648875301742,-0
0.0336663851265205,-0
0.0336678827520017,-0
0.0336693804045983,-0
0.0336708780858863,-0
0.0336723757945286,-0
0.0336738735317697,-0
0.0336753712982055,-0
0.0336768690928276,-0
0.0336783669152831,-0
0.0336798647666055,-0
0.0336813626457546,-0
0.0336828605523816,-0
0.0336843584878974,-0
0.0336858564508513,-0
0.0336873544425379,-0
0.03368885246236,-0
0.0336903505111924,-0
0.0336918485877243,-0
0.0336933466924362,-0
0.0336948448256681,-0
0.033696342986342,-0
0.0336978411761428,-0
0.0336993393936809,-0
0.0337008376402155,-0
0.0337023359140333,-0
0.0337038342172165,-0
0.03370533254813,-0
0.0337068309068949,-0
0.0337083292942654,-0
0.0337098277099105,-0
0.03371132615405,-0
0.0337128246269852,-0
0.0337143231289084,-0
0.0337158216579247,-0
0.0337173202157554,-0
0.0337188188022708,-0
0.033720317417536,-0
0.0337218160611787,-0
0.0337233147326579,-0
0.033724813433722,-0
0.0337263121627314,-0
0.0337278109184695,-0
0.0337293097030773,-0
0.0337308085171298,-0
0.0337323073607974,-0
0.0337338062315922,-0
0.0337353051314413,-0
0.0337368040589568,-0
0.0337383030143092,-0
0.0337398019979548,-0
0.0337413010114813,-0
0.0337428000540198,-0
0.0337442991241315,-0
0.0337457982229984,-0
0.0337472973513312,-0
0.0337487965068248,-0
0.0337502956916541,-0
0.0337517949052713,-0
0.0337532941460109,-0
0.0337547934161339,-0
0.0337562927151285,-0
0.0337577920420611,-0
0.0337592913991468,-0
0.0337607907840692,-0
0.0337622901980539,-0
0.0337637896398111,-0
0.0337652891107743,-0
0.0337667886096948,-0
0.0337682881373572,-0
0.0337697876938979,-0
0.0337712872809807,-0
0.0337727868959701,-0
0.0337742865387477,-0
0.0337757862107343,-0
0.0337772859095662,-0
0.0337787856385085,-0
0.0337802853959423,-0
0.0337817851818061,-0
0.0337832849959437,-0
0.0337847848401161,-0
0.0337862847114124,-0
0.0337877846122872,-0
0.0337892845415341,-0
0.0337907844995798,-0
0.0337922844874107,-0
0.033793784503474,-0
0.03379528454779,-0
0.0337967846201896,-0
0.0337982847231159,-0
0.033799784853581,-0
0.0338012850142079,-0
0.0338027852032064,-0
0.0338042854210762,-0
0.0338057856674626,-0
0.0338072859422646,-0
0.0338087862468755,-0
0.0338102865808462,-0
0.0338117869433516,-0
0.0338132873348322,-0
0.0338147877552404,-0
0.0338162882047923,-0
0.0338177886822708,-0
0.0338192891871148,-0
0.0338207897237165,-0
0.033822290287272,-0
0.033823790880548,-0
0.0338252915041423,-0
0.0338267921559116,-0
0.0338282928350621,-0
0.0338297935433627,-0
0.0338312942816142,-0
0.0338327950502419,-0
0.0338342958474354,-0
0.0338357966717432,-0
0.0338372975271018,-0
0.0338387984092775,-0
0.033840299321822,-0
0.0338418002633889,-0
0.0338433012332256,-0
0.0338448022323927,-0
0.0338463032602667,-0
0.0338478043183977,-0
0.0338493054055583,-0
0.0338508065209742,-0
0.0338523076658318,-0
0.0338538088388865,-0
0.0338553100423048,-0
0.0338568112736268,-0
0.0338583125343513,-0
0.033859813823856,-0
0.0338613151423786,-0
0.0338628164892335,-0
0.0338643178670075,-0
0.0338658192733744,-0
0.0338673207091629,-0
0.0338688221745619,-0
0.0338703236685235,-0
0.0338718251922425,-0
0.0338733267444296,-0
0.0338748283265842,-0
0.0338763299385127,-0
0.0338778315772519,-0
0.0338793332477979,-0
0.0338808349461681,-0
0.0338823366733316,-0
0.0338838384312609,-0
0.0338853402176269,-0
0.0338868420324195,-0
0.0338883438766756,-0
0.0338898457517033,-0
0.0338913476555968,-0
0.0338928495887509,-0
0.0338943515505641,-0
0.0338958535417942,-0
0.0338973555629449,-0
0.0338988576139092,-0
0.0339003596922213,-0
0.0339018618003498,-0
0.0339033639394014,-0
0.0339048661060887,-0
0.0339063683030578,-0
0.0339078705289535,-0
0.0339093727850839,-0
0.0339108750706091,-0
0.0339123773853863,-0
0.033913879727863,-0
0.0339153820996338,-0
0.0339168845021277,-0
0.0339183869344086,-0
0.0339198893951634,-0
0.0339213918861202,-0
0.0339228944062552,-0
0.0339243969570995,-0
0.0339258995359595,-0
0.0339274021434488,-0
0.0339289047821682,-0
0.0339304074502797,-0
0.033931910147628,-0
0.033933412873362,-0
0.0339349156286099,-0
0.0339364184145186,-0
0.0339379212293495,-0
0.0339394240745966,-0
0.0339409269485495,-0
0.0339424298515525,-0
0.0339439327853839,-0
0.0339454357496397,-0
0.0339469387423241,-0
0.0339484417634518,-0
0.0339499448165416,-0
0.0339514478979907,-0
0.0339529510102004,-0
0.0339544541513944,-0
0.0339559573204164,-0
0.033957460521056,-0
0.033958963749671,-0
0.0339604670080796,-0
0.0339619702963554,-0
0.0339634736157841,-0
0.0339649769634953,-0
0.0339664803411157,-0
0.0339679837473912,-0
0.0339694871838319,-0
0.0339709906507375,-0
0.0339724941465917,-0
0.0339739976735535,-0
0.0339755012297441,-0
0.0339770048157819,-0
0.0339785084317147,-0
0.0339800120761952,-0
0.0339815157504874,-0
0.0339830194550272,-0
0.0339845231889513,-0
0.0339860269527356,-0
0.0339875307453737,-0
0.0339890345692308,-0
0.0339905384231549,-0
0.0339920423068153,-0
0.0339935462197398,-0
0.0339950501621019,-0
0.033996554134895,-0
0.0339980581373995,-0
0.0339995621705775,-0
0.0340010662334344,-0
0.0340025703259695,-0
0.0340040744475013,-0
0.0340055785988622,-0
0.0340070827817364,-0
0.0340085869937349,-0
0.0340100912340692,-0
0.034011595505078,-0
0.0340130998061453,-0
0.0340146041361788,-0
0.0340161084972277,-0
0.0340176128881964,-0
0.0340191173079154,-0
0.0340206217597662,-0
0.0340221262399858,-0
0.0340236307502774,-0
0.0340251352912644,-0
0.0340266398612441,-0
0.0340281444612473,-0
0.034029649092003,-0
0.0340311537527903,-0
0.0340326584423666,-0
0.0340341631622371,-0
0.0340356679126156,-0
0.0340371726931096,-0
0.0340386775041719,-0
0.0340401823450997,-0
0.0340416872168598,-0
0.0340431921180513,-0
0.0340446970492994,-0
0.0340462020114137,-0
0.0340477070024831,-0
0.0340492120231733,-0
0.0340507170748329,-0
0.0340522221557643,-0
0.0340537272678807,-0
0.0340552324094912,-0
0.0340567375809394,-0
0.0340582427831968,-0
0.0340597480161388,-0
0.0340612532794327,-0
0.034062758571861,-0
0.0340642638955293,-0
0.0340657692478803,-0
0.0340672746308571,-0
0.0340687800433566,-0
0.0340702854869892,-0
0.0340717909607265,-0
0.034073296465278,-0
0.0340748019993076,-0
0.0340763075640497,-0
0.0340778131599025,-0
0.0340793187845283,-0
0.0340808244393317,-0
0.0340823301259363,-0
0.034083835841925,-0
0.0340853415873672,-0
0.0340868473643669,-0
0.0340883531705648,-0
0.0340898590069978,-0
0.0340913648741535,-0
0.0340928707725132,-0
0.0340943767011826,-0
0.0340958826602469,-0
0.0340973886488613,-0
0.034098894668767,-0
0.0341004007183882,-0
0.0341019067982868,-0
0.0341034129094881,-0
0.0341049190496556,-0
0.0341064252201831,-0
0.0341079314211017,-0
0.0341094376527965,-0
0.0341109439149124,-0
0.0341124502077826,-0
0.0341139565312219,-0
0.0341154628848194,-0
0.0341169692688606,-0
0.0341184756830768,-0
0.0341199821295897,-0
0.034121488604903,-0
0.0341229951106156,-0
0.0341245016470583,-0
0.0341260082148059,-0
0.0341275148122741,-0
0.0341290214401663,-0
0.0341305280994745,-0
0.0341320347888113,-0
0.0341335415088556,-0
0.0341350482581272,-0
0.0341365550384702,-0
0.0341380618497528,-0
0.0341395686912066,-0
0.0341410755641183,-0
0.0341425824666946,-0
0.0341440894007553,-0
0.0341455963639872,-0
0.0341471033583135,-0
0.0341486103838077,-0
0.0341501174406951,-0
0.0341516245280939,-0
0.0341531316458082,-0
0.0341546387945683,-0
0.0341561459731725,-0
0.0341576531828646,-0
0.0341591604227519,-0
0.0341606676931157,-0
0.0341621749932955,-0
0.0341636823259156,-0
0.0341651896883512,-0
0.0341666970812891,-0
0.0341682045058604,-0
0.034169711959979,-0
0.0341712194457206,-0
0.0341727269613076,-0
0.0341742345076318,-0
0.0341757420850575,-0
0.034177249693738,-0
0.0341787573330864,-0
0.0341802650029743,-0
0.0341817727029234,-0
0.0341832804352594,-0
0.0341847881979648,-0
0.0341862959903348,-0
0.0341878038145315,-0
0.0341893116694138,-0
0.0341908195551389,-0
0.0341923274715614,-0
0.0341938354196794,-0
0.0341953433994463,-0
0.034196851408322,-0
0.0341983594485353,-0
0.0341998675197576,-0
0.0342013756217734,-0
0.0342028837539729,-0
0.0342043919177942,-0
0.0342059001122062,-0
0.0342074083376645,-0
0.0342089165944192,-0
0.0342104248808289,-0
0.0342119332007917,-0
0.0342134415501188,-0
0.0342149499316237,-0
0.0342164583427679,-0
0.0342179667850937,-0
0.0342194752578486,-0
0.034220983763136,-0
0.0342224922986428,-0
0.034224000865364,-0
0.0342255094632336,-0
0.0342270180917991,-0
0.034228526750788,-0
0.034230035441364,-0
0.0342315441626067,-0
0.0342330529152589,-0
0.0342345616988959,-0
0.0342360705137924,-0
0.0342375793595003,-0
0.0342390882363344,-0
0.0342405971445921,-0
0.0342421060840533,-0
0.0342436150549205,-0
0.0342451240571083,-0
0.0342466330900868,-0
0.0342481421532866,-0
0.0342496512482602,-0
0.0342511603742225,-0
0.0342526695310293,-0
0.0342541787188791,-0
0.0342556879393603,-0
0.0342571971897746,-0
0.0342587064714474,-0
0.0342602157851395,-0
0.0342617251292299,-0
0.0342632345053958,-0
0.0342647439134292,-0
0.0342662533516647,-0
0.0342677628204141,-0
0.0342692723209262,-0
0.0342707818521075,-0
0.0342722914160006,-0
0.0342738010107884,-0
0.0342753106358957,-0
0.0342768202931648,-0
0.0342783299810059,-0
0.0342798397005866,-0
0.0342813494519597,-0
0.0342828592335831,-0
0.0342843690460584,-0
0.0342858788911631,-0
0.0342873887669751,-0
0.0342888986741864,-0
0.0342904086129212,-0
0.034291918583,-0
0.0342934285837051,-0
0.0342949386158772,-0
0.0342964486809135,-0
0.0342979587766388,-0
0.0342994689041991,-0
0.0343009790637765,-0
0.0343024892538123,-0
0.0343039994755562,-0
0.0343055097287725,-0
0.0343070200135353,-0
0.0343085303295513,-0
0.0343100406764592,-0
0.034311551054434,-0
0.0343130614645903,-0
0.0343145719043142,-0
0.0343160823767359,-0
0.0343175928812093,-0
0.0343191034168998,-0
0.0343206139844817,-0
0.0343221245842032,-0
0.0343236352152211,-0
0.0343251458783899,-0
0.0343266565720505,-0
0.0343281672976013,-0
0.0343296780544547,-0
0.0343311888433546,-0
0.0343326996635875,-0
0.0343342105158989,-0
0.0343357213992411,-0
0.0343372323142188,-0
0.034338743261244,-0
0.0343402542399416,-0
0.0343417652495746,-0
0.0343432762906022,-0
0.0343447873639366,-0
0.0343462984686658,-0
0.0343478096061875,-0
0.0343493207735005,-0
0.0343508319727175,-0
0.0343523432041003,-0
0.0343538544673401,-0
0.0343553657615587,-0
0.0343568770878672,-0
0.03435838844643,-0
0.0343598998359579,-0
0.0343614112573431,-0
0.0343629227112996,-0
0.0343644341968588,-0
0.034365945713966,-0
0.0343674572632412,-0
0.0343689688444275,-0
0.0343704804577307,-0
0.0343719921016469,-0
0.0343735037781095,-0
0.0343750154860875,-0
0.0343765272259218,-0
0.0343780389975119,-0
0.0343795507996921,-0
0.0343810626345195,-0
0.0343825745014445,-0
0.0343840863997405,-0
0.0343855983311522,-0
0.0343871102943298,-0
0.0343886222879108,-0
0.034390134313459,-0
0.0343916463716277,-0
0.0343931584618851,-0
0.0343946705835292,-0
0.0343961827374003,-0
0.0343976949230906,-0
0.0343992071405108,-0
0.0344007193900529,-0
0.0344022316722509,-0
0.0344037439865669,-0
0.0344052563321666,-0
0.0344067687105106,-0
0.0344082811206074,-0
0.0344097935624153,-0
0.0344113060357827,-0
0.0344128185412768,-0
0.0344143310784929,-0
0.0344158436467454,-0
0.0344173562482896,-0
0.0344188688828783,-0
0.0344203815488734,-0
0.0344218942464929,-0
0.0344234069767992,-0
0.0344249197397317,-0
0.0344264325339043,-0
0.0344279453596574,-0
0.0344294582172039,-0
0.0344309711074031,-0
0.0344324840296768,-0
0.034433996983611,-0
0.0344355099701444,-0
0.0344370229885637,-0
0.0344385360393972,-0
0.0344400491220663,-0
0.0344415622377054,-0
0.0344430753852902,-0
0.0344445885644409,-0
0.0344461017751525,-0
0.0344476150187048,-0
0.0344491282953424,-0
0.0344506416040041,-0
0.0344521549442254,-0
0.0344536683173445,-0
0.0344551817234691,-0
0.0344566951612097,-0
0.0344582086296075,-0
0.0344597221322958,-0
0.0344612356677889,-0
0.0344627492343749,-0
0.0344642628317781,-0
0.0344657764629053,-0
0.0344672901265274,-0
0.0344688038237234,-0
0.0344703175510382,-0
0.0344718313122229,-0
0.0344733451055045,-0
0.0344748589288037,-0
0.0344763727856822,-0
0.0344778866739586,-0
0.0344794005961861,-0
0.0344809145508461,-0
0.0344824285374279,-0
0.0344839425576705,-0
0.0344854566092028,-0
0.0344869706932498,-0
0.0344884848093151,-0
0.0344899989575632,-0
0.0344915131388427,-0
0.0344930273510917,-0
0.034494541597069,-0
0.0344960558763253,-0
0.0344975701862509,-0
0.0344990845311151,-0
0.0345005989075833,-0
0.034502113316334,-0
0.0345036277566432,-0
0.0345051422299976,-0
0.0345066567362239,-0
0.0345081712748101,-0
0.0345096858464916,-0
0.0345112004514068,-0
0.0345127150885155,-0
0.0345142297571206,-0
0.0345157444583659,-0
0.0345172591921474,-0
0.0345187739588906,-0
0.0345202887574578,-0
0.0345218035883494,-0
0.0345233184509194,-0
0.034524833348453,-0
0.0345263482781002,-0
0.0345278632404057,-0
0.0345293782350889,-0
0.0345308932613996,-0
0.0345324083210371,-0
0.0345339234136878,-0
0.0345354385385349,-0
0.0345369536957828,-0
0.0345384688877543,-0
0.0345399841126852,-0
0.034541499368732,-0
0.0345430146581207,-0
0.0345445299796419,-0
0.0345460453340536,-0
0.0345475607226462,-0
0.0345490761423452,-0
0.0345505915941049,-0
0.034552107079122,-0
0.0345536225972056,-0
0.0345551381474587,-0
0.0345566537311756,-0
0.0345581693472775,-0
0.0345596849960502,-0
0.0345612006767007,-0
0.0345627163920026,-0
0.0345642321395027,-0
0.0345657479197573,-0
0.0345672637312558,-0
0.0345687795770328,-0
0.0345702954560759,-0
0.0345718113676007,-0
0.0345733273120503,-0
0.0345748432898567,-0
0.0345763593005894,-0
0.0345778753436737,-0
0.0345793914189417,-0
0.0345809075277995,-0
0.034582423668942,-0
0.0345839398443455,-0
0.0345854560528423,-0
0.0345869722939726,-0
0.0345884885663344,-0
0.0345900048745535,-0
0.034591521212973,-0
0.0345930375863553,-0
0.0345945539905897,-0
0.0345960704306479,-0
0.0345975869037468,-0
0.0345991034076863,-0
0.0346006199447102,-0
0.03460213651579,-0
0.0346036531194044,-0
0.0346051697557236,-0
0.0346066864263925,-0
0.0346082031290187,-0
0.0346097198633297,-0
0.0346112366330099,-0
0.0346127534353172,-0
0.0346142702697797,-0
0.0346157871372866,-0
0.0346173040388655,-0
0.0346188209728912,-0
0.0346203379401468,-0
0.0346218549417189,-0
0.0346233719753644,-0
0.0346248890410634,-0
0.0346264061421893,-0
0.0346279232747829,-0
0.0346294404405241,-0
0.0346309576411992,-0
0.0346324748746064,-0
0.0346339921409807,-0
0.0346355094406442,-0
0.0346370267726081,-0
0.0346385441390409,-0
0.0346400615366577,-0
0.0346415789672448,-0
0.034643096432175,-0
0.0346446139309187,-0
0.0346461314621247,-0
0.0346476490281113,-0
0.0346491666269348,-0
0.0346506842586267,-0
0.0346522019237483,-0
0.034653719621823,-0
0.0346552373538601,-0
0.0346567551188615,-0
0.0346582729170343,-0
0.0346597907487691,-0
0.0346613086132282,-0
0.0346628265114746,-0
0.0346643444423115,-0
0.0346658624065369,-0
0.0346673804049379,-0
0.0346688984357431,-0
0.0346704165015836,-0
0.0346719345990271,-0
0.0346734527319097,-0
0.0346749708964274,-0
0.0346764890941144,-0
0.0346780073256522,-0
0.0346795255903506,-0
0.0346810438895413,-0
0.0346825622226578,-0
0.0346840805885578,-0
0.0346855989890334,-0
0.0346871174222856,-0
0.0346886358894874,-0
0.034690154389514,-0
0.0346916729235048,-0
0.0346931914904037,-0
0.0346947100909492,-0
0.0346962287259379,-0
0.0346977473941129,-0
0.0346992660961975,-0
0.0347007848309417,-0
0.0347023035991718,-0
0.0347038224007979,-0
0.0347053412352405,-0
0.0347068601048004,-0
0.034708379007548,-0
0.0347098979428561,-0
0.0347114169122791,-0
0.0347129359163327,-0
0.0347144549521384,-0
0.0347159740233489,-0
0.0347174931267745,-0
0.0347190122635542,-0
0.0347205314347887,-0
0.0347220506396026,-0
0.0347235698788685,-0
0.0347250891513551,-0
0.0347266084579314,-0
0.0347281277970823,-0
0.0347296471703963,-0
0.034731166577578,-0
0.0347326860200215,-0
0.0347342054956759,-0
0.0347357250053613,-0
0.0347372445487763,-0
0.0347387641249616,-0
0.0347402837367985,-0
0.0347418033802555,-0
0.0347433230576518,-0
0.0347448427689984,-0
0.0347463625144691,-0
0.0347478822940441,-0
0.0347494021066701,-0
0.0347509219535056,-0
0.0347524418337509,-0
0.034753961746416,-0
0.0347554816934753,-0
0.0347570016742092,-0
0.0347585216891406,-0
0.0347600417383662,-0
0.0347615618217336,-0
0.0347630819384289,-0
0.0347646020893988,-0
0.0347661222744357,-0
0.0347676424935689,-0
0.0347691627462574,-0
0.0347706830322276,-0
0.034772203353566,-0
0.0347737237074475,-0
0.0347752440963931,-0
0.0347767645205435,-0
0.0347782849770461,-0
0.034779805467501,-0
0.0347813259929551,-0
0.0347828465528882,-0
0.0347843671452821,-0
0.0347858877724577,-0
0.0347874084338972,-0
0.0347889291278055,-0
0.0347904498564321,-0
0.0347919706200021,-0
0.0347934914172213,-0
0.0347950122486761,-0
0.0347965331139183,-0
0.0347980540121884,-0
0.0347995749454169,-0
0.0348010959129417,-0
0.0348026169158882,-0
0.03480413795023,-0
0.0348056590192334,-0
0.0348071801227374,-0
0.0348087012618608,-0
0.0348102224328923,-0
0.0348117436383108,-0
0.034813264879256,-0
0.0348147861540236,-0
0.0348163074616304,-0
0.034817828806021,-0
0.0348193501846454,-0
0.0348208715955478,-0
0.0348223930409213,-0
0.0348239145208594,-0
0.0348254360342989,-0
0.0348269575824085,-0
0.0348284791645487,-0
0.0348300007827251,-0
0.0348315224351097,-0
0.0348330441186161,-0
0.0348345658390628,-0
0.0348360875937202,-0
0.0348376093820392,-0
0.0348391312047826,-0
0.0348406530609587,-0
0.0348421749529001,-0
0.0348436968777241,-0
0.0348452188381585,-0
0.0348467408330098,-0
0.0348482628616355,-0
0.0348497849264776,-0
0.0348513070240727,-0
0.0348528291561446,-0
0.034854351321908,-0
0.0348558735238917,-0
0.0348573957582038,-0
0.0348589180288774,-0
0.0348604403316426,-0
0.0348619626685216,-0
0.0348634850419499,-0
0.0348650074484564,-0
0.034866529890414,-0
0.0348680523670208,-0
0.0348695748777263,-0
0.0348710974234988,-0
0.0348726200026989,-0
0.0348741426167952,-0
0.0348756652671476,-0
0.034877187950392,-0
0.0348787106689588,-0
0.0348802334207078,-0
0.0348817562068008,-0
0.0348832790277647,-0
0.0348848018839703,-0
0.0348863247736417,-0
0.0348878476990558,-0
0.0348893706595069,-0
0.0348908936534547,-0
0.0348924166801283,-0
0.0348939397439225,-0
0.0348954628418564,-0
0.0348969859751465,-0
0.0348985091421585,-0
0.0349000323441364,-0
0.0349015555806083,-0
0.0349030788512572,-0
0.0349046021576592,-0
0.0349061254994356,-0
0.0349076488747365,-0
0.0349091722855284,-0
0.0349106957303035,-0
0.0349122192101593,-0
0.0349137427232759,-0
0.0349152662717685,-0
0.0349167898539835,-0
0.0349183134716542,-0
0.0349198371235862,-0
0.0349213608100584,-0
0.0349228845330531,-0
0.0349244082894634,-0
0.0349259320815972,-0
0.0349274559080689,-0
0.0349289797695848,-0
0.0349305036664598,-0
0.0349320275973429,-0
0.0349335515633851,-0
0.0349350755644299,-0
0.0349365996005855,-0
0.0349381236716314,-0
0.0349396477765787,-0
0.0349411719160841,-0
0.0349426960904222,-0
0.0349442203003332,-0
0.0349457445459274,-0
0.0349472688259964,-0
0.0349487931403556,-0
0.0349503174908698,-0
0.0349518418760994,-0
0.0349533662954988,-0
0.0349548907494162,-0
0.0349564152380025,-0
0.0349579397623442,-0
0.0349594643221429,-0
0.0349609889174922,-0
0.0349625135467556,-0
0.0349640382129322,-0
0.034965562911712,-0
0.0349670876477291,-0
0.0349686124160869,-0
0.0349701372201016,-0
0.0349716620592443,-0
0.0349731869341326,-0
0.0349747118431382,-0
0.0349762367882936,-0
0.0349777617694069,-0
0.0349792867844652,-0
0.0349808118349574,-0
0.0349823369186487,-0
0.0349838620384827,-0
0.0349853871931002,-0
0.034986912383079,-0
0.0349884376081262,-0
0.0349899628679531,-0
0.0349914881642328,-0
0.0349930134946459,-0
0.0349945388604543,-0
0.0349960642616857,-0
0.0349975896983559,-0
0.0349991151710896,-0
0.0350006406773244,-0
0.035002166219802,-0
0.0350036917967073,-0
0.0350052174090216,-0
0.0350067430564564,-0
0.0350082687401881,-0
0.0350097944585779,-0
0.0350113202120167,-0
0.0350128459994533,-0
0.0350143718229459,-0
0.0350158976824037,-0
0.035017423577582,-0
0.035018949507397,-0
0.035020475472915,-0
0.0350220014749605,-0
0.0350235275122778,-0
0.0350250535837089,-0
0.0350265796908218,-0
0.0350281058323844,-0
0.0350296320095051,-0
0.035031158222313,-0
0.0350326844700035,-0
0.0350342107539259,-0
0.0350357370719139,-0
0.0350372634250575,-0
0.0350387898148772,-0
0.0350403162407371,-0
0.0350418427024323,-0
0.0350433691984791,-0
0.0350448957285328,-0
0.0350464222957084,-0
0.0350479488989262,-0
0.0350494755371025,-0
0.0350510022118317,-0
0.0350525289222628,-0
0.0350540556670846,-0
0.0350555824467352,-0
0.0350571092625364,-0
0.0350586361135177,-0
0.035060163001147,-0
0.0350616899227679,-0
0.0350632168803047,-0
0.0350647438739928,-0
0.0350662709030224,-0
0.0350677979663225,-0
0.0350693250662819,-0
0.0350708522004413,-0
0.0350723793713589,-0
0.0350739065776709,-0
0.0350754338201882,-0
0.0350769610985197,-0
0.0350784884126884,-0
0.0350800157611771,-0
0.035081543144958,-0
0.0350830705642868,-0
0.0350845980206924,-0
0.0350861255122971,-0
0.0350876530397456,-0
0.0350891806031967,-0
0.0350907082013905,-0
0.0350922358355299,-0
0.0350937635050064,-0
0.0350952912107772,-0
0.0350968189527857,-0
0.0350983467295017,-0
0.0350998745417847,-0
0.035101402390417,-0
0.0351029302760235,-0
0.0351044581960577,-0
0.0351059861524232,-0
0.0351075141443505,-0
0.0351090421730626,-0
0.0351105702359408,-0
0.0351120983338816,-0
0.0351136264689059,-0
0.0351151546400453,-0
0.0351166828465704,-0
0.0351182110888134,-0
0.0351197393673436,-0
0.035121267682268,-0
0.0351227960316552,-0
0.0351243244177731,-0
0.0351258528395335,-0
0.0351273812975356,-0
0.0351289097914891,-0
0.035130438321873,-0
0.0351319668877184,-0
0.0351334954881761,-0
0.0351350241262825,-0
0.0351365527986606,-0
0.0351380815079752,-0
0.0351396102536038,-0
0.0351411390333158,-0
0.0351426678494961,-0
0.0351441967020069,-0
0.0351457255905116,-0
0.035147254517005,-0
0.0351487834796981,-0
0.0351503124774871,-0
0.0351518415117654,-0
0.0351533705821241,-0
0.0351548996880932,-0
0.0351564288305684,-0
0.0351579580088088,-0
0.0351594872224956,-0
0.0351610164711257,-0
0.0351625457578039,-0
0.0351640750784727,-0
0.0351656044371774,-0
0.0351671338307447,-0
0.0351686632620238,-0
0.0351701927284785,-0
0.0351717222305903,-0
0.0351732517698556,-0
0.0351747813439514,-0
0.0351763109553406,-0
0.0351778406035115,-0
0.0351793702873066,-0
0.0351809000076921,-0
0.03518242976281,-0
0.0351839595554702,-0
0.0351854893828031,-0
0.0351870192473248,-0
0.035188549148732,-0
0.035190079084709,-0
0.0351916090581266,-0
0.0351931390662733,-0
0.0351946691114478,-0
0.0351961991940225,-0
0.035197729312417,-0
0.0351992594676904,-0
0.0352007896605661,-0
0.0352023198874813,-0
0.0352038501507548,-0
0.0352053804501854,-0
0.0352069107858964,-0
0.0352084411590121,-0
0.0352099715679806,-0
0.0352115020138233,-0
0.035213032495371,-0
0.0352145630145241,-0
0.0352160935694488,-0
0.0352176241608858,-0
0.0352191547889173,-0
0.0352206854534929,-0
0.0352222161546333,-0
0.0352237468927931,-0
0.0352252776662918,-0
0.035226808476545,-0
0.0352283393229263,-0
0.0352298702066845,-0
0.035231401125374,-0
0.0352329320815738,-0
0.0352344630739519,-0
0.0352359941032131,-0
0.0352375251687029,-0
0.0352390562708232,-0
0.0352405874089965,-0
0.0352421185845259,-0
0.0352436497960482,-0
0.0352451810447774,-0
0.0352467123301258,-0
0.0352482436504127,-0
0.0352497750088727,-0
0.0352513064035521,-0
0.0352528378339047,-0
0.0352543693024458,-0
0.0352559008078636,-0
0.0352574323487689,-0
0.0352589639273165,-0
0.0352604955419062,-0
0.0352620271931093,-0
0.0352635588804658,-0
0.0352650906057079,-0
0.035266622367332,-0
0.035268154164926,-0
0.0352696859991203,-0
0.0352712178694181,-0
0.0352727497774136,-0
0.0352742817233515,-0
0.0352758137051743,-0
0.0352773457233153,-0
0.0352788777779431,-0
0.0352804098694218,-0
0.035281941997157,-0
0.0352834741620063,-0
0.035285006362944,-0
0.0352865386017297,-0
0.0352880708775393,-0
0.035289603189883,-0
0.0352911355392763,-0
0.0352926679246731,-0
0.0352942003468926,-0
0.0352957328071244,-0
0.0352972653027711,-0
0.0352987978368932,-0
0.0353003304059862,-0
0.0353018630138046,-0
0.0353033956580351,-0
0.0353049283385103,-0
0.03530646105647,-0
0.0353079938110347,-0
0.0353095266020371,-0
0.03531105943052,-0
0.035312592296056,-0
0.0353141251987173,-0
0.0353156581374418,-0
0.0353171911144648,-0
0.0353187241280598,-0
0.0353202571783394,-0
0.0353217902648412,-0
0.0353233233901895,-0
0.0353248565509911,-0
0.0353263897497771,-0
0.0353279229853963,-0
0.0353294562587181,-0
0.0353309895673484,-0
0.0353325229136382,-0
0.0353340562969233,-0
0.0353355897168782,-0
0.0353371231746856,-0
0.0353386566694471,-0
0.0353401902004717,-0
0.0353417237700313,-0
0.0353432573759436,-0
0.035344791019171,-0
0.0353463247002309,-0
0.0353478584168042,-0
0.0353493921711521,-0
0.035350925963291,-0
0.0353524597922174,-0
0.0353539936583634,-0
0.0353555275616297,-0
0.0353570615030696,-0
0.0353585954799292,-0
0.0353601294957276,-0
0.0353616635480069,-0
0.0353631976377621,-0
0.0353647317665537,-0
0.035366265930339,-0
0.0353678001316881,-0
0.0353693343709673,-0
0.0353708686477387,-0
0.0353724029612125,-0
0.0353739373113292,-0
0.0353754716994009,-0
0.0353770061244405,-0
0.0353785405870513,-0
0.0353800750863608,-0
0.0353816096224889,-0
0.0353831441972427,-0
0.0353846788089036,-0
0.0353862134578888,-0
0.0353877481453396,-0
0.0353892828688629,-0
0.0353908176311853,-0
0.0353923524293918,-0
0.0353938872655614,-0
0.0353954221392445,-0
0.035396957049172,-0
0.0353984919974348,-0
0.0354000269835692,-0
0.0354015620070945,-0
0.0354030970665925,-0
0.0354046321642709,-0
0.0354061672994773,-0
0.0354077024732791,-0
0.0354092376848384,-0
0.0354107729331768,-0
0.0354123082189877,-0
0.035413843542461,-0
0.0354153789030848,-0
0.0354169143004888,-0
0.035418449736967,-0
0.035419985209541,-0
0.0354215207207726,-0
0.035423056269373,-0
0.0354245918556138,-0
0.0354261274791176,-0
0.0354276631403682,-0
0.0354291988402875,-0
0.0354307345766403,-0
0.0354322703501607,-0
0.0354338061612919,-0
0.0354353420101101,-0
0.035436877896435,-0
0.0354384138212688,-0
0.0354399497830866,-0
0.035441485782316,-0
0.0354430218196087,-0
0.0354445578951204,-0
0.0354460940084597,-0
0.0354476301588719,-0
0.0354491663487107,-0
0.0354507025754449,-0
0.035452238839495,-0
0.035453775141123,-0
0.0354553114809313,-0
0.0354568478573968,-0
0.0354583842715783,-0
0.0354599207245604,-0
0.0354614572153918,-0
0.0354629937437081,-0
0.035464530309326,-0
0.03546606691425,-0
0.0354676035559077,-0
0.035469140236531,-0
0.0354706769533342,-0
0.0354722137090149,-0
0.0354737505013777,-0
0.035475287332557,-0
0.0354768242013073,-0
0.0354783611085167,-0
0.0354798980532295,-0
0.0354814350369812,-0
0.0354829720580298,-0
0.0354845091164907,-0
0.0354860462136586,-0
0.0354875833472431,-0
0.0354891205196911,-0
0.0354906577302703,-0
0.0354921949797317,-0
0.035493732266392,-0
0.0354952695912522,-0
0.0354968069540512,-0
0.0354983443543068,-0
0.03549988179265,-0
0.0355014192689574,-0
0.0355029567824937,-0
0.0355044943358902,-0
0.0355060319268158,-0
0.0355075695555876,-0
0.0355091072228244,-0
0.0355106449263806,-0
0.0355121826691117,-0
0.0355137204499671,-0
0.0355152582696078,-0
0.0355167961266888,-0
0.0355183340214794,-0
0.035519871955088,-0
0.0355214099261461,-0
0.0355229479359042,-0
0.0355244859831906,-0
0.0355260240683965,-0
0.0355275621928276,-0
0.0355291003553372,-0
0.03553063855583,-0
0.0355321767954885,-0
0.0355337150733371,-0
0.0355352533892394,-0
0.0355367917414514,-0
0.0355383301336115,-0
0.0355398685636022,-0
0.0355414070325967,-0
0.0355429455382577,-0
0.0355444840835744,-0
0.0355460226664727,-0
0.0355475612881022,-0
0.0355490999488534,-0
0.0355506386471383,-0
0.0355521773838224,-0
0.0355537161582349,-0
0.0355552549699626,-0
0.035556793820673,-0
0.0355583327099885,-0
0.0355598716375658,-0
0.0355614106043628,-0
0.0355629496091348,-0
0.0355644886520146,-0
0.0355660277332027,-0
0.0355675668539276,-0
0.0355691060123014,-0
0.0355706452083867,-0
0.0355721844428623,-0
0.0355737237162339,-0
0.0355752630289788,-0
0.0355768023799947,-0
0.0355783417692343,-0
0.0355798811959973,-0
0.0355814206612548,-0
0.0355829601657017,-0
0.0355844997085987,-0
0.0355860392901743,-0
0.035587578909514,-0
0.0355891185675812,-0
0.0355906582643238,-0
0.0355921979999877,-0
0.0355937377740139,-0
0.0355952775861317,-0
0.0355968174373017,-0
0.0355983573271479,-0
0.0355998972554833,-0
0.0356014372226001,-0
0.0356029772274805,-0
0.0356045172706629,-0
0.0356060573532209,-0
0.0356075974758346,-0
0.0356091376361264,-0
0.0356106778359789,-0
0.0356122180739629,-0
0.0356137583502459,-0
0.0356152986640987,-0
0.0356168390181756,-0
0.0356183794101047,-0
0.0356199198413952,-0
0.0356214603105083,-0
0.0356230008185533,-0
0.0356245413657228,-0
0.0356260819526868,-0
0.0356276225764179,-0
0.0356291632407041,-0
0.035630703942949,-0
0.0356322446844503,-0
0.0356337854642679,-0
0.0356353262810972,-0
0.035636867138418,-0
0.0356384080335922,-0
0.0356399489687316,-0
0.0356414899426247,-0
0.0356430309552938,-0
0.0356445720056226,-0
0.035646113095963,-0
0.0356476542247267,-0
0.0356491953914067,-0
0.035650736598118,-0
0.0356522778436676,-0
0.0356538191293623,-0
0.0356553604534067,-0
0.0356569018155864,-0
0.0356584432170256,-0
0.0356599846572772,-0
0.0356615261367354,-0
0.0356630676544203,-0
0.0356646092129279,-0
0.0356661508090819,-0
0.0356676924451311,-0
0.0356692341189321,-0
0.035670775831359,-0
0.0356723175828562,-0
0.0356738593742478,-0
0.0356754012048036,-0
0.0356769430736299,-0
0.0356784849831495,-0
0.0356800269302501,-0
0.0356815689147094,-0
0.0356831109395636,-0
0.0356846530050412,-0
0.0356861951080579,-0
0.0356877372504548,-0
0.0356892794319323,-0
0.0356908216527025,-0
0.0356923639119931,-0
0.0356939062101614,-0
0.0356954485499634,-0
0.0356969909271078,-0
0.0356985333441398,-0
0.0357000757994144,-0
0.0357016182946734,-0
0.0357031608287085,-0
0.0357047034025543,-0
0.0357062460150038,-0
0.0357077886672984,-0
0.0357093313582723,-0
0.0357108740876474,-0
0.0357124168565043,-0
0.0357139596656029,-0
0.0357155025147321,-0
0.0357170454022102,-0
0.0357185883280622,-0
0.0357201312946626,-0
0.0357216743010449,-0
0.0357232173457432,-0
0.0357247604303846,-0
0.0357263035524045,-0
0.0357278467140303,-0
0.0357293899172556,-0
0.0357309331590321,-0
0.0357324764404067,-0
0.0357340197611134,-0
0.0357355631198446,-0
0.035737106519339,-0
0.0357386499570436,-0
0.0357401934346749,-0
0.035741736951317,-0
0.0357432805070924,-0
0.0357448241032762,-0
0.0357463677392151,-0
0.0357479114128611,-0
0.0357494551255164,-0
0.0357509988783122,-0
0.0357525426737469,-0
0.0357540865068249,-0
0.0357556303786316,-0
0.0357571742907053,-0
0.0357587182419935,-0
0.0357602622319849,-0
0.0357618062620795,-0
0.0357633503320836,-0
0.0357648944427492,-0
0.0357664385923196,-0
0.0357679827811287,-0
0.0357695270112005,-0
0.0357710712791064,-0
0.0357726155862418,-0
0.0357741599327458,-0
0.0357757043189186,-0
0.0357772487441738,-0
0.0357787932100447,-0
0.0357803377166286,-0
0.0357818822619677,-0
0.035783426846134,-0
0.0357849714690829,-0
0.035786516133673,-0
0.0357880608372066,-0
0.0357896055806755,-0
0.0357911503636558,-0
0.0357926951876951,-0
0.0357942400511335,-0
0.0357957849547712,-0
0.0357973298952439,-0
0.0357988748773065,-0
0.0358004199003961,-0
0.0358019649622782,-0
0.0358035100663752,-0
0.0358050552075037,-0
0.035806600388272,-0
0.0358081456079968,-0
0.035809690868389,-0
0.0358112361692494,-0
0.0358127815100814,-0
0.0358143268896724,-0
0.0358158723094608,-0
0.0358174177685968,-0
0.0358189632680979,-0
0.0358205088085929,-0
0.0358220543887924,-0
0.0358236000074444,-0
0.0358251456667983,-0
0.0358266913656911,-0
0.0358282371050804,-0
0.035829782884066,-0
0.0358313287037052,-0
0.0358328745627698,-0
0.0358344204607165,-0
0.0358359663988603,-0
0.0358375123779358,-0
0.035839058396219,-0
0.0358406044551389,-0
0.0358421505538388,-0
0.0358436966937551,-0
0.0358452428730992,-0
0.0358467890931479,-0
0.035848335351856,-0
0.0358498816513861,-0
0.0358514279898692,-0
0.0358529743689755,-0
0.0358545207887117,-0
0.0358560672468649,-0
0.035857613746559,-0
0.0358591602853011,-0
0.0358607068639327,-0
0.0358622534845005,-0
0.0358638001447396,-0
0.0358653468452405,-0
0.0358668935849232,-0
0.035868440364699,-0
0.035869987184725,-0
0.0358715340451768,-0
0.0358730809471187,-0
0.0358746278880474,-0
0.0358761748687444,-0
0.0358777218892209,-0
0.0358792689517874,-0
0.0358808160537725,-0
0.0358823631974977,-0
0.0358839103804936,-0
0.0358854576029499,-0
0.035887004866521,-0
0.0358885521707267,-0
0.0358900995145152,-0
0.0358916468980017,-0
0.0358931943231567,-0
0.0358947417901761,-0
0.0358962892957361,-0
0.0358978368418918,-0
0.0358993844292992,-0
0.0359009320554772,-0
0.0359024797228021,-0
0.0359040274295043,-0
0.0359055751743959,-0
0.0359071229631601,-0
0.0359086707908624,-0
0.0359102186585992,-0
0.0359117665679089,-0
0.0359133145162506,-0
0.0359148625047963,-0
0.0359164105346465,-0
0.0359179586047369,-0
0.0359195067160149,-0
0.0359210548666266,-0
0.0359226030589693,-0
0.0359241512918447,-0
0.0359256995647647,-0
0.0359272478773506,-0
0.0359287962307087,-0
0.0359303446252817,-0
0.0359318930599182,-0
0.035933441535251,-0
0.0359349900518719,-0
0.0359365386089651,-0
0.0359380872055776,-0
0.0359396358443182,-0
0.0359411845219013,-0
0.0359427332402247,-0
0.0359442820015467,-0
0.035945830801537,-0
0.0359473796433645,-0
0.035948928525078,-0
0.0359504774482874,-0
0.035952026411084,-0
0.0359535754154517,-0
0.0359551244614232,-0
0.0359566735467208,-0
0.0359582226715335,-0
0.0359597718375591,-0
0.0359613210452665,-0
0.0359628702939282,-0
0.035964419582419,-0
0.0359659689121322,-0
0.0359675182822569,-0
0.0359690676924317,-0
0.0359706171434492,-0
0.0359721666370563,-0
0.0359737161712492,-0
0.0359752657454823,-0
0.0359768153604918,-0
0.0359783650151588,-0
0.0359799147116729,-0
0.0359814644488942,-0
0.0359830142268571,-0
0.0359845640462036,-0
0.0359861139053586,-0
0.0359876638063696,-0
0.0359884624354102,-0
0.0359892610644508,-0
0.0359901516507467,-0
0.0359916909193681,-0
0.0359932276471453,-0
0.0359947809772022,-0
0.035996335067388,-0
0.035997889165247,-0
0.0359994428459852,-0
0.0360009961151425,-0
0.0360025490213227,-0
0.036004101618095,-0
0.0360056539499458,-0
0.0360072060627856,-0
0.0360087579914005,-0
0.0360103097677535,-0
0.0360118614196342,-0
0.0360134129705988,-0
0.0360149644398583,-0
0.0360165158476854,-0
0.0360174562745944,-0
0.0360183967015035,-0
0.036019454327195,-0
0.0360209968632961,-0
0.0360225388887438,-0
0.0360240934159478,-0
0.0360256484274995,-0
0.0360272033358993,-0
0.0360287578293057,-0
0.0360303119291266,-0
0.0360318656824293,-0
0.0360334191434272,-0
0.0360349723598823,-0
0.0360365253725687,-0
0.0360380782150803,-0
0.0360396309198678,-0
0.0360411835135046,-0
0.0360427360158263,-0
0.0360442884510351,-0
0.0360458408341527,-0
0.0360473931822465,-0
0.0360489455062137,-0
0.0360504978187235,-0
0.0360520501264724,-0
0.0360536024398212,-0
0.0360551547681732,-0
0.0360567071147426,-0
0.0360582594877376,-0
0.0360598118890941,-0
0.0360613643241878,-0
0.0360629167955209,-0
0.0360644693092807,-0
0.036066021866203,-0
0.036067574469094,-0
0.0360691271184201,-0
0.0360706798167586,-0
0.0360722325659478,-0
0.0360737853680004,-0
0.0360753382221365,-0
0.0360768911301697,-0
0.0360784440940655,-0
0.0360799971136072,-0
0.0360815501893314,-0
0.0360831033222528,-0
0.0360846565122697,-0
0.0360862097612881,-0
0.0360877630694544,-0
0.0360893164350322,-0
0.0360908698592279,-0
0.0360924233421177,-0
0.0360939768849958,-0
0.0360955304871877,-0
0.0360970841506303,-0
0.0360986378736666,-0
0.0361001916554069,-0
0.0361017454978655,-0
0.0361032993999053,-0
0.0361048533641222,-0
0.0361064073879463,-0
0.0361079614719185,-0
0.0361095156164607,-0
0.0361110698206296,-0
0.0361126240872778,-0
0.0361141784131506,-0
0.0361157328007164,-0
0.0361172872490399,-0
0.0361188417568967,-0
0.036120396326437,-0
0.0361219509577758,-0
0.0361235056485836,-0
0.0361250604016804,-0
0.0361266152152634,-0
0.0361281700888762,-0
0.0361297250243826,-0
0.0361312800213431,-0
0.0361328350772385,-0
0.0361343901953053,-0
0.0361359453750634,-0
0.0361375006165015,-0
0.0361390559181453,-0
0.0361406112805966,-0
0.0361421667042885,-0
0.0361437221897045,-0
0.036145277736626,-0
0.0361468333441667,-0
0.0361483890126775,-0
0.036149944742527,-0
0.0361515005343384,-0
0.0361530563867774,-0
0.0361546123006587,-0
0.0361561682754356,-0
0.036157724312078,-0
0.0361592804089965,-0
0.0361608365675704,-0
0.0361623927872974,-0
0.0361639490679108,-0
0.0361655054102889,-0
0.0361670618140713,-0
0.0361686182784064,-0
0.0361701748038882,-0
0.0361717313913137,-0
0.0361732880398754,-0
0.0361748447514537,-0
0.0361764015221859,-0
0.0361779583545855,-0
0.036179515249141,-0
0.0361810722049999,-0
0.0361826292226772,-0
0.036184186301349,-0
0.036185743442778,-0
0.0361873006463715,-0
0.0361888579105231,-0
0.0361904152348424,-0
0.0361919726210374,-0
0.0361935300696179,-0
0.0361950875779161,-0
0.0361966451494258,-0
0.0361982027810302,-0
0.0361997604746125,-0
0.0362013182292172,-0
0.0362028760461734,-0
0.0362044339241949,-0
0.0362059918654384,-0
0.0362075498668555,-0
0.0362091079298217,-0
0.0362106660559156,-0
0.0362122242423332,-0
0.0362137824901893,-0
0.0362153408005614,-0
0.0362168991739363,-0
0.0362184576070528,-0
0.0362200161012755,-0
0.036221574657647,-0
0.036223133275468,-0
0.0362246919554369,-0
0.0362262506983754,-0
0.0362278095020378,-0
0.0362293683688091,-0
0.0362309272960661,-0
0.0362324862849203,-0
0.0362340453365777,-0
0.0362356044489799,-0
0.0362371636256923,-0
0.036238722862573,-0
0.0362402821602061,-0
0.0362418415208008,-0
0.0362434009438156,-0
0.0362449604276269,-0
0.0362465199735317,-0
0.036248079582535,-0
0.0362496392525298,-0
0.0362511989841769,-0
0.0362527587784541,-0
0.0362543186347331,-0
0.0362558785534189,-0
0.0362574385329578,-0
0.0362589985747488,-0
0.0362605586783518,-0
0.0362621188442979,-0
0.0362636790740949,-0
0.0362652393634932,-0
0.0362667997172123,-0
0.0362683601329633,-0
0.0362699206088088,-0
0.0362714811486065,-0
0.0362730417499672,-0
0.0362746024121489,-0
0.0362761631374141,-0
0.0362777239230848,-0
0.0362792847719195,-0
0.0362808456830051,-0
0.0362824066575092,-0
0.0362839676939137,-0
0.0362855287911417,-0
0.0362870899520679,-0
0.0362886511746688,-0
0.0362902124597761,-0
0.0362917738071425,-0
0.0362933352173474,-0
0.0362948966893515,-0
0.0362964582234996,-0
0.0362980198197257,-0
0.036299581477338,-0
0.0363011431976929,-0
0.0363027049806626,-0
0.0363042668269437,-0
0.0363058287357155,-0
0.0363073907065387,-0
0.0363089527378556,-0
0.0363105148323857,-0
0.0363120769891719,-0
0.0363136392103999,-0
0.0363152014934975,-0
0.0363167638379069,-0
0.0363183262457406,-0
0.0363198887138833,-0
0.0363214512468192,-0
0.0363230138406669,-0
0.036324576497271,-0
0.0363261392181873,-0
0.0363277019998605,-0
0.0363292648432295,-0
0.0363308277511683,-0
0.0363323907216129,-0
0.0363339537539309,-0
0.0363355168484245,-0
0.0363370800065206,-0
0.0363386432270921,-0
0.0363402065098699,-0
0.0363417698549828,-0
0.0363433332633774,-0
0.0363448967341207,-0
0.0363464602693473,-0
0.0363480238657998,-0
0.0363495875248418,-0
0.036351151246028,-0
0.0363527150304221,-0
0.0363542788774577,-0
0.0363558427883382,-0
0.0363574067624769,-0
0.0363589707989754,-0
0.0363605348973235,-0
0.0363620990580793,-0
0.0363636632813393,-0
0.0363652275694869,-0
0.0363667919179904,-0
0.0363683563316409,-0
0.0363699208069404,-0
0.0363714853447978,-0
0.036373049945154,-0
0.036374614608758,-0
0.0363761793352346,-0
0.0363777441261386,-0
0.0363793089789323,-0
0.0363808738933321,-0
0.0363824388715313,-0
0.0363840039128691,-0
0.0363855690174142,-0
0.0363871341849637,-0
0.0363886994163343,-0
0.0363902647086716,-0
0.0363918300650828,-0
0.0363933954848246,-0
0.0363949609658652,-0
0.0363965265126261,-0
0.0363980921212797,-0
0.0363996577922137,-0
0.0364012235257389,-0
0.0364027893240417,-0
0.0364043551845884,-0
0.0364059211084967,-0
0.0364074870965633,-0
0.0364090531465195,-0
0.0364106192592432,-0
0.0364121854352983,-0
0.0364137516733881,-0
0.0364153179757162,-0
0.0364168843414556,-0
0.0364184507719404,-0
0.0364200172654409,-0
0.0364215838224629,-0
0.0364231504413612,-0
0.0364247171229326,-0
0.0364262838685949,-0
0.0364278506786304,-0
0.0364294175515596,-0
0.0364309844879472,-0
0.0364325514880966,-0
0.0364341185507158,-0
0.0364356856758618,-0
0.0364372528646583,-0
0.0364388201184735,-0
0.0364403874338212,-0
0.0364419548123628,-0
0.0364435222550791,-0
0.0364450897618003,-0
0.0364466573302252,-0
0.0364482249638008,-0
0.0364497926604589,-0
0.0364513604204428,-0
0.0364529282421283,-0
0.0364544961280779,-0
0.0364560640789684,-0
0.0364576320930776,-0
0.0364592001710487,-0
0.0364607683126126,-0
0.0364623365165461,-0
0.0364639047842917,-0
0.0364654731156884,-0
0.0364670415111146,-0
0.0364686099702543,-0
0.0364701784923575,-0
0.036471747078532,-0
0.0364733157284351,-0
0.0364748844400684,-0
0.0364764532164209,-0
0.0364780220569478,-0
0.0364795909626057,-0
0.0364811599285251,-0
0.0364827289598373,-0
0.0364842980560091,-0
0.0364858672144788,-0
0.0364874364383848,-0
0.0364890057241427,-0
0.0364905750741418,-0
0.0364921444872098,-0
0.0364937139638431,-0
0.0364952835065427,-0
0.036496853112651,-0
0.0364984227826657,-0
0.0364999925160428,-0
0.036501562313781,-0
0.0365031321747171,-0
0.0365047020976108,-0
0.0365062720874708,-0
0.0365078421399553,-0
0.0365094122559818,-0
0.0365109824361862,-0
0.0365125526792166,-0
0.0365141229868,-0
0.0365156933584603,-0
0.0365172637946046,-0
0.036518834294778,-0
0.0365204048597193,-0
0.036521975486839,-0
0.0365235461792531,-0
0.0365251169352222,-0
0.0365266877550869,-0
0.0365282586378535,-0
0.0365298295855406,-0
0.0365314005985099,-0
0.0365329716754079,-0
0.0365345428152556,-0
0.0365361140202601,-0
0.036537685289745,-0
0.0365392566229626,-0
0.0365408280213481,-0
0.0365423994810826,-0
0.0365439710074604,-0
0.0365455425962643,-0
0.0365471142507419,-0
0.0365486859682795,-0
0.0365502577491484,-0
0.0365518295958066,-0
0.0365534015054384,-0
0.0365549734785988,-0
0.0365565455187264,-0
0.0365581176226412,-0
0.0365596897897537,-0
0.0365612620229519,-0
0.0365628343195478,-0
0.0365644066799182,-0
0.0365659791059582,-0
0.0365675515951205,-0
0.0365691241472895,-0
0.0365706967643133,-0
0.0365722694478317,-0
0.0365738421955834,-0
0.0365754150070539,-0
0.0365769878821295,-0
0.0365785608223902,-0
0.0365801338277927,-0
0.0365817068959479,-0
0.0365832800298483,-0
0.0365848532265983,-0
0.0365864264900328,-0
0.036587999816825,-0
0.0365895732076706,-0
0.036591146663414,-0
0.0365927201833871,-0
0.0365942937674291,-0
0.0365958674152361,-0
0.0365974411295239,-0
0.0365990149074191,-0
0.0366005887517751,-0
0.0366021626583727,-0
0.0366037366307672,-0
0.0366053106694862,-0
0.0366068847712804,-0
0.0366084589369216,-0
0.0366100331677564,-0
0.036611607463904,-0
0.0366131818240496,-0
0.0366147562481486,-0
0.0366163307375767,-0
0.0366179052918076,-0
0.0366194799108007,-0
0.0366210545936559,-0
0.0366226293428155,-0
0.0366242041548092,-0
0.0366257790316714,-0
0.0366273539745382,-0
0.0366289289818682,-0
0.0366305040523103,-0
0.0366320791903688,-0
0.0366336543921129,-0
0.0366352296571414,-0
0.0366368049881823,-0
0.0366383803855703,-0
0.0366399558468304,-0
0.036641531373217,-0
0.0366431069640595,-0
0.036644682619476,-0
0.0366462583413688,-0
0.036647834127539,-0
0.0366494099791202,-0
0.0366509858951114,-0
0.0366525618762525,-0
0.036654137923101,-0
0.036655714033309,-0
0.0366572902090892,-0
0.0366588664492712,-0
0.0366604427556071,-0
0.0366620191267429,-0
0.0366635955629023,-0
0.0366651720646707,-0
0.0366667486294347,-0
0.0366683252587128,-0
0.0366699019551103,-0
0.0366714787165614,-0
0.0366730555432092,-0
0.0366746324350292,-0
0.036676209392809,-0
0.036677786415351,-0
0.0366793635035449,-0
0.0366809406562372,-0
0.036682517873174,-0
0.0366840951557536,-0
0.0366856725052341,-0
0.0366872499183998,-0
0.036688827396744,-0
0.0366904049415312,-0
0.0366919825512588,-0
0.0366935602258461,-0
0.036695137966038,-0
0.0366967157698423,-0
0.0366982936404214,-0
0.0366998715763762,-0
0.0367014495779259,-0
0.0367030276452621,-0
0.0367046057774279,-0
0.0367061839740139,-0
0.0367077622371764,-0
0.0367093405659882,-0
0.0367109189589131,-0
0.0367124974175482,-0
0.0367140759429009,-0
0.0367156545328711,-0
0.036717233187672,-0
0.0367188119080028,-0
0.036720390694023,-0
0.0367219695448193,-0
0.036723548463134,-0
0.0367251274464125,-0
0.0367267064955288,-0
0.0367282856086981,-0
0.0367298647877382,-0
0.0367314440317741,-0
0.0367330233434822,-0
0.0367346027184942,-0
0.0367361821592628,-0
0.0367377616667141,-0
0.0367393412400323,-0
0.0367409208792622,-0
0.0367425005850357,-0
0.0367440803555581,-0
0.0367456601922292,-0
0.0367472400929832,-0
0.036748820059765,-0
0.0367504000909474,-0
0.0367519801889984,-0
0.0367535603539056,-0
0.0367551405839221,-0
0.036756720879728,-0
0.0367583012414962,-0
0.0367598816675171,-0
0.0367614621612303,-0
0.0367630427215315,-0
0.036764623347807,-0
0.0367662040384341,-0
0.0367677847956205,-0
0.0367693656175446,-0
0.0367709465059817,-0
0.0367725274606885,-0
0.0367741084811228,-0
0.0367756895673073,-0
0.0367772707189802,-0
0.0367788519368214,-0
0.036780433219558,-0
0.0367820145696708,-0
0.0367835959868927,-0
0.0367851774702224,-0
0.0367867590178823,-0
0.0367883406314715,-0
0.0367899223108013,-0
0.0367915040570948,-0
0.0367930858693927,-0
0.0367946677469229,-0
0.0367962496913901,-0
0.0367978317005651,-0
0.0367994137777096,-0
0.036800995918542,-0
0.0368025781285581,-0
0.036804160401102,-0
0.036805742741805,-0
0.0368073251481503,-0
0.0368089076211431,-0
0.0368104901593202,-0
0.0368120727640533,-0
0.0368136554344037,-0
0.0368152381710825,-0
0.0368168209763184,-0
0.0368184038462982,-0
0.0368199867841867,-0
0.0368215697869637,-0
0.0368231528551131,-0
0.0368247359913011,-0
0.0368263191936377,-0
0.0368279024630624,-0
0.0368294857968224,-0
0.0368310691980024,-0
0.036832652663633,-0
0.0368342361969777,-0
0.0368358197966918,-0
0.0368374034626503,-0
0.0368389871954667,-0
0.0368405709935508,-0
0.0368421548597032,-0
0.0368437387906278,-0
0.0368453227885009,-0
0.0368469068534498,-0
0.0368484909840441,-0
0.0368500751801158,-0
0.0368516594427122,-0
0.0368532437736956,-0
0.0368548281690565,-0
0.036856412630917,-0
0.0368579971603822,-0
0.0368595817551364,-0
0.036861166419977,-0
0.0368627511475161,-0
0.0368643359439525,-0
0.0368659208062824,-0
0.0368675057363875,-0
0.0368690907329586,-0
0.0368706757959973,-0
0.0368722609250746,-0
0.0368738461215019,-0
0.0368754313836826,-0
0.0368770167139148,-0
0.0368786021100831,-0
0.0368801875702594,-0
0.0368817730990274,-0
0.03688335869554,-0
0.0368849443570379,-0
0.036886530086546,-0
0.0368881158813046,-0
0.0368897017439142,-0
0.0368912876732838,-0
0.0368928736700484,-0
0.0368944597312647,-0
0.0368960458601248,-0
0.0368976320567659,-0
0.0368992183216106,-0
0.0369008046518004,-0
0.0369023910479547,-0
0.036903977511962,-0
0.0369055640437678,-0
0.0369071506423627,-0
0.0369087373071287,-0
0.0369103240391135,-0
0.0369119108385476,-0
0.0369134977045915,-0
0.0369150846362339,-0
0.0369166716340515,-0
0.0369182586996611,-0
0.0369198458323257,-0
0.036921433032906,-0
0.0369230203013614,-0
0.0369246076360587,-0
0.0369261950398994,-0
0.0369277825085617,-0
0.0369293700439942,-0
0.0369309576461855,-0
0.0369325453158961,-0
0.0369341330517909,-0
0.0369357208563975,-0
0.0369373087285861,-0
0.0369388966668529,-0
0.0369404846742543,-0
0.0369420727464607,-0
0.0369436608852943,-0
0.036945249092505,-0
0.0369468373654824,-0
0.0369484257071507,-0
0.0369500141155103,-0
0.0369516025917399,-0
0.0369531911344304,-0
0.0369547797438543,-0
0.0369563684203878,-0
0.0369579571669486,-0
0.0369595459791817,-0
0.0369611348582537,-0
0.0369627238036241,-0
0.0369643128174493,-0
0.0369659019001713,-0
0.0369674910494942,-0
0.0369690802661579,-0
0.0369706695503915,-0
0.0369722589009508,-0
0.0369738483190823,-0
0.0369754378043167,-0
0.036977027357278,-0
0.0369786169788887,-0
0.0369802066672486,-0
0.0369817964230933,-0
0.0369833862465582,-0
0.0369849761372654,-0
0.0369865660942935,-0
0.0369881561205575,-0
0.0369897462126707,-0
0.0369913363730751,-0
0.0369929266008302,-0
0.0369945168955038,-0
0.0369961072589853,-0
0.036997697690445,-0
0.0369992881902912,-0
0.0370008787557882,-0
0.0370024693894171,-0
0.0370040600910217,-0
0.0370056508610171,-0
0.0370072416973913,-0
0.0370088326003518,-0
0.0370104235722191,-0
0.0370120146116031,-0
0.0370136057194313,-0
0.0370151968952555,-0
0.0370167881385069,-0
0.0370183794481593,-0
0.0370199708270789,-0
0.0370215622718166,-0
0.0370231537845206,-0
0.0370247453653951,-0
0.0370263370143047,-0
0.0370279287319206,-0
0.0370295205168292,-0
0.037031112370339,-0
0.0370327042915063,-0
0.0370342962789913,-0
0.0370358883347822,-0
0.0370374804582731,-0
0.0370390726493685,-0
0.0370406649092477,-0
0.0370422572362333,-0
0.0370438496314804,-0
0.0370454420959645,-0
0.0370470346271487,-0
0.0370486272272416,-0
0.0370502198949379,-0
0.0370518126309525,-0
0.037053405434447,-0
0.0370549983059791,-0
0.0370565912459124,-0
0.0370581842520448,-0
0.0370597773272634,-0
0.0370613704707187,-0
0.0370629636822344,-0
0.0370645569611556,-0
0.037066150308246,-0
0.0370677437240543,-0
0.0370693372083237,-0
0.0370709307600761,-0
0.0370725243803821,-0
0.0370741180689254,-0
0.0370757118255312,-0
0.0370773056500314,-0
0.0370788995434784,-0
0.0370804935044616,-0
0.0370820875348719,-0
0.0370836816325285,-0
0.0370852757994241,-0
0.0370868700333451,-0
0.0370884643352065,-0
0.0370900587069478,-0
0.0370916531448343,-0
0.0370932476513915,-0
0.0370948422255103,-0
0.0370964368693208,-0
0.037098031580789,-0
0.0370996263609531,-0
0.0371012212082741,-0
0.0371028161254897,-0
0.0371044111090388,-0
0.0371060061620295,-0
0.0371076012847793,-0
0.0371091964757887,-0
0.0371107917350604,-0
0.0371123870638363,-0
0.0371139824584253,-0
0.0371155779225196,-0
0.0371171734548388,-0
0.037118769056353,-0
0.0371203647273394,-0
0.0371219604657479,-0
0.0371235562722697,-0
0.0371251521478041,-0
0.0371267480917173,-0
0.0371283441060288,-0
0.0371299401883769,-0
0.0371315363382802,-0
0.0371331325567042,-0
0.0371347288430972,-0
0.0371363251990479,-0
0.0371379216233598,-0
0.0371395181168264,-0
0.0371411146801871,-0
0.0371427113106385,-0
0.0371443080091364,-0
0.0371459047745654,-0
0.0371475016117276,-0
0.0371490985168857,-0
0.0371506954892257,-0
0.0371522925320505,-0
0.0371538896426838,-0
0.0371554868220097,-0
0.0371570840720734,-0
0.0371586813904378,-0
0.0371602787772888,-0
0.0371618762319295,-0
0.0371634737556539,-0
0.0371650713485271,-0
0.0371666690099934,-0
0.0371682667402691,-0
0.0371698645388066,-0
0.037171462407218,-0
0.0371730603439923,-0
0.037174658350774,-0
0.0371762564262689,-0
0.0371778545708643,-0
0.0371794527844638,-0
0.0371810510653779,-0
0.0371826494161905,-0
0.0371842478345875,-0
0.0371858463243675,-0
0.0371874448827144,-0
0.0371890435091992,-0
0.0371906422045087,-0
0.0371922409686908,-0
0.0371938398019371,-0
0.0371954387044202,-0
0.0371970376769776,-0
0.0371986367193293,-0
0.0372002358290629,-0
0.0372018350102043,-0
0.0372034342578976,-0
0.0372050335752982,-0
0.0372066329621418,-0
0.0372082324163725,-0
0.0372098319413806,-0
0.0372114315354174,-0
0.0372130311982899,-0
0.0372146309324621,-0
0.0372162307340701,-0
0.037217830605315,-0
0.0372194305462862,-0
0.0372210305563187,-0
0.0372226306349069,-0
0.0372242307825691,-0
0.0372258310013478,-0
0.0372274312885238,-0
0.0372290316448123,-0
0.0372306320695787,-0
0.0372322325631388,-0
0.0372338331260122,-0
0.037235433760104,-0
0.0372370344639416,-0
0.0372386352367932,-0
0.0372402360787523,-0
0.0372418369896696,-0
0.0372434379697077,-0
0.0372450390206662,-0
0.0372466401381517,-0
0.0372482413276259,-0
0.0372498425842679,-0
0.0372514439113472,-0
0.0372530453090073,-0
0.0372546467761789,-0
0.0372562483138782,-0
0.0372578499178489,-0
0.0372594515935011,-0
0.0372610533378217,-0
0.0372626551528976,-0
0.0372642570359232,-0
0.0372658589892906,-0
0.0372674610125434,-0
0.0372690631058705,-0
0.0372706652685052,-0
0.0372722675015765,-0
0.0372738698026338,-0
0.037275472173518,-0
0.0372770746153397,-0
0.037278677126842,-0
0.0372802797069006,-0
0.0372818823569796,-0
0.0372834850769098,-0
0.0372850878660446,-0
0.0372866907263714,-0
0.0372882936566349,-0
0.0372898966549157,-0
0.0372914997221204,-0
0.0372931028601783,-0
0.0372947060681353,-0
0.0372963093459794,-0
0.0372979126945506,-0
0.0372995161126632,-0
0.0373011195994305,-0
0.03730272315719,-0
0.0373043267836364,-0
0.0373059304814043,-0
0.0373075342495885,-0
0.0373091380852943,-0
0.0373107419922471,-0
0.0373123459694333,-0
0.0373139500163306,-0
0.0373155541336508,-0
0.0373171583221762,-0
0.0373187625793176,-0
0.0373203669065882,-0
0.0373219713028309,-0
0.0373235757695561,-0
0.03732518030682,-0
0.0373267849139978,-0
0.0373283895910409,-0
0.0373299943387081,-0
0.0373315991553826,-0
0.0373332040418138,-0
0.0373348089986255,-0
0.0373364140266263,-0
0.0373380191248539,-0
0.0373396242917536,-0
0.0373412295285647,-0
0.0373428348370336,-0
0.0373444402143955,-0
0.037346045662267,-0
0.0373476511817889,-0
0.0373492567719348,-0
0.0373508624320943,-0
0.0373524681621714,-0
0.0373540739616297,-0
0.0373556798317295,-0
0.037357285771944,-0
0.0373588917811217,-0
0.0373604978614392,-0
0.0373621040124648,-0
0.0373637102350817,-0
0.0373653165263511,-0
0.0373669228865158,-0
0.0373685293196904,-0
0.03737013582187,-0
0.0373717423947104,-0
0.0373733490375781,-0
0.0373749557506153,-0
0.0373765625349556,-0
0.0373781693902169,-0
0.0373797763142047,-0
0.0373813833098556,-0
0.0373829903753437,-0
0.0373845975109864,-0
0.0373862047178005,-0
0.0373878119959868,-0
0.0373894193446862,-0
0.0373910267633396,-0
0.0373926342525011,-0
0.0373942418111246,-0
0.0373958494411609,-0
0.0373974571422952,-0
0.037399064913781,-0
0.0374006727564656,-0
0.0374022806699641,-0
0.0374038886540398,-0
0.0374054967080664,-0
0.0374071048310656,-0
0.0374087130275476,-0
0.0374103212929787,-0
0.0374119296281422,-0
0.0374135380345576,-0
0.0374151465135174,-0
0.037416755062356,-0
0.0374183636823811,-0
0.0374199723735556,-0
0.0374215811350596,-0
0.0374231899664662,-0
0.037424798870484,-0
0.0374264078455584,-0
0.0374280168904543,-0
0.0374296260051584,-0
0.037431235190958,-0
0.0374328444479672,-0
0.0374344537758699,-0
0.037436063174396,-0
0.0374376726442129,-0
0.0374392821849272,-0
0.0374408917968336,-0
0.0374425014783322,-0
0.0374441112316797,-0
0.0374457210566261,-0
0.0374473309522431,-0
0.0374489409180223,-0
0.0374505509557532,-0
0.0374521610630937,-0
0.0374537712424591,-0
0.0374553814930885,-0
0.0374569918145165,-0
0.0374586022066531,-0
0.0374602126704075,-0
0.037461823205821,-0
0.0374634338102594,-0
0.0374650444874642,-0
0.0374666552351429,-0
0.0374682660542437,-0
0.0374698769428859,-0
0.0374714879045138,-0
0.0374730989370989,-0
0.0374747100398008,-0
0.037476321214399,-0
0.0374779324610626,-0
0.0374795437766144,-0
0.0374811551658077,-0
0.0374827666248162,-0
0.0374843781557105,-0
0.0374859897555824,-0
0.0374876014279934,-0
0.0374892131724055,-0
0.0374908249884573,-0
0.0374924368750025,-0
0.0374940488340768,-0
0.0374956608630109,-0
0.0374972729629484,-0
0.0374988851364154,-0
0.0375004973794548,-0
0.037502109694077,-0
0.0375037220809975,-0
0.0375053345384051,-0
0.0375069470681758,-0
0.0375085596682105,-0
0.0375101723399388,-0
0.0375117850837154,-0
0.0375133978978576,-0
0.0375150107846836,-0
0.0375166237411599,-0
0.0375182367701445,-0
0.0375198498703481,-0
0.0375214630428625,-0
0.0375230762871546,-0
0.0375246896021662,-0
0.0375263029890812,-0
0.0375279164474465,-0
0.0375295299775386,-0
0.0375311435799121,-0
0.0375327572534378,-0
0.0375343709981399,-0
0.0375359848141534,-0
0.0375375987026365,-0
0.0375392126620893,-0
0.0375408266942109,-0
0.0375424407972194,-0
0.0375440549733018,-0
0.0375456692199562,-0
0.0375472835386092,-0
0.0375488979295186,-0
0.0375505123908745,-0
0.0375521269244686,-0
0.0375537415297475,-0
0.0375553562067141,-0
0.0375569709547,-0
0.0375585857762058,-0
0.0375602006687536,-0
0.0375618156316655,-0
0.037563430668735,-0
0.0375650457767001,-0
0.0375666609569065,-0
0.0375682762076278,-0
0.037569891531171,-0
0.0375715069269343,-0
0.0375731223936717,-0
0.0375747379319438,-0
0.0375763535430618,-0
0.0375779692258147,-0
0.0375795849818875,-0
0.0375812008079051,-0
0.0375828167059112,-0
0.0375844326776437,-0
0.037586048719859,-0
0.0375876648343198,-0
0.0375892810212603,-0
0.0375908972808377,-0
0.0375925136116672,-0
0.0375941300150472,-0
0.0375957464898145,-0
0.0375973630351435,-0
0.0375989796534242,-0
0.0376005963447322,-0
0.0376022131077538,-0
0.0376038299430005,-0
0.0376054468507115,-0
0.0376070638303976,-0
0.0376086808830049,-0
0.037610298008499,-0
0.0376119152043818,-0
0.0376135324725513,-0
0.0376151498139333,-0
0.0376167672273897,-0
0.0376183847130449,-0
0.0376200022706331,-0
0.0376216199019093,-0
0.0376232376046599,-0
0.0376248553788393,-0
0.0376264732247656,-0
0.037628091145401,-0
0.037629709134536,-0
0.0376313271987656,-0
0.03763294533427,-0
0.037634563542967,-0
0.0376361818241216,-0
0.0376378001782792,-0
0.0376394186045807,-0
0.0376410371041456,-0
0.0376426556757031,-0
0.0376442743194571,-0
0.0376458930352124,-0
0.037647511823568,-0
0.0376491306833099,-0
0.0376507496155092,-0
0.0376523686202271,-0
0.0376539876969502,-0
0.0376556068470847,-0
0.0376572260684904,-0
0.0376588453649374,-0
0.0376604647335811,-0
0.0376620841748402,-0
0.0376637036873065,-0
0.037665323273111,-0
0.0376669429313853,-0
0.0376685626613245,-0
0.0376701824641281,-0
0.0376718023382767,-0
0.0376734222875233,-0
0.0376750423076511,-0
0.0376766624017192,-0
0.0376782825687523,-0
0.0376799028086762,-0
0.0376815231199558,-0
0.0376831435053754,-0
0.0376847639625877,-0
0.0376863844944588,-0
0.0376880050982086,-0
0.0376896257740704,-0
0.037691246522821,-0
0.0376928673446063,-0
0.037694488239169,-0
0.0376961092075839,-0
0.0376977302478056,-0
0.0376993513615177,-0
0.0377009725478345,-0
0.0377025938070171,-0
0.0377042151371905,-0
0.0377058365423896,-0
0.0377074580192787,-0
0.0377090795696514,-0
0.0377107011925628,-0
0.0377123228886763,-0
0.0377139446575757,-0
0.0377155664997171,-0
0.0377171884153965,-0
0.0377188104038551,-0
0.0377204324667432,-0
0.037722054600933,-0
0.0377236768086467,-0
0.0377252990890626,-0
0.0377269214422077,-0
0.0377285438701319,-0
0.03773016637106,-0
0.037731788945441,-0
0.0377334115916999,-0
0.0377350343121358,-0
0.037736657105581,-0
0.0377382799714708,-0
0.03773990291032,-0
0.0377415259213802,-0
0.0377431490062999,-0
0.0377447721641555,-0
0.037746395394662,-0
0.0377480187003239,-0
0.0377496420780773,-0
0.0377512655297069,-0
0.0377528890540584,-0
0.0377545126529529,-0
0.0377561363224728,-0
0.0377577600663197,-0
0.0377593838855456,-0
0.0377610077779306,-0
0.0377626317418679,-0
0.0377642557799182,-0
0.0377658798905428,-0
0.0377675040744872,-0
0.0377691283328682,-0
0.0377707526635874,-0
0.037772377068814,-0
0.0377740015464034,-0
0.0377756260975295,-0
0.0377772507229264,-0
0.0377788754215978,-0
0.0377805001921363,-0
0.037782125037384,-0
0.0377837499581519,-0
0.0377853749506887,-0
0.0377870000165266,-0
0.0377886251558105,-0
0.0377902503690965,-0
0.0377918756561871,-0
0.037793501016868,-0
0.037795126450958,-0
0.037796751958522,-0
0.0377983775389015,-0
0.0378000031941055,-0
0.0378016289219591,-0
0.0378032547243183,-0
0.0378048805999915,-0
0.0378065065484604,-0
0.0378081325720183,-0
0.0378097586673761,-0
0.0378113848381173,-0
0.0378130110835378,-0
0.0378146374004207,-0
0.0378162637918852,-0
0.0378178902573105,-0
0.0378195167948252,-0
0.0378211434080647,-0
0.0378227700956635,-0
0.0378243968565779,-0
0.0378260236909647,-0
0.0378276505992781,-0
0.0378292775821887,-0
0.0378309046372733,-0
0.0378325317681123,-0
0.0378341589717315,-0
0.0378357862487998,-0
0.0378374136003225,-0
0.0378390410261385,-0
0.037840668525481,-0
0.0378422960990827,-0
0.0378439237463432,-0
0.0378455514666507,-0
0.037847179262285,-0
0.0378488071314968,-0
0.0378504350757867,-0
0.0378520630930078,-0
0.0378536911840528,-0
0.0378553193494507,-0
0.0378569475879833,-0
0.0378585759010212,-0
0.0378602042879803,-0
0.0378618327501171,-0
0.0378634612846663,-0
0.0378650898931927,-0
0.0378667185769586,-0
0.0378683473344677,-0
0.0378699761661794,-0
0.0378716050735465,-0
0.0378732340536353,-0
0.0378748631085266,-0
0.0378764922368354,-0
0.0378781214394016,-0
0.037879750716564,-0
0.0378813800668758,-0
0.0378830094925792,-0
0.037884638991828,-0
0.0378862685672841,-0
0.0378878982170363,-0
0.0378895279406425,-0
0.037891157737063,-0
0.0378927876075584,-0
0.0378944175532896,-0
0.0378960475733142,-0
0.037897677668235,-0
0.0378993078356771,-0
0.0379009380795693,-0
0.03790256839594,-0
0.0379041987878865,-0
0.0379058292546276,-0
0.0379074597968368,-0
0.0379090904115642,-0
0.0379107211017192,-0
0.0379123518671184,-0
0.0379139827060209,-0
0.0379156136198937,-0
0.0379172446070713,-0
0.0379188756700078,-0
0.037920506807921,-0
0.0379221380204933,-0
0.037923769305098,-0
0.0379254006659505,-0
0.0379270321012273,-0
0.0379286636107969,-0
0.0379302951952584,-0
0.0379319268536814,-0
0.0379335585875665,-0
0.0379351903971509,-0
0.0379368222798818,-0
0.0379384542381051,-0
0.0379400862701938,-0
0.0379417183775715,-0
0.0379433505587945,-0
0.0379449828147149,-0
0.0379466151462041,-0
0.0379482475514402,-0
0.0379498800323965,-0
0.0379515125881961,-0
0.0379531452182784,-0
0.0379547779234092,-0
0.0379564107024356,-0
0.0379580435577398,-0
0.0379596764867219,-0
0.0379613094907573,-0
0.0379629425701413,-0
0.0379645757235924,-0
0.0379662089516653,-0
0.0379678422557891,-0
0.0379694756342742,-0
0.0379711090882806,-0
0.0379727426158017,-0
0.0379743762188428,-0
0.0379760098974434,-0
0.0379776436517499,-0
0.0379792774798627,-0
0.0379809113847084,-0
0.0379825453638314,-0
0.0379841794177375,-0
0.0379858135460782,-0
0.0379874477493452,-0
0.0379890820281216,-0
0.0379907163821573,-0
0.0379923508098118,-0
0.0379939853147923,-0
0.0379956198936874,-0
0.037997254547038,-0
0.0379988892761919,-0
0.038000524081253,-0
0.0380021589608791,-0
0.0380037939148625,-0
0.038005428944474,-0
0.0380070640498422,-0
0.0380086992291399,-0
0.0380103344848674,-0
0.0380119698160059,-0
0.0380136052227797,-0
0.0380152407039627,-0
0.0380168762618565,-0
0.0380185118944087,-0
0.0380201476005323,-0
0.0380217833831321,-0
0.0380234192405627,-0
0.0380250551746429,-0
0.0380266911822243,-0
0.0380283272660172,-0
0.0380299634244175,-0
0.038031599658772,-0
0.0380332359669871,-0
0.0380348723513088,-0
0.0380365088132255,-0
0.0380381453482002,-0
0.038039781959123,-0
0.0380414186466466,-0
0.0380430554079886,-0
0.0380446922457808,-0
0.0380463291581006,-0
0.0380479661466386,-0
0.0380496032105268,-0
0.0380512403503076,-0
0.0380528775649624,-0
0.0380545148553072,-0
0.0380561522222209,-0
0.038057789664069,-0
0.0380594271813386,-0
0.0380610647753603,-0
0.0380627024434569,-0
0.0380643401880087,-0
0.038065978009575,-0
0.038067615905958,-0
0.0380692538776886,-0
0.0380708919239674,-0
0.038072530045759,-0
0.038074168244904,-0
0.0380758065181536,-0
0.0380774448683794,-0
0.0380790832936114,-0
0.0380807217949807,-0
0.038082360371871,-0
0.03808399902498,-0
0.0380856377540115,-0
0.038087276558885,-0
0.0380889154389989,-0
0.0380905543955193,-0
0.0380921934271794,-0
0.0380938325343292,-0
0.0380954717172933,-0
0.0380971109770938,-0
0.0380987503134327,-0
0.0381003897240465,-0
0.0381020292120936,-0
0.0381036687743887,-0
0.0381053084127831,-0
0.0381069481275483,-0
0.0381085879185438,-0
0.038110227785737,-0
0.0381118677283118,-0
0.038113507748729,-0
0.038115147844666,-0
0.0381167880161128,-0
0.0381184282635276,-0
0.0381200685865519,-0
0.0381217089856838,-0
0.0381233494601557,-0
0.0381249900119586,-0
0.0381266306384451,-0
0.0381282713428698,-0
0.0381299121235519,-0
0.038131552980141,-0
0.0381331939111041,-0
0.0381348349199937,-0
0.0381364760046041,-0
0.0381381171656832,-0
0.0381397584022384,-0
0.0381413997157103,-0
0.0381430411047886,-0
0.0381446825709498,-0
0.0381463241126063,-0
0.0381479657309412,-0
0.0381496074252325,-0
0.0381512491942265,-0
0.0381528910408805,-0
0.0381545329631824,-0
0.0381561749631775,-0
0.0381578170381271,-0
0.0381594591913957,-0
0.0381611014191194,-0
0.038162743724924,-0
0.0381643861076556,-0
0.0381660285660302,-0
0.0381676711004887,-0
0.0381693137111093,-0
0.038170956397666,-0
0.0381725991605687,-0
0.0381742420004951,-0
0.0381758849163258,-0
0.03817752790877,-0
0.0381791709779551,-0
0.0381808141241256,-0
0.0381824573463925,-0
0.0381841006466588,-0
0.0381857440224485,-0
0.0381873874749975,-0
0.0381890310029981,-0
0.0381906746080222,-0
0.038192318290075,-0
0.0381939620471143,-0
0.0381956058825854,-0
0.0381972497948837,-0
0.0381988937839219,-0
0.0382005378493148,-0
0.0382021819910205,-0
0.0382038262099451,-0
0.0382054705059665,-0
0.0382071148782184,-0
0.0382087593267252,-0
0.0382104038523653,-0
0.0382120484544435,-0
0.0382136931332687,-0
0.0382153378893738,-0
0.0382169827218838,-0
0.038218627631294,-0
0.0382202726167976,-0
0.0382219176795421,-0
0.0382235628191755,-0
0.038225208035305,-0
0.0382268533292724,-0
0.0382284986988976,-0
0.0382301441472266,-0
0.0382317896719937,-0
0.0382334352723518,-0
0.0382350809498368,-0
0.0382367267040598,-0
0.0382383725358788,-0
0.0382400184450079,-0
0.0382416644310624,-0
0.0382433104928169,-0
0.0382449566334699,-0
0.0382466028503566,-0
0.0382482491453945,-0
0.0382498955164391,-0
0.0382515419642941,-0
0.0382531884882129,-0
0.0382548350908591,-0
0.0382564817715496,-0
0.0382581285287516,-0
0.0382597753624488,-0
0.0382614222737752,-0
0.0382630692609576,-0
0.0382647163251747,-0
0.0382663634679396,-0
0.0382680106858182,-0
0.0382696579827138,-0
0.038271305356217,-0
0.0382729528084423,-0
0.0382746003358308,-0
0.0382762479399112,-0
0.038277895623548,-0
0.0382795433832181,-0
0.0382811912200741,-0
0.0382828391345321,-0
0.0382844871272341,-0
0.0382861351954553,-0
0.0382877833411132,-0
0.0382894315646891,-0
0.0382910798659828,-0
0.0382927282453792,-0
0.0382943767014881,-0
0.0382960252353979,-0
0.0382976738455805,-0
0.0382993225348673,-0
0.0383009713006934,-0
0.0383026201443144,-0
0.0383042690649883,-0
0.0383059180640049,-0
0.0383075671397051,-0
0.0383092162927983,-0
0.0383108655238286,-0
0.0383125148318802,-0
0.0383141642166637,-0
0.0383158136780179,-0
0.0383174632196632,-0
0.0383191128378452,-0
0.0383207625336008,-0
0.0383224123081122,-0
0.0383240621585441,-0
0.038325712087265,-0
0.0383273620931473,-0
0.0383290121778065,-0
0.0383306623404436,-0
0.0383323125792956,-0
0.0383339628956612,-0
0.0383356132899482,-0
0.0383372637609643,-0
0.0383389143116049,-0
0.0383405649394284,-0
0.0383422156436952,-0
0.0383438664271281,-0
0.0383455172884277,-0
0.0383471682269577,-0
0.0383488192438133,-0
0.0383504703383974,-0
0.0383521215103661,-0
0.0383537727586511,-0
0.0383554240870427,-0
0.0383570754925616,-0
0.0383587269763772,-0
0.0383603785383916,-0
0.0383620301777999,-0
0.0383636818958167,-0
0.0383653336917501,-0
0.038366985565646,-0
0.0383686375159661,-0
0.0383702895462664,-0
0.0383719416534818,-0
0.0383735938383103,-0
0.0383752461028354,-0
0.0383768984448034,-0
0.0383785508634649,-0
0.0383802033614928,-0
0.0383818559379283,-0
0.0383835085898526,-0
0.0383851613209069,-0
0.038386814131262,-0
0.0383884670200826,-0
0.0383901199856899,-0
0.0383917730292667,-0
0.0383934261516253,-0
0.038395079351847,-0
0.0383967326302013,-0
0.0383983859866147,-0
0.0384000394217263,-0
0.0384016929351309,-0
0.0384033465275334,-0
0.0384050001957565,-0
0.0384066539438139,-0
0.0384083077698205,-0
0.0384099616735329,-0
0.0384116156562318,-0
0.038413269717374,-0
0.038414923857047,-0
0.0384165780755214,-0
0.038418232371398,-0
0.0384198867450592,-0
0.0384215411978749,-0
0.0384231957295974,-0
0.0384248503395436,-0
0.0384265050268426,-0
0.038428159794229,-0
0.038429814639423,-0
0.0384314695621333,-0
0.0384331245631374,-0
0.0384347796435687,-0
0.038436434800909,-0
0.0384380900377349,-0
0.0384397453527398,-0
0.0384414007472399,-0
0.038443056219297,-0
0.0384447117693449,-0
0.0384463673976849,-0
0.038448023105544,-0
0.0384496788920599,-0
0.0384513347575608,-0
0.0384529907014275,-0
0.0384546467251503,-0
0.038456302825946,-0
0.0384579590054307,-0
0.0384596152649243,-0
0.0384612716012731,-0
0.0384629280177868,-0
0.0384645845125565,-0
0.0384662410859312,-0
0.0384678977378465,-0
0.0384695544679076,-0
0.0384712112782978,-0
0.0384728681656974,-0
0.0384745251337097,-0
0.0384761821790361,-0
0.0384778393044296,-0
0.0384794965079043,-0
0.0384811537896308,-0
0.0384828111502622,-0
0.0384844685899796,-0
0.038486126109293,-0
0.0384877837074119,-0
0.0384894413855074,-0
0.0384910991417366,-0
0.0384927569758908,-0
0.0384944148896669,-0
0.0384960728823473,-0
0.0384977309534147,-0
0.0384993891031292,-0
0.0385010473324969,-0
0.0385027056403255,-0
0.0385043640275017,-0
0.0385060224933673,-0
0.0385076810381479,-0
0.0385093396634929,-0
0.0385109983660439,-0
0.0385126571479147,-0
0.0385143160096407,-0
0.0385159749496785,-0
0.0385176339690817,-0
0.0385192930676257,-0
0.0385209522449953,-0
0.0385226115021726,-0
0.0385242708394744,-0
0.0385259302547491,-0
0.0385275897496522,-0
0.0385292493233411,-0
0.0385309089748721,-0
0.0385325687059458,-0
0.0385342285173977,-0
0.0385358884082721,-0
0.0385375483780665,-0
0.0385392084284172,-0
0.0385408685568241,-0
0.0385425287649457,-0
0.0385441890513037,-0
0.038545849418421,-0
0.0385475098651,-0
0.0385491703906941,-0
0.0385508309948295,-0
0.0385524916789116,-0
0.0385541524422334,-0
0.0385558132836873,-0
0.0385574742045674,-0
0.0385591352051335,-0
0.0385607962849015,-0
0.0385624574447367,-0
0.0385641186835326,-0
0.0385657800041462,-0
0.0385674414018061,-0
0.0385691028810334,-0
0.0385707644387083,-0
0.0385724260762554,-0
0.0385740877926517,-0
0.0385757495887304,-0
0.0385774114642163,-0
0.0385790734195213,-0
0.0385807354540826,-0
0.038582397567907,-0
0.038584059761671,-0
0.0385857220355422,-0
0.0385873843891147,-0
0.0385890468208661,-0
0.038590709333461,-0
0.0385923719254166,-0
0.0385940345970356,-0
0.0385956973491127,-0
0.0385973601809438,-0
0.0385990230914721,-0
0.038600686081509,-0
0.0386023491527171,-0
0.0386040123015052,-0
0.0386056755311115,-0
0.0386073388421436,-0
0.0386090022322748,-0
0.0386106657012086,-0
0.0386123292500057,-0
0.0386139928800324,-0
0.0386156565897739,-0
0.0386173203783699,-0
0.0386189842475645,-0
0.0386206481960077,-0
0.0386223122248896,-0
0.0386239763338608,-0
0.0386256405239259,-0
0.0386273047924682,-0
0.0386289691391565,-0
0.0386306335667603,-0
0.0386322980757185,-0
0.0386339626632007,-0
0.0386356273303978,-0
0.0386372920790926,-0
0.038638956906734,-0
0.0386406218159947,-0
0.0386422868054932,-0
0.0386439518737157,-0
0.0386456170212371,-0
0.0386472822503093,-0
0.0386489475583687,-0
0.0386506129468476,-0
0.0386522784161954,-0
0.038653943967319,-0
0.0386556095962094,-0
0.0386572753050858,-0
0.0386589410956656,-0
0.0386606069653739,-0
0.0386622729154478,-0
0.0386639389455373,-0
0.0386656050562688,-0
0.038667271247009,-0
0.0386689375169406,-0
0.0386706038685905,-0
0.0386722702998015,-0
0.0386739368128902,-0
0.0386756034035645,-0
0.038677270076231,-0
0.0386789368290596,-0
0.0386806036628815,-0
0.0386822705757029,-0
0.0386839375696841,-0
0.0386856046447715,-0
0.0386872718008705,-0
0.0386889390371095,-0
0.0386906063519599,-0
0.0386922737488227,-0
0.0386939412261086,-0
0.0386956087836942,-0
0.0386972764216947,-0
0.0386989441399454,-0
0.038700611938839,-0
0.0387022798193467,-0
0.03870394777776,-0
0.038705615819926,-0
0.0387072839404488,-0
0.0387089521413568,-0
0.0387106204233057,-0
0.0387122887859638,-0
0.0387139572301534,-0
0.0387156257534951,-0
0.0387172943580928,-0
0.0387189630429175,-0
0.0387206318090049,-0
0.0387223006552704,-0
0.0387239695812095,-0
0.038725638589444,-0
0.0387273076771642,-0
0.0387289768473777,-0
0.0387306460965457,-0
0.038732315427986,-0
0.0387339848394978,-0
0.0387356543316088,-0
0.038737323905468,-0
0.038738993560538,-0
0.0387406632948372,-0
0.0387423331114141,-0
0.0387440030084021,-0
0.0387456729858512,-0
0.0387473430442845,-0
0.0387490131842151,-0
0.0387506834049509,-0
0.0387523537063726,-0
0.0387540240892503,-0
0.0387556945514404,-0
0.0387573650961409,-0
0.0387590357199737,-0
0.0387607064268671,-0
0.0387623772143661,-0
0.0387640480830424,-0
0.0387657190319102,-0
0.0387673900618864,-0
0.0387690611742777,-0
0.0387707323656247,-0
0.0387724036396069,-0
0.0387740749941779,-0
0.0387757464284777,-0
0.038777417945966,-0
0.0387790895449754,-0
0.038780761224371,-0
0.0387824329849956,-0
0.0387841048258142,-0
0.0387857767484959,-0
0.0387874487522395,-0
0.0387891208364795,-0
0.0387907930020314,-0
0.0387924652491079,-0
0.0387941375777998,-0
0.0387958099868004,-0
0.0387974824778265,-0
0.0387991550502684,-0
0.0388008277039207,-0
0.0388025004383571,-0
0.0388041732546639,-0
0.0388058461523612,-0
0.0388075191318598,-0
0.0388091921913789,-0
0.0388108653328069,-0
0.0388125385560785,-0
0.0388142118613308,-0
0.0388158852473649,-0
0.0388175587137758,-0
0.0388192322612995,-0
0.0388209058907215,-0
0.0388225796021351,-0
0.0388242533945753,-0
0.0388259272690118,-0
0.0388276012254229,-0
0.0388292752623876,-0
0.0388309493828963,-0
0.0388326235836756,-0
0.0388342978657044,-0
0.0388359722305777,-0
0.0388376466749179,-0
0.0388393212016309,-0
0.0388409958111165,-0
0.0388426705015727,-0
0.0388443452730366,-0
0.0388460201255853,-0
0.038847695060245,-0
0.0388493700757748,-0
0.0388510451741813,-0
0.0388527203537385,-0
0.038854395614786,-0
0.0388560709590836,-0
0.0388577463846674,-0
0.0388594218913936,-0
0.0388610974799047,-0
0.0388627731501682,-0
0.0388644489029302,-0
0.03886612473663,-0
0.0388678006539101,-0
0.0388694766518625,-0
0.0388711527310513,-0
0.0388728288927654,-0
0.0388745051358342,-0
0.0388761814614952,-0
0.0388778578680897,-0
0.0388795343575926,-0
0.0388812109272061,-0
0.0388828875791446,-0
0.0388845643140611,-0
0.0388862411297271,-0
0.0388879180281817,-0
0.0388895950088708,-0
0.0388912720714499,-0
0.0388929492148753,-0
0.0388946264416517,-0
0.0388963037499778,-0
0.0388979811415741,-0
0.0388996586139259,-0
0.0389013361707659,-0
0.0389030138080338,-0
0.0389046915269758,-0
0.0389063693281658,-0
0.0389080472110463,-0
0.0389097251773723,-0
0.0389114032245668,-0
0.0389130813548784,-0
0.0389147595659873,-0
0.0389164378594967,-0
0.0389181162352356,-0
0.0389197946940063,-0
0.038921473234256,-0
0.0389231518565015,-0
0.0389248305620615,-0
0.0389265093492048,-0
0.038928188218985,-0
0.0389298671717147,-0
0.0389315462061018,-0
0.0389332253229054,-0
0.0389349045215156,-0
0.0389365838030622,-0
0.0389382631669926,-0
0.0389399426137241,-0
0.0389416221426209,-0
0.0389433017523447,-0
0.0389449814453544,-0
0.038946661222755,-0
0.0389483410803275,-0
0.0389500210214621,-0
0.0389517010439676,-0
0.0389533811499002,-0
0.0389550613392951,-0
0.0389567416097865,-0
0.0389584219637506,-0
0.0389601024000546,-0
0.0389617829195866,-0
0.0389634635201741,-0
0.0389651442037892,-0
0.0389668249706851,-0
0.0389685058214062,-0
0.0389701867531045,-0
0.0389718677676455,-0
0.0389735488655883,-0
0.0389752300431456,-0
0.038976911305469,-0
0.0389785926499366,-0
0.0389802740760853,-0
0.038981955585648,-0
0.0389836371787734,-0
0.0389853188545071,-0
0.0389870006124398,-0
0.0389886824530524,-0
0.0389903643760154,-0
0.0389920463829803,-0
0.038993728472157,-0
0.0389954106439831,-0
0.0389970928992439,-0
0.0389987752357536,-0
0.0390004576564518,-0
0.039002140159684,-0
0.0390038227454518,-0
0.0390055054154007,-0
0.0390071881666311,-0
0.0390088710005531,-0
0.0390105539174841,-0
0.0390122369181018,-0
0.0390139200020821,-0
0.0390156031694049,-0
0.0390172864176004,-0
0.0390189697496634,-0
0.0390206531657125,-0
0.039022336663904,-0
0.0390240202462946,-0
0.0390257039102662,-0
0.039027387658916,-0
0.0390290714906233,-0
0.0390307554039041,-0
0.0390324394009103,-0
0.0390341234818661,-0
0.0390358076446814,-0
0.039037491889794,-0
0.0390391762191392,-0
0.0390408606317899,-0
0.0390425451275896,-0
0.0390442297081858,-0
0.0390459143687737,-0
0.0390475991147392,-0
0.039049283943311,-0
0.0390509688558069,-0
0.0390526538506676,-0
0.039054338929496,-0
0.0390560240912558,-0
0.0390577093357233,-0
0.0390593946637006,-0
0.0390610800763012,-0
0.0390627655707113,-0
0.0390644511492122,-0
0.0390661368126714,-0
0.0390678225591016,-0
0.0390695083870154,-0
0.0390711942986584,-0
0.0390728802948052,-0
0.0390745663751037,-0
0.0390762525375179,-0
0.0390779387821932,-0
0.0390796251104742,-0
0.039081311522739,-0
0.0390829980193802,-0
0.0390846845984678,-0
0.0390863712616825,-0
0.0390880580085765,-0
0.0390897448379564,-0
0.0390914317527015,-0
0.0390931187512011,-0
0.0390948058311079,-0
0.0390964929947677,-0
0.0390981802431818,-0
0.0390998675734641,-0
0.0391015549896656,-0
0.0391032424882576,-0
0.0391049300701269,-0
0.0391066177376479,-0
0.039108305487595,-0
0.0391099933216613,-0
0.0391116812402831,-0
0.039113369240871,-0
0.039115057325277,-0
0.0391167454935565,-0
0.0391184337472106,-0
0.0391201220830933,-0
0.0391218105033181,-0
0.0391234990072405,-0
0.039125187594941,-0
0.0391268762657937,-0
0.0391285650197054,-0
0.0391302538590451,-0
0.0391319427816889,-0
0.0391336317897417,-0
0.0391353208805969,-0
0.0391370100548323,-0
0.0391386993121539,-0
0.0391403886550472,-0
0.0391420780824049,-0
0.0391437675926827,-0
0.0391454571888503,-0
0.0391471468677147,-0
0.0391488366308026,-0
0.0391505264770939,-0
0.0391522164095726,-0
0.0391539064248956,-0
0.0391555965250511,-0
0.0391572867074246,-0
0.0391589769751475,-0
0.0391606673254641,-0
0.0391623577595272,-0
0.0391640482785657,-0
0.0391657388825544,-0
0.0391674295696427,-0
0.0391691203418399,-0
0.0391708111978191,-0
0.039172502138302,-0
0.0391741931628963,-0
0.0391758842716914,-0
0.0391775754653277,-0
0.0391792667430266,-0
0.0391809581048817,-0
0.0391826495502999,-0
0.0391843410806281,-0
0.039186032694848,-0
0.0391877243940411,-0
0.0391894161766756,-0
0.0391911080427588,-0
0.0391927999954458,-0
0.039194492032255,-0
0.0391961841526442,-0
0.0391978763583398,-0
0.0391995686482286,-0
0.0392012610241626,-0
0.039202953482466,-0
0.0392046460272118,-0
0.0392063386551338,-0
0.0392080313684038,-0
0.0392097241637146,-0
0.0392114170438552,-0
0.0392131100091639,-0
0.039214803058822,-0
0.0392164961937503,-0
0.0392181894129381,-0
0.0392198827145763,-0
0.0392215761022497,-0
0.0392232695762719,-0
0.0392249631336044,-0
0.0392266567769322,-0
0.0392283505036258,-0
0.0392300443141297,-0
0.0392317382120371,-0
0.0392334321903935,-0
0.0392351262565367,-0
0.0392368204048462,-0
0.0392385146392282,-0
0.0392402089591479,-0
0.0392419033628068,-0
0.0392435978531173,-0
0.039245292427239,-0
0.0392469870849224,-0
0.0392486818296215,-0
0.0392503766581775,-0
0.0392520715707391,-0
0.039253766568864,-0
0.0392554616520667,-0
0.0392571568190079,-0
0.0392588520704289,-0
0.039260547407502,-0
0.0392622428297495,-0
0.0392639383378163,-0
0.039265633930724,-0
0.0392673296076333,-0
0.0392690253707109,-0
0.039270721216229,-0
0.0392724171478228,-0
0.0392741131642614,-0
0.0392758092667906,-0
0.0392775054545422,-0
0.0392792017274776,-0
0.0392808980840502,-0
0.0392825945281915,-0
0.0392842910548306,-0
0.0392859876674038,-0
0.0392876843643866,-0
0.0392893811472542,-0
0.0392910780159969,-0
0.0392927749694525,-0
0.039294472008002,-0
0.0392961691317093,-0
0.0392978663410865,-0
0.0392995636327425,-0
0.0393012610122095,-0
0.0393029584782393,-0
0.0393046560274019,-0
0.03930635366221,-0
0.0393080513815552,-0
0.0393097491870618,-0
0.0393114470758908,-0
0.0393131450513643,-0
0.0393148431122476,-0
0.0393165412582722,-0
0.039318239490358,-0
0.0393199378071404,-0
0.0393216362100109,-0
0.0393233346969517,-0
0.0393250332718779,-0
0.0393267319287012,-0
0.0393284306726501,-0
0.0393301295031384,-0
0.0393318284186764,-0
0.0393335274183346,-0
0.0393352265050567,-0
0.0393369256793592,-0
0.0393386249361557,-0
0.0393403242779342,-0
0.0393420237057339,-0
0.0393437232198868,-0
0.0393454228194437,-0
0.0393471225039041,-0
0.0393488222738257,-0
0.039350522129841,-0
0.0393522220698867,-0
0.0393539220962675,-0
0.0393556222095172,-0
0.03935732240695,-0
0.0393590226909254,-0
0.0393607230603461,-0
0.0393624235151906,-0
0.0393641240570529,-0
0.0393658246829866,-0
0.0393675253949761,-0
0.0393692261931577,-0
0.0393709270780048,-0
0.0393726280479687,-0
0.0393743291036094,-0
0.0393760302455301,-0
0.039377731472937,-0
0.0393794327861805,-0
0.0393811341857205,-0
0.0393828356699074,-0
0.0393845372426284,-0
0.0393862388991918,-0
0.0393879406421361,-0
0.039389642469671,-0
0.0393913443838044,-0
0.0393930463845323,-0
0.0393947484717388,-0
0.0393964506440146,-0
0.0393981529014969,-0
0.0393998552464084,-0
0.0394015576763473,-0
0.0394032601942867,-0
0.0394049627978985,-0
0.0394066654868499,-0
0.0394083682606229,-0
0.0394100711227044,-0
0.0394117740689758,-0
0.0394134771027503,-0
0.0394151802210639,-0
0.0394168834258943,-0
0.0394185867172153,-0
0.0394202900947029,-0
0.0394219935580126,-0
0.0394236971084841,-0
0.0394254007447504,-0
0.0394271044665706,-0
0.0394288082754711,-0
0.039430512170377,-0
0.0394322161513488,-0
0.0394339202189156,-0
0.0394356243703802,-0
0.0394373286106109,-0
0.0394390329366266,-0
0.039440737348855,-0
0.0394424418482947,-0
0.039444146433108,-0
0.0394458511048629,-0
0.0394475558633122,-0
0.0394492607065092,-0
0.0394509656374059,-0
0.0394526706548773,-0
0.039454375758213,-0
0.0394560809481473,-0
0.0394577862243503,-0
0.0394594915880752,-0
0.0394611970388672,-0
0.0394629025747582,-0
0.0394646081967719,-0
0.0394663139063471,-0
0.0394680197022054,-0
0.0394697255834087,-0
0.0394714315514796,-0
0.039473137607082,-0
0.0394748437487095,-0
0.0394765499781686,-0
0.039478256294415,-0
0.0394799626967869,-0
0.0394816691851893,-0
0.0394833757618071,-0
0.0394850824239825,-0
0.0394867891725486,-0
0.0394884960074295,-0
0.0394902029298742,-0
0.0394919099386833,-0
0.0394936170327403,-0
0.039495324215828,-0
0.0394970314857764,-0
0.0394987388418015,-0
0.0395004462834528,-0
0.0395021538141642,-0
0.0395038614311128,-0
0.0395055691342821,-0
0.0395072769246662,-0
0.0395089848014351,-0
0.0395106927635612,-0
0.0395124008146542,-0
0.0395141089513267,-0
0.0395158171757956,-0
0.0395175254875195,-0
0.03951923388622,-0
0.0395209423720143,-0
0.0395226509436408,-0
0.0395243596039239,-0
0.0395260683497688,-0
0.0395277771843846,-0
0.0395294861048077,-0
0.0395311951128858,-0
0.0395329042057248,-0
0.0395346133887367,-0
0.0395363226586242,-0
0.0395380320134595,-0
0.039539741456603,-0
0.0395414509859303,-0
0.039543160602676,-0
0.0395448703056769,-0
0.039546580097902,-0
0.0395482899755097,-0
0.0395499999415492,-0
0.0395517099940959,-0
0.0395534201336319,-0
0.0395551303620762,-0
0.0395568406767618,-0
0.0395585510790963,-0
0.0395602615671146,-0
0.0395619721438458,-0
0.0395636828078224,-0
0.0395653935594517,-0
0.0395671043973583,-0
0.0395688153240258,-0
0.0395705263368734,-0
0.0395722374371038,-0
0.03957394862409,-0
0.0395756598997201,-0
0.0395773712627357,-0
0.0395790827139953,-0
0.0395807942520147,-0
0.0395825058776271,-0
0.0395842175907808,-0
0.0395859293913051,-0
0.039587641278483,-0
0.0395893532545115,-0
0.0395910653173046,-0
0.039592777465979,-0
0.0395944897033062,-0
0.0395962020283658,-0
0.039597914439931,-0
0.0395996269410242,-0
0.0396013395298233,-0
0.0396030522056408,-0
0.0396047649687558,-0
0.0396064778196937,-0
0.0396081907578959,-0
0.0396099037835867,-0
0.0396116168970429,-0
0.0396133300985403,-0
0.039615043388746,-0
0.0396167567662503,-0
0.0396184702305333,-0
0.0396201837820511,-0
0.0396218974239775,-0
0.0396236111509388,-0
0.039625324966446,-0
0.0396270388697638,-0
0.0396287528608369,-0
0.0396304669401015,-0
0.0396321811069178,-0
0.0396338953610221,-0
0.0396356097028728,-0
0.0396373241338058,-0
0.0396390386522457,-0
0.0396407532587032,-0
0.0396424679531967,-0
0.0396441827351785,-0
0.0396458976068328,-0
0.0396476125630322,-0
0.0396493276096214,-0
0.0396510427443356,-0
0.0396527579650079,-0
0.0396544732737846,-0
0.0396561886722539,-0
0.0396579041580229,-0
0.0396596197326751,-0
0.0396613353955459,-0
0.0396630511483322,-0
0.0396647669882009,-0
0.0396664829161384,-0
0.0396681989306929,-0
0.0396699150347697,-0
0.0396716312255535,-0
0.0396733475067021,-0
0.0396750638742429,-0
0.0396767803312064,-0
0.0396784968760052,-0
0.0396802135071643,-0
0.0396819302276281,-0
0.039683647036682,-0
0.0396853639339768,-0
0.039687080920251,-0
0.0396887979946179,-0
0.0396905151562492,-0
0.039692232407573,-0
0.0396939497471703,-0
0.0396956671749761,-0
0.0396973846919483,-0
0.0396991022964766,-0
0.0397008199891024,-0
0.0397025377707155,-0
0.0397042556385868,-0
0.0397059735959414,-0
0.0397076916421887,-0
0.0397094097787768,-0
0.0397111280018199,-0
0.0397128463127933,-0
0.0397145647134657,-0
0.0397162832037664,-0
0.0397180017799045,-0
0.0397197204453693,-0
0.0397214391986683,-0
0.0397231580420418,-0
0.0397248769741501,-0
0.0397265959946442,-0
0.0397283151033916,-0
0.0397300343000617,-0
0.0397317535863262,-0
0.0397334729610385,-0
0.0397351924240357,-0
0.0397369119752981,-0
0.0397386316157558,-0
0.0397403513455026,-0
0.0397420711640825,-0
0.0397437910707515,-0
0.0397455110676347,-0
0.0397472311519749,-0
0.0397489513266345,-0
0.0397506715903281,-0
0.0397523919405187,-0
0.0397541123810411,-0
0.0397558329104788,-0
0.0397575535274477,-0
0.0397592742327639,-0
0.039760995027508,-0
0.0397627159119655,-0
0.0397644368868929,-0
0.0397661579486713,-0
0.0397678791000868,-0
0.0397696003407082,-0
0.0397713216700308,-0
0.0397730430879882,-0
0.0397747645942095,-0
0.0397764861903457,-0
0.0397782078760115,-0
0.0397799296503994,-0
0.0397816515136277,-0
0.0397833734667187,-0
0.0397850955088925,-0
0.0397868176405723,-0
0.0397885398601589,-0
0.0397902621680218,-0
0.0397919845652641,-0
0.0397937070528084,-0
0.0397954296291335,-0
0.0397971522948999,-0
0.0397988750498891,-0
0.0398005978934157,-0
0.0398023208272307,-0
0.0398040438490683,-0
0.0398057669610154,-0
0.0398074901613199,-0
0.0398092134510727,-0
0.0398109368314898,-0
0.039812660299849,-0
0.0398143838572599,-0
0.039816107504156,-0
0.0398178312415204,-0
0.0398195550679084,-0
0.0398212789828027,-0
0.0398230029884522,-0
0.0398247270813796,-0
0.0398264512642052,-0
0.0398281755374078,-0
0.0398298999002091,-0
0.0398316243522176,-0
0.0398333488943401,-0
0.0398350735251903,-0
0.0398367982451481,-0
0.0398385230543714,-0
0.0398402479543986,-0
0.0398419729439827,-0
0.0398436980232461,-0
0.03984542319077,-0
0.039847148450085,-0
0.0398488737979364,-0
0.039850599234283,-0
0.0398523247603077,-0
0.0398540503748439,-0
0.0398557760813312,-0
0.039857501876152,-0
0.0398592277591484,-0
0.0398609537339832,-0
0.0398626797992083,-0
0.0398644059527644,-0
0.0398661321963487,-0
0.0398678585295702,-0
0.0398695849523529,-0
0.0398713114668275,-0
0.039873038067992,-0
0.0398747647603534,-0
0.039876491542924,-0
0.0398782184147628,-0
0.0398799453767415,-0
0.0398816724281459,-0
0.0398833995694069,-0
0.0398851268006713,-0
0.0398868541231315,-0
0.0398885815348238,-0
0.0398903090370493,-0
0.0398920366291517,-0
0.0398937643109153,-0
0.0398954920830964,-0
0.0398972199450235,-0
0.0398989478967569,-0
0.0399006759391935,-0
0.0399024040711014,-0
0.0399041322932438,-0
0.0399058606042038,-0
0.0399075890058814,-0
0.0399093174988285,-0
0.0399110460802831,-0
0.0399127747522228,-0
0.0399145035129366,-0
0.039916232365606,-0
0.0399179613091911,-0
0.0399196903422751,-0
0.0399214194634228,-0
0.039923148675766,-0
0.0399248779788935,-0
0.0399266073733388,-0
0.039928336857606,-0
0.0399300664301785,-0
0.0399317960945459,-0
0.0399335258476466,-0
0.0399352556922968,-0
0.0399369856264716,-0
0.0399387156519433,-0
0.0399404457679352,-0
0.0399421759739837,-0
0.039943906269994,-0
0.0399456366580866,-0
0.0399473671335432,-0
0.0399490977025295,-0
0.039950828361295,-0
0.0399525591097964,-0
0.0399542899488171,-0
0.0399560208776914,-0
0.0399577518973017,-0
0.0399594830088373,-0
0.0399612142097428,-0
0.0399629455022284,-0
0.0399646768837689,-0
0.0399664083575848,-0
0.039968139921211,-0
0.0399698715750658,-0
0.0399716033189202,-0
0.0399733351542763,-0
0.0399750670816475,-0
0.0399767990991372,-0
0.039978531206343,-0
0.0399802634035253,-0
0.0399819956922813,-0
0.0399837280713975,-0
0.0399854605418944,-0
0.039987193102149,-0
0.0399889257532862,-0
0.0399906584952884,-0
0.0399923913271131,-0
0.0399941242511052,-0
0.0399958572650136,-0
0.0399975903696106,-0
0.0399993235648891,-0
0.04,-0
0.0400017440948968,-0
0.0400034535873106,-0
0.0400051887138453,-0
0.0400069253835175,-0
0.0400086625484454,-0
0.0400103994467948,-0
0.040012136024665,-0
0.0400138723088869,-0
0.0400156083487786,-0
0.0400173441908982,-0
0.0400190798807014,-0
0.0400208154486415,-0
0.0400225509267443,-0
0.0400242863441908,-0
0.0400260217197054,-0
0.0400277570712816,-0
0.0400294924199988,-0
0.040031227777757,-0
0.0400329631557817,-0
0.0400346985651794,-0
0.0400364340130117,-0
0.0400381695076548,-0
0.0400399050566929,-0
0.040041640665605,-0
0.040043376337653,-0
0.040045112076988,-0
0.0400468478867601,-0
0.0400485837698022,-0
0.0400503197285979,-0
0.0400520557672768,-0
0.0400537918861842,-0
0.0400555280864956,-0
0.0400572643712307,-0
0.0400590007409553,-0
0.0400607371971375,-0
0.0400624737373494,-0
0.0400642103639067,-0
0.0400659470805163,-0
0.0400676838841385,-0
0.0400694207783083,-0
0.0400711577599619,-0
0.0400728948308146,-0
0.0400746319925343,-0
0.0400763692430332,-0
0.0400781065839396,-0
0.0400798440149844,-0
0.040081581537894,-0
0.0400833191517375,-0
0.0400850568538864,-0
0.0400867946475304,-0
0.0400885325336285,-0
0.0400902705115333,-0
0.0400920085799585,-0
0.040093746739464,-0
0.0400954849907322,-0
0.0400972233331387,-0
0.0400989617664715,-0
0.0401007002922399,-0
0.0401024389094792,-0
0.040104177618652,-0
0.0401059164181676,-0
0.040107655309944,-0
0.0401093942926443,-0
0.0401111333672118,-0
0.0401128725333615,-0
0.0401146117901209,-0
0.0401163511407315,-0
0.0401180905827706,-0
0.0401198301168816,-0
0.0401215697430546,-0
0.0401233094618441,-0
0.0401250492722239,-0
0.0401267891730619,-0
0.0401285291669118,-0
0.0401302692520782,-0
0.040132009428343,-0
0.0401337496965446,-0
0.0401354900555713,-0
0.0401372305080438,-0
0.0401389710530408,-0
0.0401407116876272,-0
0.0401424524151817,-0
0.0401441932349759,-0
0.0401459341462194,-0
0.0401476751509626,-0
0.040149416247708,-0
0.0401511574359023,-0
0.0401528987157744,-0
0.0401546400878217,-0
0.0401563815521529,-0
0.0401581231090277,-0
0.0401598647557225,-0
0.0401616064964005,-0
0.0401633483293849,-0
0.0401650902542987,-0
0.0401668322727111,-0
0.0401685743805866,-0
0.040170316582586,-0
0.0401720588761754,-0
0.0401738012621912,-0
0.0401755437408121,-0
0.0401772863107269,-0
0.040179028974227,-0
0.0401807717291259,-0
0.0401825145773167,-0
0.0401842575172808,-0
0.0401860005492368,-0
0.0401877436744394,-0
0.0401894868912184,-0
0.0401912302015193,-0
0.0401929736037753,-0
0.0401947170988586,-0
0.0401964606872211,-0
0.0401982043668122,-0
0.040199948139548,-0
0.0402016920034381,-0
0.0402034359608258,-0
0.0402051800088291,-0
0.0402069241510914,-0
0.0402086683858181,-0
0.0402104127123419,-0
0.040212157131202,-0
0.0402139016430624,-0
0.0402156462472095,-0
0.0402173909438126,-0
0.0402191357335418,-0
0.040220880614472,-0
0.0402226255897494,-0
0.0402243706576577,-0
0.0402261158182368,-0
0.0402278610714377,-0
0.0402296064173082,-0
0.0402313518553059,-0
0.0402330973858233,-0
0.0402348430094971,-0
0.0402365887256297,-0
0.0402383345340251,-0
0.0402400804366672,-0
0.0402418264319433,-0
0.0402435725213887,-0
0.0402453187028565,-0
0.0402470649754649,-0
0.0402488113426573,-0
0.0402505578022909,-0
0.0402523043542962,-0
0.0402540510000957,-0
0.0402557977373737,-0
0.0402575445697776,-0
0.0402592914936146,-0
0.0402610385106597,-0
0.04026278562168,-0
0.040264532824763,-0
0.0402662801195702,-0
0.0402680275083086,-0
0.0402697749906082,-0
0.0402715225663525,-0
0.0402732702350335,-0
0.0402750179971146,-0
0.0402767658515982,-0
0.0402785137990374,-0
0.0402802618379731,-0
0.0402820099719969,-0
0.0402837582006315,-0
0.0402855065199052,-0
0.0402872549332873,-0
0.0402890034395887,-0
0.0402907520403308,-0
0.0402925007341842,-0
0.0402942495207944,-0
0.040295998399225,-0
0.0402977473711462,-0
0.0402994964364049,-0
0.0403012455955903,-0
0.0403029948475649,-0
0.0403047441931361,-0
0.0403064936312178,-0
0.0403082431623552,-0
0.0403099927881833,-0
0.0403117425068751,-0
0.0403134923195923,-0
0.0403152422265111,-0
0.0403169922262024,-0
0.040318742320683,-0
0.0403204925065497,-0
0.0403222427876714,-0
0.040323993162195,-0
0.0403257436294668,-0
0.0403274941889705,-0
0.0403292448419602,-0
0.040330995589585,-0
0.0403327464308587,-0
0.040334497364681,-0
0.0403362483925424,-0
0.0403379995142074,-0
0.0403397507293017,-0
0.04034150203949,-0
0.0403432534425798,-0
0.0403450049389385,-0
0.0403467565292799,-0
0.0403485082139599,-0
0.0403502599902247,-0
0.0403520118606903,-0
0.0403537638233283,-0
0.0403555158818716,-0
0.0403572680331681,-0
0.0403590202789401,-0
0.0403607726172655,-0
0.0403625250495803,-0
0.0403642775769916,-0
0.040366030198699,-0
0.040367782912695,-0
0.0403695357214491,-0
0.0403712886235727,-0
0.0403730416208176,-0
0.0403747947104047,-0
0.0403765478946163,-0
0.0403783011730189,-0
0.0403800545451927,-0
0.0403818080106222,-0
0.0403835615708314,-0
0.0403853152241677,-0
0.040387068972519,-0
0.0403888228131661,-0
0.0403905767487929,-0
0.0403923307781034,-0
0.0403940849031518,-0
0.0403958391209895,-0
0.0403975934323669,-0
0.0403993478381026,-0
0.0404011023387156,-0
0.0404028569324208,-0
0.0404046116216674,-0
0.0404063664058,-0
0.0404081212826632,-0
0.0404098762532377,-0
0.0404116313191349,-0
0.0404133864798867,-0
0.0404151417341467,-0
0.0404168970829284,-0
0.0404186525247619,-0
0.0404204080610391,-0
0.0404221636925628,-0
0.0404239194176678,-0
0.0404256752378666,-0
0.0404274311522568,-0
0.0404291871615709,-0
0.0404309432654249,-0
0.0404326994641979,-0
0.0404344557550332,-0
0.0404362121417236,-0
0.0404379686220476,-0
0.0404397251968721,-0
0.0404414818664741,-0
0.0404432386309134,-0
0.0404449954904015,-0
0.0404467524434965,-0
0.0404485094921155,-0
0.0404502666348879,-0
0.0404520238720708,-0
0.0404537812030782,-0
0.0404555386287146,-0
0.0404572961482817,-0
0.0404590537642698,-0
0.0404608114733348,-0
0.0404625692785616,-0
0.0404643271766999,-0
0.0404660851705583,-0
0.0404678432590892,-0
0.0404696014426048,-0
0.0404713597197937,-0
0.0404731180909997,-0
0.0404748765594866,-0
0.0404766351217124,-0
0.0404783937783246,-0
0.0404801525302236,-0
0.0404819113758208,-0
0.0404836703180329,-0
0.0404854293537664,-0
0.0404871884841171,-0
0.0404889477096222,-0
0.0404907070294465,-0
0.0404924664442778,-0
0.0404942259552491,-0
0.0404959855590653,-0
0.0404977452589339,-0
0.0404995050528521,-0
0.0405012649434652,-0
0.0405030249276561,-0
0.0405047850067319,-0
0.0405065451807883,-0
0.0405083054489884,-0
0.0405100658141236,-0
0.0405118262744683,-0
0.0405135868285895,-0
0.0405153474795487,-0
0.0405171082233243,-0
0.0405188690633236,-0
0.0405206299981592,-0
0.040522391027074,-0
0.0405241521517207,-0
0.0405259133723587,-0
0.0405276746885539,-0
0.0405294360984889,-0
0.0405311976058996,-0
0.040532959206597,-0
0.0405347209028609,-0
0.0405364826938089,-0
0.0405382445821394,-0
0.0405400065643136,-0
0.0405417686405273,-0
0.0405435308121872,-0
0.040545293080875,-0
0.0405470554444538,-0
0.0405488179043335,-0
0.0405505804590048,-0
0.0405523431085944,-0
0.0405541058539991,-0
0.0405558686961352,-0
0.0405576316308678,-0
0.0405593946611939,-0
0.0405611577856723,-0
0.0405629210070238,-0
0.0405646843246274,-0
0.0405664477390311,-0
0.0405682112480333,-0
0.0405699748528564,-0
0.0405717385518607,-0
0.0405735023469238,-0
0.0405752662381855,-0
0.040577030225142,-0
0.0405787943082348,-0
0.040580558486797,-0
0.040582322760357,-0
0.0405840871290534,-0
0.0405858515933332,-0
0.0405876161540101,-0
0.0405893808102967,-0
0.0405911455617482,-0
0.0405929104086025,-0
0.040594675351882,-0
0.0405964403906953,-0
0.0405982055266981,-0
0.0405999707586189,-0
0.0406017360853434,-0
0.0406035015072693,-0
0.040605267024709,-0
0.0406070326378376,-0
0.0406087983459504,-0
0.0406105641506881,-0
0.0406123300518228,-0
0.0406140960482774,-0
0.0406158621402126,-0
0.040617628329247,-0
0.040619394614902,-0
0.0406211609960791,-0
0.0406229274737286,-0
0.0406246940472794,-0
0.0406264607168919,-0
0.0406282274820238,-0
0.0406299943449753,-0
0.0406317613030184,-0
0.0406335283559871,-0
0.0406352955058116,-0
0.0406370627520976,-0
0.0406388300904656,-0
0.0406405975290268,-0
0.040642365062795,-0
0.0406441326915226,-0
0.0406459004171279,-0
0.0406476682393516,-0
0.0406494361579674,-0
0.040651204171999,-0
0.0406529722827358,-0
0.0406547404891908,-0
0.0406565087906434,-0
0.0406582771901777,-0
0.0406600456874562,-0
0.0406618142787769,-0
0.0406635829663887,-0
0.0406653517498917,-0
0.0406671206313498,-0
0.040668889609741,-0
0.0406706586846526,-0
0.0406724278547958,-0
0.0406741971191575,-0
0.0406759664827006,-0
0.0406777359412701,-0
0.0406795054973984,-0
0.0406812751488761,-0
0.0406830448977577,-0
0.0406848147438324,-0
0.0406865846830654,-0
0.0406883547210509,-0
0.0406901248563538,-0
0.0406918950858817,-0
0.0406936654129786,-0
0.0406954358382053,-0
0.0406972063571992,-0
0.040698976974449,-0
0.0407007476895567,-0
0.0407025185009793,-0
0.0407042894075242,-0
0.0407060604114989,-0
0.0407078315133564,-0
0.0407096027115396,-0
0.0407113740056271,-0
0.0407131453979926,-0
0.04071491688505,-0
0.0407166884677046,-0
0.0407184601480942,-0
0.0407202319261584,-0
0.0407220037999178,-0
0.0407237757717826,-0
0.0407255478396491,-0
0.0407273200047057,-0
0.0407290922673203,-0
0.0407308646261005,-0
0.0407326370825348,-0
0.0407344096355698,-0
0.0407361822844525,-0
0.0407379550309247,-0
0.0407397278743598,-0
0.0407415008136424,-0
0.040743273853263,-0
0.0407450469880717,-0
0.0407468202183007,-0
0.0407485935462896,-0
0.0407503669712816,-0
0.0407521404926537,-0
0.0407539141133194,-0
0.0407556878294872,-0
0.0407574616434209,-0
0.0407592355539285,-0
0.040761009561586,-0
0.0407627836664306,-0
0.0407645578677137,-0
0.0407663321678723,-0
0.0407681065641289,-0
0.0407698810578051,-0
0.0407716556493007,-0
0.0407734303379332,-0
0.0407752051237754,-0
0.0407769800052711,-0
0.0407787549862737,-0
0.0407805300644564,-0
0.040782305239864,-0
0.0407840805113727,-0
0.0407858558785149,-0
0.0407876313449464,-0
0.0407894069085586,-0
0.0407911825689172,-0
0.0407929583271472,-0
0.040794734184206,-0
0.0407965101380826,-0
0.0407982861884165,-0
0.0408000623358442,-0
0.0408018385815021,-0
0.0408036149256784,-0
0.0408053913659787,-0
0.0408071679049171,-0
0.0408089445407219,-0
0.0408107212743661,-0
0.0408124981055057,-0
0.0408142750337483,-0
0.0408160520589833,-0
0.0408178291826967,-0
0.0408196064043236,-0
0.0408213837234224,-0
0.0408231611402204,-0
0.0408249386532052,-0
0.0408267162660125,-0
0.0408284939752624,-0
0.040830271783224,-0
0.0408320496888723,-0
0.0408338276925062,-0
0.0408356057930873,-0
0.0408373839915859,-0
0.0408391622884775,-0
0.0408409406840328,-0
0.0408427191766846,-0
0.0408444977677212,-0
0.0408462764551484,-0
0.040848055240245,-0
0.0408498341254934,-0
0.04085161310867,-0
0.040853392187303,-0
0.0408551713645477,-0
0.04085695064015,-0
0.0408587300124875,-0
0.0408605094843939,-0
0.0408622890546527,-0
0.0408640687216416,-0
0.0408658484874956,-0
0.0408676283506419,-0
0.0408694083119768,-0
0.040871188371115,-0
0.0408729685280341,-0
0.0408747487836052,-0
0.0408765291374695,-0
0.0408783095891519,-0
0.0408800901368798,-0
0.0408818707843821,-0
0.0408836515287486,-0
0.0408854323721879,-0
0.0408872133151306,-0
0.0408889943567276,-0
0.0408907754966414,-0
0.0408925567322503,-0
0.0408943380674921,-0
0.0408961195031481,-0
0.0408979010364083,-0
0.0408996826668124,-0
0.0409014643956214,-0
0.0409032462220563,-0
0.0409050281467095,-0
0.0409068101698663,-0
0.0409085922907633,-0
0.0409103745110609,-0
0.040912156829717,-0
0.0409139392470268,-0
0.0409157217647252,-0
0.0409175043775855,-0
0.0409192870905966,-0
0.0409210699028278,-0
0.0409228528124545,-0
0.0409246358201231,-0
0.0409264189269214,-0
0.0409282021317384,-0
0.0409299854357696,-0
0.0409317688381552,-0
0.0409335523389295,-0
0.0409353359388834,-0
0.0409371196351833,-0
0.0409389034322097,-0
0.0409406873277317,-0
0.0409424713233653,-0
0.0409442554150907,-0
0.0409460396058767,-0
0.040947823897803,-0
0.0409496082871141,-0
0.0409513927739674,-0
0.0409531773588374,-0
0.0409549620451116,-0
0.0409567468301509,-0
0.0409585317136537,-0
0.0409603166944246,-0
0.0409621017761813,-0
0.0409638869544337,-0
0.0409656722315178,-0
0.0409674576098087,-0
0.0409692430851157,-0
0.0409710286605501,-0
0.0409728143328262,-0
0.0409746001064891,-0
0.0409763859782481,-0
0.0409781719485837,-0
0.0409799580192017,-0
0.0409817441864694,-0
0.0409835304529135,-0
0.0409853168204682,-0
0.0409871032871061,-0
0.0409888898518273,-0
0.0409906765143319,-0
0.0409924632774707,-0
0.0409942501379952,-0
0.0409960370986982,-0
0.0409978241587664,-0
0.0409996113175851,-0
0.0410013985774962,-0
0.0410031859348111,-0
0.0410049733897528,-0
0.0410067609458809,-0
0.0410085486006493,-0
0.0410103363553169,-0
0.0410121242088974,-0
0.0410139121608393,-0
0.0410157002139718,-0
0.0410174883644655,-0
0.0410192766147051,-0
0.0410210649637915,-0
0.0410228534142727,-0
0.0410246419629045,-0
0.0410264306102487,-0
0.0410282193577723,-0
0.0410300082038811,-0
0.0410317971510906,-0
0.0410335861965012,-0
0.0410353753412278,-0
0.0410371645855702,-0
0.0410389539302305,-0
0.0410407433737607,-0
0.0410425329148398,-0
0.0410443225588049,-0
0.0410461123019114,-0
0.0410479021445454,-0
0.0410496920853713,-0
0.0410514821251931,-0
0.041053272264325,-0
0.0410550625049312,-0
0.0410568528457646,-0
0.0410586432865871,-0
0.0410604338254183,-0
0.0410622244644808,-0
0.0410640152038276,-0
0.0410658060410003,-0
0.0410675969798956,-0
0.0410693880164228,-0
0.0410711791529725,-0
0.0410729703897516,-0
0.0410747617270399,-0
0.0410765531640522,-0
0.0410783446986252,-0
0.0410801363364959,-0
0.0410819280727788,-0
0.0410837199105842,-0
0.0410855118451971,-0
0.0410873038810737,-0
0.0410890960154179,-0
0.0410908882504578,-0
0.0410926805845459,-0
0.04109447302041,-0
0.0410962655553444,-0
0.0410980581893422,-0
0.0410998509258543,-0
0.0411016437597598,-0
0.0411034366969797,-0
0.0411052297318113,-0
0.0411070228675063,-0
0.0411088161028678,-0
0.0411106094410709,-0
0.0411124028787867,-0
0.0411141964142348,-0
0.0411159900512986,-0
0.0411177837880752,-0
0.0411195776264478,-0
0.0411213715640919,-0
0.0411231656015755,-0
0.0411249597384892,-0
0.0411267539750983,-0
0.0411285483126961,-0
0.0411303427492933,-0
0.041132137288425,-0
0.0411339319260901,-0
0.0411357266669743,-0
0.0411375215072199,-0
0.0411393164473804,-0
0.0411411114885617,-0
0.041142906629493,-0
0.0411447018716725,-0
0.0411464972135855,-0
0.0411482926561722,-0
0.0411500881989611,-0
0.0411518838423431,-0
0.0411536795869197,-0
0.041155475429695,-0
0.0411572713745183,-0
0.0411590674185607,-0
0.0411608635636577,-0
0.0411626598091623,-0
0.0411644561557344,-0
0.0411662526011668,-0
0.0411680491492604,-0
0.0411698457974955,-0
0.0411716425460983,-0
0.0411734393956283,-0
0.0411752363463613,-0
0.0411770333966439,-0
0.0411788305492871,-0
0.0411806278015613,-0
0.0411824251530974,-0
0.0411842226057196,-0
0.0411860201609216,-0
0.0411878178154474,-0
0.0411896155713263,-0
0.041191413428692,-0
0.0411932113864067,-0
0.0411950094456804,-0
0.0411968076028885,-0
0.0411986058637636,-0
0.0412004042241943,-0
0.0412022026862057,-0
0.0412040012496486,-0
0.0412057999131348,-0
0.0412075986768994,-0
0.0412093975424701,-0
0.0412111965086179,-0
0.0412129955772558,-0
0.0412147947445864,-0
0.0412165940141704,-0
0.0412183933836683,-0
0.0412201928568327,-0
0.0412219924290629,-0
0.0412237921035647,-0
0.0412255918789544,-0
0.0412273917534756,-0
0.04122919173092,-0
0.0412309918082598,-0
0.0412327919868259,-0
0.0412345922656537,-0
0.0412363926475238,-0
0.0412381931297979,-0
0.0412399937136647,-0
0.0412417944013226,-0
0.0412435951864347,-0
0.0412453960742816,-0
0.0412471970655137,-0
0.0412489981560662,-0
0.0412507993490535,-0
0.0412526006423838,-0
0.0412544020355902,-0
0.0412562035305651,-0
0.0412580051278025,-0
0.0412598068250691,-0
0.0412616086257572,-0
0.0412634105264677,-0
0.0412652125296405,-0
0.0412670146327161,-0
0.0412688168379624,-0
0.0412706191461688,-0
0.0412724215545981,-0
0.0412742240634911,-0
0.0412760266740774,-0
0.0412778293860951,-0
0.0412796322017394,-0
0.0412814351181726,-0
0.0412832381348229,-0
0.0412850412537887,-0
0.0412868444753947,-0
0.0412886477972166,-0
0.0412904512214734,-0
0.0412922547475531,-0
0.0412940583751192,-0
0.0412958621039012,-0
0.0412976659352492,-0
0.0412994698674624,-0
0.0413012739009576,-0
0.0413030780364581,-0
0.0413048822752999,-0
0.0413066866154178,-0
0.0413084910569163,-0
0.0413102955990972,-0
0.0413121002439007,-0
0.0413139049902356,-0
0.0413157098377039,-0
0.0413175147890996,-0
0.041319319842995,-0
0.0413211249971486,-0
0.0413229302534976,-0
0.0413247356100181,-0
0.0413265410685068,-0
0.0413283466308162,-0
0.0413301522944217,-0
0.0413319580583279,-0
0.0413337639261401,-0
0.0413355698950759,-0
0.0413373759664165,-0
0.0413391821398777,-0
0.041340988417718,-0
0.0413427947950626,-0
0.0413446012763702,-0
0.0413464078593074,-0
0.0413482145427232,-0
0.041350021331311,-0
0.0413518282193445,-0
0.0413536352095636,-0
0.0413554423034757,-0
0.0413572494999465,-0
0.0413590567976843,-0
0.0413608641994058,-0
0.0413626717028251,-0
0.041364479307076,-0
0.041366287013945,-0
0.0413680948232777,-0
0.0413699027362613,-0
0.0413717107499393,-0
0.0413735188667811,-0
0.0413753270840541,-0
0.0413771354048398,-0
0.0413789438292633,-0
0.0413807523558297,-0
0.0413825609849683,-0
0.041384369716795,-0
0.0413861785513358,-0
0.0413879874851959,-0
0.0413897965220089,-0
0.0413916056614144,-0
0.0413934149053623,-0
0.0413952242522254,-0
0.0413970337016345,-0
0.0413988432524657,-0
0.0414006529080101,-0
0.0414024626636215,-0
0.0414042725241906,-0
0.041406082485383,-0
0.0414078925500152,-0
0.0414097027173167,-0
0.0414115129870128,-0
0.0414133233604223,-0
0.0414151338354605,-0
0.0414169444146351,-0
0.0414187550949147,-0
0.0414205658770731,-0
0.0414223767647435,-0
0.041424187753284,-0
0.0414259988463582,-0
0.0414278100415975,-0
0.0414296213396941,-0
0.0414314327383721,-0
0.0414332442417156,-0
0.0414350558484115,-0
0.0414368675566305,-0
0.0414386793679986,-0
0.0414404912824514,-0
0.0414423033012632,-0
0.0414441154217664,-0
0.0414459276454477,-0
0.0414477399716344,-0
0.041449552403253,-0
0.0414513649353245,-0
0.0414531775727953,-0
0.0414549903115849,-0
0.0414568031542587,-0
0.0414586160986519,-0
0.041460429146303,-0
0.041462242297974,-0
0.0414640555518316,-0
0.0414658689100274,-0
0.0414676823705154,-0
0.0414694959348229,-0
0.0414713096009494,-0
0.0414731233716625,-0
0.0414749372438039,-0
0.0414767512218016,-0
0.0414785653022823,-0
0.0414803794870928,-0
0.0414821937741099,-0
0.0414840081653017,-0
0.0414858226580704,-0
0.0414876372562992,-0
0.0414894519553158,-0
0.0414912667594934,-0
0.0414930816665638,-0
0.0414948966784755,-0
0.0414967117918061,-0
0.0414985270100269,-0
0.0415003423323127,-0
0.0415021577559915,-0
0.041503973285463,-0
0.0415057889178531,-0
0.0415076046539392,-0
0.0415094204935794,-0
0.0415112364366088,-0
0.0415130524832407,-0
0.0415148686318783,-0
0.0415166848852049,-0
0.0415185012409641,-0
0.0415203177012122,-0
0.0415221342661126,-0
0.0415239509342199,-0
0.0415257677054462,-0
0.0415275845804948,-0
0.0415294015586219,-0
0.0415312186420009,-0
0.0415330358289577,-0
0.0415348531194,-0
0.0415366705147518,-0
0.0415384880132681,-0
0.0415403056141575,-0
0.0415421233181944,-0
0.0415439411283085,-0
0.0415457590411011,-0
0.0415475770593812,-0
0.0415493951797817,-0
0.0415512134032848,-0
0.0415530317325733,-0
0.041554850165574,-0
0.0415566687016508,-0
0.0415584873413542,-0
0.0415603060860354,-0
0.0415621249355539,-0
0.041563943888306,-0
0.0415657629459,-0
0.0415675821054313,-0
0.0415694013710409,-0
0.0415712207397298,-0
0.041573040210915,-0
0.041574859786185,-0
0.0415766794682517,-0
0.0415784992540483,-0
0.041580319144323,-0
0.0415821391388176,-0
0.0415839592363457,-0
0.0415857794383923,-0
0.0415875997443154,-0
0.0415894201541173,-0
0.0415912406698108,-0
0.0415930612868151,-0
0.0415948820097978,-0
0.0415967028378933,-0
0.0415985237690307,-0
0.0416003448048243,-0
0.0416021659450126,-0
0.0416039871905507,-0
0.0416058085399833,-0
0.0416076299951617,-0
0.0416094515525426,-0
0.0416112732161476,-0
0.0416130949824995,-0
0.0416149168550895,-0
0.0416167388309774,-0
0.0416185609117397,-0
0.0416203830955853,-0
0.0416222053850035,-0
0.0416240277787595,-0
0.0416258502780312,-0
0.0416276728813531,-0
0.0416294955885925,-0
0.0416313184012195,-0
0.0416331413186669,-0
0.0416349643413079,-0
0.0416367874676327,-0
0.0416386106981794,-0
0.0416404340331257,-0
0.0416422574726716,-0
0.041644081017645,-0
0.041645904667292,-0
0.0416477284218472,-0
0.0416495522822836,-0
0.0416513762469755,-0
0.0416532003145952,-0
0.0416550244880016,-0
0.0416568487659508,-0
0.0416586731494125,-0
0.0416604976369134,-0
0.0416623222302268,-0
0.0416641469280749,-0
0.0416659717303312,-0
0.0416677966363982,-0
0.0416696216488693,-0
0.0416714467677373,-0
0.0416732719921857,-0
0.0416750973190495,-0
0.0416769227525948,-0
0.0416787482895173,-0
0.0416805739351534,-0
0.0416823996842276,-0
0.0416842255401888,-0
0.0416860514982758,-0
0.0416878775625864,-0
0.0416897037312064,-0
0.0416915300074599,-0
0.0416933563868876,-0
0.0416951828705882,-0
0.0416970094602695,-0
0.0416988361546393,-0
0.0417006629553517,-0
0.041702489860502,-0
0.041704316870695,-0
0.0417061439863417,-0
0.0417079712059735,-0
0.0417097985330494,-0
0.0417116259647726,-0
0.0417134535016143,-0
0.0417152811427707,-0
0.0417171088903349,-0
0.0417189367435479,-0
0.04172076470274,-0
0.0417225927650895,-0
0.0417244209331507,-0
0.0417262492063398,-0
0.0417280775861615,-0
0.0417299060708159,-0
0.0417317346619276,-0
0.0417335633579627,-0
0.0417353921605161,-0
0.0417372210701881,-0
0.041739050082978,-0
0.0417408792023219,-0
0.0417427084255092,-0
0.0417445377563663,-0
0.0417463671926624,-0
0.0417481967347823,-0
0.0417500263835456,-0
0.0417518561359262,-0
0.0417536859955003,-0
0.0417555159606902,-0
0.0417573460296247,-0
0.0417591762069324,-0
0.0417610064867933,-0
0.0417628368750885,-0
0.0417646673676473,-0
0.0417664979659303,-0
0.041768328669209,-0
0.0417701594798788,-0
0.0417719903988512,-0
0.0417738214206387,-0
0.0417756525472297,-0
0.0417774837803324,-0
0.0417793151200002,-0
0.0417811465668237,-0
0.0417829781187908,-0
0.0417848097775292,-0
0.0417866415397126,-0
0.0417884734093488,-0
0.041790305385367,-0
0.0417921374680293,-0
0.0417939696544536,-0
0.0417958019467263,-0
0.0417976343458584,-0
0.0417994668513888,-0
0.0418012994642273,-0
0.0418031321835517,-0
0.0418049650086372,-0
0.0418067979390778,-0
0.0418086309750367,-0
0.0418104641195702,-0
0.0418122973685361,-0
0.041814130725697,-0
0.0418159641872452,-0
0.0418177977553346,-0
0.0418196314305021,-0
0.0418214652106353,-0
0.0418232990968635,-0
0.0418251330885259,-0
0.0418269671888005,-0
0.0418288013949363,-0
0.0418306357074309,-0
0.0418324701249708,-0
0.0418343046507037,-0
0.0418361392815805,-0
0.0418379740192295,-0
0.0418398088633766,-0
0.0418416438127456,-0
0.0418434788680628,-0
0.0418453140311039,-0
0.0418471493023434,-0
0.0418489846785857,-0
0.0418508201620137,-0
0.0418526557532723,-0
0.0418544914510281,-0
0.0418563272537751,-0
0.0418581631632092,-0
0.0418599991813162,-0
0.0418618353051392,-0
0.0418636715352176,-0
0.0418655078710475,-0
0.0418673443148861,-0
0.0418691808648075,-0
0.0418710175226804,-0
0.0418728542873597,-0
0.0418746911568354,-0
0.0418765281344483,-0
0.0418783652161965,-0
0.0418802024049226,-0
0.0418820397006376,-0
0.0418838771047414,-0
0.0418857146149181,-0
0.0418875522317809,-0
0.0418893899570187,-0
0.0418912277896728,-0
0.0418930657291585,-0
0.0418949037754197,-0
0.041896741926907,-0
0.0418985801881399,-0
0.0419004185536402,-0
0.0419022570293441,-0
0.0419040956102708,-0
0.0419059342983938,-0
0.041907773093311,-0
0.0419096119949403,-0
0.0419114510043794,-0
0.0419132901191439,-0
0.0419151293439836,-0
0.0419169686738353,-0
0.0419188081087296,-0
0.0419206476517067,-0
0.0419224873046382,-0
0.0419243270638602,-0
0.0419261669294245,-0
0.041928006900782,-0
0.041929846981844,-0
0.041931687171107,-0
0.0419335274656327,-0
0.0419353678676644,-0
0.0419372083768421,-0
0.041939048993765,-0
0.0419408897197718,-0
0.0419427305523169,-0
0.0419445714903902,-0
0.0419464125365636,-0
0.0419482536910933,-0
0.0419500949540685,-0
0.0419519363234321,-0
0.0419537778013942,-0
0.0419556193849994,-0
0.0419574610753669,-0
0.0419593028758564,-0
0.0419611447814133,-0
0.0419629867951959,-0
0.0419648289181341,-0
0.0419666711476721,-0
0.0419685134860149,-0
0.0419703559298719,-0
0.0419721984818608,-0
0.0419740411415596,-0
0.0419758839110498,-0
0.0419777267871283,-0
0.0419795697684764,-0
0.0419814128600235,-0
0.0419832560557864,-0
0.0419850993614262,-0
0.0419869427753311,-0
0.041988786294574,-0
0.0419906299261432,-0
0.0419924736639884,-0
0.0419943175111698,-0
0.0419961614645135,-0
0.0419980055262209,-0
0.0419998496952194,-0
0.0420016939711649,-0
0.0420035383575436,-0
0.0420053828494936,-0
0.0420072274507233,-0
0.0420090721594538,-0
0.0420109169765265,-0
0.0420127619002143,-0
0.042014606932897,-0
0.0420164520736636,-0
0.0420182973226494,-0
0.0420201426792744,-0
0.0420219881459414,-0
0.0420238337200774,-0
0.0420256793996022,-0
0.0420275251894938,-0
0.0420293710875488,-0
0.042031217092861,-0
0.0420330632064566,-0
0.0420349094288601,-0
0.0420367557595033,-0
0.0420386021962999,-0
0.0420404487437147,-0
0.0420422953990928,-0
0.0420441421612762,-0
0.0420459890338488,-0
0.0420478360122557,-0
0.0420496831023508,-0
0.0420515302990558,-0
0.0420533776037477,-0
0.0420552250168854,-0
0.0420570725394733,-0
0.0420589201716894,-0
0.0420607679090397,-0
0.0420626157577824,-0
0.0420644637129967,-0
0.042066311777201,-0
0.0420681599487958,-0
0.0420700082295586,-0
0.0420718566181742,-0
0.0420737051154259,-0
0.042075553722058,-0
0.0420774024366655,-0
0.0420792512607961,-0
0.04208110019349,-0
0.0420829492351438,-0
0.0420847983854759,-0
0.0420866476437732,-0
0.0420884970128611,-0
0.0420903464885869,-0
0.0420921960734,-0
0.0420940457672165,-0
0.0420958955680117,-0
0.0420977454774078,-0
0.0420995954983482,-0
0.0421014456268838,-0
0.0421032958639733,-0
0.0421051462084822,-0
0.042106996663251,-0
0.0421088472267898,-0
0.0421106978994091,-0
0.0421125486804124,-0
0.042114399571177,-0
0.0421162505705901,-0
0.0421181016784566,-0
0.0421199528931935,-0
0.0421218042189361,-0
0.0421236556537986,-0
0.0421255071986193,-0
0.0421273588518807,-0
0.0421292106134527,-0
0.0421310624845423,-0
0.0421329144645582,-0
0.0421347665540987,-0
0.0421366187527924,-0
0.0421384710584742,-0
0.0421403234751502,-0
0.0421421759993393,-0
0.0421440286345327,-0
0.0421458813793264,-0
0.0421477342315453,-0
0.0421495871932377,-0
0.0421514402663552,-0
0.0421532934468201,-0
0.0421551467364912,-0
0.0421570001357187,-0
0.0421588536440138,-0
0.0421607072638836,-0
0.0421625609900523,-0
0.0421644148271619,-0
0.0421662687723625,-0
0.0421681228268025,-0
0.0421699769911217,-0
0.0421718312649928,-0
0.0421736856484757,-0
0.0421755401412133,-0
0.0421773947430862,-0
0.0421792494564955,-0
0.0421811042796012,-0
0.0421829592116062,-0
0.0421848142514328,-0
0.0421866694013527,-0
0.0421885246607358,-0
0.0421903800305298,-0
0.0421922355107084,-0
0.0421940910989215,-0
0.0421959467972354,-0
0.0421978026045796,-0
0.0421996585220194,-0
0.0422015145498974,-0
0.0422033706873471,-0
0.0422052269351945,-0
0.0422070832934238,-0
0.0422089397586155,-0
0.0422107963351911,-0
0.0422126530208854,-0
0.0422145098168292,-0
0.0422163667233965,-0
0.0422182237388923,-0
0.0422200808641473,-0
0.0422219380990149,-0
0.0422237954450218,-0
0.0422256528988465,-0
0.0422275104653889,-0
0.0422293681419842,-0
0.0422312259271878,-0
0.0422330838228175,-0
0.0422349418285154,-0
0.04223679994346,-0
0.0422386581677356,-0
0.0422405165033187,-0
0.0422423749481347,-0
0.0422442335037065,-0
0.04224609216944,-0
0.042247950945283,-0
0.0422498098309378,-0
0.0422516688274448,-0
0.0422535279335456,-0
0.0422553871493226,-0
0.042257246477639,-0
0.0422591059138156,-0
0.0422609654615769,-0
0.0422628251182356,-0
0.0422646848869532,-0
0.0422665447629733,-0
0.042268404751601,-0
0.0422702648499044,-0
0.0422721250594632,-0
0.0422739853799365,-0
0.0422758458098276,-0
0.0422777063506548,-0
0.0422795670005398,-0
0.0422814277611271,-0
0.0422832886323627,-0
0.0422851496157673,-0
0.0422870107054049,-0
0.042288871906989,-0
0.042290733219148,-0
0.0422925946433383,-0
0.0422944561766694,-0
0.0422963178218873,-0
0.0422981795766713,-0
0.0423000414407232,-0
0.0423019034169298,-0
0.0423037655056463,-0
0.0423056277041232,-0
0.0423074900124815,-0
0.0423093524291628,-0
0.0423112149588965,-0
0.0423130776002673,-0
0.0423149403513253,-0
0.0423168032128914,-0
0.0423186661861236,-0
0.0423205292695238,-0
0.0423223924640791,-0
0.0423242557692736,-0
0.0423261191850698,-0
0.0423279827113936,-0
0.0423298463499216,-0
0.0423317100960374,-0
0.0423335739543806,-0
0.0423354379249618,-0
0.0423373020045636,-0
0.0423391661958356,-0
0.0423410304998468,-0
0.0423428949131024,-0
0.042344759438925,-0
0.042346624077183,-0
0.0423484888246889,-0
0.0423503536820481,-0
0.0423522186497426,-0
0.0423540837301405,-0
0.0423559489210929,-0
0.0423578142237384,-0
0.0423596796364022,-0
0.0423615451631835,-0
0.0423634107982317,-0
0.042365276545932,-0
0.0423671424044156,-0
0.0423690083741834,-0
0.042370874455992,-0
0.0423727406473248,-0
0.0423746069510277,-0
0.0423764733647514,-0
0.0423783398899648,-0
0.0423802065271155,-0
0.0423820732754763,-0
0.0423839401359551,-0
0.0423858071076034,-0
0.042387674191971,-0
0.042389541387512,-0
0.0423914086943093,-0
0.0423932761113611,-0
0.0423951436393721,-0
0.0423970112790783,-0
0.0423988790286046,-0
0.0424007468914037,-0
0.0424026148665707,-0
0.0424044829511772,-0
0.0424063511476726,-0
0.0424082194580829,-0
0.0424100878776589,-0
0.0424119564095818,-0
0.04241382505224,-0
0.0424156938072478,-0
0.0424175626732832,-0
0.0424194316540141,-0
0.0424213007443771,-0
0.0424231699461951,-0
0.0424250392606481,-0
0.0424269086876661,-0
0.042428778226248,-0
0.0424306478748644,-0
0.0424325176359629,-0
0.0424343875090242,-0
0.0424362574930773,-0
0.0424381275889165,-0
0.0424399977983889,-0
0.0424418681184509,-0
0.0424437385519048,-0
0.042445609096503,-0
0.042447479751883,-0
0.0424493505187256,-0
0.0424512213998477,-0
0.0424530923923902,-0
0.042454963498214,-0
0.0424568347163553,-0
0.0424587060451492,-0
0.0424605774860628,-0
0.0424624490384666,-0
0.0424643207033101,-0
0.0424661924795431,-0
0.0424680643667493,-0
0.0424699363684919,-0
0.0424718084823833,-0
0.0424736807076065,-0
0.0424755530453296,-0
0.0424774254950232,-0
0.042479298056686,-0
0.0424811707307797,-0
0.0424830435168842,-0
0.0424849164160865,-0
0.0424867894271802,-0
0.0424886625496618,-0
0.0424905357853525,-0
0.042492409135145,-0
0.0424942825936681,-0
0.0424961561649153,-0
0.0424980298500478,-0
0.0424999036473383,-0
0.0425017775554851,-0
0.042503651577501,-0
0.0425055257136797,-0
0.0425073999611291,-0
0.042509274320779,-0
0.0425111487933858,-0
0.0425130233786466,-0
0.0425148980762294,-0
0.0425167728880183,-0
0.0425186478097829,-0
0.0425205228442682,-0
0.0425223979929844,-0
0.0425242732524084,-0
0.0425261486240955,-0
0.0425280241110214,-0
0.0425298997095166,-0
0.0425317754212835,-0
0.0425336512473474,-0
0.0425355271861206,-0
0.0425374032364168,-0
0.0425392793988626,-0
0.0425411556735768,-0
0.042543032061158,-0
0.0425449085622772,-0
0.0425467851762815,-0
0.0425486619013186,-0
0.0425505387403362,-0
0.0425524156928654,-0
0.0425542927560826,-0
0.0425561699329598,-0
0.0425580472237155,-0
0.0425599246304892,-0
0.0425618021461731,-0
0.0425636797761614,-0
0.0425655575183734,-0
0.0425674353766952,-0
0.0425693133462774,-0
0.0425711914283883,-0
0.0425730696224066,-0
0.042574947930381,-0
0.0425768263510182,-0
0.0425787048863891,-0
0.042580583535793,-0
0.0425824622974133,-0
0.0425843411719203,-0
0.0425862201591725,-0
0.0425880992609325,-0
0.0425899784766281,-0
0.042591857803514,-0
0.0425937372428706,-0
0.0425956167971659,-0
0.0425974964661616,-0
0.0425993762454754,-0
0.0426012561390987,-0
0.0426031361453186,-0
0.0426050162662873,-0
0.0426068964989412,-0
0.0426087768461577,-0
0.0426106573079218,-0
0.0426125378821779,-0
0.042614418569097,-0
0.0426162993714951,-0
0.042618180286841,-0
0.0426200613149083,-0
0.0426219424572137,-0
0.0426238237145052,-0
0.0426257050835791,-0
0.0426275865662646,-0
0.0426294681614539,-0
0.0426313498710939,-0
0.0426332316936812,-0
0.0426351136307156,-0
0.0426369956813949,-0
0.04263887784409,-0
0.0426407601225348,-0
0.0426426425133818,-0
0.0426445250192578,-0
0.0426464076382024,-0
0.0426482903699661,-0
0.0426501732158372,-0
0.0426520561766005,-0
0.042653939251603,-0
0.042655822439715,-0
0.0426577057429991,-0
0.0426595891589468,-0
0.0426614726901525,-0
0.0426633563363366,-0
0.0426652400925747,-0
0.0426671239646398,-0
0.0426690079494393,-0
0.042670892048379,-0
0.0426727762619117,-0
0.0426746605889577,-0
0.0426765450323236,-0
0.0426784295889666,-0
0.0426803142594239,-0
0.0426821990444178,-0
0.0426840839420451,-0
0.0426859689552587,-0
0.0426878540822769,-0
0.0426897393227931,-0
0.0426916246764506,-0
0.0426935101456364,-0
0.0426953957277968,-0
0.0426972814268155,-0
0.0426991672391335,-0
0.0427010531633509,-0
0.042702939203039,-0
0.042704825356092,-0
0.0427067116267781,-0
0.042708598010226,-0
0.0427104845075233,-0
0.0427123711200696,-0
0.042714257847687,-0
0.042716144689522,-0
0.0427180316447922,-0
0.0427199187168234,-0
0.0427218059010216,-0
0.0427236932003318,-0
0.042725580613821,-0
0.0427274681414451,-0
0.0427293557844688,-0
0.0427312435400564,-0
0.0427331314119564,-0
0.0427350193968351,-0
0.0427369074971356,-0
0.0427387957136962,-0
0.0427406840441319,-0
0.0427425724902802,-0
0.0427444610504632,-0
0.0427463497250522,-0
0.0427482385137753,-0
0.0427501274168152,-0
0.0427520164371481,-0
0.0427539055698199,-0
0.042755794817507,-0
0.0427576841803565,-0
0.0427595736564029,-0
0.0427614632463251,-0
0.0427633529532851,-0
0.0427652427747249,-0
0.0427671327120699,-0
0.0427690227632733,-0
0.042770912931682,-0
0.0427728032131635,-0
0.0427746936100926,-0
0.0427765841233796,-0
0.0427784747513197,-0
0.0427803654933675,-0
0.0427822563492496,-0
0.0427841473212764,-0
0.0427860384093956,-0
0.0427879296110716,-0
0.0427898209285175,-0
0.042791712361166,-0
0.0427936039066605,-0
0.0427954955693271,-0
0.042797387345913,-0
0.042799279237715,-0
0.0428011712454079,-0
0.0428030633704317,-0
0.042804955609547,-0
0.0428068479631675,-0
0.0428087404326815,-0
0.0428106330168784,-0
0.0428125257168181,-0
0.0428144185314561,-0
0.0428163114622463,-0
0.0428182045074777,-0
0.0428200976700294,-0
0.0428219909469413,-0
0.0428238843370963,-0
0.0428257778455646,-0
0.0428276714671523,-0
0.0428295652038749,-0
0.0428314590584221,-0
0.042833353026853,-0
0.042835247110799,-0
0.0428371413100994,-0
0.0428390356270567,-0
0.0428409300567895,-0
0.0428428246055843,-0
0.0428447192678834,-0
0.0428466140456879,-0
0.0428485089402454,-0
0.0428504039490209,-0
0.0428522990728963,-0
0.0428541943128243,-0
0.042856089669175,-0
0.0428579851423957,-0
0.0428598807302906,-0
0.0428617764337764,-0
0.0428636722554976,-0
0.0428655681922165,-0
0.042867464242455,-0
0.0428693604096677,-0
0.042871256693507,-0
0.0428731530917853,-0
0.0428750496061953,-0
0.0428769462365426,-0
0.0428788429828259,-0
0.0428807398457322,-0
0.0428826368238628,-0
0.0428845339180977,-0
0.0428864311280996,-0
0.0428883284552066,-0
0.0428902258972997,-0
0.0428921234548836,-0
0.0428940211292466,-0
0.0428959189193685,-0
0.0428978168276421,-0
0.042899714850852,-0
0.0429016129906471,-0
0.0429035112468931,-0
0.0429054096174083,-0
0.04290730810611,-0
0.0429092067103056,-0
0.0429111054306359,-0
0.0429130042684337,-0
0.0429149032203354,-0
0.042916802289582,-0
0.0429187014750976,-0
0.0429206007780745,-0
0.0429225001974965,-0
0.04292439973194,-0
0.0429262993831392,-0
0.0429281991499684,-0
0.042930099032409,-0
0.0429319990312523,-0
0.0429338991485461,-0
0.042935799382045,-0
0.0429376997319154,-0
0.0429396001971742,-0
0.0429415007802049,-0
0.0429434014778891,-0
0.0429453022945297,-0
0.0429472032266547,-0
0.042949104275326,-0
0.0429510054403788,-0
0.0429529067210421,-0
0.0429548081193404,-0
0.042956709634995,-0
0.0429586112644387,-0
0.0429605130129479,-0
0.0429624148765153,-0
0.0429643168569276,-0
0.0429662189539462,-0
0.0429681211702312,-0
0.042970023501987,-0
0.0429719259530839,-0
0.0429738285199304,-0
0.0429757312027874,-0
0.0429776340029311,-0
0.0429795369187269,-0
0.042981439953295,-0
0.0429833431034904,-0
0.0429852463703656,-0
0.0429871497560914,-0
0.0429890532579488,-0
0.0429909568772461,-0
0.0429928606127557,-0
0.0429947644634409,-0
0.0429966684320858,-0
0.0429985725166395,-0
0.0430004767184699,-0
0.0430023810385984,-0
0.0430042854771231,-0
0.0430061900300439,-0
0.0430080947032194,-0
0.0430099994914683,-0
0.0430119043976652,-0
0.0430138094223691,-0
0.0430157145634121,-0
0.0430176198215397,-0
0.0430195251980587,-0
0.0430214306910379,-0
0.0430233363010661,-0
0.043025242028876,-0
0.0430271478732298,-0
0.0430290538347772,-0
0.0430309599149737,-0
0.0430328661097599,-0
0.0430347724211086,-0
0.0430366788531235,-0
0.0430385854004143,-0
0.0430404920664102,-0
0.0430423988500064,-0
0.0430443057492596,-0
0.0430462127673742,-0
0.0430481199039753,-0
0.0430500271585669,-0
0.0430519345289608,-0
0.0430538420178784,-0
0.0430557496260616,-0
0.0430576573489183,-0
0.0430595651915481,-0
0.043061473149999,-0
0.0430633812273072,-0
0.043065289422663,-0
0.0430671977343384,-0
0.0430691061628378,-0
0.0430710147111994,-0
0.0430729233777637,-0
0.0430748321615607,-0
0.0430767410632339,-0
0.0430786500840919,-0
0.0430805592216758,-0
0.0430824684772089,-0
0.0430843778493931,-0
0.0430862873405383,-0
0.0430881969494309,-0
0.0430901066763693,-0
0.0430920165201688,-0
0.0430939264839689,-0
0.0430958365638214,-0
0.0430977467615605,-0
0.043099657078364,-0
0.043101567513084,-0
0.0431034780667428,-0
0.0431053887367395,-0
0.0431072995246425,-0
0.0431092104315534,-0
0.0431111214567754,-0
0.0431130325991412,-0
0.0431149438606286,-0
0.0431168552391211,-0
0.0431187667353097,-0
0.0431206783513235,-0
0.0431225900844965,-0
0.0431245019371529,-0
0.0431264139057698,-0
0.043128325995199,-0
0.0431302382024412,-0
0.0431321505295626,-0
0.0431340629727511,-0
0.0431359755350282,-0
0.0431378882146459,-0
0.0431398010142942,-0
0.0431417139314245,-0
0.0431436269674789,-0
0.0431455401219646,-0
0.0431474533929412,-0
0.0431493667848348,-0
0.0431512802943197,-0
0.0431531939202092,-0
0.0431551076665261,-0
0.0431570215322304,-0
0.0431589355167776,-0
0.0431608496179347,-0
0.0431627638367047,-0
0.0431646781776997,-0
0.0431665926363408,-0
0.0431685072132881,-0
0.0431704219079306,-0
0.0431723367207503,-0
0.0431742516545854,-0
0.0431761667068834,-0
0.0431780818777498,-0
0.043179997168196,-0
0.0431819125742868,-0
0.0431838281024794,-0
0.0431857437487964,-0
0.0431876595123865,-0
0.0431895753963079,-0
0.0431914913989867,-0
0.0431934075188778,-0
0.0431953237598078,-0
0.0431972401187576,-0
0.043199156595856,-0
0.043201073192773,-0
0.0432029899091021,-0
0.0432049067449674,-0
0.0432068236983003,-0
0.0432087407728448,-0
0.0432106579669416,-0
0.0432125752780203,-0
0.0432144927079828,-0
0.0432164102574638,-0
0.0432183279260523,-0
0.043220245713239,-0
0.0432221636191417,-0
0.0432240816470025,-0
0.0432259997924282,-0
0.0432279180572533,-0
0.0432298364408897,-0
0.0432317549449544,-0
0.0432336735676165,-0
0.0432355923115699,-0
0.0432375111728645,-0
0.043239430154352,-0
0.0432413492541824,-0
0.0432432684755851,-0
0.0432451878142578,-0
0.043247107274077,-0
0.0432490268528109,-0
0.0432509465488992,-0
0.0432528663662187,-0
0.0432547862998706,-0
0.0432567063541246,-0
0.0432586265286333,-0
0.0432605468235948,-0
0.0432624672366557,-0
0.0432643877710944,-0
0.0432663084243551,-0
0.0432682291976762,-0
0.0432701500900201,-0
0.043272071101478,-0
0.0432739922336442,-0
0.0432759134853318,-0
0.0432778348566771,-0
0.0432797563466664,-0
0.0432816779567878,-0
0.0432835996877636,-0
0.043285521537443,-0
0.0432874435076341,-0
0.0432893655974865,-0
0.0432912878062938,-0
0.0432932101361079,-0
0.0432951325868473,-0
0.0432970551567133,-0
0.043298977845839,-0
0.0433009006538789,-0
0.0433028235828947,-0
0.0433047466329418,-0
0.0433066698023421,-0
0.0433085930916463,-0
0.0433105165008805,-0
0.0433124400304236,-0
0.0433143636787603,-0
0.043316287448874,-0
0.043318211338142,-0
0.0433201353476224,-0
0.0433220594773548,-0
0.043323983727888,-0
0.0433259080973533,-0
0.0433278325859032,-0
0.0433297571965356,-0
0.0433316819277675,-0
0.043333606777266,-0
0.0433355317485498,-0
0.0433374568399527,-0
0.0433393820490639,-0
0.0433413073800016,-0
0.0433432328325008,-0
0.0433451584053577,-0
0.043347084099934,-0
0.0433490099128963,-0
0.0433509358472052,-0
0.043352861900953,-0
0.0433547880759076,-0
0.0433567143733173,-0
0.0433586407878218,-0
0.0433605673239286,-0
0.0433624939793658,-0
0.0433644207559478,-0
0.0433663476538553,-0
0.0433682746705617,-0
0.0433702018088938,-0
0.0433721290679431,-0
0.043374056448032,-0
0.0433759839480335,-0
0.0433779115706664,-0
0.0433798393148113,-0
0.0433817671777062,-0
0.043383695162664,-0
0.0433856232668231,-0
0.0433875514915721,-0
0.0433894798380258,-0
0.0433914083033049,-0
0.0433933368904004,-0
0.043395265597486,-0
0.0433971944258779,-0
0.0433991233766194,-0
0.0434010524465094,-0
0.0434029816402171,-0
0.0434049109522134,-0
0.0434068403866204,-0
0.0434087699405313,-0
0.0434106996173675,-0
0.0434126294132039,-0
0.0434145593301423,-0
0.0434164893671413,-0
0.0434184195272887,-0
0.0434203498066128,-0
0.0434222802083264,-0
0.0434242107305254,-0
0.0434261413749167,-0
0.043428072139386,-0
0.0434300030259277,-0
0.0434319340335279,-0
0.0434338651635916,-0
0.0434357964137704,-0
0.043437727784607,-0
0.0434396592767391,-0
0.0434415908917404,-0
0.0434435226267821,-0
0.0434454544844312,-0
0.0434473864628922,-0
0.0434493185624893,-0
0.0434512507833896,-0
0.0434531831253566,-0
0.0434551155905323,-0
0.0434570481754619,-0
0.0434589808828302,-0
0.0434609137096219,-0
0.0434628466618546,-0
0.0434647797330439,-0
0.0434667129249831,-0
0.0434686462398529,-0
0.0434705796754659,-0
0.0434725132332068,-0
0.0434744469126376,-0
0.0434763807130404,-0
0.043478314634186,-0
0.0434802486797875,-0
0.0434821828454787,-0
0.0434841171329189,-0
0.0434860515414976,-0
0.0434879860744861,-0
0.0434899207263195,-0
0.0434918554991766,-0
0.0434937903932222,-0
0.043495725411313,-0
0.0434976605511209,-0
0.0434995958135103,-0
0.0435015311973239,-0
0.0435034667026702,-0
0.043505402330119,-0
0.0435073380781488,-0
0.0435092739499014,-0
0.0435112099408604,-0
0.0435131460544858,-0
0.0435150822911778,-0
0.0435170186496258,-0
0.0435189551303333,-0
0.0435208917313891,-0
0.0435228284555104,-0
0.043524765302399,-0
0.0435267022729001,-0
0.0435286393647495,-0
0.0435305765767761,-0
0.0435325139110679,-0
0.043534451369094,-0
0.0435363889482316,-0
0.0435383266492844,-0
0.0435402644722077,-0
0.0435422024193494,-0
0.0435441404903783,-0
0.0435460786812977,-0
0.0435480169951165,-0
0.0435499554300383,-0
0.0435518939878642,-0
0.0435538326683055,-0
0.0435557714701819,-0
0.0435577103955421,-0
0.0435596494411898,-0
0.0435615886133625,-0
0.0435635279052172,-0
0.0435654673193061,-0
0.0435674068578721,-0
0.0435693465175449,-0
0.0435712862986265,-0
0.0435732262006701,-0
0.0435751662305364,-0
0.0435771063810149,-0
0.0435790466515896,-0
0.0435809870477833,-0
0.0435829275671959,-0
0.0435848682075263,-0
0.0435868089718021,-0
0.0435887498586411,-0
0.0435906908686186,-0
0.0435926320016831,-0
0.0435945732585388,-0
0.043596514635488,-0
0.0435984561356052,-0
0.0436003977568535,-0
0.0436023395018563,-0
0.0436042813707797,-0
0.0436062233600891,-0
0.0436081654736329,-0
0.0436101077117008,-0
0.0436120500721439,-0
0.0436139925562231,-0
0.0436159351617083,-0
0.0436178778899519,-0
0.0436198207426597,-0
0.0436217637185879,-0
0.0436237068162963,-0
0.0436256500376842,-0
0.0436275933819049,-0
0.0436295368475367,-0
0.0436314804382042,-0
0.0436334241522073,-0
0.0436353679886246,-0
0.0436373119495974,-0
0.0436392560331739,-0
0.0436412002400883,-0
0.0436431445711679,-0
0.0436450890231456,-0
0.0436470335980929,-0
0.0436489782988992,-0
0.043650923121708,-0
0.0436528680678822,-0
0.043654813137875,-0
0.043656758331741,-0
0.0436587036486664,-0
0.0436606490895779,-0
0.0436625946523913,-0
0.0436645403381436,-0
0.0436664861480915,-0
0.043668432081364,-0
0.043670378139585,-0
0.0436723243215665,-0
0.0436742706247029,-0
0.0436762170523715,-0
0.043678163602493,-0
0.0436801102778859,-0
0.0436820570766338,-0
0.0436840039988996,-0
0.0436859510446135,-0
0.0436878982148143,-0
0.043689845508773,-0
0.0436917929255918,-0
0.0436937404662465,-0
0.043695688131263,-0
0.0436976359191052,-0
0.0436995838307566,-0
0.0437015318657407,-0
0.0437034800256395,-0
0.0437054283097381,-0
0.0437073767157807,-0
0.0437093252478406,-0
0.0437112739036958,-0
0.04371322268393,-0
0.0437151715874534,-0
0.0437171206143559,-0
0.0437190697654609,-0
0.0437210190398175,-0
0.0437229684371785,-0
0.0437249179605015,-0
0.0437268676063046,-0
0.0437288173767124,-0
0.0437307672709212,-0
0.0437327172898574,-0
0.0437346674320184,-0
0.0437366177004124,-0
0.0437385680926069,-0
0.0437405186092471,-0
0.0437424692490132,-0
0.0437444200122656,-0
0.0437463709011266,-0
0.0437483219135688,-0
0.0437502730503027,-0
0.0437522243116123,-0
0.0437541756967855,-0
0.0437561272071929,-0
0.0437580788427489,-0
0.0437600306030653,-0
0.0437619824877833,-0
0.0437639344958109,-0
0.0437658866269776,-0
0.0437678388830365,-0
0.0437697912637983,-0
0.0437717437682714,-0
0.0437736963976302,-0
0.0437756491537223,-0
0.0437776020310816,-0
0.0437795550353436,-0
0.0437815081621122,-0
0.0437834614165551,-0
0.0437854147939636,-0
0.0437873682952765,-0
0.0437893219230851,-0
0.0437912756738378,-0
0.0437932295508623,-0
0.0437951835518462,-0
0.0437971376764937,-0
0.0437990919294984,-0
0.0438010463046453,-0
0.0438030008038649,-0
0.0438049554276082,-0
0.0438069101777581,-0
0.0438088650535204,-0
0.0438108200531169,-0
0.043812775178316,-0
0.0438147304278253,-0
0.043816685802579,-0
0.0438186413011682,-0
0.0438205969258519,-0
0.0438225526754246,-0
0.0438245085480901,-0
0.0438264645456218,-0
0.0438284206685092,-0
0.0438303769173852,-0
0.0438323332901298,-0
0.0438342897915312,-0
0.0438362464156167,-0
0.0438382031639527,-0
0.0438401600383668,-0
0.0438421170375247,-0
0.0438440741635065,-0
0.0438460314144383,-0
0.0438479887919251,-0
0.0438499462924167,-0
0.0438519039200035,-0
0.0438538616713137,-0
0.0438558195472952,-0
0.0438577775502191,-0
0.0438597356776153,-0
0.0438616939310045,-0
0.0438636523081191,-0
0.0438656108107942,-0
0.0438675694405619,-0
0.0438695281954135,-0
0.0438714870759615,-0
0.0438734460838607,-0
0.0438754052154454,-0
0.0438773644725148,-0
0.0438793238561054,-0
0.0438812833632664,-0
0.0438832429966113,-0
0.0438852027551001,-0
0.0438871626401795,-0
0.0438891226504789,-0
0.043891082785113,-0
0.0438930430473755,-0
0.0438950034345647,-0
0.0438969639460124,-0
0.0438989245851425,-0
0.0439008853511398,-0
0.0439028462418554,-0
0.0439048072588429,-0
0.0439067684006921,-0
0.0439087296692997,-0
0.043910691063399,-0
0.0439126525830278,-0
0.043914614227657,-0
0.0439165759981612,-0
0.0439185378945378,-0
0.0439204999181687,-0
0.0439224620687559,-0
0.0439244243448063,-0
0.0439263867478342,-0
0.043928349276311,-0
0.0439303119306496,-0
0.0439322747087653,-0
0.0439342376149134,-0
0.0439362006463061,-0
0.0439381638032859,-0
0.0439401270849923,-0
0.0439420904948905,-0
0.043944054030868,-0
0.0439460176945279,-0
0.043947981483481,-0
0.0439499453970644,-0
0.0439519094380031,-0
0.0439538736050203,-0
0.0439558378996751,-0
0.0439578023196377,-0
0.0439597668676897,-0
0.043961731540409,-0
0.0439636963406888,-0
0.0439656612655835,-0
0.0439676263189347,-0
0.0439695914955246,-0
0.0439715568018648,-0
0.0439735222340033,-0
0.0439754877915957,-0
0.0439774534771379,-0
0.0439794192896011,-0
0.043981385228108,-0
0.0439833512932181,-0
0.043985317483428,-0
0.0439872838005909,-0
0.0439892502445019,-0
0.0439912168156878,-0
0.0439931835131295,-0
0.0439951503383093,-0
0.0439971172903108,-0
0.0439990843685533,-0
0.0440010515722531,-0
0.044003018903356,-0
0.0440049863617568,-0
0.044006953945768,-0
0.0440089216565196,-0
0.0440108894934528,-0
0.04401285745817,-0
0.0440148255513557,-0
0.0440167937707691,-0
0.0440187621175727,-0
0.044020730591046,-0
0.0440226991920099,-0
0.0440246679187829,-0
0.0440266367745579,-0
0.0440286057563828,-0
0.0440305748639626,-0
0.0440325441001428,-0
0.0440345134639846,-0
0.0440364829532548,-0
0.0440384525682467,-0
0.0440404223110968,-0
0.0440423921827321,-0
0.044044362182123,-0
0.0440463323074247,-0
0.0440483025597978,-0
0.0440502729406798,-0
0.044052243446139,-0
0.0440542140799752,-0
0.0440561848428589,-0
0.0440581557332945,-0
0.0440601267495537,-0
0.0440620978949434,-0
0.0440640691674876,-0
0.0440660405657458,-0
0.0440680120905728,-0
0.0440699837427681,-0
0.0440719555255938,-0
0.0440739274340465,-0
0.0440758994688466,-0
0.0440778716315165,-0
0.0440798439229827,-0
0.0440818163415698,-0
0.0440837888866146,-0
0.0440857615586182,-0
0.0440877343585197,-0
0.0440897072873854,-0
0.0440916803446082,-0
0.0440936535285711,-0
0.0440956268407444,-0
0.0440976002808349,-0
0.0440995738470654,-0
0.0441015475423486,-0
0.0441035213643857,-0
0.0441054953159058,-0
0.0441074693951117,-0
0.0441094436005977,-0
0.0441114179366654,-0
0.0441133923982043,-0
0.0441153669873648,-0
0.0441173417048239,-0
0.044119316550825,-0
0.0441212915253187,-0
0.0441232666279059,-0
0.0441252418576936,-0
0.0441272172156861,-0
0.044129192702255,-0
0.0441311683158887,-0
0.0441331440585356,-0
0.0441351199281912,-0
0.0441370959247284,-0
0.044139072051999,-0
0.0441410483074206,-0
0.0441430246899225,-0
0.0441450012010929,-0
0.0441469778413561,-0
0.0441489546075626,-0
0.0441509315050236,-0
0.0441529085287166,-0
0.0441548856809605,-0
0.0441568629607114,-0
0.0441588403690862,-0
0.0441608179056914,-0
0.0441627955714774,-0
0.0441647733657591,-0
0.0441667512877121,-0
0.044168729338344,-0
0.044170707516163,-0
0.0441726858242523,-0
0.0441746642605126,-0
0.0441766428254271,-0
0.0441786215185648,-0
0.044180600341072,-0
0.044182579292264,-0
0.0441845583726628,-0
0.0441865375815124,-0
0.0441885169184994,-0
0.0441904963833461,-0
0.0441924759783338,-0
0.0441944557008939,-0
0.0441964355528825,-0
0.0441984155329738,-0
0.0442003956420275,-0
0.0442023758783944,-0
0.0442043562438496,-0
0.0442063367386765,-0
0.0442083173628575,-0
0.0442102981160258,-0
0.0442122789992897,-0
0.0442142600091345,-0
0.0442162411482454,-0
0.0442182224166729,-0
0.0442202038134712,-0
0.0442221853398673,-0
0.0442241669945376,-0
0.0442261487776642,-0
0.0442281306916063,-0
0.0442301127337605,-0
0.0442320949049041,-0
0.0442340772055818,-0
0.0442360596345132,-0
0.0442380421935111,-0
0.0442400248800304,-0
0.0442420076953588,-0
0.0442439906419183,-0
0.0442459737178476,-0
0.0442479569236359,-0
0.0442499402565336,-0
0.0442519237213279,-0
0.0442539073127389,-0
0.0442558910363414,-0
0.0442578748886884,-0
0.0442598588687205,-0
0.0442618429767484,-0
0.0442638272153782,-0
0.0442658115851987,-0
0.0442677960839353,-0
0.0442697807121448,-0
0.0442717654682852,-0
0.044273750356025,-0
0.0442757353709725,-0
0.0442777205154526,-0
0.0442797057904253,-0
0.0442816911961176,-0
0.0442836767312826,-0
0.0442856623959824,-0
0.0442876481895761,-0
0.0442896341137768,-0
0.0442916201682873,-0
0.0442936063506379,-0
0.0442955926622272,-0
0.0442975791039767,-0
0.0442995656756833,-0
0.04430155237752,-0
0.0443035392098768,-0
0.0443055261701875,-0
0.0443075132605265,-0
0.0443095004802852,-0
0.0443114878318609,-0
0.0443134753124939,-0
0.0443154629236428,-0
0.0443174506637259,-0
0.0443194385340821,-0
0.0443214265362019,-0
0.0443234146666099,-0
0.0443254029294382,-0
0.0443273913218071,-0
0.0443293798424046,-0
0.0443313684923304,-0
0.0443333572717045,-0
0.0443353461811603,-0
0.0443373352220671,-0
0.0443393243939277,-0
0.0443413136951367,-0
0.0443433031265959,-0
0.0443452926898928,-0
0.0443472823822021,-0
0.0443492722052741,-0
0.0443512621588618,-0
0.0443532522408866,-0
0.0443552424519019,-0
0.0443572327931919,-0
0.0443592232661958,-0
0.0443612138695717,-0
0.0443632046037254,-0
0.0443651954685279,-0
0.0443671864636422,-0
0.044369177589559,-0
0.0443711688465232,-0
0.044373160232636,-0
0.0443751517490646,-0
0.0443771433975334,-0
0.0443791351764253,-0
0.0443811270858072,-0
0.0443831191253436,-0
0.0443851112961696,-0
0.0443871035985445,-0
0.0443890960303477,-0
0.0443910885919992,-0
0.0443930812865838,-0
0.044395074110743,-0
0.0443970670647159,-0
0.0443990601500858,-0
0.0444010533647932,-0
0.0444030467115013,-0
0.0444050401899592,-0
0.0444070337975675,-0
0.0444090275379603,-0
0.0444110214074679,-0
0.0444130154073108,-0
0.0444150095387722,-0
0.0444170038011669,-0
0.0444189981953434,-0
0.0444209927198059,-0
0.0444229873744326,-0
0.0444249821610623,-0
0.0444269770779127,-0
0.0444289721266487,-0
0.0444309673048922,-0
0.0444329626160662,-0
0.0444349580591671,-0
0.0444369536320798,-0
0.0444389493368148,-0
0.0444409451732451,-0
0.0444429411392776,-0
0.0444449372363604,-0
0.0444469334659977,-0
0.0444489298252246,-0
0.0444509263174242,-0
0.0444529229386999,-0
0.0444549196933715,-0
0.0444569165772216,-0
0.0444589135950463,-0
0.0444609107438528,-0
0.0444629080245435,-0
0.044464905437308,-0
0.044466902980651,-0
0.0444689006539511,-0
0.0444708984597183,-0
0.044472896396976,-0
0.0444748944670181,-0
0.0444768926653758,-0
0.0444788909974865,-0
0.0444808894599949,-0
0.0444828880550232,-0
0.0444848867821498,-0
0.0444868856405768,-0
0.044488884631261,-0
0.0444908837544295,-0
0.0444928830075573,-0
0.0444948823904892,-0
0.044496881906032,-0
0.0444988815554623,-0
0.044500881335145,-0
0.0445028812470625,-0
0.0445048812915247,-0
0.0445068814669952,-0
0.0445088817769047,-0
0.0445108822154332,-0
0.0445128827875329,-0
0.0445148834933908,-0
0.0445168843293924,-0
0.0445188852967389,-0
0.0445208863960646,-0
0.044522887627609,-0
0.0445248889912923,-0
0.0445268904880862,-0
0.0445288921158547,-0
0.0445308938766196,-0
0.0445328957691307,-0
0.0445348977925434,-0
0.0445368999492986,-0
0.0445389022391091,-0
0.0445409046600334,-0
0.0445429072128175,-0
0.0445449098971064,-0
0.0445469127128333,-0
0.0445489156623222,-0
0.0445509187450765,-0
0.0445529219596368,-0
0.044554925307365,-0
0.0445569287876697,-0
0.0445589323984062,-0
0.0445609361429242,-0
0.0445629400197396,-0
0.0445649440278997,-0
0.0445669481705025,-0
0.0445689524434513,-0
0.0445709568488203,-0
0.044572961388444,-0
0.0445749660598803,-0
0.0445769708621887,-0
0.0445789757976438,-0
0.044580980866697,-0
0.0445829860676475,-0
0.0445849914014289,-0
0.0445869968689413,-0
0.0445890024694616,-0
0.0445910082030281,-0
0.0445930140691619,-0
0.0445950200672593,-0
0.0445970261980777,-0
0.0445990324614997,-0
0.0446010388579423,-0
0.0446030453870771,-0
0.0446050520491302,-0
0.0446070588455009,-0
0.0446090657751845,-0
0.0446110728363624,-0
0.0446130800295097,-0
0.0446150873556885,-0
0.0446170948141945,-0
0.0446191024075184,-0
0.0446211101317109,-0
0.0446231179896523,-0
0.0446251259823924,-0
0.0446271341072809,-0
0.0446291423644782,-0
0.0446311507566953,-0
0.0446331592803699,-0
0.0446351679367295,-0
0.0446371767272846,-0
0.0446391856515092,-0
0.0446411947094603,-0
0.0446432038988003,-0
0.04464521322447,-0
0.0446472226788582,-0
0.0446492322690018,-0
0.0446512419907534,-0
0.0446532518498781,-0
0.0446552618404285,-0
0.0446572719624875,-0
0.0446592822200925,-0
0.0446612926087081,-0
0.0446633031307644,-0
0.044665313787229,-0
0.0446673245785975,-0
0.0446693355036006,-0
0.0446713465625521,-0
0.0446733577546944,-0
0.0446753690802574,-0
0.0446773805388289,-0
0.0446793921300519,-0
0.0446814038571346,-0
0.0446834157165882,-0
0.0446854277095854,-0
0.0446874398342857,-0
0.0446894520963833,-0
0.044691464490293,-0
0.0446934770190877,-0
0.0446954896805704,-0
0.0446975024753761,-0
0.0446995154059911,-0
0.044701528469155,-0
0.0447035416659678,-0
0.0447055549972502,-0
0.0447075684625078,-0
0.044709582062867,-0
0.0447115957967948,-0
0.0447136096636551,-0
0.044715623664832,-0
0.0447176378001196,-0
0.0447196520696354,-0
0.0447216664724235,-0
0.0447236810091769,-0
0.044725695678529,-0
0.0447277104845697,-0
0.0447297254244462,-0
0.0447317404976637,-0
0.0447337557061959,-0
0.0447357710487627,-0
0.0447377865255803,-0
0.0447398021363768,-0
0.0447418178812243,-0
0.0447438337592297,-0
0.0447458497736742,-0
0.0447478659223345,-0
0.0447498822043767,-0
0.0447518986208333,-0
0.044753915172397,-0
0.0447559318589339,-0
0.0447579486780482,-0
0.0447599656317239,-0
0.0447619827206162,-0
0.0447639999446928,-0
0.0447660173038303,-0
0.0447680347951647,-0
0.0447700524214337,-0
0.0447720701812858,-0
0.0447740880764159,-0
0.0447761061059828,-0
0.0447781242707587,-0
0.0447801425702871,-0
0.0447821610050425,-0
0.0447841795741542,-0
0.0447861982794887,-0
0.0447882171186292,-0
0.0447902360922271,-0
0.0447922552008453,-0
0.0447942744466836,-0
0.0447962938240832,-0
0.0447983133380051,-0
0.0448003329855034,-0
0.0448023527677826,-0
0.0448043726854923,-0
0.0448063927364268,-0
0.0448084129244054,-0
0.0448104332446723,-0
0.0448124537011999,-0
0.0448144742932674,-0
0.0448164950209071,-0
0.0448185158836389,-0
0.0448205368816638,-0
0.0448225580147815,-0
0.0448245792818736,-0
0.0448266006851625,-0
0.0448286222242188,-0
0.0448306438972037,-0
0.0448326657054719,-0
0.0448346876497344,-0
0.0448367097296429,-0
0.04483873194482,-0
0.0448407542947651,-0
0.0448427767805376,-0
0.044844799399034,-0
0.0448468221556278,-0
0.044848845047311,-0
0.0448508680733369,-0
0.0448528912347269,-0
0.0448549145326792,-0
0.0448569379632222,-0
0.0448589615309702,-0
0.0448609852341079,-0
0.0448630090733881,-0
0.0448650330495339,-0
0.0448670571606625,-0
0.0448690814060633,-0
0.0448711057882926,-0
0.0448731303045836,-0
0.0448751549577497,-0
0.0448771797472181,-0
0.0448792046716579,-0
0.0448812297328535,-0
0.0448832549283055,-0
0.0448852802592238,-0
0.0448873057268297,-0
0.0448893313302579,-0
0.0448913570702109,-0
0.0448933829461087,-0
0.0448954089556108,-0
0.0448974351030633,-0
0.044899461384417,-0
0.0449014878040629,-0
0.0449035143573107,-0
0.0449055410476095,-0
0.0449075678738343,-0
0.0449095948361659,-0
0.0449116219337158,-0
0.0449136491689038,-0
0.0449156765391682,-0
0.0449177040454656,-0
0.0449197316885064,-0
0.0449217594671831,-0
0.0449237873813383,-0
0.0449258154319711,-0
0.0449278436204855,-0
0.0449298719450386,-0
0.0449319004053813,-0
0.0449339290015981,-0
0.0449359577340566,-0
0.0449379866012718,-0
0.0449400156062908,-0
0.0449420447474044,-0
0.0449440740256561,-0
0.0449461034400225,-0
0.0449481329899279,-0
0.0449501626765991,-0
0.0449521924997438,-0
0.0449542224579709,-0
0.0449562525551818,-0
0.0449582827883837,-0
0.0449603131560996,-0
0.0449623436614158,-0
0.0449643743032471,-0
0.0449664050815523,-0
0.0449684359962207,-0
0.0449704670488946,-0
0.0449724982375822,-0
0.0449745295638782,-0
0.0449765610268678,-0
0.0449785926263468,-0
0.0449806243617706,-0
0.0449826562348665,-0
0.0449846882444259,-0
0.0449867203904384,-0
0.0449887526735582,-0
0.0449907850939403,-0
0.0449928176502051,-0
0.0449948503434242,-0
0.0449968831740039,-0
0.0449989161433506,-0
0.045000949247483,-0
0.0450029824885702,-0
0.0450050158680377,-0
0.0450070493832411,-0
0.045009083037161,-0
0.0450111168279361,-0
0.0450131507557654,-0
0.0450151848203158,-0
0.0450172190222875,-0
0.0450192533605768,-0
0.0450212878355474,-0
0.0450233224485811,-0
0.0450253571988957,-0
0.0450273920841242,-0
0.0450294271077784,-0
0.0450314622691889,-0
0.0450334975691761,-0
0.0450355330048665,-0
0.045037568580173,-0
0.04503960429284,-0
0.0450416401399791,-0
0.0450436761265035,-0
0.0450457122505322,-0
0.0450477485108316,-0
0.0450497849077706,-0
0.0450518214431399,-0
0.0450538581180753,-0
0.0450558949279613,-0
0.0450579318757344,-0
0.045059968962042,-0
0.0450620061850601,-0
0.0450640435460982,-0
0.0450660810454477,-0
0.0450681186824804,-0
0.0450701564569031,-0
0.0450721943688656,-0
0.0450742324186447,-0
0.0450762706067331,-0
0.0450783089325892,-0
0.0450803473962546,-0
0.0450823859995393,-0
0.0450844247383874,-0
0.0450864636139472,-0
0.0450885026275749,-0
0.0450905417801903,-0
0.0450925810708449,-0
0.0450946204977935,-0
0.0450966600651152,-0
0.0450986997691634,-0
0.0451007396124513,-0
0.0451027795922851,-0
0.0451048197110524,-0
0.0451068599688103,-0
0.045108900364927,-0
0.0451109408974907,-0
0.0451129815686096,-0
0.0451150223775664,-0
0.0451170633255511,-0
0.0451191044097782,-0
0.0451211456319835,-0
0.0451231869938799,-0
0.0451252284943321,-0
0.0451272701330987,-0
0.0451293119094665,-0
0.0451313538234143,-0
0.0451333958767086,-0
0.045135438066341,-0
0.0451374803963395,-0
0.0451395228654354,-0
0.0451415654709374,-0
0.0451436082156718,-0
0.0451456510988489,-0
0.0451476941228825,-0
0.045149737283608,-0
0.0451517805842131,-0
0.0451538240222988,-0
0.0451558675992716,-0
0.0451579113152809,-0
0.0451599551706211,-0
0.0451619991639124,-0
0.0451640432964355,-0
0.0451660875664345,-0
0.0451681319756891,-0
0.0451701765230474,-0
0.0451722212078934,-0
0.0451742660332498,-0
0.0451763109972911,-0
0.0451783561013387,-0
0.0451804013439264,-0
0.045182446723618,-0
0.0451844922433136,-0
0.0451865379027175,-0
0.0451885836995667,-0
0.0451906296338034,-0
0.0451926757086454,-0
0.0451947219241237,-0
0.0451967682771754,-0
0.0451988147687151,-0
0.0452008613998395,-0
0.0452029081715925,-0
0.0452049550804923,-0
0.0452070021284854,-0
0.0452090493165976,-0
0.0452110966438247,-0
0.0452131441101333,-0
0.0452151917165321,-0
0.0452172394608978,-0
0.0452192873445958,-0
0.0452213353678013,-0
0.0452233835288321,-0
0.0452254318329462,-0
0.0452274802745479,-0
0.0452295288566865,-0
0.0452315775756495,-0
0.0452336264352191,-0
0.0452356754340058,-0
0.045237724573186,-0
0.0452397738511988,-0
0.0452418232695141,-0
0.0452438728261886,-0
0.0452459225226157,-0
0.0452479723580539,-0
0.0452500223334027,-0
0.0452520724494335,-0
0.0452541227039587,-0
0.0452561730984259,-0
0.0452582236334281,-0
0.0452602743052438,-0
0.0452623251182322,-0
0.0452643760714165,-0
0.0452664271663694,-0
0.0452684784002813,-0
0.0452705297740792,-0
0.0452725812866794,-0
0.045274632940023,-0
0.0452766847323987,-0
0.0452787366651271,-0
0.0452807887378774,-0
0.0452828409509296,-0
0.0452848933032158,-0
0.0452869457933835,-0
0.045288998426336,-0
0.0452910511996662,-0
0.0452931041130346,-0
0.0452951571653739,-0
0.0452972103577132,-0
0.0452992636898636,-0
0.0453013171632276,-0
0.0453033707759659,-0
0.0453054245298518,-0
0.0453074784232681,-0
0.045309532455939,-0
0.0453115866297454,-0
0.0453136409439438,-0
0.0453156953983611,-0
0.0453177499930102,-0
0.0453198047281811,-0
0.0453218596049384,-0
0.0453239146205738,-0
0.0453259697764268,-0
0.0453280250715623,-0
0.0453300805092669,-0
0.0453321360880556,-0
0.0453341918037248,-0
0.0453362476631351,-0
0.0453383036621406,-0
0.0453403598022622,-0
0.0453424160838632,-0
0.0453444725054375,-0
0.0453465290682098,-0
0.0453485857713914,-0
0.0453506426145027,-0
0.045352699599502,-0
0.0453547567227693,-0
0.0453568139868524,-0
0.0453588713911237,-0
0.045360928938225,-0
0.0453629866264894,-0
0.0453650444538284,-0
0.0453671024255039,-0
0.0453691605369303,-0
0.0453712187862374,-0
0.0453732771770879,-0
0.0453753357094899,-0
0.045377394381939,-0
0.0453794531975996,-0
0.0453815121519787,-0
0.0453835712480658,-0
0.0453856304852871,-0
0.0453876898677469,-0
0.0453897493868663,-0
0.0453918090476493,-0
0.0453938688505447,-0
0.0453959287923966,-0
0.0453979888772943,-0
0.0454000491027972,-0
0.0454021094677825,-0
0.0454041699740923,-0
0.0454062306233017,-0
0.0454082914114963,-0
0.0454103523429311,-0
0.0454124134160583,-0
0.0454144746295507,-0
0.0454165359872994,-0
0.0454185974846915,-0
0.045420659124005,-0
0.0454227209065902,-0
0.0454247828261145,-0
0.0454268448909251,-0
0.0454289070963827,-0
0.045430969442025,-0
0.0454330319307958,-0
0.0454350945576602,-0
0.0454371573265603,-0
0.0454392202405108,-0
0.0454412832956826,-0
0.0454433464911198,-0
0.0454454098281204,-0
0.0454474733058939,-0
0.0454495369273228,-0
0.0454516006897573,-0
0.0454536645962207,-0
0.0454557286443912,-0
0.0454577928310055,-0
0.0454598571616037,-0
0.0454619216338792,-0
0.0454639862470652,-0
0.0454660510041241,-0
0.0454681159010622,-0
0.0454701809417092,-0
0.0454722461230931,-0
0.0454743114449903,-0
0.0454763769126075,-0
0.0454784425225506,-0
0.0454805082718888,-0
0.0454825741620697,-0
0.0454846401956202,-0
0.0454867063716153,-0
0.0454887726899475,-0
0.0454908391508047,-0
0.0454929057539433,-0
0.0454949724985717,-0
0.0454970393836228,-0
0.045499106411774,-0
0.0455011735833384,-0
0.0455032408986517,-0
0.0455053083546803,-0
0.0455073759526131,-0
0.0455094436906577,-0
0.0455115115733341,-0
0.0455135795980489,-0
0.0455156477670127,-0
0.0455177160762216,-0
0.045519784531042,-0
0.0455218531271341,-0
0.0455239218651912,-0
0.0455259907454608,-0
0.0455280597703896,-0
0.0455301289366269,-0
0.0455321982449267,-0
0.0455342676960981,-0
0.0455363372888383,-0
0.0455384070253151,-0
0.0455404769042862,-0
0.0455425469263278,-0
0.0455446170921387,-0
0.0455466873995261,-0
0.0455487578509945,-0
0.0455508284437457,-0
0.0455528991797823,-0
0.0455549700567011,-0
0.0455570410769037,-0
0.0455591122403217,-0
0.0455611835462086,-0
0.0455632549979353,-0
0.0455653265918512,-0
0.0455673983262133,-0
0.0455694702036873,-0
0.0455715422261734,-0
0.0455736143923056,-0
0.0455756866993161,-0
0.0455777591512317,-0
0.0455798317450428,-0
0.045581904482318,-0
0.0455839773634586,-0
0.0455860503881767,-0
0.045588123556,-0
0.0455901968657334,-0
0.0455922703185753,-0
0.0455943439170923,-0
0.0455964176572611,-0
0.0455984915422065,-0
0.0456005655704147,-0
0.0456026397420218,-0
0.0456047140570525,-0
0.0456067885139956,-0
0.0456088631174122,-0
0.04561093786073,-0
0.0456130127499611,-0
0.0456150877822923,-0
0.0456171629556427,-0
0.0456192382746122,-0
0.0456213137363306,-0
0.0456233893428433,-0
0.0456254650938434,-0
0.0456275409869438,-0
0.0456296170211343,-0
0.0456316932017016,-0
0.0456337695263215,-0
0.0456358459928613,-0
0.0456379226042892,-0
0.0456399993584135,-0
0.0456420762573748,-0
0.0456441533002759,-0
0.0456462304866992,-0
0.0456483078187687,-0
0.0456503852933507,-0
0.0456524629117392,-0
0.0456545406756159,-0
0.0456566185831443,-0
0.0456586966330466,-0
0.0456607748289871,-0
0.0456628531684024,-0
0.0456649316510741,-0
0.0456670102781948,-0
0.0456690890490653,-0
0.0456711679640068,-0
0.0456732470234534,-0
0.0456753262274604,-0
0.0456774055727322,-0
0.0456794850631561,-0
0.045681564697907,-0
0.0456836444776424,-0
0.0456857244025362,-0
0.0456878044719807,-0
0.0456898846843482,-0
0.0456919650438945,-0
0.0456940455451748,-0
0.0456961261914366,-0
0.0456982069818768,-0
0.0457002879149715,-0
0.0457023689938806,-0
0.0457044502172343,-0
0.0457065315873108,-0
0.0457086131004866,-0
0.045710694757051,-0
0.0457127765595,-0
0.0457148585050327,-0
0.0457169405948415,-0
0.0457190228313414,-0
0.045721105213821,-0
0.0457231877379177,-0
0.0457252704099896,-0
0.0457273532251256,-0
0.0457294361847446,-0
0.0457315192896605,-0
0.0457336025400145,-0
0.0457356859336795,-0
0.0457377694727517,-0
0.045739853154685,-0
0.0457419369843705,-0
0.0457440209562926,-0
0.0457461050753035,-0
0.045748189340301,-0
0.0457502737493702,-0
0.0457523583046664,-0
0.0457544430028217,-0
0.0457565278462391,-0
0.0457586128351077,-0
0.0457606979692905,-0
0.0457627832455875,-0
0.045764868669483,-0
0.045766954239166,-0
0.0457690399543744,-0
0.0457711258144317,-0
0.0457732118179355,-0
0.045775297965802,-0
0.0457773842604658,-0
0.0457794706996355,-0
0.0457815572843231,-0
0.0457836440153756,-0
0.0457857308932756,-0
0.0457878179142374,-0
0.0457899050832741,-0
0.0457919923953124,-0
0.0457940798533606,-0
0.0457961674578541,-0
0.0457982552056788,-0
0.0458003431006276,-0
0.0458024311415606,-0
0.045804519328432,-0
0.0458066076588643,-0
0.0458086961347536,-0
0.0458107847562618,-0
0.0458128735241672,-0
0.0458149624384816,-0
0.045817051498051,-0
0.0458191407030154,-0
0.0458212300532011,-0
0.0458233195522122,-0
0.0458254091954339,-0
0.0458274989849354,-0
0.0458295889215097,-0
0.0458316790028609,-0
0.04583376922702,-0
0.0458358595990121,-0
0.0458379501188143,-0
0.0458400407844808,-0
0.045842131593804,-0
0.0458442225506735,-0
0.0458463136544693,-0
0.0458484049028304,-0
0.0458504962971813,-0
0.0458525878368226,-0
0.0458546795229426,-0
0.0458567713572473,-0
0.0458588633362822,-0
0.0458609554618032,-0
0.0458630477327167,-0
0.0458651401515692,-0
0.0458672327137519,-0
0.0458693254253782,-0
0.0458714182811194,-0
0.0458735112835379,-0
0.0458756044339376,-0
0.0458776977289786,-0
0.0458797911719897,-0
0.0458818847597361,-0
0.0458839784959263,-0
0.04588607237765,-0
0.0458881664062325,-0
0.0458902605809672,-0
0.0458923549017279,-0
0.0458944493679014,-0
0.0458965439837477,-0
0.0458986387430889,-0
0.0459007336494849,-0
0.0459028287054695,-0
0.0459049239069015,-0
0.0459070192540625,-0
0.0459091147471072,-0
0.045911210386132,-0
0.0459133061743518,-0
0.045915402109071,-0
0.0459174981894996,-0
0.0459195944192681,-0
0.0459216907941949,-0
0.0459237873158989,-0
0.0459258839861792,-0
0.0459279808036706,-0
0.0459300777665561,-0
0.0459321748770951,-0
0.0459342721340378,-0
0.0459363695361433,-0
0.0459384670878175,-0
0.0459405647878309,-0
0.0459426626327029,-0
0.0459447606242146,-0
0.0459468587637847,-0
0.0459489570505447,-0
0.0459510554830026,-0
0.045953154064015,-0
0.0459552527925497,-0
0.0459573516670475,-0
0.0459594506898466,-0
0.045961549859856,-0
0.0459636491779731,-0
0.045965748641677,-0
0.0459678482543846,-0
0.0459699480161012,-0
0.0459720479234767,-0
0.0459741479801795,-0
0.0459762481824282,-0
0.0459783485332188,-0
0.0459804490305092,-0
0.0459825496737356,-0
0.0459846504648101,-0
0.0459867514052166,-0
0.0459888524933951,-0
0.0459909537295035,-0
0.0459930551094844,-0
0.0459951566402915,-0
0.0459972583180731,-0
0.0459993601447093,-0
0.0460014621175687,-0
0.0460035642378969,-0
0.046005666505837,-0
0.0460077689214772,-0
0.0460098714848469,-0
0.0460119741973727,-0
0.0460140770575482,-0
0.0460161800641432,-0
0.0460182832211004,-0
0.0460203865243325,-0
0.0460224899768657,-0
0.0460245935726235,-0
0.0460266973193461,-0
0.0460288012154104,-0
0.0460309052589286,-0
0.0460330094503576,-0
0.0460351137899228,-0
0.0460372182795769,-0
0.0460393229175318,-0
0.0460414277042554,-0
0.0460435326378786,-0
0.046045637719922,-0
0.0460477429483281,-0
0.0460498483270978,-0
0.0460519538518549,-0
0.0460540595247294,-0
0.0460561653462735,-0
0.0460582713183596,-0
0.0460603774378015,-0
0.046062483705697,-0
0.0460645901217139,-0
0.046066696687463,-0
0.0460688034005305,-0
0.0460709102617456,-0
0.0460730172717631,-0
0.0460751244313762,-0
0.0460772317387442,-0
0.0460793391940573,-0
0.0460814468001568,-0
0.0460835545540775,-0
0.0460856624580158,-0
0.0460877705089628,-0
0.046089878709471,-0
0.0460919870572622,-0
0.0460940955540014,-0
0.046096204200484,-0
0.0460983129948919,-0
0.0461004219367804,-0
0.046102531029125,-0
0.0461046402701308,-0
0.0461067496585495,-0
0.0461088591966442,-0
0.0461109688848135,-0
0.0461130787201968,-0
0.0461151887082085,-0
0.0461172988446417,-0
0.0461194091281331,-0
0.0461215195616,-0
0.0461236301431532,-0
0.0461257408740661,-0
0.0461278517534866,-0
0.0461299627831385,-0
0.0461320739603538,-0
0.0461341852889716,-0
0.0461362967671059,-0
0.0461384083938346,-0
0.0461405201700306,-0
0.0461426320954812,-0
0.0461447441694709,-0
0.0461468563929952,-0
0.0461489687658705,-0
0.0461510812873292,-0
0.0461531939581106,-0
0.0461553067779225,-0
0.046157419748503,-0
0.0461595328686625,-0
0.0461616461381113,-0
0.0461637595581228,-0
0.0461658731283306,-0
0.0461679868478989,-0
0.0461701007172206,-0
0.0461722147371028,-0
0.0461743289054614,-0
0.046176443222773,-0
0.0461785576909788,-0
0.0461806723067977,-0
0.0461827870735819,-0
0.0461849019902824,-0
0.0461870170586651,-0
0.0461891322748663,-0
0.046191247638205,-0
0.0461933631545334,-0
0.0461954788204113,-0
0.046197594636112,-0
0.0461997106029352,-0
0.046201826717559,-0
0.0462039429844723,-0
0.0462060593994035,-0
0.0462081759660153,-0
0.0462102926828237,-0
0.0462124095472025,-0
0.0462145265618636,-0
0.0462166437276599,-0
0.0462187610450264,-0
0.0462208785104348,-0
0.0462229961264242,-0
0.0462251138927388,-0
0.0462272318106977,-0
0.0462293498768317,-0
0.0462314680928397,-0
0.0462335864634877,-0
0.0462357049827775,-0
0.04623782365152,-0
0.0462399424707213,-0
0.046242061440972,-0
0.0462441805628865,-0
0.0462462998316202,-0
0.0462484192534235,-0
0.0462505388247439,-0
0.0462526585452022,-0
0.046254778416563,-0
0.0462568984386114,-0
0.0462590186101942,-0
0.0462611389356755,-0
0.0462632594096872,-0
0.0462653800362556,-0
0.0462675008130128,-0
0.0462696217401283,-0
0.0462717428169916,-0
0.0462738640460737,-0
0.0462759854260797,-0
0.0462781069593641,-0
0.0462802286420526,-0
0.0462823504731349,-0
0.0462844724546394,-0
0.0462865945890155,-0
0.0462887168747624,-0
0.0462908393094211,-0
0.0462929618975582,-0
0.0462950846346375,-0
0.0462972075234355,-0
0.0462993305617282,-0
0.0463014537521866,-0
0.0463035770939589,-0
0.0463057005862263,-0
0.0463078242305317,-0
0.0463099480260747,-0
0.0463120719749889,-0
0.0463141960763595,-0
0.0463163203280351,-0
0.04631844472912,-0
0.0463205692809373,-0
0.0463226939833105,-0
0.0463248188388673,-0
0.0463269438457931,-0
0.0463290690028058,-0
0.0463311943132017,-0
0.0463333197740061,-0
0.0463354453843946,-0
0.0463375711470474,-0
0.0463396970633487,-0
0.0463418231308004,-0
0.0463439493465056,-0
0.0463460757158398,-0
0.0463482022363946,-0
0.0463503289097554,-0
0.0463524557338173,-0
0.0463545827098655,-0
0.0463567098376938,-0
0.0463588371170771,-0
0.0463609645479332,-0
0.0463630921314235,-0
0.0463652198676783,-0
0.0463673477550163,-0
0.0463694757941817,-0
0.0463716039865818,-0
0.0463737323291271,-0
0.0463758608235798,-0
0.0463779894697462,-0
0.0463801182679692,-0
0.0463822472171246,-0
0.0463843763194081,-0
0.0463865055730076,-0
0.0463886349809574,-0
0.0463907645407913,-0
0.0463928942530783,-0
0.0463950241177446,-0
0.0463971541343935,-0
0.0463992843020332,-0
0.0464014146206397,-0
0.0464035450898002,-0
0.0464056757151378,-0
0.0464078064937048,-0
0.0464099374215304,-0
0.0464120685022216,-0
0.0464141997355614,-0
0.0464163311218296,-0
0.0464184626582935,-0
0.0464205943479846,-0
0.0464227261920223,-0
0.0464248581876348,-0
0.0464269903365677,-0
0.0464291226377168,-0
0.0464312550930269,-0
0.0464333876992176,-0
0.0464355204583323,-0
0.0464376533705666,-0
0.0464397864342544,-0
0.0464419196494732,-0
0.0464440530175777,-0
0.0464461865391098,-0
0.0464483202145243,-0
0.0464504540415793,-0
0.0464525880231242,-0
0.0464547221569152,-0
0.046456856443225,-0
0.0464589908821213,-0
0.0464611254727138,-0
0.0464632602175493,-0
0.0464653951160138,-0
0.0464675301661754,-0
0.046469665370403,-0
0.0464718007275948,-0
0.0464739362368159,-0
0.0464760719013715,-0
0.0464782077182524,-0
0.0464803436889892,-0
0.0464824798126555,-0
0.046484616089769,-0
0.0464867525174627,-0
0.0464888890984221,-0
0.0464910258327817,-0
0.0464931627209956,-0
0.0464952997624808,-0
0.046497436956349,-0
0.0464995743029506,-0
0.046501711803936,-0
0.0465038494599679,-0
0.0465059872688042,-0
0.0465081252292732,-0
0.0465102633445346,-0
0.0465124016121478,-0
0.0465145400347501,-0
0.0465166786117064,-0
0.0465188173428185,-0
0.046520956226962,-0
0.0465230952634139,-0
0.046525234453646,-0
0.0465273737974045,-0
0.0465295132938081,-0
0.0465316529458548,-0
0.0465337927503662,-0
0.0465359327099284,-0
0.0465380728237875,-0
0.0465402130896564,-0
0.0465423535085479,-0
0.046544494082487,-0
0.0465466348096672,-0
0.0465487756900565,-0
0.0465509167275226,-0
0.0465530579171643,-0
0.0465551992611189,-0
0.0465573407602856,-0
0.0465594824132142,-0
0.0465616242199738,-0
0.0465637661808037,-0
0.0465659082959851,-0
0.0465680505643794,-0
0.0465701929863774,-0
0.0465723355621444,-0
0.0465744782903725,-0
0.046576621175498,-0
0.0465787642147904,-0
0.0465809074072163,-0
0.0465830507546965,-0
0.0465851942559509,-0
0.0465873379133759,-0
0.0465894817221985,-0
0.0465916256882097,-0
0.0465937698077893,-0
0.0465959140808845,-0
0.0465980585093948,-0
0.0466002030924998,-0
0.0466023478293295,-0
0.0466044927201454,-0
0.0466066377667107,-0
0.0466087829676149,-0
0.0466109283231319,-0
0.0466130738331349,-0
0.046615219498714,-0
0.0466173653173874,-0
0.0466195112905753,-0
0.0466216574200356,-0
0.0466238037029274,-0
0.0466259501424478,-0
0.0466280967343145,-0
0.0466302434824907,-0
0.0466323903845434,-0
0.0466345374420476,-0
0.0466366846545361,-0
0.0466388320238387,-0
0.0466409795476162,-0
0.0466431272248018,-0
0.0466452750577019,-0
0.0466474230452448,-0
0.0466495711888952,-0
0.0466517194860479,-0
0.0466538679377108,-0
0.046656016544833,-0
0.0466581653069039,-0
0.0466603142251156,-0
0.0466624632998998,-0
0.0466646125277329,-0
0.0466667619117343,-0
0.0466689114516395,-0
0.0466710611478799,-0
0.0466732109973502,-0
0.0466753610034466,-0
0.0466775111630126,-0
0.0466796614778768,-0
0.0466818119492912,-0
0.0466839625765526,-0
0.0466861133590702,-0
0.0466882642993868,-0
0.046690415391987,-0
0.0466925666426285,-0
0.0466947180478012,-0
0.0466968696079991,-0
0.0466990213220048,-0
0.0467011731944385,-0
0.0467033252210112,-0
0.0467054774053994,-0
0.0467076297451481,-0
0.0467097822383742,-0
0.0467119348893066,-0
0.0467140876957717,-0
0.0467162406578688,-0
0.0467183937761374,-0
0.0467205470499037,-0
0.0467227004790056,-0
0.0467248540638178,-0
0.0467270078058091,-0
0.0467291617040567,-0
0.0467313157574257,-0
0.0467334699658332,-0
0.0467356243317809,-0
0.0467377788528171,-0
0.0467399335304048,-0
0.0467420883644285,-0
0.046744243353493,-0
0.046746398499768,-0
0.0467485538024995,-0
0.0467507092582838,-0
0.0467528648749876,-0
0.0467550206453171,-0
0.0467571765729002,-0
0.046759332656977,-0
0.0467614888966651,-0
0.0467636452938095,-0
0.0467658018463084,-0
0.0467679585551061,-0
0.0467701154213205,-0
0.0467722724419209,-0
0.0467744296189282,-0
0.0467765869510754,-0
0.0467787444426229,-0
0.046780902090422,-0
0.0467830598952611,-0
0.0467852178564754,-0
0.0467873759734596,-0
0.0467895342463211,-0
0.0467916926757877,-0
0.0467938512630419,-0
0.0467960100064448,-0
0.0467981689066617,-0
0.046800327964792,-0
0.0468024871796212,-0
0.04680464655146,-0
0.0468068060804836,-0
0.0468089657670143,-0
0.046811125606721,-0
0.0468132856055874,-0
0.0468154457623319,-0
0.0468176060748803,-0
0.0468197665445498,-0
0.0468219271713048,-0
0.0468240879541037,-0
0.0468262488943645,-0
0.0468284099942172,-0
0.0468305712498812,-0
0.0468327326636406,-0
0.0468348942349619,-0
0.04683705596412,-0
0.0468392178491833,-0
0.0468413798914089,-0
0.0468435420901663,-0
0.04684570444827,-0
0.0468478669602094,-0
0.0468500296319834,-0
0.0468521924581378,-0
0.0468543554428249,-0
0.046856518585691,-0
0.0468586818877658,-0
0.0468608453464158,-0
0.0468630089618452,-0
0.0468651727369377,-0
0.0468673366675896,-0
0.046869500756222,-0
0.0468716650024473,-0
0.0468738294064815,-0
0.0468759939672595,-0
0.046878158685757,-0
0.0468803235605788,-0
0.0468824885922472,-0
0.0468846537847284,-0
0.0468868191359996,-0
0.0468889846432153,-0
0.0468911503099458,-0
0.0468933161309748,-0
0.0468954821116446,-0
0.0468976482504641,-0
0.0468998145477753,-0
0.0469019810033671,-0
0.0469041476168328,-0
0.0469063143889587,-0
0.0469084813177242,-0
0.0469106484048861,-0
0.046912815651578,-0
0.0469149830532668,-0
0.0469171506142722,-0
0.0469193183346673,-0
0.0469214862124146,-0
0.0469236542480536,-0
0.0469258224427465,-0
0.0469279907974028,-0
0.0469301593082573,-0
0.0469323279780911,-0
0.0469344968046859,-0
0.0469366657922554,-0
0.0469388349368054,-0
0.0469410042377572,-0
0.0469431736997299,-0
0.0469453433195507,-0
0.0469475130990149,-0
0.0469496830347492,-0
0.046951853129572,-0
0.0469540233831296,-0
0.0469561937961929,-0
0.0469583643690776,-0
0.0469605350986801,-0
0.0469627059867884,-0
0.0469648770340064,-0
0.0469670482403978,-0
0.0469692196058124,-0
0.0469713911279096,-0
0.046973562811729,-0
0.0469757346507924,-0
0.0469779066491766,-0
0.0469800788078729,-0
0.0469822511251118,-0
0.0469844236011016,-0
0.0469865962369566,-0
0.0469887690296033,-0
0.0469909419836472,-0
0.0469931150957569,-0
0.0469952883647523,-0
0.0469974617954473,-0
0.0469996353868146,-0
0.0470018091354129,-0
0.0470039830427647,-0
0.0470061571103004,-0
0.0470083313351683,-0
0.0470105057207882,-0
0.047012680267341,-0
0.0470148549725978,-0
0.0470170298336453,-0
0.0470192048569423,-0
0.0470213800390662,-0
0.0470235553810984,-0
0.0470257308824747,-0
0.0470279065440601,-0
0.0470300823643398,-0
0.0470322583457353,-0
0.0470344344865626,-0
0.0470366107844387,-0
0.0470387872422243,-0
0.0470409638601776,-0
0.0470431406360542,-0
0.0470453175724965,-0
0.0470474946690822,-0
0.0470496719250745,-0
0.0470518493405854,-0
0.0470540269148901,-0
0.0470562046508978,-0
0.0470583825465469,-0
0.0470605605998254,-0
0.047062738814432,-0
0.0470649171894715,-0
0.0470670957256403,-0
0.0470692744199535,-0
0.0470714532735136,-0
0.0470736322881819,-0
0.0470758114616686,-0
0.047077990796663,-0
0.0470801702918511,-0
0.047082349946963,-0
0.0470845297611394,-0
0.04708670973697,-0
0.0470888898736199,-0
0.0470910701685282,-0
0.0470932506250863,-0
0.0470954312417268,-0
0.0470976120172868,-0
0.047099792955023,-0
0.0471019740526011,-0
0.0471041553090224,-0
0.047106336725643,-0
0.04710851830417,-0
0.047110700040852,-0
0.0471128819392766,-0
0.0471150639988843,-0
0.0471172462181866,-0
0.0471194285979244,-0
0.0471216111385979,-0
0.0471237938391562,-0
0.0471259766999396,-0
0.0471281597222788,-0
0.047130342904198,-0
0.0471325262468648,-0
0.0471347097515257,-0
0.0471368934170063,-0
0.0471390772438629,-0
0.0471412612292536,-0
0.0471434453781211,-0
0.0471456296870682,-0
0.0471478141562055,-0
0.0471499987868087,-0
0.0471521835770898,-0
0.0471543685285296,-0
0.0471565536420698,-0
0.0471587389167837,-0
0.0471609243504111,-0
0.0471631099449005,-0
0.0471652957004037,-0
0.0471674816188234,-0
0.0471696676981491,-0
0.047171853937859,-0
0.047174040339981,-0
0.0471762269021891,-0
0.0471784136245776,-0
0.0471806005082321,-0
0.0471827875544908,-0
0.0471849747621483,-0
0.0471871621297603,-0
0.0471893496585703,-0
0.0471915373505105,-0
0.0471937252046764,-0
0.047195913220819,-0
0.047198101397184,-0
0.0472002897344926,-0
0.0472024782348082,-0
0.0472046668949499,-0
0.0472068557151072,-0
0.0472090446981511,-0
0.0472112338438264,-0
0.0472134231504207,-0
0.0472156126186853,-0
0.0472178022480802,-0
0.0472199920386731,-0
0.0472221819902536,-0
0.0472243721049299,-0
0.0472265623818371,-0
0.0472287528197738,-0
0.0472309434188005,-0
0.0472331341808511,-0
0.0472353251054152,-0
0.0472375161928427,-0
0.0472397074415351,-0
0.047241898852804,-0
0.0472440904251426,-0
0.0472462821596351,-0
0.04724847405451,-0
0.0472506661124883,-0
0.0472528583335083,-0
0.0472550507162298,-0
0.0472572432619241,-0
0.0472594359687641,-0
0.0472616288368039,-0
0.0472638218662903,-0
0.0472660150593172,-0
0.0472682084131732,-0
0.0472704019297416,-0
0.0472725956083071,-0
0.0472747894502294,-0
0.047276983455161,-0
0.0472791776248672,-0
0.0472813719552767,-0
0.0472835664461042,-0
0.0472857611012106,-0
0.0472879559167644,-0
0.0472901508972873,-0
0.0472923460384349,-0
0.0472945413439252,-0
0.0472967368108139,-0
0.0472989324414698,-0
0.0473011282348507,-0
0.0473033241907914,-0
0.0473055203076352,-0
0.0473077165889091,-0
0.047309913032692,-0
0.0473121096378237,-0
0.0473143064077034,-0
0.0473165033394815,-0
0.0473187004347491,-0
0.0473208976923243,-0
0.047323095112976,-0
0.0473252926972974,-0
0.0473274904450036,-0
0.0473296883554933,-0
0.0473318864280999,-0
0.0473340846639825,-0
0.0473362830634795,-0
0.0473384816248552,-0
0.0473406803501948,-0
0.0473428792387167,-0
0.0473450782915239,-0
0.0473472775061989,-0
0.0473494768842833,-0
0.0473516764244626,-0
0.0473538761299008,-0
0.0473560759975361,-0
0.0473582760306027,-0
0.0473604762253324,-0
0.0473626765831599,-0
0.047364877103998,-0
0.0473670777876857,-0
0.0473692786371039,-0
0.0473714796500238,-0
0.0473736808257493,-0
0.0473758821632109,-0
0.0473780836675617,-0
0.0473802853328455,-0
0.0473824871628071,-0
0.0473846891563746,-0
0.0473868913130936,-0
0.0473890936348866,-0
0.0473912961194553,-0
0.0473934987670787,-0
0.0473957015800686,-0
0.047397904554623,-0
0.0474001076938626,-0
0.0474023109961229,-0
0.0474045144633808,-0
0.0474067180946426,-0
0.0474089218895749,-0
0.0474111258500382,-0
0.0474133299743017,-0
0.0474155342626171,-0
0.0474177387138707,-0
0.0474199433298294,-0
0.0474221481101792,-0
0.0474243530548056,-0
0.0474265581637149,-0
0.0474287634344161,-0
0.0474309688695668,-0
0.0474331744705634,-0
0.0474353802364968,-0
0.0474375861655069,-0
0.0474397922591719,-0
0.0474419985167748,-0
0.0474442049377657,-0
0.0474464115232302,-0
0.0474486182759258,-0
0.0474508251911896,-0
0.0474530322714918,-0
0.0474552395142856,-0
0.0474574469241201,-0
0.0474596544976086,-0
0.0474618622381247,-0
0.047464070140598,-0
0.0474662782069535,-0
0.0474684864394085,-0
0.0474706948345748,-0
0.0474729033950673,-0
0.0474751121200027,-0
0.047477321011441,-0
0.0474795300676778,-0
0.0474817392876252,-0
0.0474839486725887,-0
0.0474861582228242,-0
0.047488367938358,-0
0.0474905778188505,-0
0.0474927878639763,-0
0.0474949980734835,-0
0.0474972084488038,-0
0.0474994189879878,-0
0.0475016296931288,-0
0.0475038405635932,-0
0.0475060515977766,-0
0.0475082627977139,-0
0.0475104741625413,-0
0.0475126856926472,-0
0.0475148973886648,-0
0.0475171092494661,-0
0.0475193212749246,-0
0.047521533465692,-0
0.0475237458259622,-0
0.0475259583480386,-0
0.0475281710377383,-0
0.047530383891632,-0
0.0475325969098101,-0
0.0475348100928376,-0
0.0475370234431153,-0
0.0475392369578679,-0
0.0475414506387168,-0
0.0475436644834667,-0
0.0475458784951495,-0
0.0475480926713521,-0
0.0475503070144045,-0
0.047552521522792,-0
0.0475547361960237,-0
0.0475569510358301,-0
0.0475591660419455,-0
0.0475613812136202,-0
0.0475635965519352,-0
0.0475658120547831,-0
0.0475680277230382,-0
0.0475702435569165,-0
0.0475724595574353,-0
0.0475746757253279,-0
0.0475768920572804,-0
0.0475791085567792,-0
0.0475813252210932,-0
0.0475835420508923,-0
0.0475857590463369,-0
0.0475879762093637,-0
0.04759019354057,-0
0.0475924110365744,-0
0.0475946286974203,-0
0.04759684652554,-0
0.0475990645199835,-0
0.0476012826807412,-0
0.0476035010073463,-0
0.0476057195009966,-0
0.0476079381609277,-0
0.047610156985559,-0
0.0476123759771775,-0
0.0476145951362139,-0
0.0476168144607256,-0
0.0476190339543742,-0
0.0476212536131574,-0
0.0476234734382875,-0
0.0476256934293179,-0
0.0476279135869889,-0
0.0476301339099586,-0
0.0476323544010862,-0
0.0476345750597755,-0
0.0476367958849719,-0
0.0476390168756889,-0
0.0476412380315733,-0
0.0476434593576964,-0
0.0476456808499682,-0
0.0476479025095988,-0
0.0476501243353473,-0
0.0476523463276238,-0
0.0476545684886768,-0
0.0476567908160749,-0
0.047659013309397,-0
0.0476612359718358,-0
0.0476634588013336,-0
0.0476656817963567,-0
0.0476679049565219,-0
0.0476701282842279,-0
0.0476723517819903,-0
0.0476745754430303,-0
0.0476767992690865,-0
0.0476790232658205,-0
0.0476812474302587,-0
0.0476834717599093,-0
0.0476856962564792,-0
0.047687920924832,-0
0.0476901457572176,-0
0.0476923707570202,-0
0.0476945959266282,-0
0.0476968212639747,-0
0.047699046767843,-0
0.0477012724367161,-0
0.0477034982743856,-0
0.0477057242811225,-0
0.0477079504548012,-0
0.0477101767936686,-0
0.0477124033006472,-0
0.047714629978004,-0
0.047716856822075,-0
0.0477190838321436,-0
0.0477213110096372,-0
0.0477235383567591,-0
0.0477257658724646,-0
0.0477279935547904,-0
0.0477302214050272,-0
0.0477324494230234,-0
0.0477346776103421,-0
0.0477369059632026,-0
0.0477391344839032,-0
0.0477413631715258,-0
0.04774359202887,-0
0.0477458210537531,-0
0.0477480502466646,-0
0.0477502796093004,-0
0.0477525091366633,-0
0.0477547388369604,-0
0.0477569687037317,-0
0.0477591987356061,-0
0.0477614289414374,-0
0.0477636593101508,-0
0.047765889848524,-0
0.0477681205558952,-0
0.0477703514288875,-0
0.0477725824741899,-0
0.0477748136858773,-0
0.0477770450654063,-0
0.0477792766171591,-0
0.0477815083345678,-0
0.0477837402204879,-0
0.0477859722734447,-0
0.0477882044953885,-0
0.0477904368895776,-0
0.0477926694480505,-0
0.0477949021778339,-0
0.0477971350766787,-0
0.0477993681453529,-0
0.047801601380625,-0
0.0478038347825399,-0
0.0478060683567912,-0
0.0478083020975631,-0
0.0478105360069949,-0
0.0478127700867958,-0
0.0478150043363816,-0
0.0478172387525885,-0
0.0478194733397127,-0
0.0478217080938374,-0
0.0478239430174724,-0
0.0478261781105112,-0
0.0478284133729503,-0
0.0478306488031345,-0
0.047832884405267,-0
0.047835120174091,-0
0.0478373561137519,-0
0.0478395922220097,-0
0.0478418284994023,-0
0.0478440649463837,-0
0.0478463015616368,-0
0.0478485383476869,-0
0.0478507753006987,-0
0.0478530124216869,-0
0.0478552497118364,-0
0.0478574871738823,-0
0.0478597248056721,-0
0.0478619626053126,-0
0.047864200572416,-0
0.0478664387120045,-0
0.0478686770218672,-0
0.0478709155003975,-0
0.0478731541467772,-0
0.0478753929654837,-0
0.0478776319546616,-0
0.0478798711124937,-0
0.0478821104389141,-0
0.0478843499362809,-0
0.0478865896035402,-0
0.0478888294390275,-0
0.0478910694440251,-0
0.0478933096175891,-0
0.0478955499629539,-0
0.0478977904799856,-0
0.0479000311663748,-0
0.0479022720222505,-0
0.0479045130489648,-0
0.0479067542443145,-0
0.0479089956093477,-0
0.0479112371456732,-0
0.0479134788489202,-0
0.0479157207228583,-0
0.0479179627678882,-0
0.047920204986509,-0
0.0479224473730136,-0
0.0479246899295342,-0
0.0479269326575155,-0
0.0479291755521517,-0
0.0479314186199711,-0
0.047933661856013,-0
0.0479359052614935,-0
0.04793814883977,-0
0.0479403925891747,-0
0.0479426365076198,-0
0.0479448805958193,-0
0.0479471248551761,-0
0.0479493692866862,-0
0.0479516138884879,-0
0.0479538586591415,-0
0.0479561036019487,-0
0.0479583487158361,-0
0.0479605940003692,-0
0.0479628394553269,-0
0.0479650850801653,-0
0.0479673308779181,-0
0.0479695768427666,-0
0.0479718229804056,-0
0.0479740692884068,-0
0.0479763157687259,-0
0.0479785624189899,-0
0.0479808092395172,-0
0.0479830562291596,-0
0.0479853033904146,-0
0.0479875507228296,-0
0.0479897982294517,-0
0.0479920459052817,-0
0.0479942937494816,-0
0.0479965417685515,-0
0.0479987899567875,-0
0.0480010383184533,-0
0.0480032868505449,-0
0.048005535552485,-0
0.0480077844271888,-0
0.0480100334716465,-0
0.0480122826865439,-0
0.0480145320745485,-0
0.0480167816329363,-0
0.0480190313616996,-0
0.0480212812617344,-0
0.0480235313326442,-0
0.0480257815783217,-0
0.0480280319928623,-0
0.0480302825812641,-0
0.0480325333411982,-0
0.0480347842724672,-0
0.0480370353745716,-0
0.0480392866483801,-0
0.0480415380927336,-0
0.0480437897080045,-0
0.0480460414962219,-0
0.0480482934574414,-0
0.0480505455872736,-0
0.0480527978909429,-0
0.0480550503687264,-0
0.0480573030154267,-0
0.0480595558332358,-0
0.0480618088254071,-0
0.0480640619895513,-0
0.0480663153236768,-0
0.0480685688314643,-0
0.0480708225096374,-0
0.0480730763607172,-0
0.0480753303833045,-0
0.0480775845793447,-0
0.0480798389481847,-0
0.0480820934903053,-0
0.0480843482029294,-0
0.0480866030884855,-0
0.0480888581440391,-0
0.0480911133714986,-0
0.0480933687737384,-0
0.0480956243495358,-0
0.0480978800934409,-0
0.0481001360132517,-0
0.0481023921039134,-0
0.048104648365616,-0
0.0481069048015288,-0
0.0481091614097702,-0
0.0481114181909526,-0
0.0481136751455826,-0
0.0481159322707098,-0
0.0481181895696651,-0
0.0481204470395056,-0
0.0481227046806497,-0
0.0481249624962335,-0
0.0481272204866781,-0
0.0481294786507572,-0
0.0481317369845703,-0
0.0481339954911521,-0
0.0481362541721612,-0
0.0481385130242864,-0
0.0481407720514377,-0
0.0481430312506268,-0
0.048145290619905,-0
0.0481475501651279,-0
0.0481498098827359,-0
0.0481520697742519,-0
0.0481543298393608,-0
0.0481565900783841,-0
0.0481588504895505,-0
0.0481611110728659,-0
0.0481633718303764,-0
0.0481656327607372,-0
0.0481678938670726,-0
0.048170155143527,-0
0.0481724165946802,-0
0.0481746782176874,-0
0.048176940014888,-0
0.0481792019825443,-0
0.0481814641269119,-0
0.0481837264426264,-0
0.048185988932709,-0
0.0481882515977274,-0
0.0481905144341794,-0
0.0481927774437693,-0
0.0481950406263078,-0
0.0481973039827432,-0
0.0481995675123565,-0
0.0482018312174226,-0
0.0482040950967784,-0
0.0482063591486701,-0
0.0482086233735023,-0
0.0482108877740937,-0
0.0482131523483389,-0
0.0482154170962016,-0
0.0482176820171807,-0
0.0482199471142318,-0
0.0482222123843266,-0
0.0482244778279193,-0
0.0482267434443141,-0
0.048229009235283,-0
0.0482312752014948,-0
0.0482335413408171,-0
0.048235807652214,-0
0.0482380741378107,-0
0.0482403407992435,-0
0.0482426076354369,-0
0.0482448746448613,-0
0.0482471418291845,-0
0.0482494091871171,-0
0.048251676718619,-0
0.0482539444275725,-0
0.0482562123084856,-0
0.0482584803628707,-0
0.048260748592001,-0
0.0482630169964901,-0
0.0482652855737922,-0
0.0482675543271471,-0
0.0482698232557672,-0
0.0482720923600499,-0
0.0482743616395424,-0
0.0482766310910206,-0
0.0482789007192468,-0
0.0482811705199214,-0
0.0482834404974887,-0
0.0482857106463065,-0
0.0482879809719361,-0
0.0482902514700711,-0
0.048292522144314,-0
0.0482947929944113,-0
0.0482970640230328,-0
0.0482993352225551,-0
0.0483016065961622,-0
0.0483038781473643,-0
0.0483061498721782,-0
0.0483084217712659,-0
0.0483106938443676,-0
0.048312966093476,-0
0.0483152385199894,-0
0.0483175111208647,-0
0.048319783895104,-0
0.048322056843061,-0
0.0483243299690426,-0
0.048326603268022,-0
0.0483288767423718,-0
0.0483311503932625,-0
0.0483334242178422,-0
0.0483356982189717,-0
0.0483379723979431,-0
0.0483402467515944,-0
0.0483425212804962,-0
0.0483447959829907,-0
0.0483470708637282,-0
0.0483493459178469,-0
0.0483516211471183,-0
0.0483538965546504,-0
0.0483561721319579,-0
0.0483584478889701,-0
0.0483607238181974,-0
0.0483629999238812,-0
0.0483652762084897,-0
0.0483675526697543,-0
0.0483698293039061,-0
0.0483721061153048,-0
0.0483743831031709,-0
0.0483766602666943,-0
0.0483789376050991,-0
0.0483812151209447,-0
0.0483834928119799,-0
0.0483857706780794,-0
0.0483880487206656,-0
0.0483903269408609,-0
0.0483926053355624,-0
0.0483948839042885,-0
0.0483971626501916,-0
0.0483994415706473,-0
0.0484017206708735,-0
0.0484039999463292,-0
0.0484062793989995,-0
0.0484085590245112,-0
0.0484108388292617,-0
0.0484131188106959,-0
0.0484153989648057,-0
0.048417679298158,-0
0.0484199598085352,-0
0.0484222404932394,-0
0.0484245213549908,-0
0.0484268023928322,-0
0.0484290836080001,-0
0.048431364997941,-0
0.0484336465685777,-0
0.0484359283148032,-0
0.0484382102372634,-0
0.0484404923360006,-0
0.0484427746115828,-0
0.0484450570616907,-0
0.048447339691727,-0
0.0484496224972823,-0
0.048451905478422,-0
0.0484541886387427,-0
0.0484564719749318,-0
0.0484587554858099,-0
0.0484610391735488,-0
0.0484633230404746,-0
0.0484656070833921,-0
0.0484678913045462,-0
0.0484701757022293,-0
0.0484724602779874,-0
0.0484747450310602,-0
0.048477029959996,-0
0.048479315067397,-0
0.0484816003512578,-0
0.0484838858145152,-0
0.0484861714534113,-0
0.048488457268618,-0
0.0484907432595462,-0
0.0484930294291792,-0
0.0484953157735349,-0
0.0484976022987139,-0
0.0484998890027599,-0
0.0485021758831059,-0
0.0485044629406327,-0
0.0485067501725474,-0
0.0485090375827392,-0
0.0485113251725006,-0
0.0485136129368361,-0
0.0485159008814137,-0
0.0485181890020085,-0
0.0485204773023609,-0
0.0485227657790125,-0
0.048525054436492,-0
0.0485273432716807,-0
0.0485296322850254,-0
0.0485319214718351,-0
0.0485342108372146,-0
0.0485365003823986,-0
0.0485387901047742,-0
0.0485410800054024,-0
0.048543370087439,-0
0.0485456603462004,-0
0.0485479507815952,-0
0.0485502413947139,-0
0.0485525321841564,-0
0.0485548231538404,-0
0.0485571143022344,-0
0.0485594056280768,-0
0.048561697132516,-0
0.0485639888142439,-0
0.0485662806723393,-0
0.0485685727102642,-0
0.0485708649263015,-0
0.0485731573174524,-0
0.0485754498913083,-0
0.0485777426416672,-0
0.0485800355747026,-0
0.0485823286839983,-0
0.0485846219715232,-0
0.0485869154372644,-0
0.0485892090822124,-0
0.0485915029050801,-0
0.0485937969072507,-0
0.0485960910880418,-0
0.0485983854475783,-0
0.0486006799855562,-0
0.0486029747021282,-0
0.048605269596588,-0
0.0486075646703807,-0
0.0486098599227496,-0
0.0486121553543485,-0
0.0486144509651747,-0
0.0486167467555852,-0
0.0486190427240581,-0
0.048621338871434,-0
0.048623635198738,-0
0.0486259317043019,-0
0.0486282283883589,-0
0.0486305252512937,-0
0.0486328222931813,-0
0.0486351195122529,-0
0.0486374169122206,-0
0.0486397144948839,-0
0.0486420122579711,-0
0.0486443101985566,-0
0.0486466083166002,-0
0.0486489066148947,-0
0.0486512050900568,-0
0.0486535037465088,-0
0.0486558025813724,-0
0.0486581015986687,-0
0.0486604007930788,-0
0.0486627001648065,-0
0.0486649997164117,-0
0.0486672994495328,-0
0.0486695993604792,-0
0.048671899453705,-0
0.0486741997235433,-0
0.0486765001748873,-0
0.0486788008045071,-0
0.0486811016168984,-0
0.0486834026087603,-0
0.0486857037776297,-0
0.0486880051300259,-0
0.0486903066598374,-0
0.0486926083710107,-0
0.0486949102613697,-0
0.0486972123308602,-0
0.0486995145835962,-0
0.0487018170115727,-0
0.0487041196190178,-0
0.0487064224086674,-0
0.0487087253793895,-0
0.0487110285300178,-0
0.0487133318614236,-0
0.0487156353682173,-0
0.0487179390592016,-0
0.0487202429288894,-0
0.0487225469813954,-0
0.0487248512168674,-0
0.0487271556273825,-0
0.0487294602224622,-0
0.0487317649957571,-0
0.0487340699482749,-0
0.0487363750818373,-0
0.0487386803983803,-0
0.0487409858935233,-0
0.0487432915709195,-0
0.0487455974257025,-0
0.0487479034634208,-0
0.0487502096810832,-0
0.04875251607865,-0
0.048754822655291,-0
0.0487571294132794,-0
0.0487594363536557,-0
0.048761743475305,-0
0.0487640507796768,-0
0.0487663582616906,-0
0.0487686659271672,-0
0.0487709737708042,-0
0.048773281794529,-0
0.0487755900001846,-0
0.0487778983901341,-0
0.0487802069603118,-0
0.048782515707155,-0
0.0487848246382042,-0
0.048787133751334,-0
0.0487894430447756,-0
0.0487917525177626,-0
0.0487940621722664,-0
0.0487963720083191,-0
0.0487986820248178,-0
0.0488009922255063,-0
0.0488033026038594,-0
0.0488056131637003,-0
0.0488079239062075,-0
0.0488102348305262,-0
0.0488125459351342,-0
0.0488148572240228,-0
0.048817168692823,-0
0.0488194803442898,-0
0.0488217921761913,-0
0.0488241041897091,-0
0.0488264163844138,-0
0.0488287287604253,-0
0.0488310413175921,-0
0.0488333540541618,-0
0.0488356669765059,-0
0.0488379800799425,-0
0.0488402933629508,-0
0.0488426068288369,-0
0.0488449204799623,-0
0.0488472343114757,-0
0.0488495483255821,-0
0.0488518625172359,-0
0.0488541768950936,-0
0.0488564914533575,-0
0.0488588061926948,-0
0.0488611211165168,-0
0.0488634362214531,-0
0.0488657515096159,-0
0.0488680669793265,-0
0.0488703826337616,-0
0.0488726984648611,-0
0.048875014481663,-0
0.048877330682233,-0
0.0488796470669108,-0
0.0488819636297585,-0
0.0488842803779799,-0
0.0488865973070627,-0
0.0488889144171988,-0
0.0488912317118877,-0
0.0488935491883323,-0
0.0488958668470245,-0
0.0488981846899123,-0
0.0489005027124875,-0
0.048902820917354,-0
0.0489051393046299,-0
0.048907457872497,-0
0.0489097766286769,-0
0.0489120955651203,-0
0.0489144146848254,-0
0.0489167339862495,-0
0.0489190534700406,-0
0.048921373137857,-0
0.048923692985647,-0
0.0489260130192529,-0
0.04892833323274,-0
0.0489306536330905,-0
0.0489329742157044,-0
0.0489352949799011,-0
0.0489376159273836,-0
0.0489399370614307,-0
0.0489422583728742,-0
0.0489445798725259,-0
0.0489469015513756,-0
0.0489492234159576,-0
0.048951545462654,-0
0.0489538676908572,-0
0.04895619010676,-0
0.0489585127068483,-0
0.0489608354893315,-0
0.0489631584519496,-0
0.0489654816005681,-0
0.0489678049320189,-0
0.0489701284486282,-0
0.0489724521454153,-0
0.0489747760256579,-0
0.0489771000907631,-0
0.0489794243429444,-0
0.0489817487746957,-0
0.0489840733909133,-0
0.048986398193412,-0
0.0489887231773085,-0
0.048991048345593,-0
0.0489933736978682,-0
0.0489956992329354,-0
0.0489980249516994,-0
0.0490003508542985,-0
0.0490026769429368,-0
0.0490050032142328,-0
0.0490073296676356,-0
0.0490096563047638,-0
0.0490119831285642,-0
0.0490143101350799,-0
0.0490166373262947,-0
0.0490189647019482,-0
0.049021292261757,-0
0.0490236200091116,-0
0.0490259479399006,-0
0.0490282760535106,-0
0.0490306043495283,-0
0.0490329328294248,-0
0.0490352614955283,-0
0.0490375903431439,-0
0.0490399193800708,-0
0.0490422485974249,-0
0.0490445780006036,-0
0.0490469075883844,-0
0.04904923735903,-0
0.0490515673182798,-0
0.0490538974595249,-0
0.0490562277836833,-0
0.0490585582933095,-0
0.049060888985996,-0
0.049063219863614,-0
0.0490655509271746,-0
0.0490678821778709,-0
0.0490702136131168,-0
0.0490725452346457,-0
0.0490748770384848,-0
0.0490772090273874,-0
0.0490795411998781,-0
0.0490818735589832,-0
0.0490842061018373,-0
0.049086538829749,-0
0.0490888717450919,-0
0.0490912048460684,-0
0.0490935381326022,-0
0.0490958715993537,-0
0.0490982052567733,-0
0.0491005390941577,-0
0.0491028731185168,-0
0.0491052073302394,-0
0.0491075417267694,-0
0.0491098763066523,-0
0.0491122110753915,-0
0.0491145460266154,-0
0.0491168811638941,-0
0.0491192164859153,-0
0.0491215519917971,-0
0.0491238876865538,-0
0.0491262235642792,-0
0.0491285596293642,-0
0.0491308958819438,-0
0.0491332323200869,-0
0.0491355689417448,-0
0.0491379057483495,-0
0.0491402427409773,-0
0.0491425799195295,-0
0.0491449172822906,-0
0.0491472548317952,-0
0.0491495925676723,-0
0.0491519304880271,-0
0.0491542685967908,-0
0.0491566068905417,-0
0.0491589453697031,-0
0.0491612840347039,-0
0.0491636228876891,-0
0.0491659619275955,-0
0.0491683011503162,-0
0.0491706405578367,-0
0.0491729801561816,-0
0.0491753199389197,-0
0.0491776599112474,-0
0.0491800000663029,-0
0.0491823404085195,-0
0.0491846809357832,-0
0.0491870216522553,-0
0.0491893625542578,-0
0.0491917036406472,-0
0.0491940449152131,-0
0.0491963863771993,-0
0.049198728023741,-0
0.049201069855807,-0
0.0492034118745157,-0
0.0492057540818726,-0
0.0492080964764403,-0
0.04921043905474,-0
0.0492127818208121,-0
0.0492151247748163,-0
0.0492174679114784,-0
0.0492198112386865,-0
0.0492221547522739,-0
0.0492244984501505,-0
0.0492268423358064,-0
0.0492291864100709,-0
0.049231530670002,-0
0.0492338751161696,-0
0.0492362197526086,-0
0.0492385645741332,-0
0.0492409095829687,-0
0.0492432547786129,-0
0.0492456001614213,-0
0.0492479457316217,-0
0.049250291489727,-0
0.0492526374358949,-0
0.0492549835686623,-0
0.049257329887906,-0
0.0492596763933631,-0
0.049262023087014,-0
0.0492643699665086,-0
0.0492667170365021,-0
0.0492690642910186,-0
0.0492714117360606,-0
0.0492737593677309,-0
0.0492761071884298,-0
0.0492784551969534,-0
0.0492808033909599,-0
0.0492831517738847,-0
0.0492855003441268,-0
0.0492878491006466,-0
0.0492901980459761,-0
0.0492925471794489,-0
0.0492948964996863,-0
0.0492972460097637,-0
0.0492995957062745,-0
0.0493019455909155,-0
0.049304295663119,-0
0.0493066459231087,-0
0.049308996368101,-0
0.049311347002472,-0
0.049313697828743,-0
0.049316048841984,-0
0.0493184000426035,-0
0.0493207514302373,-0
0.0493231030099943,-0
0.0493254547731982,-0
0.0493278067259684,-0
0.0493301588656466,-0
0.0493325111957754,-0
0.0493348637133035,-0
0.0493372164187047,-0
0.0493395693139216,-0
0.0493419223978761,-0
0.0493442756698653,-0
0.049346629129717,-0
0.0493489827795124,-0
0.0493513366183641,-0
0.0493536906429767,-0
0.0493560448575812,-0
0.0493583992621182,-0
0.0493607538507293,-0
0.049363108631792,-0
0.0493654635996659,-0
0.0493678187566656,-0
0.0493701741022262,-0
0.0493725296380791,-0
0.0493748853580035,-0
0.0493772412717314,-0
0.0493795973725597,-0
0.0493819536612055,-0
0.0493843101377278,-0
0.049386666808359,-0
0.0493890236664335,-0
0.0493913807134779,-0
0.0493937379488777,-0
0.0493960953777476,-0
0.0493984529913322,-0
0.0494008107960684,-0
0.0494031687894623,-0
0.0494055269720699,-0
0.049407885344657,-0
0.0494102439063511,-0
0.0494126026563649,-0
0.0494149615960859,-0
0.0494173207247634,-0
0.0494196800452364,-0
0.0494220395544384,-0
0.0494243992500251,-0
0.0494267591396463,-0
0.0494291192170657,-0
0.0494314794841568,-0
0.0494338399401228,-0
0.0494362005828984,-0
0.0494385614174566,-0
0.0494409224433469,-0
0.0494432836560754,-0
0.0494456450599269,-0
0.049448006653982,-0
0.0494503684394148,-0
0.0494527304129625,-0
0.0494550925765149,-0
0.0494574549322689,-0
0.0494598174797438,-0
0.0494621802150111,-0
0.0494645431402723,-0
0.0494669062577915,-0
0.0494692695636449,-0
0.0494716330599461,-0
0.0494739967455526,-0
0.0494763606215469,-0
0.0494787246897343,-0
0.0494810889473054,-0
0.0494834533945222,-0
0.0494858180324685,-0
0.0494881828612001,-0
0.0494905478797727,-0
0.0494929130884444,-0
0.0494952784878953,-0
0.0494976440776713,-0
0.0495000098575718,-0
0.0495023758286277,-0
0.0495047419913092,-0
0.0495071083399312,-0
0.0495094748838459,-0
0.0495118416157367,-0
0.049514208539305,-0
0.0495165756529785,-0
0.0495189429566245,-0
0.04952131045204,-0
0.0495236781402297,-0
0.0495260460183495,-0
0.049528414086662,-0
0.0495307823438793,-0
0.0495331507936204,-0
0.0495355194380017,-0
0.0495378882685978,-0
0.0495402572907726,-0
0.0495426265056478,-0
0.0495449959111379,-0
0.0495473655087429,-0
0.0495497352995796,-0
0.0495521052806447,-0
0.0495544754552172,-0
0.0495568458177922,-0
0.0495592163723971,-0
0.0495615871167215,-0
0.0495639580532682,-0
0.0495663291799279,-0
0.0495687004973648,-0
0.0495710720092888,-0
0.0495734437114313,-0
0.0495758156067159,-0
0.0495781876949419,-0
0.0495805599715479,-0
0.0495829324427598,-0
0.049585305105981,-0
0.0495876779589499,-0
0.0495900510048973,-0
0.049592424241948,-0
0.0495947976717969,-0
0.0495971712926561,-0
0.0495995451057198,-0
0.0496019191101458,-0
0.0496042933053879,-0
0.0496066676939549,-0
0.0496090422750255,-0
0.0496114170477915,-0
0.0496137920111841,-0
0.0496161671664578,-0
0.0496185425152502,-0
0.0496209180546913,-0
0.0496232937876842,-0
0.0496256697101706,-0
0.0496280458285589,-0
0.0496304221386085,-0
0.0496327986387645,-0
0.0496351753327973,-0
0.0496375522177278,-0
0.0496399292977402,-0
0.0496423065714017,-0
0.0496446840373691,-0
0.0496470616928087,-0
0.0496494395431985,-0
0.0496518175858612,-0
0.0496541958170556,-0
0.0496565742425198,-0
0.0496589528630366,-0
0.0496613316754109,-0
0.0496637106795075,-0
0.0496660898782317,-0
0.0496684692720163,-0
0.0496708488560822,-0
0.0496732286326704,-0
0.0496756086001838,-0
0.0496779887630699,-0
0.0496803691199211,-0
0.0496827496684909,-0
0.0496851304097889,-0
0.0496875113455057,-0
0.0496898924732872,-0
0.0496922737949123,-0
0.0496946553101782,-0
0.0496970370172835,-0
0.0496994189180097,-0
0.0497018010146753,-0
0.0497041833026997,-0
0.0497065657872024,-0
0.0497089484630087,-0
0.0497113313317748,-0
0.049713714392521,-0
0.0497160976472873,-0
0.0497184810966416,-0
0.0497208647400573,-0
0.0497232485748732,-0
0.0497256326067823,-0
0.049728016831156,-0
0.0497304012479765,-0
0.0497327858615054,-0
0.0497351706620274,-0
0.049737555662131,-0
0.0497399408571894,-0
0.0497423262420204,-0
0.0497447118214224,-0
0.0497470975932133,-0
0.0497494835626357,-0
0.0497518697246022,-0
0.0497542560819981,-0
0.0497566426299511,-0
0.0497590293726709,-0
0.0497614163104939,-0
0.049763803442221,-0
0.049766190770162,-0
0.0497685782922859,-0
0.0497709660069561,-0
0.0497733539146203,-0
0.0497757420206772,-0
0.0497781303205087,-0
0.0497805188146403,-0
0.0497829075006999,-0
0.0497852963818384,-0
0.0497876854568851,-0
0.0497900747257304,-0
0.0497924641899699,-0
0.0497948538492373,-0
0.0497972437012008,-0
0.0497996337509453,-0
0.0498020239944974,-0
0.0498044144299674,-0
0.0498068050625939,-0
0.049809195891028,-0
0.0498115869135894,-0
0.0498139781321576,-0
0.0498163695431396,-0
0.0498187611492909,-0
0.0498211529502729,-0
0.0498235449468749,-0
0.0498259371396585,-0
0.0498283295247355,-0
0.0498307221067929,-0
0.0498331148838059,-0
0.0498355078540154,-0
0.049837901022332,-0
0.0498402943855319,-0
0.0498426879454467,-0
0.0498450816987671,-0
0.0498474756469565,-0
0.0498498697915428,-0
0.0498522641324282,-0
0.0498546586671403,-0
0.0498570533962506,-0
0.0498594483222674,-0
0.0498618434408608,-0
0.0498642387586096,-0
0.0498666342713984,-0
0.04986902997963,-0
0.049871425883163,-0
0.0498738219839838,-0
0.0498762182801994,-0
0.0498786147709921,-0
0.0498810114598703,-0
0.0498834083427608,-0
0.0498858054205578,-0
0.0498882026940605,-0
0.049890600163949,-0
0.0498929978290323,-0
0.0498953956891167,-0
0.0498977937497974,-0
0.0499001920044436,-0
0.0499025904527428,-0
0.0499049890999068,-0
0.0499073879427345,-0
0.0499097869822554,-0
0.0499121862156289,-0
0.0499145856471584,-0
0.0499169852742092,-0
0.0499193850969575,-0
0.0499217851179877,-0
0.0499241853348262,-0
0.0499265857464859,-0
0.04992898635686,-0
0.0499313871616485,-0
0.049933788162622,-0
0.0499361893603676,-0
0.0499385907565084,-0
0.0499409923463815,-0
0.0499433941349785,-0
0.0499457961195344,-0
0.049948198301036,-0
0.0499506006772599,-0
0.0499530032526554,-0
0.0499554060236869,-0
0.0499578089953369,-0
0.0499602121607003,-0
0.0499626155252555,-0
0.0499650190847221,-0
0.0499674228408719,-0
0.049969826791796,-0
0.0499722309408437,-0
0.0499746352868248,-0
0.0499770398287446,-0
0.0499794445706766,-0
0.0499818495086948,-0
0.0499842546474837,-0
0.049986659979147,-0
0.0499890655083334,-0
0.0499914712341341,-0
0.049993877159702,-0
0.0499962832828194,-0
0.0499986896019745,-0
0.05,-0
0.0500024186831738,-0
0.0500047990133596,-0
0.0500072071442567,-0
0.0500096183359655,-0
0.0500120303712094,-0
0.0500144421577713,-0
0.0500168535415742,-0
0.0500192645481599,-0
0.0500216752555431,-0
0.0500240857410047,-0
0.0500264960735936,-0
0.0500289063109471,-0
0.050031316505525,-0
0.0500337266969402,-0
0.0500361369180093,-0
0.0500385471977529,-0
0.0500409575613935,-0
0.0500433680273339,-0
0.0500457786109024,-0
0.0500481893270989,-0
0.0500506001799449,-0
0.0500530111892877,-0
0.0500554223586786,-0
0.0500578336899175,-0
0.0500602451958332,-0
0.0500626568769621,-0
0.0500650687371558,-0
0.0500674807813631,-0
0.0500698930114993,-0
0.0500723054331826,-0
0.0500747180435866,-0
0.0500771308435706,-0
0.0500795438369952,-0
0.0500819570227414,-0
0.0500843704042428,-0
0.0500867839812419,-0
0.0500891977556014,-0
0.0500916117235807,-0
0.0500940258907802,-0
0.0500964402542059,-0
0.0500988548135726,-0
0.0501012695720131,-0
0.0501036845286403,-0
0.0501060996814463,-0
0.0501085150317728,-0
0.0501109305811474,-0
0.0501133463289806,-0
0.0501157622777811,-0
0.0501181784243154,-0
0.0501205947693536,-0
0.0501230113120657,-0
0.0501254280542832,-0
0.0501278449970405,-0
0.050130262136104,-0
0.0501326794774666,-0
0.0501350970160596,-0
0.0501375147540289,-0
0.05013993269296,-0
0.0501423508337674,-0
0.0501447691702601,-0
0.0501471877086092,-0
0.0501496064437918,-0
0.0501520253761772,-0
0.0501544445108393,-0
0.0501568638465259,-0
0.0501592833795992,-0
0.0501617031142389,-0
0.0501641230481011,-0
0.0501665431822245,-0
0.0501689635155132,-0
0.0501713840471713,-0
0.0501738047784775,-0
0.0501762257128921,-0
0.0501786468476915,-0
0.0501810681791669,-0
0.0501834897129619,-0
0.0501859114443483,-0
0.0501883333778274,-0
0.0501907555107199,-0
0.0501931778414786,-0
0.050195600373858,-0
0.0501980231058646,-0
0.0502004460384519,-0
0.0502028691728602,-0
0.0502052925066602,-0
0.0502077160412498,-0
0.0502101397764095,-0
0.0502125637135767,-0
0.0502149878477275,-0
0.0502174121831416,-0
0.0502198367178422,-0
0.0502222614543428,-0
0.0502246863926761,-0
0.0502271115294312,-0
0.0502295368687149,-0
0.0502319624068992,-0
0.0502343881459091,-0
0.0502368140854168,-0
0.0502392402286664,-0
0.0502416665715935,-0
0.0502440931141378,-0
0.0502465198587024,-0
0.0502489468029335,-0
0.0502513739470813,-0
0.0502538012956608,-0
0.0502562288426565,-0
0.0502586565930071,-0
0.050261084544951,-0
0.0502635126992057,-0
0.0502659410499639,-0
0.0502683696037464,-0
0.0502707983601288,-0
0.0502732273158185,-0
0.0502756564727748,-0
0.0502780858321775,-0
0.050280515394111,-0
0.0502829451570108,-0
0.0502853751213406,-0
0.0502878052861508,-0
0.0502902356526166,-0
0.0502926662219347,-0
0.0502950969924991,-0
0.0502975279615083,-0
0.0502999591342116,-0
0.0503023905090442,-0
0.0503048220843189,-0
0.050307253861641,-0
0.0503096858405845,-0
0.0503121180218847,-0
0.0503145504070978,-0
0.0503169829930739,-0
0.050319415780495,-0
0.0503218487694851,-0
0.0503242819601429,-0
0.0503267153540767,-0
0.0503291489509892,-0
0.0503315827505188,-0
0.0503340167473153,-0
0.0503364509478705,-0
0.0503388853525909,-0
0.0503413199577527,-0
0.0503437547652271,-0
0.0503461897768763,-0
0.0503486249897713,-0
0.0503510604013561,-0
0.0503534960179501,-0
0.050355931835138,-0
0.0503583678569145,-0
0.0503608040827258,-0
0.0503632405104506,-0
0.0503656771403981,-0
0.0503681139755697,-0
0.0503705510090395,-0
0.0503729882496389,-0
0.0503754256925178,-0
0.0503778633371455,-0
0.0503803011837937,-0
0.0503827392326675,-0
0.0503851774858034,-0
0.0503876159430745,-0
0.050390054601257,-0
0.0503924934605384,-0
0.0503949325259693,-0
0.0503973717935459,-0
0.0503998112667475,-0
0.0504022509378089,-0
0.0504046908143925,-0
0.0504071308926658,-0
0.0504095711756823,-0
0.0504120116612767,-0
0.0504144523516645,-0
0.0504168932435607,-0
0.0504193343397819,-0
0.0504217756383028,-0
0.0504242171419985,-0
0.0504266588482772,-0
0.0504291007593086,-0
0.0504315428721135,-0
0.0504339851908047,-0
0.0504364277123732,-0
0.0504388704346608,-0
0.0504413133611635,-0
0.050443756491774,-0
0.050446199827319,-0
0.0504486433664273,-0
0.0504510871111664,-0
0.0504535310562852,-0
0.050455975206342,-0
0.0504584195589007,-0
0.0504608641205247,-0
0.0504633088816774,-0
0.0504657538472918,-0
0.0504681990165727,-0
0.0504706443928447,-0
0.0504730899704109,-0
0.0504755357535824,-0
0.0504779817411418,-0
0.0504804279328115,-0
0.0504828743297317,-0
0.0504853209289153,-0
0.05048776773362,-0
0.0504902147430908,-0
0.0504926619573119,-0
0.0504951093744365,-0
0.0504975569974983,-0
0.0505000048250049,-0
0.0505024528561578,-0
0.0505049010940601,-0
0.0505073495351666,-0
0.0505097981791937,-0
0.0505122470268943,-0
0.0505146960818314,-0
0.0505171453414758,-0
0.0505195948058504,-0
0.0505220444722459,-0
0.050524494344954,-0
0.0505269444221538,-0
0.0505293947066778,-0
0.0505318451941474,-0
0.0505342958892964,-0
0.0505367467854035,-0
0.0505391978885897,-0
0.0505416491954893,-0
0.0505441007092048,-0
0.050546552425184,-0
0.0505490043496883,-0
0.050551456478857,-0
0.0505539088143469,-0
0.0505563613545112,-0
0.0505588141003202,-0
0.0505612670489386,-0
0.0505637202056015,-0
0.0505661735685533,-0
0.0505686271330119,-0
0.050571080904709,-0
0.0505735348831797,-0
0.050575989067302,-0
0.0505784434549196,-0
0.0505808980515923,-0
0.0505833528521653,-0
0.0505858078593843,-0
0.050588263071317,-0
0.0505907184885822,-0
0.0505931741130961,-0
0.0505956299437218,-0
0.0505980859788398,-0
0.0506005422190997,-0
0.0506029986653,-0
0.050605455319632,-0
0.0506079121782095,-0
0.0506103692444907,-0
0.0506128265171999,-0
0.0506152839960988,-0
0.0506177416790951,-0
0.0506201995674378,-0
0.0506226576632681,-0
0.0506251159685269,-0
0.050627574478404,-0
0.0506300331925532,-0
0.0506324921160431,-0
0.0506349512467489,-0
0.0506374105829943,-0
0.0506398701253495,-0
0.0506423298735224,-0
0.050644789828707,-0
0.0506472499903448,-0
0.0506497103592704,-0
0.0506521709351962,-0
0.0506546317164927,-0
0.0506570927033505,-0
0.0506595538991595,-0
0.0506620152997791,-0
0.0506644769099894,-0
0.0506669387260639,-0
0.0506694007512402,-0
0.0506718629815334,-0
0.0506743254198669,-0
0.0506767880644418,-0
0.0506792509148145,-0
0.0506817139742623,-0
0.0506841772406622,-0
0.0506866407146004,-0
0.0506891043940695,-0
0.0506915682803247,-0
0.0506940323771906,-0
0.0506964966802632,-0
0.0506989611928137,-0
0.0507014259111089,-0
0.050703890836173,-0
0.0507063559677768,-0
0.0507088213064136,-0
0.0507112868536799,-0
0.0507137526091745,-0
0.0507162185733287,-0
0.0507186847445837,-0
0.0507211511244975,-0
0.0507236177111494,-0
0.0507260845041472,-0
0.0507285515080702,-0
0.0507310187160997,-0
0.0507334861355645,-0
0.0507359537600367,-0
0.0507384215927224,-0
0.0507408896338449,-0
0.0507433578840828,-0
0.0507458263403653,-0
0.0507482950037084,-0
0.0507507638763157,-0
0.0507532329569675,-0
0.0507557022457308,-0
0.0507581717437167,-0
0.0507606414505577,-0
0.0507631113666371,-0
0.0507655814915257,-0
0.0507680518256637,-0
0.0507705223653516,-0
0.0507729931143582,-0
0.0507754640722685,-0
0.0507779352397509,-0
0.0507804066165248,-0
0.0507828782006178,-0
0.0507853499891086,-0
0.0507878219905871,-0
0.0507902942006554,-0
0.0507927666194738,-0
0.0507952392490111,-0
0.0507977120856185,-0
0.0508001851313245,-0
0.0508026583822508,-0
0.0508051318441379,-0
0.050807605515539,-0
0.0508100793976782,-0
0.0508125534887606,-0
0.0508150277876257,-0
0.0508175022943108,-0
0.0508199770132137,-0
0.0508224519397114,-0
0.0508249270769769,-0
0.0508274024208707,-0
0.0508298779746382,-0
0.0508323537381634,-0
0.0508348297121243,-0
0.0508373058923079,-0
0.0508397822819154,-0
0.0508422588840511,-0
0.0508447356915913,-0
0.0508472127136577,-0
0.0508496899455445,-0
0.0508521673875988,-0
0.0508546450371297,-0
0.050857122895523,-0
0.0508596009657043,-0
0.0508620792441682,-0
0.0508645577339732,-0
0.0508670364292168,-0
0.0508695153396324,-0
0.0508719944576652,-0
0.0508744737868075,-0
0.0508769533240344,-0
0.0508794330717482,-0
0.0508819130316047,-0
0.0508843932031371,-0
0.05088687358142,-0
0.0508893541700119,-0
0.0508918349682417,-0
0.0508943159767501,-0
0.0508967971957553,-0
0.0508992786249064,-0
0.0509017602673699,-0
0.0509042421141654,-0
0.0509067241726937,-0
0.0509092064429691,-0
0.0509116889225258,-0
0.0509141716169397,-0
0.050916654520834,-0
0.0509191376347356,-0
0.0509216209596017,-0
0.0509241044935479,-0
0.0509265882410403,-0
0.0509290721966019,-0
0.0509315563635744,-0
0.0509340407404714,-0
0.0509365253286324,-0
0.0509390101291813,-0
0.0509414951410526,-0
0.0509439803635802,-0
0.0509464657954533,-0
0.0509489514400474,-0
0.0509514372960777,-0
0.0509539233623117,-0
0.050956409639729,-0
0.0509588961296133,-0
0.0509613828293363,-0
0.0509638697420064,-0
0.0509663568665167,-0
0.0509688442014827,-0
0.0509713317471481,-0
0.0509738195040469,-0
0.050976307474629,-0
0.0509787956536637,-0
0.050981284046175,-0
0.050983772648764,-0
0.0509862614641138,-0
0.0509887504919134,-0
0.0509912397299702,-0
0.0509937291804581,-0
0.0509962188418069,-0
0.0509987087137978,-0
0.0510011987988884,-0
0.0510036890949958,-0
0.0510061796059773,-0
0.0510086703245034,-0
0.0510111612586105,-0
0.0510136524029928,-0
0.0510161437621275,-0
0.0510186353302578,-0
0.0510211271120637,-0
0.0510236191051556,-0
0.051026111312903,-0
0.051028603731355,-0
0.0510310963601189,-0
0.0510335892059291,-0
0.0510360822623203,-0
0.0510385755301857,-0
0.0510410690114103,-0
0.0510435627064322,-0
0.0510460566100387,-0
0.0510485507285804,-0
0.0510510450568974,-0
0.0510535396016246,-0
0.0510560343588671,-0
0.0510585293276253,-0
0.0510610245104493,-0
0.0510635199062083,-0
0.0510660155122225,-0
0.0510685113332574,-0
0.0510710073670377,-0
0.0510735036143413,-0
0.0510760000723049,-0
0.0510784967434527,-0
0.0510809936261641,-0
0.0510834907252233,-0
0.0510859880339992,-0
0.0510884855584921,-0
0.051090983294931,-0
0.051093481245996,-0
0.0510959794129935,-0
0.0510984777906696,-0
0.0511009763799926,-0
0.0511034751840494,-0
0.051105974200284,-0
0.0511084734313756,-0
0.0511109728734536,-0
0.051113472532611,-0
0.0511159724042093,-0
0.0511184724905486,-0
0.0511209727909569,-0
0.0511234733052844,-0
0.0511259740315823,-0
0.0511284749709038,-0
0.0511309761257292,-0
0.0511334774933471,-0
0.051135979075438,-0
0.0511384808718771,-0
0.0511409828819834,-0
0.0511434851039142,-0
0.0511459875429581,-0
0.0511484901932693,-0
0.0511509930579765,-0
0.0511534961396899,-0
0.0511559994314822,-0
0.0511585029407667,-0
0.0511610066617327,-0
0.0511635105972543,-0
0.0511660147479817,-0
0.0511685191138089,-0
0.0511710236936101,-0
0.0511735284878744,-0
0.0511760334977773,-0
0.0511785387208774,-0
0.0511810441574983,-0
0.0511835498107164,-0
0.0511860556770353,-0
0.0511885617591671,-0
0.0511910680540568,-0
0.0511935745649471,-0
0.0511960812910199,-0
0.0511985882316751,-0
0.0512010953854868,-0
0.0512036027532256,-0
0.0512061103380596,-0
0.0512086181378043,-0
0.0512111261521917,-0
0.0512136343838355,-0
0.0512161428286312,-0
0.0512186514884214,-0
0.0512211603633277,-0
0.051223669451127,-0
0.0512261787585823,-0
0.051228688279058,-0
0.0512311980169688,-0
0.0512337079689072,-0
0.0512362181355044,-0
0.0512387285192053,-0
0.0512412391173807,-0
0.0512437499309118,-0
0.0512462609616341,-0
0.0512487722085872,-0
0.0512512836667381,-0
0.0512537953406482,-0
0.0512563072329446,-0
0.0512588193407959,-0
0.0512613316610342,-0
0.0512638441999337,-0
0.0512663569544364,-0
0.0512688699255195,-0
0.0512713831122655,-0
0.0512738965155489,-0
0.0512764101359982,-0
0.0512789239712188,-0
0.0512814380220583,-0
0.0512839522862167,-0
0.0512864667672869,-0
0.0512889814657715,-0
0.0512914963813353,-0
0.051294011512739,-0
0.051296526859825,-0
0.0512990424250167,-0
0.0513015582058163,-0
0.0513040742017508,-0
0.0513065904130171,-0
0.0513091068422,-0
0.0513116234869444,-0
0.0513141403487617,-0
0.0513166574286343,-0
0.0513191747232605,-0
0.0513216922361863,-0
0.0513242099659938,-0
0.0513267279112811,-0
0.0513292460736787,-0
0.051331764454732,-0
0.0513342830513686,-0
0.0513368018652524,-0
0.0513393208959049,-0
0.0513418401440995,-0
0.0513443596081776,-0
0.0513468792922603,-0
0.0513493991916541,-0
0.0513519193054653,-0
0.0513544396382464,-0
0.0513569601893777,-0
0.0513594809580333,-0
0.0513620019448363,-0
0.0513645231475309,-0
0.0513670445657445,-0
0.0513695662040117,-0
0.0513720880582375,-0
0.0513746101283411,-0
0.0513771324173686,-0
0.0513796549248812,-0
0.0513821776497536,-0
0.051384700591956,-0
0.0513872237497454,-0
0.0513897471283086,-0
0.0513922707273783,-0
0.0513947945395187,-0
0.0513973185682027,-0
0.0513998428175224,-0
0.0514023672831853,-0
0.0514048919692055,-0
0.0514074168727398,-0
0.0514099419921863,-0
0.0514124673308501,-0
0.0514149928878199,-0
0.0514175186646357,-0
0.0514200446579932,-0
0.0514225708698765,-0
0.051425097301883,-0
0.0514276239514595,-0
0.0514301508158861,-0
0.0514326779014297,-0
0.0514352052050822,-0
0.0514377327272528,-0
0.0514402604673743,-0
0.0514427884260123,-0
0.0514453166029342,-0
0.0514478449961181,-0
0.0514503736101619,-0
0.0514529024442712,-0
0.0514554314955107,-0
0.0514579607664664,-0
0.0514604902545004,-0
0.0514630199641236,-0
0.051465549891195,-0
0.0514680800391033,-0
0.0514706104045907,-0
0.051473140990002,-0
0.0514756717927422,-0
0.0514782028132951,-0
0.051480734055266,-0
0.0514832655152507,-0
0.0514857971978983,-0
0.0514883290979057,-0
0.0514908612160234,-0
0.0514933935530661,-0
0.0514959261108681,-0
0.0514984588900382,-0
0.0515009918854055,-0
0.0515035250986541,-0
0.0515060585312038,-0
0.0515085921873466,-0
0.0515111260616207,-0
0.0515136601522024,-0
0.0515161944645087,-0
0.0515187289975314,-0
0.0515212637491288,-0
0.0515237987215827,-0
0.051526333911735,-0
0.0515288693236117,-0
0.0515314049557496,-0
0.0515339408074332,-0
0.0515364768776531,-0
0.051539013168114,-0
0.0515415496808624,-0
0.0515440864122773,-0
0.0515466233656949,-0
0.051549160537747,-0
0.0515516979274542,-0
0.051554235541173,-0
0.0515567733752614,-0
0.0515593114288709,-0
0.0515618497032504,-0
0.0515643881975053,-0
0.0515669269115402,-0
0.0515694658474802,-0
0.0515720050000105,-0
0.0515745443764672,-0
0.0515770839749487,-0
0.0515796237919324,-0
0.0515821638320677,-0
0.0515847040892973,-0
0.0515872445672036,-0
0.0515897852675996,-0
0.0515923261887685,-0
0.0515948673325796,-0
0.05159740869762,-0
0.0515999502804926,-0
0.0516024920855574,-0
0.0516050341127696,-0
0.0516075763578095,-0
0.0516101188262029,-0
0.0516126615149465,-0
0.0516152044276162,-0
0.0516177475589889,-0
0.0516202909126307,-0
0.0516228344883459,-0
0.0516253782840578,-0
0.0516279223006195,-0
0.051630466539234,-0
0.0516330110007709,-0
0.0516355556828301,-0
0.0516381005844627,-0
0.0516406457110021,-0
0.0516431910576972,-0
0.0516457366251385,-0
0.0516482824153965,-0
0.0516508284280735,-0
0.0516533746625455,-0
0.051655921118424,-0
0.0516584677950437,-0
0.0516610146944648,-0
0.0516635618157732,-0
0.0516661091588808,-0
0.051668656723218,-0
0.0516712045102419,-0
0.0516737525217239,-0
0.0516763007539783,-0
0.051678849208038,-0
0.0516813978845303,-0
0.0516839467821788,-0
0.0516864959026142,-0
0.0516890452461355,-0
0.0516915948107471,-0
0.0516941445981594,-0
0.0516966946079365,-0
0.0516992448387278,-0
0.0517017952933714,-0
0.0517043459694693,-0
0.0517068968685786,-0
0.051709447991103,-0
0.0517119993353698,-0
0.0517145509041216,-0
0.051717102694453,-0
0.051719654707849,-0
0.0517222069432891,-0
0.0517247594029968,-0
0.0517273120867103,-0
0.0517298649922361,-0
0.051732418119804,-0
0.05173497147159,-0
0.0517375250448826,-0
0.0517400788435573,-0
0.0517426328648943,-0
0.0517451871077153,-0
0.0517477415757822,-0
0.0517502962663699,-0
0.0517528511808411,-0
0.051755406318271,-0
0.0517579616799544,-0
0.0517605172657747,-0
0.0517630730716382,-0
0.0517656291020527,-0
0.0517681853591024,-0
0.0517707418377822,-0
0.0517732985413547,-0
0.0517758554673592,-0
0.0517784126149408,-0
0.0517809699876912,-0
0.0517835275848959,-0
0.0517860854051364,-0
0.0517886434492139,-0
0.0517912017192197,-0
0.0517937602145443,-0
0.051796318932071,-0
0.0517988778741282,-0
0.0518014370397024,-0
0.0518039964280349,-0
0.0518065560438056,-0
0.0518091158824659,-0
0.0518116759440671,-0
0.0518142362301828,-0
0.0518167967418939,-0
0.0518193574751378,-0
0.0518219184355332,-0
0.0518244796203792,-0
0.0518270410310214,-0
0.0518296026653074,-0
0.0518321645225636,-0
0.0518347266059668,-0
0.0518372889129109,-0
0.0518398514427803,-0
0.051842414199505,-0
0.0518449771810641,-0
0.0518475403873372,-0
0.0518501038192364,-0
0.0518526674756613,-0
0.051855231356102,-0
0.0518577954596792,-0
0.0518603597915646,-0
0.0518629243493529,-0
0.0518654891313427,-0
0.0518680541360783,-0
0.0518706193679946,-0
0.0518731848246845,-0
0.0518757505063058,-0
0.0518783164154571,-0
0.0518808825471732,-0
0.0518834489065944,-0
0.0518860154899548,-0
0.0518885822989975,-0
0.0518911493341116,-0
0.051893716594258,-0
0.0518962840788958,-0
0.0518988517919361,-0
0.0519014197289807,-0
0.0519039878934964,-0
0.0519065562805294,-0
0.0519091248972508,-0
0.0519116937347066,-0
0.0519142628011629,-0
0.0519168320926818,-0
0.0519194016087809,-0
0.0519219713553476,-0
0.051924541326022,-0
0.0519271115216537,-0
0.0519296819456067,-0
0.0519322525943462,-0
0.0519348234691944,-0
0.0519373945717251,-0
0.0519399658983898,-0
0.0519425374511375,-0
0.0519451092317315,-0
0.051947681239676,-0
0.0519502534735518,-0
0.0519528259342214,-0
0.051955398620383,-0
0.0519579715343546,-0
0.0519605446735374,-0
0.0519631180388102,-0
0.0519656916320517,-0
0.0519682654507384,-0
0.0519708394971925,-0
0.0519734137708274,-0
0.0519759882687913,-0
0.0519785629955997,-0
0.0519811379490235,-0
0.0519837131302007,-0
0.0519862885367457,-0
0.051988864171795,-0
0.0519914400337876,-0
0.0519940161239164,-0
0.051996592442491,-0
0.0519991689852714,-0
0.0520017457564546,-0
0.0520043227527584,-0
0.0520068999794283,-0
0.052009477435001,-0
0.0520120551149741,-0
0.0520146330227996,-0
0.052017211158768,-0
0.0520197895221127,-0
0.0520223681136546,-0
0.0520249469329086,-0
0.0520275259788711,-0
0.0520301052521482,-0
0.0520326847521093,-0
0.0520352644798143,-0
0.0520378444355043,-0
0.0520404246204548,-0
0.0520430050336157,-0
0.0520455856736338,-0
0.0520481665419843,-0
0.0520507476392918,-0
0.0520533289637671,-0
0.0520559105177148,-0
0.0520584922985824,-0
0.0520610743067065,-0
0.0520636565453339,-0
0.0520662390094909,-0
0.0520688217025262,-0
0.0520714046263413,-0
0.0520739877761321,-0
0.0520765711583731,-0
0.0520791547655743,-0
0.0520817386031883,-0
0.0520843226698422,-0
0.0520869069640238,-0
0.0520894914869086,-0
0.0520920762397311,-0
0.0520946612202017,-0
0.0520972464295804,-0
0.0520998318685896,-0
0.0521024175344359,-0
0.0521050034302457,-0
0.0521075895551498,-0
0.0521101759093475,-0
0.0521127624945281,-0
0.0521153493076875,-0
0.0521179363501178,-0
0.0521205236216979,-0
0.0521231111216581,-0
0.0521256988497306,-0
0.0521282868070173,-0
0.0521308749938973,-0
0.0521334634114501,-0
0.0521360520585587,-0
0.0521386409364609,-0
0.0521412300406387,-0
0.0521438193758831,-0
0.0521464089395827,-0
0.0521489987340377,-0
0.0521515887581709,-0
0.052154179009078,-0
0.0521567694919171,-0
0.0521593602058998,-0
0.0521619511478485,-0
0.0521645423206756,-0
0.0521671337219077,-0
0.0521697253569222,-0
0.052172317218276,-0
0.052174909311388,-0
0.0521775016359986,-0
0.0521800941903409,-0
0.0521826869739311,-0
0.0521852799893238,-0
0.0521878732333471,-0
0.052190466708626,-0
0.0521930604152576,-0
0.0521956543515704,-0
0.052198248520493,-0
0.0522008429175831,-0
0.0522034375446652,-0
0.0522060324006174,-0
0.052208627488693,-0
0.0522112228085219,-0
0.0522138183592663,-0
0.0522164141387233,-0
0.0522190101498719,-0
0.0522216063914694,-0
0.0522242028645251,-0
0.0522267995683675,-0
0.0522293965017496,-0
0.052231993667844,-0
0.0522345910652714,-0
0.0522371886939075,-0
0.0522397865504205,-0
0.0522423846411529,-0
0.0522449829619707,-0
0.0522475815150804,-0
0.0522501802993276,-0
0.0522527793139466,-0
0.05225537855753,-0
0.0522579780326835,-0
0.0522605777399832,-0
0.0522631776786833,-0
0.0522657778531107,-0
0.0522683782588694,-0
0.0522709788937822,-0
0.0522735797604449,-0
0.0522761808575147,-0
0.0522787821891073,-0
0.0522813837518698,-0
0.0522839855474331,-0
0.0522865875728836,-0
0.0522891898315671,-0
0.0522917923234959,-0
0.0522943950483859,-0
0.0522969980019244,-0
0.0522996011866722,-0
0.0523022046055994,-0
0.052304808255458,-0
0.0523074121390144,-0
0.0523100162523063,-0
0.052312620599689,-0
0.0523152251802844,-0
0.0523178299914223,-0
0.052320435037673,-0
0.0523230403126637,-0
0.0523256458232355,-0
0.0523282515646724,-0
0.0523308575398277,-0
0.0523334637452114,-0
0.0523360701841847,-0
0.052338676856934,-0
0.052341283761025,-0
0.0523438909021616,-0
0.0523464982723587,-0
0.0523491058743319,-0
0.0523517137123545,-0
0.0523543217834762,-0
0.0523569300890961,-0
0.0523595386259442,-0
0.0523621473940956,-0
0.052364756399244,-0
0.0523673656346954,-0
0.0523699751010536,-0
0.0523725848036258,-0
0.0523751947412013,-0
0.0523778049116423,-0
0.0523804153133495,-0
0.0523830259473284,-0
0.0523856368185192,-0
0.0523882479211049,-0
0.0523908592558114,-0
0.0523934708256113,-0
0.0523960826291706,-0
0.0523986946675315,-0
0.0524013069371912,-0
0.0524039194434694,-0
0.0524065321829496,-0
0.0524091451566223,-0
0.0524117583654253,-0
0.0524143718066426,-0
0.0524169854806402,-0
0.0524195993873388,-0
0.052422213532217,-0
0.0524248279085735,-0
0.0524274425198069,-0
0.0524300573642079,-0
0.0524326724442183,-0
0.0524352877585262,-0
0.0524379033073911,-0
0.0524405190882101,-0
0.0524431351054165,-0
0.0524457513560816,-0
0.0524483678431074,-0
0.0524509845644826,-0
0.0524536015205885,-0
0.0524562187107057,-0
0.052458836136247,-0
0.0524614537980031,-0
0.052464071692503,-0
0.0524666898210605,-0
0.0524693081863204,-0
0.0524719267846431,-0
0.0524745456201402,-0
0.0524771646890672,-0
0.0524797839925139,-0
0.0524824035347927,-0
0.0524850233073249,-0
0.0524876433168727,-0
0.0524902635615825,-0
0.0524928840422118,-0
0.0524955047574088,-0
0.0524981257081016,-0
0.0525007468944306,-0
0.052503368317666,-0
0.0525059899757676,-0
0.0525086118700401,-0
0.0525112339986178,-0
0.0525138563635304,-0
0.052516478963687,-0
0.0525191017976592,-0
0.052521724868927,-0
0.0525243481747746,-0
0.0525269717175873,-0
0.0525295954941427,-0
0.0525322195066793,-0
0.0525348437569996,-0
0.0525374682442113,-0
0.0525400929675229,-0
0.0525427179277356,-0
0.0525453431231048,-0
0.0525479685552954,-0
0.0525505942231197,-0
0.0525532201256432,-0
0.0525558462633638,-0
0.0525584726389431,-0
0.0525610992520486,-0
0.0525637261025848,-0
0.0525663531881265,-0
0.052568980510145,-0
0.0525716080704661,-0
0.0525742358638666,-0
0.0525768638964876,-0
0.0525794921666683,-0
0.0525821206711429,-0
0.0525847494122787,-0
0.0525873783909718,-0
0.0525900076074448,-0
0.0525926370606172,-0
0.0525952667509795,-0
0.0525978966777006,-0
0.0526005268415329,-0
0.0526031572405507,-0
0.0526057878783218,-0
0.0526084187547147,-0
0.0526110498678057,-0
0.0526136812192557,-0
0.0526163128071691,-0
0.0526189446319467,-0
0.0526215766932283,-0
0.0526242089931597,-0
0.0526268415324054,-0
0.0526294743073134,-0
0.0526321073188556,-0
0.0526347405678436,-0
0.052637374053382,-0
0.0526400077783096,-0
0.0526426417417769,-0
0.0526452759420157,-0
0.0526479103839343,-0
0.0526505450602594,-0
0.0526531799771314,-0
0.0526558151301166,-0
0.0526584505204311,-0
0.052661086150061,-0
0.0526637220196756,-0
0.0526663581257013,-0
0.0526689944709011,-0
0.052671631053096,-0
0.052674267873355,-0
0.0526769049317888,-0
0.0526795422291925,-0
0.0526821797647539,-0
0.0526848175408366,-0
0.0526874555510189,-0
0.0526900938011908,-0
0.0526927322913434,-0
0.0526953710200732,-0
0.0526980099871318,-0
0.0527006491953926,-0
0.0527032886390499,-0
0.0527059283234006,-0
0.0527085682465264,-0
0.0527112084063038,-0
0.0527138488054336,-0
0.0527164894415744,-0
0.0527191303201689,-0
0.0527217714370984,-0
0.0527244127943847,-0
0.0527270543888028,-0
0.0527296962240015,-0
0.0527323382981792,-0
0.0527349806132199,-0
0.0527376231655977,-0
0.0527402659564163,-0
0.0527429089885688,-0
0.0527455522600611,-0
0.0527481957682914,-0
0.0527508395190875,-0
0.0527534835088238,-0
0.0527561277386137,-0
0.0527587722070667,-0
0.0527614169167467,-0
0.0527640618649275,-0
0.0527667070533805,-0
0.0527693524810851,-0
0.0527719981471306,-0
0.052774644054328,-0
0.052777290200922,-0
0.0527799365892777,-0
0.0527825832167607,-0
0.0527852300852503,-0
0.0527878771940873,-0
0.0527905245435238,-0
0.0527931721321625,-0
0.0527958199607581,-0
0.0527984680301869,-0
0.0528011163412697,-0
0.0528037648937611,-0
0.0528064136865675,-0
0.0528090627183503,-0
0.0528117119919081,-0
0.0528143615058829,-0
0.0528170112580812,-0
0.0528196612526497,-0
0.0528223114878658,-0
0.0528249619656101,-0
0.0528276126804807,-0
0.0528302636357095,-0
0.0528329148360501,-0
0.0528355662774997,-0
0.0528382179609437,-0
0.0528408698842942,-0
0.0528435220498503,-0
0.0528461744539565,-0
0.0528488271009123,-0
0.052851479987404,-0
0.0528541331153479,-0
0.0528567864854178,-0
0.0528594400975855,-0
0.0528620939501237,-0
0.052864748045826,-0
0.0528674023799013,-0
0.0528700569577191,-0
0.0528727117749376,-0
0.052875366836148,-0
0.052878022140985,-0
0.0528806776842087,-0
0.052883333472735,-0
0.0528859895021185,-0
0.0528886457725855,-0
0.0528913022842153,-0
0.0528939590392977,-0
0.0528966160375735,-0
0.0528992732773117,-0
0.0529019307569421,-0
0.052904588478897,-0
0.052907246443529,-0
0.0529099046516249,-0
0.0529125631006046,-0
0.0529152217924107,-0
0.0529178807281968,-0
0.0529205399052243,-0
0.052923199323863,-0
0.0529258589865097,-0
0.0529285188918553,-0
0.0529311790390475,-0
0.0529338394302586,-0
0.0529365000608588,-0
0.0529391609380774,-0
0.0529418220557023,-0
0.0529444834182027,-0
0.0529471450243869,-0
0.0529498068714892,-0
0.0529524689622993,-0
0.0529551312944011,-0
0.0529577938707665,-0
0.0529604566920618,-0
0.0529631197546342,-0
0.0529657830619849,-0
0.0529684466102797,-0
0.0529711104017939,-0
0.0529737744389945,-0
0.052976438717277,-0
0.0529791032435662,-0
0.0529817680082862,-0
0.0529844330187853,-0
0.0529870982719694,-0
0.0529897637686504,-0
0.0529924295092435,-0
0.0529950954949166,-0
0.0529977617216002,-0
0.0529995223520976,-0
0.0530012829825949,-0
0.0530028048356898,-0
0.0530054614522851,-0
0.0530081026840385,-0
0.0530107760849671,-0
0.0530134535608852,-0
0.053016131439257,-0
0.0530188083386582,-0
0.0530214841141649,-0
0.0530241588950288,-0
0.0530268328656665,-0
0.0530295061998282,-0
0.0530321790555045,-0
0.0530348515565655,-0
0.0530375238107558,-0
0.0530401959015197,-0
0.0530428679053909,-0
0.0530455398814026,-0
0.0530482118777392,-0
0.0530508839395374,-0
0.0530535560955963,-0
0.0530562283770824,-0
0.053058900803303,-0
0.0530615733965329,-0
0.0530642461718568,-0
0.0530669191393303,-0
0.0530695923140268,-0
0.0530722657034732,-0
0.0530749393169409,-0
0.0530776131551985,-0
0.0530802872267807,-0
0.0530829615361909,-0
0.0530856360872864,-0
0.0530883108778679,-0
0.0530909859160994,-0
0.0530936612036302,-0
0.0530963367389813,-0
0.053099012523146,-0
0.0531016885643293,-0
0.0531043648576201,-0
0.0531070414056094,-0
0.0531097182052881,-0
0.0531123952623733,-0
0.053115072574635,-0
0.0531177501422679,-0
0.0531204279652398,-0
0.0531231060461361,-0
0.0531257843840174,-0
0.0531284629763739,-0
0.0531311418281376,-0
0.0531338209387748,-0
0.0531365003079836,-0
0.0531391799329214,-0
0.0531418598156851,-0
0.0531445399585308,-0
0.0531472203597381,-0
0.0531499010164401,-0
0.0531525819339039,-0
0.0531552631088222,-0
0.0531579445423093,-0
0.053160626235512,-0
0.0531633081856813,-0
0.0531659903953545,-0
0.0531686728630051,-0
0.053171355586344,-0
0.0531740385735139,-0
0.0531767218181923,-0
0.0531794053207977,-0
0.0531820890789126,-0
0.0531847730989262,-0
0.0531874573788021,-0
0.0531901419169235,-0
0.0531928267149078,-0
0.0531955117738822,-0
0.0531981970895599,-0
0.053200882664267,-0
0.0532035684992782,-0
0.0532062545962142,-0
0.0532089409511952,-0
0.0532116275635742,-0
0.0532143144379607,-0
0.0532170015705579,-0
0.0532196889622518,-0
0.0532223766133397,-0
0.0532250645224075,-0
0.0532277526937644,-0
0.0532304411213365,-0
0.0532331298114259,-0
0.0532358187615093,-0
0.0532385079717159,-0
0.0532411974420752,-0
0.0532438871705984,-0
0.0532465771602748,-0
0.0532492674124574,-0
0.0532519579242409,-0
0.053254648697302,-0
0.0532573397295784,-0
0.0532600310203944,-0
0.0532627225744713,-0
0.0532654143889925,-0
0.0532681064643973,-0
0.0532707987992103,-0
0.0532734913945605,-0
0.0532761842501936,-0
0.0532788773668422,-0
0.0532815707435226,-0
0.0532842643842347,-0
0.0532869582842523,-0
0.0532896524450592,-0
0.0532923468673197,-0
0.0532950415501744,-0
0.0532977364930525,-0
0.0533004316992222,-0
0.0533031271651688,-0
0.0533058228939047,-0
0.053308518882651,-0
0.0533112151327009,-0
0.0533139116436852,-0
0.0533166084135678,-0
0.0533193054475542,-0
0.0533220027440707,-0
0.0533247003001282,-0
0.0533273981196048,-0
0.0533300961984626,-0
0.0533327945388665,-0
0.0533354931419309,-0
0.0533381920078194,-0
0.0533408911365659,-0
0.0533435905247235,-0
0.0533462901768675,-0
0.0533489900901198,-0
0.0533516902665363,-0
0.0533543907086103,-0
0.053357091406603,-0
0.0533597923669104,-0
0.0533624935922619,-0
0.0533651950809209,-0
0.0533678968298857,-0
0.0533705988404837,-0
0.0533733011147921,-0
0.0533760036523264,-0
0.0533787064517856,-0
0.053381409511762,-0
0.053384112837189,-0
0.0533868164248744,-0
0.0533895202775718,-0
0.0533922243905518,-0
0.0533949287648809,-0
0.0533976334037948,-0
0.0534003383054073,-0
0.0534030434715505,-0
0.0534057488983828,-0
0.0534084545893486,-0
0.0534111605417781,-0
0.0534138667584777,-0
0.053416573241072,-0
0.0534192799834248,-0
0.0534219869898835,-0
0.0534246942633289,-0
0.0534274017983327,-0
0.0534301095972999,-0
0.0534328176598002,-0
0.0534355259841669,-0
0.0534382345745201,-0
0.0534409434252747,-0
0.0534436525443751,-0
0.0534463619270339,-0
0.0534490715697033,-0
0.0534517814797697,-0
0.0534544916539395,-0
0.0534572020928544,-0
0.0534599127917165,-0
0.053462623755139,-0
0.0534653349835502,-0
0.0534680464745174,-0
0.0534707582329477,-0
0.0534734702555505,-0
0.0534761825427577,-0
0.0534788950939325,-0
0.0534816079115795,-0
0.0534843209936542,-0
0.0534870343391875,-0
0.0534897479494639,-0
0.0534924618238883,-0
0.0534951759653124,-0
0.0534978903710553,-0
0.053500605038112,-0
0.0535033199703431,-0
0.0535060351675599,-0
0.0535087506305765,-0
0.0535114663605228,-0
0.0535141823551327,-0
0.053516898613026,-0
0.0535196151390419,-0
0.0535223319299301,-0
0.0535250489880623,-0
0.0535277663086287,-0
0.0535304838947391,-0
0.0535332017482294,-0
0.0535359198664755,-0
0.0535386382517655,-0
0.0535413568988001,-0
0.0535440758139945,-0
0.0535467949942346,-0
0.0535495144386439,-0
0.0535522341485665,-0
0.0535549541280235,-0
0.0535576743730834,-0
0.0535603948809467,-0
0.0535631156580134,-0
0.0535658366988803,-0
0.0535685580076561,-0
0.0535712795831416,-0
0.053574001423667,-0
0.0535767235315715,-0
0.0535794459038778,-0
0.0535821685441778,-0
0.053584891451374,-0
0.0535876146245408,-0
0.0535903380652572,-0
0.0535930617724977,-0
0.0535957857462234,-0
0.0535985099865085,-0
0.0536012344922919,-0
0.0536039592674805,-0
0.0536066843085112,-0
0.0536094096167479,-0
0.0536121351905184,-0
0.0536148610307113,-0
0.05361758714151,-0
0.0536203135182197,-0
0.0536230401598873,-0
0.0536257670707205,-0
0.0536284942465683,-0
0.0536312216909664,-0
0.0536339494038004,-0
0.053636677384366,-0
0.0536394056312612,-0
0.0536421341446085,-0
0.0536448629271051,-0
0.0536475919755065,-0
0.0536503212914068,-0
0.0536530508763479,-0
0.0536557807292053,-0
0.0536585108495064,-0
0.0536612412351695,-0
0.0536639718913416,-0
0.0536667028159394,-0
0.0536694340088272,-0
0.0536721654698153,-0
0.0536748971999379,-0
0.0536776291971781,-0
0.0536803614634804,-0
0.0536830939961388,-0
0.053685826799324,-0
0.0536885598693587,-0
0.0536912932091406,-0
0.053694026817478,-0
0.0536967606942701,-0
0.0536994948385781,-0
0.0537022292514927,-0
0.0537049639313494,-0
0.0537076988818937,-0
0.0537104341019244,-0
0.053713169590379,-0
0.0537159053453402,-0
0.053718641371825,-0
0.0537213776682386,-0
0.0537241142344426,-0
0.0537268510665104,-0
0.053729588169692,-0
0.0537323255444629,-0
0.0537350631898853,-0
0.0537378011048669,-0
0.0537405392866888,-0
0.0537432777396417,-0
0.0537460164586875,-0
0.0537487554503307,-0
0.0537514947101121,-0
0.0537542342389223,-0
0.0537569740374771,-0
0.0537597141037938,-0
0.0537624544415118,-0
0.0537651950510848,-0
0.0537679359301186,-0
0.0537706770763786,-0
0.0537734184938546,-0
0.0537761601826085,-0
0.0537789021399737,-0
0.0537816443678958,-0
0.0537843868657894,-0
0.0537871296342434,-0
0.053789872673574,-0
0.0537926159817599,-0
0.0537953595646495,-0
0.0537981034163185,-0
0.053800847537847,-0
0.0538035919301979,-0
0.0538063365928093,-0
0.0538090815286597,-0
0.0538118267348324,-0
0.0538145722101025,-0
0.0538173179583276,-0
0.0538200639733952,-0
0.0538228102606158,-0
0.0538255568195208,-0
0.0538283036492431,-0
0.0538310507521498,-0
0.0538337981238937,-0
0.0538365457678066,-0
0.05383929368441,-0
0.0538420418715194,-0
0.0538447903321406,-0
0.0538475390623909,-0
0.0538502880643725,-0
0.0538530373369909,-0
0.0538557868813592,-0
0.0538585366976558,-0
0.0538612867884639,-0
0.0538640371481322,-0
0.0538667877792956,-0
0.0538695386825146,-0
0.0538722898581607,-0
0.0538750413068801,-0
0.053877793024296,-0
0.053880545016621,-0
0.0538832972803463,-0
0.0538860498159169,-0
0.0538888026245439,-0
0.0538915557062889,-0
0.0538943090588498,-0
0.0538970626850565,-0
0.0538998165851806,-0
0.0539025707575879,-0
0.0539053252004846,-0
0.0539080799181814,-0
0.0539108349066717,-0
0.0539135901694545,-0
0.0539163457048067,-0
0.0539191015123063,-0
0.053921857590647,-0
0.0539246139424601,-0
0.0539273705704598,-0
0.0539301274696782,-0
0.0539328846439137,-0
0.053935642089027,-0
0.0539383998092824,-0
0.053941157800822,-0
0.0539439160656604,-0
0.0539466746017385,-0
0.0539494334144892,-0
0.0539521924997141,-0
0.0539549518611498,-0
0.0539577114941636,-0
0.053960471401837,-0
0.0539632315828186,-0
0.0539659920362787,-0
0.0539687527640696,-0
0.0539715137646868,-0
0.0539742750402415,-0
0.0539770365904148,-0
0.0539797984116035,-0
0.0539825605105068,-0
0.0539853228809372,-0
0.0539880855249377,-0
0.0539908484458226,-0
0.053993611641874,-0
0.0539963751104961,-0
0.0539991388553421,-0
0.0540019028727827,-0
0.0540046671643332,-0
0.054007431730202,-0
0.0540101965744142,-0
0.0540129616901094,-0
0.0540157270818832,-0
0.0540184927473655,-0
0.0540212586887423,-0
0.0540240249050244,-0
0.0540267913958879,-0
0.0540295581614455,-0
0.0540323252025553,-0
0.0540350925186819,-0
0.0540378601085371,-0
0.0540406279746534,-0
0.0540433961154308,-0
0.0540461645318576,-0
0.0540489332244122,-0
0.0540517021921227,-0
0.0540544714369909,-0
0.0540572409542146,-0
0.0540600107494306,-0
0.0540627808190603,-0
0.0540655511663551,-0
0.0540683217879557,-0
0.0540710926855418,-0
0.05407386385755,-0
0.0540766353075698,-0
0.0540794070327859,-0
0.0540821790335954,-0
0.0540849513101951,-0
0.0540877238654035,-0
0.0540904966946427,-0
0.0540932698012927,-0
0.0540960431813234,-0
0.054098816840203,-0
0.0541015907754188,-0
0.0541043649855114,-0
0.0541071394717936,-0
0.0541099142362541,-0
0.0541126892761602,-0
0.0541154645949844,-0
0.0541182401891068,-0
0.0541210160580667,-0
0.0541237922052619,-0
0.0541265686321866,-0
0.0541293453345356,-0
0.054132122313671,-0
0.0541348995704375,-0
0.054137677103774,-0
0.0541404549148484,-0
0.054143233001737,-0
0.0541460113684716,-0
0.0541487900104754,-0
0.0541515689307485,-0
0.0541543481267453,-0
0.0541571275996915,-0
0.0541599073511415,-0
0.0541626873792065,-0
0.0541654676862268,-0
0.0541682482709644,-0
0.0541710291322441,-0
0.0541738102720784,-0
0.0541765916895295,-0
0.054179373384555,-0
0.0541821553583205,-0
0.0541849376103118,-0
0.0541877201431369,-0
0.0541905029503451,-0
0.0541932860388073,-0
0.0541960694051473,-0
0.0541988530480892,-0
0.0542016369708291,-0
0.0542044211707285,-0
0.0542072056457388,-0
0.0542099903995496,-0
0.0542127754318559,-0
0.0542155607452095,-0
0.0542183463364829,-0
0.0542211322060694,-0
0.0542239183556047,-0
0.0542267047860089,-0
0.0542294914913537,-0
0.0542322784796923,-0
0.0542350657461073,-0
0.0542378532926557,-0
0.0542406411169949,-0
0.0542434292200296,-0
0.0542462176049735,-0
0.0542490062662038,-0
0.0542517952064924,-0
0.0542545844285074,-0
0.0542573739277902,-0
0.0542601637067532,-0
0.0542629537647849,-0
0.0542657441062866,-0
0.0542663327681562,-0
0.0542669214300258,-0
0.0542672977650164,-0
0.0542674735497865,-0
0.0542676122052855,-0
0.0542677508607845,-0
0.0542684441382794,-0
0.0542702672475421,-0
0.0542720949000264,-0
0.0542739556811347,-0
0.0542758517740033,-0
0.054277784439455,-0
0.05427975466443,-0
0.0542817633537006,-0
0.0542838113506133,-0
0.054285899433162,-0
0.0542880282939208,-0
0.0542901985168196,-0
0.0542924105530963,-0
0.0542946647005381,-0
0.0542969610760441,-0
0.0542992995939484,-0
0.0543016799343016,-0
0.0543041015312198,-0
0.0543065635543723,-0
0.0543090649061847,-0
0.0543116042226519,-0
0.0543141798832286,-0
0.0543167900385737,-0
0.0543194326392056,-0
0.0543221054741377,-0
0.0543248062405548,-0
0.0543275325615605,-0
0.0543302820685566,-0
0.0543330524294559,-0
0.0543358414085468,-0
0.0543386468800909,-0
0.0543414668717794,-0
0.0543442995704214,-0
0.0543471433409459,-0
0.0543499967126369,-0
0.0543528583869258,-0
0.0543557272290049,-0
0.0543586022486248,-0
0.0543614825896506,-0
0.0543643675167514,-0
0.0543672564043709,-0
0.0543701487191691,-0
0.0543730440152678,-0
0.0543759419061905,-0
0.0543788420733742,-0
0.0543817442481899,-0
0.0543846482020928,-0
0.0543875537495997,-0
0.0543904607353407,-0
0.0543933690242437,-0
0.0543962785064804,-0
0.0543991890915498,-0
0.0544021007028402,-0
0.0544050132757526,-0
0.054407926762779,-0
0.0544108411157531,-0
0.0544137563045907,-0
0.0544166722933029,-0
0.0544195890563968,-0
0.0544225065748555,-0
0.0544254248307662,-0
0.054428343814723,-0
0.0544312635086684,-0
0.0544341839041704,-0
0.0544371049948317,-0
0.0544400267732369,-0
0.0544429492347105,-0
0.0544458723738407,-0
0.0544487961879577,-0
0.0544517206724495,-0
0.0544546458264156,-0
0.0544575716482349,-0
0.0544604981376519,-0
0.054463425291873,-0
0.0544663531079501,-0
0.0544692815866364,-0
0.0544722107276421,-0
0.0544751405284748,-0
0.0544780709894932,-0
0.0544810021107564,-0
0.0544839338947114,-0
0.0544868663379199,-0
0.0544897994414834,-0
0.0544927332043025,-0
0.0544956676292588,-0
0.0544986027141503,-0
0.0545015384567104,-0
0.0545044748635928,-0
0.0545074119304054,-0
0.0545103496580151,-0
0.0545132880464265,-0
0.054516227099413,-0
0.0545191668114823,-0
0.0545221071861137,-0
0.054525048223711,-0
0.0545279899189864,-0
0.0545309322792169,-0
0.0545338753019252,-0
0.0545368189904098,-0
0.0545397633383515,-0
0.0545427083521834,-0
0.0545456540292909,-0
0.0545486003685701,-0
0.0545515473753577,-0
0.0545544950456599,-0
0.054557443381252,-0
0.05456039238138,-0
0.0545633420458853,-0
0.0545662923776282,-0
0.0545692433740368,-0
0.0545721950347455,-0
0.0545751473623488,-0
0.0545781003590665,-0
0.0545810540189697,-0
0.0545840083467491,-0
0.054586963341719,-0
0.0545899190043354,-0
0.0545928753372447,-0
0.0545958323371433,-0
0.0545987900066096,-0
0.0546017483442332,-0
0.0546047073488577,-0
0.0546076670241866,-0
0.0546106273673771,-0
0.0546135883820817,-0
0.0546165500672742,-0
0.0546195124214808,-0
0.0546224754457632,-0
0.0546254391396497,-0
0.0546284035049937,-0
0.0546313685458381,-0
0.0546343342530009,-0
0.0546373006307567,-0
0.0546402676830413,-0
0.0546432354066548,-0
0.0546462038043143,-0
0.0546491728727254,-0
0.0546521426145561,-0
0.0546551130316413,-0
0.0546580841184579,-0
0.0546610558824908,-0
0.0546640283206002,-0
0.0546670014319552,-0
0.0546699752168694,-0
0.0546729496790717,-0
0.0546759248163693,-0
0.0546789006295932,-0
0.0546818771186441,-0
0.054684854281216,-0
0.0546878321210642,-0
0.0546908106376863,-0
0.0546937898327006,-0
0.0546967697025764,-0
0.0546997502505027,-0
0.0547027314756637,-0
0.0547057133787257,-0
0.0547086959586436,-0
0.0547116792155479,-0
0.0547146631503153,-0
0.0547176477657359,-0
0.0547206330584166,-0
0.0547236190334735,-0
0.0547266056883435,-0
0.0547295930226729,-0
0.0547325810373075,-0
0.0547355697340698,-0
0.0547385591074459,-0
0.0547415491643974,-0
0.0547445399023771,-0
0.0547475313232414,-0
0.0547505234245582,-0
0.0547535162058476,-0
0.0547565096718152,-0
0.0547595038178968,-0
0.0547624986494359,-0
0.0547654941636445,-0
0.0547684903615844,-0
0.0547714872408518,-0
0.0547744848059445,-0
0.0547774830542529,-0
0.0547804819879084,-0
0.0547834816081501,-0
0.0547864819125918,-0
0.0547894828989533,-0
0.0547924845708496,-0
0.0547954869331842,-0
0.0547984899779216,-0
0.0548014937104708,-0
0.0548044981297356,-0
0.0548075032342926,-0
0.0548105090285752,-0
0.0548135155108654,-0
0.0548165226817121,-0
0.0548195305343238,-0
0.0548225390757965,-0
0.0548255483063513,-0
0.0548285582271337,-0
0.0548315688360344,-0
0.0548345801366624,-0
0.0548375921251937,-0
0.0548406048061776,-0
0.0548436181730355,-0
0.054846632234155,-0
0.0548496469853765,-0
0.0548526624261239,-0
0.0548556785597742,-0
0.0548586953835529,-0
0.0548617128962835,-0
0.0548647311035877,-0
0.0548677500030251,-0
0.0548707695956627,-0
0.0548737898800615,-0
0.0548768108594044,-0
0.0548798325313038,-0
0.0548828548968772,-0
0.0548858779535392,-0
0.0548889017055555,-0
0.0548919261522561,-0
0.0548949512930182,-0
0.0548979771287189,-0
0.0549010036587559,-0
0.0549040308883737,-0
0.0549070588147127,-0
0.0549100874359757,-0
0.0549131167489853,-0
0.0549161467622285,-0
0.0549191774746518,-0
0.0549222088783268,-0
0.0549252409829452,-0
0.0549282737889364,-0
0.0549313072869947,-0
0.054934341487774,-0
0.0549373763855433,-0
0.0549404119794916,-0
0.054943448271406,-0
0.0549464852682721,-0
0.0549495229639272,-0
0.0549525613577681,-0
0.0549556004541297,-0
0.0549586402484294,-0
0.0549616807458555,-0
0.0549647219429536,-0
0.0549677638384663,-0
0.0549708064393792,-0
0.0549738497431646,-0
0.0549768937513112,-0
0.0549799384595302,-0
0.0549829838701159,-0
0.0549860299838731,-0
0.0549890767975879,-0
0.0549921243188338,-0
0.0549951725408122,-0
0.0549982214688036,-0
0.0550012710995592,-0
0.0550043214357364,-0
0.0550073724752613,-0
0.0550104242203016,-0
0.0550134766719865,-0
0.0550165298314656,-0
0.0550195836937631,-0
0.0550226382648804,-0
0.0550256935416134,-0
0.0550287495249126,-0
0.0550318062158716,-0
0.0550348636125564,-0
0.0550379217173971,-0
0.0550409805342824,-0
0.0550440400582668,-0
0.0550471002939862,-0
0.0550501612354725,-0
0.0550532228855601,-0
0.0550562852455513,-0
0.0550593483123319,-0
0.0550624120891452,-0
0.0550654765764011,-0
0.0550685417745195,-0
0.055071607688109,-0
0.0550746743090438,-0
0.0550777416440559,-0
0.0550808096903713,-0
0.055083878446756,-0
0.0550869479165823,-0
0.0550900180976237,-0
0.0550930889910695,-0
0.0550961606016314,-0
0.0550992329240566,-0
0.0551023059614752,-0
0.0551053797139782,-0
0.0551084541762489,-0
0.0551115293537851,-0
0.0551146052460907,-0
0.0551176818528326,-0
0.0551207591781016,-0
0.0551238372171343,-0
0.0551269159717322,-0
0.0551299954446524,-0
0.0551330756348856,-0
0.0551361565426972,-0
0.0551392381640297,-0
0.0551423205034732,-0
0.0551454035594008,-0
0.0551484873355147,-0
0.0551515718288613,-0
0.0551546570414643,-0
0.0551577429720732,-0
0.0551608296214762,-0
0.0551639169931319,-0
0.055167005084236,-0
0.0551700938980355,-0
0.0551731834283067,-0
0.0551762736817369,-0
0.0551793646539753,-0
0.0551824563466345,-0
0.0551855487604516,-0
0.0551886418977893,-0
0.0551917357569585,-0
0.0551948303401756,-0
0.0551979256445801,-0
0.0552010216715247,-0
0.0552041184220241,-0
0.0552072158946896,-0
0.0552103140921272,-0
0.0552134130115718,-0
0.0552165126566256,-0
0.055219613027441,-0
0.0552227141268832,-0
0.0552258159497333,-0
0.0552289184971617,-0
0.0552320217712456,-0
0.0552351257711769,-0
0.0552382304970954,-0
0.0552413359502752,-0
0.0552444421266679,-0
0.0552475490346798,-0
0.0552506566669556,-0
0.0552537650274924,-0
0.0552568741173909,-0
0.0552599839356003,-0
0.0552630944801019,-0
0.0552662057605847,-0
0.0552693177663134,-0
0.0552724305010446,-0
0.0552755439673716,-0
0.0552786581638932,-0
0.0552817730913993,-0
0.0552848887488965,-0
0.0552880051379238,-0
0.0552911222570072,-0
0.0552942401098638,-0
0.055297358693988,-0
0.0553004780106325,-0
0.0553035980593238,-0
0.0553067188415615,-0
0.0553098403598978,-0
0.0553129626072677,-0
0.0553160855870451,-0
0.0553192093023946,-0
0.0553223337518896,-0
0.0553254589341347,-0
0.0553285848570679,-0
0.0553317115103812,-0
0.0553348389007585,-0
0.0553379670280132,-0
0.0553410958906738,-0
0.0553442254898033,-0
0.0553473558291831,-0
0.0553504869065627,-0
0.0553536187161496,-0
0.0553567512643615,-0
0.0553598845519953,-0
0.0553630185769904,-0
0.0553661533386379,-0
0.0553692888419125,-0
0.0553724250847188,-0
0.0553755620651352,-0
0.0553786997871636,-0
0.0553818382474068,-0
0.0553849774483065,-0
0.0553881173870142,-0
0.0553912580681464,-0
0.0553943994905718,-0
0.055397541657687,-0
0.0554006845664016,-0
0.0554038282162065,-0
0.0554069726063884,-0
0.0554101177421425,-0
0.0554132636216245,-0
0.0554164102437384,-0
0.0554195576092088,-0
0.0554227057175812,-0
0.0554258545739957,-0
0.0554290041719422,-0
0.0554321545159181,-0
0.055435305606067,-0
0.0554384574398527,-0
0.0554416100186802,-0
0.0554447633435069,-0
0.0554479174158329,-0
0.0554510722350372,-0
0.0554542277973459,-0
0.0554573841084849,-0
0.0554605411673385,-0
0.0554636989766132,-0
0.0554668575342049,-0
0.0554700168378548,-0
0.0554731768934154,-0
0.0554763376965223,-0
0.0554794992521878,-0
0.0554826615571391,-0
0.0554858246085411,-0
0.0554889884115881,-0
0.055492152968873,-0
0.0554953182728319,-0
0.0554984843292771,-0
0.055501651136845,-0
0.0555048186970272,-0
0.0555079870105391,-0
0.0555111560732571,-0
0.0555143258930817,-0
0.0555174964649741,-0
0.0555206677867094,-0
0.0555238398638341,-0
0.0555270126945577,-0
0.0555301862833275,-0
0.0555333606229325,-0
0.0555365357184018,-0
0.0555397115687232,-0
0.0555428881769829,-0
0.0555460655369747,-0
0.0555492436569884,-0
0.0555524225327821,-0
0.0555556021666902,-0
0.0555587825579041,-0
0.055561963703841,-0
0.0555651456087863,-0
0.0555683282729899,-0
0.0555715116938108,-0
0.0555746958738824,-0
0.05557788081385,-0
0.055581066511628,-0
0.0555842529690756,-0
0.0555874401861525,-0
0.0555906281650432,-0
0.0555938169037992,-0
0.0555970064040948,-0
0.0556001966663876,-0
0.0556033876878793,-0
0.0556065794701784,-0
0.0556097720195129,-0
0.0556129653262424,-0
0.0556161594004995,-0
0.0556193542398848,-0
0.0556225498366378,-0
0.0556257462002191,-0
0.0556289433255923,-0
0.0556321412145262,-0
0.0556353398697426,-0
0.0556385392878063,-0
0.0556417394704732,-0
0.0556449404228773,-0
0.0556481421398544,-0
0.0556513446253205,-0
0.0556545478750334,-0
0.0556577518913303,-0
0.0556609566767338,-0
0.0556641622287401,-0
0.0556673685478529,-0
0.0556705756363211,-0
0.0556737834920714,-0
0.0556769921168829,-0
0.055680201510347,-0
0.0556834116722819,-0
0.0556866226028872,-0
0.0556898343078469,-0
0.0556930467819527,-0
0.0556962600264271,-0
0.0556994740449517,-0
0.0557026888322897,-0
0.0557059043907348,-0
0.0557091207201451,-0
0.0557123378229141,-0
0.0557155556990739,-0
0.0557187743481483,-0
0.0557219937688305,-0
0.0557252139640345,-0
0.0557284349309571,-0
0.0557316566752184,-0
0.0557348791909361,-0
0.0557381024810322,-0
0.0557413265505252,-0
0.0557445513918884,-0
0.0557477770114899,-0
0.0557510034076777,-0
0.0557542305776531,-0
0.0557574585241785,-0
0.055760687246596,-0
0.0557639167484876,-0
0.0557671470289429,-0
0.0557703780886638,-0
0.0557736099258015,-0
0.0557768425402535,-0
0.0557800759331432,-0
0.0557833101083199,-0
0.055786545063198,-0
0.0557897807947309,-0
0.0557930173103354,-0
0.0557962546031999,-0
0.0557994926818143,-0
0.0558027315369606,-0
0.0558059711726472,-0
0.0558092115921179,-0
0.0558124527942411,-0
0.0558156947795029,-0
0.0558189375480703,-0
0.0558221811014029,-0
0.0558254254389793,-0
0.05582867055899,-0
0.0558319164623883,-0
0.0558351631516269,-0
0.0558384106244505,-0
0.0558416588821001,-0
0.0558449079256269,-0
0.0558481577529701,-0
0.0558514083700909,-0
0.0558546597723306,-0
0.055857911960901,-0
0.0558611649392601,-0
0.0558644187038077,-0
0.0558676732551158,-0
0.0558709285963355,-0
0.0558741847257224,-0
0.0558774416456529,-0
0.0558806993538078,-0
0.0558839578519664,-0
0.0558872171397291,-0
0.0558904772172909,-0
0.0558937380861004,-0
0.055896999741792,-0
0.0559002621924247,-0
0.0559035254313252,-0
0.0559067894608542,-0
0.055910054285296,-0
0.0559133199022459,-0
0.055916586312037,-0
0.0559198535139246,-0
0.0559231215096608,-0
0.0559263902978594,-0
0.055929659882572,-0
0.055932930261133,-0
0.0559362014357968,-0
0.0559394734064574,-0
0.055942746169502,-0
0.0559460197320652,-0
0.0559492940871451,-0
0.0559525692388205,-0
0.0559558451904596,-0
0.055959121937378,-0
0.0559623994834281,-0
0.0559656778251669,-0
0.0559689569649491,-0
0.0559722369012319,-0
0.0559755176348755,-0
0.055978799172754,-0
0.0559820815104326,-0
0.0559853646460011,-0
0.0559886485803906,-0
0.0559919333143476,-0
0.0559952188482597,-0
0.0559985051874355,-0
0.0560017923260215,-0
0.0560050802686996,-0
0.0560083690135914,-0
0.0560116585599309,-0
0.0560149489075564,-0
0.0560182400629076,-0
0.0560215320212507,-0
0.0560248247842802,-0
0.056028118349526,-0
0.0560314127191858,-0
0.0560347078931502,-0
0.0560380038713081,-0
0.056041300655278,-0
0.0560445982458729,-0
0.0560478966431096,-0
0.0560511958472955,-0
0.0560544958570717,-0
0.0560577966747147,-0
0.0560610982985462,-0
0.0560644007313899,-0
0.0560677039729644,-0
0.0560710080229754,-0
0.0560743128810255,-0
0.0560776185491437,-0
0.0560809250265909,-0
0.0560842323152393,-0
0.0560875404137391,-0
0.0560908493229709,-0
0.0560941590427623,-0
0.0560974695732868,-0
0.0561007809145618,-0
0.0561040930687424,-0
0.056107406037161,-0
0.0561107198171631,-0
0.056114034411528,-0
0.0561173498197999,-0
0.0561206660399496,-0
0.0561239830746515,-0
0.0561273009267333,-0
0.0561306195912546,-0
0.0561339390734823,-0
0.0561372593653199,-0
0.0561405804755819,-0
0.0561439024037494,-0
0.056147225143976,-0
0.0561505487045515,-0
0.0561538730827646,-0
0.0561571982773804,-0
0.0561605242922034,-0
0.0561638511229123,-0
0.0561671787737334,-0
0.0561705072428048,-0
0.0561738365305724,-0
0.0561771666388051,-0
0.0561804975655295,-0
0.0561838293122336,-0
0.0561871618809981,-0
0.0561904952693412,-0
0.0561938294795118,-0
0.0561971645112394,-0
0.0562005003649987,-0
0.0562038370421924,-0
0.0562071745434903,-0
0.0562105128676827,-0
0.0562138520141601,-0
0.056217191986269,-0
0.0562205327813548,-0
0.05622387440219,-0
0.0562272168493877,-0
0.056230560119697,-0
0.056233904219106,-0
0.056237249140414,-0
0.056240594890615,-0
0.0562439414654399,-0
0.0562472888685524,-0
0.0562506370969018,-0
0.0562539861548833,-0
0.0562573360413396,-0
0.0562606867569385,-0
0.056264038302651,-0
0.0562673906710529,-0
0.0562707438723614,-0
0.0562740979022563,-0
0.0562774527639383,-0
0.0562808084554192,-0
0.0562841649792682,-0
0.056287522333068,-0
0.0562908805202551,-0
0.0562942395401252,-0
0.056297599389789,-0
0.0563009600726353,-0
0.0563043215867924,-0
0.0563076839365252,-0
0.0563110471199318,-0
0.0563144111396616,-0
0.0563177759934847,-0
0.0563211416800952,-0
0.0563245081989668,-0
0.0563278755558717,-0
0.0563312437507196,-0
0.0563346127813678,-0
0.0563379826485501,-0
0.0563413533524538,-0
0.0563447248920375,-0
0.0563480972726021,-0
0.0563514704914238,-0
0.0563548445447583,-0
0.0563582194398549,-0
0.0563615951747163,-0
0.0563649717448959,-0
0.0563683491597202,-0
0.056371727413176,-0
0.0563751065082369,-0
0.0563784864433593,-0
0.0563818672216448,-0
0.0563852488398567,-0
0.0563886313046636,-0
0.0563920146068888,-0
0.0563953987538774,-0
0.0563987837406295,-0
0.056402169573437,-0
0.0564055562480577,-0
0.0564089437702503,-0
0.0564123321354207,-0
0.0564157213452401,-0
0.0564191113981333,-0
0.0564225022996398,-0
0.0564258940466821,-0
0.0564292866386023,-0
0.0564326800786656,-0
0.056436074368314,-0
0.0564394695008963,-0
0.0564428654839874,-0
0.0564462623165157,-0
0.0564496599952053,-0
0.056453058525461,-0
0.0564564579071459,-0
0.0564598581348345,-0
0.056463259213036,-0
0.0564666611444383,-0
0.0564700639233338,-0
0.0564734675568971,-0
0.0564768720428933,-0
0.0564802773764598,-0
0.0564836835605194,-0
0.0564870905995384,-0
0.0564904984924313,-0
0.0564939072377835,-0
0.0564973168386567,-0
0.0565007272932172,-0
0.0565041386029865,-0
0.056507550766631,-0
0.0565109637841034,-0
0.056514377659929,-0
0.056517792388588,-0
0.0565212079762781,-0
0.0565246244222236,-0
0.0565280417225352,-0
0.0565314598809679,-0
0.0565348788988946,-0
0.0565382987774912,-0
0.056541719512599,-0
0.0565451411081363,-0
0.0565485635569867,-0
0.0565519868690733,-0
0.0565554110394979,-0
0.0565588360736547,-0
0.0565622619674077,-0
0.0565656887237029,-0
0.0565691163396171,-0
0.0565725448175326,-0
0.056575974158234,-0
0.0565794043628671,-0
0.0565828354328768,-0
0.0565862673624972,-0
0.0565897001584165,-0
0.056593133816805,-0
0.0565965683413449,-0
0.0566000037306596,-0
0.0566034399823979,-0
0.0566068771022335,-0
0.0566103150859158,-0
0.0566137539398714,-0
0.0566171936585837,-0
0.0566206342429321,-0
0.0566240756978748,-0
0.0566275180191367,-0
0.0566309612096349,-0
0.0566344052681955,-0
0.0566378501960618,-0
0.0566412959942363,-0
0.05664474266213,-0
0.0566481901988606,-0
0.0566516386067292,-0
0.0566550878845131,-0
0.0566585380318688,-0
0.0566619890559901,-0
0.0566654409506603,-0
0.0566688937199975,-0
0.0566723473624409,-0
0.0566758018809752,-0
0.0566792572704104,-0
0.0566827135338689,-0
0.0566861706707346,-0
0.0566896286815432,-0
0.0566930875671982,-0
0.0566965473291735,-0
0.0567000079684223,-0
0.0567034694843681,-0
0.056706931875796,-0
0.0567103951460173,-0
0.0567138592935306,-0
0.056717324317535,-0
0.0567207902189405,-0
0.0567242570003705,-0
0.056727724662961,-0
0.056731193203366,-0
0.0567346626266807,-0
0.0567381329257091,-0
0.056741604106268,-0
0.0567450761688953,-0
0.0567485491120497,-0
0.0567520229389468,-0
0.0567554976469908,-0
0.0567589732388816,-0
0.0567624497144195,-0
0.0567659270745691,-0
0.0567694053157735,-0
0.0567728844407239,-0
0.0567763644509177,-0
0.0567798453462266,-0
0.0567833271283387,-0
0.0567868097933809,-0
0.0567902933454552,-0
0.0567937777866129,-0
0.0567972631134449,-0
0.0568007493274914,-0
0.0568042364293295,-0
0.0568077244173725,-0
0.0568112132970289,-0
0.056814703062626,-0
0.0568181937198106,-0
0.0568216852651038,-0
0.0568251776989467,-0
0.0568286710247838,-0
0.0568321652421366,-0
0.0568356603508442,-0
0.056839156352045,-0
0.0568426532433178,-0
0.0568461510283982,-0
0.0568496497048305,-0
0.0568531492745759,-0
0.056856649740655,-0
0.0568601510982462,-0
0.0568636533519711,-0
0.0568671564998695,-0
0.056870660539891,-0
0.0568741654766291,-0
0.0568776713104321,-0
0.0568811780387278,-0
0.0568846856638735,-0
0.0568881941853464,-0
0.0568917036054848,-0
0.0568952139258873,-0
0.0568987251451072,-0
0.0569022372621003,-0
0.0569057502803952,-0
0.0569092641978768,-0
0.0569127790152456,-0
0.0569162947340136,-0
0.056919811351126,-0
0.0569233288663229,-0
0.0569268472879199,-0
0.0569303666102605,-0
0.0569338868339682,-0
0.0569374079629806,-0
0.0569409299950903,-0
0.0569444529270352,-0
0.0569479767656886,-0
0.0569515015092479,-0
0.0569550271574188,-0
0.0569585537084864,-0
0.0569620811677721,-0
0.0569656095342824,-0
0.0569691388056288,-0
0.0569726689815268,-0
0.056976200067125,-0
0.0569797320564584,-0
0.0569832649551185,-0
0.0569867987626181,-0
0.0569903334841994,-0
0.056993869113448,-0
0.0569974056509524,-0
0.0570009430967429,-0
0.0570044814547412,-0
0.0570080207237068,-0
0.057011560900877,-0
0.0570151019929776,-0
0.0570186439954154,-0
0.057022186910786,-0
0.0570257307388242,-0
0.0570292754807765,-0
0.0570328211369777,-0
0.0570363677076489,-0
0.0570399151948625,-0
0.0570434635964001,-0
0.057047012915368,-0
0.0570505631458628,-0
0.0570541142934976,-0
0.057057666356703,-0
0.0570612193397796,-0
0.0570647732377368,-0
0.057068328053549,-0
0.0570718837845972,-0
0.0570754404364405,-0
0.0570789980100027,-0
0.0570825565027453,-0
0.0570861159108246,-0
0.0570896762440669,-0
0.0570932374990755,-0
0.0570967996720252,-0
0.0571003627662621,-0
0.0571039267866156,-0
0.05710749172595,-0
0.0571110575889185,-0
0.0571146243743249,-0
0.0571181920828558,-0
0.057121760715068,-0
0.057125330272049,-0
0.0571289007562095,-0
0.0571324721667887,-0
0.0571360445001185,-0
0.0571396177609054,-0
0.0571431919473811,-0
0.0571467670632751,-0
0.0571503431090083,-0
0.0571539200760496,-0
0.0571574979717083,-0
0.0571610767980588,-0
0.0571646565524953,-0
0.0571682372334767,-0
0.0571718188484123,-0
0.0571754013945793,-0
0.0571789848710492,-0
0.0571825692760627,-0
0.057186154615213,-0
0.0571897408859713,-0
0.0571933280875506,-0
0.0571969162241439,-0
0.0572005052930456,-0
0.057204095293472,-0
0.0572076862297313,-0
0.0572112780981875,-0
0.0572148709063982,-0
0.0572184646511297,-0
0.0572220593285264,-0
0.0572256549448975,-0
0.0572292514965447,-0
0.0572328489860857,-0
0.0572364474119703,-0
0.0572400467757339,-0
0.0572436470762224,-0
0.0572472483159491,-0
0.0572508504948015,-0
0.0572544536153469,-0
0.0572580576741867,-0
0.057261662673718,-0
0.0572652686145059,-0
0.0572688754950551,-0
0.0572724833187226,-0
0.0572760920866617,-0
0.0572797017970148,-0
0.0572833124504662,-0
0.0572869240453563,-0
0.0572905365870673,-0
0.0572941500689081,-0
0.0572977644995507,-0
0.0573013798725365,-0
0.0573049961950467,-0
0.0573086134622359,-0
0.057312231675312,-0
0.0573158508372436,-0
0.0573194709444132,-0
0.0573230919979083,-0
0.0573267140010857,-0
0.0573303369509634,-0
0.0573339608525152,-0
0.0573375857031111,-0
0.057341211502512,-0
0.0573448382547707,-0
0.0573484659559466,-0
0.0573520946102093,-0
0.0573557242174542,-0
0.0573593547742088,-0
0.0573629862827333,-0
0.0573666187470378,-0
0.0573702521627627,-0
0.0573738865343906,-0
0.0573775218583717,-0
0.0573811581366663,-0
0.0573847953709193,-0
0.0573884335583251,-0
0.0573920727077961,-0
0.0573957128113789,-0
0.0573993538721592,-0
0.0574029958916318,-0
0.0574066388660107,-0
0.0574102827989526,-0
0.0574139276899006,-0
0.057417573540157,-0
0.0574212203507699,-0
0.0574248681206613,-0
0.0574285168504278,-0
0.0574321665442941,-0
0.0574358172012059,-0
0.0574394688127792,-0
0.057443121390264,-0
0.0574467749323006,-0
0.0574504294381437,-0
0.0574540849045552,-0
0.0574577413329595,-0
0.0574613987298515,-0
0.0574650570872337,-0
0.0574687164117747,-0
0.0574723767052715,-0
0.0574760379622383,-0
0.0574797001856047,-0
0.0574833633759702,-0
0.0574870275341305,-0
0.0574906926627922,-0
0.057494358758506,-0
0.0574980258208634,-0
0.0575016938536096,-0
0.0575053628568414,-0
0.0575090328269339,-0
0.0575127037721484,-0
0.0575163756916278,-0
0.0575200485791576,-0
0.0575237224376128,-0
0.0575273972698891,-0
0.0575310730710188,-0
0.05753474984847,-0
0.0575384275996551,-0
0.0575421063257056,-0
0.0575457860267924,-0
0.0575494667017104,-0
0.057553148353993,-0
0.0575568309817715,-0
0.057560514584211,-0
0.0575641991642929,-0
0.0575678847216389,-0
0.0575715712589254,-0
0.0575752587751677,-0
0.0575789472717765,-0
0.0575826367477755,-0
0.0575863272028381,-0
0.0575900186344313,-0
0.0575937110503169,-0
0.0575974044452649,-0
0.0576010988205374,-0
0.0576047941799137,-0
0.0576084905190927,-0
0.0576121878410845,-0
0.0576158861469702,-0
0.0576195854375363,-0
0.0576232857110735,-0
0.0576269869726265,-0
0.0576306892154181,-0
0.0576343924466435,-0
0.057638096660962,-0
0.0576418018645844,-0
0.0576455080543881,-0
0.0576492152331781,-0
0.0576529233978212,-0
0.0576566325549412,-0
0.057660342699574,-0
0.0576640538328471,-0
0.0576677659562608,-0
0.0576714790705672,-0
0.0576751931752813,-0
0.0576789082705315,-0
0.0576826243570267,-0
0.0576863414375276,-0
0.0576900595092858,-0
0.0576937785751377,-0
0.0576974986314411,-0
0.0577012196824217,-0
0.057704941727587,-0
0.0577086647726759,-0
0.0577123888104342,-0
0.0577161138421022,-0
0.0577198398691805,-0
0.0577235668943909,-0
0.0577272949166166,-0
0.0577310239341277,-0
0.0577347539534836,-0
0.0577384849667414,-0
0.0577422169825855,-0
0.0577459499988964,-0
0.0577496840158316,-0
0.0577534190305217,-0
0.0577571550473875,-0
0.057760892065507,-0
0.0577646300862898,-0
0.0577683691102115,-0
0.0577721091382507,-0
0.0577758501647807,-0
0.0577795921975462,-0
0.0577833352361817,-0
0.0577870792781218,-0
0.0577908243251607,-0
0.0577945703820643,-0
0.0577983174404092,-0
0.0578020655078414,-0
0.0578058145823108,-0
0.057809564660532,-0
0.05781331574914,-0
0.0578170678458811,-0
0.0578208209520185,-0
0.0578245750658335,-0
0.0578283301918407,-0
0.0578320863272756,-0
0.0578358434749352,-0
0.0578396016343427,-0
0.0578433608035168,-0
0.0578471209840825,-0
0.0578508821800831,-0
0.0578546443877816,-0
0.057858407609968,-0
0.0578621718461879,-0
0.0578659370971135,-0
0.0578697033636542,-0
0.057873470643913,-0
0.0578772389442923,-0
0.0578810082608282,-0
0.0578847785937998,-0
0.0578885499460644,-0
0.0578923223113732,-0
0.0578960956979306,-0
0.0578998701037544,-0
0.0579036455295093,-0
0.0579074219750047,-0
0.0579111994396306,-0
0.0579149779233439,-0
0.0579187574308297,-0
0.0579225379603026,-0
0.057926319511287,-0
0.0579301020851291,-0
0.05793388567958,-0
0.0579376703001929,-0
0.0579414559492402,-0
0.0579452426222838,-0
0.0579490303191178,-0
0.0579528190392215,-0
0.0579566087861302,-0
0.0579603995616313,-0
0.0579641913663125,-0
0.0579679841975369,-0
0.0579717780584915,-0
0.0579755729495322,-0
0.0579793688683777,-0
0.0579831658121618,-0
0.0579869637843242,-0
0.0579907627957942,-0
0.057994562835613,-0
0.0579983639086824,-0
0.0580021660123454,-0
0.0580059691480661,-0
0.0580097733207596,-0
0.0580135785231542,-0
0.0580173847605596,-0
0.0580211920275339,-0
0.0580250003306475,-0
0.0580288096712373,-0
0.0580326200498828,-0
0.0580364314622792,-0
0.0580402439132499,-0
0.0580440574045632,-0
0.0580478719299036,-0
0.0580516874957848,-0
0.058055504100662,-0
0.0580593217480512,-0
0.05806314043242,-0
0.0580669601538132,-0
0.0580707809204744,-0
0.0580746027282162,-0
0.0580784255750687,-0
0.0580822494661056,-0
0.0580860743993601,-0
0.0580899003776354,-0
0.0580937274020515,-0
0.0580975554666131,-0
0.0581013845756408,-0
0.0581052147325619,-0
0.0581090459385152,-0
0.0581128781873439,-0
0.0581167114864047,-0
0.0581205458299591,-0
0.0581243812248922,-0
0.0581282176690487,-0
0.0581320551586605,-0
0.0581358937010879,-0
0.0581397332945883,-0
0.0581435739370676,-0
0.0581474156331429,-0
0.0581512583777951,-0
0.0581551021731812,-0
0.0581589470237423,-0
0.0581627929279715,-0
0.0581666398826049,-0
0.0581704878897905,-0
0.0581743369541193,-0
0.0581781870758757,-0
0.0581820382540062,-0
0.0581858904871368,-0
0.0581897437775116,-0
0.0581935981282271,-0
0.0581974535317662,-0
0.0582013099943268,-0
0.0582051675137178,-0
0.0582090260936823,-0
0.0582128857347595,-0
0.0582167464344678,-0
0.0582206081914465,-0
0.0582244710132785,-0
0.0582283348965246,-0
0.0582321998412454,-0
0.0582360658516604,-0
0.0582399329271006,-0
0.0582438010645533,-0
0.0582476702636587,-0
0.0582515405290741,-0
0.0582554118622878,-0
0.0582592842589063,-0
0.058263157726145,-0
0.0582670322528869,-0
0.0582709078535498,-0
0.0582747845183908,-0
0.0582786622533791,-0
0.0582825410571976,-0
0.0582864209301203,-0
0.0582903018731417,-0
0.0582941838858615,-0
0.0582980669724429,-0
0.0583019511271953,-0
0.0583058363542526,-0
0.0583097226561143,-0
0.0583136100322089,-0
0.0583174984792112,-0
0.0583213880011132,-0
0.0583252785969965,-0
0.0583291702663326,-0
0.0583330630154923,-0
0.0583369568407726,-0
0.0583408517376314,-0
0.058344747714123,-0
0.0583486447704336,-0
0.0583525429036433,-0
0.0583564421185917,-0
0.0583603424155513,-0
0.0583642437919012,-0
0.0583681462478359,-0
0.0583720497845453,-0
0.0583759544022773,-0
0.0583798601002729,-0
0.0583837668805307,-0
0.0583876747477985,-0
0.0583915836967476,-0
0.0583954937286379,-0
0.0583994048483846,-0
0.0584033170477864,-0
0.0584072303372879,-0
0.0584111447079314,-0
0.0584150601710775,-0
0.0584189767201722,-0
0.0584228943556165,-0
0.0584268130787624,-0
0.0584307328922082,-0
0.0584346537946431,-0
0.05843857578781,-0
0.0584424988701836,-0
0.0584464230466586,-0
0.0584503483152692,-0
0.0584542746770019,-0
0.0584582021280036,-0
0.0584621306733142,-0
0.0584660603121782,-0
0.0584699910419322,-0
0.0584739228682699,-0
0.0584778557915961,-0
0.0584817898101667,-0
0.0584857249256045,-0
0.0584896611363463,-0
0.0584935984452363,-0
0.0584975368579292,-0
0.0585014763626481,-0
0.0585054169745901,-0
0.0585093586813012,-0
0.0585133014865716,-0
0.0585172453980258,-0
0.0585211904069652,-0
0.0585251365185178,-0
0.0585290837360643,-0
0.0585330320524225,-0
0.0585369814751488,-0
0.058540932000611,-0
0.0585448836280594,-0
0.0585488363589225,-0
0.0585527901984887,-0
0.0585567451433457,-0
0.0585607011947303,-0
0.0585646583561234,-0
0.0585686166225865,-0
0.0585725759995444,-0
0.0585765364844788,-0
0.0585804980802278,-0
0.0585844607862228,-0
0.0585884246003005,-0
0.0585923895269128,-0
0.0585963555652768,-0
0.0586003227165421,-0
0.0586042909794703,-0
0.0586082603548406,-0
0.058612230848077,-0
0.0586162024485565,-0
0.0586201751676881,-0
0.0586241490046967,-0
0.0586281239561853,-0
0.0586321000271041,-0
0.0586360772126208,-0
0.0586400555194189,-0
0.0586440349472891,-0
0.058648015490756,-0
0.0586519971546423,-0
0.0586559799356342,-0
0.0586599638375656,-0
0.0586639488602782,-0
0.0586679350052917,-0
0.0586719222704459,-0
0.0586759106602489,-0
0.0586799001721419,-0
0.0586838908122941,-0
0.058687882576513,-0
0.0586918754644913,-0
0.0586958694763647,-0
0.0586998646146682,-0
0.05870386088072,-0
0.0587078582750123,-0
0.0587118567957554,-0
0.0587158564444579,-0
0.0587198572232222,-0
0.0587238591304604,-0
0.0587278621668266,-0
0.0587318663368619,-0
0.0587358716361314,-0
0.058739878069102,-0
0.0587438856352431,-0
0.0587478943288577,-0
0.0587519041581303,-0
0.0587559151276215,-0
0.0587599272276834,-0
0.0587639404628583,-0
0.0587679548344288,-0
0.0587719703459325,-0
0.0587759869935289,-0
0.0587800047725827,-0
0.0587840236939638,-0
0.0587880437537994,-0
0.0587920649521471,-0
0.0587960872870957,-0
0.0588001107661352,-0
0.0588041353850655,-0
0.0588081611430742,-0
0.0588121880440155,-0
0.0588162160858232,-0
0.058820245273778,-0
0.0588242756068899,-0
0.0588283070807166,-0
0.0588323397034813,-0
0.0588363734724384,-0
0.058840408386617,-0
0.058844444446179,-0
0.0588484816554815,-0
0.058852520013746,-0
0.0588565595181496,-0
0.0588606001726788,-0
0.0588646419774396,-0
0.0588686849300456,-0
0.0588727290342521,-0
0.058876774286962,-0
0.058880820694875,-0
0.0588848682518911,-0
0.0588889169655085,-0
0.0588929668292477,-0
0.0588970178481397,-0
0.0589010700250777,-0
0.058905123356066,-0
0.0589091778433205,-0
0.0589132334828577,-0
0.0589172902811001,-0
0.0589213482364758,-0
0.0589254073544931,-0
0.0589294676298563,-0
0.0589335290648333,-0
0.0589375916601134,-0
0.058941655412322,-0
0.0589457203287525,-0
0.0589497864122309,-0
0.0589538536557187,-0
0.0589579220613897,-0
0.0589619916287589,-0
0.0589660623615163,-0
0.0589701342604422,-0
0.0589742073228039,-0
0.0589782815512623,-0
0.0589823569428285,-0
0.0589864335063808,-0
0.0589905112360072,-0
0.0589945901354446,-0
0.0589986701996883,-0
0.0590027514382755,-0
0.0590068338474757,-0
0.0590109174250972,-0
0.0590150021718977,-0
0.0590190880936711,-0
0.059023175190962,-0
0.0590272634578994,-0
0.0590313528972496,-0
0.059035443516228,-0
0.0590395353048264,-0
0.0590436282722148,-0
0.0590477224122882,-0
0.0590518177289539,-0
0.0590559142248953,-0
0.0590600118984938,-0
0.0590641107490529,-0
0.0590682107822628,-0
0.0590723119932292,-0
0.0590764143808627,-0
0.0590805179550835,-0
0.0590846227065409,-0
0.0590887286388089,-0
0.0590928357567673,-0
0.059096944061149,-0
0.0591010535471383,-0
0.0591051642161784,-0
0.0591092760689149,-0
0.059113389113718,-0
0.0591175033366841,-0
0.0591216187548547,-0
0.0591257353604185,-0
0.0591298531502388,-0
0.0591339721300238,-0
0.0591380922984192,-0
0.0591422136600884,-0
0.0591463362088891,-0
0.0591504599524305,-0
0.0591545848839293,-0
0.0591587110097923,-0
0.0591628383262767,-0
0.0591669668412399,-0
0.0591710965480339,-0
0.0591752274498607,-0
0.0591793595481926,-0
0.0591834928462914,-0
0.0591876273339549,-0
0.0591917630231976,-0
0.0591958999099698,-0
0.059200037997597,-0
0.0592041772812124,-0
0.0592083177620462,-0
0.0592124594461686,-0
0.0592166023297261,-0
0.0592207464149089,-0
0.0592248917039672,-0
0.059229038192408,-0
0.0592331858912835,-0
0.0592373347944157,-0
0.0592414849005172,-0
0.059245636210697,-0
0.0592497887261125,-0
0.0592539424447917,-0
0.0592580973783021,-0
0.0592622535174616,-0
0.0592664108640378,-0
0.0592705694226265,-0
0.0592747291922267,-0
0.0592788901715907,-0
0.0592830523624617,-0
0.0592872157625173,-0
0.0592913803705513,-0
0.0592955461991952,-0
0.059299713235716,-0
0.0593038814912744,-0
0.0593080509601535,-0
0.0593122216511355,-0
0.0593163935578097,-0
0.0593205666777108,-0
0.0593247410147844,-0
0.059328916565457,-0
0.0593330933378375,-0
0.059337271335058,-0
0.0593414505491194,-0
0.0593456309820905,-0
0.0593498126371554,-0
0.0593539955158736,-0
0.0593581796156234,-0
0.0593623649397915,-0
0.0593665514817912,-0
0.0593707392514527,-0
0.0593749282446556,-0
0.0593791184692559,-0
0.0593833099133924,-0
0.0593875025905956,-0
0.0593916964922888,-0
0.0593958916240908,-0
0.0594000879804599,-0
0.0594042855726034,-0
0.0594084843884968,-0
0.0594126844344944,-0
0.0594168857128861,-0
0.059421088224084,-0
0.0594252919731688,-0
0.0594294969531445,-0
0.0594337031675442,-0
0.059437910615401,-0
0.0594421192968706,-0
0.0594463292153709,-0
0.0594505403736082,-0
0.0594547527680289,-0
0.0594589664018396,-0
0.0594631812742741,-0
0.0594673973787769,-0
0.0594716147258714,-0
0.0594758333108351,-0
0.0594800531408463,-0
0.0594842742096029,-0
0.0594884965249647,-0
0.0594927200777033,-0
0.0594969448813329,-0
0.0595011709344034,-0
0.0595053982274185,-0
0.0595096267649982,-0
0.0595138565515257,-0
0.0595180875816644,-0
0.0595223198663305,-0
0.059526553392997,-0
0.0595307881726097,-0
0.0595350241991852,-0
0.0595392614782669,-0
0.0595435000126447,-0
0.0595477397894,-0
0.0595519808231285,-0
0.0595562231076996,-0
0.0595604666471389,-0
0.0595647114443558,-0
0.0595689574961436,-0
0.0595732048032068,-0
0.0595774533648096,-0
0.0595817031832741,-0
0.0595859542587843,-0
0.0595902065873251,-0
0.059594460183706,-0
0.0595987150399199,-0
0.0596029711562796,-0
0.0596072285311808,-0
0.0596114871720816,-0
0.0596157470706791,-0
0.0596200082360927,-0
0.0596242706661392,-0
0.0596285343568328,-0
0.0596327993102316,-0
0.0596370655323504,-0
0.059641333018829,-0
0.059645601770001,-0
0.0596498717913168,-0
0.0596541430843707,-0
0.0596584156446895,-0
0.0596626894732889,-0
0.0596669645722494,-0
0.0596712409411658,-0
0.0596755185823397,-0
0.0596797975021517,-0
0.0596840776933042,-0
0.0596883591585512,-0
0.0596926418956525,-0
0.0596969259101354,-0
0.0597012111981723,-0
0.0597054977617414,-0
0.059709785602218,-0
0.0597140747268005,-0
0.0597183651311202,-0
0.0597226568149379,-0
0.0597269497741873,-0
0.0597312440137589,-0
0.0597355395315183,-0
0.0597398363352859,-0
0.0597441344269583,-0
0.0597484337980903,-0
0.0597527344499468,-0
0.0597570363921901,-0
0.059761339616034,-0
0.0597656441263331,-0
0.059769949925401,-0
0.0597742570109252,-0
0.0597785653848708,-0
0.0597828750478125,-0
0.0597871860004233,-0
0.0597914982421057,-0
0.0597958117747745,-0
0.0598001266044286,-0
0.0598044427263519,-0
0.0598087601344044,-0
0.0598130788402416,-0
0.0598173988371159,-0
0.0598217201355816,-0
0.0598260427265949,-0
0.059830366612986,-0
0.0598346917986876,-0
0.0598390182818907,-0
0.0598433460649593,-0
0.059847675145899,-0
0.0598520055267367,-0
0.0598563372067605,-0
0.0598606701921326,-0
0.0598650044787009,-0
0.0598693400728119,-0
0.059873676965911,-0
0.0598780151629399,-0
0.0598823546638841,-0
0.0598866954733747,-0
0.0598910375941648,-0
0.0598953810152936,-0
0.05989972574581,-0
0.0599040717874331,-0
0.0599084191368103,-0
0.0599127677966674,-0
0.0599171177704119,-0
0.0599214690526758,-0
0.0599258216466696,-0
0.0599301755527895,-0
0.0599345307732204,-0
0.0599388873044847,-0
0.0599432451563035,-0
0.0599476043246056,-0
0.0599519648079224,-0
0.0599563266050494,-0
0.0599606897214423,-0
0.0599650541524119,-0
0.0599694199082475,-0
0.0599737869845135,-0
0.0599781553833238,-0
0.0599825251016011,-0
0.0599868961449935,-0
0.0599912685099,-0
0.0599956421959587,-0
0.06,-0
0.0600043764955838,-0
0.0600087537911089,-0
0.0600131327800004,-0
0.0600175131448241,-0
0.060021894848035,-0
0.0600262778790477,-0
0.0600306622291365,-0
0.0600350478998871,-0
0.0600394348995647,-0
0.0600438232242104,-0
0.0600482128719076,-0
0.0600526038499904,-0
0.0600569961615615,-0
0.0600613898006976,-0
0.0600657847759663,-0
0.0600701810811737,-0
0.0600745787247338,-0
0.0600789777016214,-0
0.0600833780188214,-0
0.0600877796701723,-0
0.0600921826649097,-0
0.0600965869981379,-0
0.0601009926672888,-0
0.060105399679256,-0
0.0601098080332199,-0
0.060114217727472,-0
0.0601186287692302,-0
0.0601230411584496,-0
0.0601274548860693,-0
0.0601318699648825,-0
0.0601362863885537,-0
0.060140704163651,-0
0.0601451232795506,-0
0.0601495437493261,-0
0.0601539655751107,-0
0.0601583887434523,-0
0.0601628132626051,-0
0.0601672391357668,-0
0.0601716663628209,-0
0.0601760949440819,-0
0.0601805248782702,-0
0.0601849561705988,-0
0.0601893888123257,-0
0.060193822815201,-0
0.0601982581792303,-0
0.0602026948989471,-0
0.0602071329791361,-0
0.0602115724223012,-0
0.060216013219271,-0
0.0602204553761962,-0
0.0602248988992422,-0
0.0602293437801424,-0
0.0602337900308886,-0
0.0602382376442562,-0
0.0602426866206826,-0
0.0602471369629936,-0
0.0602515886769453,-0
0.0602560417549441,-0
0.0602604961993351,-0
0.0602649520133793,-0
0.0602694091986689,-0
0.0602738677561104,-0
0.0602783276840727,-0
0.060282788982091,-0
0.0602872516577819,-0
0.0602917157024492,-0
0.0602961811248562,-0
0.0603006479206561,-0
0.0603051160922362,-0
0.0603095856390215,-0
0.0603140565650775,-0
0.0603185288697854,-0
0.0603230025565856,-0
0.0603274776162963,-0
0.060331954058458,-0
0.0603364318823521,-0
0.0603409110878112,-0
0.0603453916729517,-0
0.0603498736444936,-0
0.060354356998443,-0
0.0603588417389255,-0
0.0603633278661002,-0
0.0603678153778677,-0
0.060372304283353,-0
0.06037679457772,-0
0.060381286252975,-0
0.060385779326935,-0
0.0603902737893708,-0
0.0603947696409454,-0
0.0603992668846762,-0
0.0604037655171214,-0
0.0604082655471831,-0
0.0604127669696069,-0
0.0604172697860113,-0
0.060421774004075,-0
0.060426279618841,-0
0.0604307866278952,-0
0.0604352950362448,-0
0.0604398048417465,-0
0.0604443160495968,-0
0.0604488286595417,-0
0.060453342664068,-0
0.0604578580771888,-0
0.06046237489308,-0
0.0604668931149492,-0
0.0604714127415552,-0
0.0604759337684748,-0
0.060480456204531,-0
0.0604849800478645,-0
0.060489505300902,-0
0.0604940319607086,-0
0.0604985600329236,-0
0.0605030895121961,-0
0.060507620407592,-0
0.0605121527102878,-0
0.0605166864269781,-0
0.0605212215586175,-0
0.0605257581058382,-0
0.0605302960645095,-0
0.0605348354381468,-0
0.060539376225785,-0
0.060543918438564,-0
0.0605484620624636,-0
0.0605530071086601,-0
0.0605575535734772,-0
0.0605621014559507,-0
0.0605666507663942,-0
0.0605712014947674,-0
0.0605757536475176,-0
0.060580307224863,-0
0.060584862229672,-0
0.0605894186571853,-0
0.0605939765149952,-0
0.0605985357984581,-0
0.0606030965130548,-0
0.0606076586534485,-0
0.0606122222200973,-0
0.0606167872203695,-0
0.0606213536512776,-0
0.0606259215127205,-0
0.0606304908009017,-0
0.0606350615283415,-0
0.0606396336950645,-0
0.0606442072968545,-0
0.0606487823308872,-0
0.0606533588068628,-0
0.0606579367198856,-0
0.0606625160726044,-0
0.0606670968637636,-0
0.0606716790947025,-0
0.0606762627696327,-0
0.0606808478852457,-0
0.0606854344442283,-0
0.0606900224465656,-0
0.0606946118895724,-0
0.0606992027818899,-0
0.0607037951155505,-0
0.0607083888985317,-0
0.0607129841295825,-0
0.0607175808098137,-0
0.0607221789428341,-0
0.0607267785258035,-0
0.0607313795547024,-0
0.0607359820395328,-0
0.0607405859783459,-0
0.0607451913690532,-0
0.060749798216648,-0
0.0607544065158392,-0
0.0607590162676331,-0
0.0607636274794953,-0
0.060768240150383,-0
0.060772854277353,-0
0.0607774698678465,-0
0.0607820869238266,-0
0.0607867054358604,-0
0.0607913254100949,-0
0.0607959468495366,-0
0.0608005697562415,-0
0.0608051941219536,-0
0.0608098199528417,-0
0.06081444725432,-0
0.060819076018586,-0
0.0608237062504186,-0
0.0608283379507572,-0
0.0608329711219795,-0
0.0608376057663397,-0
0.0608422418835273,-0
0.0608468794776642,-0
0.0608515185373713,-0
0.0608561590727174,-0
0.060860801083672,-0
0.0608654445685677,-0
0.0608700895295223,-0
0.0608747359691331,-0
0.0608793838899191,-0
0.0608840332869603,-0
0.0608886841666791,-0
0.0608933365202457,-0
0.0608979903576404,-0
0.0609026456783026,-0
0.0609073024841858,-0
0.0609119607763097,-0
0.0609166205556975,-0
0.060921281822057,-0
0.060925944570284,-0
0.0609306088109006,-0
0.0609352745334547,-0
0.0609399417493512,-0
0.0609446104582259,-0
0.0609492806534367,-0
0.0609539523438379,-0
0.0609586255263384,-0
0.0609633002059456,-0
0.0609679763815623,-0
0.0609726540506738,-0
0.0609773332134951,-0
0.0609820138791887,-0
0.0609866960412962,-0
0.0609913797051809,-0
0.0609960648663451,-0
0.0610007515273437,-0
0.0610054396937037,-0
0.0610101293635602,-0
0.061014820535557,-0
0.0610195132145147,-0
0.0610242073957432,-0
0.0610289030812406,-0
0.0610336002755706,-0
0.0610382989804121,-0
0.0610429991931608,-0
0.0610477009141848,-0
0.0610524041482843,-0
0.0610571088984061,-0
0.0610618151541618,-0
0.0610665229253424,-0
0.061071232213711,-0
0.0610759430184402,-0
0.0610806553360609,-0
0.0610853691720829,-0
0.0610900845213509,-0
0.0610948013949524,-0
0.0610995197862637,-0
0.0611042396953965,-0
0.0611089611314848,-0
0.0611136840845531,-0
0.0611184085633739,-0
0.0611231345677632,-0
0.0611278620941221,-0
0.0611325911522336,-0
0.0611373217400067,-0
0.0611420538472076,-0
0.0611467874871323,-0
0.0611515226551944,-0
0.0611562593545177,-0
0.061160997587729,-0
0.0611657373515782,-0
0.0611704786537485,-0
0.0611752214854968,-0
0.0611799658542511,-0
0.0611847117609022,-0
0.061189459204346,-0
0.061194208184003,-0
0.061198958708269,-0
0.0612037107717747,-0
0.0612084643738342,-0
0.0612132195196738,-0
0.0612179762046257,-0
0.0612227344372711,-0
0.0612274942121287,-0
0.0612322555358306,-0
0.0612370184028487,-0
0.0612417828180751,-0
0.0612465487818923,-0
0.0612513162927906,-0
0.0612560853538358,-0
0.0612608559684837,-0
0.0612656281348825,-0
0.061270401857054,-0
0.0612751771279329,-0
0.0612799539582676,-0
0.061284732342855,-0
0.0612895122788103,-0
0.0612942937779339,-0
0.0612990768316558,-0
0.0613038614502397,-0
0.0613086476254251,-0
0.06131343535845,-0
0.0613182246563165,-0
0.061323015518635,-0
0.0613278079454234,-0
0.0613326019389723,-0
0.0613373974979936,-0
0.0613421946213996,-0
0.061346993314146,-0
0.0613517935764292,-0
0.0613565954129678,-0
0.0613613988122307,-0
0.0613662037869584,-0
0.0613710103307274,-0
0.0613758184546486,-0
0.061380628154149,-0
0.0613854394261359,-0
0.0613902522721575,-0
0.0613950667034866,-0
0.061399882711066,-0
0.0614047002928276,-0
0.0614095194594399,-0
0.0614143402045424,-0
0.06141916253103,-0
0.0614239864434694,-0
0.0614288119421455,-0
0.0614336390290434,-0
0.0614384676937017,-0
0.0614432979475199,-0
0.0614481297891677,-0
0.061452963225245,-0
0.0614577982446382,-0
0.0614626348585139,-0
0.0614674730602202,-0
0.0614723128608442,-0
0.0614771542586443,-0
0.0614819972452417,-0
0.061486841828881,-0
0.0614916880092356,-0
0.0614965357852639,-0
0.0615013851624732,-0
0.061506236140726,-0
0.0615110887197376,-0
0.0615159428968713,-0
0.0615207986844981,-0
0.0615256560686823,-0
0.0615305150586114,-0
0.0615353756580462,-0
0.0615402378623064,-0
0.061545101675743,-0
0.0615499670997094,-0
0.0615548341252281,-0
0.0615597027618235,-0
0.0615645730175163,-0
0.0615694448852023,-0
0.0615743183622925,-0
0.061579193455291,-0
0.0615840701648636,-0
0.0615889484945217,-0
0.0615938284417298,-0
0.0615987100083494,-0
0.0616035931949822,-0
0.0616084780018103,-0
0.0616133644270367,-0
0.0616182524804446,-0
0.0616231421510168,-0
0.0616280334539076,-0
0.0616329263778795,-0
0.061637820924287,-0
0.0616427171016701,-0
0.0616476149122129,-0
0.0616525143454834,-0
0.0616574154153879,-0
0.0616623181117823,-0
0.0616672224425103,-0
0.0616721284082214,-0
0.0616770360122146,-0
0.0616819452483262,-0
0.0616868561200304,-0
0.0616917686329875,-0
0.0616966827793668,-0
0.0617015985668232,-0
0.0617065159997951,-0
0.0617114350710496,-0
0.0617163557868957,-0
0.0617212781546306,-0
0.0617262021624043,-0
0.0617311278151952,-0
0.0617360551101017,-0
0.0617409840583394,-0
0.0617459146524634,-0
0.0617508469010666,-0
0.0617557807975926,-0
0.0617607163493612,-0
0.0617656535531464,-0
0.0617705924099419,-0
0.0617755329182821,-0
0.0617804750864607,-0
0.0617854189173769,-0
0.061790364401245,-0
0.0617953115457873,-0
0.0618002603505362,-0
0.0618052108216033,-0
0.0618101629525073,-0
0.0618151167513654,-0
0.0618200722104873,-0
0.0618250293375307,-0
0.0618299881291889,-0
0.0618349485843517,-0
0.0618399107173623,-0
0.0618448745140488,-0
0.0618498399882497,-0
0.0618548071307393,-0
0.061859775947943,-0
0.061864746435001,-0
0.0618697186021764,-0
0.0618746924395523,-0
0.0618796679560407,-0
0.0618846451545194,-0
0.0618896240323627,-0
0.0618946045900848,-0
0.0618995868309772,-0
0.0619045707563456,-0
0.0619095563622929,-0
0.0619145436538607,-0
0.0619195326290965,-0
0.0619245232932258,-0
0.0619295156424506,-0
0.0619345096877935,-0
0.0619395054222543,-0
0.0619445028386514,-0
0.0619495019557842,-0
0.0619545027691706,-0
0.0619595052716023,-0
0.0619645094668572,-0
0.0619695153664608,-0
0.0619745229618731,-0
0.061979532252655,-0
0.0619845432466531,-0
0.0619895559419252,-0
0.0619945703439963,-0
0.0619995864404562,-0
0.062004604242184,-0
0.0620096237556671,-0
0.0620146449763681,-0
0.0620196679022617,-0
0.0620246925399799,-0
0.0620297188859934,-0
0.0620347469401083,-0
0.0620397767060076,-0
0.062044808183915,-0
0.0620498413786464,-0
0.0620548762837844,-0
0.0620599129073653,-0
0.0620649512525139,-0
0.0620699913110811,-0
0.0620750330960253,-0
0.062080076599331,-0
0.0620851218234233,-0
0.0620901687660445,-0
0.0620952174353747,-0
0.0621002678318353,-0
0.0621053199541802,-0
0.0621103738010824,-0
0.0621154293789914,-0
0.0621204866920199,-0
0.0621255457320609,-0
0.0621306065080123,-0
0.0621356690106968,-0
0.0621407332502445,-0
0.0621457992254459,-0
0.0621508669368961,-0
0.0621559363862219,-0
0.0621610075732689,-0
0.0621660804979063,-0
0.0621711551658142,-0
0.0621762315752078,-0
0.0621813097309404,-0
0.0621863896274125,-0
0.0621914712728862,-0
0.0621965546670432,-0
0.0622016398020805,-0
0.062206726690096,-0
0.0622118153267097,-0
0.0622169057168587,-0
0.0622219978592847,-0
0.0622270917561667,-0
0.0622321874067937,-0
0.062237284815836,-0
0.0622423839780163,-0
0.062247484899632,-0
0.0622525875801699,-0
0.062257692025906,-0
0.0622627982263216,-0
0.0622679061875658,-0
0.0622730159137942,-0
0.0622781274068978,-0
0.0622832406649455,-0
0.0622883556923988,-0
0.0622934724879775,-0
0.0622985910497462,-0
0.0623037113855633,-0
0.0623088334929968,-0
0.062313957372627,-0
0.0623190830301188,-0
0.0623242104615758,-0
0.0623293396681762,-0
0.0623344706537943,-0
0.0623396034153059,-0
0.0623447379548334,-0
0.0623498742770945,-0
0.0623550123852427,-0
0.0623601522782447,-0
0.0623652939527772,-0
0.0623704374119929,-0
0.0623755826631727,-0
0.0623807297002644,-0
0.0623858785256336,-0
0.0623910291458452,-0
0.0623961815551201,-0
0.0624013357574103,-0
0.0624064917534445,-0
0.0624116495440146,-0
0.0624168091300396,-0
0.0624219705172473,-0
0.0624271337014794,-0
0.0624322986839049,-0
0.0624374654762661,-0
0.0624426340635501,-0
0.0624478044601853,-0
0.0624529766560881,-0
0.0624581506641619,-0
0.0624633264823986,-0
0.0624685041032147,-0
0.0624736835325531,-0
0.0624788647770496,-0
0.0624840478342898,-0
0.0624892327017265,-0
0.0624944193815078,-0
0.0624996078779802,-0
0.0625047981969612,-0
0.0625099903311875,-0
0.062515184284483,-0
0.0625203800580991,-0
0.0625255776495245,-0
0.062530777071244,-0
0.0625359783166639,-0
0.0625411813859111,-0
0.0625463862779935,-0
0.0625515930029816,-0
0.0625568015580428,-0
0.0625620119425134,-0
0.0625672241597999,-0
0.0625724382086179,-0
0.0625776540899967,-0
0.0625828718117211,-0
0.062588091367517,-0
0.0625933127608399,-0
0.0625985359944942,-0
0.0626037610680689,-0
0.062608987983306,-0
0.0626142167414311,-0
0.0626194473423461,-0
0.0626246797880068,-0
0.0626299140783237,-0
0.0626351502190044,-0
0.0626403882097647,-0
0.0626456280509373,-0
0.0626508697443984,-0
0.0626561132892165,-0
0.0626613586871811,-0
0.0626666059388413,-0
0.0626718550459845,-0
0.0626771060150172,-0
0.0626823588450421,-0
0.062687613535207,-0
0.0626928700852411,-0
0.0626981284970995,-0
0.0627033887762024,-0
0.0627086509188496,-0
0.0627139149277434,-0
0.062719180807924,-0
0.0627244485547792,-0
0.0627297181733248,-0
0.0627349896583351,-0
0.0627402630185073,-0
0.0627455382562551,-0
0.0627508153706455,-0
0.062756094360841,-0
0.0627613752277482,-0
0.062766657974399,-0
0.0627719426047799,-0
0.062777229114947,-0
0.0627825175059936,-0
0.0627878077823256,-0
0.0627930999498228,-0
0.0627983940019959,-0
0.0628036899423665,-0
0.0628089877772473,-0
0.0628142875009051,-0
0.0628195891180306,-0
0.0628248926248557,-0
0.062830198032235,-0
0.0628355053294179,-0
0.0628408145229754,-0
0.0628461256195262,-0
0.0628514386132409,-0
0.062856753515328,-0
0.0628620703160058,-0
0.0628673890187571,-0
0.0628727096270631,-0
0.0628780321439469,-0
0.0628833565686051,-0
0.0628886829038399,-0
0.0628940111480672,-0
0.0628993413018514,-0
0.0629046733749231,-0
0.0629100073615735,-0
0.0629153432669452,-0
0.0629206810824683,-0
0.0629260208201608,-0
0.0629313624853067,-0
0.0629367060678442,-0
0.0629420515759192,-0
0.0629473990025805,-0
0.0629527483518633,-0
0.0629580996324983,-0
0.0629634528396429,-0
0.0629688079782126,-0
0.062974165045573,-0
0.0629795240399254,-0
0.0629848849698051,-0
0.0629902478385371,-0
0.0629956126433262,-0
0.0630009793828771,-0
0.0630063480607997,-0
0.063011718678568,-0
0.0630170912398058,-0
0.0630224657459829,-0
0.0630278421986163,-0
0.0630332205960583,-0
0.0630386009332232,-0
0.0630439832228396,-0
0.0630493674584805,-0
0.0630547536540583,-0
0.0630601418027554,-0
0.0630655318976959,-0
0.0630709239489348,-0
0.0630763179592101,-0
0.0630817139277657,-0
0.063087111853916,-0
0.0630925117396089,-0
0.0630979135918528,-0
0.063103317401983,-0
0.0631087231836104,-0
0.0631141309285846,-0
0.0631195406416083,-0
0.0631249523240572,-0
0.063130365974208,-0
0.0631357816019819,-0
0.0631411991977894,-0
0.0631466187715946,-0
0.0631520403216181,-0
0.0631574638478025,-0
0.0631628893502424,-0
0.0631683168343061,-0
0.0631737463022207,-0
0.0631791777521452,-0
0.063184611187302,-0
0.0631900466082609,-0
0.0631954840145998,-0
0.0632009234100875,-0
0.0632063648020876,-0
0.06321180817659,-0
0.0632172535489923,-0
0.0632227009139852,-0
0.0632281502742468,-0
0.063233601633527,-0
0.0632390549859791,-0
0.0632445103421802,-0
0.0632499677027304,-0
0.0632554270652204,-0
0.0632608884337507,-0
0.063266351803475,-0
0.0632718171830192,-0
0.0632772845682789,-0
0.0632827539698991,-0
0.0632882253835336,-0
0.0632936988102682,-0
0.0632991742495445,-0
0.0633046517017384,-0
0.0633101311725977,-0
0.0633156126586898,-0
0.0633210961710397,-0
0.0633265817005712,-0
0.0633320692510522,-0
0.0633375588298428,-0
0.0633430504374865,-0
0.0633485440678105,-0
0.0633540397316559,-0
0.0633595374265992,-0
0.0633650371525095,-0
0.0633705389116557,-0
0.063376042701159,-0
0.0633815485273286,-0
0.0633870563954415,-0
0.0633925663024126,-0
0.0633980782518065,-0
0.0634035922384987,-0
0.0634091082720389,-0
0.0634146263471531,-0
0.063420146472757,-0
0.0634256686476199,-0
0.0634311928728665,-0
0.0634367191476803,-0
0.0634422474759487,-0
0.0634477778589529,-0
0.0634533102950276,-0
0.0634588447877946,-0
0.0634643813423587,-0
0.0634699199574155,-0
0.0634754606332915,-0
0.0634810033737752,-0
0.0634865481832794,-0
0.0634920950542518,-0
0.0634976439860197,-0
0.0635031949932525,-0
0.063508748067702,-0
0.0635143032230237,-0
0.0635198604466919,-0
0.0635254197430807,-0
0.0635309811209914,-0
0.063536544575144,-0
0.0635421101059816,-0
0.0635476777208829,-0
0.0635532474226126,-0
0.0635588192068972,-0
0.0635643930771515,-0
0.0635699690328677,-0
0.0635755470787535,-0
0.0635811272123485,-0
0.0635867094458968,-0
0.0635922937688725,-0
0.0635978801886318,-0
0.0636034687047757,-0
0.0636090593245514,-0
0.0636146520350217,-0
0.0636202468503675,-0
0.0636258437649381,-0
0.0636314427850112,-0
0.0636370439143733,-0
0.0636426471465327,-0
0.0636482524977784,-0
0.0636538599528786,-0
0.0636594695229335,-0
0.063665081204104,-0
0.0636706950053624,-0
0.0636763109229994,-0
0.0636819289550575,-0
0.0636875491102818,-0
0.063693171389536,-0
0.0636987957857247,-0
0.0637044223138301,-0
0.063710050967676,-0
0.0637156817464778,-0
0.0637213146573751,-0
0.063726949696767,-0
0.0637325868711846,-0
0.0637382261759468,-0
0.0637438676193753,-0
0.0637495112002173,-0
0.0637551569213388,-0
0.0637608047841264,-0
0.0637664547875506,-0
0.0637721069349354,-0
0.0637777612309611,-0
0.0637834176741567,-0
0.0637890762705216,-0
0.0637947370127599,-0
0.0638003999082038,-0
0.0638060649589694,-0
0.063811732164897,-0
0.0638174015219509,-0
0.0638230730449371,-0
0.0638287467233732,-0
0.0638344225670136,-0
0.0638401005773042,-0
0.0638457807488486,-0
0.0638514630897642,-0
0.063857147599607,-0
0.0638628342808759,-0
0.0638685231329278,-0
0.0638742141560476,-0
0.0638799073537345,-0
0.063885602730298,-0
0.0638913002822579,-0
0.0638970000119137,-0
0.0639027019281144,-0
0.0639084060272321,-0
0.0639141123153499,-0
0.0639198207927162,-0
0.0639255314556263,-0
0.0639312443102286,-0
0.0639369593508368,-0
0.0639426765839791,-0
0.0639483960111,-0
0.0639541176347628,-0
0.0639598414611434,-0
0.0639655674881489,-0
0.0639712957175303,-0
0.063977026145214,-0
0.0639827587842394,-0
0.0639884936318882,-0
0.0639942306848182,-0
0.0639999699515009,-0
0.0640057114295171,-0
0.0640114551194866,-0
0.0640172010264897,-0
0.0640229491481944,-0
0.06402869948726,-0
0.0640344520454981,-0
0.0640402068287667,-0
0.0640459638354258,-0
0.0640517230737864,-0
0.0640574845374575,-0
0.0640632482373261,-0
0.0640690141604699,-0
0.0640747823162747,-0
0.0640805527044628,-0
0.0640863253280448,-0
0.0640921001871273,-0
0.064097877290119,-0
0.0641036566306659,-0
0.064109438216718,-0
0.0641152220468846,-0
0.0641210081252898,-0
0.0641267964495518,-0
0.0641325870268506,-0
0.0641383798592504,-0
0.0641441749433783,-0
0.0641499722810686,-0
0.0641557718738493,-0
0.0641615737265646,-0
0.0641673778405278,-0
0.0641731842134504,-0
0.06417899285374,-0
0.0641848037621146,-0
0.0641906169338041,-0
0.0641964323736469,-0
0.064202250083844,-0
0.064208070073858,-0
0.064213892334333,-0
0.0642197168752055,-0
0.0642255436925473,-0
0.0642313727903518,-0
0.0642372041689579,-0
0.0642430378341386,-0
0.0642488737840217,-0
0.0642547120215995,-0
0.0642605525467024,-0
0.0642663953615709,-0
0.0642722404729918,-0
0.064278087874439,-0
0.0642839375727486,-0
0.0642897895740667,-0
0.0642956438705403,-0
0.0643015004714086,-0
0.0643073593734387,-0
0.0643132205824201,-0
0.0643190841007105,-0
0.0643249499313802,-0
0.0643308180661183,-0
0.0643366885204652,-0
0.0643425612850811,-0
0.0643484363689749,-0
0.0643543137679201,-0
0.0643601934889796,-0
0.0643660755296145,-0
0.0643719598929114,-0
0.0643778465858746,-0
0.0643837356064033,-0
0.0643896269561036,-0
0.0643955206364764,-0
0.0644014166476209,-0
0.0644073149965327,-0
0.0644132156798596,-0
0.0644191187001563,-0
0.064425024066761,-0
0.0644309317749698,-0
0.0644368418228227,-0
0.0644427542209723,-0
0.0644486689696987,-0
0.0644545860664349,-0
0.0644605055161079,-0
0.0644664273193174,-0
0.0644723514822566,-0
0.0644782779973035,-0
0.0644842068762233,-0
0.0644901381168212,-0
0.0644960717186598,-0
0.0645020076860349,-0
0.0645079460202566,-0
0.0645138867234814,-0
0.0645198297992507,-0
0.0645257752469774,-0
0.0645317230722255,-0
0.0645376732714874,-0
0.0645436258461553,-0
0.0645495808020949,-0
0.0645555381377179,-0
0.0645614978576575,-0
0.0645674599690117,-0
0.0645734244657813,-0
0.0645793913584251,-0
0.0645853606431715,-0
0.0645913323235543,-0
0.0645973063989498,-0
0.0646032828679834,-0
0.0646092617371833,-0
0.0646152430094805,-0
0.0646212266842896,-0
0.0646272127690369,-0
0.0646332012606276,-0
0.0646391921565708,-0
0.0646451854690515,-0
0.0646511811962599,-0
0.064657179337231,-0
0.064663179896518,-0
0.064669182881708,-0
0.0646751882882813,-0
0.0646811961187255,-0
0.0646872063724574,-0
0.0646932190517603,-0
0.0646992341636896,-0
0.0647052517067589,-0
0.064711271685722,-0
0.064717294097937,-0
0.0647233189497457,-0
0.0647293462425918,-0
0.0647353759769337,-0
0.0647414081569237,-0
0.0647474427799549,-0
0.0647534798536466,-0
0.0647595193786636,-0
0.064765561351016,-0
0.064771605780562,-0
0.0647776526615284,-0
0.0647837020068828,-0
0.0647897538090314,-0
0.064795808082374,-0
0.0648018648123473,-0
0.0648079240081933,-0
0.0648139856719542,-0
0.0648200498092751,-0
0.064826116419438,-0
0.0648321855031269,-0
0.064838257063379,-0
0.0648443311015371,-0
0.0648504076257431,-0
0.064856486627153,-0
0.0648625681194313,-0
0.0648686520915502,-0
0.0648747385579417,-0
0.0648808275149708,-0
0.0648869189664015,-0
0.0648930129113243,-0
0.0648991093591725,-0
0.0649052083046551,-0
0.0649113097510705,-0
0.0649174137054831,-0
0.0649235201610117,-0
0.0649296291260684,-0
0.0649357406005765,-0
0.0649418545888431,-0
0.0649479710869188,-0
0.0649540901048791,-0
0.0649602116432676,-0
0.0649663357031523,-0
0.0649724622836666,-0
0.0649785913911225,-0
0.0649847230230731,-0
0.0649908571842943,-0
0.064996993880349,-0
0.0650031331083705,-0
0.0650092748743893,-0
0.0650154191804997,-0
0.0650215660279367,-0
0.0650277154123737,-0
0.0650338673416569,-0
0.0650400218194988,-0
0.0650461788489723,-0
0.0650523384237639,-0
0.0650585005535347,-0
0.0650646652392121,-0
0.0650708324804012,-0
0.0650770022859133,-0
0.0650831746591695,-0
0.0650893495901799,-0
0.0650955270909923,-0
0.0651017071604927,-0
0.0651078898002439,-0
0.0651140750130173,-0
0.0651202628018564,-0
0.0651264531698241,-0
0.0651326461146824,-0
0.0651388416476651,-0
0.0651450397626308,-0
0.0651512404642383,-0
0.0651574437555419,-0
0.0651636496386516,-0
0.0651698581109348,-0
0.0651760691837069,-0
0.0651822828530183,-0
0.065188499118977,-0
0.0651947179875344,-0
0.0652009394585517,-0
0.0652071635405195,-0
0.0652133902335802,-0
0.0652196195375237,-0
0.0652258514526025,-0
0.0652320859855211,-0
0.0652383231336671,-0
0.0652445629047113,-0
0.0652508052992392,-0
0.0652570503159836,-0
0.0652632979645059,-0
0.0652695482439223,-0
0.0652758011530225,-0
0.0652820566955147,-0
0.0652883148748435,-0
0.0652945756988104,-0
0.06530083916495,-0
0.0653071052738907,-0
0.0653133740279241,-0
0.0653196454271903,-0
0.065325919479921,-0
0.0653321961885778,-0
0.0653384755498916,-0
0.0653447575663085,-0
0.0653510422420088,-0
0.0653573295835937,-0
0.065363619583971,-0
0.0653699122520246,-0
0.0653762075946829,-0
0.0653825056084864,-0
0.0653888062975952,-0
0.0653951096696111,-0
0.065401415714579,-0
0.0654077244462439,-0
0.065414035857894,-0
0.0654203499600336,-0
0.0654266667464435,-0
0.0654329862200895,-0
0.0654393083883461,-0
0.0654456332508326,-0
0.0654519608100085,-0
0.0654582910736868,-0
0.0654646240398399,-0
0.0654709597115735,-0
0.0654772980888531,-0
0.0654836391792512,-0
0.0654899829831777,-0
0.065496329502515,-0
0.0655026787424188,-0
0.0655090306986044,-0
0.0655153853786993,-0
0.0655217427841148,-0
0.0655281029170486,-0
0.0655344657827451,-0
0.0655408313769008,-0
0.0655471997069238,-0
0.0655535707716793,-0
0.0655599445811946,-0
0.0655663211347677,-0
0.0655727004301876,-0
0.0655790824762112,-0
0.0655854672678103,-0
0.0655918548129338,-0
0.0655982451181599,-0
0.0656046381759662,-0
0.0656110339919332,-0
0.0656174325728436,-0
0.065623833912869,-0
0.0656302380207716,-0
0.0656366448990436,-0
0.0656430545553917,-0
0.0656494669863636,-0
0.0656558821968779,-0
0.0656623001879322,-0
0.065668720959985,-0
0.0656751445172641,-0
0.0656815708595372,-0
0.0656879999940855,-0
0.0656944319249039,-0
0.0657008666490736,-0
0.0657073041630564,-0
0.0657137444832674,-0
0.0657201876035297,-0
0.0657266335296764,-0
0.0657330822708417,-0
0.0657395338220219,-0
0.0657459881859803,-0
0.0657524453648708,-0
0.0657589053606508,-0
0.0657653681788788,-0
0.0657718338208982,-0
0.0657783022917813,-0
0.0657847735864996,-0
0.0657912477178489,-0
0.0657977246816666,-0
0.0658042044873373,-0
0.0658106871266262,-0
0.0658171726076667,-0
0.0658236609377055,-0
0.0658301521134224,-0
0.0658366461420715,-0
0.0658431430265204,-0
0.0658496427593861,-0
0.0658561453595894,-0
0.0658626508227886,-0
0.0658691591446104,-0
0.0658756703349962,-0
0.0658821843904524,-0
0.065888701317019,-0
0.0658952211193633,-0
0.0659017437986569,-0
0.0659082693603292,-0
0.0659147978069352,-0
0.0659213291358091,-0
0.0659278633498494,-0
0.0659344004560252,-0
0.0659409404552699,-0
0.0659474833496759,-0
0.0659540291490393,-0
0.0659605778450208,-0
0.0659671294497512,-0
0.0659736839638765,-0
0.0659802413865678,-0
0.0659868017194376,-0
0.0659933649673753,-0
0.0659999311304118,-0
0.0660065002198684,-0
0.0660130722356557,-0
0.0660196471763529,-0
0.0660262250461992,-0
0.0660328058500347,-0
0.0660393895815868,-0
0.0660459762549978,-0
0.0660525658713686,-0
0.0660591584304526,-0
0.0660657539350075,-0
0.0660723523929723,-0
0.0660789538032533,-0
0.0660855581687159,-0
0.0660921654918183,-0
0.0660987757706397,-0
0.066105389014923,-0
0.0661120052224667,-0
0.0661186243983524,-0
0.0661252465496528,-0
0.0661318716757985,-0
0.0661384997779571,-0
0.0661451308621153,-0
0.0661517649287402,-0
0.0661584019838631,-0
0.0661650420257024,-0
0.0661716850637085,-0
0.0661783310965308,-0
0.0661849801247911,-0
0.0661916321553995,-0
0.06619828718549,-0
0.0662049452247519,-0
0.0662116062786884,-0
0.0662182703443354,-0
0.0662249374245597,-0
0.0662316075229256,-0
0.0662382806433563,-0
0.0662449567853279,-0
0.0662516359529431,-0
0.0662583181561461,-0
0.0662650033951385,-0
0.0662716916680076,-0
0.0662783829789206,-0
0.066285077330279,-0
0.0662917747236231,-0
0.0662984751723992,-0
0.0663051786739337,-0
0.0663118852282797,-0
0.0663185948401784,-0
0.066325307511164,-0
0.0663320232442214,-0
0.0663387420483356,-0
0.0663454639247078,-0
0.0663521888718878,-0
0.0663589168928028,-0
0.0663656479919874,-0
0.0663723821690903,-0
0.0663791194314937,-0
0.0663858597866907,-0
0.0663926032294292,-0
0.0663993497696946,-0
0.0664060994021768,-0
0.0664128521416624,-0
0.0664196079799035,-0
0.0664263669259991,-0
0.066433128986934,-0
0.0664398941592022,-0
0.0664466624405199,-0
0.0664534338442436,-0
0.0664602083674901,-0
0.0664669860192303,-0
0.0664737667979534,-0
0.0664805507135003,-0
0.0664873377590971,-0
0.0664941279393715,-0
0.0665009212629805,-0
0.0665077177345773,-0
0.0665145173471794,-0
0.0665213201187565,-0
0.0665281260440367,-0
0.0665349351195647,-0
0.0665417473532542,-0
0.0665485627567948,-0
0.0665553813262288,-0
0.0665622030633662,-0
0.0665690279688265,-0
0.0665758560587018,-0
0.0665826873293255,-0
0.0665895217802176,-0
0.0665963594168033,-0
0.0666032002377316,-0
0.0666100442538763,-0
0.066616891469181,-0
0.0666237418806621,-0
0.0666305954975474,-0
0.0666374523151145,-0
0.0666443123426934,-0
0.0666511755886344,-0
0.0666580420458271,-0
0.0666649117198054,-0
0.0666717846195983,-0
0.0666786607398218,-0
0.0666855400934434,-0
0.0666924226750634,-0
0.0666993084963406,-0
0.0667061975535895,-0
0.0667130898509772,-0
0.0667199853962235,-0
0.0667268841918293,-0
0.0667337862355199,-0
0.0667406915358113,-0
0.0667476000927578,-0
0.0667545119155802,-0
0.0667614270088578,-0
0.0667683453655367,-0
0.066775266995428,-0
0.066782191899795,-0
0.0667891200871475,-0
0.0667960515565802,-0
0.0668029863063783,-0
0.0668099243511281,-0
0.0668168656869632,-0
0.0668238103279661,-0
0.0668307582655683,-0
0.0668377095081536,-0
0.0668446640517898,-0
0.0668516219131936,-0
0.0668585830882886,-0
0.0668655475835153,-0
0.0668725153968858,-0
0.0668794865314501,-0
0.0668864609995724,-0
0.0668934387976355,-0
0.0669004199284287,-0
0.0669074043954375,-0
0.0669143922080351,-0
0.0669213833661272,-0
0.0669283778757099,-0
0.0669353757409783,-0
0.0669423769570381,-0
0.0669493815367835,-0
0.0669563894814925,-0
0.0669634007885491,-0
0.066970415464924,-0
0.0669774335192034,-0
0.0669844549505178,-0
0.0669914797673277,-0
0.0669985079652729,-0
0.0670055395524372,-0
0.0670125745337775,-0
0.0670196129090189,-0
0.0670266546824441,-0
0.0670336998597863,-0
0.0670407484483843,-0
0.0670478004487037,-0
0.0670548558604538,-0
0.0670619146922884,-0
0.0670689769491212,-0
0.0670760426274787,-0
0.0670831117386093,-0
0.0670901842732391,-0
0.0670972602540574,-0
0.0671043396755427,-0
0.0671114225416267,-0
0.0671185088521449,-0
0.0671255986192407,-0
0.0671326918397481,-0
0.0671397885226267,-0
0.0671468886675948,-0
0.0671539922751756,-0
0.0671610993574788,-0
0.0671682099075741,-0
0.0671753239449748,-0
0.0671824414630662,-0
0.0671895624663173,-0
0.0671966869573073,-0
0.0672038149413489,-0
0.0672109464250899,-0
0.0672180814066643,-0
0.067225219895398,-0
0.0672323618932124,-0
0.0672395074100598,-0
0.06724665643908,-0
0.0672538089894613,-0
0.0672609650639289,-0
0.0672681246667393,-0
0.0672752877982233,-0
0.0672824544683092,-0
0.0672896246805417,-0
0.0672967984444865,-0
0.0673039757481586,-0
0.0673111566062944,-0
0.0673183410233286,-0
0.0673255289979106,-0
0.0673327205376308,-0
0.067339915644804,-0
0.0673471143284916,-0
0.0673543165851991,-0
0.0673615224204075,-0
0.0673687318400268,-0
0.0673759448545448,-0
0.0673831614539377,-0
0.0673903816482944,-0
0.0673976054451444,-0
0.0674048328466067,-0
0.0674120638580843,-0
0.0674192984855391,-0
0.0674265367258802,-0
0.0674337785876206,-0
0.0674410240727064,-0
0.0674482731906276,-0
0.0674555259378263,-0
0.0674627823228233,-0
0.0674700423494509,-0
0.0674773060214872,-0
0.0674845733458574,-0
0.0674918443212491,-0
0.0674991189552322,-0
0.0675063972481259,-0
0.0675136792129187,-0
0.0675209648476312,-0
0.0675282541578201,-0
0.0675355471457783,-0
0.0675428438125876,-0
0.0675501441703121,-0
0.0675574482233277,-0
0.0675647559687363,-0
0.0675720674191615,-0
0.0675793825755384,-0
0.0675867014325449,-0
0.0675940240028069,-0
0.067601350297009,-0
0.0676086803092102,-0
0.0676160140530695,-0
0.0676233515257125,-0
0.0676306927340812,-0
0.067638037680733,-0
0.067645386371764,-0
0.06765273881005,-0
0.0676600949952095,-0
0.0676674549429409,-0
0.0676748186498566,-0
0.0676821861189609,-0
0.0676895573618096,-0
0.067696932380032,-0
0.0677043111762133,-0
0.0677116937546588,-0
0.0677190801191854,-0
0.0677264702739269,-0
0.0677338642270324,-0
0.0677412619854038,-0
0.0677486635430449,-0
0.0677560689121435,-0
0.0677634780975228,-0
0.0677708911021798,-0
0.0677783079297151,-0
0.0677857285848141,-0
0.0677931530736939,-0
0.0678005813971961,-0
0.0678080135594303,-0
0.0678154495710459,-0
0.0678228894375522,-0
0.067830333160435,-0
0.067837780740545,-0
0.0678452321860791,-0
0.0678526874996614,-0
0.0678601466920411,-0
0.0678676097515639,-0
0.0678750767037378,-0
0.067882547544551,-0
0.0678900222710338,-0
0.0678975009064673,-0
0.0679049834325674,-0
0.0679124698675788,-0
0.0679199602229135,-0
0.0679274544865788,-0
0.067934952670339,-0
0.0679424547803832,-0
0.0679499608236174,-0
0.0679574708033027,-0
0.067964984724094,-0
0.0679725025814457,-0
0.0679800243915938,-0
0.0679875501636388,-0
0.0679950798905185,-0
0.0680026135771819,-0
0.0680101512394252,-0
0.0680176928707627,-0
0.0680252384863528,-0
0.0680327880788644,-0
0.0680403416633779,-0
0.0680478992353093,-0
0.0680554608094883,-0
0.068063026388439,-0
0.0680705959739544,-0
0.0680781695666242,-0
0.0680857471820875,-0
0.068093328822682,-0
0.068100914484381,-0
0.0681085041802107,-0
0.0681160979211536,-0
0.0681236956984601,-0
0.0681312975293407,-0
0.0681389034100368,-0
0.0681465133443994,-0
0.0681541273473418,-0
0.0681617454238416,-0
0.0681693675653509,-0
0.0681769937876028,-0
0.068184624091355,-0
0.0681922584887087,-0
0.0681998969750209,-0
0.0682075395527003,-0
0.0682151862406305,-0
0.0682228370387553,-0
0.0682304919596606,-0
0.0682381509926197,-0
0.068245814141212,-0
0.0682534814198672,-0
0.0682611528473129,-0
0.0682688284061533,-0
0.0682765081102635,-0
0.0682841919646378,-0
0.068291879972936,-0
0.0682995721562785,-0
0.0683072684996767,-0
0.0683149690157233,-0
0.0683226737067074,-0
0.0683303825803291,-0
0.0683380956508797,-0
0.0683458129061071,-0
0.0683535343620284,-0
0.0683612600167626,-0
0.0683689898805498,-0
0.0683767239675689,-0
0.068384462269374,-0
0.0683922047946468,-0
0.0683999515549878,-0
0.0684077025478299,-0
0.0684154577936308,-0
0.0684232172758066,-0
0.0684309810177212,-0
0.0684387490187667,-0
0.0684465212738566,-0
0.0684542978145315,-0
0.0684620786233126,-0
0.0684698637124383,-0
0.0684776530894198,-0
0.0684854467579872,-0
0.0684932447183232,-0
0.0685010469880504,-0
0.0685088535669659,-0
0.0685166644633872,-0
0.0685244796714037,-0
0.0685322992074557,-0
0.068540123075033,-0
0.0685479512788032,-0
0.0685557838263129,-0
0.0685636207267091,-0
0.0685714619777388,-0
0.0685793075900657,-0
0.0685871575645687,-0
0.0685950119161973,-0
0.0686028706353197,-0
0.0686107337472995,-0
0.0686186012427861,-0
0.0686264731343977,-0
0.0686343494278424,-0
0.0686422301299237,-0
0.0686501152372519,-0
0.0686580047676673,-0
0.0686658987221223,-0
0.0686737970979168,-0
0.0686816999183259,-0
0.0686896071734578,-0
0.0686975188838171,-0
0.0687054350439355,-0
0.0687133556702006,-0
0.0687212807643399,-0
0.0687292103261313,-0
0.0687371443651405,-0
0.0687450828868764,-0
0.0687530259078353,-0
0.0687609734171173,-0
0.0687689254340801,-0
0.0687768819554859,-0
0.0687848429940045,-0
0.0687928085481187,-0
0.0688007786304708,-0
0.068808753250625,-0
0.0688167324002185,-0
0.0688247161059503,-0
0.0688327043616286,-0
0.0688406971757117,-0
0.0688486945441302,-0
0.0688566964880641,-0
0.068864703012488,-0
0.0688727141166855,-0
0.068880729813373,-0
0.068888750109039,-0
0.068896775001931,-0
0.0689048045017593,-0
0.0689128386172213,-0
0.0689208773583434,-0
0.0689289207297767,-0
0.0689369687271306,-0
0.0689450213681902,-0
0.0689530786508135,-0
0.0689611405936417,-0
0.068969207195955,-0
0.0689772784695423,-0
0.0689853544127754,-0
0.0689934350387897,-0
0.0690015203468173,-0
0.0690096103488479,-0
0.0690177050452022,-0
0.0690258044518347,-0
0.0690339085625108,-0
0.0690420173992409,-0
0.0690501309622666,-0
0.0690582492596968,-0
0.0690663722912988,-0
0.0690745000660245,-0
0.0690826326009075,-0
0.0690907698857166,-0
0.0690989119499376,-0
0.0691070587826125,-0
0.0691152103975102,-0
0.0691233667948736,-0
0.0691315279899779,-0
0.0691396939803229,-0
0.0691478647806515,-0
0.0691560403958744,-0
0.0691642208366162,-0
0.0691724060916556,-0
0.0691805961960684,-0
0.0691887911330343,-0
0.0691969909199157,-0
0.0692051955597855,-0
0.0692134050646956,-0
0.0692216194392926,-0
0.0692298386982607,-0
0.0692380628357049,-0
0.0692462918680905,-0
0.0692545257916335,-0
0.0692627646273361,-0
0.0692710083726539,-0
0.0692792570419722,-0
0.0692875106361528,-0
0.0692957691609958,-0
0.0693040326307589,-0
0.0693123010494525,-0
0.0693205744222654,-0
0.069328852760669,-0
0.0693371360642622,-0
0.0693454243478272,-0
0.0693537176141918,-0
0.0693620158730526,-0
0.0693703191383146,-0
0.0693786274110651,-0
0.0693869407031323,-0
0.0693952590101276,-0
0.069403582354226,-0
0.0694119107308388,-0
0.0694202441482119,-0
0.0694285826192483,-0
0.0694369261565356,-0
0.0694452747498143,-0
0.069453628424951,-0
0.0694619871760686,-0
0.0694703510177999,-0
0.0694787199580782,-0
0.0694870940095014,-0
0.0694954731751133,-0
0.0695038574606481,-0
0.0695122468826121,-0
0.0695206414378383,-0
0.0695290411383707,-0
0.0695374459788297,-0
0.0695458559890298,-0
0.069554271162073,-0
0.0695626915136467,-0
0.0695711170433819,-0
0.0695795477683735,-0
0.069587983691159,-0
0.0695964248237176,-0
0.0696048711764842,-0
0.0696133227382442,-0
0.0696217795437987,-0
0.0696302415851897,-0
0.0696387088804491,-0
0.0696471814260015,-0
0.0696556592312858,-0
0.0696641423183382,-0
0.0696726306776591,-0
0.0696811243346636,-0
0.0696896232759318,-0
0.0696981275238139,-0
0.0697066370838996,-0
0.0697151519643545,-0
0.0697236721778037,-0
0.0697321977249301,-0
0.0697407286220867,-0
0.0697492648704193,-0
0.0697578064801535,-0
0.0697663534672142,-0
0.0697749058330833,-0
0.0697834635914345,-0
0.0697920267454336,-0
0.0698005953086887,-0
0.0698091692774406,-0
0.0698177486682713,-0
0.0698263334970144,-0
0.0698349237550029,-0
0.0698435194763694,-0
0.0698521206389808,-0
0.0698607272754405,-0
0.0698693393848599,-0
0.0698779569715793,-0
0.0698865800642814,-0
0.0698952086495561,-0
0.0699038427396142,-0
0.0699124823443234,-0
0.0699211274810766,-0
0.0699297781580912,-0
0.0699384343782839,-0
0.0699470961480545,-0
0.0699557634902056,-0
0.0699644363976983,-0
0.0699731148921323,-0
0.0699817989689263,-0
0.0699904886463129,-0
0.07,-0
0.070008695554124,-0
0.0700174153706351,-0
0.0700261287483429,-0
0.0700348456719935,-0
0.0700435677457109,-0
0.070052295516493,-0
0.0700610291334143,-0
0.0700697685974516,-0
0.0700785139321589,-0
0.0700872651295983,-0
0.0700960221743424,-0
0.0701047850677145,-0
0.0701135537951201,-0
0.0701223283616769,-0
0.0701311087649738,-0
0.0701398949994579,-0
0.0701486870645942,-0
0.0701574849793914,-0
0.0701662887267427,-0
0.0701750983181873,-0
0.0701839137609933,-0
0.0701927350520905,-0
0.0702015622076338,-0
0.0702103952195152,-0
0.0702192341030376,-0
0.0702280788788155,-0
0.070236929524943,-0
0.0702457860695545,-0
0.0702546485245925,-0
0.0702635168785418,-0
0.0702723911491254,-0
0.0702812713584226,-0
0.0702901574952037,-0
0.0702990495722393,-0
0.0703079476137899,-0
0.0703168516085851,-0
0.0703257615829432,-0
0.0703346775427169,-0
0.0703435994878935,-0
0.0703525274348316,-0
0.0703614613964802,-0
0.0703704013788051,-0
0.0703793473888983,-0
0.0703882994508026,-0
0.0703972575540252,-0
0.0704062217220459,-0
0.0704151919629009,-0
0.0704241682838141,-0
0.0704331506960839,-0
0.0704421392222962,-0
0.0704511338554893,-0
0.0704601346109472,-0
0.0704691415195117,-0
0.0704781545541084,-0
0.0704871737504537,-0
0.0704961991251471,-0
0.0705052306691078,-0
0.0705142683940047,-0
0.0705233123311463,-0
0.0705323624840974,-0
0.0705414188526357,-0
0.0705504814520245,-0
0.0705595503035312,-0
0.0705686254027672,-0
0.0705777067668204,-0
0.0705867944211213,-0
0.0705958883491801,-0
0.0706049885803788,-0
0.0706140951371003,-0
0.0706232080035333,-0
0.0706323272042795,-0
0.0706414527560367,-0
0.0706505846673697,-0
0.0706597229372561,-0
0.0706688675895031,-0
0.0706780186411831,-0
0.0706871760881819,-0
0.0706963399509593,-0
0.0707055102416619,-0
0.070714686975874,-0
0.0707238701511627,-0
0.070733059797316,-0
0.0707422559171586,-0
0.0707514585167001,-0
0.0707606676077157,-0
0.0707698832111138,-0
0.0707791053469939,-0
0.0707883340088295,-0
0.0707975692120481,-0
0.0708068109812379,-0
0.0708160593240246,-0
0.0708253142456066,-0
0.0708345757530018,-0
0.0708438438727934,-0
0.0708531186159952,-0
0.0708623999826608,-0
0.0708716879939354,-0
0.0708809826688152,-0
0.0708902840129849,-0
0.0708995920314817,-0
0.0709089067442661,-0
0.0709182281704145,-0
0.0709275563208623,-0
0.0709368911876861,-0
0.0709462328032732,-0
0.0709555811843258,-0
0.0709649363323654,-0
0.0709742982584725,-0
0.0709836669826984,-0
0.0709930425233557,-0
0.0709957955127745,-0
0.0709985485021933,-0
0.0710001108012558,-0
0.071001020451799,-0
0.0710019301023421,-0
0.0710027712040653,-0
0.0710069767126816,-0
0.0710161777179496,-0
0.0710254071491635,-0
0.0710347401219749,-0
0.0710441046818416,-0
0.0710534852267324,-0
0.0710628768059802,-0
0.0710722779811623,-0
0.0710816882954804,-0
0.0710911076201511,-0
0.0711005358970925,-0
0.0711099731095451,-0
0.0711194192276529,-0
0.0711288742437072,-0
0.0711383381516598,-0
0.0711478109622339,-0
0.0711572926663222,-0
0.0711667832530647,-0
0.0711762827273396,-0
0.0711857911062098,-0
0.0711953083887532,-0
0.0712048345870869,-0
0.0712143696918539,-0
0.0712239137199082,-0
0.0712334666805119,-0
0.0712430285899955,-0
0.0712525994687818,-0
0.0712621793027986,-0
0.0712717681181111,-0
0.0712813659257702,-0
0.0712909727458115,-0
0.0713005885895665,-0
0.0713102134712198,-0
0.0713198473900189,-0
0.0713294903760511,-0
0.0713391424505414,-0
0.0713488036189633,-0
0.0713584739018799,-0
0.0713681533063929,-0
0.0713778418515551,-0
0.0713875395636112,-0
0.0713972464522478,-0
0.0714069625361951,-0
0.0714166878297546,-0
0.0714264223452392,-0
0.0714361661032777,-0
0.0714459191146936,-0
0.0714556814103959,-0
0.0714654529998832,-0
0.0714752339049897,-0
0.0714850241533458,-0
0.0714948237422871,-0
0.0715046326991586,-0
0.0715144510342263,-0
0.0715242787711615,-0
0.0715341159329235,-0
0.0715439625300099,-0
0.0715538185872028,-0
0.0715636841232973,-0
0.0715735591504166,-0
0.0715834436881393,-0
0.0715933377533904,-0
0.0716032413637348,-0
0.0716131545389437,-0
0.0716230772977194,-0
0.0716330096620945,-0
0.0716429516492145,-0
0.071652903282001,-0
0.0716628645791992,-0
0.0716728355491795,-0
0.0716828162126684,-0
0.071692806594468,-0
0.0717028067026633,-0
0.0717128165732441,-0
0.0717228362175171,-0
0.0717328656516232,-0
0.0717429048955062,-0
0.0717529539803941,-0
0.0717630129094117,-0
0.0717730817172062,-0
0.0717831604111992,-0
0.0717932490116122,-0
0.071803347550062,-0
0.0718134560345472,-0
0.0718235744876332,-0
0.0718337029240942,-0
0.07184384137157,-0
0.0718539898440507,-0
0.0718641483582387,-0
0.071874316945318,-0
0.0718844956165858,-0
0.0718946843981381,-0
0.0719048833035814,-0
0.0719150923580986,-0
0.0719253115785493,-0
0.0719355409920155,-0
0.0719457806143157,-0
0.0719560304692866,-0
0.0719662905686654,-0
0.0719765609449603,-0
0.0719868416157709,-0
0.0719971325976107,-0
0.0720074339037282,-0
0.0720177455663775,-0
0.0720280675992411,-0
0.0720384000290353,-0
0.0720487428810003,-0
0.0720590961701482,-0
0.0720694599152867,-0
0.0720798341416358,-0
0.0720902188665824,-0
0.0721006141116912,-0
0.0721110199039054,-0
0.0721214362567447,-0
0.0721318631972818,-0
0.0721423007491926,-0
0.0721527489326986,-0
0.0721632077578437,-0
0.07217367726346,-0
0.0721841574680435,-0
0.0721946483868308,-0
0.072205150045975,-0
0.072215662461304,-0
0.0722261856671208,-0
0.0722367196731454,-0
0.0722472645070098,-0
0.0722578201918686,-0
0.0722683867450423,-0
0.0722789641866309,-0
0.0722895525567151,-0
0.0723001518612576,-0
0.0723107621162693,-0
0.0723213833586513,-0
0.0723320156054309,-0
0.0723426588891641,-0
0.0723533132168066,-0
0.0723639786247441,-0
0.0723746551363618,-0
0.0723853427687659,-0
0.0723960415393056,-0
0.0724067514780487,-0
0.0724174726068657,-0
0.0724282049523379,-0
0.0724389485274319,-0
0.0724497033673284,-0
0.0724604694958601,-0
0.0724712469384192,-0
0.0724820357116134,-0
0.0724928358357669,-0
0.0725036473410718,-0
0.0725144702408592,-0
0.0725253045667528,-0
0.072536150344471,-0
0.0725470076025699,-0
0.0725578763608844,-0
0.0725687566412354,-0
0.0725796484760919,-0
0.0725905518729416,-0
0.0726014668671377,-0
0.0726123934799495,-0
0.0726233317385157,-0
0.07263428166983,-0
0.0726452433080083,-0
0.0726562166566172,-0
0.072667201741532,-0
0.0726781985967337,-0
0.0726892072531242,-0
0.0727002277304532,-0
0.0727112600592725,-0
0.0727223042527291,-0
0.0727333603402448,-0
0.0727444283427669,-0
0.0727555082941344,-0
0.0727666002296111,-0
0.072777704153283,-0
0.0727888200940854,-0
0.0727999480865922,-0
0.0728110881569812,-0
0.0728222403381672,-0
0.0728334046366545,-0
0.0728445810906132,-0
0.0728557697174633,-0
0.0728669705564677,-0
0.0728781836258246,-0
0.0728894089515544,-0
0.0729006465631909,-0
0.0729118964870019,-0
0.0729231587572328,-0
0.072934433385067,-0
0.0729457204077075,-0
0.0729570198482129,-0
0.0729683317363307,-0
0.0729796561005247,-0
0.0729909929587863,-0
0.0730023423419875,-0
0.073013704164328,-0
0.073025078565375,-0
0.0730364657032885,-0
0.0730478654798303,-0
0.0730592779212985,-0
0.0730707030462722,-0
0.0730821408938511,-0
0.0730935914975124,-0
0.0731050548741896,-0
0.073116531062873,-0
0.0731280200730245,-0
0.0731395219494998,-0
0.0731510367129601,-0
0.0731625643939666,-0
0.0731741050349148,-0
0.0731856586449919,-0
0.0731972252471558,-0
0.073208804890846,-0
0.0732203976102805,-0
0.073232003408614,-0
0.0732436223210074,-0
0.0732552543946133,-0
0.073266899634554,-0
0.0732785580815602,-0
0.0732902297792979,-0
0.0733019147338951,-0
0.0733136129843989,-0
0.0733253245785313,-0
0.0733370495233586,-0
0.0733487878479793,-0
0.073360539599178,-0
0.0733723047808501,-0
0.0733840834449378,-0
0.0733958756168434,-0
0.0734076813349676,-0
0.0734195006110809,-0
0.0734313334855086,-0
0.0734431799903443,-0
0.0734550401627537,-0
0.0734669140143053,-0
0.0734788015964883,-0
0.0734907029321043,-0
0.0735026180424886,-0
0.0735145469752851,-0
0.0735264897435281,-0
0.0735384464023337,-0
0.073550416975908,-0
0.0735624014807163,-0
0.0735743999606122,-0
0.0735864124443046,-0
0.0735984389614231,-0
0.073610479563511,-0
0.0736225342638093,-0
0.0736346030987972,-0
0.0736466860910448,-0
0.073658783292036,-0
0.0736708947153154,-0
0.0736830204088627,-0
0.0736951603989473,-0
0.0737073147116956,-0
0.0737194834077508,-0
0.0737316664782243,-0
0.0737438639889981,-0
0.0737560759606218,-0
0.0737683024298702,-0
0.0737805434281172,-0
0.0737927989887484,-0
0.0738050691436614,-0
0.0738173539312035,-0
0.0738296534005165,-0
0.0738419675618382,-0
0.0738542964660463,-0
0.073866640127605,-0
0.0738789985989469,-0
0.0738913719047101,-0
0.0739037600873415,-0
0.073916163171163,-0
0.0739285812025173,-0
0.0739410141944692,-0
0.0739534622188689,-0
0.0739659252724487,-0
0.0739784034248425,-0
0.0739908966823364,-0
0.074003405104813,-0
0.0740159287081783,-0
0.0740284675507822,-0
0.074041021642957,-0
0.0740535910343382,-0
0.0740661757648893,-0
0.0740787758548691,-0
0.0740913913631157,-0
0.0741040223048392,-0
0.0741166687421226,-0
0.0741293306808319,-0
0.0741420081870768,-0
0.0741547012685773,-0
0.074167409979588,-0
0.0741801343590175,-0
0.0741928744299548,-0
0.0742056302590963,-0
0.0742184018607726,-0
0.0742311892770546,-0
0.0742439925549068,-0
0.0742568117119196,-0
0.0742696468161601,-0
0.074282498966887,-0
0.0742953642573626,-0
0.0743082466416218,-0
0.0743211454167258,-0
0.0743340606663691,-0
0.0743469921885656,-0
0.0743599400342252,-0
0.0743729041017461,-0
0.0743858844723267,-0
0.0743988811353358,-0
0.0744118941747277,-0
0.074424923584194,-0
0.074437969437381,-0
0.074451031749375,-0
0.0744641105840452,-0
0.0744772059514655,-0
0.0744903179256603,-0
0.0745034465139795,-0
0.0745165917887674,-0
0.0745297537604371,-0
0.0745429324998193,-0
0.0745561280338491,-0
0.0745693404084007,-0
0.0745825696682806,-0
0.0745958158527187,-0
0.0746090790077675,-0
0.0746223591613539,-0
0.0746356563663369,-0
0.0746489706574081,-0
0.0746623020992222,-0
0.074675650696367,-0
0.0746890165417267,-0
0.0747023996177296,-0
0.074715800016797,-0
0.0747292177353439,-0
0.0747426528839093,-0
0.0747561054361135,-0
0.0747695754819193,-0
0.0747830630263598,-0
0.0747965681550687,-0
0.0748100908747591,-0
0.0748236312736429,-0
0.0748371893423489,-0
0.0748507651839091,-0
0.0748643587805403,-0
0.0748779702262704,-0
0.0748915995274698,-0
0.0749052467719067,-0
0.0749189119549997,-0
0.0749325951743512,-0
0.0749462964247759,-0
0.074960015801126,-0
0.0749737532998532,-0
0.0749875090068778,-0
0.0750012829460139,-0
0.075015075179026,-0
0.0750288857333383,-0
0.0750427146687335,-0
0.0750565620277697,-0
0.0750704278514598,-0
0.0750843121926481,-0
0.0750982150938025,-0
0.075112136622557,-0
0.0751260767999392,-0
0.075140035708402,-0
0.0751540133565458,-0
0.0751680098339146,-0
0.0751820251452402,-0
0.0751960593797897,-0
0.0752101125511708,-0
0.075224184737419,-0
0.075238275952464,-0
0.0752523862751201,-0
0.0752665157291631,-0
0.0752806643817359,-0
0.0752948322798738,-0
0.0753090194734827,-0
0.0753232260190352,-0
0.0753374519463855,-0
0.0753516973518373,-0
0.0753659622223404,-0
0.0753802466791107,-0
0.0753945506975843,-0
0.0754088743749756,-0
0.0754232177472118,-0
0.0754375808604622,-0
0.0754519637975238,-0
0.0754663665706446,-0
0.0754807892864225,-0
0.0754952319272581,-0
0.0755096946098763,-0
0.0755241773287562,-0
0.0755386801615648,-0
0.0755532031677889,-0
0.0755677463853669,-0
0.0755823099234918,-0
0.0755968937507171,-0
0.0756114979941068,-0
0.0756261226542897,-0
0.0756407678087738,-0
0.075655433504609,-0
0.0756701197919188,-0
0.0756848267636419,-0
0.0756995544108843,-0
0.075714302838336,-0
0.0757290720824995,-0
0.0757438621965516,-0
0.0757586732652316,-0
0.0757735052859168,-0
0.0757883583820227,-0
0.0758032325596418,-0
0.0758181278859143,-0
0.0758330444479657,-0
0.0758479822479475,-0
0.0758629414148455,-0
0.0758779219394669,-0
0.0758929239053891,-0
0.0759079473849475,-0
0.0759229923937123,-0
0.0759380590580036,-0
0.075953147364446,-0
0.0759682573906648,-0
0.0759833892309471,-0
0.0759985428998384,-0
0.0760137185068334,-0
0.0760289160756579,-0
0.0760441356400915,-0
0.0760593773427203,-0
0.0760746411557436,-0
0.0760899271766529,-0
0.0761052354794932,-0
0.0761205660945649,-0
0.0761359191383251,-0
0.0761512946144968,-0
0.0761666925819208,-0
0.0761821131738145,-0
0.0761975563497198,-0
0.0762130222342423,-0
0.0762285109036443,-0
0.0762440223717379,-0
0.076259556741777,-0
0.0762751140665732,-0
0.0762906943808691,-0
0.0763062978235541,-0
0.0763219243645462,-0
0.0763375740975731,-0
0.0763532471610878,-0
0.0763689435053793,-0
0.0763846632621116,-0
0.0764004064983671,-0
0.0764161732367539,-0
0.0764319635759795,-0
0.0764477775884445,-0
0.0764636153065806,-0
0.076479476832542,-0
0.0764953622262411,-0
0.0765112715022586,-0
0.0765272047933559,-0
0.0765431621530328,-0
0.0765591436192168,-0
0.0765751492981705,-0
0.0765911792397637,-0
0.0766072334754626,-0
0.0766233121486258,-0
0.0766394153024885,-0
0.0766555429403945,-0
0.0766716952280854,-0
0.0766878722085032,-0
0.0767040738851421,-0
0.0767203003951709,-0
0.0767365518370705,-0
0.0767528281756101,-0
0.0767691295391868,-0
0.0767854560732732,-0
0.0768018077152865,-0
0.0768181845721507,-0
0.0768345868139497,-0
0.076851014418414,-0
0.0768674674356958,-0
0.0768839460313519,-0
0.0769004502360284,-0
0.0769169800816798,-0
0.0769335356956667,-0
0.0769501171777539,-0
0.076966724507168,-0
0.0769833577979221,-0
0.0770000171745201,-0
0.077016702687705,-0
0.0770334143455781,-0
0.0770501522994458,-0
0.0770669166572022,-0
0.0770837073911966,-0
0.0771005246085787,-0
0.0771173684649771,-0
0.0771342389755734,-0
0.0771511361646738,-0
0.0771680601804457,-0
0.0771850111591087,-0
0.0772019890659401,-0
0.0772189939696478,-0
0.0772360260398876,-0
0.077253085351447,-0
0.0772701718938342,-0
0.0772872857729914,-0
0.0773044271544143,-0
0.0773215960830269,-0
0.0773387925698521,-0
0.0773560167106131,-0
0.0773732686864055,-0
0.0773905485226476,-0
0.0774078562417448,-0
0.0774251919602653,-0
0.0774425558317932,-0
0.077459947895517,-0
0.07747736817791,-0
0.0774948167807508,-0
0.0775122938716277,-0
0.077529799528289,-0
0.077547333731335,-0
0.0775648965759063,-0
0.077582488233639,-0
0.0776001088077486,-0
0.0776177582795435,-0
0.077635436741478,-0
0.0776531443232767,-0
0.0776708811604036,-0
0.0776886473060575,-0
0.0777064427685047,-0
0.0777242676703451,-0
0.0777421221610472,-0
0.0777600063630099,-0
0.0777779202602848,-0
0.0777958639093732,-0
0.0778138374634932,-0
0.0778318410723041,-0
0.0778498748357694,-0
0.0778679387407924,-0
0.0778860328568642,-0
0.0779041573354264,-0
0.0779223123339267,-0
0.0779404979365108,-0
0.0779587141173,-0
0.077976960983385,-0
0.0779952386682696,-0
0.0780135473287491,-0
0.078031887070487,-0
0.0780502579033324,-0
0.0780686598838581,-0
0.0780870931136465,-0
0.0781055577829667,-0
0.0781240539942178,-0
0.0781425818406302,-0
0.0781611413268345,-0
0.078179732541483,-0
0.0781983555819839,-0
0.0782170106691679,-0
0.078235697876239,-0
0.0782544173051475,-0
0.0782731689719068,-0
0.0782919529532107,-0
0.0783107693764268,-0
0.0783296184173652,-0
0.0783485001802493,-0
0.0783674147717531,-0
0.07838636221655,-0
0.0784053425921041,-0
0.0784243560005774,-0
0.07844340259042,-0
0.0784624825129612,-0
0.0784815958914862,-0
0.0785007428047406,-0
0.0785199232688005,-0
0.078539137398985,-0
0.0785583852715763,-0
0.0785776670581093,-0
0.0785969829065016,-0
0.0786163329351518,-0
0.0786357172352341,-0
0.0786551358989287,-0
0.0786745889687657,-0
0.0786940765475646,-0
0.0787135987424859,-0
0.0787331557270827,-0
0.0787527476098843,-0
0.0787723745423272,-0
0.0787920366391005,-0
0.0788117340034333,-0
0.0788314666721348,-0
0.0788512347284781,-0
0.0788710383012855,-0
0.0788908774896065,-0
0.0789107524209041,-0
0.0789306632696605,-0
0.0789506101811224,-0
0.0789705932508439,-0
0.0789906125918991,-0
0.0790106683286374,-0
0.079030760534272,-0
0.0790508893059463,-0
0.0790710547305264,-0
0.07909125693393,-0
0.0791114960364429,-0
0.0791317721629636,-0
0.0791520854529047,-0
0.0791724360560489,-0
0.0791928241084136,-0
0.0792132497278181,-0
0.0792337130347783,-0
0.0792542141401826,-0
0.079274753187153,-0
0.0792953302684152,-0
0.0793159454902947,-0
0.0793365989541638,-0
0.0793572907778185,-0
0.0793780210963168,-0
0.0793987900158497,-0
0.079419597670003,-0
0.079440444180599,-0
0.0794613296787625,-0
0.0794822543054669,-0
0.0795032181863909,-0
0.0795242214455221,-0
0.0795452642424665,-0
0.0795663467188929,-0
0.079587468989585,-0
0.0796086311831567,-0
0.0796298334459195,-0
0.0796510758857878,-0
0.0796723586568208,-0
0.0796936818697273,-0
0.0797150456736036,-0
0.0797364501819566,-0
0.0797578955336362,-0
0.0797793818833263,-0
0.0798009093204433,-0
0.079822478009282,-0
0.0798440880789803,-0
0.0798657396637201,-0
0.0798874329005718,-0
0.079909167924543,-0
0.079930944866079,-0
0.0799527638622643,-0
0.079974625074567,-0
0.0799965286153476,-0
0.08,-0
0.0800173569232621,-0
0.0800391528290441,-0
0.0800610935994591,-0
0.0800831662924537,-0
0.0801053024795595,-0
0.0801274859457132,-0
0.0801497121351307,-0
0.0801719799912044,-0
0.080194289430673,-0
0.0802166407173481,-0
0.0802390341292887,-0
0.0802614699589999,-0
0.0802839485415346,-0
0.0803064701238994,-0
0.0803290349774208,-0
0.0803516433879257,-0
0.0803742955895712,-0
0.0803969918043382,-0
0.0804197322912478,-0
0.0804425172700209,-0
0.0804653470271717,-0
0.0804882218072091,-0
0.0805111417927471,-0
0.0805341072147966,-0
0.0805571182531387,-0
0.0805801751406435,-0
0.0806032780447409,-0
0.0806264271337966,-0
0.0806496225270752,-0
0.080672864391044,-0
0.0806961529132246,-0
0.0807194882476344,-0
0.0807428705871178,-0
0.0807663001039594,-0
0.0807897770078066,-0
0.0808133016100667,-0
0.0808368740655694,-0
0.0808604945713382,-0
0.080884163285862,-0
0.0809078804145789,-0
0.0809316459451109,-0
0.0809554600571698,-0
0.0809793228866735,-0
0.0810032346313765,-0
0.0810271954342567,-0
0.0810512056181208,-0
0.0810752654391091,-0
0.0810993750681027,-0
0.0811235346966216,-0
0.0811477443793654,-0
0.0811720041734384,-0
0.0811963142567353,-0
0.0812206747860097,-0
0.0812450859240716,-0
0.0812695481034271,-0
0.0812940615122554,-0
0.0813186263432649,-0
0.0813432426891346,-0
0.0813679105444795,-0
0.0813926300482162,-0
0.0814174014044506,-0
0.0814422248845973,-0
0.0814671008650992,-0
0.0814920295370723,-0
0.0815170110745113,-0
0.0815420453583977,-0
0.0815671325477965,-0
0.0815922727908718,-0
0.0816174665143034,-0
0.0816427140677613,-0
0.0816680156412905,-0
0.0816933712103936,-0
0.0817187807549753,-0
0.0817442444479716,-0
0.0817697626604154,-0
0.0817953358406912,-0
0.0818209642105452,-0
0.0818466476645288,-0
0.0818723862095789,-0
0.0818981800164009,-0
0.0819240296044294,-0
0.0819499353422172,-0
0.0819758973648004,-0
0.082001915474792,-0
0.0820279898121983,-0
0.082054120694894,-0
0.082080308728914,-0
0.0821065541529747,-0
0.0821328566535368,-0
0.0821592163148893,-0
0.0821856334603221,-0
0.0822121087710374,-0
0.0822386424946585,-0
0.0822652342503825,-0
0.082291884152753,-0
0.0823185926370175,-0
0.0823453603364007,-0
0.0823721873225772,-0
0.0823990733141592,-0
0.0824260184405922,-0
0.0824530234500072,-0
0.0824800887622529,-0
0.0825072140893184,-0
0.0825343993825493,-0
0.0825616450567306,-0
0.0825889518590023,-0
0.0826163197399218,-0
0.082643748463688,-0
0.082671238245,-0
0.0826987900165927,-0
0.0827264038603351,-0
0.0827540793859879,-0
0.0827818167565822,-0
0.08280961695371,-0
0.0828374801512054,-0
0.0828654058637283,-0
0.0828933942868744,-0
0.0829214464335181,-0
0.0829495623900028,-0
0.0829777417240675,-0
0.0830059846640552,-0
0.08303429232948,-0
0.0830626645271225,-0
0.0830911009561579,-0
0.083119602105388,-0
0.0831481689689662,-0
0.0831768010352707,-0
0.0832054980215757,-0
0.0832342610844151,-0
0.083263090631491,-0
0.0832919859332343,-0
0.0833209472741212,-0
0.0833499759687999,-0
0.0833790715683512,-0
0.0834082337002255,-0
0.0834374634647087,-0
0.0834667613719018,-0
0.0834961265730008,-0
0.0835255595136372,-0
0.0835550616105487,-0
0.0835846319759389,-0
0.0836142704591714,-0
0.08364397855184,-0
0.0836737560351894,-0
0.0837036023704622,-0
0.0837335187170221,-0
0.0837635055112986,-0
0.08379356187084,-0
0.0838236885985129,-0
0.08385388686904,-0
0.0838841554323745,-0
0.0839144947902788,-0
0.0839449066620671,-0
0.083975389524575,-0
0.0840059437481501,-0
0.0840365711939783,-0
0.0840672705908876,-0
0.0840980419506212,-0
0.0841288872551414,-0
0.0841598053026563,-0
0.0841907960232704,-0
0.0842218614533719,-0
0.0842530003407889,-0
0.084284212653173,-0
0.0843155005418767,-0
0.0843468624997206,-0
0.0843782986614209,-0
0.0844098112954094,-0
0.0844413984948187,-0
0.0844730608594185,-0
0.0845048002937504,-0
0.0845366150127652,-0
0.0845685059641541,-0
0.084600474446368,-0
0.0846325188757467,-0
0.0846646407424879,-0
0.0846968404841287,-0
0.0847291169040719,-0
0.0847614720925389,-0
0.0847939054817444,-0
0.0848264164151844,-0
0.0848590074600931,-0
0.0848916767474577,-0
0.0849244246510128,-0
0.0849572533048119,-0
0.0849901606139605,-0
0.0850231481688848,-0
0.0850562164963028,-0
0.0850893642478499,-0
0.0851225938928375,-0
0.0851559043932796,-0
0.0851892952480471,-0
0.0852227692623651,-0
0.0852563239231238,-0
0.085289960842028,-0
0.0853236806742921,-0
0.0853574820036633,-0
0.0853913676103132,-0
0.0854253358396901,-0
0.0854593866661298,-0
0.0854935226628775,-0
0.0855277411777229,-0
0.0855620446620726,-0
0.0855964327223365,-0
0.0856309044425055,-0
0.085665463106878,-0
0.0857001056405348,-0
0.0857348337884559,-0
0.0857696483946766,-0
0.085804547737039,-0
0.0858395353275751,-0
0.085874608402794,-0
0.0859097678975402,-0
0.0859450157180104,-0
0.0859803493241116,-0
0.0860157722086533,-0
0.086051282492497,-0
0.0860868800389235,-0
0.0861225676520151,-0
0.086158342184491,-0
0.0861942070968476,-0
0.0862301611094907,-0
0.0862662033661679,-0
0.0863023373933876,-0
0.0863385595710367,-0
0.0863748733099109,-0
0.0864112775755468,-0
0.0864477712738634,-0
0.0864843583595568,-0
0.0865210347877227,-0
0.0865578039527576,-0
0.0865946650605803,-0
0.0866316168268587,-0
0.0866686635075667,-0
0.0867058007489444,-0
0.0867430318616683,-0
0.0867803564105664,-0
0.0868177727912668,-0
0.0868552856676453,-0
0.0868928903040918,-0
0.0869305898506212,-0
0.0869683843375056,-0
0.0870062718225726,-0
0.0870442574346366,-0
0.0870823360009435,-0
0.0871205103186842,-0
0.0871587813425153,-0
0.0871971463400126,-0
0.0872356109473984,-0
0.0872741700099673,-0
0.0873128252583687,-0
0.0873515793892367,-0
0.0873904282385131,-0
0.0874293770862018,-0
0.0874684231892729,-0
0.0875075653945795,-0
0.0875468090988188,-0
0.0875861485398382,-0
0.0876255879634192,-0
0.0876651268821337,-0
0.0877047627800386,-0
0.0877445021324903,-0
0.0877843389561942,-0
0.0878242746324955,-0
0.0878643133869214,-0
0.0879044495388899,-0
0.0879446880490923,-0
0.0879850279923144,-0
0.0880254664548908,-0
0.0880660101245231,-0
0.0881066539432476,-0
0.0881473972471975,-0
0.0881882472475415,-0
0.0882291964227248,-0
0.0882702477645048,-0
0.0883114048407239,-0
0.0883526615320832,-0
0.0883940227443209,-0
0.0884354891316633,-0
0.0884770555708841,-0
0.0885187284641573,-0
0.0885605063562466,-0
0.0886023849287434,-0
0.0886443711865969,-0
0.0886864628247784,-0
0.0887286556385683,-0
0.0887709569067567,-0
0.0888133643839566,-0
0.0888558735542532,-0
0.0888984912699487,-0
0.0889412168780342,-0
0.0889840449126102,-0
0.0890269804612221,-0
0.0890700264900796,-0
0.0891131756866658,-0
0.08915643034279,-0
0.0891997986475104,-0
0.0892432714450849,-0
0.0892868477357766,-0
0.0893305361543638,-0
0.0893743340767629,-0
0.0894182362684958,-0
0.0894622463958124,-0
0.0895063713825983,-0
0.089550602963723,-0
0.0895949384981459,-0
0.0896393859503886,-0
0.0896839482717726,-0
0.0897286166263843,-0
0.0897733897073575,-0
0.0898182761540782,-0
0.0898632787364942,-0
0.0899083881809851,-0
0.0899536032262026,-0
0.09,-0
0.090045447636335,-0
0.0900910274632689,-0
0.0901366923606959,-0
0.0901824630873107,-0
0.0902283500120302,-0
0.0902743547606236,-0
0.0903204690305909,-0
0.0903666910354468,-0
0.0904130211517186,-0
0.0904594677278372,-0
0.0905060321219849,-0
0.0905527124002105,-0
0.090599502778556,-0
0.0906464023495154,-0
0.0906934112415148,-0
0.0907405356292348,-0
0.0907877782119736,-0
0.090835139205777,-0
0.090882617153862,-0
0.0909302071643905,-0
0.0909779084505815,-0
0.0910257213232219,-0
0.0910670098737388,-0
0.0911150682901597,-0
0.0911631345794036,-0
0.0912113819676487,-0
0.0912597601474111,-0
0.0913082593781575,-0
0.0913568765958215,-0
0.0914056109506931,-0
0.0914544620919928,-0
0.091503429968318,-0
0.0915525144218062,-0
0.0916017153403899,-0
0.0916510326349088,-0
0.0917004661314864,-0
0.0917500155862042,-0
0.0917996810134626,-0
0.0918494620545088,-0
0.0918993585780715,-0
0.0919493728052428,-0
0.0919581140960582,-0
0.0919668553868736,-0
0.0919901097380823,-0
0.091995299671733,-0
0.0919967666327447,-0
0.0919982335937563,-0
0.0919995059960434,-0
0.092005868007479,-0
0.0920092455652989,-0
0.0920126231231187,-0
0.0920295109122179,-0
0.0920628862496916,-0
0.0921078656343049,-0
0.0921531733800831,-0
0.0921988952871545,-0
0.0922449527611779,-0
0.0922913269591337,-0
0.0923380009098341,-0
0.0923849734840246,-0
0.0924322417871737,-0
0.0924797976880215,-0
0.0925276434621786,-0
0.0925757668460888,-0
0.0926241713300469,-0
0.0926728497604259,-0
0.0927218013670964,-0
0.0927710274702387,-0
0.0928205183532783,-0
0.0928702811916277,-0
0.0929203018286408,-0
0.0929705893731618,-0
0.0930211329597751,-0
0.093071939234867,-0
0.0931230010203128,-0
0.0931743216836878,-0
0.0932259008703499,-0
0.0932777352037964,-0
0.0933298318602904,-0
0.0933821787064189,-0
0.093434788956368,-0
0.0934876478349308,-0
0.0935407688432483,-0
0.0935941410829644,-0
0.0936477743413598,-0
0.0937016629899729,-0
0.0937558114379532,-0
0.0938102242329841,-0
0.0938648951899834,-0
0.0939198375538768,-0
0.0939750345128969,-0
0.0940305026746213,-0
0.0940862314743754,-0
0.0941422310476593,-0
0.0941985016537434,-0
0.0942550432142355,-0
0.0943118693322132,-0
0.0943689612239237,-0
0.0944263368205025,-0
0.0944839870284344,-0
0.0945419202876992,-0
0.0946001490431075,-0
0.0946586578856304,-0
0.0947174638397221,-0
0.0947765557593172,-0
0.0948359434395414,-0
0.0948956425702755,-0
0.0949556342504644,-0
0.0950159365559687,-0
0.0950765413056165,-0
0.0951374584406397,-0
0.095198704350312,-0
0.0952602577747346,-0
0.0953221345809399,-0
0.0953843484299857,-0
0.0954468845385026,-0
0.0955097596614064,-0
0.0955729713720059,-0
0.0956365273650829,-0
0.0957004387985537,-0
0.0957646948413059,-0
0.0958293094000713,-0
0.0958942995855396,-0
0.0959596475774546,-0
0.0960253681260534,-0
0.0960914844999334,-0
0.0961579745508444,-0
0.0962248544129975,-0
0.0962921502317941,-0
0.0963598388701367,-0
0.0964279381287158,-0
0.0964964740278983,-0
0.0965654253860721,-0
0.0966348121014018,-0
0.0967046571334829,-0
0.0967749444622532,-0
0.0968456964608061,-0
0.0969169305448623,-0
0.0969886411802237,-0
0.0970608480085568,-0
0.0971335645749345,-0
0.0972068019275746,-0
0.0972805648071319,-0
0.0973548743141927,-0
0.0974297541404033,-0
0.0975051969826372,-0
0.0975812321101268,-0
0.0976578910495021,-0
0.0977351631058573,-0
0.0978130860597474,-0
0.0978916875286975,-0
0.0979709721936068,-0
0.0980509851272861,-0
0.0981317330387335,-0
0.0982132552233562,-0
0.0982956169207565,-0
0.0983787937083815,-0
0.0984628582037778,-0
0.0985478543590663,-0
0.0986338173947971,-0
0.0987208538797505,-0
0.0988089363302326,-0
0.0988982244038566,-0
0.0989886998497299,-0
0.0990805619635334,-0
0.099173791568376,-0
0.0992685974588369,-0
0.0993650993037679,-0
0.0994634403999578,-0
0.099563908730908,-0
0.0996667671015028,-0
0.0997722924801459,-0
0.0998809529490999,-0
0.1,-0
0.10010107185678,-0
0.100220239682365,-0
0.100353027418092,-0
0.100499054980171,-0
0.100686611187604,-0
0.100857527573751,-0
0.100997637966665,-0
0.101122682435569,-0
0.101239274005303,-0
0.101351109023229,-0
0.101459842500013,-0
0.101566231170449,-0
0.101670795597373,-0
0.101773828663106,-0
0.101875560019866,-0
0.101976135205961,-0
0.102075663681723,-0
0.102174201247431,-0
0.102271940430417,-0
0.102368942542727,-0
0.102465219032334,-0
0.102560860716122,-0
0.102655913795374,-0
0.102750403748407,-0
0.102844376033307,-0
0.102937891726992,-0
0.103030924935449,-0
0.103123565123576,-0
0.103215834967382,-0
0.103307746805367,-0
0.10339928921924,-0
0.103490492517335,-0
0.103581413801735,-0
0.10367206624789,-0
0.103762462869297,-0
0.103852615032458,-0
0.103942533267764,-0
0.104032227365642,-0
0.10412170633837,-0
0.104210978301073,-0
0.104300051461009,-0
0.104388962663095,-0
0.10447776664283,-0
0.104566439713779,-0
0.104654964925399,-0
0.10474329969796,-0
0.104831525782572,-0
0.104919703771709,-0
0.105007753050958,-0
0.105095630078835,-0
0.10518351653872,-0
0.105271304472533,-0
0.105358964423437,-0
0.105446649528892,-0
0.105534182085868,-0
0.105621735678035,-0
0.105709216658688,-0
0.105796670271444,-0
0.105884099487411,-0
0.105971490917431,-0
0.106058873019357,-0
0.106146239258743,-0
0.106233575163122,-0
0.106320953496682,-0
0.106408235757111,-0
0.106495646486343,-0
0.106582994569269,-0
0.106670398357396,-0
0.10675785897154,-0
0.106845250204187,-0
0.106932763882753,-0
0.107020331848955,-0
0.107107858235526,-0
0.107195506598103,-0
0.107283249808981,-0
0.107370996029185,-0
0.107458776209338,-0
0.107546720405028,-0
0.107634754711673,-0
0.107722809589195,-0
0.107810907353911,-0
0.107899194448926,-0
0.107987611631306,-0
0.108076117171229,-0
0.108164696643663,-0
0.108253339903037,-0
0.10834218908785,-0
0.1084312168031,-0
0.108520383212843,-0
0.1086096801404,-0
0.108699092469974,-0
0.108788641061402,-0
0.10887830677998,-0
0.108968210965192,-0
0.109058337778818,-0
0.109148673367612,-0
0.10923920304122,-0
0.10932993381835,-0
0.109420873291797,-0
0.109511998680137,-0
0.109603346480566,-0
0.109690792832019,-0
0.109778034609556,-0
0.109870119460407,-0
0.109961090166921,-0
0.11,-0
0.110093237869687,-0
0.110185524943539,-0
0.11027877682055,-0
0.110372462782176,-0
0.110466168342728,-0
0.110556266886265,-0
0.110651049291289,-0
0.11074603751714,-0
0.11084023885936,-0
0.110934749185184,-0
0.111030946019553,-0
0.111127550687613,-0
0.111210053737043,-0
0.111307875957281,-0
0.111405579046755,-0
0.111503935746958,-0
0.111602818921774,-0
0.111702238339016,-0
0.111802212108228,-0
0.111902764641956,-0
0.112003923873545,-0
0.112105648148131,-0
0.112208954478884,-0
0.112305590226696,-0
0.112409551137173,-0
0.11251414924341,-0
0.112619687088173,-0
0.112726093956109,-0
0.112833461714868,-0
0.112941908767878,-0
0.113051594920934,-0
0.113162294129589,-0
0.113274140863382,-0
0.113387369244937,-0
0.113502239737794,-0
0.113604799617453,-0
0.113693236752106,-0
0.11381344868612,-0
0.113935121514558,-0
0.114036961763584,-0
0.11413096763525,-0
0.114246326846801,-0
0.114370728182673,-0
0.114507975804028,-0
0.11465265231377,-0
0.114758129450422,-0
0.114863606587074,-0
0.114964925029741,-0
0.115046656040758,-0
0.115136576910359,-0
0.115248154083434,-0
0.115366246749577,-0
0.115482967937883,-0
0.115593145637665,-0
0.115719756745001,-0
0.115830055572599,-0
0.115853732203388,-0
0.115877408834178,-0
0.115898430288626,-0
0.115919451743073,-0
0.115948419508236,-0
0.115955241223666,-0
0.115959179505458,-0
0.115963117787249,-0
0.115966962705395,-0
0.115986187296123,-0
0.116017058792871,-0
0.116022183932943,-0
0.116025278626518,-0
0.116028373320093,-0
0.116032395912316,-0
0.116052508873431,-0
0.116135570693796,-0
0.116218702048606,-0
0.116303468121629,-0
0.116376618366589,-0
0.116446661979955,-0
0.116516391274096,-0
0.116586715728699,-0
0.116658209464457,-0
0.116731760053082,-0
0.11680938538249,-0
0.116897567868102,-0
0.116989845467182,-0
0.117080983472103,-0
0.117160007681194,-0
0.11723817607872,-0
0.117321093241571,-0
0.117417072332122,-0
0.117490255946639,-0
0.117563439561156,-0
0.11765377584993,-0
0.117753169159889,-0
0.117851666538925,-0
0.117945936720744,-0
0.118047234797798,-0
0.118149561220904,-0
0.118250846930562,-0
0.11834426200319,-0
0.118447931821318,-0
0.11855266775579,-0
0.118638128040856,-0
0.118715585120687,-0
0.118791540346636,-0
0.118867495572584,-0
0.11895734616102,-0
0.11905897630123,-0
0.119160942993951,-0
0.119268327229484,-0
0.119345718160135,-0
0.119423109090785,-0
0.119511987428046,-0
0.119622342762636,-0
0.119732851060565,-0
0.119844750588344,-0
0.119957627893748,-0
0.12,-0
0.120078193290839,-0
0.120156386581678,-0
0.120243188248749,-0
0.120317466257063,-0
0.120431693488817,-0
0.120536219359951,-0
0.120620961640492,-0
0.1207370116605,-0
0.120835210950101,-0
0.120952274882727,-0
0.1210673701641,-0
0.121186384373416,-0
0.121305341038746,-0
0.121425059726633,-0
0.121545762292976,-0
0.121663493151145,-0
0.121752782927542,-0
0.121842072703939,-0
0.12194751563522,-0
0.122062185698031,-0
0.122156748349993,-0
0.122251311001955,-0
0.122368315428013,-0
0.122493825718781,-0
0.122600945308704,-0
0.122710037442337,-0
0.122836603763823,-0
0.122964518082362,-0
0.123076891377585,-0
0.123198116259503,-0
0.123327769158313,-0
0.123453332049556,-0
0.123583550270257,-0
0.12371023405408,-0
0.123834245702465,-0
0.123967144991363,-0
0.124099783590433,-0
0.124233704686257,-0
0.124368136559558,-0
0.124503471840353,-0
0.124639180754934,-0
0.124776039023793,-0
0.124913140157867,-0
0.125051607092331,-0
0.125190193774391,-0
0.125327237817243,-0
0.125467431870128,-0
0.12560859819764,-0
0.12575050134274,-0
0.125892959891598,-0
0.126036502477309,-0
0.12618053376757,-0
0.126325319907034,-0
0.126470985798165,-0
0.126617251742802,-0
0.12676430287895,-0
0.12691208406467,-0
0.127060573223594,-0
0.127209822618378,-0
0.127359673070238,-0
0.127510254663238,-0
0.127661626424971,-0
0.127813647780138,-0
0.127966111032463,-0
0.128119488667459,-0
0.128273509647452,-0
0.128423908190319,-0
0.128578888436836,-0
0.128734678120941,-0
0.128889477833009,-0
0.129032109300286,-0
0.129189711445663,-0
0.129342523584183,-0
0.12947394423659,-0
0.129619645889588,-0
0.129737837324596,-0
0.129871584045515,-0
0.13,-0
0.130125127127628,-0
0.130276863461569,-0
0.1304362575571,-0
0.130590035808072,-0
0.130726956148819,-0
0.130888090607641,-0
0.131031527033455,-0
0.131191793428571,-0
0.131340826650152,-0
0.131471675265373,-0
0.131626420243533,-0
0.131765359122199,-0
0.131908768064216,-0
0.132030549831141,-0
0.132137915465445,-0
0.132242274244806,-0
0.132346239859302,-0
0.132456361403329,-0
0.132574349461639,-0
0.132716139239902,-0
0.13283692719657,-0
0.132957715153237,-0
0.133058650436019,-0
0.133149200085279,-0
0.133272501688592,-0
0.133395803291904,-0
0.133496743110639,-0
0.133659062956155,-0
0.133793428685364,-0
0.133936545312361,-0
0.134078613211079,-0
0.13419704613106,-0
0.13435694552844,-0
0.13450753850722,-0
0.134615219518978,-0
0.134722900530735,-0
0.134849095195162,-0
0.13498277065251,-0
0.135089722755298,-0
0.135201736014981,-0
0.135358321438246,-0
0.135465418791654,-0
0.135572516145061,-0
0.135702046353391,-0
0.135847747259637,-0
0.135965954891072,-0
0.13612527875232,-0
0.136282079064889,-0
0.136432507056651,-0
0.136590116949648,-0
0.136747428911371,-0
0.136904695507209,-0
0.13706137784149,-0
0.13721781222497,-0
0.137373742963091,-0
0.13752938548894,-0
0.137684233401635,-0
0.137839123555889,-0
0.137993735090248,-0
0.138147597080307,-0
0.138301924171086,-0
0.13845490210471,-0
0.138596813102886,-0
0.138745324496125,-0
0.138897691152579,-0
0.139049835521538,-0
0.1392022671096,-0
0.139353611395119,-0
0.139494882591163,-0
0.139646441216804,-0
0.139797133958757,-0
0.139947853943495,-0
0.14,-0
0.140098105541724,-0
0.140225679108146,-0
0.140374964099477,-0
0.140524706041769,-0
0.140675242569707,-0
0.140825251533317,-0
0.140854922730825,-0
0.140884593928332,-0
0.140923031529985,-0
0.140933976713659,-0
0.140944921897334,-0
0.140949800411545,-0
0.140954678925757,-0
0.140958859350182,-0
0.140979761472305,-0
0.141010395655235,-0
0.141041029838165,-0
0.141056234721395,-0
0.141063074006483,-0
0.141065371793942,-0
0.141067669581401,-0
0.141069754056349,-0
0.141080176431091,-0
0.141132288304798,-0
0.141243339583875,-0
0.141354953722259,-0
0.14146810482117,-0
0.141582557217737,-0
0.141698263960789,-0
0.141815313192393,-0
0.141934283479745,-0
0.142054952079792,-0
0.142176818670756,-0
0.1422994610242,-0
0.14242363749725,-0
0.142549315325122,-0
0.142676361014923,-0
0.142805286636344,-0
0.142935960662203,-0
0.143068109779363,-0
0.143201759711416,-0
0.143334215991762,-0
0.143456485171837,-0
0.143587229952085,-0
0.143721016902519,-0
0.143833353667674,-0
0.143975259163675,-0
0.144099193828852,-0
0.14424414394913,-0
0.144364294147741,-0
0.144512754702662,-0
0.144637639767564,-0
0.144756755280223,-0
0.144875870792882,-0
0.145028081618146,-0
0.145186963335552,-0
0.145315662913639,-0
0.145444362491727,-0
0.145611090346272,-0
0.145772530704244,-0
0.14590755081734,-0
0.146016571350022,-0
0.14614897823605,-0
0.146281385122079,-0
0.146436714497528,-0
0.146601852582657,-0
0.146732429050238,-0
0.146863005517819,-0
0.147018517789387,-0
0.14718919274229,-0
0.147331725384976,-0
0.147474258027662,-0
0.147648386964448,-0
0.147844873420611,-0
0.148042949541911,-0
0.148219150866212,-0
0.1484235684903,-0
0.148617231045293,-0
0.148772418365632,-0
0.14891053815632,-0
0.149063975579386,-0
0.149199560272401,-0
0.149325378989485,-0
0.149496655388863,-0
0.149643741189547,-0
0.149813483575285,-0
0.14997932343826,-0
0.15,-0
0.150103382808701,-0
0.150262214109787,-0
0.150420613107982,-0
0.150579794461763,-0
0.15073794329472,-0
0.150881429688051,-0
0.151037649892572,-0
0.151192267529622,-0
0.151346099529894,-0
0.151499022043166,-0
0.15165165914615,-0
0.151803190598588,-0
0.151946876669764,-0
0.152089571802405,-0
0.152238094860394,-0
0.152385223167093,-0
0.152532585793884,-0
0.152678878607336,-0
0.152824207014392,-0
0.152968904764445,-0
0.15311338097389,-0
0.153257548180421,-0
0.153400664409355,-0
0.153543506286469,-0
0.153686221600078,-0
0.153828598689227,-0
0.153970604520568,-0
0.15411213803116,-0
0.154253254171019,-0
0.154393654466239,-0
0.154533844248383,-0
0.154673788914003,-0
0.154813001456765,-0
0.154951539186396,-0
0.155089690203302,-0
0.155227463980283,-0
0.155365468963573,-0
0.155502932573303,-0
0.155640378608716,-0
0.155777182886485,-0
0.155913656450316,-0
0.156049902948461,-0
0.156185704827789,-0
0.156321449781184,-0
0.156457154560492,-0
0.156592686356549,-0
0.156727665820701,-0
0.156862388253487,-0
0.156996674232357,-0
0.15713067982691,-0
0.157264671338992,-0
0.157398645348233,-0
0.157532548338901,-0
0.157665982738114,-0
0.157799197428763,-0
0.157932055659989,-0
0.158064654165531,-0
0.158197236842391,-0
0.158329797436973,-0
0.15846234043134,-0
0.158594502012836,-0
0.158726446220325,-0
0.158858204560039,-0
0.158989699364445,-0
0.159120980981123,-0
0.159252230956522,-0
0.159383465606206,-0
0.159514695849381,-0
0.159645715360223,-0
0.159776440610161,-0
0.159907024700454,-0
0.16,-0
0.160130383476413,-0
0.160259948514725,-0
0.160389968413314,-0
0.16052002842258,-0
0.160649968695055,-0
0.160779770074575,-0
0.160909327983247,-0
0.16103892369636,-0
0.161168192213046,-0
0.161297385044019,-0
0.161426645595959,-0
0.161555665959352,-0
0.161684283774256,-0
0.161812686311239,-0
0.161941194571498,-0
0.162061254467685,-0
0.162175258894714,-0
0.162303800865393,-0
0.162431558247413,-0
0.162541901337586,-0
0.162670407646312,-0
0.162798161427819,-0
0.162926153593145,-0
0.163054058550394,-0
0.163181776984816,-0
0.163309224124079,-0
0.163436321799618,-0
0.163563140961887,-0
0.163690085840339,-0
0.163816763066403,-0
0.163943347492966,-0
0.164070226533746,-0
0.164196621823325,-0
0.164322921717936,-0
0.164449564593371,-0
0.164575854778325,-0
0.164703077146443,-0
0.164830167526703,-0
0.164956908092832,-0
0.165083197161068,-0
0.16516927185686,-0
0.165255346552652,-0
0.165363277219168,-0
0.165473549492722,-0
0.165566963937547,-0
0.165693943269134,-0
0.16581930896436,-0
0.16592803934455,-0
0.166028771756304,-0
0.166113313084539,-0
0.1662401324436,-0
0.166365213286624,-0
0.166490960772738,-0
0.166605103624529,-0
0.166717175739701,-0
0.166843947685543,-0
0.16696985405358,-0
0.167095684694739,-0
0.167195440284011,-0
0.167295195873283,-0
0.167421601214624,-0
0.167546566916289,-0
0.167645324903326,-0
0.167744082890363,-0
0.167769656715816,-0
0.167795230541269,-0
0.167839029558108,-0
0.167844018222151,-0
0.167849006886193,-0
0.167854150340188,-0
0.167879867610162,-0
0.167997102365728,-0
0.168028720356593,-0
0.16803595714217,-0
0.168040032999842,-0
0.168042678834459,-0
0.168045324669076,-0
0.168048339465018,-0
0.16806341344473,-0
0.168138783343285,-0
0.168241295356702,-0
0.168331812143843,-0
0.168436439669383,-0
0.168523876381189,-0
0.168630341297869,-0
0.168723300762638,-0
0.168831428364215,-0
0.168940070740018,-0
0.169042875573663,-0
0.169153556654603,-0
0.169264557070702,-0
0.169376697454648,-0
0.169489952991766,-0
0.169604008859601,-0
0.169718747407689,-0
0.169834059298921,-0
0.169951401720098,-0
0.17,-0
0.170092935720456,-0
0.170211131567837,-0
0.170329820909899,-0
0.170449645470508,-0
0.170555312218529,-0
0.170677368263205,-0
0.170799290531471,-0
0.170922809129588,-0
0.171040995376542,-0
0.171166531856006,-0
0.171292739705291,-0
0.171419239736912,-0
0.171547093391566,-0
0.17167160097855,-0
0.171802600737225,-0
0.171933755036088,-0
0.172066047582493,-0
0.172199132813168,-0
0.172333052124726,-0
0.172468046230954,-0
0.172604682073707,-0
0.172743019138958,-0
0.172883067619601,-0
0.173024423894928,-0
0.1731631669531,-0
0.173297067774464,-0
0.173423114177784,-0
0.17356422170256,-0
0.17370657712658,-0
0.173844415491344,-0
0.173959005698665,-0
0.174117167650632,-0
0.174274532932739,-0
0.174414010851539,-0
0.174555331485428,-0
0.174708939332167,-0
0.174845132120209,-0
0.174973344732191,-0
0.175160828687142,-0
0.175333018864437,-0
0.175542051238574,-0
0.175734738899679,-0
0.175945327079285,-0
0.176124177160977,-0
0.176307528331123,-0
0.176509224394139,-0
0.176688074686659,-0
0.176870966769292,-0
0.177027358095508,-0
0.177177764385596,-0
0.177332840702762,-0
0.177495848634346,-0
0.177657161030515,-0
0.17781687816484,-0
0.177947962363607,-0
0.178070863408995,-0
0.178203170275236,-0
0.178343844570377,-0
0.178469963348737,-0
0.178600594414576,-0
0.178740357453606,-0
0.178867182361007,-0
0.178995477947167,-0
0.179135523042204,-0
0.179262352227803,-0
0.179388610570334,-0
0.179530378725774,-0
0.179657364165135,-0
0.179781612043491,-0
0.179922645697621,-0
0.18,-0
0.180140505758986,-0
0.18026469509224,-0
0.180403784376548,-0
0.180532962326402,-0
0.180658297071103,-0
0.180791385649748,-0
0.180922789167706,-0
0.181050071185862,-0
0.181178961362559,-0
0.181310136610108,-0
0.181439227611502,-0
0.181567493380115,-0
0.181697134263346,-0
0.181826301206977,-0
0.181953951955248,-0
0.182086236328497,-0
0.182219775935618,-0
0.182353117831444,-0
0.182486211258553,-0
0.182619179078433,-0
0.182752022375725,-0
0.182884770751811,-0
0.183017267078305,-0
0.183149568636231,-0
0.183281664882711,-0
0.183413559128624,-0
0.183545263434111,-0
0.183676766168423,-0
0.183808072915897,-0
0.183939195387615,-0
0.184070141573563,-0
0.184200923486208,-0
0.184331527931821,-0
0.184461989510273,-0
0.184592319678272,-0
0.184722513800544,-0
0.184852576402048,-0
0.184982526707797,-0
0.185112368145579,-0
0.18524237165778,-0
0.185372187183029,-0
0.185500083585463,-0
0.185629706094848,-0
0.185759401588757,-0
0.185889113547039,-0
0.186018774680831,-0
0.186148334881424,-0
0.186277739590901,-0
0.18640689987579,-0
0.186536287903336,-0
0.186665736382848,-0
0.18679522386671,-0
0.186924784119448,-0
0.187054409123613,-0
0.187183987676933,-0
0.187313467435571,-0
0.187442779898237,-0
0.187571982232621,-0
0.187701470581465,-0
0.187831029748068,-0
0.187960370528241,-0
0.188090310977447,-0
0.188220084023362,-0
0.188350149993852,-0
0.188480113833368,-0
0.188610041289161,-0
0.188739478481268,-0
0.1888564851525,-0
0.188969919891922,-0
0.189079600584281,-0
0.189190446430259,-0
0.189301236929741,-0
0.189409734290802,-0
0.189513810338157,-0
0.189609982277126,-0
0.189702247247348,-0
0.189832414467526,-0
0.189961786733549,-0
0.19,-0
0.190131278578461,-0
0.190249941823198,-0
0.190359849084854,-0
0.190458193887524,-0
0.190542681331475,-0
0.190673681051501,-0
0.190803752186669,-0
0.190923461381503,-0
0.191018445289777,-0
0.19111342919805,-0
0.191227942822664,-0
0.191358763602422,-0
0.191490185301154,-0
0.191621756038687,-0
0.191753295090317,-0
0.19188456304924,-0
0.192015874303913,-0
0.192147242962951,-0
0.192278742142412,-0
0.192410418422796,-0
0.192542316502612,-0
0.192674490464149,-0
0.192807025811255,-0
0.192935271628869,-0
0.193049237723099,-0
0.193142156582545,-0
0.193275443890024,-0
0.193407204751699,-0
0.193539568823905,-0
0.193672446232696,-0
0.193804951501014,-0
0.193937415314937,-0
0.194070103869227,-0
0.194203216204695,-0
0.194336262073584,-0
0.194460712987698,-0
0.19457058967575,-0
0.194665271170896,-0
0.194800147415245,-0
0.194933269681532,-0
0.195067244272613,-0
0.195168244054654,-0
0.195269243836694,-0
0.195404784074739,-0
0.195539721695419,-0
0.195675785055174,-0
0.195811908096613,-0
0.195947479279113,-0
0.196084140195121,-0
0.196220962804592,-0
0.196327282544481,-0
0.19643360228437,-0
0.196570660386559,-0
0.196690751789249,-0
0.19681033614041,-0
0.19686656501914,-0
0.196874022472656,-0
0.196881479926171,-0
0.19691876719375,-0
0.19694500810201,-0
0.196971249010269,-0
0.197020448016078,-0
0.197024935910075,-0
0.197029423804073,-0
0.197033111951023,-0
0.197051552685774,-0
0.197143756359526,-0
0.197264245647958,-0
0.197384952099139,-0
0.197501756252453,-0
0.197608086783031,-0
0.197732501810399,-0
0.197856920177259,-0
0.197969499144548,-0
0.198079758146999,-0
0.198179137414192,-0
0.198307195622986,-0
0.198434841221292,-0
0.198563318743606,-0
0.198692661291436,-0
0.198822562031473,-0
0.198953472448924,-0
0.199085052306421,-0
0.199217089911837,-0
0.199350089076399,-0
0.199483684793324,-0
0.199617611193498,-0
0.199752381129999,-0
0.199887777491029,-0
0.2,-0
0.200136618959386,-0
0.200274477764966,-0
0.200391315282499,-0
0.200530747887448,-0
0.200669948936712,-0
0.200785841680138,-0
0.200927068921251,-0
0.201068413529619,-0
0.201190324839312,-0
0.201294189685519,-0
0.201437595950574,-0
0.201580495883979,-0
0.201697106933426,-0
0.201810864275969,-0
0.201924621618512,-0
0.202069465413198,-0
0.202214649392221,-0
0.202361151140899,-0
0.20249273545749,-0
0.202619488473725,-0
0.20273518298039,-0
0.202850877487055,-0
0.202999470445528,-0
0.203148504399373,-0
0.203267264299776,-0
0.20338602420018,-0
0.203537172482562,-0
0.20368863940701,-0
0.203814690119844,-0
0.203938096408147,-0
0.204092762115026,-0
0.204243043357174,-0
0.204375409136423,-0
0.204503494720352,-0
0.204628814833877,-0
0.204750097412078,-0
0.20486496950015,-0
0.204966203083785,-0
0.205125444824635,-0
0.205255296925378,-0
0.205366737225498,-0
0.205527953569905,-0
0.205690466985154,-0
0.205839648357826,-0
0.206002525112397,-0
0.206129897992575,-0
0.206257270872753,-0
0.206420807036774,-0
0.206553416463044,-0
0.206674893751389,-0
0.206789954901259,-0
0.206957606988376,-0
0.207101321652,-0
0.207239520241297,-0
0.207383976528816,-0
0.207549179676512,-0
0.207681206877465,-0
0.207813234078418,-0
0.207984069575687,-0
0.208135083267171,-0
0.20827584322579,-0
0.208422781557857,-0
0.208593441568444,-0
0.208768356957034,-0
0.208946509372545,-0
0.20912494624853,-0
0.209287965269098,-0
0.209467464763427,-0
0.209638756614473,-0
0.209820933216971,-0
0.21,-0
0.210131980711957,-0
0.210263961423914,-0
0.210384585280758,-0
0.210525369219113,-0
0.210662240653612,-0
0.210799112088112,-0
0.210985335167055,-0
0.211175132439086,-0
0.211345481313299,-0
0.211526429493811,-0
0.211681158621442,-0
0.21184149675437,-0
0.211991310149709,-0
0.212141123545047,-0
0.212336380404206,-0
0.21250911625761,-0
0.212708576056527,-0
0.212910744475899,-0
0.213113762228149,-0
0.21326257937519,-0
0.21341139652223,-0
0.213565892311815,-0
0.213775449882863,-0
0.2139847183907,-0
0.214164306241068,-0
0.214377371854523,-0
0.214576287423981,-0
0.214792854293797,-0
0.215010128345475,-0
0.215201002348575,-0
0.21535074503378,-0
0.215500487718986,-0
0.215684608510802,-0
0.215849055615079,-0
0.216003983594009,-0
0.216168931070932,-0
0.216378746861576,-0
0.216611637869004,-0
0.216852614965122,-0
0.217090567004226,-0
0.217243399202713,-0
0.2173962314012,-0
0.217558977848796,-0
0.217766556832491,-0
0.217968607187487,-0
0.218170657542482,-0
0.218382953643892,-0
0.218479611058645,-0
0.218576268473398,-0
0.21867814635943,-0
0.218955670832871,-0
0.21913644376326,-0
0.21931721669365,-0
0.219409407487384,-0
0.219501598281117,-0
0.219596108868398,-0
0.219698163544605,-0
0.219800218220812,-0
0.21992263600644,-0
0.22,-0
0.220222354157171,-0
0.220384497475758,-0
0.220501308619907,-0
0.220618119764056,-0
0.220754069814458,-0
0.220927219950285,-0
0.221064134694875,-0
0.221168805840043,-0
0.221273476985211,-0
0.221398956064969,-0
0.221549570826701,-0
0.221662092533546,-0
0.221774614240391,-0
0.221898083451215,-0
0.222030960065189,-0
0.222183054081322,-0
0.222340205804707,-0
0.222460144387989,-0
0.22258008297127,-0
0.222707174853177,-0
0.222840728980622,-0
0.222987776641765,-0
0.223137778172858,-0
0.223251663127437,-0
0.223365548082015,-0
0.223506973698128,-0
0.223671060004672,-0
0.223842431396948,-0
0.224003349628403,-0
0.224143603219918,-0
0.224267363130974,-0
0.224369847408333,-0
0.224528434805559,-0
0.224687022202786,-0
0.224821614700378,-0
0.224935518072391,-0
0.225049421444405,-0
0.225177776388518,-0
0.225303919687949,-0
0.225421364579027,-0
0.225547444021815,-0
0.225674670043809,-0
0.225768538867024,-0
0.22586240769024,-0
0.22594806838821,-0
0.226041250367181,-0
0.226134432346152,-0
0.226224593575211,-0
0.226398713420178,-0
0.22650929387755,-0
0.226619874334922,-0
0.226787939622448,-0
0.226953802003888,-0
0.226963139518739,-0
0.226972477033591,-0
0.227019164607848,-0
0.22706293889943,-0
0.227082401703611,-0
0.227097426030023,-0
0.227112450356436,-0
0.227126366062652,-0
0.227195944593736,-0
0.227326835019127,-0
0.227457725444518,-0
0.227648612195048,-0
0.227765728018603,-0
0.227882843842158,-0
0.228078387217224,-0
0.228251593184047,-0
0.228418401372909,-0
0.228559631361169,-0
0.228700861349429,-0
0.228845649605229,-0
0.229010401216987,-0
0.229144634636,-0
0.229260222346557,-0
0.229398127271696,-0
0.229536032196835,-0
0.229593318282246,-0
0.229650604367657,-0
0.229713397013066,-0
0.229939672181619,-0
0.23,-0
0.23008867758329,-0
0.230177355166581,-0
0.230296366095067,-0
0.230404424728996,-0
0.230516711709887,-0
0.23069176948245,-0
0.230866827255013,-0
0.231012652720608,-0
0.231135944645404,-0
0.231269039858114,-0
0.231402135070824,-0
0.23152775211057,-0
0.231677036767709,-0
0.231842406885371,-0
0.231957400196717,-0
0.232072393508063,-0
0.232198987400839,-0
0.232329874647268,-0
0.232487243799524,-0
0.23264461295178,-0
0.232817945944926,-0
0.233004197109824,-0
0.233177883877269,-0
0.233318165376612,-0
0.233448400336101,-0
0.233563368151128,-0
0.23374298107653,-0
0.233922594001931,-0
0.234101614051023,-0
0.234279936544256,-0
0.234459984597501,-0
0.234582308738076,-0
0.234704632878651,-0
0.234960598439833,-0
0.235182805142152,-0
0.235336029119001,-0
0.235489253095849,-0
0.235686141120768,-0
0.235834165976077,-0
0.235982190831387,-0
0.236172989893516,-0
0.236336835389472,-0
0.236603247978666,-0
0.23684662832342,-0
0.237006467967219,-0
0.237166307611018,-0
0.237324275005443,-0
0.237503590120345,-0
0.23776158410403,-0
0.237901780223145,-0
0.23804197634226,-0
0.238171602986171,-0
0.238301229630083,-0
0.238582904086857,-0
0.238855996999467,-0
0.239110013439425,-0
0.239309743268596,-0
0.239509473097767,-0
0.239709981563209,-0
0.239883002882949,-0
0.24,-0
0.240166132034653,-0
0.240281270897896,-0
0.240396409761138,-0
0.240501101353363,-0
0.240809735761786,-0
0.241059355769986,-0
0.241319900164217,-0
0.241500680575136,-0
0.241640380642834,-0
0.241780080710532,-0
0.241923278693984,-0
0.242096700491634,-0
0.242264177461978,-0
0.242451516527148,-0
0.242700555973834,-0
0.242949595420521,-0
0.243178276823023,-0
0.243461750310279,-0
0.243654465313774,-0
0.243847180317269,-0
0.244030085590599,-0
0.24420262899048,-0
0.244375014517028,-0
0.244550287290107,-0
0.244691895287487,-0
0.244846603171776,-0
0.245064074784134,-0
0.245245362695041,-0
0.245428180934293,-0
0.245600634638064,-0
0.245770158173832,-0
0.24604883839016,-0
0.246400007530665,-0
0.246523969560482,-0
0.246647931590298,-0
0.246778294123286,-0
0.247139560001499,-0
0.247373922557023,-0
0.247608285112547,-0
0.247877341298833,-0
0.248238238790232,-0
0.248560161263943,-0
0.248896606693345,-0
0.249205836916027,-0
0.249529885326107,-0
0.249848689484616,-0
0.25,-0
0.25019878577584,-0
0.250417018216674,-0
0.25070219895608,-0
0.250978362071119,-0
0.251279950290038,-0
0.251579571083306,-0
0.25187764343932,-0
0.252175057314576,-0
0.252468288363576,-0
0.252760690442993,-0
0.253050966007033,-0
0.253339797047997,-0
0.253626614413897,-0
0.253911241719721,-0
0.254195545848749,-0
0.254478083099922,-0
0.254759287388961,-0
0.2550378536502,-0
0.255315517641868,-0
0.255593345636143,-0
0.255869763865634,-0
0.256146082635671,-0
0.256421100065172,-0
0.256695202912077,-0
0.256968133995956,-0
0.257240774282419,-0
0.257512111649708,-0
0.257783123362424,-0
0.258053456714471,-0
0.258322952343646,-0
0.258591852000348,-0
0.258660489721714,-0
0.258729127443081,-0
0.258803032812312,-0
0.258827957592615,-0
0.258852882372918,-0
0.258861282495141,-0
0.258869682617364,-0
0.258911683228479,-0
0.258955294430287,-0
0.258998905632096,-0
0.259056461378054,-0
0.259075654160347,-0
0.25909484694264,-0
0.259104242905591,-0
0.259107971370788,-0
0.259111699835984,-0
0.259116362537507,-0
0.259139676045122,-0
0.259256243583194,-0
0.259466393366238,-0
0.25967893475892,-0
0.259896095118517,-0
0.26,-0
0.260229331825763,-0
0.260461740990154,-0
0.260701326878682,-0
0.260950041463481,-0
0.261208661335619,-0
0.261480203664321,-0
0.261768414099738,-0
0.262079674902489,-0
0.262432813403224,-0
0.262903456116921,-0
0.263282801718548,-0
0.263608045147432,-0
0.26389965727684,-0
0.264174792789581,-0
0.264439859304717,-0
0.264699127977632,-0
0.264953206524771,-0
0.265203961045233,-0
0.2654511215126,-0
0.265695633681535,-0
0.26593809180658,-0
0.266177587605123,-0
0.266415510028647,-0
0.266652005515617,-0
0.266886909085848,-0
0.267120232416053,-0
0.267352068456379,-0
0.26758216581305,-0
0.267811465810716,-0
0.268039431436761,-0
0.26826589116232,-0
0.26849224968401,-0
0.268717301312849,-0
0.268941323389355,-0
0.269164773814229,-0
0.26938722967227,-0
0.269608868482355,-0
0.269829871737192,-0
0.27,-0
0.270220188800968,-0
0.270438273579844,-0
0.270656758248981,-0
0.270874679689699,-0
0.271091752756268,-0
0.271308604806738,-0
0.271524978422715,-0
0.271740805068107,-0
0.271956215542598,-0
0.272171033676911,-0
0.272385468029105,-0
0.272599487192929,-0
0.272813182310083,-0
0.273026224526516,-0
0.273239071921649,-0
0.273451659449318,-0
0.273663848391085,-0
0.273875462390169,-0
0.274086983873335,-0
0.274298379706434,-0
0.274509323500982,-0
0.274719803163354,-0
0.274930217619273,-0
0.275140611946298,-0
0.275350549351276,-0
0.275559997461587,-0
0.275769493105171,-0
0.275978992921747,-0
0.276188139149566,-0
0.276396667754057,-0
0.276605407193191,-0
0.276814150153071,-0
0.277022690640595,-0
0.277230615378203,-0
0.277438739395099,-0
0.277646800726331,-0
0.277854930427726,-0
0.278062441529486,-0
0.278270003790928,-0
0.278477522798693,-0
0.27868532993258,-0
0.278871893115646,-0
0.279078973894494,-0
0.279285599621797,-0
0.279493135812303,-0
0.279693097030543,-0
0.279897511279778,-0
0.28,-0
0.280207542773427,-0
0.280412767044937,-0
0.280618208350058,-0
0.280822933781987,-0
0.281028631249058,-0
0.281212664129503,-0
0.281412511449753,-0
0.281619192262271,-0
0.281777849430236,-0
0.281936506598201,-0
0.282016018412999,-0
0.282095530227798,-0
0.282180958123617,-0
0.282386443197078,-0
0.282591342241027,-0
0.282789173352635,-0
0.282996742149147,-0
0.283168969413461,-0
0.283376787938267,-0
0.283563770998491,-0
0.283771408131902,-0
0.283975195805209,-0
0.284149303946597,-0
0.284357058948984,-0
0.284561953535907,-0
0.284767498150755,-0
0.284936552798215,-0
0.285144452892777,-0
0.285350138942139,-0
0.285554183391517,-0
0.285760043698346,-0
0.28592877432162,-0
0.286136876626659,-0
0.286343446453069,-0
0.286548135004367,-0
0.28675354790043,-0
0.28695848271313,-0
0.28713382998602,-0
0.287279673549819,-0
0.287487831348819,-0
0.287692731070281,-0
0.287900193485981,-0
0.288091445677829,-0
0.288254513507258,-0
0.288463276440676,-0
0.288670568918157,-0
0.288877372049014,-0
0.289083533044929,-0
0.289289834998758,-0
0.289497318383895,-0
0.289705895317919,-0
0.289910203408198,-0
0.29,-0
0.290210132901186,-0
0.29041783955982,-0
0.290626457654855,-0
0.290834970816141,-0
0.290866242287242,-0
0.290884743532033,-0
0.290903244776824,-0
0.290995751000781,-0
0.291052004527702,-0
0.291072447814497,-0
0.291083369232828,-0
0.291090717453603,-0
0.291098065674379,-0
0.291106357864907,-0
0.291147818817546,-0
0.291330361841285,-0
0.291496770258989,-0
0.291681675010097,-0
0.291867043409874,-0
0.292053637053273,-0
0.292242371490321,-0
0.292431451909995,-0
0.292607626906518,-0
0.29280058170205,-0
0.292994104344083,-0
0.293188514998999,-0
0.293383486347682,-0
0.293579275626237,-0
0.293776322485873,-0
0.293974818361534,-0
0.294174681533065,-0
0.294375847310216,-0
0.294578246649215,-0
0.294778857094908,-0
0.294974567636017,-0
0.295162522655686,-0
0.29534326968722,-0
0.295549375591691,-0
0.295755782097731,-0
0.295963203541423,-0
0.296171400444222,-0
0.296380348148924,-0
0.296590055778907,-0
0.296800538370921,-0
0.297011794217046,-0
0.297223839877398,-0
0.297436691497204,-0
0.297650368892633,-0
0.297864949131954,-0
0.29808041745024,-0
0.298296744618674,-0
0.298514000283539,-0
0.298732329992284,-0
0.298951126361227,-0
0.299170231891174,-0
0.299390118765544,-0
0.299610314152497,-0
0.29983099717532,-0
0.3,-0
0.300223439050154,-0
0.300405908829966,-0
0.300629537515859,-0
0.300853057415532,-0
0.301078263911062,-0
0.301304106237172,-0
0.301530368008411,-0
0.301757038490354,-0
0.301984558287611,-0
0.302211636397253,-0
0.302418097325183,-0
0.302620125734205,-0
0.302851515953883,-0
0.303082415791258,-0
0.303313914981997,-0
0.303546263816003,-0
0.303778145377321,-0
0.30401179980175,-0
0.304245790036373,-0
0.304480688099655,-0
0.304716046005564,-0
0.304952055193236,-0
0.30518941928682,-0
0.305423507412708,-0
0.305491829085761,-0
0.305516338568634,-0
0.305540848051507,-0
0.305569169403894,-0
0.305597490756281,-0
0.305739097518216,-0
0.305754247217126,-0
0.305760200105051,-0
0.305766152992975,-0
0.305795917432596,-0
0.305944739630701,-0
0.30613045733074,-0
0.306318020226459,-0
0.306507821664166,-0
0.306699698085994,-0
0.306893623913625,-0
0.307089601601212,-0
0.307287641393033,-0
0.307487755578838,-0
0.307689958003393,-0
0.307894264072563,-0
0.308100689992555,-0
0.308309253752681,-0
0.308519974998126,-0
0.308732875900403,-0
0.308947980996146,-0
0.309165317853477,-0
0.309384917595206,-0
0.309606815125929,-0
0.309831050332081,-0
0.31,-0
0.310229432628227,-0
0.310459993755276,-0
0.310693415848045,-0
0.31092950711604,-0
0.311168305687882,-0
0.311409891085188,-0
0.311654364597511,-0
0.311901845657942,-0
0.312152472554016,-0
0.312406403876965,-0
0.312663823562438,-0
0.31292494555175,-0
0.313190020935342,-0
0.313459346959777,-0
0.313733278165895,-0
0.314012243712394,-0
0.314296770951706,-0
0.314587519645366,-0
0.314885334117694,-0
0.315191328126446,-0
0.31550702443311,-0
0.315834614729624,-0
0.316177487287887,-0
0.316541477957548,-0
0.316938685766405,-0
0.317407193093613,-0
0.317823970527437,-0
0.318240747961261,-0
0.318607371204709,-0
0.31894874176712,-0
0.31927236252429,-0
0.319584268212525,-0
0.319887607027339,-0
0.32,-0
0.320292936623763,-0
0.320575908954411,-0
0.320860254872803,-0
0.321141764326874,-0
0.321420102017506,-0
0.321695280047146,-0
0.321967500371279,-0
0.321980310668123,-0
0.321984133026181,-0
0.321987955384238,-0
0.321992203802501,-0
0.322013445893817,-0
0.322119656350395,-0
0.322175672149456,-0
0.322201892514995,-0
0.322228112880533,-0
0.322250425361925,-0
0.322361987768884,-0
0.322528807938283,-0
0.322696711857788,-0
0.322866582424455,-0
0.323038320181791,-0
0.323211924531992,-0
0.323387411913681,-0
0.323564803576574,-0
0.323744122056547,-0
0.323925390763192,-0
0.324108633731755,-0
0.324293875821829,-0
0.324481142658182,-0
0.324670460897895,-0
0.324861858838545,-0
0.325055366199994,-0
0.325251015146195,-0
0.325448839959394,-0
0.325648878033846,-0
0.325851170069085,-0
0.326055761197846,-0
0.326262701451102,-0
0.326472046456957,-0
0.326683858959582,-0
0.32689820931358,-0
0.327115177493636,-0
0.327334854545655,-0
0.327557344607971,-0
0.327782767722057,-0
0.328011262098222,-0
0.328242989102745,-0
0.328478136468184,-0
0.328716926914196,-0
0.328959623954093,-0
0.329206544822803,-0
0.329458074639571,-0
0.329714689232985,-0
0.33,-0
0.330268564862559,-0
0.330545282812786,-0
0.330831169154764,-0
0.331128182331449,-0
0.33143955516088,-0
0.331771005519073,-0
0.332134820875217,-0
0.332573739992803,-0
0.33294352171614,-0
0.333313303439477,-0
0.333639472712417,-0
0.33394461776211,-0
0.334234894126668,-0
0.334515269160529,-0
0.334788335280747,-0
0.335055665551349,-0
0.335318264939317,-0
0.335576830918283,-0
0.335831879297616,-0
0.336083810857012,-0
0.336332947637365,-0
0.336579556667364,-0
0.336823862110665,-0
0.33706605605864,-0
0.337306305196396,-0
0.337544755261534,-0
0.337781535166578,-0
0.338016758919332,-0
0.33825052934623,-0
0.338482938926263,-0
0.338714071699734,-0
0.338944003782277,-0
0.339172805219171,-0
0.339400540018884,-0
0.339627267328759,-0
0.339853041868906,-0
0.34,-0
0.340224500861317,-0
0.340446464990289,-0
0.340669009375375,-0
0.340891066023201,-0
0.341112484268901,-0
0.341333232814912,-0
0.341553327624138,-0
0.341772796198927,-0
0.341991668409846,-0
0.342209973958839,-0
0.342427740693593,-0
0.342644995088711,-0
0.342861762276353,-0
0.343078066136234,-0
0.343293929496044,-0
0.343509373742835,-0
0.343724419390757,-0
0.343939085963871,-0
0.344153392078999,-0
0.344367355597398,-0
0.344580993753414,-0
0.344794322562527,-0
0.345007358105808,-0
0.345220115273313,-0
0.345432608491389,-0
0.345644851692532,-0
0.345856858468416,-0
0.346068641740521,-0
0.346280213752483,-0
0.346491586739011,-0
0.34670277228455,-0
0.346913781446105,-0
0.347124625425655,-0
0.347335314717479,-0
0.347545859399918,-0
0.347756269467395,-0
0.347966554498295,-0
0.348176723727433,-0
0.348386786288545,-0
0.348596750901827,-0
0.348806626150255,-0
0.34901642029312,-0
0.349226141338324,-0
0.349435797313651,-0
0.349645395802662,-0
0.349854944287602,-0
0.35,-0
0.350209808619016,-0
0.350418335568044,-0
0.350627656901806,-0
0.350837118700078,-0
0.351046610853744,-0
0.351256102369433,-0
0.351465589879899,-0
0.35167507726308,-0
0.351884570289581,-0
0.352094075481794,-0
0.352303599047531,-0
0.352513146983199,-0
0.352722725312278,-0
0.352932339933573,-0
0.353141996385465,-0
0.353351700241559,-0
0.353561457017387,-0
0.353771271770088,-0
0.353981149657553,-0
0.354191095635564,-0
0.35440111463483,-0
0.354611211200363,-0
0.354821390146248,-0
0.35503165591592,-0
0.355242013145552,-0
0.355452465941959,-0
0.355663018596984,-0
0.355873675336555,-0
0.356084440249298,-0
0.356295317394619,-0
0.356506310540245,-0
0.356717423701221,-0
0.356774797393224,-0
0.35679589248073,-0
0.356816987568236,-0
0.35682294337798,-0
0.356828899187723,-0
0.356836007981642,-0
0.356871551951235,-0
0.357049271799203,-0
0.35706267018959,-0
0.357071284999741,-0
0.357079899809892,-0
0.357122973860647,-0
0.357295416392692,-0
0.357467824013526,-0
0.357642216427717,-0
0.357818122465737,-0
0.357995439180964,-0
0.358174129942959,-0
0.358354175571452,-0
0.358535560885026,-0
0.358718271712006,-0
0.358902293612956,-0
0.359087612185802,-0
0.359274212875595,-0
0.359462080659909,-0
0.359651200912798,-0
0.359841558962896,-0
0.36,-0
0.360192940107557,-0
0.360386504372095,-0
0.360581444313011,-0
0.360777592038838,-0
0.36097490704611,-0
0.361173369025905,-0
0.361372964387264,-0
0.361573681053142,-0
0.361775508463343,-0
0.361978436545247,-0
0.362182456179389,-0
0.362387558776941,-0
0.362593736211999,-0
0.362800981299002,-0
0.36300928746979,-0
0.363218648889904,-0
0.36342906040014,-0
0.363640517358996,-0
0.363853016114016,-0
0.364066553434044,-0
0.364281126866452,-0
0.364496734781951,-0
0.364713375839363,-0
0.364931049447035,-0
0.365149755756013,-0
0.36536949549251,-0
0.365590269704615,-0
0.365812080525499,-0
0.366034930549491,-0
0.366258822605748,-0
0.366483760165989,-0
0.366709747528229,-0
0.366936789308515,-0
0.367164890517166,-0
0.367394057081058,-0
0.367624295239729,-0
0.367855611648106,-0
0.36808801381889,-0
0.368321509252351,-0
0.368556106150681,-0
0.368791813470422,-0
0.369028640613836,-0
0.369266597328992,-0
0.369505694026613,-0
0.3697459413914,-0
0.37,-0
0.370242508024249,-0
0.370486469564471,-0
0.370731513989581,-0
0.370977750575536,-0
0.371225209820007,-0
0.371473911712943,-0
0.371723873132967,-0
0.371975110767113,-0
0.372227641681913,-0
0.372481483292948,-0
0.372736654419827,-0
0.37299317430036,-0
0.373251062717944,-0
0.37351034091018,-0
0.373771030948977,-0
0.374033155456699,-0
0.374296738894497,-0
0.37456180593464,-0
0.374828383306434,-0
0.375096498548051,-0
0.375366180646524,-0
0.375637460297196,-0
0.375910369229915,-0
0.376184941478247,-0
0.376461212199085,-0
0.376739219277027,-0
0.377019001983144,-0
0.377300602178424,-0
0.377584065109671,-0
0.37786943668742,-0
0.378156767472422,-0
0.378446110902164,-0
0.378737523882404,-0
0.379031066748703,-0
0.379326804861021,-0
0.379624807731555,-0
0.379925150210872,-0
0.38,-0
0.38030713038809,-0
0.380610685339321,-0
0.380919021361419,-0
0.381230492340181,-0
0.381544926087074,-0
0.381862354555546,-0
0.382182890321993,-0
0.382506679826254,-0
0.382833892445836,-0
0.38316471862623,-0
0.383499372540208,-0
0.383838095414455,-0
0.384181162648009,-0
0.384528888271024,-0
0.384881637578392,-0
0.385239835955811,-0
0.385603987028465,-0
0.385974695258894,-0
0.386352698589858,-0
0.386738914361213,-0
0.387134512812513,-0
0.387541033639847,-0
0.387960579645685,-0
0.388396183059953,-0
0.388852543147998,-0
0.389337813953164,-0
0.389869166721308,-0
0.39,-0
0.390654166393461,-0
0.391180995237427,-0
0.391630863790291,-0
0.391630863790294,-0
0.392043657171407,-0
0.39245645055252,-0
0.392880467874533,-0
0.39329779198889,-0
0.393706272890942,-0
0.394105767131564,-0
0.394497329346907,-0
0.394882085525066,-0
0.395261011218913,-0
0.395634891432001,-0
0.395687614500923,-0
0.395740337569846,-0
0.395786584970987,-0
0.395832832372128,-0
0.395884922608707,-0
0.395907100184388,-0
0.395913882433767,-0
0.395920664683146,-0
0.395954575930042,-0
0.39612413216452,-0
0.396176713366481,-0
0.396183226853711,-0
0.39618974034094,-0
0.396196429728815,-0
0.396229876668188,-0
0.396397111365055,-0
0.396591040119823,-0
0.396787009038794,-0
0.396985432289144,-0
0.397186315216125,-0
0.397389704293896,-0
0.397595655806416,-0
0.397804231158643,-0
0.398015495741441,-0
0.39822951985851,-0
0.398446378432184,-0
0.398666152487923,-0
0.398888929948557,-0
0.3991148067322,-0
0.399343888051781,-0
0.399576290081163,-0
0.399812142327643,-0
0.4,0
0.400243547067531,0
0.400489806169232,0
0.400740229539801,0
0.400995014642848,0
0.401254442678593,0
0.401518850234953,0
0.401788643285613,0
0.402064317926307,0
0.402346492118404,0
0.402635952328234,0
0.402933727600334,0
0.403241214590084,0
0.403560396600565,0
0.403894281899632,0
0.404247890683902,0
0.404631058984666,0
0.405070490806901,0
0.405608550814574,0
0.406043323389732,0
0.406420790872938,0
0.4067622854582,0
0.407084792669527,0
0.407395544637551,0
0.407698198470541,0
0.40799467220801,0
0.408286104649377,0
0.408573248512703,0
0.408856648219484,0
0.409136722923262,0
0.409413808845941,0
0.409688184465548,0
0.409960084342656,0
0.41,0
0.41019957828672,0
0.410461752809221,0
0.410725116776436,0
0.410989081836865,0
0.411251899396082,0
0.41151322646806,0
0.411773019701543,0
0.412031335723062,0
0.412288254798784,0
0.412543858662904,0
0.412798223663119,0
0.413051421233347,0
0.413303516642186,0
0.4135545694593,0
0.413804635469183,0
0.414053765873815,0
0.414302008117791,0
0.41454940700951,0
0.414796003718568,0
0.415041837172076,0
0.415286943388608,0
0.4155313570842,0
0.415775110627263,0
0.41601823431299,0
0.41626075705809,0
0.416502706322421,0
0.416744107968144,0
0.416984986780245,0
0.417225366340467,0
0.417465269260048,0
0.417704716587118,0
0.41794372899201,0
0.418182326138781,0
0.418420526552132,0
0.418658348487502,0
0.418895809072745,0
0.419132924869997,0
0.419369712068169,0
0.419606185740722,0
0.419842360749872,0
0.42,0
0.420236059259227,0
0.420470272064056,0
0.420705333067238,0
0.420940367539262,0
0.421175233582572,0
0.421409892509635,0
0.42164434238537,0
0.421878591439044,0
0.422112650387676,0
0.422346530247796,0
0.422580242175578,0
0.422813796576692,0
0.423047204259712,0
0.423280474534249,0
0.423513617347621,0
0.423746641904092,0
0.423979557321014,0
0.424212372233784,0
0.424445095119886,0
0.424677733919958,0
0.424910296845127,0
0.425142791256864,0
0.42537522512865,0
0.425607605357093,0
0.425839939221255,0
0.42607223361906,0
0.426304495440883,0
0.426536730901979,0
0.426768946543266,0
0.427001148512109,0
0.427233343117121,0
0.427465536101285,0
0.427697733386167,0
0.427929940350544,0
0.428162162641944,0
0.428394405677728,0
0.428626674762781,0
0.428858975108668,0
0.429091311602979,0
0.429323689335721,0
0.429556113216732,0
0.429788587685994,0
0.43,0
0.430232698547761,0
0.430465061844334,0
0.430697747571527,0
0.430930554181973,0
0.431163450073376,0
0.431396428189381,0
0.431629489643214,0
0.431862637410294,0
0.432095875597893,0
0.432329208189154,0
0.432562639226368,0
0.432796172180472,0
0.433029810884679,0
0.433263559226614,0
0.433497420618965,0
0.433731398584824,0
0.433965496705951,0
0.434199718117982,0
0.434434066364001,0
0.434668544454427,0
0.434903155635197,0
0.435137903138512,0
0.435372789878718,0
0.435607819014322,0
0.435842993602338,0
0.43607831600372,0
0.436313789465187,0
0.436549416856172,0
0.436785200707715,0
0.437021143747113,0
0.437257248655807,0
0.437493518161358,0
0.437729954653054,0
0.437966560563179,0
0.438203338454295,0
0.438440290834454,0
0.438677420037066,0
0.438914728278741,0
0.439152217948581,0
0.439389891448896,0
0.43962775093156,0
0.439865798511428,0
0.44,0
0.440238941726408,0
0.440444406142168,0
0.440652136602112,0
0.440861168455646,0
0.441071570944587,0
0.441283333105721,0
0.441496434558202,0
0.441710851901967,0
0.441926560725585,0
0.44214353640666,0
0.442361754251485,0
0.442581189587639,0
0.442801818089859,0
0.443023615466166,0
0.44324655770827,0
0.443470621544031,0
0.443695783930134,0
0.443922022560289,0
0.444149315629422,0
0.444377641898273,0
0.444606980435757,0
0.444837311509211,0
0.445068616011563,0
0.445300875393176,0
0.445534071658075,0
0.445768187703729,0
0.446003207190992,0
0.446239114448756,0
0.446475894124395,0
0.446713532132363,0
0.446952014625647,0
0.447191328469053,0
0.447431461265831,0
0.447672401075392,0
0.447914136273215,0
0.448156656411096,0
0.448399951234467,0
0.448644010694755,0
0.448888825545424,0
0.449134386819556,0
0.449380686153001,0
0.449627715111737,0
0.449875466216832,0
0.45,0
0.450249807057718,0
0.450498029707117,0
0.450748088850739,0
0.450999061365081,0
0.451250776986979,0
0.451503180979788,0
0.451756254584932,0
0.452009989080769,0
0.452264378398836,0
0.4525194175963,0
0.452775102088963,0
0.453031426865766,0
0.45328838762081,0
0.453545979807426,0
0.453804199572174,0
0.454063042197255,0
0.454322503664508,0
0.454582579702406,0
0.454843265935533,0
0.455104558024487,0
0.455366452150688,0
0.455628944231006,0
0.455892029825462,0
0.456155704770493,0
0.456419965113232,0
0.456684806452648,0
0.456950224599123,0
0.457216215191686,0
0.457482774176383,0
0.457749897151819,0
0.458017579922749,0
0.45828581795907,0
0.458554606937378,0
0.458823942652196,0
0.459093820360986,0
0.459364235496962,0
0.459635184031448,0
0.459906661092065,0
0.46,0
0.460273539456919,0
0.460544038587724,0
0.460816967303806,0
0.461090777777686,0
0.461365192504778,0
0.461640122047151,0
0.461915538562991,0
0.462191431953788,0
0.462467796011535,0
0.462744626927505,0
0.463021920178494,0
0.463299671458063,0
0.463577877039691,0
0.463856532261226,0
0.464135633181837,0
0.464415174860841,0
0.464695153225248,0
0.46497556344279,0
0.465256401197509,0
0.465537661455128,0
0.465819339962383,0
0.466101431725861,0
0.466383931929938,0
0.466666835626332,0
0.466950138272101,0
0.467233834599458,0
0.467517920091407,0
0.467802389855226,0
0.468087238731301,0
0.468372461999182,0
0.468658054442775,0
0.468944011264614,0
0.469230327459253,0
0.46951699825743,0
0.469804018572228,0
0.47,0
0.470288245201146,0
0.470574937825383,0
0.470863061904768,0
0.471151721976351,0
0.471440760286029,0
0.471730122946727,0
0.472019791985794,0
0.472309759619663,0
0.47260002026958,0
0.472890570075752,0
0.47318140492174,0
0.473472520469443,0
0.473763912671477,0
0.47405557766855,0
0.474347511255965,0
0.474639709310713,0
0.474932167648138,0
0.475224882348791,0
0.475517849208478,0
0.475811064218462,0
0.476104523255872,0
0.476398222230293,0
0.476692157457332,0
0.476986324658523,0
0.477280720175703,0
0.477575339868733,0
0.4778701796713,0
0.478165235698129,0
0.478460504473619,0
0.478755982124479,0
0.479051665010666,0
0.479347549155632,0
0.479643631083157,0
0.479939906913636,0
0.48,0
0.480298069110774,0
0.480591376451434,0
0.480887807867614,0
0.481184992366511,0
0.481482511679153,0
0.481780227022,0
0.482078098795671,0
0.482376115283982,0
0.482674272233446,0
0.482972567466915,0
0.483270998977169,0
0.483569565848602,0
0.483868265999781,0
0.484167098153511,0
0.484466060378438,0
0.484765151149115,0
0.485064368643372,0
0.485363711112073,0
0.485663176284965,0
0.48596276264283,0
0.486262468275022,0
0.486562290850144,0
0.486862229047981,0
0.487162280425243,0
0.487462443130613,0
0.487762715158842,0
0.488063094643238,0
0.488363579345898,0
0.488664167517352,0
0.488799023709419,0
0.488933879901486,0
0.48915981574292,0
0.489385751584354,0
0.489580452099007,0
0.489880100191797,0
0.49,0
0.490301666990518,0
0.490599979437096,0
0.490900798303303,0
0.491202184333192,0
0.491503790890145,0
0.491805504812326,0
0.492107294479439,0
0.492409151244515,0
0.492711072663877,0
0.49301305858413,0
0.493315108732972,0
0.493617222747659,0
0.493919400987034,0
0.494221642995838,0
0.494523948248542,0
0.494826316352132,0
0.495128747120391,0
0.495431239731932,0
0.495733793537691,0
0.496036407824062,0
0.496339081981106,0
0.496641815342515,0
0.496944606856562,0
0.497247455896496,0
0.497550361634712,0
0.497853322951831,0
0.498156339156932,0
0.498459409341903,0
0.498762532455439,0
0.499065707527555,0
0.499368933715614,0
0.499672210132706,0
0.5,0
0.500303221933635,0
0.500607012732229,0
0.500910518990333,0
0.501214009559311,0
0.501517528352692,0
0.501821089131609,0
0.502124694841198,0
0.502428345575049,0
0.502732040543633,0
0.503035778518341,0
0.503339558556484,0
0.503643379525535,0
0.503947240271785,0
0.504251139792384,0
0.504555077048262,0
0.504859051086184,0
0.505163060841518,0
0.505467105444825,0
0.505771184238915,0
0.506075296299289,0
0.506379440584626,0
0.506683616341053,0
0.506987822910874,0
0.507292059325375,0
0.507596324782506,0
0.507900618923083,0
0.508204940566786,0
0.508509289049218,0
0.508813663834085,0
0.509118064122246,0
0.509422489334512,0
0.509726938838957,0
0.51,0
0.510304692613109,0
0.510608736424623,0
0.510913226548525,0
0.51121781708811,0
0.511522449481213,0
0.511827104278615,0
0.512131776166861,0
0.51243646320599,0
0.512741165018523,0
0.513045880945816,0
0.513350611056962,0
0.513655355215247,0
0.513960113215016,0
0.514264884844925,0
0.51456966977636,0
0.514874468122343,0
0.515179279365236,0
0.515484103257852,0
0.515788939515055,0
0.51609378785369,0
0.516398648283665,0
0.516703520492138,0
0.517008404068829,0
0.517313298998053,0
0.517618204709818,0
0.517923120989814,0
0.5182280475174,0
0.518532984208857,0
0.518837930688451,0
0.519142886877722,0
0.519447852317686,0
0.519752826650629,0
0.52,0
0.520305354987112,0
0.520609481597753,0
0.520914397016535,0
0.521219466474974,0
0.521524582924958,0
0.521829711243451,0
0.522134841760631,0
0.522439971879579,0
0.522745101452415,0
0.523050230723167,0
0.523355360281067,0
0.52366049007789,0
0.523965620252026,0
0.524270751349998,0
0.524575883544003,0
0.524881017183057,0
0.525186152033925,0
0.525491288347206,0
0.525796426396955,0
0.526101566191481,0
0.526406707898934,0
0.526711851297219,0
0.527016996697945,0
0.527322143841285,0
0.527627292782237,0
0.527932443871487,0
0.528237596620585,0
0.528542751312343,0
0.528847907628788,0
0.529153065858247,0
0.529458225717636,0
0.529763387143951,0
0.53,0
0.530305596345524,0
0.530609726171744,0
0.530914783451805,0
0.531220015357839,0
0.531525295693577,0
0.531830582263714,0
0.532135863947189,0
0.532441138248369,0
0.532746404927943,0
0.533051664396153,0
0.533356916956542,0
0.533662163561928,0
0.533967404391288,0
0.534272640224138,0
0.534577871105857,0
0.534883097677782,0
0.535188320351586,0
0.535493538999597,0
0.535798754301187,0
0.536103966221825,0
0.536409175196823,0
0.536714381136291,0
0.537019584381433,0
0.537324784871911,0
0.537629983261914,0
0.537935178987898,0
0.538240372561393,0
0.538545563912687,0
0.538850753050336,0
0.539155940146605,0
0.539461125280249,0
0.539766308189107,0
0.54,0
0.540305629559677,0
0.540609725642246,0
0.54091478640118,0
0.541220026573215,0
0.541525313687044,0
0.541830604260846,0
0.542135886818983,0
0.542441158561506,0
0.542568870726763,0
0.542696582892019,0
0.542723247765349,0
0.542743606701479,0
0.54276396563761,0
0.54278809655366,0
0.542908751133912,0
0.54301573955836,0
0.543034374262143,0
0.543045729159819,0
0.543057084057494,0
0.54306973019228,0
0.54313296086621,0
0.543433303347428,0
0.54373329442872,0
0.544038835373808,0
0.544353576627067,0
0.544679656094766,0
0.545019464731991,0
0.54537647841251,0
0.545756466587041,0
0.546170785023256,0
0.546651029697691,0
0.547118499920383,0
0.547585970143074,0
0.547995840449506,0
0.548376891130611,0
0.548739070721953,0
0.549089373228329,0
0.549431378444175,0
0.549767158738468,0
0.55,0
0.55032740537993,0
0.550649218857158,0
0.550970134616189,0
0.551288749568558,0
0.551605085641578,0
0.551919296555858,0
0.552231572797546,0
0.552542093747424,0
0.552851017242936,0
0.55315848111964,0
0.553464605452953,0
0.553769495269636,0
0.554073243292274,0
0.55437593119962,0
0.554677632072977,0
0.554978411367129,0
0.555278327966002,0
0.555577434865342,0
0.55587578023229,0
0.556173408179492,0
0.556470358805845,0
0.556766669163739,0
0.5570623730738,0
0.557357502102858,0
0.557652085274778,0
0.557946149598695,0
0.55823972027897,0
0.558532821017946,0
0.558825473821856,0
0.55911769959076,0
0.559409517922654,0
0.559700947007049,0
0.56,0
0.560290658413276,0
0.560581135090091,0
0.560871178099088,0
0.561160890824453,0
0.561450302064068,0
0.561739429842859,0
0.562028287635731,0
0.562316887866931,0
0.562605242101508,0
0.562893361183926,0
0.563181255721625,0
0.563468936069626,0
0.563756411975203,0
0.564043692805402,0
0.564330787908524,0
0.564617706404807,0
0.564904456790985,0
0.5651910472518,0
0.565477486334802,0
0.565763781846768,0
0.566049941535109,0
0.566335972793214,0
0.566621882800939,0
0.56690767876704,0
0.567193367765672,0
0.56747895656785,0
0.567764451644464,0
0.568049859587018,0
0.568335186549646,0
0.568620438723469,0
0.56890562227896,0
0.569190742993736,0
0.569475806521034,0
0.569760818448775,0
0.57,0
0.570285161946035,0
0.570569434043433,0
0.57085422576711,0
0.571139096788866,0
0.57142397456023,0
0.571708839991086,0
0.571993691463877,0
0.572278532124757,0
0.572563366651501,0
0.572848199727205,0
0.573133036078092,0
0.573417880262721,0
0.573702736880689,0
0.573987610604767,0
0.574272505787316,0
0.574557426662477,0
0.574842377501429,0
0.575127362021252,0
0.575412384624616,0
0.575697449141603,0
0.57598255939973,0
0.57626771928815,0
0.576552932583574,0
0.576838202596666,0
0.577123533215617,0
0.577408927921224,0
0.577694390044149,0
0.577979923055974,0
0.578265530284707,0
0.578551215073762,0
0.578836980416305,0
0.579122829410008,0
0.57940876544126,0
0.579694791559906,0
0.58,0
0.580286121196335,0
0.580572683740755,0
0.580859133661936,0
0.581145647673813,0
0.581432258739534,0
0.581718978649282,0
0.582005812506075,0
0.582292763515849,0
0.582579834464746,0
0.582867027764095,0
0.583154346035796,0
0.583441791325192,0
0.583729366265193,0
0.584017072983833,0
0.584304913795328,0
0.584592891083716,0
0.58488100707443,0
0.585169264009466,0
0.585457663967956,0
0.585746209287583,0
0.586034902052969,0
0.586323744392639,0
0.58661273848981,0
0.58690188638614,0
0.58719119009017,0
0.587480651468069,0
0.587770272943766,0
0.588060056168654,0
0.588350003295363,0
0.588640116191732,0
0.588930396814321,0
0.589220847014048,0
0.589511468662213,0
0.589802263548976,0
0.59,0
0.590291591278161,0
0.590581740218993,0
0.59087304467122,0
0.59116471993046,0
0.591456628230912,0
0.591748729095464,0
0.59204101357757,0
0.592333480642864,0
0.592626131753121,0
0.592918968857794,0
0.593211994067462,0
0.593505209181313,0
0.593798616343303,0
0.594092217712037,0
0.594386014841673,0
0.594680009954477,0
0.594974204705866,0
0.595268600853764,0
0.595563200400684,0
0.595858004905514,0
0.59615301630831,0
0.596448236106257,0
0.596743666132921,0
0.597039308086655,0
0.597335163399253,0
0.597631233633569,0
0.597927520655058,0
0.598224025879796,0
0.598520750662719,0
0.598817696879971,0
0.599114865788558,0
0.59941225896967,0
0.599709877729432,0
0.6,-0
0.600298110216578,-0
0.600596320206639,-0
0.600894839551751,-0
0.60119360687871,-0
0.601492612172271,-0
0.601791853646169,-0
0.602091332122786,-0
0.602391048497101,-0
0.602691004152319,-0
0.602748202124196,-0
0.602805400096074,-0
0.602837331644968,-0
0.602849811898189,-0
0.602862292151409,-0
0.602866179914176,-0
0.602870067676942,-0
0.602874814491467,-0
0.602898548564091,-0
0.603017218927212,-0
0.60307037704223,-0
0.603123535157249,-0
0.603140136177554,-0
0.60314962365311,-0
0.603159111128665,-0
0.603167746076281,-0
0.603210920814363,-0
0.603426794504768,-0
0.6036499009201,-0
0.60387506631864,-0
0.60410208966966,-0
0.604330905939581,-0
0.604561503559353,-0
0.604793883727715,-0
0.605028050073191,-0
0.605264006454095,-0
0.605501756497922,-0
0.605741303283595,-0
0.605982649225593,-0
0.606225796487385,-0
0.60647074654105,-0
0.606717500211328,-0
0.606966058114325,-0
0.607216420182069,-0
0.607468585890597,-0
0.607722553991068,-0
0.607978322936565,-0
0.60823589048418,-0
0.608495254093645,-0
0.608756410688347,-0
0.609019356472239,-0
0.609284087211901,-0
0.609550598313229,-0
0.609818884387258,-0
0.61,-0
0.610272211151626,-0
0.610544762795384,-0
0.610819454335143,-0
0.611095964048878,-0
0.61137422744096,-0
0.611654220493651,-0
0.611935929544409,-0
0.612219343597453,-0
0.612504451391876,-0
0.612791241089876,-0
0.61307970055278,-0
0.613369817044968,-0
0.613661576854635,-0
0.613954965913261,-0
0.614249969224158,-0
0.614546571199627,-0
0.614844755549925,-0
0.615144505633102,-0
0.615445803669172,-0
0.615748631172849,-0
0.61605296943252,-0
0.616358798730196,-0
0.616666098687696,-0
0.616974848609113,-0
0.617285026661864,-0
0.617596610901091,-0
0.617909578370934,-0
0.618223906070228,-0
0.618539570081102,-0
0.618856545954179,-0
0.619174809151408,-0
0.619494334746875,-0
0.619815096798473,-0
0.62,-0
0.620323935205878,-0
0.620646416452514,-0
0.620971211962965,-0
0.621297349389586,-0
0.621624637734736,-0
0.621953001136989,-0
0.622282399722524,-0
0.622612803807168,-0
0.622944185540445,-0
0.623276519110085,-0
0.623609778194906,-0
0.623943937550205,-0
0.624278972177575,-0
0.62461485677847,-0
0.624951567268896,-0
0.625289079987828,-0
0.625627371796992,-0
0.625966420031606,-0
0.626306202732993,-0
0.626646698929903,-0
0.626987888136584,-0
0.627329750538736,-0
0.627672267692696,-0
0.628015421419481,-0
0.628359194988384,-0
0.628703571806186,-0
0.62904853717008,-0
0.629394076636257,-0
0.629740177006977,-0
0.63,-0
0.630347758298589,-0
0.630694405459461,-0
0.631042400040157,-0
0.631391065158672,-0
0.631740277212984,-0
0.632089994993929,-0
0.632440204651086,-0
0.632790899998359,-0
0.633142077728235,-0
0.63349373656544,-0
0.633845876688022,-0
0.634198498992534,-0
0.634551605663258,-0
0.634905200403755,-0
0.635259287836704,-0
0.635613873853411,-0
0.635968965458326,-0
0.636324571390896,-0
0.636680701360655,-0
0.637037366315927,-0
0.637394578599093,-0
0.637752351876749,-0
0.638110701269724,-0
0.638469643768489,-0
0.638829197195583,-0
0.639189381709929,-0
0.639550218728691,-0
0.639911730789867,-0
0.64,0
0.640365092979084,0
0.640726481643375,0
0.641090160517021,0
0.641454930463333,0
0.641820599336614,0
0.642187141955815,0
0.642554581899796,0
0.642922956955632,0
0.643292310344895,0
0.64366268970476,0
0.644034146402231,0
0.644406734744337,0
0.644780513292593,0
0.645155544938565,0
0.645531896843588,0
0.645909641755087,0
0.646288857677539,0
0.64666962946997,0
0.647052048480674,0
0.64743621400513,0
0.647822234188038,0
0.648210226192735,0
0.64860031978262,0
0.648992656467379,0
0.649387392872868,0
0.649784702193002,0
0.65,0
0.650404978417027,0
0.650812237244199,0
0.651220610625921,0
0.651632177446834,0
0.652047687879071,0
0.652467599453257,0
0.65289237666972,0
0.653322560100409,0
0.653758797029555,0
0.654201876282249,0
0.654652777053054,0
0.655112742404917,0
0.655583397443708,0
0.656066941558578,0
0.656566497349249,0
0.657086796229908,0
0.657635718809423,0
0.658228604163745,0
0.658906256129073,0
0.659645527613138,0
0.66,0
0.660568171699797,0
0.661036350447753,0
0.661505725029366,0
0.661952975919142,0
0.662388500102574,0
0.662813364542841,0
0.663229760754901,0
0.663638922850372,0
0.664041796438219,0
0.664439071221885,0
0.664831284539721,0
0.665218867187703,0
0.665602175178093,0
0.665981511376302,0
0.666357136836004,0
0.666729280766821,0
0.667098145681303,0
0.667463913319491,0
0.66782674723107,0
0.66818679588369,0
0.668544194592237,0
0.668899067656911,0
0.669251529310779,0
0.669601685266805,0
0.669949633185643,0
0.67,0
0.670251834071787,0
0.670512206618441,0
0.670776000476536,0
0.671042559146456,0
0.671311643694227,0
0.671583161712161,0
0.671857055524732,0
0.672133272597084,0
0.672411757174376,0
0.672692449161632,0
0.672975283058449,0
0.673260188692435,0
0.673547091509835,0
0.673835912904731,0
0.674126571490788,0
0.674418982993102,0
0.67471306202467,0
0.675008722117434,0
0.675305876536427,0
0.675604439621138,0
0.675904326670734,0
0.676205455345483,0
0.676507746022174,0
0.676811122100725,0
0.67711551111118,0
0.677420844333732,0
0.677727057137794,0
0.678034090230561,0
0.678341888079527,0
0.678650400549746,0
0.678959581994782,0
0.679269391262594,0
0.679579791532472,0
0.679890751182103,0
0.68,0
0.68031355229415,0
0.680621292456884,0
0.680933497038007,0
0.681246897048585,0
0.681560986429071,0
0.681875551760397,0
0.682190529999557,0
0.682505901913686,0
0.682821664715171,0
0.68313782182344,0
0.683454380078078,0
0.683771348284103,0
0.684088736609889,0
0.684406556516858,0
0.68472482116544,0
0.685043544830417,0
0.68536274246479,0
0.685682430480231,0
0.686002625981754,0
0.686323346948844,0
0.686644612354204,0
0.686966442061605,0
0.687288856132963,0
0.687611876323838,0
0.687935524423299,0
0.688259823086634,0
0.688584795997689,0
0.688910467120472,0
0.689236861574359,0
0.689564004868527,0
0.689891923454804,0
0.69,0
0.690331405012745,0
0.690656352482102,0
0.690986630854857,0
0.691318609762283,0
0.691651775575777,0
0.691985929720179,0
0.692321041288456,0
0.692657127195401,0
0.692994221622458,0
0.693332364325192,0
0.693671597210622,0
0.694011963732405,0
0.694353508173119,0
0.694696276062941,0
0.695040314076218,0
0.695385670355078,0
0.695732394778093,0
0.69608053880146,0
0.696430155457438,0
0.696781300594673,0
0.697134032103819,0
0.697488410259296,0
0.697844498625831,0
0.698202363490925,0
0.698562074862821,0
0.698923706259014,0
0.699287335928247,0
0.69965304628292,0
0.7,0
0.700370338872187,0
0.700742207800126,0
0.701117027785529,0
0.701494504697704,0
0.701874709143033,0
0.702257750042844,0
0.702643765517407,0
0.703032912972977,0
0.7034253653832,0
0.703821313981349,0
0.704220971042356,0
0.704624572220477,0
0.705032380161114,0
0.70544469154077,0
0.705861842050632,0
0.706284216826066,0
0.706712259690815,0
0.707146489961006,0
0.707587520693941,0
0.708036088870881,0
0.708493092753663,0
0.70895965369349,0
0.709437206684342,0
0.709927645902835,0
0.71,0
0.710361770485823,0
0.710878829250781,0
0.711419156293942,0
0.712002039603086,0
0.712644373518877,0
0.713387342517585,0
0.714020968137365,0
0.714654593757146,0
0.715232782144591,0
0.715775948160548,0
0.716294558672497,0
0.716795286521968,0
0.717282270203978,0
0.717758228536933,0
0.718225042051227,0
0.718684078971887,0
0.719136373331464,0
0.719582736038386,0
0.72,0
0.720436655146972,0
0.720868319695571,0
0.721296651639176,0
0.721721462990624,0
0.722142966057543,0
0.722561380652352,0
0.722976922206581,0
0.72338978586207,0
0.723800148107106,0
0.724208167824012,0
0.724613988435766,0
0.725017739586941,0
0.725419538814967,0
0.725819494183583,0
0.726217704236777,0
0.726614260140451,0
0.727009245258106,0
0.72740273689311,0
0.727794806965989,0
0.728185522135537,0
0.728574944051489,0
0.728963131394694,0
0.729350138330379,0
0.729736015910858,0
0.73,0
0.730385144600467,0
0.73076547144808,0
0.731147511857634,0
0.731529053540958,0
0.731909806224702,0
0.732289671956343,0
0.732668654080829,0
0.733046781851382,0
0.733424091097461,0
0.73380061672971,0
0.734176393239781,0
0.734551451501375,0
0.734925820751406,0
0.735299527537023,0
0.735672597277933,0
0.73604505463487,0
0.736416920782238,0
0.736788217179013,0
0.737158963513587,0
0.737529178787234,0
0.737898879998398,0
0.738268083982316,0
0.738636806771604,0
0.739005063473754,0
0.739372868594126,0
0.739740235828703,0
0.74,0
0.740367712323122,0
0.740731592447078,0
0.741097386793128,0
0.741463171365618,0
0.741828678086618,0
0.742193803746651,0
0.742558531764112,0
0.742922869022961,0
0.743286829124101,0
0.743650426214512,0
0.743787435842779,0
0.743794365735803,0
0.743801295628827,0
0.743813382542197,0
0.743873817109049,0
0.744137234613547,0
0.744204454906921,0
0.744214523204303,0
0.744224591501685,0
0.744274932988596,0
0.744504251478467,0
0.744733235277718,0
0.74496619290991,0
0.745203436915406,0
0.74544523287922,0
0.74569184306439,0
0.745943558810866,0
0.746200716614545,0
0.746463712794656,0
0.746733021931104,0
0.747009223720221,0
0.747293040578302,0
0.747585397104981,0
0.747887515496307,0
0.748201078645754,0
0.748528535685747,0
0.748873737675693,0
0.749243513635098,0
0.749652864491853,0
0.75,0
0.750410362120525,0
0.750820724241051,0
0.751198037381775,0
0.751551871766909,0
0.751888811557862,0
0.752214082721107,0
0.752530816318803,0
0.752840951822797,0
0.75314573498044,0
0.75344601667016,0
0.75374241161246,0
0.754035386027723,0
0.754325307269527,0
0.754612472365465,0
0.754897128029216,0
0.755179482312472,0
0.755459712977332,0
0.755737973863766,0
0.756014399823863,0
0.756289109908136,0
0.756562210323586,0
0.756833795952736,0
0.757103952499037,0
0.757372757589805,0
0.757640282096729,0
0.757906590834106,0
0.758171743697409,0
0.75843579555355,0
0.75869879756441,0
0.75896079693864,0
0.759221838143623,0
0.759481962240755,0
0.759741208113116,0
0.76,0
0.760257592960287,0
0.760514420115583,0
0.760770494657501,0
0.761025851434738,0
0.761280518851915,0
0.7615345233028,0
0.761787889512006,0
0.762040640884994,0
0.762292799738513,0
0.76254438709379,0
0.762795423918496,0
0.763045929133787,0
0.763295921689597,0
0.763545419364981,0
0.76379443928752,0
0.764042997932555,0
0.764291111209426,0
0.764538794201552,0
0.764786061461588,0
0.765032927254555,0
0.765279405071514,0
0.765525507870382,0
0.765771248235805,0
0.766016638873542,0
0.766261690870417,0
0.766506415954451,0
0.766750825025868,0
0.766994928607932,0
0.767238737085116,0
0.767482260458245,0
0.767725508141451,0
0.767968489797407,0
0.768211214211525,0
0.768453690485143,0
0.768695926944349,0
0.768937931877724,0
0.769179713240256,0
0.769421279068396,0
0.769662636621639,0
0.769903793377083,0
0.77,0
0.770241771070704,0
0.770479999222828,0
0.770720273875812,0
0.770960787384348,0
0.771201247025644,0
0.771441556143512,0
0.771681694379308,0
0.771921661841367,0
0.772161464678824,0
0.772401110407201,0
0.772640606650483,0
0.772879960671479,0
0.773119179673107,0
0.773358270147782,0
0.773597238879561,0
0.773836091578414,0
0.77407483442888,0
0.774313472899988,0
0.774552012373474,0
0.774790457771422,0
0.775028814383607,0
0.775267086900419,0
0.775505279921146,0
0.775743397952484,0
0.775981445133893,0
0.77621942571731,0
0.776457343680291,0
0.776695202918344,0
0.776933007525789,0
0.777170760796921,0
0.777408466471921,0
0.777646127913601,0
0.777883748668456,0
0.778121331873056,0
0.778358880552316,0
0.778596398073141,0
0.77883388725344,0
0.779071351124732,0
0.779308792439049,0
0.779546214077403,0
0.779783618629909,0
0.78,0
0.780237517142689,0
0.780474549940734,0
0.780711885062686,0
0.780949270810445,0
0.781186668503804,0
0.781424067097427,0
0.781661464964184,0
0.781898863545086,0
0.782136265006221,0
0.782373671774864,0
0.782611086000409,0
0.782848510221084,0
0.78308594649633,0
0.783323396957867,0
0.783560863620806,0
0.783798348431616,0
0.784035853361044,0
0.784273380137958,0
0.784510930687751,0
0.784748506614514,0
0.784986109766504,0
0.785223741718196,0
0.785461404099443,0
0.785699098392082,0
0.785936826164907,0
0.786174588854477,0
0.786412387810005,0
0.786650224460811,0
0.786888100166901,0
0.787126016110648,0
0.787363973728975,0
0.787601974072524,0
0.787840018617998,0
0.788078108209978,0
0.788316244068311,0
0.788554427494679,0
0.788792659304609,0
0.789030940604163,0
0.789269272552141,0
0.789507655896678,0
0.789746091671464,0
0.79,0
0.790238442799038,0
0.790477286040386,0
0.790715962656418,0
0.790954656619844,0
0.79119339803796,0
0.79143219762546,0
0.791671058224277,0
0.791909981406547,0
0.792148967701066,0
0.792388017461868,0
0.792627131229661,0
0.792866309461399,0
0.793105552755867,0
0.793344861210178,0
0.793584235462275,0
0.793823675972659,0
0.794063182964212,0
0.794302757047877,0
0.794542398442009,0
0.794782107511136,0
0.795021884803015,0
0.795261730517111,0
0.795501645308598,0
0.795741629116649,0
0.795981682616732,0
0.796221805916255,0
0.796461999439444,0
0.796702263548189,0
0.796942598586124,0
0.797183004715127,0
0.797423482162172,0
0.797664031230614,0
0.797904652226792,0
0.798145345342514,0
0.798386110887022,0
0.798626949077414,0
0.798867860071663,0
0.799108843965558,0
0.799349901167651,0
0.799591031620289,0
0.799832235511652,0
0.8,0
0.800241831217235,0
0.800482094442746,0
0.800723464799818,0
0.800965097597663,0
0.801206854428129,0
0.801448689304099,0
0.801690590272789,0
0.801932554943689,0
0.802174583389145,0
0.802416676459798,0
0.802658835355941,0
0.802901060612419,0
0.803143353350296,0
0.803385714342472,0
0.803628144059467,0
0.80387064308428,0
0.804113212146611,0
0.804355851491503,0
0.804598561695842,0
0.804841343120128,0
0.805084196072027,0
0.805327120887628,0
0.80557011786773,0
0.805813187080762,0
0.806056328834933,0
0.806299543109601,0
0.806542830301217,0
0.806786190360054,0
0.807029623384976,0
0.807273129479379,0
0.807516708683233,0
0.807760361075112,0
0.808004086585247,0
0.808247885180968,0
0.808491756803199,0
0.808735701639966,0
0.808979719518249,0
0.809223810317865,0
0.809467974092944,0
0.809712210692817,0
0.809956520006546,0
0.81,0
0.810217399967271,0
0.810458945272866,0
0.810702651115402,0
0.81094734294109,0
0.811192322311593,0
0.811437410685873,0
0.811682557345357,0
0.811927749948011,0
0.812172987147612,0
0.812418270005993,0
0.812663600945623,0
0.812908981535277,0
0.813154414032079,0
0.813399900228175,0
0.813645441454653,0
0.813891039109374,0
0.814136694436629,0
0.814382408493486,0
0.814628182323709,0
0.814874016787488,0
0.815119912616459,0
0.815365870423006,0
0.815611890725047,0
0.815857974109715,0
0.816104121259777,0
0.816350332146085,0
0.816596607155006,0
0.816842946632831,0
0.817089351037168,0
0.817335820201848,0
0.817582354279626,0
0.817828953660359,0
0.818075618307446,0
0.818322348230624,0
0.818569143524281,0
0.818816004013316,0
0.819062930119515,0
0.819309921520496,0
0.819556978196525,0
0.819804100243311,0
0.82,0
0.820247585734633,0
0.820494095250142,0
0.820741392071153,0
0.82098888476792,0
0.821236476639773,0
0.821484135495908,0
0.821731853081641,0
0.821979627312722,0
0.822227458315772,0
0.822475346425096,0
0.82272329213997,0
0.82297129600311,0
0.823219358183644,0
0.823467479250155,0
0.823715659302413,0
0.823963898892502,0
0.824212197984341,0
0.824460556988767,0
0.82470897590726,0
0.824957454907505,0
0.82520599431563,0
0.825454593889781,0
0.82570325372822,0
0.825774775669679,0
0.825799067211539,0
0.825823358753399,0
0.825847168877835,0
0.825966219500012,0
0.82601394632663,0
0.826035387240597,0
0.826056828154565,0
0.826074905759897,0
0.826165293786561,0
0.826399733302015,0
0.826634530447068,0
0.826872208206352,0
0.82711113522092,0
0.827350943643135,0
0.827591495200966,0
0.827832725301493,0
0.828074591104388,0
0.828317056981606,0
0.828560091431548,0
0.828803665189957,0
0.829047750688188,0
0.829292322415192,0
0.829537356763572,0
0.829782831537575,0
0.83,0
0.830246479220168,0
0.830492709676005,0
0.83073967771882,0
0.830987065941845,0
0.831234810953629,0
0.831482883549159,0
0.831731267256604,0
0.831979950074224,0
0.83222892171704,0
0.832478172748427,0
0.832727694608039,0
0.832977479265677,0
0.833227519416824,0
0.833477808160461,0
0.833728339240592,0
0.833979106768729,0
0.834230105159349,0
0.834481329201876,0
0.834732774218039,0
0.834984435875028,0
0.835236309568666,0
0.835488391699459,0
0.835740678330163,0
0.83599316615871,0
0.836245851929323,0
0.836498732111597,0
0.836751803951067,0
0.837005064494287,0
0.837258511103321,0
0.837512141192784,0
0.837765952081661,0
0.838019941525308,0
0.838274107142772,0
0.838528446703447,0
0.83878295797284,0
0.839037638897091,0
0.83929248746796,0
0.839547501614141,0
0.83980267935144,0
0.84,0
0.84025588230978,0
0.840510617148349,0
0.840766315231599,0
0.841022314464197,0
0.841278505443298,0
0.84153485043246,0
0.841791338799426,0
0.842047966566653,0
0.842304732364202,0
0.842561635010163,0
0.842818673421731,0
0.843075846748792,0
0.843333154051698,0
0.843590594280696,0
0.843848166241236,0
0.844105868880587,0
0.844363700824336,0
0.844621661269477,0
0.844879749001717,0
0.845137962478098,0
0.845396300682612,0
0.845654762477196,0
0.845913346384802,0
0.846172051278309,0
0.846430875739986,0
0.846689818516846,0
0.846948878288291,0
0.847208053752865,0
0.847467343640859,0
0.847726746647243,0
0.84798626141019,0
0.848245886523559,0
0.848505620860981,0
0.84876546306197,0
0.84902541160512,0
0.849285465387628,0
0.849545623111449,0
0.849805883580213,0
0.85,0
0.850260906284964,0
0.850520403511836,0
0.850780942625955,0
0.85104174915717,0
0.851302696342571,0
0.851563740835196,0
0.851824870403312,0
0.85208608150094,0
0.852347372993496,0
0.852608744431799,0
0.85287019520589,0
0.853131725101504,0
0.853393333580771,0
0.853655020291529,0
0.853916784523109,0
0.854178625693036,0
0.854440543273171,0
0.854702536435475,0
0.854964604555435,0
0.855226747055414,0
0.855488962928873,0
0.855751251421674,0
0.856013611832896,0
0.85627604322477,0
0.8565385449466,0
0.856801116179178,0
0.857063755878297,0
0.857326463363472,0
0.857589237816524,0
0.857852078442994,0
0.858114984168352,0
0.858377954359896,0
0.858640988111794,0
0.858904084488747,0
0.859167242856697,0
0.859430462266934,0
0.85969374200761,0
0.859957080965611,0
0.86,0
0.860214595171947,0
0.860474901406931,0
0.860737161573428,0
0.861000778620727,0
0.861264745923497,0
0.8615288250822,0
0.861792945180147,0
0.862057088249384,0
0.862321251242759,0
0.86258543503462,0
0.862849641401039,0
0.863113872321001,0
0.863378129914852,0
0.863642415389111,0
0.863906730336877,0
0.864171075754684,0
0.864435452856498,0
0.864699862394434,0
0.864964305195605,0
0.865228781934047,0
0.865493292924858,0
0.865757838649293,0
0.866022419484576,0
0.86628703551866,0
0.866551687180506,0
0.866816374465632,0
0.867081097378973,0
0.867345855959556,0
0.867610650053437,0
0.867875479648809,0
0.868140344698264,0
0.868405244994953,0
0.868670180569195,0
0.868935151052305,0
0.869200156398673,0
0.869465196181593,0
0.869730270162407,0
0.87,0
0.87026511071274,0
0.870530360624582,0
0.870795575710637,0
0.871060811773522,0
0.871326077458042,0
0.871591375378953,0
0.87185670616217,0
0.872122069651602,0
0.872387465556192,0
0.872652893545599,0
0.872918353198076,0
0.873183844464888,0
0.873449366706658,0
0.873714919465209,0
0.873980502751928,0
0.874246116133664,0
0.874511759473947,0
0.874777432219277,0
0.875043134237736,0
0.875308865258522,0
0.875574625198427,0
0.87584041336147,0
0.876106229742008,0
0.876372074146279,0
0.876637946327972,0
0.87690384598144,0
0.877169772960418,0
0.877435727017194,0
0.877701707932572,0
0.87796771535799,0
0.878233749265462,0
0.878499809557729,0
0.878765895643546,0
0.879032007779146,0
0.879298145556224,0
0.879564308950042,0
0.879830497653664,0
0.88,0
0.880266891290781,0
0.880531601785208,0
0.880797733980765,0
0.881064145246986,0
0.88133064905439,0
0.881597182507149,0
0.881863729086639,0
0.882130285146328,0
0.882396850765879,0
0.882663426783084,0
0.882930014104507,0
0.883196613980751,0
0.883463227462733,0
0.883729855391542,0
0.88399649845725,0
0.884263157256487,0
0.884529832567856,0
0.884796525182915,0
0.885063235347676,0
0.88532996340638,0
0.885596709939887,0
0.885863475032384,0
0.886130259395453,0
0.886397062977132,0
0.886663886329158,0
0.886930729684289,0
0.887197592861559,0
0.887464476216419,0
0.88773137991301,0
0.887998304138519,0
0.88826524881184,0
0.888532214414355,0
0.888799200684397,0
0.889066207826352,0
0.8893332359372,0
0.889600285118822,0
0.88986735525915,0
0.89,0
0.890268019223467,0
0.890533000098431,0
0.890799926279435,0
0.891067227566732,0
0.891334645452003,0
0.891602092805391,0
0.891869547291811,0
0.892137003788242,0
0.892404462351249,0
0.892671924381494,0
0.892939391416171,0
0.893206865067385,0
0.893474346769657,0
0.893741837962616,0
0.894009339669015,0
0.894276852861972,0
0.89454437873801,0
0.89481191817082,0
0.895079471840741,0
0.895347040436185,0
0.895614624620074,0
0.895882224830851,0
0.896149841783138,0
0.896417475698006,0
0.896685127343622,0
0.89695279708062,0
0.897220485175946,0
0.89748819169793,0
0.897755917142807,0
0.898023661663653,0
0.898291425708787,0
0.898559209487889,0
0.898827012927349,0
0.8990948362983,0
0.89936267982417,0
0.899630543586426,0
0.899898427842065,0
0.9,0
0.900269045685302,0
0.900534336368836,0
0.900802007303764,0
0.901070136705297,0
0.901338405577388,0
0.90160670673988,0
0.901875012483349,0
0.902143316586856,0
0.902411619216809,0
0.902679921882583,0
0.902948226438882,0
0.903216535181459,0
0.903484849272216,0
0.903753170596437,0
0.904021500629978,0
0.904289840628923,0
0.904558191733313,0
0.904826554887975,0
0.905094931050071,0
0.905363321199603,0
0.90563172626683,0
0.90590014658243,0
0.90616858310182,0
0.906437036309925,0
0.906705506498853,0
0.906973994404447,0
0.907242500585531,0
0.907511025210516,0
0.907779568399315,0
0.908048130965125,0
0.908316712982532,0
0.90858531443968,0
0.908853935894421,0
0.909122577563114,0
0.909391239585129,0
0.90965992201157,0
0.909928625215039,0
0.91,0
0.910270051299295,0
0.910535675474644,0
0.910804095298966,0
0.911073055406789,0
0.911342178138705,0
0.911611337207341,0
0.911880499636304,0
0.912149657951648,0
0.912418811791579,0
0.912687963367309,0
0.91295711470146,0
0.913226267851255,0
0.913495424883488,0
0.913764587531125,0
0.914033757591042,0
0.914302936328231,0
0.914572125152636,0
0.914841325307432,0
0.915110537795177,0
0.915379763612124,0
0.915649003707277,0
0.915918258694611,0
0.916187529660732,0
0.916456816826381,0
0.916726121242853,0
0.916995442967325,0
0.917264782745618,0
0.917534140915972,0
0.917803517829654,0
0.918072913836109,0
0.918342329540327,0
0.918611765006335,0
0.918689387900686,0
0.918767010795038,0
0.918818916536954,0
0.918860037818984,0
0.918901159101014,0
0.918961058064405,0
0.919020957027796,0
0.919065972085311,0
0.919092070239447,0
0.919118168393584,0
0.919144209568045,0
0.919274415440348,0
0.919566951944682,0
0.919860055684401,0
0.92,0
0.920294802038729,0
0.920583444461117,0
0.920873108610821,0
0.921161116997373,0
0.921447290662822,0
0.921731715676885,0
0.922014571364613,0
0.922296036550999,0
0.922576270145729,0
0.922855408466853,0
0.923133568374271,0
0.923410849829155,0
0.923687339125707,0
0.923963110986853,0
0.924238230377223,0
0.924512754133529,0
0.924786732417616,0
0.925060209236155,0
0.925333223674161,0
0.925605810589876,0
0.925878000857475,0
0.926149822084118,0
0.926421299037988,0
0.926692454198,0
0.926963307587224,0
0.927233877553168,0
0.927504180364557,0
0.927774231015168,0
0.928044043334558,0
0.928313629710099,0
0.928583001653183,0
0.928852169564803,0
0.929121143096125,0
0.929389931022716,0
0.929658541761754,0
0.929926982733514,0
0.93,0
0.930269414630474,0
0.930534325314623,0
0.930801896479552,0
0.931069850721224,0
0.93133781131037,0
0.93160565476915,0
0.931873352130044,0
0.932140900761353,0
0.932408304890116,0
0.932675570404717,0
0.932942703181921,0
0.9332097091891,0
0.933476593990471,0
0.933743362763827,0
0.934010020310591,0
0.934276571394355,0
0.934543020141921,0
0.934809371077878,0
0.935075627552043,0
0.935341793491473,0
0.93560787247625,0
0.935873867769705,0
0.936139782673439,0
0.936405620324888,0
0.936671383488668,0
0.936937075021716,0
0.937202697629632,0
0.937468253928511,0
0.937733746681203,0
0.937999178110968,0
0.938264550667418,0
0.938529866554406,0
0.938795128194455,0
0.939060337515734,0
0.939325496812879,0
0.93959060804817,0
0.939855673310281,0
0.94,0
0.940265752713766,0
0.940528830489949,0
0.940793551601242,0
0.941058545439708,0
0.941323586655115,0
0.941588601519381,0
0.941853572523569,0
0.942118496665894,0
0.942383375850713,0
0.942648212480751,0
0.942913009612725,0
0.943177770117024,0
0.943442496516848,0
0.943707191188979,0
0.943971856874127,0
0.944236495742492,0
0.944501109940034,0
0.944765701643442,0
0.945030272625434,0
0.945294825121539,0
0.94555936056766,0
0.945823881089894,0
0.946088388238849,0
0.946352883641001,0
0.946617368792213,0
0.946881845258821,0
0.947146314473712,0
0.947410778037755,0
0.94767523705134,0
0.947939693094107,0
0.948204147351541,0
0.948468600852506,0
0.948733055193511,0
0.948997511453286,0
0.949261970722284,0
0.94952643406261,0
0.94979090278991,0
0.95,0
0.950264830689194,0
0.950528476327954,0
0.950792893526023,0
0.951057459482414,0
0.951322073141083,0
0.951586701924525,0
0.951851337945146,0
0.952115980399069,0
0.952380630150251,0
0.952645288491625,0
0.952909956823529,0
0.953174636663898,0
0.953439329260221,0
0.953704036039999,0
0.95396875817811,0
0.954233496781753,0
0.954498253014138,0
0.954763027740705,0
0.955027822074215,0
0.955292637080063,0
0.955557473757427,0
0.955822332840743,0
0.956087215132952,0
0.956352121581183,0
0.956617053000713,0
0.956882010174221,0
0.957146993681232,0
0.957412004662578,0
0.95767704335601,0
0.957942110695376,0
0.958207207234586,0
0.958472333650211,0
0.958737490719105,0
0.959002678806591,0
0.959267898593319,0
0.95953315073482,0
0.959798435581783,0
0.96,0
0.960265749821496,0
0.960530170757836,0
0.960795489576252,0
0.961061001297565,0
0.961326590459018,0
0.961592219379461,0
0.961857878942621,0
0.962123567326924,0
0.962389285031463,0
0.962655032863967,0
0.962920812024707,0
0.963186623545435,0
0.96345246821031,0
0.963718347088191,0
0.96398426104408,0
0.964250210843384,0
0.964516197141866,0
0.964782220828382,0
0.965048282405637,0
0.965314382482947,0
0.965580521927949,0
0.965846701092154,0
0.966112920510926,0
0.96637918087263,0
0.966645482290641,0
0.966911825489106,0
0.967178210968465,0
0.967444638911288,0
0.967711109878527,0
0.967977624104021,0
0.968244182004821,0
0.968510783918532,0
0.968777430299634,0
0.969044121506592,0
0.969310857701493,0
0.969577638974065,0
0.969844465807921,0
0.97,0
0.970267610180066,0
0.970532899232889,0
0.970799715190141,0
0.971066851658131,0
0.971334108124015,0
0.971601419159397,0
0.971868768136842,0
0.972136151343507,0
0.972403568819366,0
0.97267102147923,0
0.972938510805933,0
0.973206022462946,0
0.973473536002813,0
0.973741052125129,0
0.974008571665007,0
0.974276095435009,0
0.974543624231281,0
0.974811158964178,0
0.975078700182807,0
0.975346248861049,0
0.975613805377713,0
0.975881370463864,0
0.976148944467916,0
0.976416528110531,0
0.976684121794804,0
0.976951725804713,0
0.977219340701704,0
0.977486966590133,0
0.977754604072024,0
0.978022253252172,0
0.978289914361676,0
0.978557587851986,0
0.978825273890898,0
0.979092972668508,0
0.979360684452621,0
0.979628409481927,0
0.979896147707161,0
0.98,0
0.980268812936254,0
0.980534147123486,0
0.980801652359503,0
0.981069575292474,0
0.981337621353892,0
0.98160569424033,0
0.981873769139502,0
0.982141840266712,0
0.982409907435894,0
0.982677971828347,0
0.982946034999189,0
0.983214098264867,0
0.983482163100695,0
0.983750230691123,0
0.984018302164957,0
0.984286378611856,0
0.984554460839761,0
0.984822549826793,0
0.985090646384239,0
0.985358751164895,0
0.985626864811385,0
0.985894987916013,0
0.986163121018399,0
0.986431264556947,0
0.986699419140743,0
0.98696758497741,0
0.987235762465479,0
0.987503951892062,0
0.987772153753014,0
0.98804036821412,0
0.988308595530889,0
0.988576835909218,0
0.988845089539319,0
0.989113356628063,0
0.989381637411856,0
0.989649931962953,0
0.989918240405649,0
0.99,0
0.990269523088974,0
0.990535114497579,0
0.990803142149355,0
0.99107164085052,0
0.991340277514876,0
0.991608943984754,0
0.99187761235804,0
0.992146275966692,0
0.992414934464851,0
0.992683588986773,0
0.992952241089724,0
0.993220892236578,0
0.993489543857188,0
0.993758197314643,0
0.994026853646813,0
0.994295514111138,0
0.994564179495692,0
0.994832850886196,0
0.995101528994942,0
0.995370214516862,0
0.995638908097142,0
0.995907610345162,0
0.996176321826958,0
0.99644504320043,0
0.996713774735771,0
0.996982516828612,0
0.997251269918177,0
0.997520034395146,0
0.997788810359388,0
0.998057598247722,0
0.998326398308417,0
0.998595210636556,0
0.998864035546399,0
0.999132873222596,0
0.999401723815403,0
0.999670587500875,0
0.999939464397739,0
1,0
1.0002702222724,0
1.00053608327654,0
1.0008046276671,0
1.00107369209439,0
1.0013429076694,0
1.00161215497591,0
1.00188140306908,0
1.00215064472991,0
1.00241987928053,0
1.00268910785512,0
1.00295833216496,0
1.0032275537265,0
1.00349677708398,0
1.00376600373449,0
1.00403523493705,0
1.00430447170374,0
1.0045737151716,0
1.00484296621478,0
1.00511222569146,0
1.00538149433399,0
1.00565077294893,0
1.0059200619706,0
1.00618936212412,0
1.00645867384902,0
1.00672799766139,0
1.00699733399653,0
1.00726668332111,0
1.00753604582763,0
1.00780542200479,0
1.00807481195207,0
1.00834421613765,0
1.00861363470748,0
1.00888306784437,0
1.00915251581514,0
1.0094219786217,0
1.00969145655206,0
1.00996094973848,0
1.01,0
1.01019525130762,0
1.01046189964603,0
1.010729853072,0
1.0109993495818,0
1.01126919910807,0
1.01153913904792,0
1.01180909193655,0
1.01207903844489,0
1.01234897488693,0
1.01261890187737,0
1.01288882119874,0
1.01315873491215,0
1.01342864486506,0
1.01369855291148,0
1.01396846050639,0
1.01423836909417,0
1.01450828010484,0
1.0147781946906,0
1.0150481139836,0
1.01531803902199,0
1.01558797061763,0
1.01585790959977,0
1.01612785688948,0
1.01639781300109,0
1.01666777871981,0
1.01693775443337,0
1.0172077408902,0
1.0174777383764,0
1.01774774737726,0
1.01801776833661,0
1.01828780157547,0
1.01855784739006,0
1.0188279060221,0
1.019097977923,0
1.01936806315065,0
1.01963816198736,0
1.01990827462653,0
1.02,0
1.02027125307479,0
1.02054000152918,0
1.02081098700461,0
1.0210823586197,0
1.02135378563887,0
1.02162516770973,0
1.02189648266627,0
1.02216772943652,0
1.02243891241386,0
1.02271003714859,0
1.02298110906005,0
1.02325213347232,0
1.02352311492872,0
1.02379405776413,0
1.02406496596459,0
1.02433584315014,0
1.02460669260927,0
1.02487751739073,0
1.02514832011841,0
1.02541910334162,0
1.02568986940908,0
1.02596062048488,0
1.02623135849151,0
1.02650208517043,0
1.02677280211384,0
1.02704351083722,0
1.02731421265717,0
1.02758490905004,0
1.02785560098714,0
1.02812628963624,0
1.02839697578232,0
1.02866766064575,0
1.02893834492212,0
1.02920902934854,0
1.02947971471255,0
1.02975040156144,0
1.03,0
1.03027082034922,0
1.03054121192581,0
1.03081188019663,0
1.03108260241041,0
1.03135334241607,0
1.03162408875079,0
1.03189483870895,0
1.03216559202705,0
1.03243634884544,0
1.03270710980079,0
1.03297787518584,0
1.03324864552061,0
1.0335194211334,0
1.03379020250028,0
1.03406098999414,0
1.03433178391722,0
1.03460258462552,0
1.03487339235912,0
1.0351442072873,0
1.03541502991395,0
1.03568586031286,0
1.03595669880683,0
1.03622754557096,0
1.0364984007824,0
1.0367692646612,0
1.03704013740226,0
1.03731101900199,0
1.03758190997275,0
1.03785281018364,0
1.03812371985942,0
1.03839463920342,0
1.03866556834507,0
1.0389365072846,0
1.03920745629882,0
1.03947841541785,0
1.03974938479457,0
1.04,0
1.04027111311189,0
1.04054182331749,0
1.04081280457989,0
1.04108384434179,0
1.04135490750855,0
1.04162598286212,0
1.041897067615,0
1.04216816121728,0
1.04243926376701,0
1.04271037550822,0
1.04298149643789,0
1.0432526270576,0
1.04352376738856,0
1.04379491776753,0
1.04406607840249,0
1.04433724934697,0
1.04460843086687,0
1.04487962308763,0
1.04515082623201,0
1.04542204038871,0
1.04569326568243,0
1.04596450229087,0
1.04623575027516,0
1.0465070098639,0
1.04677828100632,0
1.04704956390462,0
1.04732085857427,0
1.04759216521909,0
1.04786348393842,0
1.04813481462318,0
1.04840615759652,0
1.04867751276045,0
1.04894888012215,0
1.04922026007313,0
1.04949165242275,0
1.04976305724483,0
1.05,0
1.05027163666861,0
1.05054259188036,0
1.05081399524246,0
1.05108549153631,0
1.05135702178052,0
1.05162856735701,0
1.05190012335411,0
1.05217168869092,0
1.05244326343505,0
1.05271484783061,0
1.05298644207852,0
1.05325804657982,0
1.05352966151208,0
1.05380128718817,0
1.05407292390598,0
1.05434457184961,0
1.05461623129564,0
1.05488790241082,0
1.05515958517376,0
1.05543128000638,0
1.0557029868906,0
1.05597470609059,0
1.05624643761159,0
1.05651818182758,0
1.05678993865609,0
1.05706170815951,0
1.05733349062187,0
1.05760528592851,0
1.05787709433754,0
1.05814891588807,0
1.05842075056241,0
1.05869259850292,0
1.0589644597408,0
1.05923633445025,0
1.05950822262628,0
1.05978012419022,0
1.06,0
1.06027223814694,0
1.06054345062264,0
1.0608153258185,0
1.06108733482919,0
1.06135938938992,0
1.06163146152824,0
1.06190354385679,0
1.06217563497704,0
1.06244773467246,0
1.06271984312695,0
1.06299196093386,0
1.0632640883351,0
1.06353622593322,0
1.06380837383563,0
1.06408053248538,0
1.06435270218727,0
1.06462488310384,0
1.06489707562042,0
1.06516927993278,0
1.06544149621423,0
1.06571372468215,0
1.06598596543732,0
1.06625821877315,0
1.06653048468197,0
1.06680276345126,0
1.06707505505995,0
1.06734735980584,0
1.06761967765613,0
1.0678920088225,0
1.06816435339991,0
1.06843671137108,0
1.06870908282638,0
1.06898146790067,0
1.06925386655772,0
1.06952627899954,0
1.0697987052111,0
1.07,0
1.07027287365634,0
1.07054435141894,0
1.07081671971415,0
1.07108926514459,0
1.07136186785557,0
1.07163448999755,0
1.07190712175162,0
1.07217976086142,0
1.07245240715182,0
1.07272506096377,0
1.07299772299401,0
1.07327039365515,0
1.07354307322723,0
1.07381576236744,0
1.07408846142645,0
1.0743611706909,0
1.07463389056566,0
1.07490662135866,0
1.0751793633735,0
1.07545211683344,0
1.07572488195066,0
1.07599765889365,0
1.07627044805094,0
1.07654324951614,0
1.07681606342979,0
1.07708889002634,0
1.07736172946132,0
1.07763458164905,0
1.07790744708551,0
1.07818032552676,0
1.07845321723535,0
1.07872612234007,0
1.07899904079771,0
1.07927197279268,0
1.07954491843462,0
1.07981787767151,0
1.08,0
1.08027351826273,0
1.08054526451927,0
1.08081813050767,0
1.08109121734623,0
1.08136437314716,0
1.08163754998089,0
1.08191073551117,0
1.08218392701856,0
1.08245712407758,0
1.08273032710746,0
1.08300353674027,0
1.08327675367018,0
1.08354997837692,0
1.08382321136874,0
1.08409645320303,0
1.08436970429482,0
1.0846429649179,0
1.08491623573037,0
1.08518951686017,0
1.08546280862071,0
1.08573611138301,0
1.08600942536359,0
1.08628275078795,0
1.08655608787114,0
1.08682943689235,0
1.08710279808506,0
1.08737617148543,0
1.08764955740082,0
1.08792295586036,0
1.08819636695973,0
1.08846979094311,0
1.08874322781942,0
1.08901667779242,0
1.08929014093958,0
1.08956361732014,0
1.08983710706594,0
1.09,0
1.09027415983105,0
1.09054617464468,0
1.09081953352737,0
1.09109315624905,0
1.09136685945287,0
1.09164058541621,0
1.09191431919957,0
1.09218805716212,0
1.09246179902713,0
1.0927355453958,0
1.09300929699456,0
1.09328305434759,0
1.09355681813684,0
1.09383058898338,0
1.0941043675748,0
1.09437815426801,0
1.09465194942858,0
1.09492575370774,0
1.09519956747087,0
1.09547339100819,0
1.09574722477726,0
1.09602106890538,0
1.09629492379211,0
1.09656878962259,0
1.09684266662468,0
1.0971165551516,0
1.09739045544004,0
1.0976643674562,0
1.09793829156086,0
1.09821222785151,0
1.09848617642079,0
1.09876013751278,0
1.09903411106868,0
1.09930809734468,0
1.09958209641321,0
1.09985610844712,0
1.1,0
1.10027478901533,0
1.10054707103887,0
1.10082091352999,0
1.10109506180551,0
1.10136930164128,0
1.10164356580712,0
1.10191783691753,0
1.10219211090315,0
1.10246638705758,0
1.10274066633738,0
1.10301494927139,0
1.10328923651676,0
1.1035635290609,0
1.10383782745553,0
1.10411213229832,0
1.10438644416797,0
1.10466076353945,0
1.10493509102632,0
1.10520942703372,0
1.10548377191587,0
1.10575812630052,0
1.10603249027698,0
1.10630686418129,0
1.10658124843431,0
1.10685564310158,0
1.1071300486651,0
1.1074044652316,0
1.10767889300139,0
1.10795333216191,0
1.10822778298345,0
1.10850224547496,0
1.10877671980406,0
1.1090512062687,0
1.1093257049375,0
1.10960021581815,0
1.10987473915316,0
1.11,0
1.11027540332881,0
1.11054795056435,0
1.11082226528368,0
1.11109692636632,0
1.11137168963789,0
1.11164647881921,0
1.11192127419578,0
1.11219607108173,0
1.11247086893229,0
1.11274566836143,0
1.11302047011442,0
1.11329527502053,0
1.11357008388916,0
1.11384489748625,0
1.11411971642248,0
1.11439454141015,0
1.11466937301915,0
1.114944211701,0
1.11521905808635,0
1.11549391245606,0
1.1157687754403,0
1.1160436472634,0
1.11631852830766,0
1.11659341880755,0
1.11686831912573,0
1.11714322967924,0
1.11741815050591,0
1.11769308202423,0
1.11796802445498,0
1.11824297772434,0
1.11851794233172,0
1.11879291823023,0
1.11906790569493,0
1.11934290488006,0
1.11961791590707,0
1.11989293876411,0
1.12,0
1.12027600071412,0
1.12054881106318,0
1.12082358594463,0
1.12109874627704,0
1.12137401913449,0
1.12164931956194,0
1.12192462572227,0
1.12219993201276,0
1.12247523800441,0
1.12275054424191,0
1.12302585162392,0
1.12330116095843,0
1.12357647327202,0
1.1238517892018,0
1.1241271094701,0
1.12440243478917,0
1.12467776577039,0
1.12495310308183,0
1.12522844723761,0
1.12550379862176,0
1.1257791576901,0
1.12605452480534,0
1.12632990054662,0
1.126605285023,0
1.12688067880206,0
1.12715608205523,0
1.12743149497413,0
1.12770691797628,0
1.12798235126446,0
1.12825779500144,0
1.12853324928711,0
1.12880871452481,0
1.1290841907881,0
1.12935967817035,0
1.12963517683922,0
1.12991068703707,0
1.13,0
1.13027658854975,0
1.1305496591947,0
1.13082488243233,0
1.13110052839563,0
1.13137629686084,0
1.13165209451623,0
1.13192789734702,0
1.13220369940497,0
1.13247949985748,0
1.13275529951309,0
1.13303109916037,0
1.13330689985788,0
1.13358270229782,0
1.13385850746479,0
1.13413431604408,0
1.13441012878188,0
1.13468594642838,0
1.13496176945849,0
1.13523759852352,0
1.13551343415768,0
1.13578927675493,0
1.13606512677346,0
1.13634098464609,0
1.13661685071355,0
1.13689272531137,0
1.13716860877302,0
1.1374445014711,0
1.13772040351699,0
1.13799631535963,0
1.13827223709652,0
1.13854816894137,0
1.13882411124708,0
1.13910006398249,0
1.13937602742447,0
1.13965200171148,0
1.13992798702034,0
1.14,0
1.14027715599151,0
1.14055048409072,0
1.14082614365164,0
1.14110226180777,0
1.14137851189262,0
1.1416547928887,0
1.14193107871258,0
1.14220736288617,0
1.14248364444207,0
1.14275992401971,0
1.14303620268456,0
1.14331248139224,0
1.14358876107644,0
1.14386504255754,0
1.14414132667629,0
1.14441761410817,0
1.14469390570517,0
1.14497020190127,0
1.14524650338451,0
1.14552281074734,0
1.14579912431157,0
1.14607544478333,0
1.1463517723083,0
1.14662810739986,0
1.14690445049616,0
1.14718080192538,0
1.14745716194832,0
1.14773353094386,0
1.14800990909801,0
1.1482862967228,0
1.14856269385329,0
1.14883910088791,0
1.14911551794475,0
1.14939194515881,0
1.14966838285756,0
1.14994483110704,0
1.15,0
1.15027584446479,0
1.15054943733969,0
1.15082549566062,0
1.15110206853245,0
1.15137878677703,0
1.15165553876988,0
1.15193229542133,0
1.15220904959783,0
1.15248580025645,0
1.15276254796858,0
1.15303929378828,0
1.15331603866314,0
1.15359278351251,0
1.15386952936299,0
1.15414627700105,0
1.15442302716198,0
1.15469978069969,0
1.15497653813754,0
1.15525330006841,0
1.15553006719107,0
1.1558068399247,0
1.15608361869486,0
1.15636040402819,0
1.15663719629331,0
1.15691399602978,0
1.15719080357499,0
1.15746761905091,0
1.15774444290722,0
1.15802127534031,0
1.1582981167441,0
1.15857496720902,0
1.15885182712884,0
1.15912869661529,0
1.15940557578579,0
1.15968246488444,0
1.1599593641033,0
1.16,0
1.16020317948348,0
1.16047744577911,0
1.16075292492707,0
1.16102977253888,0
1.16130693347618,0
1.16158417476457,0
1.16186142989167,0
1.16213868194222,0
1.16241592719561,0
1.16269316589045,0
1.16297039904669,0
1.16324762768888,0
1.16352485319296,0
1.16380207653986,0
1.16407929881376,0
1.16435652099557,0
1.16463374400522,0
1.16491096847019,0
1.16518819528577,0
1.16546542512656,0
1.16574265867715,0
1.16601989653953,0
1.16629713909704,0
1.16657438707667,0
1.16685164089518,0
1.16712890109786,0
1.16740616781005,0
1.16768344169993,0
1.1679607228804,0
1.16823801181852,0
1.16851530884827,0
1.16879261416605,0
1.16906992798756,0
1.16934725047562,0
1.16962458216568,0
1.16990192301971,0
1.17,0
1.17027834958225,0
1.17055340156493,0
1.17083046392051,0
1.17110792123909,0
1.17138549173687,0
1.17166308921949,0
1.17194069123124,0
1.17221829241419,0
1.17249589192502,0
1.17277349030869,0
1.17305108857882,0
1.17332868737219,0
1.17360628751453,0
1.17388388965415,0
1.17416149474466,0
1.17443910325588,0
1.17471671574868,0
1.17499433284575,0
1.17527195498971,0
1.17554958274703,0
1.17582721646618,0
1.17610485661427,0
1.1763825034951,0
1.17666015756826,0
1.17693781901398,0
1.17721548827975,0
1.17749316551302,0
1.17777085112512,0
1.17804854509499,0
1.17832624786199,0
1.17860395946036,0
1.17888168039987,0
1.17915941054884,0
1.1794371500981,0
1.17971489922848,0
1.18,0
1.18027772898279,0
1.18055560233839,0
1.18083340204636,0
1.18111119637091,0
1.18138899687804,0
1.18166680730648,0
1.18194462839954,0
1.18222246062824,0
1.18250030408165,0
1.18277815868882,0
1.18305602447315,0
1.18333390155316,0
1.18361178982507,0
1.18388968931712,0
1.18416760011589,0
1.1844455221933,0
1.18472345564087,0
1.18500140027658,0
1.18527935630009,0
1.18555732364171,0
1.18583530230137,0
1.18611329216093,0
1.18639129340898,0
1.18666930591616,0
1.18694732976564,0
1.18722536499831,0
1.18750341150834,0
1.187781469326,0
1.18805953848471,0
1.18833761893892,0
1.18861571072232,0
1.1888938137712,0
1.189171928163,0
1.18945005374965,0
1.18972819074413,0
1.19,0
1.19027819366335,0
1.19055628335633,0
1.19083445583056,0
1.19111265288965,0
1.19139086476739,0
1.19166908837508,0
1.19194732301061,0
1.19222556840016,0
1.19250382462316,0
1.19278209166275,0
1.19306036952508,0
1.19333865803111,0
1.19361695743691,0
1.19389526760464,0
1.1941735888358,0
1.19445192086936,0
1.19473026380379,0
1.19500861771823,0
1.19528698255038,0
1.19556535831833,0
1.19584374498862,0
1.19612214260111,0
1.19640055111787,0
1.19667897072787,0
1.19695740133258,0
1.19723584286158,0
1.19751429538381,0
1.19779275889637,0
1.19807123343358,0
1.19834971889112,0
1.19862821539342,0
1.19890672287857,0
1.19918524132684,0
1.19946377074051,0
1.19974231119289,0
1.2,0
1.20027867390977,0
1.20055698204536,0
1.2008355342762,0
1.20111414118698,0
1.20139277049604,0
1.20167141247806,0
1.20195006450843,0
1.20222872598936,0
1.20250739698069,0
1.20278607738924,0
1.20306476722659,0
1.20334346682381,0
1.20362217606318,0
1.20390089515297,0
1.20417962405857,0
1.204458362808,0
1.20473711167009,0
1.20501587050227,0
1.20529463935863,0
1.20557341846266,0
1.20585220779887,0
1.20613100727067,0
1.2064098170919,0
1.20668863714599,0
1.206967467531,0
1.20724630819582,0
1.20752515926468,0
1.20780402068254,0
1.20808289253578,0
1.20836177489079,0
1.20864066760159,0
1.20891957090062,0
1.20919848472644,0
1.20947740897237,0
1.20975634369989,0
1.21,0
1.21027914293416,0
1.21055766372276,0
1.21083658557699,0
1.21111559151459,0
1.21139462731934,0
1.21167367662489,0
1.2119527351759,0
1.21223180189065,0
1.21251087655083,0
1.21278995948633,0
1.21306905068107,0
1.21334815029615,0
1.21362725846298,0
1.21390637530052,0
1.21418550096714,0
1.21446463558248,0
1.21474377921543,0
1.21502293201186,0
1.21530209401162,0
1.21558126537972,0
1.21586044614899,0
1.21613963642998,0
1.2164188362619,0
1.21669804569284,0
1.21697726480509,0
1.2172564936602,0
1.21753573224799,0
1.21781498059527,0
1.21809423880297,0
1.21837350688551,0
1.21865278490313,0
1.2189320728465,0
1.21921137078152,0
1.21949067869038,0
1.21976999662098,0
1.22,0
1.22027959803061,0
1.22055832768436,0
1.22083760795285,0
1.22111700070491,0
1.22139643067389,0
1.22167587473848,0
1.22195532722849,0
1.22223478666046,0
1.22251425295719,0
1.22279372614762,0
1.22307320642073,0
1.22335269396953,0
1.22363218910837,0
1.22391169195046,0
1.22419120251886,0
1.22447072119732,0
1.22475024803536,0
1.22502978320906,0
1.22530932679518,0
1.22558887883704,0
1.22586843955079,0
1.22614800908295,0
1.22642758749174,0
1.22670717471447,0
1.22698677099947,0
1.22726637641422,0
1.22754599106845,0
1.22782561490249,0
1.2281052479262,0
1.22838489053928,0
1.22866454243385,0
1.22894420363347,0
1.22922387443864,0
1.22950355476985,0
1.22978324473962,0
1.23,0
1.23028003884642,0
1.23055897349421,0
1.23083860143318,0
1.23111836879609,0
1.23139818011005,0
1.2316780065377,0
1.23195784067773,0
1.23223768068524,0
1.23251752618478,0
1.23279737745723,0
1.23307723486341,0
1.23335709842157,0
1.23363696852947,0
1.23391684528037,0
1.23419672903735,0
1.2344766199267,0
1.23475651804579,0
1.23503642384316,0
1.23531633727498,0
1.23559625846476,0
1.23587618766528,0
1.23615612501579,0
1.23643607046436,0
1.23671602420984,0
1.23699598642798,0
1.23727595716369,0
1.23755593652396,0
1.23783592458675,0
1.23811592122322,0
1.23839592677711,0
1.23867594118673,0
1.23895596453571,0
1.23923599697764,0
1.23951603844787,0
1.23979608898796,0
1.24,0
1.2402804654212,0
1.24055960119429,0
1.240839565684,0
1.2411196953832,0
1.24139987568559,0
1.24168007202618,0
1.24196027534832,0
1.24224048356637,0
1.24252069621947,0
1.24280091366411,0
1.2430811360959,0
1.24336136377213,0
1.24364159706343,0
1.24392183615452,0
1.24420208136783,0
1.24448233293723,0
1.24476259106633,0
1.24504285601549,0
1.24532312787946,0
1.24560340687315,0
1.24588369303274,0
1.24616398680004,0
1.24644428808429,0
1.2467245969904,0
1.24700491388825,0
1.24728523868228,0
1.24756557151098,0
1.24784591247935,0
1.2481262617067,0
1.24840661923398,0
1.248686985103,0
1.24896735944123,0
1.24924774228734,0
1.2495281338217,0
1.2498085340375,0
1.25,0
1.25028087827537,0
1.25056021088936,0
1.25084050130105,0
1.25112098164946,0
1.25140151887404,0
1.25168207288328,0
1.2519626333262,0
1.25224319772327,0
1.25252376567863,0
1.25280433743625,0
1.2530849131285,0
1.25336549331635,0
1.25364607817151,0
1.25392666811423,0
1.25420726336768,0
1.25448786414695,0
1.25476847089121,0
1.25504908354287,0
1.25532970244855,0
1.25561032775534,0
1.25589095977239,0
1.2561715985956,0
1.25645224444348,0
1.2567328973933,0
1.25701355766717,0
1.25729422528631,0
1.257574900418,0
1.25785558321883,0
1.25813627373129,0
1.2584169721253,0
1.25869767838127,0
1.25897839265001,0
1.25925911499067,0
1.25953984551123,0
1.25982058425372,0
1.26,0
1.26028127672334,0
1.26056080230036,0
1.26084140783896,0
1.26112222713632,0
1.26140310941812,0
1.2616840093252,0
1.26196491507618,0
1.26224582398507,0
1.26252673547529,0
1.26280764989521,0
1.26308856749796,0
1.26336948862828,0
1.26365041366272,0
1.26393134298262,0
1.26421227693777,0
1.26449321580116,0
1.26477415962777,0
1.26505510884872,0
1.26533606370081,0
1.26561702443965,0
1.26589799113119,0
1.26617896412573,0
1.26645994352554,0
1.26674092951844,0
1.26702192223946,0
1.26730292183583,0
1.26758392833923,0
1.26786494210521,0
1.26814596301769,0
1.26842699129048,0
1.26870802711109,0
1.26898907033414,0
1.26927012133498,0
1.26955118004869,0
1.26983224648895,0
1.27,0
1.27028166152264,0
1.27056137568438,0
1.27084228616269,0
1.27112343303996,0
1.27140464859268,0
1.27168588253082,0
1.27196712197511,0
1.27224836362422,0
1.27252960727125,0
1.27281085282812,0
1.27309210074477,0
1.27337335149767,0
1.2736546054081,0
1.27393586290356,0
1.27421712430705,0
1.27449838985303,0
1.27477965991649,0
1.27506093471876,0
1.27534221444877,0
1.27562349945443,0
1.27590478985205,0
1.27618608600292,0
1.27646738794849,0
1.27674869592676,0
1.27703001023391,0
1.27731133081497,0
1.27759265795535,0
1.27787399167141,0
1.27815533231127,0
1.27843667984036,0
1.27871803431877,0
1.2789993959294,0
1.27928076471395,0
1.27956214081714,0
1.27984352422116,0
1.28,0
1.28028203296037,0
1.28056193152833,0
1.2808431367203,0
1.28112459980191,0
1.28140613705894,0
1.28168769360831,0
1.28196925517764,0
1.28225081844464,0
1.28253238270644,0
1.28281394818592,0
1.28309551534651,0
1.28337708462944,0
1.28365865630982,0
1.28394023087219,0
1.28422180864225,0
1.28450338994051,0
1.28478497504926,0
1.28506656429459,0
1.28534815811572,0
1.28562975653014,0
1.28591135984625,0
1.28619296829072,0
1.28647458215574,0
1.28675620150777,0
1.28703782647111,0
1.28731945731989,0
1.28760109431522,0
1.28788273751624,0
1.28816438707733,0
1.28844604301435,0
1.28872770551772,0
1.28900937474276,0
1.2892910507797,0
1.28957273368855,0
1.28985442355894,0
1.29,0
1.29028239136625,0
1.29056246978117,0
1.29084395951186,0
1.29112572772588,0
1.29140757539633,0
1.29168944306779,0
1.291971315416,0
1.29225318875284,0
1.29253506239723,0
1.29281693660097,0
1.29309881177174,0
1.29338068835444,0
1.29366256673446,0
1.29394444741616,0
1.2942263306273,0
1.29450821678554,0
1.29479010617481,0
1.29507199916732,0
1.29535389595577,0
1.29563579694148,0
1.29591770227476,0
1.29619961239156,0
1.2964815272687,0
1.29676344725782,0
1.29704537246159,0
1.29732730303297,0
1.29760923919404,0
1.29789118100608,0
1.29817312882099,0
1.29845508260419,0
1.29873704257486,0
1.2990190087864,0
1.29930098148598,0
1.29958296063851,0
1.29986494638244,0
1.3,0
1.30028273808309,0
1.30056299199662,0
1.30084475633758,0
1.30112681877623,0
1.30140896557905,0
1.30169113326629,0
1.30197330523073,0
1.30225547758196,0
1.30253764959217,0
1.3028198215259,0
1.30310199378143,0
1.30338416683882,0
1.30366634096604,0
1.30394851677773,0
1.30423069468839,0
1.30451287485104,0
1.30479505778612,0
1.30507724368196,0
1.30535943290684,0
1.30564162583881,0
1.3059238226992,0
1.30620602358607,0
1.30648822888382,0
1.3067704388397,0
1.30705265355846,0
1.30733487325167,0
1.30761709806494,0
1.30789932817447,0
1.308181563755,0
1.30846380504864,0
1.3087460520298,0
1.30902830488911,0
1.30931056366341,0
1.30959282860817,0
1.30987509966504,0
1.31,0
1.31028307069161,0
1.31056349541598,0
1.31084552454465,0
1.31112787038563,0
1.31141030527065,0
1.3116927617387,0
1.31197522228406,0
1.31225768260793,0
1.31254014206156,0
1.31282260070127,0
1.31310505907082,0
1.31338751765114,0
1.3136699768116,0
1.31395243714218,0
1.31423489889589,0
1.31451736259648,0
1.3147998284239,0
1.31508229682983,0
1.31536476802312,0
1.31564724232771,0
1.31592972008153,0
1.31621220157083,0
1.316494686926,0
1.31677717643941,0
1.31705967031228,0
1.3173421686876,0
1.31762467172142,0
1.31790717967348,0
1.3181896926551,0
1.31847221086919,0
1.31875473452598,0
1.31903726352101,0
1.31931979812942,0
1.31960233854781,0
1.31988488466485,0
1.32,0
1.32028339296989,0
1.32056398402748,0
1.32084626825653,0
1.32112888683365,0
1.32141159893256,0
1.32169433337591,0
1.32197707165398,0
1.32225980911936,0
1.32254254522326,0
1.32282528006248,0
1.32310801400188,0
1.32339074762153,0
1.32367348129559,0
1.32395621554582,0
1.32423895067962,0
1.32452168726835,0
1.32480442546034,0
1.32508716566883,0
1.32536990831763,0
1.32565265358505,0
1.32593540188079,0
1.326218153383,0
1.32650090834498,0
1.32678366701009,0
1.32706642960751,0
1.32734919630929,0
1.32763196736746,0
1.32791474288387,0
1.32819752302113,0
1.32848030799354,0
1.32876309779666,0
1.32904589282196,0
1.32932869302542,0
1.32961149868353,0
1.32989430975835,0
1.33,0
1.33028369812078,0
1.3305644507157,0
1.33084698044477,0
1.33112986121071,0
1.33141283987699,0
1.33169584145341,0
1.33197884667224,0
1.33226185076088,0
1.33254485288371,0
1.33282785307769,0
1.33311085195987,0
1.3333938499308,0
1.33367684763098,0
1.333959845175,0
1.33424284318485,0
1.33452584213419,0
1.33480884229733,0
1.33509184404716,0
1.3353748478,0
1.33565785369758,0
1.33594086207071,0
1.33622387327555,0
1.33650688748317,0
1.33678990501585,0
1.33707292616655,0
1.33735595100957,0
1.33763897977483,0
1.33792201246469,0
1.33820504960879,0
1.33848809098722,0
1.33877113691456,0
1.33905418778311,0
1.33933724333955,0
1.33962030399712,0
1.33990336972973,0
1.34,0
1.34028399744924,0
1.3405649067075,0
1.34084767231471,0
1.34113080504717,0
1.34141403962717,0
1.3416972978098,0
1.34198055933529,0
1.34226381930528,0
1.34254707681931,0
1.34283033181261,0
1.34311358498024,0
1.34339683704605,0
1.34368008798188,0
1.34396333855715,0
1.34424658919095,0
1.34452984021743,0
1.3448130920686,0
1.34509634512693,0
1.34537959952839,0
1.34566285580377,0
1.34594611428997,0
1.34622937498597,0
1.34651263826531,0
1.34679590464429,0
1.34707917412549,0
1.34736244674961,0
1.34764572282475,0
1.34792900273204,0
1.34821228667293,0
1.34849557456488,0
1.34877886649693,0
1.34906216281203,0
1.3493454637013,0
1.34962876903759,0
1.34991207928857,0
1.35,0
1.35028427556368,0
1.35056533684605,0
1.35084832896351,0
1.35113170319807,0
1.35141518298843,0
1.35169868705923,0
1.35198219442647,0
1.35226569977289,0
1.35254920229944,0
1.3528327021131,0
1.35311619949876,0
1.35339969497499,0
1.35368318928038,0
1.35396668273858,0
1.35425017572539,0
1.35453366865084,0
1.35481716206172,0
1.35510065597354,0
1.35538415102807,0
1.35566764749851,0
1.35595114561218,0
1.35623464587066,0
1.35651814812075,0
1.3568016530486,0
1.35708516061127,0
1.35736867109501,0
1.3576521848143,0
1.35793570184083,0
1.35821922249947,0
1.35850274676135,0
1.35878627479894,0
1.35906980669988,0
1.35935334289505,0
1.35963688340516,0
1.35992042842886,0
1.36,0
1.36028455206161,0
1.36056576062746,0
1.36084896997682,0
1.36113257558868,0
1.36141629057983,0
1.36170003040207,0
1.36198377320687,0
1.36226751358814,0
1.36255125053862,0
1.36283498451435,0
1.36311871582116,0
1.36340244487998,0
1.36368617227384,0
1.36396989821236,0
1.36425362354732,0
1.36453734815378,0
1.3648210726952,0
1.36510479767257,0
1.36538852330174,0
1.36567224978956,0
1.36595597761183,0
1.36623970720207,0
1.36652343865432,0
1.36680717207622,0
1.36709090784981,0
1.36737464619487,0
1.36765838747454,0
1.36794213168007,0
1.36822587901649,0
1.36850962953483,0
1.36879338386205,0
1.36907714180139,0
1.36936090357149,0
1.36964466925171,0
1.36992843889546,0
1.37,0
1.37028479418275,0
1.37056614455254,0
1.37084956200224,0
1.37113338900092,0
1.3714173286846,0
1.37170129349376,0
1.37198526150732,0
1.37226922682248,0
1.37255318845079,0
1.37283714634939,0
1.3731211011699,0
1.37340505331046,0
1.37368900334709,0
1.37397295176417,0
1.37425689891152,0
1.37454084523938,0
1.3748247913119,0
1.37510873731525,0
1.37539268335121,0
1.37567663033252,0
1.37596057805227,0
1.37624452696526,0
1.37652847747495,0
1.37681242969558,0
1.37709638393889,0
1.3773803403012,0
1.37766429921449,0
1.37794826056524,0
1.37823222491884,0
1.37851619216139,0
1.37880016246496,0
1.37908413630266,0
1.37936811357056,0
1.37965209428276,0
1.37993607885807,0
1.38,0
1.38028508443094,0
1.38056657205877,0
1.38085018902186,0
1.38113422758291,0
1.38141838167408,0
1.38170256177094,0
1.3819867445905,0
1.38227092449031,0
1.38255510034477,0
1.38283927222033,0
1.38312344055091,0
1.38340760601373,0
1.38369176882098,0
1.38397592983118,0
1.38426008907769,0
1.3845442473437,0
1.38482840454916,0
1.38511256143475,0
1.38539671833743,0
1.38568087534575,0
1.38596503311755,0
1.38624919170787,0
1.38653335120251,0
1.38681751233152,0
1.38710167504692,0
1.38738583954875,0
1.38767000611644,0
1.38795417522925,0
1.38823834660197,0
1.38852252057929,0
1.38880669739937,0
1.38909087742277,0
1.38937506051574,0
1.38965924670156,0
1.38994343648178,0
1.39,0
1.39028281759111,0
1.39056444839131,0
1.3908482255689,0
1.3911324610219,0
1.39141681951874,0
1.39170120576935,0
1.39198559479872,0
1.39226998069246,0
1.3925543622485,0
1.39283873940622,0
1.39312311254861,0
1.39340748220274,0
1.39369184910308,0
1.39397621337746,0
1.39426057585144,0
1.394544936713,0
1.39482929619312,0
1.39511365513765,0
1.39539801331313,0
1.39568237148949,0
1.39596673005199,0
1.39625108902098,0
1.3965354486737,0
1.39681980949406,0
1.3971041713916,0
1.39738853488232,0
1.39767290024567,0
1.39795726726395,0
1.39824163640448,0
1.39852600763378,0
1.39881038158566,0
1.39909475817312,0
1.39937913743001,0
1.39966351961846,0
1.39994790494461,0
1.4,0
1.40026047527697,0
1.40054236657574,0
1.40082606544764,0
1.40111044738331,0
1.40139499688662,0
1.40167958600829,0
1.40196417996479,0
1.4022487708693,0
1.40253335645733,0
1.40281793706173,0
1.40310251293978,0
1.40338708435882,0
1.40367165203106,0
1.4039562164556,0
1.4042407782732,0
1.40452533768781,0
1.40480989499331,0
1.40509445080944,0
1.4053790055211,0
1.40566355934894,0
1.40594811287941,0
1.40623266630475,0
1.40651721989279,0
1.40680177383066,0
1.40708632843081,0
1.40737088392168,0
1.40765544075974,0
1.40793999884306,0
1.40822455851439,0
1.40850911999382,0
1.40879368358417,0
1.40907824925534,0
1.40936281723264,0
1.40964738774809,0
1.40993196088297,0
1.41,0
1.41028557123911,0
1.41056772087766,0
1.41085193102562,0
1.41113654934176,0
1.41142127879763,0
1.411706032853,0
1.41199078910626,0
1.4122755420489,0
1.41256029030281,0
1.41284503428714,0
1.41312977407431,0
1.4134145107955,0
1.41369924432133,0
1.4139839755009,0
1.41426870422676,0
1.41455343150908,0
1.41483815739608,0
1.41512288201876,0
1.41540760616193,0
1.41569232969308,0
1.4159770531586,0
1.41626177683867,0
1.41654650093995,0
1.41683122574477,0
1.41711595122232,0
1.41740067780604,0
1.41768540587792,0
1.41797013575562,0
1.41825486697597,0
1.4185396002603,0
1.41882433542313,0
1.41910907264147,0
1.4193938124372,0
1.41967855453622,0
1.41996329962402,0
1.42,0
1.4201835018799,0
1.42046595810864,0
1.4207490898465,0
1.42103365766067,0
1.42131854419266,0
1.42160351129171,0
1.42188849269263,0
1.42217347134137,0
1.42245844355018,0
1.42274340851297,0
1.42302836656823,0
1.42331331841326,0
1.42359826442007,0
1.42388320549519,0
1.42416814197134,0
1.42445307438366,0
1.42473800315768,0
1.42502292881291,0
1.42530785165118,0
1.42559277228757,0
1.42587769091932,0
1.42592150708728,0
1.42594635961026,0
1.42597121213325,0
1.42599688175431,0
1.42612522985963,0
1.42621617311234,0
1.42624753544159,0
1.42627889777085,0
1.42643570941713,0
1.42669346756446,0
1.42695225009341,0
1.42721292170052,0
1.42747478322794,0
1.42773766910311,0
1.42800151799654,0
1.42826629618757,0
1.42853197707892,0
1.4287985353815,0
1.42906594625908,0
1.42933418467473,0
1.42960322607038,0
1.42987304568351,0
1.43,0
1.43027195011959,0
1.43054238786176,0
1.43081454087276,0
1.43108756245754,0
1.43136128231452,0
1.43163563602509,0
1.43191059037737,0
1.43218612051196,0
1.43246220347635,0
1.43273881782102,0
1.43301594265344,0
1.43329355737159,0
1.43357164228224,0
1.43385017784634,0
1.43412914551084,0
1.43440852689522,0
1.43468830445577,0
1.43496846102436,0
1.43524898010885,0
1.43552984585634,0
1.43581104274945,0
1.43609255614344,0
1.43637437166897,0
1.43665647568858,0
1.43693885487897,0
1.43722149667085,0
1.43750438887059,0
1.43778751987329,0
1.43807087837965,0
1.43835445397663,0
1.43863823631296,0
1.43892221586059,0
1.43920638289767,0
1.43949072869885,0
1.43977524494709,0
1.44,0
1.44028511623486,0
1.44056941854938,0
1.44085441978603,0
1.4411396629518,0
1.44142506281933,0
1.44171059020536,0
1.4419962335772,0
1.44228198590069,0
1.44256784159438,0
1.44285379597775,0
1.44313984412403,0
1.44342598164123,0
1.44371220436991,0
1.44399850841169,0
1.44428489031608,0
1.44457134630432,0
1.44485787295197,0
1.44514446727839,0
1.44543112608267,0
1.44571784669194,0
1.44600462639324,0
1.44629146222274,0
1.44657835240748,0
1.44686529407608,0
1.4471522853374,0
1.44743932391688,0
1.44772640817575,0
1.44801353612122,0
1.44830070590575,0
1.44858791602444,0
1.44887516476747,0
1.44916245077231,0
1.44944977245851,0
1.4497371285901,0
1.45,0
1.45028753730659,0
1.45057471293582,0
1.45086215520407,0
1.45114967165749,0
1.45143722805743,0
1.45172481339071,0
1.45201242445713,0
1.45230005987903,0
1.45258771858563,0
1.45287539983416,0
1.45316310321805,0
1.45345082777081,0
1.45373857322062,0
1.45402633867839,0
1.4543141236852,0
1.45460192788367,0
1.45488975066421,0
1.45517759183469,0
1.4554654508054,0
1.45575332683939,0
1.45604121998389,0
1.4563291294594,0
1.45661705527586,0
1.45690499669855,0
1.45719295367916,0
1.45748092559756,0
1.45776891247234,0
1.45805691383698,0
1.45834492956649,0
1.45863295899698,0
1.45892100203796,0
1.45920905837835,0
1.45949712812752,0
1.45978521067134,0
1.46,0
1.46028845627752,0
1.4605757525704,0
1.46086376674945,0
1.46115192877565,0
1.46144013843682,0
1.46172836608599,0
1.46201660420167,0
1.46230485071041,0
1.46259310488286,0
1.46288136685347,0
1.46316963646121,0
1.46345791382178,0
1.46374619860086,0
1.46403449090896,0
1.46432279071074,0
1.46461109809026,0
1.46489941311107,0
1.46518773544549,0
1.46547606523445,0
1.46576440245242,0
1.46605274665074,0
1.46634109822163,0
1.46662945698149,0
1.46691782280674,0
1.46720619583427,0
1.46749457610573,0
1.46778296294394,0
1.46807135670636,0
1.46835975735773,0
1.46864816483304,0
1.46893657897295,0
1.46922499965079,0
1.46951342690992,0
1.46980186066338,0
1.47,0
1.4702888777053,0
1.47057631601651,0
1.47086463037211,0
1.47115311852177,0
1.47144165700382,0
1.4717302097807,0
1.47201876711783,0
1.47230732729832,0
1.47259588931132,0
1.47288445335271,0
1.47317301915548,0
1.47346158696081,0
1.47375015685607,0
1.47403872908455,0
1.47432730335593,0
1.47461588015864,0
1.47490445940829,0
1.47519304103352,0
1.47548162509854,0
1.47577021187698,0
1.47605880119479,0
1.47634739301819,0
1.47663598754996,0
1.47692458467082,0
1.47721318437939,0
1.47750178684569,0
1.47779039193277,0
1.47807899972024,0
1.47836761009648,0
1.4786562230529,0
1.47894483873658,0
1.47923345680551,0
1.47952207748104,0
1.47981070066787,0
1.48,0
1.48028910628496,0
1.48057661893777,0
1.48086509325736,0
1.48115375505783,0
1.48144246829485,0
1.48173119287504,0
1.48201991855615,0
1.48230864265087,0
1.48259736462482,0
1.48288608458867,0
1.48317480269761,0
1.48346351913138,0
1.48375223388284,0
1.48404094711698,0
1.48432965884605,0
1.48461836946278,0
1.48490707885006,0
1.48519578721596,0
1.48548449460207,0
1.48577320099356,0
1.48606190661728,0
1.48635061138642,0
1.48663931544319,0
1.48692801875681,0
1.48721672149786,0
1.48750542390292,0
1.48779412539975,0
1.48808282646512,0
1.48837152714727,0
1.48866022754933,0
1.48894892739892,0
1.48923762656879,0
1.48952632551726,0
1.48981502401962,0
1.49,0
1.49028920129754,0
1.49057672755838,0
1.49086525930433,0
1.491153984767,0
1.49144276096623,0
1.49173154618565,0
1.49202032961922,0
1.49230910877604,0
1.49259788289541,0
1.49288665208273,0
1.49317541632455,0
1.49346417580072,0
1.4937529308463,0
1.4940416815241,0
1.49433042828256,0
1.49461917079369,0
1.49490790969753,0
1.49519664462271,0
1.4954853760153,0
1.49577410397705,0
1.49606282858785,0
1.49635154991106,0
1.49664026781549,0
1.49692898284697,0
1.49721769462719,0
1.4975064035239,0
1.49779510939176,0
1.49808381240835,0
1.49837251253156,0
1.4986612098629,0
1.49894990439738,0
1.49923859625405,0
1.49952728540158,0
1.49981597186881,0
1.5,0
1.50028919392469,0
1.50057668620941,0
1.50086519639418,0
1.50115390083021,0
1.50144265453527,0
1.50173141509447,0
1.50202017191311,0
1.50230892192354,0
1.50259766449733,0
1.50288639971829,0
1.50317512795167,0
1.50346384936137,0
1.50375256424321,0
1.5040412726784,0
1.50432997479105,0
1.50461867075506,0
1.5049073609518,0
1.50519604523313,0
1.50548472378738,0
1.50577339707019,0
1.5060620646643,0
1.50635072713782,0
1.50663938449176,0
1.50692803649885,0
1.50721668351192,0
1.50750532564473,0
1.50779396283985,0
1.50808259540775,0
1.50837122317296,0
1.50865984626718,0
1.50894846462925,0
1.50923707843229,0
1.50952568759674,0
1.50981429220111,0
1.51,0
1.51028910421291,0
1.51057652321957,0
1.5108649482748,0
1.51115356322081,0
1.51144222523781,0
1.51173089213805,0
1.51201955305058,0
1.51230820533396,0
1.51259684857997,0
1.51288548293792,0
1.51317410821119,0
1.5134627247697,0
1.51375133284387,0
1.51403993261494,0
1.51432852458382,0
1.51461710854686,0
1.51490568494065,0
1.515194253645,0
1.51548281496947,0
1.51577136903477,0
1.51605991587165,0
1.51634845582768,0
1.51663698856824,0
1.51692551482808,0
1.51721403420901,0
1.5175025469601,0
1.51779105294728,0
1.51807955260854,0
1.51836804575412,0
1.51865653224572,0
1.51894501251482,0
1.51923348628617,0
1.51952195391449,0
1.51981041512612,0
1.52,0
1.52028894331186,0
1.52057625252291,0
1.52086453524078,0
1.52115299941532,0
1.52144150717515,0
1.52173001757385,0
1.52201851996815,0
1.52230701216504,0
1.52259549337008,0
1.52288396388696,0
1.52317242414786,0
1.52346087387198,0
1.52374931342049,0
1.52403774299618,0
1.52432616276345,0
1.52461457308922,0
1.52490297401722,0
1.52519136562757,0
1.52547974795715,0
1.52576812120967,0
1.52605648573406,0
1.52634484138182,0
1.52663318837915,0
1.52692152670369,0
1.52720985661306,0
1.52749817818769,0
1.52778649130833,0
1.52807479615992,0
1.52836309272423,0
1.52865138096347,0
1.52893966111732,0
1.52922793286267,0
1.52951619669935,0
1.52980445244873,0
1.53,0
1.53028870828502,0
1.53057586986169,0
1.53086395065603,0
1.53115220067559,0
1.53144048944582,0
1.53172877837741,0
1.53201705756721,0
1.53230532464772,0
1.53259357914212,0
1.5328818208397,0
1.53317005037084,0
1.53345826775343,0
1.53374647302764,0
1.53403466654908,0
1.53432284856088,0
1.53461101912522,0
1.53489917828412,0
1.5351873263014,0
1.53547546346244,0
1.535763589712,0
1.53605170497247,0
1.53633980938681,0
1.5366279033218,0
1.53691598668463,0
1.53720405961469,0
1.53749212219274,0
1.53778017429914,0
1.53806821613255,0
1.53835624770847,0
1.53864426896644,0
1.53893228015775,0
1.53922028094691,0
1.53950827169025,0
1.53979625222267,0
1.54,0
1.54028839091689,0
1.54057536109131,0
1.54086317315166,0
1.54115113737657,0
1.54143913403886,0
1.54172712781002,0
1.54201510976723,0
1.54230307760146,0
1.54259103068423,0
1.54287896938443,0
1.54316689355112,0
1.5434548035597,0
1.54374269954446,0
1.54403058186793,0
1.54431845033808,0
1.54460630536955,0
1.54489414693848,0
1.54518197524085,0
1.54546979057863,0
1.54575759275721,0
1.54604538180035,0
1.54633315810549,0
1.54662092146457,0
1.54690867194226,0
1.54719640985383,0
1.5474841350959,0
1.54777184773426,0
1.54805954772626,0
1.54834723514937,0
1.5486349099612,0
1.54892257239383,0
1.54921022212035,0
1.54949785935142,0
1.54978548390415,0
1.55,0
1.55028797676631,0
1.55057470573664,0
1.55086217063592,0
1.55114976519149,0
1.55143738414986,0
1.55172499676621,0
1.55201259497963,0
1.55230017684264,0
1.55258774217749,0
1.55287529057677,0
1.55316282250189,0
1.55345033789223,0
1.55373783711832,0
1.55402532028278,0
1.55431278756778,0
1.55460023915107,0
1.55488767482889,0
1.55517509501588,0
1.55546249949235,0
1.55574988859015,0
1.55603726236407,0
1.55632462062379,0
1.55661196367933,0
1.55689929140419,0
1.5571866040472,0
1.55747390128816,0
1.55776118329543,0
1.55804845028695,0
1.55833570193551,0
1.55862293852197,0
1.55891016003278,0
1.55919736624444,0
1.55948455745321,0
1.5597717332275,0
1.56,0
1.56028745315654,0
1.56057388568808,0
1.56086091399746,0
1.56114804253024,0
1.56143518573696,0
1.56172231865347,0
1.56200943462926,0
1.56229653197447,0
1.56258361017572,0
1.56287066940759,0
1.56315770992777,0
1.56344473183715,0
1.56373173518214,0
1.56401872000425,0
1.56430568659911,0
1.56459263482864,0
1.56487956511931,0
1.56516647715621,0
1.5654533711058,0
1.56574024689604,0
1.56602710478855,0
1.56631394485766,0
1.56660076688845,0
1.56688757098481,0
1.56717435705455,0
1.56746112548331,0
1.56774787589655,0
1.56803460832063,0
1.56832132289266,0
1.56860801958219,0
1.56889469823448,0
1.56918135909924,0
1.56946800187146,0
1.56975462657801,0
1.57,0
1.57028680558424,0
1.57057288305124,0
1.57085937615998,0
1.57114593228905,0
1.57143249158093,0
1.57171903597648,0
1.57200556104379,0
1.57229206508976,0
1.57257854824277,0
1.57286501044036,0
1.57315145165321,0
1.57343787195588,0
1.57372427129805,0
1.57401065001048,0
1.57429700815536,0
1.57458334562994,0
1.57486966240635,0
1.57515595892497,0
1.57544223459779,0
1.57572848978891,0
1.57601472433758,0
1.57630093854894,0
1.57658713234411,0
1.57687330547178,0
1.57715945804204,0
1.57744559015413,0
1.57773170145658,0
1.57801779227897,0
1.57830386252691,0
1.57858991186235,0
1.57887594087599,0
1.57916194875936,0
1.57944793588554,0
1.57973390214543,0
1.58,0
1.58028602992857,0
1.58057169369646,0
1.58085754849,0
1.58114342179342,0
1.58142928413992,0
1.58171512677576,0
1.58200094771353,0
1.58228674595356,0
1.58257252155412,0
1.58285827454794,0
1.58314400483402,0
1.58342971237739,0
1.58371539729935,0
1.58400105952878,0
1.58428669903964,0
1.58457231586088,0
1.58485791007305,0
1.58514348143021,0
1.585429030033,0
1.58571455575635,0
1.58600005877191,0
1.58628553874498,0
1.5865709957693,0
1.58685642994678,0
1.58714184130454,0
1.58742722978303,0
1.58771259507989,0
1.58799793714675,0
1.58828325612095,0
1.58856855175276,0
1.58885382417752,0
1.58913907332537,0
1.58942429903044,0
1.58970950130833,0
1.59,0
1.59028512685844,0
1.5905703234112,0
1.59085543856227,0
1.59114051920129,0
1.59142557320806,0
1.59171060331257,0
1.59199560924787,0
1.59228059168512,0
1.59256555037766,0
1.59285048565616,0
1.59313539681092,0
1.59342028404855,0
1.59370514740687,0
1.59398998643834,0
1.59427480139691,0
1.59455959207912,0
1.59484435832704,0
1.59512910023464,0
1.59541381771419,0
1.59569851051638,0
1.59598317881781,0
1.59626782221593,0
1.59655244080415,0
1.59683703444674,0
1.59712160325084,0
1.59740614682755,0
1.59769066553462,0
1.59797515889608,0
1.59825962716103,0
1.5985440699873,0
1.59882848711448,0
1.59911287915087,0
1.59939724541448,0
1.5996815859979,0
1.59996590106498,0
1.6,0
1.60017049467511,0
1.60045228661467,0
1.60073460537573,0
1.60101863172524,0
1.60130300535754,0
1.60158744304365,0
1.60187186392964,0
1.60215624763735,0
1.60244058921614,0
1.60272488807458,0
1.60300914496017,0
1.60329336093985,0
1.60357753652392,0
1.60386167270988,0
1.60414577019937,0
1.60442982984324,0
1.60471385225436,0
1.60499783820713,0
1.60528178818145,0
1.60556570267312,0
1.60584958218841,0
1.6061334273004,0
1.60641723862295,0
1.60670101592424,0
1.60698476029419,0
1.60726847179298,0
1.60755215067639,0
1.60783579731458,0
1.6081194120778,0
1.60840299482813,0
1.60868654610944,0
1.60897006595687,0
1.60925355489524,0
1.60953701281867,0
1.60982044005156,0
1.61,0
1.6102839325796,0
1.61056598387438,0
1.61084913702789,0
1.61113247289001,0
1.61141583451714,0
1.61169917497808,0
1.61198248222631,0
1.61226575339367,0
1.61254898818046,0
1.61283218661304,0
1.61311534931337,0
1.61339847676662,0
1.61368156929144,0
1.61396462729541,0
1.61424765116854,0
1.61453064111698,0
1.61481359761191,0
1.61509652101956,0
1.61537941138165,0
1.61566226901474,0
1.61594509424065,0
1.61622788705768,0
1.61651064801273,0
1.6167933770553,0
1.61707607439067,0
1.61735874020071,0
1.61764137465008,0
1.61792397771698,0
1.6182065496609,0
1.61848909076109,0
1.61877160081664,0
1.6190540799448,0
1.61933652836717,0
1.61961894598094,0
1.61990133304187,0
1.62,0
1.62028334090751,0
1.62056334953743,0
1.62084532512911,0
1.6211276496607,0
1.62141004463507,0
1.62169242584396,0
1.62197477166641,0
1.62225707683798,0
1.62253934054128,0
1.62282156303289,0
1.62310374513843,0
1.62338588757966,0
1.62366799112686,0
1.62395005605265,0
1.62423208300302,0
1.62451407261408,0
1.62479602552449,0
1.62507794184325,0
1.62535982240679,0
1.62564166728367,0
1.6259234770837,0
1.62620525195109,0
1.62648699221174,0
1.62676869819024,0
1.62705037010156,0
1.62733200840578,0
1.62761361313732,0
1.62789518461928,0
1.62817672297809,0
1.62845822859619,0
1.62873970147006,0
1.62902114169,0
1.62930254980849,0
1.62958392538243,0
1.62986526903087,0
1.63,0
1.63028209145407,0
1.63056149972989,0
1.63084249347245,0
1.63112376018208,0
1.63140507577636,0
1.63168637268841,0
1.63196763321299,0
1.63224885347002,0
1.63253003298824,0
1.63281117204414,0
1.63309227098435,0
1.63337333102848,0
1.63365435212829,0
1.63393533520858,0
1.63421628081997,0
1.63449718932927,0
1.6347780612149,0
1.63505889695332,0
1.63533969673378,0
1.63562046117481,0
1.63590119045109,0
1.63618188504426,0
1.63646254513986,0
1.6367431710651,0
1.63702376295188,0
1.63730432098789,0
1.63758484559877,0
1.63786533710262,0
1.63814579559036,0
1.63842622095739,0
1.63870661384143,0
1.63898697390208,0
1.63926730164938,0
1.63954759690342,0
1.63982785994091,0
1.64,0
1.64028079862561,0
1.64055959855065,0
1.64083957581188,0
1.64111974729734,0
1.64139994649691,0
1.64168012302951,0
1.64196026409953,0
1.64224036648377,0
1.64252043012678,0
1.6428004550037,0
1.64308044201432,0
1.6433603913866,0
1.64364030379147,0
1.64392017961403,0
1.64420001932823,0
1.64447982306417,0
1.64475959158075,0
1.64503932509856,0
1.64531902374783,0
1.64559868779338,0
1.64587831788316,0
1.64615791407451,0
1.64643747654736,0
1.64671700566048,0
1.64699650172204,0
1.64727596474221,0
1.64755539485475,0
1.6478347923194,0
1.64811415743152,0
1.64839349015542,0
1.64867279063034,0
1.64895205895558,0
1.6492312956155,0
1.64951050020524,0
1.64978967323122,0
1.65,0
1.65027949322191,0
1.65055769501346,0
1.65083664583001,0
1.65111570945461,0
1.65139477974558,0
1.65167382417996,0
1.65195283462942,0
1.65223180921109,0
1.65251074767132,0
1.65278965057732,0
1.6530685180403,0
1.65334735034556,0
1.65362614812254,0
1.65390491149326,0
1.65418364068528,0
1.65446233623382,0
1.65474099806644,0
1.65501962652352,0
1.65529822193098,0
1.6555767846755,0
1.65585531471604,0
1.65613381235069,0
1.65641227788079,0
1.65669071133949,0
1.65696911272585,0
1.65724748231994,0
1.65752582030058,0
1.65780412658411,0
1.65808240158165,0
1.6583606452549,0
1.65863885758541,0
1.65891703926288,0
1.65919518974351,0
1.6594733094043,0
1.65975139827426,0
1.66,0
1.66027819212787,0
1.66055581130323,0
1.66083373828205,0
1.66111169674844,0
1.6613896406833,0
1.66166755663583,0
1.66194544100138,0
1.66222329293335,0
1.66250111244351,0
1.66277889950109,0
1.66305665438989,0
1.66333437726268,0
1.66361206849774,0
1.6638897282347,0
1.6641673563633,0
1.6644449532053,0
1.66472251904486,0
1.66500005368351,0
1.66527755757507,0
1.66555503070068,0
1.66583247303151,0
1.66610988491191,0
1.6663872662102,0
1.66666461735672,0
1.66694193825696,0
1.66721922882448,0
1.66749648943741,0
1.66777371980901,0
1.66805092020396,0
1.6683280906911,0
1.66860523139403,0
1.66888234237554,0
1.6691594235831,0
1.66943647533509,0
1.66971349735906,0
1.67,0
1.67027690974012,0
1.67055396589577,0
1.67083088210052,0
1.67110774897624,0
1.67138458134329,0
1.67166138394781,0
1.67193815765607,0
1.67221490303969,0
1.67249161997845,0
1.67276830864163,0
1.67304496907968,0
1.67332160119275,0
1.67359820467467,0
1.6738747800185,0
1.67415132680416,0
1.67442784530125,0
1.67470433530682,0
1.67498079693128,0
1.67525723015923,0
1.67553363515863,0
1.67581001188439,0
1.67608635997596,0
1.67636267972353,0
1.67663897114087,0
1.67691523417791,0
1.67719146886853,0
1.67746767534123,0
1.67774385351601,0
1.67802000345545,0
1.67829612492187,0
1.67857221822708,0
1.67884828339854,0
1.67912432028752,0
1.67940032905458,0
1.67967630947367,0
1.67995226162455,0
1.68,0
1.68023869187726,0
1.68051182766595,0
1.68078677042648,0
1.68106261344977,0
1.68133864089326,0
1.68161468393416,0
1.68189069636085,0
1.68216666656075,0
1.68244259233205,0
1.6827184739709,0
1.68299431257454,0
1.6832701090403,0
1.68354586457748,0
1.68382158028232,0
1.68409725663893,0
1.68437289465963,0
1.68464849535759,0
1.68492405929106,0
1.68519958724524,0
1.68547507968155,0
1.68575053727872,0
1.68602596052167,0
1.68630135011468,0
1.68657670627474,0
1.68685202968434,0
1.68712732046974,0
1.68740257923855,0
1.68767780625067,0
1.68795300194088,0
1.68822816637901,0
1.68850330020746,0
1.68877840345344,0
1.68905347659143,0
1.6893285196312,0
1.68960353274965,0
1.68987851639939,0
1.69,0
1.69027579354755,0
1.6905486948488,0
1.69082332816277,0
1.69109826025737,0
1.69137325025665,0
1.69164822441169,0
1.69192316407012,0
1.69219806451309,0
1.69247292580861,0
1.69274774857047,0
1.69302253320064,0
1.69329728074408,0
1.69357199191839,0
1.69384666746009,0
1.69412130791673,0
1.6943959139189,0
1.69467048593413,0
1.69494502502866,0
1.69521953142331,0
1.69549400538908,0
1.69576844740596,0
1.69604285800154,0
1.69631723773082,0
1.69659158657175,0
1.69686590501844,0
1.69714019347702,0
1.69741445226744,0
1.69768868156452,0
1.69796288139966,0
1.69823705204511,0
1.69851119400644,0
1.69878530742712,0
1.69905939238097,0
1.69933344916772,0
1.69960747782946,0
1.69988147845765,0
1.7,0
1.70027482999458,0
1.7005467181313,0
1.70082037085515,0
1.70109432930025,0
1.70136834839322,0
1.70164235318318,0
1.70191632460934,0
1.70219025812022,0
1.70246415341236,0
1.70273801103844,0
1.70301183161569,0
1.70328561622708,0
1.70355936548275,0
1.70383308001377,0
1.70410676078596,0
1.70438040823567,0
1.70465402284855,0
1.70492760537943,0
1.70520115602241,0
1.70547467544738,0
1.70574816412044,0
1.70602162244842,0
1.70629505070422,0
1.7065684495251,0
1.7068418188245,0
1.7071151590759,0
1.7073884706941,0
1.70766175379933,0
1.70793500863022,0
1.70820823548863,0
1.70848143481678,0
1.70875460625821,0
1.70902775060192,0
1.7093008675735,0
1.70957395745392,0
1.70984702046392,0
1.71,0
1.71027369629045,0
1.71054510376554,0
1.71081788411838,0
1.71109089547849,0
1.71136394871782,0
1.71163698512746,0
1.71190998993916,0
1.71218296020762,0
1.71245589500287,0
1.71272879530714,0
1.71300166163491,0
1.71327449469342,0
1.71354729500591,0
1.71382006324984,0
1.71409280014803,0
1.7143655059619,0
1.71463818119257,0
1.71491082644005,0
1.715183442052,0
1.71545602844163,0
1.71572858593249,0
1.71600111504284,0
1.71627361593669,0
1.71654608875881,0
1.71681853397374,0
1.71709095174386,0
1.7173633423955,0
1.71763570602841,0
1.71790804294893,0
1.71818035335847,0
1.71845263744613,0
1.71872489543177,0
1.71899712745742,0
1.71926933322807,0
1.7195415135086,0
1.71981366813374,0
1.72,0
1.72027259621925,0
1.72054354311477,0
1.7208154751051,0
1.72108756644974,0
1.72135968084651,0
1.72163177689605,0
1.72190384374655,0
1.72217587889144,0
1.7224478824011,0
1.72271985451339,0
1.72299179593904,0
1.72326370694613,0
1.72353558833884,0
1.72380744030897,0
1.72407926336203,0
1.72435105783802,0
1.72462282438316,0
1.72489456328026,0
1.72516627446022,0
1.72543795849246,0
1.72570961552963,0
1.72598124587422,0
1.72625285000583,0
1.72652442793128,0
1.72679597990272,0
1.72706750602113,0
1.72733900667661,0
1.72761048200425,0
1.72788193212352,0
1.72815335707723,0
1.72842475712744,0
1.7286961323795,0
1.72896748304267,0
1.72923880906577,0
1.72951011053419,0
1.72978138769097,0
1.73,0
1.73027153134712,0
1.73054203825408,0
1.73081314716994,0
1.73108434551759,0
1.73135554970181,0
1.73162673353907,0
1.73189789073589,0
1.73216901998465,0
1.73244012117335,0
1.73271119432352,0
1.73298223997654,0
1.73325325848809,0
1.73352425000725,0
1.73379521504145,0
1.73406615396649,0
1.73433706665591,0
1.73460795364964,0
1.73487881510973,0
1.73514965132122,0
1.73542046258933,0
1.7356912486935,0
1.73596201032794,0
1.73623274732016,0
1.736503459823,0
1.73677414817111,0
1.73704481241483,0
1.73731545260148,0
1.73758606884329,0
1.7378566614135,0
1.73812723029925,0
1.73839777559093,0
1.73866829741963,0
1.73893879579682,0
1.73920927103365,0
1.73947972274601,0
1.73975015121761,0
1.74,0
1.74027050095635,0
1.74054058683317,0
1.74081089682204,0
1.74108122821005,0
1.74135154821332,0
1.74162184665933,0
1.74189212119254,0
1.74216237147315,0
1.74243259718866,0
1.74270279864386,0
1.74297297590219,0
1.7432431291683,0
1.74351325870279,0
1.74378336433654,0
1.7440534462303,0
1.74432350489834,0
1.74459354030323,0
1.74486355246996,0
1.74513354126135,0
1.74540350710645,0
1.74567345016847,0
1.74594337025834,0
1.74621326767251,0
1.74648314240807,0
1.74675299437979,0
1.74702282393412,0
1.74729263098505,0
1.74756241573247,0
1.7478321780049,0
1.74810191797386,0
1.74837163567015,0
1.74864133116726,0
1.74891100431722,0
1.74918065548317,0
1.74945028449174,0
1.74971989146745,0
1.75,0
1.75026950236121,0
1.75053918446873,0
1.75080871697751,0
1.7510782052384,0
1.75134766558441,0
1.75161710344349,0
1.75188652040983,0
1.75215591668495,0
1.75242529203739,0
1.75269464681628,0
1.75296398096781,0
1.75323329415343,0
1.75350258657037,0
1.75377185804188,0
1.75404110877721,0
1.75431033842627,0
1.75457954721682,0
1.75484873504658,0
1.75511790191744,0
1.75538704783461,0
1.75565617277726,0
1.75592527673926,0
1.7561943596764,0
1.7564634216657,0
1.75673246261634,0
1.75700148260827,0
1.75727048156678,0
1.75753945966315,0
1.75780841665788,0
1.758077352687,0
1.75834626774606,0
1.7586151617182,0
1.75888403477286,0
1.75915288690464,0
1.75942171822018,0
1.75969052837495,0
1.7599593176016,0
1.76,0
1.760203411992,0
1.76046947337314,0
1.76073686503319,0
1.76100552489848,0
1.76127444327659,0
1.76154340135181,0
1.7618123375149,0
1.76208123629912,0
1.76235009463196,0
1.76261891326552,0
1.7628876930952,0
1.76315643577744,0
1.76342514200466,0
1.76369381356073,0
1.76396245132839,0
1.7642310561826,0
1.76449962907144,0
1.7647681710233,0
1.76503668295495,0
1.76530516514908,0
1.7655736188083,0
1.76584204405734,0
1.76611044183043,0
1.76637881274683,0
1.76664715715868,0
1.76691547555695,0
1.76718376830805,0
1.76745203579668,0
1.76772027862029,0
1.76798849680867,0
1.76825669101341,0
1.76852486122469,0
1.76879300789357,0
1.76906113122773,0
1.76932923138545,0
1.76959730868392,0
1.76986536343701,0
1.77,0
1.77026878926255,0
1.77053498442908,0
1.77080275206204,0
1.77107078838599,0
1.7713388792105,0
1.77160695834213,0
1.77187500901652,0
1.77214302761611,0
1.77241101380493,0
1.77267896800455,0
1.77294689149803,0
1.77321478469826,0
1.77348264850622,0
1.77375048391002,0
1.7740182911179,0
1.77428607095937,0
1.77455382419786,0
1.77482155094627,0
1.77508925199518,0
1.77535692765246,0
1.7756245785996,0
1.77589220487998,0
1.77615980699155,0
1.77642738514321,0
1.77669493976356,0
1.77696247124549,0
1.77722997971839,0
1.77749746527767,0
1.77776492856572,0
1.77803236960737,0
1.77829978842535,0
1.77856718551448,0
1.7788345605511,0
1.77910191411972,0
1.77936924622952,0
1.77963655710525,0
1.77990384677082,0
1.78,0
1.78026825429124,0
1.78053317547538,0
1.78080011587962,0
1.78106740977921,0
1.78133478152488,0
1.7816021461456,0
1.78186948202319,0
1.78213678409149,0
1.78240405217467,0
1.78267128690041,0
1.7829384893902,0
1.7832056603588,0
1.78347280077552,0
1.78373991158893,0
1.78400699356044,0
1.7842740472978,0
1.78454107344438,0
1.78480807288693,0
1.78507504616893,0
1.78534199370345,0
1.78560891605702,0
1.78587581360497,0
1.78614268672448,0
1.78640953589933,0
1.78667636156683,0
1.78694316373782,0
1.78720994318902,0
1.78747670000914,0
1.78774343437867,0
1.78801014651115,0
1.78827683679598,0
1.78854350518549,0
1.78881015223024,0
1.7890767777617,0
1.78934338232042,0
1.78960996566478,0
1.78987652820561,0
1.79,0
1.79026736343892,0
1.79053192865205,0
1.79079819452928,0
1.79106475314073,0
1.79133137365239,0
1.79159798465444,0
1.79186456803406,0
1.79213111972409,0
1.79239763967065,0
1.79266412823354,0
1.79293058654755,0
1.79319701512457,0
1.79346341490922,0
1.79372978684025,0
1.79399613137802,0
1.79426244938994,0
1.79452874133869,0
1.79479500786162,0
1.79506124949059,0
1.79532746676287,0
1.79559365981939,0
1.79585982925767,0
1.79612597555814,0
1.79639209889186,0
1.79665819969606,0
1.79692427820037,0
1.797190334631,0
1.79745636920168,0
1.79772238234913,0
1.79798837416351,0
1.79825434491816,0
1.79852029468027,0
1.79878622382814,0
1.7990521321603,0
1.79931801999776,0
1.79958388760111,0
1.79984973509099,0
1.8,0
1.80026648902631,0
1.80053070729629,0
1.80079630804017,0
1.80106214224367,0
1.80132802276464,0
1.80159389189174,0
1.80185973496297,0
1.80212554875396,0
1.80239133326993,0
1.80265708876168,0
1.80292281614909,0
1.80318851604668,0
1.80345418945911,0
1.8037198367634,0
1.80398545841035,0
1.80425105529181,0
1.80451662781791,0
1.80478217633854,0
1.80504770127497,0
1.80531320309719,0
1.80557868223087,0
1.80584413888707,0
1.8061095734865,0
1.80637498636148,0
1.80664037774566,0
1.8069057478399,0
1.80717109686703,0
1.80743642495685,0
1.80770173254684,0
1.80796701970032,0
1.80823228637391,0
1.80849753316453,0
1.80876275985474,0
1.80902796668422,0
1.80929315382619,0
1.80955832161439,0
1.80982346970991,0
1.81,0
1.8102656329008,0
1.8105295152825,0
1.81079446288032,0
1.81105958560791,0
1.81132473987061,0
1.81158988097552,0
1.81185499784495,0
1.81212008801461,0
1.8123851513336,0
1.81265018838256,0
1.8129151995059,0
1.81318018549188,0
1.81344514693145,0
1.81371008418716,0
1.81397499792756,0
1.81423988839695,0
1.81450475615991,0
1.81476960162251,0
1.81503442478424,0
1.81529922626789,0
1.81556400637354,0
1.81582876532159,0
1.81609350346017,0
1.81635822096708,0
1.81662291790459,0
1.8168875946598,0
1.81715225127853,0
1.81741688804499,0
1.81768150500065,0
1.81794610255752,0
1.81821068053748,0
1.81847523918089,0
1.81873977861174,0
1.81900429905189,0
1.81926880027887,0
1.81953328281948,0
1.81979774658794,0
1.82,0
1.82026479456302,0
1.82052835145412,0
1.82079265712099,0
1.82105708087317,0
1.8213215213116,0
1.82158594728997,0
1.82185035101721,0
1.82211473059455,0
1.82237908633647,0
1.82264341824777,0
1.82290772664396,0
1.82317201225558,0
1.82343627539711,0
1.82370051639049,0
1.82396473575893,0
1.82422893395974,0
1.82449311080376,0
1.82475726695575,0
1.82502140260332,0
1.82528551789564,0
1.8255496130366,0
1.82581368827865,0
1.82607774387614,0
1.82634177992054,0
1.82660579663052,0
1.82686979403658,0
1.82713377238029,0
1.82739773170346,0
1.82766167204991,0
1.82792559379506,0
1.82818949686968,0
1.82845338146288,0
1.82871724749546,0
1.8289810954844,0
1.8292449250296,0
1.82950873640984,0
1.82977252969075,0
1.83,0
1.83026397227291,0
1.8305272128612,0
1.83079088724943,0
1.83105462338967,0
1.83131836217426,0
1.83158208538157,0
1.8318457881228,0
1.83210946984655,0
1.8323731300614,0
1.83263676936162,0
1.83290038785491,0
1.83316398604328,0
1.83342756395795,0
1.83369112191011,0
1.83395466012607,0
1.83421817862226,0
1.83448167789222,0
1.83474515799212,0
1.835008619077,0
1.83527206121987,0
1.83553548450263,0
1.83579888933746,0
1.83606227543612,0
1.83632564339817,0
1.8365889930259,0
1.83685232436848,0
1.83711563758995,0
1.83737893270928,0
1.83764220994392,0
1.83790546948781,0
1.83816871115987,0
1.83843193495857,0
1.83869514119109,0
1.83895832980839,0
1.83922150066934,0
1.83948465405199,0
1.83974778993173,0
1.84,0
1.84026316587521,0
1.84052609913646,0
1.8407891519995,0
1.84105221137048,0
1.84131525943879,0
1.84157829097457,0
1.84184130456084,0
1.8421042997499,0
1.84236727661585,0
1.84263023528784,0
1.84289317583515,0
1.84315609850046,0
1.8434190033185,0
1.84368189010004,0
1.84394475930828,0
1.84420761058298,0
1.84447044436091,0
1.84473326071014,0
1.84499605946981,0
1.84525884081674,0
1.84552160492255,0
1.84578435167415,0
1.84604708105279,0
1.84630979321843,0
1.84657248806215,0
1.84683516600179,0
1.84709782677697,0
1.84736047041323,0
1.84762309679657,0
1.84788570636782,0
1.84814829886125,0
1.84841087439609,0
1.84867343299979,0
1.84893597465646,0
1.84919849954333,0
1.84946100732675,0
1.84972349834569,0
1.85,0
1.85026237379711,0
1.85052500839747,0
1.85078744888121,0
1.85104984168659,0
1.8513122099418,0
1.85157456077874,0
1.85183689613289,0
1.85209921608654,0
1.8523615208859,0
1.85262381023019,0
1.85288608425322,0
1.85314834278387,0
1.85341058577805,0
1.85367281321382,0
1.85393502488894,0
1.85419722089353,0
1.85445940097393,0
1.85472156520759,0
1.8549837137827,0
1.85524584625456,0
1.85550796269367,0
1.85577006320062,0
1.85603214743551,0
1.85629421572057,0
1.85655626790705,0
1.85681830410084,0
1.85708032407713,0
1.85734232800911,0
1.85760431561126,0
1.85786628698009,0
1.85812824205904,0
1.85839018110985,0
1.85865210399851,0
1.85891401064215,0
1.85917590089883,0
1.85943777488547,0
1.85969963273234,0
1.85996147438716,0
1.86,0
1.86019262806422,0
1.86045175503484,0
1.86071214103114,0
1.86097387698997,0
1.86123588672865,0
1.86149794180511,0
1.86175997806932,0
1.86202197943718,0
1.86228394305944,0
1.86254586958054,0
1.86280776025066,0
1.86306961668629,0
1.86333144043847,0
1.86359323274135,0
1.86385499470804,0
1.86411672752842,0
1.86437843229781,0
1.86464010994943,0
1.86490176124851,0
1.86516338733966,0
1.86542498869898,0
1.86568656605282,0
1.86594812001366,0
1.8662096512676,0
1.86647116031129,0
1.86673264751107,0
1.86699411341388,0
1.86725555860704,0
1.8675169832668,0
1.86777838776663,0
1.8680397725368,0
1.86830113788956,0
1.86856248383323,0
1.86882381100124,0
1.86908511951871,0
1.86934640940143,0
1.86960768103506,0
1.86986893458183,0
1.87,0
1.87026200220427,0
1.87052139656546,0
1.8707823908256,0
1.87104365594842,0
1.87130497885825,0
1.87156629310108,0
1.87182758224038,0
1.87208884270935,0
1.87235007399832,0
1.87261127718858,0
1.87287245313094,0
1.87313360266059,0
1.87339472660559,0
1.87365582579689,0
1.87391690092525,0
1.87417795259846,0
1.87443898154837,0
1.87469998825978,0
1.87496097321229,0
1.87522193704457,0
1.87548288000774,0
1.87574380243376,0
1.87600470486992,0
1.87626558770311,0
1.87652645125498,0
1.87678729553184,0
1.87704812120034,0
1.87730892829926,0
1.87756971713479,0
1.87783048769484,0
1.87809124031194,0
1.87835197504328,0
1.87861269226761,0
1.87887339207473,0
1.87913407470912,0
1.87939474012749,0
1.87965538847554,0
1.87991601996176,0
1.88,0
1.88026165535079,0
1.88051978163548,0
1.88078007458581,0
1.88104074367336,0
1.88130149914093,0
1.88156225075145,0
1.88182297593584,0
1.88208366964023,0
1.88234433165333,0
1.88260496273146,0
1.88286556399508,0
1.88312613648688,0
1.88338668151661,0
1.88364719987436,0
1.88390769240867,0
1.88416816028233,0
1.88442860399257,0
1.88468902425128,0
1.8849494216368,0
1.88520979688188,0
1.88547015038829,0
1.88573048279055,0
1.88599079431929,0
1.88625108578519,0
1.88651135724585,0
1.88677160912832,0
1.88703184176393,0
1.88729205563659,0
1.88755225072988,0
1.88781242757352,0
1.8880725861532,0
1.88833272680679,0
1.88859284990178,0
1.88885295535255,0
1.88911304351633,0
1.88937311445911,0
1.88963316812516,0
1.88989320522905,0
1.89,0
1.89026093339107,0
1.89051878397108,0
1.89077852664019,0
1.89103859353242,0
1.89129873286189,0
1.89155886638942,0
1.89181897449405,0
1.89207905258181,0
1.89233910053448,0
1.89259911933764,0
1.89285911002272,0
1.89311907348622,0
1.89337901074803,0
1.89363892265976,0
1.89389881006368,0
1.89415867364731,0
1.89441851426958,0
1.89467833235109,0
1.89493812858235,0
1.89519790364297,0
1.89545765788799,0
1.89571739189381,0
1.89597710574582,0
1.89623680016455,0
1.89649647543771,0
1.89675613173925,0
1.89701576940599,0
1.89727538883612,0
1.8975349901718,0
1.89779457366169,0
1.89805413955479,0
1.89831368834331,0
1.89857321967893,0
1.89883273403861,0
1.89909223144993,0
1.89935171211877,0
1.89961117628248,0
1.89987062402646,0
1.9,0
1.90026020491218,0
1.90051778453022,0
1.9007769803167,0
1.90103644933274,0
1.90129597749641,0
1.90155549794729,0
1.90181499417555,0
1.90207446251985,0
1.90233390293618,0
1.90259331588225,0
1.9028527027222,0
1.9031120640352,0
1.90337140068573,0
1.9036307134961,0
1.90389000326656,0
1.9041492707488,0
1.9044085162387,0
1.90466774054497,0
1.90492694402079,0
1.90518612729365,0
1.90544529080019,0
1.90570443475319,0
1.90596355957557,0
1.90599999999998,0
1.906,0
1.90625910623072,0
1.90651397046834,0
1.90677249170757,0
1.90703169972976,0
1.90729107364261,0
1.90755045463594,0
1.90780980287517,0
1.90806910916238,0
1.90832837319753,0
1.90858759627603,0
1.90884678030318,0
1.90910592725164,0
1.9093650389511,0
1.90962411723261,0
1.90988316333178,0
1.91,0
1.91025985079919,0
1.91051681478166,0
1.91077554396366,0
1.91103456437791,0
1.91129364197911,0
1.91155270374909,0
1.91181173259147,0
1.91207072475235,0
1.91232968118078,0
1.91258860294955,0
1.91284749178052,0
1.91310634895168,0
1.91336517580519,0
1.91362397406493,0
1.91388274453488,0
1.9141414884198,0
1.91440020645143,0
1.91465889979672,0
1.91491756934631,0
1.91517621545549,0
1.91543483904345,0
1.9156934407287,0
1.91595202131881,0
1.91621058106846,0
1.91646912055125,0
1.91672764019825,0
1.91698614069316,0
1.91724462207399,0
1.91750308493805,0
1.91776152934838,0
1.91801995571708,0
1.91827836451399,0
1.91853675583665,0
1.91879512995184,0
1.91905348688554,0
1.91931182703598,0
1.91957015058611,0
1.91982845782518,0
1.92,0
1.92025880310382,0
1.92051584095935,0
1.92077396748489,0
1.92103227098393,0
1.92129060844559,0
1.92154893512347,0
1.92180724002024,0
1.92206552077631,0
1.92232377718416,0
1.92258201023796,0
1.92284022019553,0
1.92309840797225,0
1.92335657423114,0
1.92361471942039,0
1.9238728443841,0
1.92413094916173,0
1.92438903459351,0
1.92464710079457,0
1.92490514847712,0
1.92516317758215,0
1.92542118861727,0
1.92567918209406,0
1.92593715796156,0
1.9259698912854,0
1.92600262460924,0
1.92603031356164,0
1.92616875832361,0
1.92642117626152,0
1.92667456869922,0
1.92693010909078,0
1.92718620382232,0
1.92744252289511,0
1.92769896501952,0
1.92795549854348,0
1.92821211057671,0
1.92846879303381,0
1.9287255404867,0
1.92898234789195,0
1.92923921064913,0
1.92949612417185,0
1.92975308504067,0
1.93,0
1.93025710602799,0
1.93051404554776,0
1.93077114840029,0
1.93102830505922,0
1.93128549691961,0
1.93154271640519,0
1.93179996007709,0
1.93205722587406,0
1.93231451220268,0
1.93257181713187,0
1.93282913949432,0
1.93308647768475,0
1.93334383055092,0
1.93360119720294,0
1.93385857630071,0
1.93411596706556,0
1.93437336832733,0
1.9346307794624,0
1.9348881993701,0
1.93514562751397,0
1.93540306311643,0
1.93566050554808,0
1.93591795420135,0
1.9361754084787,0
1.93643286773462,0
1.93669033165961,0
1.9369477996359,0
1.93720527123411,0
1.93746274597928,0
1.93772022363396,0
1.93797770371444,0
1.93823518588085,0
1.93849266974001,0
1.93875015517233,0
1.93900764136644,0
1.93926512842768,0
1.93952261590646,0
1.93978010363784,0
1.94,0
1.94025771726088,0
1.94051467123242,0
1.94077210920317,0
1.94102962970985,0
1.94128716996602,0
1.94154471065172,0
1.94180224671635,0
1.94205977693614,0
1.94231730107799,0
1.94257481907867,0
1.94283233120258,0
1.94308983769194,0
1.94334733831982,0
1.94360483336588,0
1.94386232280994,0
1.94411980669472,0
1.94437728517546,0
1.94463475799338,0
1.94489222516803,0
1.94514968719567,0
1.94540714356198,0
1.94566459438106,0
1.94592203972596,0
1.94617947942516,0
1.94643691342354,0
1.9466943416791,0
1.94695176414085,0
1.94720918086287,0
1.94746659166071,0
1.94772399648671,0
1.94798139516983,0
1.94823878794571,0
1.94849617449025,0
1.94875355476591,0
1.9490109288118,0
1.9492682965308,0
1.94952565757014,0
1.94978301194293,0
1.95,0
1.95025758956544,0
1.95051434922775,0
1.95077162585803,0
1.95102898524063,0
1.95128636037964,0
1.95154373000624,0
1.95180108900516,0
1.95205843638162,0
1.95231577163616,0
1.95257309527643,0
1.95283040733412,0
1.95308770823158,0
1.95334499789917,0
1.95360227680426,0
1.95385954481977,0
1.95411680219444,0
1.95437404916087,0
1.95463128560724,0
1.95488851171216,0
1.95514572774512,0
1.95540293354722,0
1.9556601291786,0
1.95591731484525,0
1.95617449024444,0
1.95643165553532,0
1.95668881094113,0
1.95694595628287,0
1.95720309160612,0
1.95746021679549,0
1.95771733187126,0
1.95797443709195,0
1.95823153219888,0
1.95848861701899,0
1.95874569170017,0
1.95900275621218,0
1.95925981044404,0
1.95951685438429,0
1.95977388830412,0
1.96,0
1.96025720386466,0
1.96051376491054,0
1.96077071948798,0
1.9610277325627,0
1.96128475237352,0
1.96154176305404,0
1.9617987603642,0
1.96205574354372,0
1.96231271233028,0
1.96256966714252,0
1.9628266080723,0
1.9630835353849,0
1.96334044919217,0
1.96359734957784,0
1.96385423684418,0
1.96411111108118,0
1.96436797229283,0
1.96462482063201,0
1.96488165617073,0
1.96513847899209,0
1.96539528922996,0
1.96565208672211,0
1.96590887186598,0
1.96616564441496,0
1.96642240449709,0
1.96667915223656,0
1.96693588725244,0
1.96719260994293,0
1.96744932034821,0
1.96770601853204,0
1.96796270421684,0
1.96821937735648,0
1.96847603822203,0
1.96873268675231,0
1.96898932283329,0
1.96924594652616,0
1.96950255775413,0
1.96975915654177,0
1.97,0
1.97025667139478,0
1.9705130071406,0
1.97076953762207,0
1.97102609077624,0
1.97128264020159,0
1.9715391777406,0
1.97179570128494,0
1.97205221038469,0
1.97230870485927,0
1.97256518492685,0
1.97282165068025,0
1.97307810246678,0
1.97333454011599,0
1.97359096379914,0
1.97384737346864,0
1.97410376939364,0
1.97436015138921,0
1.97461651970807,0
1.97487287413738,0
1.97512921524684,0
1.97538554249329,0
1.97564185622955,0
1.97589815639518,0
1.97615444301017,0
1.97641071618083,0
1.97666697583144,0
1.97692322210841,0
1.97717945478248,0
1.97743567406049,0
1.97769187984109,0
1.9779480722679,0
1.97820425105406,0
1.97846041659155,0
1.97871656844369,0
1.97897270692319,0
1.97922883196817,0
1.97948494356513,0
1.97974104168372,0
1.98,0
1.98025605310637,0
1.98051215214125,0
1.98076819928878,0
1.98102422654768,0
1.98128023878956,0
1.98153623735164,0
1.9817922227829,0
1.98204819480665,0
1.98230415366034,0
1.98256009929526,0
1.98281603144811,0
1.98307195037263,0
1.98332785604433,0
1.98358374822935,0
1.98383962692122,0
1.984095492175,0
1.98435134398516,0
1.98460718250415,0
1.98486300725949,0
1.98511881853543,0
1.98537461616219,0
1.98563040029214,0
1.98588617082351,0
1.98614192764776,0
1.98639767105663,0
1.98665340080368,0
1.98690911685673,0
1.98716481925629,0
1.98742050780665,0
1.98767618267826,0
1.98793184379853,0
1.98818749120848,0
1.98844312475905,0
1.98869874471614,0
1.98895435092646,0
1.98920994331897,0
1.9894655220194,0
1.98972108682062,0
1.99,0
1.99025539190921,0
1.99051125224402,0
1.99076678674339,0
1.99102225518375,0
1.99127769676002,0
1.99153312382855,0
1.99178853927955,0
1.99204394369482,0
1.99229933702946,0
1.99255471908682,0
1.99281008998069,0
1.99306544910311,0
1.99332079646878,0
1.99357613193264,0
1.99383145528583,0
1.99408676621534,0
1.99434206485505,0
1.99459735078693,0
1.99485262404057,0
1.99510788454287,0
1.99536313216138,0
1.99561836683187,0
1.99587358849101,0
1.99612879705499,0
1.99638399227651,0
1.99663917439282,0
1.99689434315039,0
1.99714949838952,0
1.99740464031091,0
1.99765976877738,0
1.99791488379545,0
1.99816998529522,0
1.99842507329397,0
1.99868014761628,0
1.9989352085163,0
1.99919025570233,0
1.99944528915581,0
1.99970030893516,0
1.99995531489494,0
2,0
2.0002234255253,0
2.00047556472101,0
2.00072968775765,0
2.00098470426882,0
2.0012399071352,0
2.00149513089333,0
2.00175033077892,0
2.00200549633458,0
2.00226062619755,0
2.00251572153271,0
2.00277078389612,0
2.00302581461846,0
2.00328081533762,0
2.00353578766007,0
2.00379073261752,0
2.0040456512198,0
2.00430054478513,0
2.00455541419526,0
2.00481026025524,0
2.00506508381968,0
2.00531988567606,0
2.00557466644165,0
2.00582942685054,0
2.00608416728661,0
2.00633888838674,0
2.00659359057165,0
2.00684827433946,0
2.00710293998302,0
2.00735758798544,0
2.0076122185584,0
2.00786683209893,0
2.00812142893309,0
2.00837600919157,0
2.00863057330025,0
2.00888512102868,0
2.00913965300219,0
2.00939416931904,0
2.00964866988553,0
2.00990315518648,0
2.01,0
2.01025544200375,0
2.01050760356127,0
2.01076180178536,0
2.01101634157913,0
2.0112709589767,0
2.01152557065612,0
2.01178015617107,0
2.01203471121098,0
2.01228923586305,0
2.0125437310553,0
2.01279819791055,0
2.01305263787923,0
2.01330705211741,0
2.01356144135982,0
2.01381580669925,0
2.01407014916376,0
2.01432446928729,0
2.0145787680717,0
2.01483304607915,0
2.01508730379854,0
2.01534154197594,0
2.01559576115117,0
2.01584996155762,0
2.01610414369042,0
2.01635830821828,0
2.01661245520875,0
2.01686658505977,0
2.01712069809296,0
2.01737479448468,0
2.01762887461889,0
2.01788293862474,0
2.01813698676867,0
2.01839101933766,0
2.01864503631764,0
2.01889903792917,0
2.01915302441076,0
2.01940699587361,0
2.0196609525124,0
2.01991489425257,0
2.02,0
2.02025498390921,0
2.0205064358838,0
2.02076007323434,0
2.02101407816962,0
2.02126816821603,0
2.02152225371174,0
2.02177631266219,0
2.02203034062791,0
2.02228433731538,0
2.02253830416221,0
2.02279224237404,0
2.0230461530388,0
2.0233000375084,0
2.02355389685132,0
2.02380773200507,0
2.02406154396958,0
2.02431533366347,0
2.02456910156805,0
2.02482284864132,0
2.02507657551559,0
2.02533028270424,0
2.02558397064249,0
2.02583764000978,0
2.02609129118886,0
2.02634492457757,0
2.02659854053814,0
2.02685213949848,0
2.0271057216799,0
2.02735928729354,0
2.02761283694325,0
2.02786637059735,0
2.02811988853446,0
2.0283733908471,0
2.02862687771723,0
2.02888034953483,0
2.02913380648981,0
2.0293872485052,0
2.0296406757786,0
2.0298940885521,0
2.03,0
2.03025431468663,0
2.03050554082063,0
2.03075868884979,0
2.03101215663383,0
2.03126569634617,0
2.03151923001598,0
2.03177273827188,0
2.0320262174428,0
2.03227966709265,0
2.03253308856758,0
2.03278648304329,0
2.0330398516907,0
2.03329319550571,0
2.03354651549023,0
2.03379981257135,0
2.0340530876772,0
2.03430634171134,0
2.03455957494315,0
2.03481278839485,0
2.0350659823827,0
2.03531915763308,0
2.03557231456768,0
2.03582545357879,0
2.03607857503357,0
2.03633167938743,0
2.03658476704853,0
2.03683783825019,0
2.0370908932933,0
2.0373439323575,0
2.03759695567285,0
2.03784996372642,0
2.03810295655413,0
2.03835593434335,0
2.03860889709602,0
2.03886184523453,0
2.0391147786417,0
2.03936769775888,0
2.03962060255317,0
2.03987349308278,0
2.04,0
2.04025366308502,0
2.0405046696642,0
2.0407573331227,0
2.04101026873241,0
2.04126326401949,0
2.04151625167348,0
2.04176921553424,0
2.04202215215306,0
2.04227506171543,0
2.04252794490542,0
2.0427808028693,0
2.04303363665891,0
2.04328644730462,0
2.04353923566778,0
2.04379200240615,0
2.044044748337,0
2.0442974742708,0
2.04455018075354,0
2.04480286826684,0
2.04505553758632,0
2.045308188944,0
2.04556082278057,0
2.0458134396685,0
2.04606603965346,0
2.04631862335147,0
2.0465711910136,0
2.04682374261188,0
2.04707627886974,0
2.04732879971113,0
2.04758130550758,0
2.04783379646905,0
2.04808627270377,0
2.04833873423993,0
2.04859118137661,0
2.04884361427776,0
2.04909603298442,0
2.04934843757873,0
2.04960082838663,0
2.04985320525201,0
2.05,0
2.05025302018123,0
2.05050381281483,0
2.05075599783083,0
2.05100840814321,0
2.05126086596025,0
2.05151331508357,0
2.05176574205353,0
2.05201814389757,0
2.05227052081133,0
2.05252287331063,0
2.05277520254205,0
2.05302750937555,0
2.05327979467749,0
2.05353205928728,0
2.05378430383018,0
2.05403652901004,0
2.05428873536399,0
2.05454092336417,0
2.05479309361297,0
2.05504524640751,0
2.05529738223147,0
2.05554950135888,0
2.0558016042449,0
2.05605369129194,0
2.05630576255975,0
2.05655781862753,0
2.05680985936528,0
2.05706188523167,0
2.05731389624373,0
2.05756589280005,0
2.05781787500962,0
2.05806984282398,0
2.05832179660606,0
2.05857373655099,0
2.05882566265863,0
2.05907757492815,0
2.05932947369685,0
2.05958135887367,0
2.05983323057461,0
2.06,0
2.06025238640181,0
2.06050297065956,0
2.06075468304254,0
2.06100657436899,0
2.0612585015422,0
2.06151041910744,0
2.06176231607311,0
2.0620141901429,0
2.06226604154418,0
2.0625178710104,0
2.06276967905461,0
2.06302146655818,0
2.06327323437664,0
2.06352498301594,0
2.06377671300686,0
2.0640284249882,0
2.06428011945332,0
2.06453179668846,0
2.06478345715755,0
2.06503510145454,0
2.06528672965834,0
2.06553834213145,0
2.06578993912447,0
2.06604152096452,0
2.06629308799192,0
2.06654464025257,0
2.06679617793283,0
2.06704770133103,0
2.0672992106457,0
2.06755070600322,0
2.0678021875433,0
2.06805365525487,0
2.06830510919766,0
2.06855654960385,0
2.06880797663506,0
2.06905939055901,0
2.06931079107957,0
2.06956217856305,0
2.06981355302185,0
2.07,0
2.07025176223105,0
2.0705021432163,0
2.07075338820145,0
2.07100476672433,0
2.07125616991256,0
2.07150756247652,0
2.07175893628298,0
2.07201028974125,0
2.07226162276419,0
2.07251293591844,0
2.07276423006863,0
2.07301550568703,0
2.07326676313611,0
2.07351800302034,0
2.07376922579056,0
2.07402043193074,0
2.07427162193351,0
2.07452279603388,0
2.07477395444621,0
2.07502509740557,0
2.07527622546192,0
2.07552733863772,0
2.07577843752019,0
2.07602952180334,0
2.0762805919679,0
2.07653164824604,0
2.07678269060746,0
2.07703371926696,0
2.07728473452146,0
2.07753573611199,0
2.07778672437632,0
2.07803769950111,0
2.0782886614502,0
2.07853961028744,0
2.07879054621815,0
2.07904146926882,0
2.07929237948149,0
2.07954327705389,0
2.07979416172584,0
2.08,0
2.0802511467889,0
2.08050132977232,0
2.08075211250373,0
2.08100298444903,0
2.08125386953966,0
2.0815047434402,0
2.08175560063145,0
2.08200643982496,0
2.08225726109088,0
2.0825080648061,0
2.08275885171157,0
2.08300962191125,0
2.08326037589342,0
2.08351111417628,0
2.08376183685587,0
2.08401254459157,0
2.08426323725861,0
2.08451391527142,0
2.08476457891136,0
2.08501522811756,0
2.08526586325554,0
2.0855164846193,0
2.08576709242589,0
2.08601768657093,0
2.0862682672427,0
2.08651883461666,0
2.08676938893651,0
2.08701993017378,0
2.08727045839043,0
2.08752097380041,0
2.08777147635946,0
2.08802196619224,0
2.08827244341556,0
2.08852290797671,0
2.08877336007053,0
2.08902379953211,0
2.08927422670354,0
2.08952464136117,0
2.08977504368353,0
2.09,0
2.09025054038289,0
2.09050052997759,0
2.09075085547293,0
2.09100122614281,0
2.09125159898659,0
2.09150196034063,0
2.09175230701882,0
2.09200263817598,0
2.09225295406987,0
2.09250325493039,0
2.09275354115194,0
2.09300381285989,0
2.09325407007309,0
2.09350431334316,0
2.09375454270605,0
2.09400475840805,0
2.09425496046861,0
2.0945051492973,0
2.09475532488454,0
2.09500548728125,0
2.09525563658436,0
2.09550577318345,0
2.09575589690577,0
2.09600600779605,0
2.09625610616415,0
2.09650619204658,0
2.09675626543343,0
2.09700632625328,0
2.09725637469244,0
2.09750641089834,0
2.09775643476738,0
2.09800644657295,0
2.0982564462151,0
2.09850643342408,0
2.09875640864015,0
2.0990063717357,0
2.09925632279168,0
2.09950626182208,0
2.0997561887676,0
2.1,0
2.10024994213125,0
2.10049974294694,0
2.10074961581342,0
2.10099949061903,0
2.10124935681508,0
2.10149921140141,0
2.10174905356689,0
2.101998882992,0
2.10224869982927,0
2.10249850425165,0
2.1027482961293,0
2.10299807568545,0
2.10324784282185,0
2.10349759750827,0
2.1037473400323,0
2.10399707052909,0
2.10424678883258,0
2.10449649505058,0
2.10474618937914,0
2.10499587174131,0
2.10524554210945,0
2.10549520057026,0
2.10574484700123,0
2.1059944815308,0
2.106244104246,0
2.10649371510417,0
2.10674331421038,0
2.10699290136378,0
2.10724247692749,0
2.10749204062685,0
2.1077415927814,0
2.10799113311397,0
2.10824066165425,0
2.10849017855995,0
2.10873968371778,0
2.10898917721633,0
2.10923865917926,0
2.10948812955759,0
2.109737588194,0
2.11,0
2.11024935217996,0
2.11049896857123,0
2.11074839354986,0
2.110997777808,0
2.11124714326455,0
2.11149649680193,0
2.11174584028736,0
2.11199517390138,0
2.11224449771518,0
2.11249381154396,0
2.11274311512196,0
2.11299240882311,0
2.11324169198416,0
2.11349096478372,0
2.11374022703162,0
2.11398947861878,0
2.11423871970221,0
2.11448794997192,0
2.1147371695006,0
2.11498637812392,0
2.11523557586485,0
2.11548476269061,0
2.11573393853606,0
2.1159831033574,0
2.11623225710442,0
2.11648139973092,0
2.1167305312102,0
2.11697965154212,0
2.1172287607288,0
2.11747785883656,0
2.11772694577896,0
2.11797602132866,0
2.11822508583893,0
2.11847413902244,0
2.11872318097967,0
2.11897221173227,0
2.11922123119103,0
2.11947023928904,0
2.1197192361075,0
2.11996822174677,0
2.12,0
2.12015889126616,0
2.12040520382414,0
2.12065237577742,0
2.12090126272648,0
2.12115048037628,0
2.12139975855465,0
2.12164901958955,0
2.12189824498495,0
2.12214743211934,0
2.12239658168909,0
2.1226456958372,0
2.12289477671989,0
2.12314382602233,0
2.12339284576868,0
2.12364183751621,0
2.12389080259931,0
2.12413974249735,0
2.12438865849585,0
2.12463755170076,0
2.12488642313157,0
2.12513527378675,0
2.12538410442173,0
2.12563291582116,0
2.12588170877432,0
2.1261304836691,0
2.1263792412084,0
2.12662798200416,0
2.12687670683698,0
2.12712541570775,0
2.12737410910445,0
2.12762278754605,0
2.12787145123423,0
2.12812010057524,0
2.12836873575564,0
2.12861735706057,0
2.12886596483315,0
2.12911455925456,0
2.12936314022338,0
2.12961170835373,0
2.12986026350045,0
2.13,0
2.13024923539147,0
2.13049613195244,0
2.130744500206,0
2.13099310315212,0
2.13124175665538,0
2.13149040193904,0
2.13173902528083,0
2.13198762374718,0
2.13223619759282,0
2.13248474751342,0
2.13273327502406,0
2.13298178085441,0
2.13323026584212,0
2.13347873102095,0
2.13372717702151,0
2.13397560456676,0
2.13422401444592,0
2.13447240726528,0
2.13472078341431,0
2.13496914346266,0
2.1352174877725,0
2.13546581677943,0
2.13571413097832,0
2.13596243056407,0
2.1362107158485,0
2.13645898709993,0
2.13670724472386,0
2.13695548908088,0
2.13720372002799,0
2.1374519378721,0
2.13770014286882,0
2.13794833512965,0
2.13819651495951,0
2.13844468225159,0
2.13869283715276,0
2.13894097989207,0
2.13918911050532,0
2.1394372290434,0
2.13968533588384,0
2.13993343091521,0
2.14,0
2.14024924351841,0
2.14049459745064,0
2.14074238569352,0
2.14099057651275,0
2.14123886254519,0
2.14148714590892,0
2.14173540311442,0
2.1419836292399,0
2.14223182454615,0
2.14247999028377,0
2.14272812796724,0
2.14297623919238,0
2.14322432520717,0
2.14347238717959,0
2.14372042654529,0
2.14396844418832,0
2.14421644126915,0
2.14446441852388,0
2.14471237655891,0
2.14496031642793,0
2.14520823861117,0
2.14545614360763,0
2.14570403228382,0
2.14595190466608,0
2.14619976161729,0
2.1464476033971,0
2.14669543042982,0
2.14694324311222,0
2.14719104165957,0
2.14743882636013,0
2.14768659748228,0
2.14793435526956,0
2.1481821000344,0
2.14842983185825,0
2.14867755093718,0
2.14892525743471,0
2.14917295159909,0
2.14942063344549,0
2.14966830328018,0
2.14991596098996,0
2.15,0
2.15024869347894,0
2.15049387056426,0
2.1507412551158,0
2.15098900099362,0
2.15123683111738,0
2.15148465698288,0
2.15173245753542,0
2.15198022828776,0
2.15222796960228,0
2.15247568263071,0
2.15272336888807,0
2.15297102960932,0
2.15321866644481,0
2.15346628061192,0
2.15371387280643,0
2.15396144417433,0
2.15420899568753,0
2.15445652795404,0
2.15470404200879,0
2.15495153829922,0
2.1551990176506,0
2.15544648048973,0
2.15569392742296,0
2.15594135886528,0
2.15618877511154,0
2.15643617674855,0
2.15668356413143,0
2.1569309375961,0
2.15717829720375,0
2.15742564324905,0
2.15767297609493,0
2.15792029606382,0
2.1581676030479,0
2.15841489773134,0
2.15866217998671,0
2.15890944978803,0
2.15915670754799,0
2.15940395337908,0
2.15965118726903,0
2.15989840944188,0
2.16,0
2.16024814877583,0
2.16049315437133,0
2.16074013638289,0
2.16098743861917,0
2.16123481420398,0
2.16148218432852,0
2.1617295304086,0
2.16197684841913,0
2.16222413862274,0
2.16247140222067,0
2.16271864052923,0
2.16296585489245,0
2.16321304672902,0
2.1634602166475,0
2.16370736583019,0
2.16395449531793,0
2.16420160599244,0
2.16444869838996,0
2.16469577315699,0
2.16494283112837,0
2.16518987271826,0
2.16543689850004,0
2.16568390903084,0
2.16593090449506,0
2.16617788556515,0
2.16642485249644,0
2.16667180548256,0
2.16691874496847,0
2.16716567111495,0
2.16741258409168,0
2.16765948431494,0
2.16790637199048,0
2.16815324732853,0
2.16840011036735,0
2.1686469614488,0
2.1688938003958,0
2.16914062755795,0
2.16938744294192,0
2.16963424670202,0
2.16988103916502,0
2.17,0
2.1702476056787,0
2.17049244396524,0
2.17073902723933,0
2.17098589015545,0
2.17123281589943,0
2.17147973533126,0
2.1717266318343,0
2.17197350194678,0
2.172220346311,0
2.17246716575787,0
2.17271396155921,0
2.17296073481743,0
2.17320748672789,0
2.1734542182178,0
2.17370093014368,0
2.17394762344379,0
2.17419429868586,0
2.17444095661973,0
2.17468759787549,0
2.17493422298519,0
2.17518083252688,0
2.17542742703575,0
2.17567400689964,0
2.17592057242085,0
2.1761671239684,0
2.17641366190518,0
2.1766601865036,0
2.17690669801873,0
2.1771531965752,0
2.17739968253426,0
2.17764615610018,0
2.17789261761768,0
2.17813906693784,0
2.17838550426124,0
2.17863192991478,0
2.17887834386603,0
2.17912474622688,0
2.17937113726125,0
2.17961751686529,0
2.1798638851958,0
2.18,0
2.18024706792152,0
2.18049174305883,0
2.18073793145802,0
2.18098435944319,0
2.18123084000596,0
2.18147731336864,0
2.18172376505537,0
2.18197019240012,0
2.1822165959507,0
2.18246297621846,0
2.18270933448115,0
2.18295567177416,0
2.18320198917587,0
2.1834482874251,0
2.18369456759819,0
2.18394083010055,0
2.18418707565802,0
2.18443330485188,0
2.1846795183181,0
2.18492571643802,0
2.18517189976965,0
2.18541806859941,0
2.18566422340131,0
2.18591036464856,0
2.18615649254749,0
2.18640260711763,0
2.18664870894625,0
2.18689479806516,0
2.18714087487467,0
2.18738693950605,0
2.18763299209662,0
2.18787903296674,0
2.18812506203535,0
2.18837107945989,0
2.18861708555412,0
2.18886308034145,0
2.18910906390545,0
2.18935503617894,0
2.18960099739995,0
2.18984694772923,0
2.19,0
2.19024653761208,0
2.1904910533274,0
2.19073685062109,0
2.19098284805076,0
2.19122888783852,0
2.19147491969579,0
2.19172093161513,0
2.19196692126294,0
2.19221288887762,0
2.19245883527592,0
2.1927047614816,0
2.19295066839682,0
2.19319655675615,0
2.19344242733482,0
2.1936882809625,0
2.19393411807548,0
2.19417993925154,0
2.19442574510534,0
2.19467153613628,0
2.19491731274689,0
2.19516307533792,0
2.19540882403468,0
2.19565455970322,0
2.1959002819998,0
2.19614599157786,0
2.19639168868652,0
2.1966373733803,0
2.19688304607037,0
2.19712870677669,0
2.19737435574716,0
2.19761999311551,0
2.19786561901367,0
2.19811123347623,0
2.19835683686051,0
2.198602429009,0
2.19884801007702,0
2.1990935803725,0
2.19933913971099,0
2.19958468836041,0
2.19983022623639,0
2.2,0
2.20024601434803,0
2.20049037424072,0
2.20073578406665,0
2.20098135518587,0
2.20122695902133,0
2.20147255429733,0
2.20171813108671,0
2.20196368752678,0
2.20220922421306,0
2.20245474166895,0
2.20270024059777,0
2.20294572192214,0
2.20319118617375,0
2.20343663414309,0
2.2036820662777,0
2.20392748324518,0
2.20417288547034,0
2.20441827333392,0
2.20466364743965,0
2.20490900804283,0
2.20515435518536,0
2.20539968942115,0
2.20564501104938,0
2.20589032025528,0
2.2061356174099,0
2.20638090240674,0
2.20662617562694,0
2.20687143711568,0
2.20711668713604,0
2.20736192582366,0
2.20760715337648,0
2.20785236994266,0
2.20809757544169,0
2.20834277011717,0
2.20858795379089,0
2.20883312690806,0
2.20907828948031,0
2.20932344144278,0
2.2095685828105,0
2.20981371373474,0
2.21,0
2.21024549693454,0
2.21048970466419,0
2.21073473063326,0
2.21097987968587,0
2.21122505174218,0
2.21147021456835,0
2.21171536095005,0
2.21196048933774,0
2.21220559998172,0
2.21245069340644,0
2.21269577019858,0
2.21294083109958,0
2.21318587657636,0
2.21343090706816,0
2.21367592318366,0
2.21392092530298,0
2.21416591400655,0
2.21441088933286,0
2.21465585175072,0
2.21490080119199,0
2.21514573823845,0
2.21539066332019,0
2.21563557645822,0
2.21588047771153,0
2.21612536736695,0
2.21637024570999,0
2.21661511289219,0
2.2168599687574,0
2.21710481360931,0
2.21734964749051,0
2.2175944708461,0
2.21783928333984,0
2.21808408521327,0
2.21832887658835,0
2.2185736574202,0
2.21881842788358,0
2.2190631882471,0
2.2193079381032,0
2.2195526777012,0
2.21979740722955,0
2.22,0
2.2202449868765,0
2.22048904577726,0
2.2207336913045,0
2.22097842201571,0
2.22122316660822,0
2.22146790180959,0
2.2217126222608,0
2.22195732710164,0
2.22220201643549,0
2.22244669046561,0
2.22269135012558,0
2.222935995399,0
2.2231806270534,0
2.2234252452518,0
2.22366985034296,0
2.22391444289685,0
2.22415902279384,0
2.22440359060642,0
2.22464814636031,0
2.22489269043821,0
2.22513722295387,0
2.22538174387755,0
2.22562625364342,0
2.22587075220511,0
2.22611523985546,0
2.22635971679099,0
2.22660418303801,0
2.22684863852766,0
2.22709308363172,0
2.22733751819095,0
2.22758194250981,0
2.22782635620825,0
2.22807075980867,0
2.22831515323133,0
2.22855953651175,0
2.22880390985784,0
2.22904827313753,0
2.22929262641077,0
2.22953696966332,0
2.22978130308238,0
2.23,0
2.23024448267409,0
2.23048839602942,0
2.23073266476814,0
2.23097698169422,0
2.23122130303344,0
2.23146561492636,0
2.2317099140797,0
2.23195419986193,0
2.23219847254359,0
2.23244273226066,0
2.23268697941965,0
2.23293121420116,0
2.23317543684134,0
2.23341964771308,0
2.23366384674719,0
2.23390803442658,0
2.23415221082043,0
2.234396376043,0
2.23464053033392,0
2.23488467372067,0
2.23512880639115,0
2.23537292854742,0
2.23561704019639,0
2.23586114132173,0
2.23610523216216,0
2.23634931276416,0
2.23659338308713,0
2.23683744330526,0
2.23708149361336,0
2.23732553382788,0
2.23756956418255,0
2.23781358462682,0
2.23805759505573,0
2.23830159562986,0
2.23854558655371,0
2.23878956773418,0
2.23903353904876,0
2.23927750081647,0
2.23952145292204,0
2.23976539529423,0
2.24,0
2.24024398472208,0
2.24048775599021,0
2.24073165137603,0
2.2409755581863,0
2.24121946053692,0
2.24146335347162,0
2.24170723568528,0
2.24195110698225,0
2.24219496755927,0
2.24243881741773,0
2.24268265665674,0
2.24292648546116,0
2.24317030384079,0
2.24341411204278,0
2.24365790995873,0
2.24390169768252,0
2.24414547538698,0
2.24438924297345,0
2.24463300081861,0
2.24487674872642,0
2.24512048679383,0
2.24536421501917,0
2.24560793357132,0
2.24585164239533,0
2.24609534141643,0
2.24633903075084,0
2.24658271074365,0
2.24682638090188,0
2.24707004159264,0
2.24731369277836,0
2.24755733430744,0
2.24780096648608,0
2.24804458894279,0
2.24828820202668,0
2.24853180573777,0
2.24877539989672,0
2.24901898475196,0
2.24926256025195,0
2.24950612615207,0
2.24974968278016,0
2.25,0
2.25024349299353,0
2.25048712503117,0
2.25073065003911,0
2.25097415045887,0
2.25121763790994,0
2.25146111596406,0
2.2517045855828,0
2.2519480468429,0
2.25219149975368,0
2.25243494427165,0
2.25267838025064,0
2.25292180764897,0
2.25316522652492,0
2.25340863668743,0
2.25365203804843,0
2.25389543054282,0
2.25413881450067,0
2.25438218969381,0
2.25462555582314,0
2.25486891301472,0
2.25511226138986,0
2.25535560076732,0
2.2555989310954,0
2.25584225234195,0
2.25608556467241,0
2.2563288679535,0
2.25657216206542,0
2.25681544714384,0
2.25705872322434,0
2.25730199020651,0
2.25754524815514,0
2.25778849704358,0
2.25803173660766,0
2.25827496723809,0
2.25851818861873,0
2.25876140092858,0
2.25900460407925,0
2.25924779813657,0
2.25949098302223,0
2.25973415879883,0
2.26,0
2.26024300746166,0
2.26048650366659,0
2.26072966188578,0
2.26097275995535,0
2.26121583654151,0
2.26145890403514,0
2.26170196516887,0
2.26194502074482,0
2.26218807043333,0
2.26243111415147,0
2.26267415158802,0
2.26291718229257,0
2.26316020626986,0
2.26340322323119,0
2.26364623292407,0
2.26388923532546,0
2.26413223016479,0
2.26437521744751,0
2.26461819684899,0
2.26486116828572,0
2.26510413150277,0
2.26534708680855,0
2.26559003388185,0
2.26583297272252,0
2.26607590312797,0
2.26631882513535,0
2.26656173857044,0
2.2668046433985,0
2.26704753967849,0
2.26729042743497,0
2.2675333064478,0
2.26777617685795,0
2.2680190384649,0
2.26826189126216,0
2.26850473524818,0
2.26874757053639,0
2.26899039694885,0
2.26923321455213,0
2.26947602333609,0
2.26971882324449,0
2.26996161423497,0
2.27,0
2.27019192882515,0
2.27043190788998,0
2.27067352508834,0
2.27091633980529,0
2.27115938746085,0
2.27140246818993,0
2.27164552673636,0
2.27188855100386,0
2.27213153943104,0
2.27237449387381,0
2.27261741598337,0
2.27286030840468,0
2.27310317250638,0
2.27334601029619,0
2.27358882341237,0
2.27383161328323,0
2.27407438130247,0
2.27431712876648,0
2.27455985646001,0
2.27480256533767,0
2.27504525655493,0
2.27528793078937,0
2.27553058890257,0
2.27577323138297,0
2.27601585890679,0
2.27625847214493,0
2.27650107147533,0
2.27674365733535,0
2.27698623028268,0
2.27722879057577,0
2.27747133869152,0
2.27771387476607,0
2.27795639900753,0
2.27819891182033,0
2.27844141352913,0
2.27868390401902,0
2.27892638382194,0
2.27916885304592,0
2.27941131179453,0
2.27965376012167,0
2.27989619836424,0
2.28,0
2.28024334602415,0
2.28048362584017,0
2.28072585238487,0
2.28096838482064,0
2.28121098749206,0
2.28145358411641,0
2.28169615729447,0
2.28193870343151,0
2.28218122304044,0
2.28242371754073,0
2.28266618831586,0
2.28290863651935,0
2.28315106363437,0
2.28339347065102,0
2.28363585876302,0
2.28387822868077,0
2.28412058149961,0
2.28436291775703,0
2.2846052383857,0
2.28484754384851,0
2.28508983489432,0
2.28533211170022,0
2.28557437509776,0
2.28581662553862,0
2.28605886331746,0
2.28630108857229,0
2.28654330183268,0
2.28678550337437,0
2.28702769348121,0
2.28726987251081,0
2.28751204041896,0
2.28775419755137,0
2.28799634400718,0
2.28823848016288,0
2.28848060594892,0
2.28872272166779,0
2.28896482736971,0
2.2892069231745,0
2.2894490091298,0
2.28969108535094,0
2.28993315185608,0
2.29,0
2.29024322215591,0
2.2904825672057,0
2.29072436244029,0
2.29096654822013,0
2.29120882665499,0
2.29145110168552,0
2.29169335096236,0
2.29193556999785,0
2.29217775916616,0
2.29241992010835,0
2.29266205453972,0
2.29290416406465,0
2.29314625017946,0
2.29338831421389,0
2.29363035748839,0
2.29387238096293,0
2.2941143857766,0
2.29435637275645,0
2.29459834279525,0
2.29484029663035,0
2.29508223498819,0
2.29532415873898,0
2.29556606798002,0
2.2958079635918,0
2.29604984592489,0
2.29629171527728,0
2.2965335721317,0
2.29677541689332,0
2.29701724977121,0
2.29725907117365,0
2.29750088135312,0
2.29774268054452,0
2.29798446883286,0
2.29822624657344,0
2.29846801374295,0
2.29870977078508,0
2.29895151764819,0
2.29919325452157,0
2.29943498149973,0
2.29967669881513,0
2.29991840635118,0
2.3,0
2.30024277389601,0
2.30048198680988,0
2.30072345100269,0
2.30096527076774,0
2.30120717381033,0
2.30144907238416,0
2.3016909459269,0
2.30193279077405,0
2.30217460708588,0
2.30241639628909,0
2.30265816030623,0
2.30289990044714,0
2.30314161805821,0
2.30338331461767,0
2.30362499128796,0
2.30386664895491,0
2.30410828868836,0
2.30434991136156,0
2.30459151773652,0
2.30483310861553,0
2.30507468443688,0
2.30531624588775,0
2.30555779362598,0
2.30579932796046,0
2.30604084936806,0
2.30628235840635,0
2.30652385521837,0
2.30676534030515,0
2.30700681383157,0
2.30724827612969,0
2.30748972745275,0
2.30773116806742,0
2.30797259805362,0
2.30821401759901,0
2.30845542710179,0
2.30869682662067,0
2.30893821603204,0
2.30917959574572,0
2.30942096579421,0
2.30966232629111,0
2.30990367724638,0
2.31,0
2.31024230941079,0
2.31048139370745,0
2.31072252812753,0
2.31096398349424,0
2.31120551316604,0
2.31144703740906,0
2.31168853780691,0
2.31193001111098,0
2.31217145723308,0
2.31241287788755,0
2.31265427466495,0
2.31289564862236,0
2.31313700147832,0
2.31337833409304,0
2.31361964778515,0
2.31386094332951,0
2.3141022217066,0
2.31434348386073,0
2.3145847303192,0
2.3148259619685,0
2.31506717932763,0
2.31530838278507,0
2.31554957296001,0
2.31579075017063,0
2.31603191511862,0
2.31627306791257,0
2.3165142089628,0
2.31675533856979,0
2.3169964570553,0
2.31723756469301,0
2.31747866167098,0
2.3177197481891,0
2.31796082434409,0
2.31820189033527,0
2.31844294654884,0
2.31868399284494,0
2.31892502946754,0
2.3191660566651,0
2.31940707433669,0
2.31964808263824,0
2.31988908167049,0
2.32,0
2.32024185653779,0
2.32048081598591,0
2.32072162369074,0
2.32096271811093,0
2.32120387801437,0
2.32136673153311,0
2.32152958505185,0
2.32176183761861,0
2.32199396573402,0
2.32222759603623,0
2.32246190731654,0
2.32269673472502,0
2.32293199468029,0
2.3231676510252,0
2.32340367665649,0
2.32364005216837,0
2.32387675524539,0
2.32411376498931,0
2.32435106250297,0
2.32458863002029,0
2.32482645271988,0
2.32506451383597,0
2.32530279839361,0
2.32554129346017,0
2.32577998703614,0
2.32601886778978,0
2.32625792561793,0
2.32649715127444,0
2.32673653588551,0
2.3269760715253,0
2.3272157506736,0
2.32745556665618,0
2.32769551320198,0
2.32793558444889,0
2.32817577534459,0
2.32841608078375,0
2.32865649626816,0
2.32889701767259,0
2.32913764108052,0
2.32937836311599,0
2.32961918037341,0
2.32986008987359,0
2.33,0
2.33023705952594,0
2.33047673729246,0
2.33071807958341,0
2.33095954579577,0
2.33120112868072,0
2.33144277985429,0
2.33168449229227,0
2.33192626381973,0
2.33216809392478,0
2.33240998233221,0
2.33265192866446,0
2.33289393251319,0
2.33313599353482,0
2.33337811150362,0
2.33362028578754,0
2.33386251647849,0
2.33410480265011,0
2.33434714394043,0
2.33458953973258,0
2.33483198950023,0
2.33507449274917,0
2.33531704888308,0
2.33555965734519,0
2.33580231765611,0
2.33604502924265,0
2.33628779134905,0
2.33653060379406,0
2.33677346578473,0
2.33701637681486,0
2.33725933617925,0
2.33750234342549,0
2.33774539783553,0
2.33798849888107,0
2.33823164640353,0
2.33847484094059,0
2.33871808156646,0
2.3389613681096,0
2.33920469969198,0
2.33944807555869,0
2.3396914955356,0
2.33993495885532,0
2.34,0
2.34024473153472,0
2.34048536654663,0
2.34072865044362,0
2.34097239908389,0
2.34121630448475,0
2.34146047410786,0
2.34170528989038,0
2.34194975293436,0
2.34219513254933,0
2.34243913162285,0
2.34268298046112,0
2.34292682871974,0
2.34317074671705,0
2.34341479558516,0
2.34365901696712,0
2.34390336491379,0
2.34414784653345,0
2.34439256347892,0
2.34463753272596,0
2.34488276465004,0
2.34512793546549,0
2.34537304162525,0
2.34561807549815,0
2.34586303527571,0
2.3461079211238,0
2.34635273370924,0
2.34659747487559,0
2.34684214615442,0
2.34708674990609,0
2.34733128858263,0
2.34757576499566,0
2.34782018190117,0
2.3480645422013,0
2.3483088486931,0
2.34855310440321,0
2.3487973120941,0
2.34904147473555,0
2.34928559517643,0
2.34952967611894,0
2.34977372029253,0
2.35,0
2.35024338285754,0
2.35048764651911,0
2.35073236461935,0
2.35097726522726,0
2.35122226976441,0
2.35146734514489,0
2.35171248174922,0
2.35195768740825,0
2.35220300221039,0
2.35244842444848,0
2.35269395389744,0
2.35293958908174,0
2.35318532845986,0
2.35343116244021,0
2.35367693562275,0
2.35392265192503,0
2.35416831155594,0
2.35441391653845,0
2.354659469748,0
2.35490497364465,0
2.3551504305536,0
2.35539584303794,0
2.35564121316263,0
2.35588654290359,0
2.35613183429027,0
2.35637708926932,0
2.35662230944992,0
2.35686749660553,0
2.35711265226662,0
2.35735777796105,0
2.35760287504345,0
2.35784794501037,0
2.35809298892256,0
2.35833800818832,0
2.358583003807,0
2.3588279769158,0
2.35907292853828,0
2.35931785972886,0
2.35956277124748,0
2.35980766428804,0
2.36,0
2.36024504526884,0
2.36048907140206,0
2.36073386860833,0
2.36097882252364,0
2.36122382535229,0
2.36146883839496,0
2.36171384824682,0
2.36195884714637,0
2.36220383866212,0
2.36244881342103,0
2.36269378929421,0
2.36293875875075,0
2.36318372385614,0
2.36342868463104,0
2.36367363993746,0
2.36391858888603,0
2.36416353068624,0
2.36440846384039,0
2.36465338596309,0
2.36489829552917,0
2.36514319184016,0
2.36538807609859,0
2.36563294722306,0
2.36587780554074,0
2.36612265139878,0
2.36636748494179,0
2.36661230682237,0
2.36685711727064,0
2.36710191674775,0
2.36734670541676,0
2.36759148364095,0
2.36783625170977,0
2.36808100962846,0
2.36832575760815,0
2.36857049575307,0
2.3688152241441,0
2.36905994292413,0
2.36930465200237,0
2.36954935135775,0
2.36979404100235,0
2.37,0
2.37024483856757,0
2.37048877531244,0
2.3707332898607,0
2.37097788163776,0
2.37122248260179,0
2.37146707019683,0
2.37171164015906,0
2.37195619129424,0
2.37220072220491,0
2.37244523329508,0
2.37268972438372,0
2.37293419557186,0
2.3731786468307,0
2.37342307798952,0
2.37366748918006,0
2.37370246173418,0
2.3737374342883,0
2.37391229705889,0
2.37394140810366,0
2.37397051914843,0
2.37411607437231,0
2.37433769723496,0
2.37456032253843,0
2.37478521881153,0
2.37501168969093,0
2.37523950963607,0
2.37546857227596,0
2.37569880231352,0
2.37593013380023,0
2.37616242385943,0
2.37639530633813,0
2.37662883813071,0
2.37686303036811,0
2.37709789445727,0
2.37733341241244,0
2.37756949792669,0
2.37780612874718,0
2.37804328177588,0
2.37828093617653,0
2.37851908692552,0
2.37875774876832,0
2.37899690003826,0
2.37923652140486,0
2.37947663477966,0
2.37971723076837,0
2.37995828667693,0
2.38,0
2.38020856661537,0
2.38044817539433,0
2.38069219733853,0
2.38093536904824,0
2.38117875474023,0
2.38142235640497,0
2.38166622442094,0
2.38191037074476,0
2.38215479744982,0
2.38239950312501,0
2.38264448561725,0
2.38288974230033,0
2.38313526927229,0
2.38338106144505,0
2.38362711731267,0
2.38387343362526,0
2.38412000789994,0
2.38436683746864,0
2.38461391968941,0
2.38486125207403,0
2.38510883225027,0
2.38535665811309,0
2.38560472756979,0
2.38585303836613,0
2.38610158839611,0
2.38635037550777,0
2.38659939723932,0
2.38684865180146,0
2.38709813714601,0
2.3873478511429,0
2.38759779582118,0
2.38784797920561,0
2.38809838389534,0
2.38834900821324,0
2.38859984962848,0
2.38885091121437,0
2.38910220724758,0
2.38935373526368,0
2.38960549354343,0
2.38985742571589,0
2.39,0
2.39025291185539,0
2.39050302819619,0
2.39075522141707,0
2.39100793324672,0
2.39126096063857,0
2.39151423430242,0
2.39176772795728,0
2.39202137935324,0
2.39227515292341,0
2.39252904857499,0
2.39278306658584,0
2.39303720738384,0
2.39329147201779,0
2.39354586052426,0
2.39380037320611,0
2.39401882672482,0
2.39427686307683,0
2.39454164390808,0
2.39480423447755,0
2.3950603187851,0
2.39532139454838,0
2.39557912035099,0
2.39583633697692,0
2.39609080885379,0
2.39634245038933,0
2.39659183963411,0
2.39684130405302,0
2.39709241462259,0
2.39734577782805,0
2.39758407837328,0
2.39780188976069,0
2.39805919662962,0
2.39828492228333,0
2.39849080447162,0
2.39869668665991,0
2.39894568702207,0
2.39919379673898,0
2.39944285864112,0
2.3996933663147,0
2.39994561682071,0
2.4,0
2.40010354724611,0
2.40036040221386,0
2.40061895820317,0
2.40087411435823,0
2.40112494842801,0
2.40137489208006,0
2.40162491893493,0
2.40187556130435,0
2.40212741871384,0
2.40238061229194,0
2.40263532375534,0
2.4028917513597,0
2.40315048144423,0
2.40337855757278,0
2.40363907707572,0
2.40388141970151,0
2.40413143747464,0
2.40436902787647,0
2.40463001701946,0
2.40485974222499,0
2.40512060673488,0
2.40536759445023,0
2.40560756627157,0
2.40586890029989,0
2.40610231623033,0
2.40636356952528,0
2.40660801913163,0
2.40686223671375,0
2.40710038630786,0
2.40736191792357,0
2.40760565939096,0
2.40786769528506,0
2.40809538954963,0
2.40835679414542,0
2.40861802758375,0
2.40885115056889,0
2.40911264556843,0
2.40937480872868,0
2.40960317472461,0
2.40986470363235,0
2.41,0
2.41026221172402,0
2.41052131118834,0
2.41076858588083,0
2.41101530820917,0
2.41127774675247,0
2.41152359245348,0
2.41178653899357,0
2.41202803576167,0
2.41229059258831,0
2.41254477354846,0
2.4127913172522,0
2.41305374016876,0
2.4133067217022,0
2.41355682163343,0
2.41381934590302,0
2.41405917092304,0
2.4143294560347,0
2.41459394832559,0
2.41484484098557,0
2.41511298556995,0
2.41536062469588,0
2.41562788822119,0
2.4158952410118,0
2.41614392672348,0
2.41638290702368,0
2.41665066573464,0
2.41690329911585,0
2.41715461944035,0
2.41740759845061,0
2.41765752856009,0
2.41790462472158,0
2.41816661597767,0
2.41842783163325,0
2.41868663162861,0
2.41894269671719,0
2.41920288189418,0
2.41946375473768,0
2.41972544503728,0
2.42,0
2.42022947409795,0
2.42049252927535,0
2.42075306873255,0
2.42101298419854,0
2.42127224615056,0
2.42153084799011,0
2.42178899602476,0
2.42204675662905,0
2.42230420340145,0
2.42256142685976,0
2.42281853418065,0
2.42307570168713,0
2.42333292711421,0
2.42358924352326,0
2.42384620239672,0
2.42410482530893,0
2.42436257374865,0
2.42462106131406,0
2.42488028267793,0
2.42514036111556,0
2.42539990120288,0
2.42566084914744,0
2.42592205558457,0
2.42618284868959,0
2.42644379473372,0
2.42670328244933,0
2.42696337791947,0
2.42722294469206,0
2.42748194277666,0
2.42774086261733,0
2.42799939277322,0
2.42825800297258,0
2.42851540875383,0
2.42877465696171,0
2.42903233855104,0
2.4292892192511,0
2.42954848106996,0
2.42980551377572,0
2.43,0
2.43025384230953,0
2.43051115883808,0
2.43077036814494,0
2.43102877494527,0
2.4312871877695,0
2.431545513586,0
2.43180407040275,0
2.43206231564499,0
2.43232106889544,0
2.43257883310545,0
2.4328374832458,0
2.43309571426475,0
2.43335322440409,0
2.43361191334757,0
2.43386965882449,0
2.43412753032866,0
2.43438559386414,0
2.43464141796701,0
2.43489974894307,0
2.43515766757163,0
2.43541484962718,0
2.43567286348348,0
2.4359290279732,0
2.43618666016223,0
2.43644532755985,0
2.43670216775989,0
2.43695752006782,0
2.43721533866669,0
2.43747229797967,0
2.43772911786855,0
2.43798614288982,0
2.43824268891135,0
2.43849862092323,0
2.43875524277899,0
2.43901204638907,0
2.43926863310223,0
2.4395248185593,0
2.43978106693049,0
2.44,0
2.44025705016653,0
2.44051367433799,0
2.44076957279197,0
2.44102614843808,0
2.44128275796735,0
2.44153936404873,0
2.4417959445378,0
2.44205249361589,0
2.44230901087396,0
2.44256549527209,0
2.44282194695619,0
2.44307836613956,0
2.44333475525246,0
2.44359111779191,0
2.44384744568861,0
2.44410374325012,0
2.44436002134199,0
2.44461627943344,0
2.44487251923591,0
2.44512875771691,0
2.44538500221584,0
2.44564125417995,0
2.44589750738607,0
2.44615380757251,0
2.44641010174471,0
2.4466663980552,0
2.44692269756334,0
2.44717898248155,0
2.44743533659237,0
2.44769165282324,0
2.447947974197,0
2.44820431147489,0
2.44846064285997,0
2.44871693623268,0
2.4489732282502,0
2.44922956185739,0
2.44948570694096,0
2.44974195284589,0
2.45,0
2.45025403507661,0
2.45050973997195,0
2.45076532571403,0
2.45102094338741,0
2.45127657006557,0
2.45153217549715,0
2.45178778389748,0
2.45204339499362,0
2.45229901007801,0
2.45255462448138,0
2.45281024159541,0
2.4530658434827,0
2.45332147739669,0
2.45357706784084,0
2.45383267068876,0
2.45408830185574,0
2.45434387066233,0
2.45459946972473,0
2.45485500887124,0
2.45511053429703,0
2.45536620198641,0
2.45562172622513,0
2.45587724566702,0
2.45613275633426,0
2.45638820146348,0
2.45664379096918,0
2.456899262433,0
2.45715454733517,0
2.45740993607464,0
2.45766543791517,0
2.45792076737232,0
2.45817610637521,0
2.45843142229359,0
2.45868667194689,0
2.45894192934976,0
2.45919722767678,0
2.45945246747614,0
2.45970764903904,0
2.45996280724734,0
2.46,0
2.46018596376332,0
2.46043767140125,0
2.46069344921988,0
2.46094899365213,0
2.46120455978282,0
2.46146012321287,0
2.46171558304522,0
2.46197096636871,0
2.46222628183296,0
2.46248153717386,0
2.46273673765769,0
2.46299188778683,0
2.46324699147324,0
2.46350205228189,0
2.46375707323911,0
2.46401205732055,0
2.46426700659804,0
2.46452192403984,0
2.46477681205893,0
2.46503167220163,0
2.46528650675755,0
2.46554131783811,0
2.46579610637264,0
2.4660508734898,0
2.4663056214299,0
2.46656035153174,0
2.4668150629787,0
2.46706975871819,0
2.46732443951076,0
2.46757910748688,0
2.46783376386192,0
2.46808840708187,0
2.46834304080019,0
2.468597664986,0
2.46885228013838,0
2.46910688735737,0
2.4693614882569,0
2.46961608230485,0
2.46987066979032,0
2.47,0
2.47025559094243,0
2.47050796614263,0
2.47076244783783,0
2.47101721678022,0
2.47127204418537,0
2.47152685161003,0
2.47178162230482,0
2.47203635341591,0
2.47229104669205,0
2.47254570391661,0
2.47280032709503,0
2.47305491775485,0
2.47330947756242,0
2.47356400822013,0
2.47381851044127,0
2.47407298511224,0
2.47432743413668,0
2.47458185712692,0
2.47483625452554,0
2.47509062818483,0
2.47534497706523,0
2.47559930528104,0
2.47585360993506,0
2.47610788690839,0
2.47636214401961,0
2.47661637804811,0
2.47687059182884,0
2.47712478466513,0
2.4773789468119,0
2.477633089986,0
2.47788722122667,0
2.47814132641305,0
2.47839540327818,0
2.47864946332844,0
2.47890350035013,0
2.47915751623907,0
2.47941151434282,0
2.47966549001969,0
2.47991943968059,0
2.48,0
2.48014362791666,0
2.48039577144125,0
2.48065608816642,0
2.4809146321771,0
2.48116991722408,0
2.48142444797637,0
2.48167873775474,0
2.48193291823553,0
2.48218702942628,0
2.48244108943919,0
2.48269510416643,0
2.48294907730617,0
2.48320301150798,0
2.4834569089712,0
2.48371077171679,0
2.48396460128542,0
2.48421839936296,0
2.48447216693255,0
2.48472590532633,0
2.48497961570243,0
2.48523329986265,0
2.48548696653085,0
2.48574061614904,0
2.48599424938644,0
2.48624786666364,0
2.48650146850769,0
2.4867550550074,0
2.48700862695869,0
2.48726218413576,0
2.4875157271173,0
2.48776925608814,0
2.48802277128471,0
2.4882762728169,0
2.48852976088809,0
2.48878323552733,0
2.48903669707562,0
2.48929014564542,0
2.48954358125546,0
2.48979700386516,0
2.49,0
2.49024940126488,0
2.49050249496013,0
2.49075704871666,0
2.49101108538467,0
2.49126508209082,0
2.49151902060117,0
2.49177291924356,0
2.49202678412276,0
2.49228061849822,0
2.49248527211087,0
2.49271836594236,0
2.49297363300323,0
2.49322910576753,0
2.49348487603881,0
2.49374049087748,0
2.4939958855074,0
2.49425105748918,0
2.49450602255862,0
2.49476080112827,0
2.49501541462138,0
2.4952698774459,0
2.49552420210067,0
2.49577839984364,0
2.49603248054976,0
2.49628645239642,0
2.49654032344031,0
2.49679410073508,0
2.4970477900785,0
2.49730140101639,0
2.49755493943842,0
2.49780841040381,0
2.49806181918037,0
2.49831516912425,0
2.49856846280465,0
2.49882170388628,0
2.49907489568996,0
2.49932804012961,0
2.4995811399103,0
2.49983419677818,0
2.5,0
2.50023929846023,0
2.50048903144192,0
2.50073863552159,0
2.50099122564043,0
2.50124508231132,0
2.50149919893222,0
2.50175318024182,0
2.50200704881139,0
2.50226082685001,0
2.50251452868977,0
2.5027681623978,0
2.50302173376938,0
2.50327524677606,0
2.50352870521598,0
2.50378211198145,0
2.50403546967359,0
2.50428878061375,0
2.50454204725781,0
2.50479527136312,0
2.50504845482721,0
2.5053015992582,0
2.50555470576722,0
2.50580777592538,0
2.50606081139067,0
2.50631381330557,0
2.50656678301143,0
2.50681972141748,0
2.507072629468,0
2.50732550819429,0
2.50757835829054,0
2.50783118066153,0
2.50808397605237,0
2.50833674505192,0
2.50858948840512,0
2.50884220685755,0
2.50909490069086,0
2.50934757081783,0
2.50960021758824,0
2.50985284150514,0
2.51,0
2.51025287550401,0
2.51050285887707,0
2.5107547533274,0
2.51100686879174,0
2.511259009152,0
2.51151109316285,0
2.51176311450324,0
2.51201507213261,0
2.51226696804404,0
2.51251880692043,0
2.51277174149927,0
2.51302147014541,0
2.51327167186586,0
2.51352332610096,0
2.51377512683063,0
2.51402692508241,0
2.51427866469367,0
2.5145303444747,0
2.51478197372779,0
2.5150335590272,0
2.51528510649295,0
2.51553662134649,0
2.51578810820604,0
2.5160395702872,0
2.51629101052596,0
2.51654243115092,0
2.51679383375014,0
2.51704521877877,0
2.51729658121127,0
2.51754792911092,0
2.51779926306071,0
2.51805058373001,0
2.51830189160145,0
2.51855318682436,0
2.5188044697864,0
2.51905574004633,0
2.51930699784946,0
2.51955824313896,0
2.51980947560126,0
2.52,0
2.52024931881281,0
2.52049863955556,0
2.52074941009821,0
2.52100048929368,0
2.5212516247658,0
2.52150277905681,0
2.5217539226955,0
2.52200504413225,0
2.52225613902855,0
2.5225072103299,0
2.52275826011919,0
2.52300929023603,0
2.52326030135082,0
2.5235112944059,0
2.52376227004828,0
2.52401322861351,0
2.52426417067985,0
2.524515096375,0
2.52476600582407,0
2.52501689907707,0
2.52526777631933,0
2.52551863729765,0
2.52576948204518,0
2.52602031037464,0
2.52627112200597,0
2.5265219169769,0
2.52677269477518,0
2.52702345534327,0
2.52727419832099,0
2.527524923632,0
2.52777563101527,0
2.52802632052701,0
2.52827699246551,0
2.5285276468556,0
2.52877828388501,0
2.52902890333488,0
2.52927950565221,0
2.52953009085889,0
2.5297806591715,0
2.53,0
2.53024735940113,0
2.53049745426659,0
2.53074850967351,0
2.53099921368767,0
2.53124988461589,0
2.53150050940952,0
2.53175110492235,0
2.53200167636357,0
2.53225222695306,0
2.5325027580414,0
2.53275327064555,0
2.53300377518517,0
2.5332542391413,0
2.53350465594708,0
2.53375512841521,0
2.53400559832928,0
2.53425602846144,0
2.53450643440755,0
2.53475682100795,0
2.53500719082908,0
2.53525754518925,0
2.53550788412039,0
2.53575820784578,0
2.53600851608192,0
2.53625880884025,0
2.53650908622529,0
2.53675934791297,0
2.53700959379447,0
2.53725982382657,0
2.53751003790141,0
2.5377602355434,0
2.53801041709964,0
2.53826058233404,0
2.5385107310816,0
2.53876086330113,0
2.53901097864304,0
2.53926107691072,0
2.53951115789418,0
2.53976122161667,0
2.54,0
2.54024839556757,0
2.54049852369715,0
2.54074882354153,0
2.54099913039318,0
2.54124943929251,0
2.54149973454333,0
2.54175001403027,0
2.54200027747946,0
2.54225052553238,0
2.5425007583846,0
2.54275097666633,0
2.54300118046527,0
2.54325137004727,0
2.54350154582678,0
2.54375170786451,0
2.5440018559101,0
2.54425199054699,0
2.54450211169214,0
2.54475221935302,0
2.5450023135713,0
2.54525239459198,0
2.54550246212622,0
2.54575251636249,0
2.54600255730337,0
2.54625258496431,0
2.54650259921047,0
2.54675260008603,0
2.54700258759187,0
2.54725256169777,0
2.54750252235055,0
2.547752469621,0
2.54800240362761,0
2.54825232434178,0
2.54850223166272,0
2.54875212564795,0
2.5490020062235,0
2.54925187335888,0
2.54950172724249,0
2.54975156782918,0
2.55,0
2.55024935499896,0
2.55049936357861,0
2.55074940281093,0
2.55099945370953,0
2.5512494969429,0
2.55149953227118,0
2.5517495572554,0
2.55199957019673,0
2.55224957110319,0
2.55249956013064,0
2.55274953743111,0
2.55299950304266,0
2.55324945724597,0
2.5534993998874,0
2.5537493309904,0
2.55399925156035,0
2.55423351928926,0
2.55448381849506,0
2.55473450974224,0
2.55498536827821,0
2.55523617047545,0
2.55548688040875,0
2.55573749412401,0
2.55598801690721,0
2.55623845556064,0
2.55648881685515,0
2.55673910659675,0
2.55698933019207,0
2.55723949243339,0
2.55748959731169,0
2.55773964885991,0
2.55798965011356,0
2.55823960403596,0
2.55848951323049,0
2.55873938005431,0
2.55898920632796,0
2.55923899388438,0
2.55948874443773,0
2.55973845924067,0
2.56,0
2.56024946686676,0
2.56049951772649,0
2.56074931790274,0
2.56099906591097,0
2.56124877742962,0
2.56149846418965,0
2.56174812327832,0
2.56199775529566,0
2.56224736055864,0
2.5624969390735,0
2.56274649093856,0
2.56299601629071,0
2.56324551535014,0
2.56349498812847,0
2.56374443467137,0
2.56399385496759,0
2.56424324931306,0
2.56449261750979,0
2.56474195967848,0
2.56499127596462,0
2.56524056642779,0
2.56548983116904,0
2.56573906991037,0
2.56598828304733,0
2.5662374703882,0
2.56648663220544,0
2.56673576840375,0
2.56698487899585,0
2.56723396401833,0
2.56748302359115,0
2.5677320576148,0
2.56798106635126,0
2.56823004958012,0
2.56847900751256,0
2.56872794028892,0
2.56897684778352,0
2.5692257299514,0
2.56947458698439,0
2.56972341897386,0
2.5699722259644,0
2.57,0
2.57013887017801,0
2.57038468292387,0
2.57063109633851,0
2.57088005520385,0
2.57112942911635,0
2.57137886750449,0
2.57162826352577,0
2.57187759669819,0
2.57212686683706,0
2.57237607901648,0
2.57262523936543,0
2.57287435293739,0
2.57312342505125,0
2.57337245994797,0
2.57362146139349,0
2.57387043275053,0
2.57411937737517,0
2.57436829459764,0
2.57461698469295,0
2.57486595716668,0
2.57511474469634,0
2.57536350001653,0
2.57561223826055,0
2.57586096597543,0
2.57610968380846,0
2.57635839135818,0
2.57660708780803,0
2.57685577267772,0
2.57710444543811,0
2.57735310621727,0
2.57760175476203,0
2.57785039109208,0
2.57809901553868,0
2.57834762836301,0
2.57859622978415,0
2.57884481985256,0
2.5790933989257,0
2.57934196763107,0
2.57959052597138,0
2.57983907449373,0
2.58,0
2.58024918806226,0
2.58049600135222,0
2.58074440279377,0
2.58099298774839,0
2.58124160926161,0
2.5814902084464,0
2.58173877270674,0
2.58198730076367,0
2.58223579406164,0
2.58248425469216,0
2.5827326845256,0
2.58298108536823,0
2.58322945885149,0
2.58347780642798,0
2.58372612930288,0
2.58397442873038,0
2.58422270560903,0
2.58447096109094,0
2.58471919556193,0
2.58496740995135,0
2.58521560499566,0
2.58546378109997,0
2.5857119386161,0
2.58596007811764,0
2.58620819988819,0
2.58645630426307,0
2.58670439168415,0
2.58695246233774,0
2.58720051641541,0
2.5874485542013,0
2.58769657584481,0
2.58794458153715,0
2.58819257142237,0
2.58844054582835,0
2.58868850464078,0
2.58893644819412,0
2.58918437636491,0
2.58943228948619,0
2.58968018752854,0
2.58992807054459,0
2.59,0
2.59012501956435,0
2.59037092263812,0
2.59061833012655,0
2.59086817147878,0
2.59111692349772,0
2.59136551756794,0
2.591613974083,0
2.59186234381578,0
2.59211064503493,0
2.59235888818919,0
2.59260708006581,0
2.59285522552215,0
2.59310332887129,0
2.59335139353303,0
2.59359942274201,0
2.59384741906945,0
2.59409538493294,0
2.59434332248477,0
2.59459123306779,0
2.59483911625303,0
2.59508697860121,0
2.59533482340037,0
2.59558263869729,0
2.59583043661459,0
2.59607821576883,0
2.59632597634587,0
2.59657371889332,0
2.59682144354655,0
2.59706915062317,0
2.59731684062371,0
2.59756451373096,0
2.59781217049543,0
2.59805981091321,0
2.59830743543537,0
2.59855504394961,0
2.59880263693662,0
2.59905021410046,0
2.59929777578889,0
2.59954532205956,0
2.59979285289326,0
2.6,0
2.60024479544522,0
2.6004919050633,0
2.60073995265064,0
2.60098785314384,0
2.60123574618549,0
2.60148360642301,0
2.60173143993949,0
2.601979249301,0
2.60222703653001,0
2.6024748035094,0
2.60272255137598,0
2.60297028110185,0
2.60321799380941,0
2.60346569007036,0
2.60371337064842,0
2.60396103629185,0
2.60420868738737,0
2.60445632475105,0
2.6047039483933,0
2.60495155902511,0
2.60519915685802,0
2.60544674212468,0
2.60569431505568,0
2.6059418761529,0
2.60618942554207,0
2.60643696311782,0
2.60668448941464,0
2.60693200428899,0
2.60717950803852,0
2.6074270007864,0
2.60767448268557,0
2.6079219536828,0
2.60816941404623,0
2.60841686369729,0
2.60866430272512,0
2.60891173138183,0
2.60915914952091,0
2.60940655753915,0
2.60965395514916,0
2.60990134248111,0
2.61,0
2.61017803096773,0
2.61039128731907,0
2.61058160516596,0
2.61082917716448,0
2.61107661494004,0
2.61132444311419,0
2.61157214896507,0
2.61181981937377,0
2.61206742947899,0
2.61231498288289,0
2.61256248243446,0
2.61280993247117,0
2.61305733726425,0
2.6133047007176,0
2.61355202607927,0
2.61379931649845,0
2.61404657471006,0
2.61429380296924,0
2.61454100356271,0
2.614788178774,0
2.61503533495609,0
2.61528247355053,0
2.61552959597885,0
2.61577670293169,0
2.61602379532188,0
2.61627087465235,0
2.61635147169659,0
2.61643206874082,0
2.61667894932647,0
2.61688430270273,0
2.61713389914708,0
2.61738270346702,0
2.61763228693191,0
2.61788179897211,0
2.61813115038308,0
2.61838032224469,0
2.61862932507357,0
2.61887817462599,0
2.61912688610733,0
2.61937547370383,0
2.61962394970552,0
2.61987232513125,0
2.62,0
2.62024890159633,0
2.62049434212477,0
2.62074205436291,0
2.62099000367943,0
2.62123797473095,0
2.6214858858166,0
2.62173372360876,0
2.6219814889393,0
2.62222918668198,0
2.62247682174927,0
2.62272439874959,0
2.62297192202225,0
2.62321939545826,0
2.62346682214398,0
2.6237142048663,0
2.62396154638206,0
2.62420884886037,0
2.62445611417965,0
2.62470334600728,0
2.62495054557911,0
2.62519771288119,0
2.62544484915224,0
2.62569195550556,0
2.62593903278991,0
2.62618608180683,0
2.62643310315218,0
2.62668009777741,0
2.62692706619639,0
2.62717400898421,0
2.62742092664549,0
2.62766781935881,0
2.6279146877804,0
2.62816153210969,0
2.62840835259301,0
2.62865514964933,0
2.62890192328163,0
2.62914867400254,0
2.62939540178622,0
2.62964210685303,0
2.62988878944058,0
2.63,0
2.6302395007298,0
2.63047999288087,0
2.63072565826008,0
2.63097282211109,0
2.63122094322371,0
2.63146789106197,0
2.63171463067914,0
2.631961274262,0
2.63220787941052,0
2.63245445804664,0
2.63270101490341,0
2.63294755210363,0
2.63319407087685,0
2.63344057259131,0
2.63368705788239,0
2.63393352759707,0
2.63417998258797,0
2.63442642353449,0
2.63467285124363,0
2.63491926616259,0
2.63516566890843,0
2.63541206016387,0
2.63565844057075,0
2.63590481045574,0
2.63615117023647,0
2.63639752045994,0
2.63662443060035,0
2.63687380262655,0
2.63712688513085,0
2.63737328396913,0
2.63762002016642,0
2.63786635844404,0
2.63811260497839,0
2.63835878793538,0
2.63860493412132,0
2.63885105377001,0
2.63909715237965,0
2.63934323303365,0
2.63958929778639,0
2.63983534808111,0
2.64,0
2.64024086213698,0
2.64048559694304,0
2.64073242045404,0
2.64097884208908,0
2.64122523562865,0
2.64147155765892,0
2.64171783003394,0
2.6419640606397,0
2.64221025526135,0
2.64245641725701,0
2.6427025496092,0
2.64294865434911,0
2.64319473344777,0
2.64344078850101,0
2.64368682076145,0
2.64393283124631,0
2.64417882118407,0
2.64442479140892,0
2.64467074249427,0
2.64491667533427,0
2.6451625904551,0
2.64540848818208,0
2.64565436884826,0
2.64590023293318,0
2.64614608084701,0
2.64639191273576,0
2.64663772885205,0
2.64688352959477,0
2.64712931489184,0
2.64737508500492,0
2.64762084019373,0
2.64786658033697,0
2.64811230586295,0
2.64835801671483,0
2.64860371324669,0
2.64884939901889,0
2.64909507422098,0
2.64934073890167,0
2.6495863934254,0
2.64983203766504,0
2.65,0
2.65024040801898,0
2.65048477687375,0
2.6507304125468,0
2.65097639541384,0
2.65122245012939,0
2.65146849075072,0
2.65171450242905,0
2.65196048371982,0
2.65220643900295,0
2.6524523666961,0
2.65269826939512,0
2.6529441487805,0
2.65319000655393,0
2.65343584418484,0
2.65368166315675,0
2.65392746439983,0
2.65417324907002,0
2.65441901799411,0
2.65466477219125,0
2.65491051218303,0
2.65515623834038,0
2.655401951574,0
2.65564765215212,0
2.65589334041207,0
2.6561390168177,0
2.65638468164989,0
2.6566303349632,0
2.65687593590565,0
2.65712162536236,0
2.65736732723427,0
2.65761300580347,0
2.6578586306558,0
2.65810426986067,0
2.65834990009046,0
2.65859552401649,0
2.65884114001416,0
2.65908674762279,0
2.6593323470148,0
2.6595779380837,0
2.65982352077201,0
2.66,0
2.66024496946881,0
2.66048909457938,0
2.66073466640582,0
2.66098044352711,0
2.66122626346926,0
2.6614720690988,0
2.66171784977111,0
2.66196360462107,0
2.66220933858211,0
2.66245504972158,0
2.66270074000741,0
2.66294641147568,0
2.66319206532433,0
2.66343770269918,0
2.66368332490211,0
2.6639289330035,0
2.66417452776235,0
2.66442011015273,0
2.66466568084688,0
2.6649112403696,0
2.66515678918468,0
2.66540232802979,0
2.66564785720234,0
2.66589337721554,0
2.66613888829947,0
2.66638439080308,0
2.66662988523488,0
2.6668753714363,0
2.66712084988685,0
2.66736632068468,0
2.66761178396526,0
2.66785724029155,0
2.66810268955201,0
2.66834813177134,0
2.66859356722421,0
2.66883899585884,0
2.66908441802368,0
2.66932983395068,0
2.66957524351384,0
2.66982064673133,0
2.67,0
2.67024490484203,0
2.67048891520458,0
2.6707343328006,0
2.67097995476925,0
2.67122562233211,0
2.67147127861149,0
2.6717169118313,0
2.6719625206064,0
2.67220810596308,0
2.67245366973323,0
2.67269921378629,0
2.67294473972218,0
2.67319024898568,0
2.67343574275579,0
2.67368122289765,0
2.67392669147557,0
2.67417214735985,0
2.6744175913124,0
2.67466302395893,0
2.67490844604224,0
2.67515385784492,0
2.67539925994249,0
2.67564465277225,0
2.67589003678504,0
2.67613541209503,0
2.67638077918579,0
2.67662613823769,0
2.67687148924537,0
2.67711683260793,0
2.67736216881317,0
2.67760749764509,0
2.6778528181534,0
2.67809813094866,0
2.67834343635497,0
2.67858873489685,0
2.67883402615328,0
2.6790793101849,0
2.67932458724229,0
2.67956985732783,0
2.67981512047034,0
2.68,0
2.68024513381857,0
2.68049012537929,0
2.68073671312601,0
2.68098334604654,0
2.68122991276769,0
2.68147636549337,0
2.68172270329924,0
2.68196893437585,0
2.68221506836977,0
2.6824611144815,0
2.68270708094756,0
2.68295297507994,0
2.68319880332917,0
2.68344457113353,0
2.68369028368271,0
2.68393594510211,0
2.68418155933124,0
2.68442712977078,0
2.68467265924501,0
2.68491815042696,0
2.68516360563622,0
2.68540902672106,0
2.68565441545174,0
2.68589977343801,0
2.68614510203183,0
2.68639040240615,0
2.68663567576556,0
2.68688092286778,0
2.68712614461419,0
2.68737134185006,0
2.68761651506924,0
2.68786166488628,0
2.68810679175517,0
2.6883518961108,0
2.68859697834432,0
2.68884203890431,0
2.6890870781417,0
2.68933209597785,0
2.68957709300325,0
2.68982206942765,0
2.69,0
2.6902455179671,0
2.69048912268522,0
2.69073401516856,0
2.69097904293374,0
2.69122408939467,0
2.69146910581277,0
2.69171408375621,0
2.69195902310273,0
2.69220392540554,0
2.69244879260555,0
2.69269362689162,0
2.69293842959057,0
2.6931832022736,0
2.69342794628942,0
2.69367266269285,0
2.69391735261089,0
2.69416201668347,0
2.6944066557453,0
2.69465127066601,0
2.69489586192836,0
2.69514043009673,0
2.69538497550467,0
2.6956294987591,0
2.69587399998987,0
2.69611847990717,0
2.69636293847646,0
2.69660737596636,0
2.69685179300367,0
2.69709618954238,0
2.69734056570264,0
2.69758492158019,0
2.69782925767963,0
2.69807357378997,0
2.69831787023379,0
2.69856214696938,0
2.69880640419611,0
2.6990506420829,0
2.6992948607965,0
2.69953906030432,0
2.69978324058516,0
2.7,0
2.70024320006421,0
2.70048707371763,0
2.70073149491261,0
2.70097591988605,0
2.7012203259975,0
2.70146469204151,0
2.70170902494006,0
2.70195332895767,0
2.70219760755993,0
2.70244186348303,0
2.70268609858538,0
2.70293031459945,0
2.70317451264028,0
2.70341869387705,0
2.70366285874466,0
2.70390700803569,0
2.70415114234658,0
2.70439526208077,0
2.70463936761871,0
2.7048834588835,0
2.70512753648494,0
2.70537160041874,0
2.70561565064296,0
2.70585968757653,0
2.70610371119021,0
2.70634772135872,0
2.70659171827949,0
2.70683570204771,0
2.7070796725713,0
2.70732363008456,0
2.70756757435633,0
2.70781150553873,0
2.70805542402744,0
2.70829933291701,0
2.70854323211719,0
2.70878712198902,0
2.70903100236592,0
2.70927487345307,0
2.7095187350414,0
2.70976258737152,0
2.71,0
2.71024239595993,0
2.71048632908558,0
2.71073046501055,0
2.71097450028799,0
2.71121852245475,0
2.71146252439616,0
2.71170651115746,0
2.71195048429639,0
2.71219444502431,0
2.71243839406821,0
2.71268233177615,0
2.7129262585126,0
2.71317017474578,0
2.71341408047031,0
2.71365797603807,0
2.71390186164131,0
2.71414573753576,0
2.71438960373836,0
2.71463346045197,0
2.71487730778801,0
2.71512114588471,0
2.71536497519328,0
2.71560879526301,0
2.71585260658484,0
2.71609640916341,0
2.71634020321142,0
2.71658398852973,0
2.71682776532919,0
2.71707153389402,0
2.71731529408248,0
2.7175590460188,0
2.71780278979291,0
2.71804652545144,0
2.71829025312638,0
2.71853397281758,0
2.71877768470445,0
2.7190213887412,0
2.71926508500053,0
2.71950877375823,0
2.71975245495716,0
2.72,0
2.72024331278597,0
2.72048723250551,0
2.72073105384327,0
2.72097487125104,0
2.72121868155671,0
2.72146248526378,0
2.72170628280291,0
2.72195007446123,0
2.72219386032749,0
2.7224376406254,0
2.72268141517501,0
2.72292518429428,0
2.7231689478164,0
2.72341270593714,0
2.72365645847123,0
2.72390020552056,0
2.72414394713292,0
2.72438768335912,0
2.72463141430604,0
2.72487513996221,0
2.72511886039483,0
2.72536257541481,0
2.7256062852112,0
2.725849989857,0
2.72609368925409,0
2.72633738355901,0
2.72658107278871,0
2.7268247569144,0
2.72706843609191,0
2.72731211031768,0
2.72755577968461,0
2.72779944424897,0
2.7280431039149,0
2.72828675892639,0
2.72853040903135,0
2.72877405464336,0
2.72901769539016,0
2.72926133172672,0
2.72950496337512,0
2.72974859045984,0
2.73,0
2.73024352601864,0
2.73048739629853,0
2.73073110687489,0
2.73097479814211,0
2.73121848089749,0
2.73146216036879,0
2.73170583901305,0
2.73194951485566,0
2.73219318795961,0
2.73243685810624,0
2.73268052506865,0
2.73292418884044,0
2.73316784929613,0
2.73341150611839,0
2.7336551596577,0
2.73389880948053,0
2.73414245569878,0
2.73438609818345,0
2.7346297369597,0
2.73487337183731,0
2.73511700304095,0
2.73536063035774,0
2.7356042539212,0
2.73584787358433,0
2.7360914893653,0
2.73633510136264,0
2.73657870959107,0
2.73682231391417,0
2.73706591437265,0
2.73730951095047,0
2.73755310395036,0
2.73779669301367,0
2.73804027830255,0
2.73828385986925,0
2.73852743773269,0
2.73877101201266,0
2.73901458251706,0
2.73925814924579,0
2.7395017123629,0
2.73974527174903,0
2.74,0
2.74024347052365,0
2.74048729568814,0
2.7407308933638,0
2.74097446380514,0
2.74121802456372,0
2.7414615827239,0
2.74170513956445,0
2.7419486951358,0
2.74219224899857,0
2.74243580099909,0
2.74267935074533,0
2.74292289797688,0
2.74316644253827,0
2.74340998434292,0
2.74365352301586,0
2.74389705849291,0
2.74414059068203,0
2.74438411911199,0
2.74462764402648,0
2.74487116542974,0
2.74511468306266,0
2.74535819682087,0
2.74559722201233,0
2.74583374295341,0
2.74607829997505,0
2.74632257532697,0
2.74656692916791,0
2.74681120808994,0
2.74705540526896,0
2.74729952264735,0
2.74754356679727,0
2.74778754422126,0
2.74803146097975,0
2.74827532244325,0
2.74851913332929,0
2.74876289768941,0
2.74900661910427,0
2.74925030067832,0
2.74949394535091,0
2.74973755538311,0
2.75,0
2.75024342281429,0
2.75048739461017,0
2.75073095669225,0
2.75097445341597,0
2.75121791498134,0
2.75146135538957,0
2.75170477755882,0
2.75194818229494,0
2.75219156969797,0
2.75243493985965,0
2.75267829277885,0
2.75292162828898,0
2.75316494650955,0
2.75340824720448,0
2.75365153059009,0
2.75389479662459,0
2.75413804529644,0
2.7543812766558,0
2.75462449057256,0
2.75486768725119,0
2.75511086670809,0
2.75535402876312,0
2.75559717354599,0
2.75584030090924,0
2.75608341096917,0
2.75632650393307,0
2.75656957962912,0
2.75681263821887,0
2.75705567966183,0
2.75729870395434,0
2.75754171111186,0
2.75778470118354,0
2.75802767440443,0
2.75827063048442,0
2.75851356968669,0
2.75875649196311,0
2.75899939738507,0
2.75924228599035,0
2.75948515770762,0
2.75972801282166,0
2.75997085105157,0
2.76,0
2.76014574474217,0
2.76038529952991,0
2.76062556620749,0
2.76086847354439,0
2.76111176749835,0
2.76135511659007,0
2.76159841430129,0
2.76184164192967,0
2.76208480127025,0
2.76232789885213,0
2.7625709413839,0
2.76281393514454,0
2.76305688583358,0
2.7632997986294,0
2.76354267779088,0
2.76378552712207,0
2.76402835006009,0
2.76427114965233,0
2.76451392835437,0
2.76475668849805,0
2.76499943209887,0
2.76524216103608,0
2.76548487715331,0
2.7657275663874,0
2.76597018191011,0
2.76621283647844,0
2.76645557412238,0
2.76669821013233,0
2.76694083734386,0
2.76718345919467,0
2.76742607935265,0
2.76766869737759,0
2.76791131269262,0
2.76815392451671,0
2.76839653242113,0
2.76863913592534,0
2.76888173489756,0
2.7691243289335,0
2.76936691813681,0
2.76960950242464,0
2.76985208168368,0
2.77,0
2.77024339214329,0
2.77048406047601,0
2.77072660551224,0
2.77096934108076,0
2.77121212161202,0
2.77145487979221,0
2.77169760324994,0
2.77194029096624,0
2.77218294538649,0
2.77242556930745,0
2.77266816528804,0
2.77291073574147,0
2.77315328263711,0
2.77339580799999,0
2.77363831337061,0
2.77388080025703,0
2.77412326967876,0
2.77436572296935,0
2.77460816107564,0
2.7748505848122,0
2.77509299495126,0
2.77533539230408,0
2.77557777714442,0
2.77582015006746,0
2.77606251173822,0
2.77630486265003,0
2.77654720305035,0
2.77678953310029,0
2.77703185324843,0
2.77727416387968,0
2.77751646504451,0
2.77775875724807,0
2.77800104042627,0
2.77824331480889,0
2.77848558046835,0
2.77872783791661,0
2.77897008694648,0
2.77921232792003,0
2.77945456076603,0
2.77969678571406,0
2.77993900281155,0
2.78,0
2.78013512312977,0
2.78037488726289,0
2.78061604873248,0
2.78085946786662,0
2.78110243571628,0
2.78134533914476,0
2.78158814198474,0
2.78183086898859,0
2.7820735317002,0
2.78231613900899,0
2.78255869802143,0
2.78280121417406,0
2.78304369231578,0
2.78328613643964,0
2.78352855034491,0
2.78377093693551,0
2.78401329926437,0
2.78425563970604,0
2.7844979601964,0
2.78474026245205,0
2.78498254829233,0
2.78522481911972,0
2.78546707604969,0
2.78570932045459,0
2.7859515527347,0
2.78619377360018,0
2.78643598483343,0
2.78667818831461,0
2.78692038163774,0
2.78716256468133,0
2.7874047405763,0
2.78764690910067,0
2.78788907020596,0
2.78813122411321,0
2.78837337096048,0
2.78861551104253,0
2.78885764462495,0
2.78909977178241,0
2.78934189263302,0
2.78958400731353,0
2.78982611588779,0
2.79,0
2.79024014114996,0
2.79048107459785,0
2.79072347621135,0
2.79096588492955,0
2.79120831649293,0
2.79145072265427,0
2.79169310226688,0
2.79193545702286,0
2.79217778936031,0
2.79242010184869,0
2.79266239626216,0
2.79290467460667,0
2.79314693872911,0
2.79338918945115,0
2.79363142866541,0
2.79387365701695,0
2.79411587575991,0
2.79435808536269,0
2.79460028664287,0
2.79484248048512,0
2.7950846673727,0
2.79532684755726,0
2.7955690217791,0
2.79581119054257,0
2.79605335398805,0
2.79629551250275,0
2.79653766627415,0
2.79677981571982,0
2.79702196050855,0
2.79726410138639,0
2.79750623853118,0
2.79774837190539,0
2.79799050164831,0
2.7982326279039,0
2.79847475127235,0
2.79871687094369,0
2.79895898801471,0
2.7992011017897,0
2.79944321261689,0
2.79968532060898,0
2.79992742573962,0
2.8,0
2.80017027703161,0
2.80036834788749,0
2.80060929743761,0
2.80085142009829,0
2.80109412411517,0
2.80133686527504,0
2.80157954240465,0
2.80182215420087,0
2.8020647024457,0
2.80230719412436,0
2.80254963534159,0
2.802792032204,0
2.80303438993186,0
2.80327671291976,0
2.80351900508515,0
2.80376127020643,0
2.80400351105292,0
2.80424573065552,0
2.80448793086425,0
2.80473011402634,0
2.8049722818633,0
2.80521443581927,0
2.8054565777261,0
2.80569870825188,0
2.80594082883853,0
2.8061829399198,0
2.80642504319172,0
2.80666713896223,0
2.80690922763587,0
2.80715130998758,0
2.80739338635349,0
2.80763545734086,0
2.80787752316025,0
2.80811958418522,0
2.80836164071,0
2.80860369315177,0
2.80884574173208,0
2.80908778631505,0
2.80932982728014,0
2.80957186473635,0
2.80981389900492,0
2.81,0
2.81024178607888,0
2.81048273805014,0
2.81072484392411,0
2.81096709268049,0
2.81120937199955,0
2.81145163920768,0
2.81169388723257,0
2.81193719712691,0
2.81214888624705,0
2.81239256229935,0
2.81263496602945,0
2.81287791964399,0
2.81312082676561,0
2.81336365231706,0
2.81360638418277,0
2.81384902807344,0
2.81409159178552,0
2.81433408288502,0
2.81457650849671,0
2.8148188751925,0
2.81506118840494,0
2.81530345260324,0
2.81554567168087,0
2.81578784937489,0
2.81602998892354,0
2.8162720932358,0
2.81651416449732,0
2.81675620489428,0
2.81699821652347,0
2.81724020083005,0
2.81748215904503,0
2.81772409256537,0
2.81796600240216,0
2.81820788944748,0
2.81844975455611,0
2.81869159881839,0
2.81893342248901,0
2.81917522640163,0
2.81941701094037,0
2.81965877644905,0
2.81990052326062,0
2.82,0
2.82019055804505,0
2.82038561873915,0
2.82060625107431,0
2.82084762706546,0
2.82108958186195,0
2.82133195925484,0
2.82157432798238,0
2.82181662961189,0
2.82205885415565,0
2.82230100583796,0
2.82254309058237,0
2.82278511522426,0
2.82302708513266,0
2.82326900552638,0
2.82351088063439,0
2.82375271462735,0
2.82399451064922,0
2.82423627193451,0
2.82447800093149,0
2.824719699675,0
2.82496137044027,0
2.82520301519702,0
2.82544463492463,0
2.82568623156228,0
2.82592780624337,0
2.82616935956597,0
2.82641089286633,0
2.82665240667372,0
2.82689390170495,0
2.82713537878223,0
2.82737683846988,0
2.82761828123348,0
2.8278597072778,0
2.82810111740379,0
2.8283425116165,0
2.82858389076175,0
2.8288252542939,0
2.82906660293405,0
2.8293079367022,0
2.82954925628261,0
2.82979056123722,0
2.83,0
2.83024081138785,0
2.83048161216083,0
2.83072305127142,0
2.83096453700585,0
2.83120602402099,0
2.83144748787495,0
2.83168892727116,0
2.83193034240881,0
2.83217173717119,0
2.83241337298938,0
2.8326544810206,0
2.83289592956223,0
2.83313737399676,0
2.83337881199581,0
2.8336202297479,0
2.83386162670719,0
2.83410300372404,0
2.8343443628135,0
2.83458570526085,0
2.8348270323895,0
2.83506834529494,0
2.83530964500832,0
2.83555093233469,0
2.83579220807666,0
2.83603347290797,0
2.83627472736063,0
2.83651597153808,0
2.83675720609945,0
2.83699843133151,0
2.83723964759219,0
2.83748085682431,0
2.83772205824442,0
2.83796325152045,0
2.83820443674547,0
2.83844561396414,0
2.83868678346038,0
2.83892794532444,0
2.83916910004717,0
2.8394102474852,0
2.83965138775293,0
2.83989252111678,0
2.84,0
2.84023812077497,0
2.84047301628327,0
2.84071347522312,0
2.84095460524215,0
2.84119596024968,0
2.84143745524908,0
2.84167894623867,0
2.84192041142895,0
2.8421618438603,0
2.84240324448201,0
2.84264461614215,0
2.84288596159787,0
2.84312728414928,0
2.84336858634088,0
2.84360987086195,0
2.84385113945336,0
2.84409239388923,0
2.84433363569076,0
2.84457486675434,0
2.84481608811909,0
2.84505730128796,0
2.84529850675191,0
2.845539705571,0
2.84578089852704,0
2.8460220863559,0
2.84626326958138,0
2.84650444895472,0
2.84674562450153,0
2.84698679694787,0
2.84722796672603,0
2.84746913416072,0
2.84771029922334,0
2.84795146240941,0
2.84819262371088,0
2.84843378363136,0
2.84867494239557,0
2.84891609984265,0
2.84915725632505,0
2.84939841185083,0
2.84963956642466,0
2.84988072017694,0
2.85,0
2.85024213588113,0
2.85048068675061,0
2.85072171442713,0
2.85096300775564,0
2.85120436113964,0
2.85144569167369,0
2.85168698615839,0
2.85192824461725,0
2.85216947000366,0
2.85241066593836,0
2.85265183627009,0
2.85289298190586,0
2.85313410761936,0
2.85337521584823,0
2.85361630669396,0
2.85385738217026,0
2.85409844434882,0
2.85433949405211,0
2.85458053275822,0
2.85482156146298,0
2.85506258144782,0
2.85530359322149,0
2.855544597731,0
2.85578559533324,0
2.85602658672969,0
2.85626757266549,0
2.85650855299389,0
2.85674952862876,0
2.85699049965287,0
2.85723146603774,0
2.857472428531,0
2.85771338769089,0
2.85795434302157,0
2.85819529493577,0
2.85843624344204,0
2.85867718879857,0
2.85891813137069,0
2.85915907084795,0
2.85940000751121,0
2.85964094156203,0
2.85988187291978,0
2.86,0
2.8602379330689,0
2.86047649795103,0
2.86071738962397,0
2.86095864757352,0
2.86119999701522,0
2.86144133281564,0
2.86168263394113,0
2.86192389804989,0
2.86216512819488,0
2.86240632773214,0
2.86264749977378,0
2.86288864801442,0
2.86312977547182,0
2.86337088392249,0
2.86361197607597,0
2.86385305364095,0
2.86409411808744,0
2.86433517105414,0
2.86457621369126,0
2.86481724684677,0
2.86505827169329,0
2.86529928935075,0
2.86554029996124,0
2.86578130434837,0
2.86602230330014,0
2.86626329714109,0
2.86650428613287,0
2.86674527172332,0
2.86698625326207,0
2.86722723104637,0
2.86746820520743,0
2.8677091761232,0
2.86795014365043,0
2.86819110823597,0
2.86843206988835,0
2.86867302858613,0
2.86891398431209,0
2.86915493757576,0
2.86939588829477,0
2.86963683626919,0
2.86987778196675,0
2.87,0
2.87024105120268,0
2.87047963170827,0
2.87072065770338,0
2.87096188247934,0
2.87120316454811,0
2.87144442196823,0
2.87168564414238,0
2.87192683142606,0
2.8721679873081,0
2.8724091149565,0
2.87265021792834,0
2.87289129939732,0
2.87313236168567,0
2.87337340723889,0
2.87361443740823,0
2.87385545447759,0
2.87409646007462,0
2.87433745503178,0
2.87457844095585,0
2.87481941878456,0
2.87506038915679,0
2.87530135296635,0
2.87554231111591,0
2.87578326347629,0
2.87602421151899,0
2.87626515459552,0
2.87650609416859,0
2.876747030082,0
2.87698796268067,0
2.87722889241062,0
2.87746981944949,0
2.87771074375724,0
2.87795166556864,0
2.87819258532472,0
2.87843350281257,0
2.8786744182279,0
2.87891533154824,0
2.87915624315476,0
2.87939715264736,0
2.87963806079647,0
2.87987896741643,0
2.88,0
2.88024100425693,0
2.88047931613787,0
2.88072020755177,0
2.88096140118463,0
2.88120267013774,0
2.88144392076333,0
2.88168513671053,0
2.88192631675833,0
2.88216746348801,0
2.88240858119077,0
2.88264967290598,0
2.88289074183775,0
2.88313179053934,0
2.88337282158163,0
2.88361383675441,0
2.88385483780616,0
2.8840958265302,0
2.8843368043721,0
2.88457777188811,0
2.88481873071775,0
2.88505968176312,0
2.88530062543772,0
2.88554156272751,0
2.88578249433272,0
2.88602342048944,0
2.88626434185084,0
2.88650525879764,0
2.88674617147838,0
2.88698708038794,0
2.88722798589871,0
2.88746888819266,0
2.88770978715741,0
2.88795068337771,0
2.88819157679913,0
2.88843246759934,0
2.88867335568133,0
2.88891424127593,0
2.88915512449322,0
2.88939600581152,0
2.88963688488435,0
2.88987776184247,0
2.89,0
2.89024196846529,0
2.89048038339695,0
2.89072126358733,0
2.89096240213019,0
2.8912036036201,0
2.89144478368155,0
2.8916859285701,0
2.89192703795246,0
2.89216811505875,0
2.89240916344449,0
2.89265018647182,0
2.89289118720024,0
2.8931321683634,0
2.89337313183083,0
2.89361408002929,0
2.89385501411925,0
2.89409593609755,0
2.8943368471221,0
2.89457774801186,0
2.89481864015375,0
2.8950595243322,0
2.89530040140648,0
2.89554127182783,0
2.89578213654499,0
2.89602299553304,0
2.89626384971252,0
2.89650469928239,0
2.89674554473371,0
2.89698638602259,0
2.89722722352565,0
2.89746805786212,0
2.89770888896076,0
2.89794971678589,0
2.89819054166458,0
2.89843136390437,0
2.89867218326626,0
2.89891300012959,0
2.89915381440028,0
2.89939462613234,0
2.89963543558605,0
2.89987624262204,0
2.9,0
2.90024103537942,0
2.90047948681874,0
2.90072029995822,0
2.90096138281885,0
2.90120252676872,0
2.90144364952165,0
2.90168473662477,0
2.90192578778348,0
2.90216680644227,0
2.90240779574451,0
2.90264875947952,0
2.90288970024285,0
2.90313062112091,0
2.9033715240445,0
2.90361241151192,0
2.90385328459022,0
2.90409414528929,0
2.90433499464987,0
2.90457583410481,0
2.90481666466556,0
2.9050574867799,0
2.90529830159255,0
2.90553910982054,0
2.90577991186291,0
2.90602070846,0
2.90626149979883,0
2.90650228627155,0
2.90674306856934,0
2.90698384658868,0
2.90722462048643,0
2.90746539097562,0
2.90770615807095,0
2.90794692190746,0
2.9081876828278,0
2.90842844057636,0
2.90866919528214,0
2.90890994763007,0
2.90915069735374,0
2.90939144443854,0
2.90963218900765,0
2.90987293100036,0
2.91,0
2.9102404250579,0
2.91047889378894,0
2.91071975993993,0
2.91096078992179,0
2.91120187237056,0
2.9114429271052,0
2.91168394556476,0
2.91192492857625,0
2.91216587982145,0
2.9124068026819,0
2.91264770046543,0
2.91288857624934,0
2.91312943261591,0
2.91337027177683,0
2.91361109574218,0
2.91385190590726,0
2.91409270420131,0
2.91433349169948,0
2.91457426925589,0
2.91481503812164,0
2.91505579962513,0
2.91529655390619,0
2.91553730187191,0
2.91577804401496,0
2.91601878089559,0
2.91625951251339,0
2.9165002397321,0
2.91674096288668,0
2.91698168226811,0
2.91722239822787,0
2.91746311059343,0
2.91770381970382,0
2.91794452579846,0
2.918185229015,0
2.91842592936328,0
2.91866662709209,0
2.91890732232971,0
2.9191480154223,0
2.9193887059699,0
2.91962939447855,0
2.91987008056732,0
2.92,0
2.92024011405536,0
2.92047859128559,0
2.92071936164203,0
2.92096033980205,0
2.92120137153297,0
2.92144237867773,0
2.92168335079675,0
2.92192428809304,0
2.92216519383616,0
2.92240607200271,0
2.92264692531719,0
2.92288775715339,0
2.92312857003825,0
2.92336936616374,0
2.92361014720031,0
2.92385091520098,0
2.92409167175073,0
2.92433241774197,0
2.92457315458117,0
2.92481388293076,0
2.92505460372781,0
2.92529531799521,0
2.92553602611755,0
2.92577672877219,0
2.92601742666547,0
2.92625811969694,0
2.92649880886572,0
2.92673949394759,0
2.92698017586067,0
2.92722085427828,0
2.92746152945227,0
2.92770220207323,0
2.92794287215765,0
2.92818353951576,0
2.92842420463417,0
2.9286648670893,0
2.92890552740821,0
2.9291461858065,0
2.92938684224011,0
2.92962749663948,0
2.92986814923604,0
2.93,0
2.930240506635,0
2.93047896753073,0
2.93071964377777,0
2.93096057530412,0
2.93120156377825,0
2.93144253110135,0
2.93168346446061,0
2.93192436393674,0
2.93216523286214,0
2.93240607428719,0
2.93264689170634,0
2.93288768830145,0
2.9331284658578,0
2.93336922737527,0
2.93360997461932,0
2.93385070921453,0
2.93409143258483,0
2.93433214596337,0
2.93457285014406,0
2.93481354660142,0
2.93505423601361,0
2.93529491924368,0
2.93553559665507,0
2.93577626884972,0
2.93601693644009,0
2.93625759988101,0
2.93649825960967,0
2.93673891588258,0
2.93697956909959,0
2.93722021940161,0
2.93746086695801,0
2.93770151192154,0
2.93794215444092,0
2.93818279490548,0
2.93842343338248,0
2.93866406969024,0
2.93890470407351,0
2.9391453369273,0
2.9393859678277,0
2.93962659730601,0
2.93986722544288,0
2.94,0
2.94024097554796,0
2.94047936426031,0
2.94072001664479,0
2.94096091445138,0
2.9412018699643,0
2.94144280449596,0
2.9416837057562,0
2.94192457353192,0
2.94216541096918,0
2.94240622138842,0
2.94264700827535,0
2.94288777466698,0
2.94312852290537,0
2.94336925521471,0
2.94360997379655,0
2.94385067971733,0
2.94409137457506,0
2.94433205971563,0
2.94457273643486,0
2.94481340518209,0
2.94505406720725,0
2.94529472299272,0
2.9455353737229,0
2.94577601950953,0
2.94601666112778,0
2.94625729836465,0
2.94649793190993,0
2.9467385622078,0
2.94697918966092,0
2.94721981462027,0
2.94746043679458,0
2.94770105682164,0
2.94794167469495,0
2.94818229059951,0
2.94842290440775,0
2.94866351671042,0
2.94890412733292,0
2.94914473592431,0
2.94938534329916,0
2.94962594935812,0
2.94986655391991,0
2.95,0
2.95020063517168,0
2.95044144014757,0
2.95068548731019,0
2.95092819415456,0
2.95117068596254,0
2.95141288525807,0
2.95165487249679,0
2.95189667886086,0
2.95213832844184,0
2.95237983879898,0
2.95262122586438,0
2.95286250226108,0
2.95310367900097,0
2.95334476588782,0
2.95358577145285,0
2.95382670296302,0
2.954067566485,0
2.9543083676319,0
2.95454911122576,0
2.95478980136934,0
2.95503044182716,0
2.95527103577114,0
2.95551158556204,0
2.95575209442242,0
2.95599256363369,0
2.95623299579158,0
2.95647339225309,0
2.95671375430976,0
2.95695408316114,0
2.95719438011607,0
2.95743464591819,0
2.95767488198936,0
2.95791508843571,0
2.95815526616222,0
2.95839541601026,0
2.95863553843301,0
2.95887563385228,0
2.95911570252181,0
2.95935574530194,0
2.95959576224338,0
2.95983575367137,0
2.96,0
2.96023739556508,0
2.96047596942637,0
2.96071621974975,0
2.96095648217175,0
2.96119675177319,0
2.96143697093199,0
2.96167713915344,0
2.9619172584973,0
2.96215733211663,0
2.96239736390203,0
2.96263735626878,0
2.96287731147593,0
2.96311723224583,0
2.96335711997065,0
2.96359697643021,0
2.96383680299759,0
2.96407660110906,0
2.96431637159752,0
2.96455611559291,0
2.96479583421357,0
2.96503552800585,0
2.96527519778723,0
2.96551484380738,0
2.96575446700114,0
2.96599406802156,0
2.96623364691806,0
2.96647320432625,0
2.96671274040621,0
2.96695225555458,0
2.96719175012602,0
2.96743122441708,0
2.9676706791827,0
2.9679101136844,0
2.96814952892187,0
2.9683889248677,0
2.96862830189252,0
2.96886766010358,0
2.96910699922509,0
2.96934631995901,0
2.96958562222986,0
2.96982490627156,0
2.97,0
2.97023676789459,0
2.97047290956053,0
2.97071130207058,0
2.97095083484585,0
2.97119054461002,0
2.971430240698,0
2.971669893973,0
2.97190950073514,0
2.97214906551987,0
2.97238859326943,0
2.972628089022,0
2.97286755666807,0
2.9731069996416,0
2.973346420218,0
2.97358582153885,0
2.97382520541959,0
2.97406457392973,0
2.97430392761464,0
2.97454326802316,0
2.97478259571049,0
2.97502191206572,0
2.97526121756024,0
2.9755005131243,0
2.97573979929249,0
2.97597907645576,0
2.97621834523329,0
2.97645760562328,0
2.97669685806561,0
2.97693610336879,0
2.97717534113725,0
2.9774145714734,0
2.9776537954194,0
2.97789301254576,0
2.97813222293695,0
2.97837142653085,0
2.97861062403983,0
2.97884981535989,0
2.97908900037884,0
2.97932817943581,0
2.97956735216838,0
2.9798065190303,0
2.98,0
2.98023832472297,0
2.98047654124155,0
2.98071571363415,0
2.98095500536388,0
2.98119431909348,0
2.98143361869712,0
2.98167289826977,0
2.98191215897155,0
2.98215140225609,0
2.98239063022349,0
2.98262984428099,0
2.98286904558522,0
2.98310823592873,0
2.98334741652507,0
2.98358658783791,0
2.98382575113089,0
2.98406490706592,0
2.98430405592046,0
2.9845431986982,0
2.98478233571772,0
2.9850214674154,0
2.98526059450967,0
2.98549971713163,0
2.98573883536892,0
2.98597794963443,0
2.98621706039868,0
2.9864561675331,0
2.98669527188567,0
2.98693437306817,0
2.98717347176726,0
2.98741256767867,0
2.98765166107576,0
2.98789075236918,0
2.98812984142633,0
2.9883689286612,0
2.9886080139783,0
2.98884709750705,0
2.98908617960696,0
2.9893252599901,0
2.98956433902469,0
2.98980341699093,0
2.99,0
2.99023869298209,0
2.99047691152671,0
2.99071605849197,0
2.99095532334927,0
2.99119461758809,0
2.99143390609364,0
2.99167318069839,0
2.99191244121782,0
2.99215168861934,0
2.99239092462426,0
2.99263015060786,0
2.99286936851736,0
2.99310857923939,0
2.99334778400528,0
2.99358698345048,0
2.99382617859668,0
2.99406536972291,0
2.99430455800576,0
2.99454374383696,0
2.9947829274043,0
2.99502210930521,0
2.99526129016018,0
2.99550047011446,0
2.99573964986506,0
2.99597882951845,0
2.99621800881866,0
2.9964571879173,0
2.99669636778296,0
2.99693554784353,0
2.99717472834862,0
2.99741390951706,0
2.99765309152922,0
2.99789227463635,0
2.99813145849836,0
2.99837064321525,0
2.99860982935133,0
2.99884901689607,0
2.9990882057142,0
2.99932739586906,0
2.99956658768233,0
2.99980578085955,0
3,0
3.0002395993189,0
3.00047784449987,0
3.00071707873078,0
3.00095640977749,0
3.00119576534789,0
3.00143511289335,0
3.00167444777334,0
3.00191376974693,0
3.00215308050736,0
3.00239238166314,0
3.0026316748431,0
3.0028709608125,0
3.00311024139806,0
3.00334951737701,0
3.00358878925311,0
3.00382805831249,0
3.00406732533886,0
3.00430659042383,0
3.00454585445655,0
3.00478511761828,0
3.00502438017155,0
3.00526364304086,0
3.00550290620625,0
3.00574217000377,0
3.00598143443991,0
3.00622069965704,0
3.00645996630359,0
3.00669923425468,0
3.00693850339318,0
3.00717777400975,0
3.00741704653576,0
3.00765632096152,0
3.00789559688762,0
3.00813487511637,0
3.00837415513571,0
3.0086134373033,0
3.00885272175111,0
3.00909200825947,0
3.009331296984,0
3.00957058776072,0
3.00980988097564,0
3.01,0
3.01023972681381,0
3.01047794948659,0
3.01071724897372,0
3.01095665180686,0
3.0111960817006,0
3.01143550193053,0
3.01167490824873,0
3.01191430038313,0
3.01215367955414,0
3.01239304788303,0
3.01263240675098,0
3.01287175791797,0
3.01311110223318,0
3.01335044120684,0
3.01358977533678,0
3.01382910583511,0
3.0140684328955,0
3.01430775729438,0
3.01454707970122,0
3.01478640048391,0
3.01502572027047,0
3.01526503902715,0
3.01550435731058,0
3.0157436751702,0
3.01598299334352,0
3.01622231161109,0
3.01646163018456,0
3.01670094889992,0
3.01694026827944,0
3.01717958835937,0
3.01741890896282,0
3.01765823063848,0
3.01789755290263,0
3.01813687603189,0
3.01837620023939,0
3.018615525565,0
3.01885485184229,0
3.01909417920286,0
3.01933350764874,0
3.01957283696379,0
3.01981216738046,0
3.02,0
3.02023978462966,0
3.02047800531426,0
3.02071733894079,0
3.02095677781041,0
3.02119624248519,0
3.02143569614522,0
3.02167513389009,0
3.02191455575502,0
3.02215396335192,0
3.02239335872413,0
3.02263274344257,0
3.02287211877935,0
3.02311148648167,0
3.02335084700588,0
3.02359020163195,0
3.0238295515057,0
3.02406889661534,0
3.02430823820396,0
3.02454757645924,0
3.02478691241482,0
3.02502624587914,0
3.02526557750614,0
3.0255049073546,0
3.02574423585689,0
3.02598356321358,0
3.02622288952666,0
3.0264622152949,0
3.02670154050699,0
3.02694086508408,0
3.02718018947994,0
3.02741951334949,0
3.02765883694394,0
3.0278981605531,0
3.02813748370318,0
3.02837680717956,0
3.02861613073984,0
3.02885545388271,0
3.02909477708985,0
3.02933410049116,0
3.02957342371662,0
3.02981274715592,0
3.03,0
3.03023980303725,0
3.03047802239922,0
3.03071736744571,0
3.03095681740137,0
3.03119629214493,0
3.03143575516581,0
3.03167520094278,0
3.03191462987661,0
3.03215404354086,0
3.03239344421575,0
3.03263283289212,0
3.03287221162608,0
3.03311158183456,0
3.03335094420922,0
3.03359030005145,0
3.0338296500224,0
3.03406899544907,0
3.03430833627175,0
3.03454767328726,0
3.03478700710544,0
3.03502633766032,0
3.03526566589757,0
3.03550499181712,0
3.03574431581489,0
3.0359836380682,0
3.03622295892263,0
3.03646227846346,0
3.03670159664414,0
3.03694091387946,0
3.03718023036995,0
3.0374195458775,0
3.03765886067548,0
3.03789817478365,0
3.03813748845247,0
3.03837680152965,0
3.03861611375608,0
3.03885542588963,0
3.03909473743525,0
3.03933404851669,0
3.03957335952528,0
3.03981267011771,0
3.04,0
3.04023980260631,0
3.04047802217363,0
3.04071736736119,0
3.04095681644711,0
3.04119628965704,0
3.04143575079849,0
3.04167519413831,0
3.04191462036642,0
3.04215403093334,0
3.04239342822386,0
3.04263281354244,0
3.0428721885258,0
3.04311155492433,0
3.04335091320834,0
3.04359026445658,0
3.04382960970656,0
3.04406894999238,0
3.04430828564337,0
3.04454761719933,0
3.04478694551762,0
3.04502627075156,0
3.0452655933199,0
3.04550491352091,0
3.04574423186617,0
3.04598354837851,0
3.0462228632686,0
3.04646217684856,0
3.0467014892817,0
3.04694080059494,0
3.04718011113721,0
3.04741942081496,0
3.04765872968963,0
3.04789803752659,0
3.04813734519722,0
3.04837665223508,0
3.04861595887876,0
3.04885526516715,0
3.04909457091419,0
3.04933387645647,0
3.04957318164537,0
3.04981248639385,0
3.05,0
3.05023979015183,0
3.05047801038747,0
3.05071735504079,0
3.05095680251845,0
3.05119627427176,0
3.05143573345311,0
3.05167517511833,0
3.05191459956513,0
3.05215400855804,0
3.05239340431069,0
3.05263278796378,0
3.05287216166526,0
3.05311152607735,0
3.05335088296448,0
3.05359023322469,0
3.05382957730683,0
3.05406891648567,0
3.0543082513232,0
3.05454758221555,0
3.05478690974888,0
3.05502623435884,0
3.05526555670405,0
3.05550487657043,0
3.05574419485513,0
3.0559835114861,0
3.05622282668745,0
3.05646214034666,0
3.05670145332293,0
3.05694076541029,0
3.05718007664536,0
3.05741938729928,0
3.05765869730619,0
3.05789800678459,0
3.05813731594673,0
3.05837662475714,0
3.05861593347579,0
3.05885524189335,0
3.05909455024884,0
3.05933385842958,0
3.05957316630764,0
3.05981247412339,0
3.06,0
3.06023979592188,0
3.06047801746162,0
3.06071736627976,0
3.06095681789181,0
3.06119629370696,0
3.06143575717451,0
3.06167520310304,0
3.06191463204815,0
3.06215404560879,0
3.06239344563779,0
3.06263283428529,0
3.06287221260447,0
3.06311158240643,0
3.06335094463188,0
3.06359030006189,0
3.06382964989759,0
3.06406899477548,0
3.06430833560093,0
3.06454767283019,0
3.06478700683353,0
3.06502633802378,0
3.06526566674074,0
3.06550499371091,0
3.06574431905701,0
3.06598364317088,0
3.06622296584095,0
3.06646228789264,0
3.0667016090697,0
3.06694092947145,0
3.06718024906536,0
3.06741956843395,0
3.06765888739818,0
3.06789820629575,0
3.06813752468721,0
3.06837684311806,0
3.068616161376,0
3.06885547970122,0
3.06909479823379,0
3.06933411679244,0
3.0695734352693,0
3.06981275392181,0
3.07,0
3.07023981714275,0
3.0704780387053,0
3.07071739826556,0
3.07095686107559,0
3.07119634834071,0
3.07143582305052,0
3.07167528030178,0
3.07191472068094,0
3.0721541456948,0
3.072393557182,0
3.0726329572955,0
3.07287234727587,0
3.07311172856303,0
3.07335110292121,0
3.07359047063278,0
3.07382983282421,0
3.07406919028368,0
3.07430854341051,0
3.07454789315096,0
3.07478724007926,0
3.07502658442121,0
3.07526592655941,0
3.07550526708067,0
3.07574460617284,0
3.0759839438684,0
3.07622328039229,0
3.07646261625919,0
3.07670195153238,0
3.07694128619056,0
3.07718062048536,0
3.07741995455327,0
3.07765928832125,0
3.07789862219702,0
3.0781379562588,0
3.07837729052306,0
3.07861662466967,0
3.07885595891536,0
3.07909529352376,0
3.07933462859473,0
3.07957396362735,0
3.07981329931888,0
3.08,0
3.08023983765644,0
3.08047805887805,0
3.08071743418917,0
3.08095691334349,0
3.08119641771628,0
3.08143590966979,0
3.08167538404477,0
3.08191484137368,0
3.0821542832641,0
3.0823937119877,0
3.08263312884251,0
3.08287253589212,0
3.08311193417349,0
3.08335132536494,0
3.08359071012229,0
3.0838300893839,0
3.08406946418435,0
3.08430883475682,0
3.08454820207297,0
3.08478756664006,0
3.08502692875751,0
3.0852662889178,0
3.08550564741942,0
3.0857450044351,0
3.08598436040815,0
3.08622371554696,0
3.0864630701667,0
3.08670242439548,0
3.0869417780155,0
3.0871811313184,0
3.08742048439176,0
3.08765983746555,0
3.08789919066574,0
3.08813854395893,0
3.08837789754036,0
3.08861725160598,0
3.08885660554892,0
3.08909596021122,0
3.08933531523952,0
3.08957467046792,0
3.08981402645234,0
3.09,0
3.09023986504471,0
3.09047808626918,0
3.09071748160297,0
3.09095698247425,0
3.09119650851132,0
3.09143602204895,0
3.09167551761058,0
3.09191499597309,0
3.0921544586211,0
3.09239390822941,0
3.09263334593472,0
3.09287277374669,0
3.09311219304578,0
3.09335160491805,0
3.0935910105456,0
3.0938304106029,0
3.09406980641135,0
3.09430919802253,0
3.09454858652801,0
3.09478900521617,0
3.09501728765651,0
3.09525784104616,0
3.09549785322475,0
3.09573804391984,0
3.0959781627801,0
3.0962182043287,0
3.09645816921612,0
3.096698064353,0
3.09693789767161,0
3.09717767555677,0
3.09741740447976,0
3.09765708927389,0
3.09789673418975,0
3.09813634350626,0
3.098375920575,0
3.09861546792934,0
3.09885498834963,0
3.09909448386048,0
3.09933395659029,0
3.09957340795217,0
3.09981283967428,0
3.1,0
3.1002398843799,0
3.1004781568737,0
3.10071756995174,0
3.10095707082091,0
3.10119658125523,0
3.10143606477284,0
3.10167551642819,0
3.1019149372203,0
3.10215432935477,0
3.10239369550706,0
3.1026330374345,0
3.10287235786947,0
3.10311165762155,0
3.10335093846688,0
3.10359020137724,0
3.1038294476282,0
3.10406867813963,0
3.10430789364539,0
3.10454709491692,0
3.10478628256485,0
3.10502545749622,0
3.1052646199434,0
3.10550377053722,0
3.10574290928686,0
3.105982036951,0
3.10622115356354,0
3.10646025956372,0
3.10669935533886,0
3.10693844081066,0
3.10717751640274,0
3.10741658232822,0
3.10765563889297,0
3.10789468559184,0
3.10813372366031,0
3.10837275192196,0
3.10861177176797,0
3.10885078252238,0
3.10908978462956,0
3.10932877811127,0
3.10956776313879,0
3.10980673944098,0
3.11,0
3.11023917812857,0
3.11047720129002,0
3.11071623724572,0
3.11095534389335,0
3.11119446252379,0
3.11143356012313,0
3.11167263333437,0
3.11191168273152,0
3.112150710537,0
3.11238971854236,0
3.11262870837175,0
3.11286768192083,0
3.11310664013072,0
3.11334558427905,0
3.11358451537517,0
3.11382343436617,0
3.11406234181217,0
3.11430123872508,0
3.11454012545957,0
3.1147790025539,0
3.11501787310948,0
3.11525670680731,0
3.11549560615136,0
3.11573449775869,0
3.11597337560423,0
3.11621224290266,0
3.11645110066681,0
3.11668995003927,0
3.11692879207571,0
3.11716762738496,0
3.11740645624289,0
3.11764527941166,0
3.1178840974327,0
3.11812290982624,0
3.11836171724259,0
3.11860051999019,0
3.11883931782866,0
3.1190781114454,0
3.11931690052961,0
3.11955568535358,0
3.11979446623911,0
3.12,0
3.12023866559623,0
3.12047678250665,0
3.12071564828008,0
3.12095455630221,0
3.12119347456014,0
3.12143237820598,0
3.12167126591897,0
3.12191013806216,0
3.12214899666769,0
3.12238784318195,0
3.12262667889079,0
3.12286550486545,0
3.12310432210433,0
3.1233431317623,0
3.12358193457035,0
3.12382073095226,0
3.12405952189662,0
3.12429830778051,0
3.12453708886556,0
3.12477586562196,0
3.1250146384532,0
3.12525340787291,0
3.12549217392265,0
3.12573093691918,0
3.12596969700387,0
3.12620845450862,0
3.12644720989196,0
3.12668596300218,0
3.1269247139942,0
3.12716346307176,0
3.12740221010749,0
3.12764095578868,0
3.12787969982359,0
3.12811844234683,0
3.12835718359172,0
3.12859592360073,0
3.1288346625698,0
3.12907340049975,0
3.12931213712228,0
3.12955087312536,0
3.12978960836862,0
3.13,0
3.13023867671626,0
3.13047687139254,0
3.13071569368422,0
3.13095456868875,0
3.13119345659583,0
3.1314323361631,0
3.13167120536023,0
3.13191006423227,0
3.13214891422405,0
3.13238775627902,0
3.13262659189206,0
3.13286542196257,0
3.13310424724889,0
3.13334306862047,0
3.13358188674905,0
3.13382070170842,0
3.13405951521954,0
3.13429832668793,0
3.13453713659843,0
3.13477594547317,0
3.13501475355953,0
3.13525356115564,0
3.13549236857174,0
3.13573117591607,0
3.13596998345247,0
3.13620879116013,0
3.13644759906043,0
3.13668640745937,0
3.13692521656491,0
3.13716402663338,0
3.13740283718548,0
3.13764164914027,0
3.13788046193256,0
3.13811927602346,0
3.1383580911886,0
3.1385969078386,0
3.13883572552775,0
3.1390745446925,0
3.13931336532577,0
3.13955218741214,0
3.139791011338,0
3.14,0
3.14023906409756,0
3.14047726754391,0
3.14071614311477,0
3.14095507866557,0
3.1411940296852,0
3.14143297427258,0
3.14167191029829,0
3.14191083705267,0
3.14214975653,0
3.14238866965376,0
3.14262757758372,0
3.14286648148305,0
3.14310538203145,0
3.14334427991738,0
3.14358317565532,0
3.14382206998287,0
3.14406096346918,0
3.14429985644583,0
3.14453874910923,0
3.14477764209606,0
3.14501653534739,0
3.14525542976098,0
3.14549432505943,0
3.14573322166944,0
3.14597211946254,0
3.14621101867526,0
3.14644991957225,0
3.14668882173011,0
3.14692772599906,0
3.1471666320089,0
3.14740554052373,0
3.14764445076778,0
3.14788336311219,0
3.14812227765982,0
3.14836119443467,0
3.14860011351613,0
3.1488390350309,0
3.14907795879919,0
3.14931688481413,0
3.14955581347265,0
3.14979474447657,0
3.15,0
3.1502392381306,0
3.1504774264247,0
3.15071637785845,0
3.1509553957758,0
3.15119443147834,0
3.15143346081077,0
3.15167248002003,0
3.15191148943147,0
3.15215049077026,0
3.15238948520822,0
3.15262847395202,0
3.15286745774968,0
3.15310643786343,0
3.15334541490208,0
3.15358438952466,0
3.15382336248845,0
3.15406233424563,0
3.15430130528312,0
3.15454027606286,0
3.15477924663841,0
3.15501821774179,0
3.15525718939401,0
3.15549616206503,0
3.15573513551955,0
3.15597411018125,0
3.15621308597823,0
3.15645206338707,0
3.15669104217481,0
3.15693002257687,0
3.15716900455279,0
3.15740798874329,0
3.15764697428331,0
3.15788596172837,0
3.15812495115644,0
3.15836394282386,0
3.15860293597245,0
3.15884193097471,0
3.15908092799374,0
3.15931992733435,0
3.15955892852761,0
3.15979793199156,0
3.16,0
3.16023933323306,0
3.16047751481747,0
3.16071653124693,0
3.16095561963331,0
3.16119472654921,0
3.16143382555295,0
3.16167291318329,0
3.16191198956406,0
3.1621510566714,0
3.16239011533194,0
3.16262916740819,0
3.1628682137517,0
3.163107255374,0
3.16334629317871,0
3.16358532763887,0
3.16382435969015,0
3.16406338986984,0
3.16430241860731,0
3.16454144624383,0
3.16478047351763,0
3.16501950012951,0
3.16525852695207,0
3.16549755375253,0
3.16573658104639,0
3.16597560885645,0
3.16621463749582,0
3.16645366684603,0
3.16669269735508,0
3.16693172878937,0
3.16717076117942,0
3.16740979492609,0
3.16764882999217,0
3.16788786624502,0
3.16812690397497,0
3.16836594283872,0
3.16860498344673,0
3.16884402531365,0
3.16908306882581,0
3.16932211367803,0
3.16956115999514,0
3.16980020776298,0
3.17,0
3.17023940787349,0
3.17047758940808,0
3.1707166581685,0
3.17095580291872,0
3.17119496703793,0
3.17143412196012,0
3.17167326418823,0
3.17191239426305,0
3.17215151296839,0
3.17239062283709,0
3.17262972509806,0
3.17286882072433,0
3.17310791051992,0
3.17334699563907,0
3.17358607743176,0
3.1738251562641,0
3.17406423250558,0
3.17430330670673,0
3.17454237923291,0
3.17478145041212,0
3.17502052129729,0
3.17525959128544,0
3.17549866088459,0
3.17573773082361,0
3.17597680067185,0
3.17621587096555,0
3.17645494170079,0
3.17669401316171,0
3.17693308492337,0
3.1771721576998,0
3.17741123135626,0
3.17765030594426,0
3.1778893812838,0
3.17812845780923,0
3.17836753546398,0
3.17860661423335,0
3.17884569388224,0
3.17908477498917,0
3.17932385681012,0
3.17956294029185,0
3.1798020248263,0
3.18,0
3.18023946978093,0
3.18047765333888,0
3.18071676754065,0
3.18095596051981,0
3.18119517333711,0
3.18143437611158,0
3.18167356522963,0
3.18191274119236,0
3.18215190556831,0
3.18239105999422,0
3.18263020611454,0
3.18286934514656,0
3.18310847804279,0
3.18334760580708,0
3.18358672959949,0
3.18382584978388,0
3.18406496729954,0
3.18430408258713,0
3.1845431960631,0
3.184782307932,0
3.18502141895211,0
3.18526052932807,0
3.18549963916478,0
3.18573874910643,0
3.18597785865651,0
3.18621696850656,0
3.18645607874435,0
3.18669518939319,0
3.18693430055728,0
3.18717341255277,0
3.18741252544054,0
3.18765163927018,0
3.18789075366327,0
3.18812986908622,0
3.18836898577862,0
3.1886081032683,0
3.18884722190602,0
3.18908634129155,0
3.18932546219183,0
3.1895645841144,0
3.18980370722935,0
3.19,0
3.19023952953681,0
3.19047771632221,0
3.19071687439689,0
3.19095611408048,0
3.19119537397815,0
3.1914346234696,0
3.1916738587708,0
3.19191308022582,0
3.19215228972818,0
3.19239148892776,0
3.19263067914008,0
3.192869861676,0
3.19310903804946,0
3.19334820921032,0
3.19358737597274,0
3.19382653917962,0
3.19406569929918,0
3.19430485683027,0
3.19454401275518,0
3.19478316708016,0
3.19502232037987,0
3.19526147290356,0
3.19550062508816,0
3.19573977704131,0
3.19597892891662,0
3.19621808106488,0
3.19645723365135,0
3.19669638668662,0
3.19693554056192,0
3.19717469521178,0
3.19741385033042,0
3.1976530064271,0
3.19789216349511,0
3.19813132178331,0
3.19837048096693,0
3.1986096414271,0
3.19884880300932,0
3.19908796547967,0
3.19932712986183,0
3.19956629532831,0
3.19980546201562,0
3.2,0
3.20023959170055,0
3.20047778194897,0
3.20071698642072,0
3.20095627560632,0
3.20119558625269,0
3.20143488597827,0
3.20167417073215,0
3.20191344096172,0
3.20215269891685,0
3.20239194624318,0
3.20263118393706,0
3.20287041408001,0
3.20310963742013,0
3.20334885549672,0
3.20358806892482,0
3.20382727890366,0
3.20406648559246,0
3.20430568992691,0
3.20454489211856,0
3.20478409309733,0
3.20502329327219,0
3.20526249260793,0
3.20550169186262,0
3.205740890399,0
3.20598008950977,0
3.20621928866965,0
3.20645848839717,0
3.20669768873238,0
3.20693688962596,0
3.20717609136677,0
3.20741529372566,0
3.20765449725737,0
3.20789370182717,0
3.20813290754455,0
3.20837211478895,0
3.20861132322385,0
3.20885053282081,0
3.20908974385204,0
3.2093289559827,0
3.20956816955228,0
3.20980738468471,0
3.21,0
3.21023965902469,0
3.21047785252393,0
3.21071710795876,0
3.21095645117749,0
3.2111958167724,0
3.21143517094969,0
3.2116745095867,0
3.21191383334271,0
3.21215314401255,0
3.21239244311721,0
3.21263173302011,0
3.21287101490644,0
3.21311028992224,0
3.213349558921,0
3.21358882361786,0
3.21382808433901,0
3.21406734197388,0
3.21430659705491,0
3.2145458504744,0
3.21478510238245,0
3.2150243530622,0
3.21526360339474,0
3.2155028531822,0
3.21574210307163,0
3.21598135297614,0
3.21622060329345,0
3.21645985423818,0
3.21669910544075,0
3.21693835772988,0
3.21717761087659,0
3.21741686521027,0
3.21765612059298,0
3.21789537732882,0
3.21813463513841,0
3.21837389429887,0
3.21861315483311,0
3.21885241652276,0
3.21909167959254,0
3.21933094434786,0
3.21957021085361,0
3.21980947866981,0
3.22,0
3.22023973290454,0
3.22047792908245,0
3.22071723876822,0
3.22095664016201,0
3.22119606530286,0
3.22143547837571,0
3.22167487514055,0
3.22191425615532,0
3.22215362345837,0
3.22239297896433,0
3.22263232427122,0
3.2228716611656,0
3.2231109910983,0
3.22335031504982,0
3.22358963449741,0
3.22382894980749,0
3.22406826227591,0
3.22430757178906,0
3.22454687925216,0
3.22478618552638,0
3.22502549075374,0
3.2252647951257,0
3.22550409901564,0
3.22574340326148,0
3.22598270770566,0
3.22622201244394,0
3.22646131799411,0
3.22670062404122,0
3.22693993097777,0
3.22717923926907,0
3.22741854846943,0
3.2276578588572,0
3.22789717037778,0
3.22813648339204,0
3.22837579790208,0
3.22861511369567,0
3.22885443083436,0
3.2290937497741,0
3.22933307012413,0
3.22957239237277,0
3.22981171637804,0
3.23,0
3.23023981116516,0
3.23047801003876,0
3.23071737728092,0
3.23095684035288,0
3.23119632795735,0
3.23143580329546,0
3.23167526154008,0
3.23191470319593,0
3.23215413070866,0
3.23239354559891,0
3.23263294993305,0
3.23287234586086,0
3.23311173418537,0
3.23335111633939,0
3.23359049357116,0
3.23382986675077,0
3.23406923659893,0
3.23430860375913,0
3.23454796890188,0
3.2347873326938,0
3.23502669503124,0
3.23526605687536,0
3.23550541852883,0
3.23574478009664,0
3.23598414174942,0
3.23622350394317,0
3.2364628666434,0
3.23670223033801,0
3.23694159500187,0
3.23718096053268,0
3.23742032719362,0
3.23765969503295,0
3.23789906436474,0
3.2381384348071,0
3.23837780698302,0
3.23861718055851,0
3.23885655586335,0
3.23909593285577,0
3.23933531143942,0
3.23957469152546,0
3.2398140735593,0
3.24,0
3.2402398934386,0
3.2404780947329,0
3.24071752233054,0
3.24095705012571,0
3.24119660380109,0
3.24143614419563,0
3.24167566686564,0
3.24191517202464,0
3.24215466211586,0
3.24239413939584,0
3.24263360580626,0
3.24287306292717,0
3.2431125121338,0
3.24335195513972,0
3.24359139280649,0
3.24383082627899,0
3.24407025593251,0
3.24430968279943,0
3.24454910759706,0
3.24478853087951,0
3.24502795320039,0
3.24526737451836,0
3.24550679570908,0
3.24574621680246,0
3.24598563818081,0
3.24622505973587,0
3.2464644820408,0
3.24670390520636,0
3.24694332949275,0
3.24718275489752,0
3.24735155811459,0
3.24752036133165,0
3.24769919964179,0
3.24786859784164,0
3.24810848823687,0
3.24834748323181,0
3.24858817583544,0
3.2488289020839,0
3.24906952717961,0
3.24931000470864,0
3.24955034181028,0
3.24979055371919,0
3.25,0
3.25023987143672,0
3.25047922082928,0
3.25071919408123,0
3.25095917154333,0
3.25119910618323,0
3.25143898015456,0
3.2516787959148,0
3.25191855892772,0
3.25215827495536,0
3.25239794928648,0
3.25263758619039,0
3.25287718941077,0
3.25311676253454,0
3.25335630843294,0
3.25359582968702,0
3.25383532849339,0
3.25407480695378,0
3.25431426618617,0
3.254553708222,0
3.25479313396115,0
3.25503254434212,0
3.25527194076262,0
3.25551132374916,0
3.25575069443728,0
3.25599005314473,0
3.25622940005523,0
3.25646873604624,0
3.25670806166192,0
3.25694737710491,0
3.25718668288143,0
3.25742597929714,0
3.25766526660981,0
3.2579045449412,0
3.25814381448581,0
3.25838307551427,0
3.25862232825214,0
3.25886157267494,0
3.25910080923729,0
3.25934003782698,0
3.25957925875943,0
3.25981847219107,0
3.26,0
3.26023975337935,0
3.26047767058622,0
3.2607169092535,0
3.26095624328013,0
3.26119559504894,0
3.26143492273159,0
3.26167422216112,0
3.26191349387457,0
3.26215274077795,0
3.26239196523809,0
3.26263116946611,0
3.26287035558268,0
3.26310952498799,0
3.26334867912196,0
3.26358781941061,0
3.26382694714665,0
3.26406606327123,0
3.26430516845035,0
3.26454426356574,0
3.26478334919897,0
3.26502242609907,0
3.26526149468977,0
3.26550055547037,0
3.2657396085782,0
3.26597865448211,0
3.26621769390811,0
3.26645672652867,0
3.26669575295806,0
3.266934773344,0
3.26717378778768,0
3.26741279665397,0
3.26765365723207,0
3.26789268844196,0
3.26813159508568,0
3.26836990437229,0
3.26860892186399,0
3.26884798732251,0
3.26908708085488,0
3.26932616763766,0
3.2695652430392,0
3.26980430745655,0
3.27,0
3.27023943200969,0
3.27047748594691,0
3.27071654355336,0
3.27095567075544,0
3.27119481035523,0
3.27143393175792,0
3.27167303225046,0
3.27191211366414,0
3.27215117808717,0
3.27239022743572,0
3.27262926355898,0
3.27286828820523,0
3.27310730276857,0
3.27334630787024,0
3.27358530515523,0
3.27382429536328,0
3.27406327917125,0
3.27430225725879,0
3.27454123026873,0
3.27478019851754,0
3.27501916281724,0
3.27525812345025,0
3.27549708064575,0
3.27573603461084,0
3.27597498582091,0
3.27621393470621,0
3.27645288125731,0
3.27669182589143,0
3.27693076850021,0
3.2771697095243,0
3.27740864882212,0
3.27764758659323,0
3.27788652326183,0
3.27812545859982,0
3.27836439299339,0
3.27860332612678,0
3.27884225871668,0
3.27908119026971,0
3.27932012133205,0
3.27955905171209,0
3.27979798161805,0
3.28,0
3.28023879185827,0
3.28047698054263,0
3.28071602583768,0
3.28095512708713,0
3.28119424454985,0
3.28143334991356,0
3.28167244142502,0
3.28191151924424,0
3.28215058565556,0
3.28238964213447,0
3.28262869016753,0
3.28286773093527,0
3.28310676573354,0
3.28334579584506,0
3.2835848218255,0
3.28382384442888,0
3.28406286455793,0
3.28430188226824,0
3.28454089899165,0
3.28477991441997,0
3.28501892931626,0
3.28525794358031,0
3.28549695790161,0
3.28573597228506,0
3.28597498741718,0
3.28621400330264,0
3.28645301970067,0
3.2866920374576,0
3.28693105628498,0
3.28717007662516,0
3.28740909832428,0
3.2876481216918,0
3.2878871481253,0
3.28812617032205,0
3.28836518767403,0
3.28860421093813,0
3.28884323949142,0
3.28908227188549,0
3.28932130493113,0
3.28956033959996,0
3.28979937590019,0
3.29,0
3.29023932471246,0
3.29047754661895,0
3.29071665778054,0
3.29095584063451,0
3.29119504244993,0
3.29143423515314,0
3.29167341544155,0
3.29191258445327,0
3.29215174354467,0
3.29239089448605,0
3.29263003835204,0
3.29286917685314,0
3.29310831080086,0
3.29334744147953,0
3.29358656965103,0
3.29382569627867,0
3.29406482199608,0
3.29430394708028,0
3.29454307223369,0
3.29478219782088,0
3.29502132421121,0
3.29526045185937,0
3.29549958079131,0
3.2957387115049,0
3.2959778443106,0
3.2962169793429,0
3.29645611643497,0
3.29669525582974,0
3.29693439803714,0
3.29717354281719,0
3.29741269057247,0
3.2976518410751,0
3.29789099432401,0
3.2981301505594,0
3.29836930997316,0
3.29860847238367,0
3.29884763821478,0
3.29908680729441,0
3.29932597942715,0
3.29956515538375,0
3.29980433419615,0
3.3,0
3.3002395925425,0
3.30047779013717,0
3.30071701203497,0
3.30095631548655,0
3.30119564130266,0
3.30143495743997,0
3.3016742600021,0
3.30191354977652,0
3.30215282845537,0
3.30239209823885,0
3.30263136050779,0
3.30287061645112,0
3.30310986803844,0
3.30334911556282,0
3.30358836053576,0
3.30382760357022,0
3.30406684554619,0
3.3043060868957,0
3.30454532797651,0
3.30478456967447,0
3.30502381231838,0
3.30526305573896,0
3.30550230060337,0
3.30574154703623,0
3.30598079543474,0
3.30622004591645,0
3.30645929852493,0
3.30669855358514,0
3.30693781126251,0
3.30717707150786,0
3.30741633455628,0
3.30765560025951,0
3.3078948688227,0
3.3081341402875,0
3.30837341454885,0
3.3086126917668,0
3.30885197193946,0
3.30909125529378,0
3.30933054193519,0
3.30956983165896,0
3.30980912446249,0
3.31,0
3.31023974026203,0
3.31047793055218,0
3.31071725483307,0
3.31095666839674,0
3.31119610660713,0
3.31143553334235,0
3.31167494442605,0
3.31191434064555,0
3.31215372444052,0
3.31239309757022,0
3.31263246131949,0
3.31287181836057,0
3.31311116905666,0
3.31335051515801,0
3.31358985758036,0
3.31382919729986,0
3.31406853469949,0
3.31430787084218,0
3.31454720610007,0
3.31478654137233,0
3.31502587684412,0
3.31526521253838,0
3.31550454915142,0
3.31574388693278,0
3.3159832261606,0
3.31622256663752,0
3.3164619086298,0
3.31670125261007,0
3.31694059863869,0
3.31717994685096,0
3.31741929723429,0
3.31765864972703,0
3.31789800449357,0
3.31813736140367,0
3.31837672078068,0
3.31861608256678,0
3.31885544688298,0
3.31909481349915,0
3.31933418292991,0
3.31957355499499,0
3.3198129292651,0
3.32,0
3.32023986609836,0
3.32047805567894,0
3.32071746983931,0
3.32095697937819,0
3.32119651433381,0
3.32143603664948,0
3.32167554142484,0
3.32191502943714,0
3.32215450312284,0
3.32239396446706,0
3.32263341544346,0
3.3228728581051,0
3.32311229391493,0
3.32335172393615,0
3.3235911495582,0
3.32383057111511,0
3.32406999004633,0
3.32430940693907,0
3.32454882254626,0
3.3247882370181,0
3.32502765116099,0
3.32526706520659,0
3.32550647960858,0
3.32574589442751,0
3.32598531001294,0
3.32622472681482,0
3.32646414475656,0
3.32670356396838,0
3.32688935572507,0
3.32707514748176,0
3.32720083858803,0
3.3273265296943,0
3.3275656297342,0
3.32780348904655,0
3.3280441958496,0
3.32828505920831,0
3.32852583222575,0
3.32876642832269,0
3.3290068510357,0
3.32924711815958,0
3.32948724899716,0
3.3297272612223,0
3.32996717075395,0
3.33,0
3.33016414623026,0
3.33040017695947,0
3.33063906785613,0
3.33087918528344,0
3.331119462404,0
3.33135964083711,0
3.33159969425751,0
3.33183962813577,0
3.33207945673322,0
3.33231919335536,0
3.33255884907322,0
3.33279843458931,0
3.33303795867349,0
3.33327742907634,0
3.33351685192071,0
3.33375623290093,0
3.33399557711463,0
3.33423488825987,0
3.33447417046859,0
3.33471342653945,0
3.33495265927894,0
3.33519187080531,0
3.3354310635893,0
3.33567023928571,0
3.33590939934986,0
3.33614854497653,0
3.33638767774211,0
3.33662679848704,0
3.33686590812175,0
3.33710500764421,0
3.33734409730895,0
3.33758317821846,0
3.33782225075244,0
3.3380613155207,0
3.33830037252899,0
3.33853942274204,0
3.33877846626641,0
3.33901750352824,0
3.33925653520123,0
3.33949556080312,0
3.33973458149455,0
3.33997359656848,0
3.34,0
3.34013201715762,0
3.34036755937272,0
3.34060444633533,0
3.3408439519872,0
3.34108377472149,0
3.34132360633157,0
3.34156335756254,0
3.34180301988364,0
3.34204260000369,0
3.34228210826359,0
3.34252155371572,0
3.34276094473635,0
3.34300028862789,0
3.34323959144244,0
3.34347885866809,0
3.3437180947694,0
3.34395730386164,0
3.34419648930868,0
3.3444356543357,0
3.34467480129523,0
3.34491393255053,0
3.34515304988611,0
3.3453921555386,0
3.34563125037913,0
3.34587033600477,0
3.34610941333913,0
3.34634848354805,0
3.34658754766175,0
3.3468266061195,0
3.34706555928357,0
3.34730333098429,0
3.3475425909781,0
3.34778227998138,0
3.34802255737886,0
3.34826166819539,0
3.3485006829936,0
3.348739622262,0
3.34897854653902,0
3.34921746806373,0
3.34945639064325,0
3.34969531619221,0
3.34993424443287,0
3.35,0
3.35016758878468,0
3.35040289479174,0
3.35064018859999,0
3.35087958560423,0
3.35111922421648,0
3.35135886962665,0
3.35159844821182,0
3.3518379524378,0
3.35207738818268,0
3.3523167643135,0
3.35255608826942,0
3.35279536808009,0
3.35303460915425,0
3.35327381727788,0
3.35351299638485,0
3.3537521509534,0
3.35399128416884,0
3.35423039903094,0
3.35446949792572,0
3.35470858307447,0
3.35494765637911,0
3.35518671963147,0
3.35542577408533,0
3.35566482122819,0
3.35590386177026,0
3.35614289667087,0
3.3563819272358,0
3.35662095373713,0
3.35685997673284,0
3.35709899713484,0
3.35733801502276,0
3.35757703127253,0
3.35781604590374,0
3.35805505933402,0
3.35829407205782,0
3.35853308412582,0
3.35877209600809,0
3.35901110754423,0
3.35925011915778,0
3.35948913120109,0
3.35972814358189,0
3.35996715652411,0
3.36,0
3.36011048174844,0
3.36034625647478,0
3.36058367798409,0
3.36082424058812,0
3.36106407512199,0
3.36130381837887,0
3.36154342631239,0
3.36178294233605,0
3.3620223836059,0
3.36226176192297,0
3.36250108730788,0
3.36274036750034,0
3.36297960926025,0
3.363218817546,0
3.36345799736783,0
3.36369715299192,0
3.36393628825249,0
3.36417540577142,0
3.36441450812081,0
3.3646535977783,0
3.36489267651371,0
3.36513174632069,0
3.36537080880564,0
3.36560986487464,0
3.36584891606518,0
3.36608796288532,0
3.36632700629803,0
3.36656604709473,0
3.36680508591679,0
3.36704412368363,0
3.36728315995619,0
3.36752218998502,0
3.36776122809578,0
3.3680002834481,0
3.36823932944662,0
3.36847836355695,0
3.36871738695246,0
3.36895642133962,0
3.36919545861345,0
3.36943449911148,0
3.36967354164824,0
3.369912586124,0
3.37,0
3.37020004692979,0
3.37043254779531,0
3.37066962356733,0
3.37090899577591,0
3.37114873143388,0
3.37138853547765,0
3.37162829684814,0
3.3718679989745,0
3.37210764405952,0
3.37234723834511,0
3.37258678904687,0
3.37282630302616,0
3.37306578605313,0
3.37330524291385,0
3.37354467805508,0
3.37378409491711,0
3.37402349681956,0
3.37426288685704,0
3.37450226685834,0
3.37474163937696,0
3.37498100597708,0
3.37522036804545,0
3.37545972709937,0
3.3756990847731,0
3.37593844149838,0
3.37617779797582,0
3.37641715526442,0
3.37665651436345,0
3.37689587533051,0
3.37713523892578,0
3.37737460516907,0
3.37761397515588,0
3.37785334887612,0
3.37809272651913,0
3.37833210866477,0
3.37857149539456,0
3.37881088679033,0
3.37905028297404,0
3.37928968393963,0
3.37952909063049,0
3.37976850231533,0
3.38,0
3.38024159708896,0
3.38048157158289,0
3.38072216670295,0
3.38096153579744,0
3.38120073572822,0
3.38143985354817,0
3.38167897374423,0
3.3819181017666,0
3.38215724017669,0
3.38239638759885,0
3.38263554308118,0
3.38287470538609,0
3.38311387373036,0
3.3833530474458,0
3.38359222613409,0
3.38383140895965,0
3.38407059593824,0
3.38430978657074,0
3.38454898049614,0
3.38478817708326,0
3.38502737683066,0
3.3852665791206,0
3.3855057837698,0
3.38574499100838,0
3.38598420043215,0
3.38622341179514,0
3.38646262580988,0
3.38670184156129,0
3.38694105937807,0
3.38718027922084,0
3.38741950092434,0
3.38765872452622,0
3.38789794993486,0
3.38813717727757,0
3.38837640634149,0
3.3886156370971,0
3.3888548694293,0
3.38909410367028,0
3.38933333950518,0
3.38957257714843,0
3.38981181643232,0
3.39,0
3.39024006764012,0
3.39047566487529,0
3.39071391894139,0
3.39095332231529,0
3.39119302840069,0
3.39143283662981,0
3.39167264778635,0
3.39191244087231,0
3.39215221074285,0
3.39239195945916,0
3.39263168947641,0
3.39287140407947,0
3.39311110636548,0
3.39335079805484,0
3.39359048169453,0
3.3938301590217,0
3.39406983167499,0
3.39430950072242,0
3.394549167371,0
3.39478883291093,0
3.39502849759231,0
3.39526816254366,0
3.39550782815604,0
3.39574749286546,0
3.39598715589497,0
3.39622681735232,0
3.39646647755613,0
3.39670613688603,0
3.39694579565579,0
3.3971854542229,0
3.39742511231523,0
3.39766477075049,0
3.39790442917839,0
3.39814408756579,0
3.39838374662149,0
3.39862340624776,0
3.39886306640536,0
3.3991027273173,0
3.39934238897564,0
3.39958205146263,0
3.39982171468385,0
3.4,0
3.40024004116822,0
3.40047809671772,0
3.4007176082129,0
3.4009572133436,0
3.40119684326446,0
3.40143645519368,0
3.40167604940348,0
3.4019156255939,0
3.40215518630741,0
3.40239473337837,0
3.40263426921308,0
3.40287379584898,0
3.40311331500719,0
3.40335282822878,0
3.40359233640179,0
3.40383184130779,0
3.40407134426871,0
3.40431084547019,0
3.4045503452825,0
3.40478984449269,0
3.4050293431537,0
3.40526884234643,0
3.40550834187327,0
3.40574784278421,0
3.40598734462505,0
3.40622684802655,0
3.4064663532199,0
3.406705860232,0
3.40694536940769,0
3.4071848806298,0
3.40742439428378,0
3.40766391031763,0
3.40790342881885,0
3.40814294989896,0
3.40838247379613,0
3.40862200046268,0
3.40886152988384,0
3.40910106224968,0
3.40934059747985,0
3.40958013530995,0
3.40981967633881,0
3.41,0
3.4102401173331,0
3.41047831553083,0
3.4107179256234,0
3.41095764167326,0
3.41119738872792,0
3.41143712098192,0
3.41167683187315,0
3.41191652233092,0
3.41215619483052,0
3.41239585161648,0
3.41263549527131,0
3.41287512764185,0
3.4131147505098,0
3.41335436549013,0
3.41359397406704,0
3.4138335772332,0
3.41407317618958,0
3.41431277157787,0
3.41455236378806,0
3.41479195386381,0
3.41503154239724,0
3.41527112992712,0
3.41551071633896,0
3.41575030255085,0
3.41598988843639,0
3.41622947435688,0
3.41646906085785,0
3.41670864761369,0
3.41694823539637,0
3.41718782396663,0
3.41742741345623,0
3.41766700402375,0
3.4179065958921,0
3.41814618899846,0
3.4183857833803,0
3.4186253791848,0
3.41886497654297,0
3.41910457529069,0
3.41934417572695,0
3.4195837778141,0
3.41982338134558,0
3.42,0
3.42024024113605,0
3.4204784350599,0
3.42071812804143,0
3.42095793056355,0
3.42119776268706,0
3.42143757777315,0
3.4216773706286,0
3.42191714262237,0
3.42215689618337,0
3.4223966341513,0
3.42263635930697,0
3.42287607360863,0
3.42311577881111,0
3.42335547664068,0
3.4235951683678,0
3.42383485547163,0
3.42407453866031,0
3.42431421922305,0
3.42455389771336,0
3.42479357449033,0
3.4250332505348,0
3.42527292611432,0
3.42551260151486,0
3.42575227745256,0
3.42599195407747,0
3.42623163155086,0
3.42647131027523,0
3.42671099010559,0
3.42695067186034,0
3.42719035490329,0
3.42743004001703,0
3.42766972695551,0
3.42790941602692,0
3.42814910717268,0
3.42838880041892,0
3.42862849595553,0
3.42886819397828,0
3.42910789445609,0
3.42934759703664,0
3.42958730199828,0
3.42982700919302,0
3.43,0
3.43024036398589,0
3.43047855555179,0
3.43071833796761,0
3.43095823613464,0
3.43119816552495,0
3.43143807623313,0
3.43167796329847,0
3.43191782786438,0
3.4321576733996,0
3.43239750231932,0
3.43263731750607,0
3.43287712070782,0
3.43311691433361,0
3.43335670010005,0
3.43359647899559,0
3.43383625296135,0
3.43407602285015,0
3.43431578952773,0
3.43455555405428,0
3.43479531670575,0
3.43503507838346,0
3.43527483947235,0
3.43551460035024,0
3.43575436173437,0
3.43599412359149,0
3.43623388634086,0
3.4364736502012,0
3.43671341562043,0
3.43695318259177,0
3.43719295110564,0
3.43743272173688,0
3.43767249425091,0
3.43791226900689,0
3.43815204574859,0
3.43839182508347,0
3.43863160684089,0
3.43887139071726,0
3.43911117690037,0
3.43935096580101,0
3.43959075714804,0
3.43983055125896,0
3.44,0
3.44024048974434,0
3.44047868501593,0
3.44071856019063,0
3.4409585566751,0
3.441198586107,0
3.44143859576877,0
3.4416785805424,0
3.44191854184599,0
3.44215848259637,0
3.44239840592217,0
3.44263831477405,0
3.44287821140613,0
3.44311809782797,0
3.44335797586031,0
3.44359784709131,0
3.44383771270618,0
3.44407757376497,0
3.4443174315296,0
3.44455728659744,0
3.44479714010366,0
3.44503699229754,0
3.44527684393682,0
3.44551669552058,0
3.44575654703591,0
3.44599639928659,0
3.44623625251828,0
3.44647610696403,0
3.44671596267587,0
3.44695581995831,0
3.44719567907284,0
3.44743553999827,0
3.44767540299154,0
3.44791526807127,0
3.44815513531626,0
3.44839500501535,0
3.4486348771182,0
3.44887475128643,0
3.44911462806428,0
3.44935450740068,0
3.44959438941249,0
3.44983427391101,0
3.45,0
3.45024062080211,0
3.45047881819246,0
3.45071878848009,0
3.45095888637447,0
3.45119901908711,0
3.45143913081459,0
3.451679216492,0
3.45191927728594,0
3.4521593164542,0
3.45239933698994,0
3.45263934250889,0
3.45287933494949,0
3.45311931647018,0
3.45335928902331,0
3.45359925448757,0
3.45383921417804,0
3.45407916894646,0
3.45431911997317,0
3.45455906837699,0
3.45479901508099,0
3.45503896016311,0
3.45527890471286,0
3.45551884893194,0
3.45575879344304,0
3.45599873831294,0
3.45623868433617,0
3.45647863161252,0
3.45671858035712,0
3.45695853032502,0
3.45719848232345,0
3.45743843604041,0
3.4576783922041,0
3.45791834991783,0
3.45815831018566,0
3.45839827297198,0
3.45863823831426,0
3.45887820590624,0
3.45911817586847,0
3.45935814851001,0
3.45959812376603,0
3.45983810183823,0
3.46,0
3.46024075529598,0
3.46047895408807,0
3.46071902210382,0
3.4609592241306,0
3.4611994623681,0
3.46143967872586,0
3.46167986760618,0
3.4619200301517,0
3.46216017003107,0
3.46240029060129,0
3.46264039472032,0
3.4628804849936,0
3.46312056407084,0
3.46336063365487,0
3.4636006951361,0
3.46384075086308,0
3.46408080180528,0
3.46432084856226,0
3.46456089210381,0
3.46480093365428,0
3.46504097380342,0
3.46528101320106,0
3.46552105258801,0
3.46576109177061,0
3.46600113152954,0
3.46624117187963,0
3.46648121347276,0
3.46672125644971,0
3.4669613014007,0
3.46720134812475,0
3.46744139667372,0
3.46768144735627,0
3.46792149993419,0
3.46816155496083,0
3.46840161249567,0
3.46864167263568,0
3.46888173512434,0
3.46912180043663,0
3.46936186806618,0
3.46960193839586,0
3.46984201154653,0
3.47,0
3.47024089207901,0
3.47047909253014,0
3.47071926035792,0
3.47095956820334,0
3.47119991439779,0
3.47144023784155,0
3.47168053196053,0
3.47192079832577,0
3.47216104071113,0
3.47240126281759,0
3.47264146748841,0
3.472881657877,0
3.47312183647051,0
3.47336200473711,0
3.47360216467429,0
3.47384231805351,0
3.47408246611034,0
3.474322610275,0
3.47456275115776,0
3.47480288995747,0
3.47504302712052,0
3.47528316322189,0
3.47552329883855,0
3.47576343444478,0
3.47600357076396,0
3.47624370797098,0
3.47648384608636,0
3.4767239858586,0
3.47696412680798,0
3.47720426975377,0
3.47744441454394,0
3.47768456150707,0
3.47792471041308,0
3.47816486192966,0
3.47840501574756,0
3.47864517234407,0
3.47888533121066,0
3.47912549288318,0
3.47936565726921,0
3.47960582410117,0
3.47984599369605,0
3.48,0
3.48024103085272,0
3.48047923257723,0
3.48071950173973,0
3.48095991744497,0
3.48120037360588,0
3.48144080533802,0
3.48168120625203,0
3.48192157844371,0
3.48216192496998,0
3.4824022502032,0
3.4826425573403,0
3.48288284903926,0
3.48312312815978,0
3.4833633968211,0
3.48360365657305,0
3.48384390937978,0
3.48408415692398,0
3.48432439985246,0
3.48456463908085,0
3.484804875996,0
3.48504511140949,0
3.48528534564771,0
3.48552557939482,0
3.48576581302487,0
3.48600604713895,0
3.48624628186367,0
3.48648651767975,0
3.48672675482485,0
3.48696699397645,0
3.48720723468775,0
3.48744747725258,0
3.48768772207109,0
3.48792796891247,0
3.48816821799516,0
3.48840846984797,0
3.48864872421844,0
3.48888898087548,0
3.48912924017143,0
3.48936950206835,0
3.48960976714198,0
3.48985003478731,0
3.49,0
3.49024117301309,0
3.4904793757946,0
3.49071974780323,0
3.49096027292665,0
3.49120083995125,0
3.49144138171334,0
3.49168189131918,0
3.49192237056106,0
3.49216282306285,0
3.49240325278746,0
3.49264366361896,0
3.49288405833225,0
3.49307257928561,0
3.49321883247259,0
3.49336508565957,0
3.49354213509598,0
3.49378201172116,0
3.49402197234756,0
3.49426360370392,0
3.49450525379257,0
3.4947467767304,0
3.49498812899064,0
3.49522932171348,0
3.49547037360894,0
3.49571130315556,0
3.49595212633148,0
3.49619285749317,0
3.49643350851887,0
3.49667408952182,0
3.49691460943518,0
3.49715507633855,0
3.49739549600845,0
3.49763587427934,0
3.49787621585495,0
3.49811652517237,0
3.49835680529948,0
3.49859705963063,0
3.49883729068148,0
3.49907750088067,0
3.49931769172687,0
3.49955786557213,0
3.49979802330176,0
3.5,0
3.50023921782279,0
3.50047866060814,0
3.50071902304347,0
3.50095941369513,0
3.50119981124915,0
3.50144018347426,0
3.50168052901407,0
3.50192084953289,0
3.50216114744851,0
3.5024014247621,0
3.50264168343352,0
3.50288192538827,0
3.503122152196,0
3.50336236518915,0
3.50360256540345,0
3.50384275367426,0
3.50408293132549,0
3.50432309891098,0
3.50456325718799,0
3.50480340658937,0
3.50504354765028,0
3.50528368072814,0
3.50552380660666,0
3.50576392528058,0
3.50600403718349,0
3.50624414230468,0
3.50648424168519,0
3.50672433469358,0
3.50696442208291,0
3.50720450370505,0
3.50744458007527,0
3.50768465126778,0
3.50792471701271,0
3.50816477780245,0
3.50840483384796,0
3.50864488516515,0
3.50888493177936,0
3.50912497397893,0
3.50936501159818,0
3.50960504492983,0
3.50984507390321,0
3.51,0
3.51024053421138,0
3.51047865226965,0
3.51071881980008,0
3.5109591115578,0
3.5111994350095,0
3.51143972553488,0
3.51167997849792,0
3.51192019545193,0
3.51216038102492,0
3.51240053871475,0
3.51264067210444,0
3.51288078440717,0
3.51312087795531,0
3.51336314259433,0
3.51360269578756,0
3.51384133359235,0
3.51407992833854,0
3.51431995985868,0
3.51456014668151,0
3.51480041797215,0
3.51504068719931,0
3.51528093959397,0
3.5155211718636,0
3.51576138485418,0
3.51600158039846,0
3.51624176106703,0
3.51648192873559,0
3.51672208548366,0
3.51696223228388,0
3.51720236852601,0
3.51744249603908,0
3.51768261638616,0
3.51792273081202,0
3.51816283994712,0
3.51840294537447,0
3.51864304767249,0
3.51888314704162,0
3.51912324462536,0
3.51936334077482,0
3.51960343587592,0
3.51984353060218,0
3.52,0
3.52024083784629,0
3.52047890370896,0
3.52071900605986,0
3.52095924488544,0
3.52119952018384,0
3.52143976850213,0
3.52167998394384,0
3.52192016822417,0
3.52216032543174,0
3.52240045953361,0
3.5226405736161,0
3.5228806704553,0
3.52312075321208,0
3.52336082376425,0
3.5236008841765,0
3.52384093593849,0
3.52408098045119,0
3.52432101914676,0
3.52456105235892,0
3.52480108184837,0
3.5250411082367,0
3.52528113227109,0
3.52552115416678,0
3.52576117474905,0
3.52600119433448,0
3.52624121323643,0
3.52648123210749,0
3.5267212512147,0
3.52696127092525,0
3.52720129129913,0
3.52744131253177,0
3.52768133479298,0
3.52792135827035,0
3.52816138349191,0
3.52840141017691,0
3.52864143855318,0
3.52888146878624,0
3.52912150083993,0
3.52936153502727,0
3.52960157099583,0
3.5298416093681,0
3.53,0
3.53024066575345,0
3.53047887144616,0
3.53071904287797,0
3.53095935479407,0
3.53119970400667,0
3.53144002896179,0
3.53168032377872,0
3.53192059049025,0
3.53216083249185,0
3.53240105375914,0
3.53264125765732,0
3.53288144683863,0
3.53312162395289,0
3.53336179113263,0
3.53360194818526,0
3.53384209467396,0
3.5340822392713,0
3.53432238567651,0
3.53456252882907,0
3.53480267042404,0
3.53504281042936,0
3.5352829490308,0
3.53552308728411,0
3.53576322551354,0
3.53600336404983,0
3.53624350359536,0
3.53648364433525,0
3.53672378615868,0
3.53696393006563,0
3.53720407561685,0
3.53744422338016,0
3.53768437365757,0
3.53792452652548,0
3.53816468205417,0
3.53840484037626,0
3.53864500142139,0
3.53888516549667,0
3.53912533243092,0
3.53936550256599,0
3.53960567586161,0
3.53984585242897,0
3.54,0
3.54024106471687,0
3.54047928793686,0
3.54071959601747,0
3.54096004707077,0
3.54120053826303,0
3.54144100530674,0
3.54168144211012,0
3.54192185018339,0
3.54216223344392,0
3.54240259544629,0
3.54264294011067,0
3.54288327032365,0
3.54312358869124,0
3.54336389734146,0
3.54360419840745,0
3.54384449357061,0
3.54408478358046,0
3.54432507049883,0
3.54456535515907,0
3.54480563798722,0
3.5450459202728,0
3.54528620229781,0
3.54552648476282,0
3.54576676862532,0
3.54600705366779,0
3.546247340406,0
3.54648762957776,0
3.54672792124252,0
3.54696821574256,0
3.54720851300524,0
3.54744881305906,0
3.5476891163557,0
3.54792942288367,0
3.54816973316157,0
3.54841004686258,0
3.54865036408477,0
3.54889068510018,0
3.54913100970784,0
3.54937133780726,0
3.54961167012568,0
3.54985200614006,0
3.55,0
3.55024126549257,0
3.55047946495357,0
3.55071991358705,0
3.55096051564162,0
3.55120116159039,0
3.55144178179203,0
3.55168236912391,0
3.55192292585314,0
3.55216345575142,0
3.55240396312606,0
3.5526444517185,0
3.55288492424077,0
3.55312538406687,0
3.55336583318781,0
3.55360627374983,0
3.55384670766212,0
3.55408713617665,0
3.55432756067283,0
3.55456798199035,0
3.55480840149124,0
3.55504881988415,0
3.55528923775563,0
3.55552965580792,0
3.55577007422145,0
3.55601049371238,0
3.55625091481751,0
3.5564913379051,0
3.55673176272717,0
3.55697219003011,0
3.55721262006443,0
3.55745305282113,0
3.55769348809314,0
3.55793392651021,0
3.55817436777627,0
3.55841481246726,0
3.55865526039418,0
3.5588957117173,0
3.55913616633628,0
3.55937662438416,0
3.55961708591154,0
3.55985755080601,0
3.56,0
3.56024145123696,0
3.56047964693926,0
3.56072022478626,0
3.56096096413296,0
3.5612017495282,0
3.56144250678121,0
3.5616832291661,0
3.56192391851225,0
3.56216457890384,0
3.56240521482256,0
3.56264583026104,0
3.56288642859263,0
3.5631270128938,0
3.56336758516649,0
3.56360814788177,0
3.56384870261192,0
3.56408925114949,0
3.564329795153,0
3.56457033545965,0
3.56481087313095,0
3.56505140889605,0
3.56529194329666,0
3.56553247761899,0
3.56577301178078,0
3.56601354666368,0
3.56625408259411,0
3.56649461983605,0
3.56673515839672,0
3.56697569899521,0
3.56721624165021,0
3.5674567864578,0
3.5676973336297,0
3.56793788345721,0
3.56817843601214,0
3.5684189910613,0
3.56865954891439,0
3.56890010972638,0
3.5691406739056,0
3.56938124090501,0
3.56962181097337,0
3.56986238372651,0
3.57,0
3.57024161576065,0
3.57047980820985,0
3.57072050352891,0
3.57096136729634,0
3.571202279383,0
3.57144316129447,0
3.57168400618866,0
3.57192481601608,0
3.57216559534952,0
3.57240634850771,0
3.57264707965382,0
3.57288779259961,0
3.57312848990842,0
3.57336917474793,0
3.57360984888243,0
3.57385051426346,0
3.57409117275595,0
3.57433182610487,0
3.57457247478917,0
3.57481312040813,0
3.57505376359586,0
3.57529440559699,0
3.57553504656577,0
3.57577568720239,0
3.57601632828419,0
3.57625697006208,0
3.57649761259216,0
3.5767382563936,0
3.576978901529,0
3.57721954857306,0
3.5774601975525,0
3.57770084868211,0
3.57794150219875,0
3.57818215813948,0
3.57842281656804,0
3.57866347744172,0
3.57890414095277,0
3.57914480731793,0
3.57938547636346,0
3.57962614838271,0
3.57986682340902,0
3.58,0
3.58024176912302,0
3.58047996140058,0
3.58072076785831,0
3.5809617495599,0
3.58120278138942,0
3.58144378165613,0
3.58168474275633,0
3.58192566715581,0
3.5821665590601,0
3.58240742358321,0
3.58264826519551,0
3.58288908721475,0
3.58312989335657,0
3.5833706858502,0
3.58361146702554,0
3.58385223893996,0
3.58409300368227,0
3.58433376249707,0
3.58457451648752,0
3.5848152669313,0
3.58505601499823,0
3.58529676114412,0
3.58553750631104,0
3.58577825082117,0
3.58601899534222,0
3.58625974016813,0
3.58650048604787,0
3.58674123308566,0
3.58698198165372,0
3.58722273167761,0
3.58746348360399,0
3.58770423755107,0
3.58794499389994,0
3.58818575234718,0
3.58842651326794,0
3.58866727663125,0
3.5889080429077,0
3.5891488118,0
3.58938958361945,0
3.58963035809272,0
3.58987113556866,0
3.59,0
3.59024192372549,0
3.59048011642608,0
3.59072103246294,0
3.59096213035391,0
3.59120328037534,0
3.5914443972702,0
3.59168547339956,0
3.59192651106916,0
3.59216751546095,0
3.59240849117732,0
3.59264944288057,0
3.59289037436581,0
3.59313128869167,0
3.59337218904517,0
3.59361307785875,0
3.59385395679556,0
3.59409482804911,0
3.59433569304601,0
3.59457655315219,0
3.5948174097869,0
3.59505826339684,0
3.59529911512167,0
3.59553996562263,0
3.59578081544241,0
3.59602166533655,0
3.59626251548652,0
3.59650336657472,0
3.59674421864425,0
3.59698507224586,0
3.59722592740812,0
3.59746678472174,0
3.59770764364292,0
3.59794850525459,0
3.59818936895415,0
3.59843023555781,0
3.59867110429359,0
3.59891197581397,0
3.59915284998962,0
3.59939372707239,0
3.59963460705578,0
3.5998754901215,0
3.6,0
3.60024207737558,0
3.60048027064085,0
3.60072129778206,0
3.60096251363466,0
3.6012037836941,0
3.6014450192176,0
3.60168621259199,0
3.60192736606928,0
3.6021684847105,0
3.60240957360484,0
3.60265063772411,0
3.60289168059539,0
3.60313270569803,0
3.60337371608049,0
3.60361471452836,0
3.60385570326948,0
3.60409668369824,0
3.60433765782438,0
3.60457862653193,0
3.60481959138832,0
3.60506055332209,0
3.60530151351291,0
3.60554247211685,0
3.6057834302086,0
3.60602438809213,0
3.60626534678036,0
3.60650630588815,0
3.60674726604913,0
3.60698822743257,0
3.60722919075349,0
3.60747015586891,0
3.60771112338863,0
3.60795209304084,0
3.60819306526828,0
3.6084340399358,0
3.60867501725809,0
3.60891599728814,0
3.6091569802827,0
3.60939796600449,0
3.60963895489415,0
3.60987994623507,0
3.61,0
3.61024223573626,0
3.6104804287157,0
3.61072156931605,0
3.61096290542823,0
3.61120429781424,0
3.61144565471932,0
3.6116869679263,0
3.6119282396324,0
3.61216947506077,0
3.61241067983651,0
3.61265185843862,0
3.61289301538244,0
3.61313415411739,0
3.61337527742517,0
3.61361638819629,0
3.61385748868967,0
3.61409858088647,0
3.61433966633378,0
3.61458074639689,0
3.61482182206172,0
3.61506289478596,0
3.61530396562719,0
3.61554503519242,0
3.61578610354438,0
3.61602717185956,0
3.61626824082565,0
3.61650931052553,0
3.61675038140112,0
3.61699145337354,0
3.61723252745846,0
3.61747360349491,0
3.61771468134131,0
3.6179557617036,0
3.6181968444682,0
3.61843792968455,0
3.61867901790164,0
3.61892010859692,0
3.61916120223547,0
3.61940229893194,0
3.61964339863635,0
3.61988450125681,0
3.62,0
3.62024239754672,0
3.62048059034862,0
3.62072184668538,0
3.62096330558885,0
3.62120482326855,0
3.62144630409776,0
3.621687739438,0
3.6219291316633,0
3.62217048641032,0
3.62241180944156,0
3.62265310542331,0
3.62289437846443,0
3.62313563275289,0
3.6233768713256,0
3.62361809674737,0
3.62385931147283,0
3.62410051734961,0
3.62434171598955,0
3.62458290917365,0
3.62482409819578,0
3.62506528401413,0
3.62530646750799,0
3.62554764970393,0
3.62578883091554,0
3.62603001193436,0
3.6262711936195,0
3.62651237565664,0
3.62675355880859,0
3.62699474337182,0
3.62723592996627,0
3.62747711827176,0
3.6277183087196,0
3.62795950164103,0
3.62820069711153,0
3.62844189513655,0
3.62868309571711,0
3.62892429902585,0
3.6291655055808,0
3.62940671490151,0
3.62964792733158,0
3.62988914284333,0
3.63,0
3.63024255944813,0
3.63048075111619,0
3.63072212451488,0
3.63096370777231,0
3.63120535204152,0
3.63144695816599,0
3.63168851724505,0
3.63193003130192,0
3.63217150671862,0
3.63241294926225,0
3.63265436387887,0
3.63289575494153,0
3.6331371263843,0
3.63337848138773,0
3.63361982291362,0
3.63386115306668,0
3.63410247439955,0
3.63434378825319,0
3.63458509662998,0
3.63482640013179,0
3.63506770031323,0
3.63530899793878,0
3.63555029440029,0
3.63579158954111,0
3.63603288461205,0
3.63627417979738,0
3.63651547595113,0
3.63675677331915,0
3.63699807211095,0
3.63723937235897,0
3.63748067465344,0
3.63772197904594,0
3.63796328585752,0
3.63820459541627,0
3.63844590743863,0
3.6386872221775,0
3.63892853970359,0
3.63916986004737,0
3.63941118361457,0
3.63965251019161,0
3.63989383971091,0
3.64,0
3.64024272720663,0
3.64048091762665,0
3.64072240961058,0
3.64096411854488,0
3.64120589105395,0
3.64144762410288,0
3.64168930807925,0
3.64193094581153,0
3.64217254368489,0
3.64241410706287,0
3.64265564151946,0
3.64289715174901,0
3.64313864172406,0
3.64338011440447,0
3.64362157322906,0
3.6438630202516,0
3.64410445823752,0
3.64434588825877,0
3.6445873123044,0
3.64482873177159,0
3.6450701473911,0
3.64531156070905,0
3.6455529726521,0
3.64579438339359,0
3.6460357938097,0
3.6462772043368,0
3.64651861567833,0
3.64676002792264,0
3.64700144159886,0
3.64724285692419,0
3.64748427448711,0
3.64772569379316,0
3.64796711540347,0
3.6482085397793,0
3.64844996713901,0
3.64869139717306,0
3.64893282990604,0
3.64917426568001,0
3.64941570447684,0
3.64965714613466,0
3.64989859099632,0
3.65,0
3.65024289775626,0
3.65048108639515,0
3.65072269823679,0
3.65096453396894,0
3.65120643592711,0
3.65144829680212,0
3.65169010694199,0
3.65193186962789,0
3.65217359077949,0
3.65241527644874,0
3.65265693204774,0
3.65289856277403,0
3.65314017218817,0
3.65338176421178,0
3.65362334129629,0
3.65386490654948,0
3.65410646228443,0
3.65434800974366,0
3.65458955103573,0
3.65483108750973,0
3.65507262014891,0
3.65531415033015,0
3.65555567860891,0
3.65579720573611,0
3.65603873233637,0
3.65628025917461,0
3.65652178680669,0
3.65676331538629,0
3.65700484513414,0
3.65724637692524,0
3.65748791038385,0
3.65772944601704,0
3.65797098426418,0
3.6582125249745,0
3.65845406826775,0
3.65869561424259,0
3.65893716337533,0
3.65917871555766,0
3.65942027079617,0
3.65966182920716,0
3.65990339038896,0
3.66,0
3.66024306888905,0
3.66048125612991,0
3.66072298835331,0
3.66096495217932,0
3.66120698485977,0
3.66144897486062,0
3.66169091274077,0
3.66193280106049,0
3.66217464643066,0
3.66241645531291,0
3.66265823341252,0
3.66289998572414,0
3.66314171563149,0
3.66338342778265,0
3.6636251248415,0
3.66386680943998,0
3.66410848394994,0
3.66435015011292,0
3.66459180970865,0
3.66483346431003,0
3.66507511496049,0
3.66531676290031,0
3.66555840886929,0
3.66580005361648,0
3.66604169783404,0
3.66628334205798,0
3.66652498707528,0
3.66676663319661,0
3.66700828046382,0
3.6672499295529,0
3.66749158063858,0
3.66773323380138,0
3.66797488928346,0
3.66821654741278,0
3.6684582082172,0
3.66869987197387,0
3.66894153859199,0
3.66911376516215,0
3.6692859917323,0
3.66941031082743,0
3.66953462992256,0
3.66971575790069,0
3.66995674326233,0
3.67,0
3.67021628368837,0
3.67045540563097,0
3.67069968456251,0
3.67094348291886,0
3.67118718041255,0
3.67143058240162,0
3.6716737410153,0
3.67191668684908,0
3.67215945069447,0
3.67240205858726,0
3.67264453199431,0
3.67288688960655,0
3.67312914767136,0
3.67337131979132,0
3.67361341724392,0
3.67385545015533,0
3.67409742666531,0
3.67433935409624,0
3.6745812385808,0
3.67482308541531,0
3.67506489910662,0
3.67530668349799,0
3.67554844212231,0
3.67579017775145,0
3.67603189283524,0
3.67627358915316,0
3.67651526867254,0
3.67675693324848,0
3.67699858400082,0
3.6772402223577,0
3.67748184912365,0
3.67772346524255,0
3.67796507122232,0
3.67820666781399,0
3.67844825586926,0
3.67868983578064,0
3.6789314080664,0
3.67917297275877,0
3.67941453040318,0
3.67965608141624,0
3.67989762621936,0
3.68,0
3.68024100985582,0
3.68047936361322,0
3.68072115615376,0
3.6809631053428,0
3.68120511036371,0
3.68144705975767,0
3.68168894850769,0
3.68193077979661,0
3.68217256074217,0
3.68241429791976,0
3.68265599718468,0
3.68289766313732,0
3.68313929993421,0
3.68338091152923,0
3.683622500862,0
3.68386407058859,0
3.68410562318646,0
3.6843471601438,0
3.68458868381777,0
3.6848301956247,0
3.68507169688095,0
3.6853131882548,0
3.68555467099955,0
3.68579614586555,0
3.68603761387271,0
3.68627907525434,0
3.68652053090294,0
3.68676198104819,0
3.68700342638379,0
3.68724486686732,0
3.68748630361123,0
3.68772773614892,0
3.68796916514893,0
3.68821059057929,0
3.68845201280246,0
3.68869343206897,0
3.6889348483075,0
3.68917626196412,0
3.68941904044918,0
3.68966042936091,0
3.68990203220322,0
3.69,0
3.69024366494972,0
3.69047664555785,0
3.69071803625235,0
3.69095976986637,0
3.69120173740541,0
3.69144366382673,0
3.69168552812769,0
3.69192732828763,0
3.69216907207752,0
3.69241076716554,0
3.69265242124253,0
3.69289404039919,0
3.69313562991547,0
3.69337719428018,0
3.69361873721907,0
3.69386026195018,0
3.69410177074974,0
3.69434326654758,0
3.69458475123311,0
3.69482622651153,0
3.69506769380703,0
3.69530915427466,0
3.6955506093793,0
3.69579205978968,0
3.69603350601709,0
3.69627494942618,0
3.69651638984077,0
3.69675782841393,0
3.69699926503083,0
3.69724070079942,0
3.69748213593506,0
3.69772357034144,0
3.69796500493593,0
3.69820643957812,0
3.69844787478187,0
3.698689310473,0
3.69893074653578,0
3.69917218363455,0
3.69941362178416,0
3.69965506107617,0
3.69989650166328,0
3.7,0
3.70024254098836,0
3.70048074037113,0
3.70072237211186,0
3.70096422887937,0
3.70120615083416,0
3.7014480299387,0
3.70168985653036,0
3.70193163391413,0
3.70217336796567,0
3.70241506549295,0
3.70265673164217,0
3.70289837189442,0
3.7031399899504,0
3.70338158946066,0
3.7036231735401,0
3.70386474497953,0
3.70410630571726,0
3.7043478578289,0
3.70458940294016,0
3.70483094256448,0
3.70507247807529,0
3.70531401014288,0
3.7055555402606,0
3.70579706885401,0
3.70603859659007,0
3.7062801240655,0
3.70652165176893,0
3.70676318044009,0
3.70700470999123,0
3.70724624124807,0
3.70748777444922,0
3.70772930940218,0
3.70797084657551,0
3.70821238611288,0
3.70845392848443,0
3.70869547379361,0
3.7089370220527,0
3.70917857327156,0
3.7094201269164,0
3.70966168120704,0
3.70990323963982,0
3.71,0
3.71024309605821,0
3.71048131063777,0
3.71072310320309,0
3.71096509495159,0
3.71120716869534,0
3.71144920009801,0
3.7116911789821,0
3.71193310788305,0
3.71217499307821,0
3.71241684132051,0
3.71265865862385,0
3.71290044958737,0
3.71314221894243,0
3.71338396992783,0
3.71362570659676,0
3.71386743105736,0
3.7141091456582,0
3.7143508525509,0
3.71459255345782,0
3.71483424972785,0
3.71507594279998,0
3.71531763359504,0
3.71555932334332,0
3.71580101263235,0
3.71604270221464,0
3.71628439279347,0
3.71652608458649,0
3.71676777850487,0
3.71700947451573,0
3.71725117266613,0
3.71749287368171,0
3.71773457758345,0
3.71797628493756,0
3.71821799582875,0
3.71845970989376,0
3.71870142796466,0
3.71894314980152,0
3.71918487553942,0
3.71942660523799,0
3.71966833895465,0
3.71991007691297,0
3.72,0
3.72024332414997,0
3.72048148596135,0
3.72072340541906,0
3.72096556237426,0
3.7212077926962,0
3.72144997888183,0
3.72169211062431,0
3.72193419117004,0
3.72217622708599,0
3.72241822544869,0
3.72266019208809,0
3.72290213220951,0
3.72314405000064,0
3.72338594994149,0
3.72362783474508,0
3.72386970733099,0
3.724111569883,0
3.72435342444705,0
3.72459527300293,0
3.72483711704202,0
3.7250789580583,0
3.72532079636876,0
3.72556263338937,0
3.72580447014453,0
3.72604630698235,0
3.72628814458303,0
3.72652998371739,0
3.72677182466636,0
3.72701366774175,0
3.72725551320695,0
3.72749736139317,0
3.72773921249947,0
3.72798106680113,0
3.7282229243625,0
3.72846478554767,0
3.72870665005439,0
3.7289485184659,0
3.72919039063519,0
3.72943226692507,0
3.72967414712579,0
3.72991603134215,0
3.73,0
3.73024354759284,0
3.73048172153656,0
3.73072379211808,0
3.73096610795733,0
3.73120849884031,0
3.73145084384051,0
3.73169313212894,0
3.73193536703255,0
3.73217755551904,0
3.73241970480849,0
3.73266182090492,0
3.73290390891023,0
3.73314597368904,0
3.73338801967435,0
3.73363004979495,0
3.73387206640135,0
3.73411407239544,0
3.73435606994684,0
3.73459806079988,0
3.73484004615073,0
3.7350820276433,0
3.73532400678364,0
3.7355659839192,0
3.73580796002431,0
3.7360499360452,0
3.73629191209183,0
3.73653388907836,0
3.73677586763725,0
3.73701784779365,0
3.73725983007197,0
3.73750181437782,0
3.73774380108506,0
3.7379857906901,0
3.73822778285967,0
3.7384697781675,0
3.73871177657182,0
3.73895377856446,0
3.73919578383687,0
3.73943779269886,0
3.73967980511983,0
3.73992182070415,0
3.74,0
3.74024375549229,0
3.74048192090224,0
3.74072412969056,0
3.74096659165121,0
3.74120913219578,0
3.74145162481044,0
3.74169405857111,0
3.74193643679133,0
3.74217876668299,0
3.74242105531213,0
3.74266330943745,0
3.74290553435489,0
3.74314773483381,0
3.74338991492254,0
3.7436320781747,0
3.74387422735229,0
3.74411636525089,0
3.74435849398367,0
3.74460061500593,0
3.7448427303217,0
3.74508484135625,0
3.74532694910154,0
3.74556905470353,0
3.74581115876065,0
3.74605326207036,0
3.74629536526508,0
3.74653746910162,0
3.74677957367651,0
3.7470216795865,0
3.74726378754753,0
3.7475058972842,0
3.7477480093679,0
3.74799012403691,0
3.74823224071541,0
3.74847436044896,0
3.74871648278041,0
3.74895860814896,0
3.7492007367998,0
3.74944286870912,0
3.74968500381183,0
3.74992714176112,0
3.75,0
3.75024390499563,0
3.75048206691821,0
3.75072440278973,0
3.75096700083648,0
3.75120967973848,0
3.75145230870472,0
3.75169487657491,0
3.75193738664791,0
3.75217984722609,0
3.75242226548602,0
3.75266464779533,0
3.75290699952597,0
3.75314932579713,0
3.75339163057541,0
3.75363391795587,0
3.7538761909412,0
3.75411845181453,0
3.75436070315377,0
3.75460294652583,0
3.75484518367943,0
3.75508741595084,0
3.7553296448846,0
3.75557187113509,0
3.75581409565608,0
3.75605631908563,0
3.75629854220464,0
3.75654076583011,0
3.75678299010897,0
3.75702521533078,0
3.75726744222998,0
3.75750967096957,0
3.75775190152529,0
3.75799413464351,0
3.75823636980854,0
3.75847860762273,0
3.75872084859176,0
3.75896309203941,0
3.75920533858835,0
3.75944758837503,0
3.75968984125967,0
3.75993209712968,0
3.76,0
3.76024409229646,0
3.76048225200019,0
3.76072471214732,0
3.76096744102794,0
3.76121025349196,0
3.76145301457211,0
3.76169571304917,0
3.76193835225876,0
3.7621809400748,0
3.76242348385728,0
3.76266599100366,0
3.76290846662938,0
3.76315091629119,0
3.76339334421823,0
3.76363575370418,0
3.76387814821548,0
3.76412053017739,0
3.76436290207066,0
3.76460526578499,0
3.76484762334853,0
3.76508997582387,0
3.76533232454218,0
3.76557467042204,0
3.76581701437693,0
3.76605935747636,0
3.76630169976763,0
3.76654404253383,0
3.76678638618708,0
3.76702873077017,0
3.76727107662653,0
3.76751342424938,0
3.76775577402553,0
3.76799812615015,0
3.76824048072201,0
3.76848283767472,0
3.76872519746655,0
3.76896755999631,0
3.76920992543175,0
3.76945229376061,0
3.76969466515488,0
3.76993703976832,0
3.77,0
3.77024427862681,0
3.77048243413663,0
3.77072501829385,0
3.77096787847688,0
3.77121082446976,0
3.77145371805039,0
3.77169654713527,0
3.77193931563136,0
3.77218203137401,0
3.77242470213841,0
3.77266733499725,0
3.77290993574858,0
3.77315251003717,0
3.77339506175411,0
3.7736375946085,0
3.77388011221196,0
3.77412261714557,0
3.77436511152565,0
3.77460759762575,0
3.77485007691386,0
3.77509255122735,0
3.77533502161506,0
3.77557748929719,0
3.77581995489192,0
3.77606241944904,0
3.7763048835043,0
3.77654734787828,0
3.77678981295856,0
3.77703227906587,0
3.77727474649093,0
3.77751721567094,0
3.77775968681722,0
3.77800216037655,0
3.77824463628555,0
3.77848711490819,0
3.77872959628879,0
3.7789720805374,0
3.77921456746822,0
3.77945705761568,0
3.77969955083235,0
3.77994204747641,0
3.78,0
3.78024454088646,0
3.78048268882193,0
3.78072540033521,0
3.78096839315248,0
3.781211475121,0
3.78145450293487,0
3.78169746474007,0
3.78194036445723,0
3.78218321020603,0
3.78242600998878,0
3.78266877084334,0
3.78291149907817,0
3.78315419955692,0
3.78339687731738,0
3.78363953585149,0
3.78388217866864,0
3.78412480856919,0
3.78436742769623,0
3.78461003809391,0
3.78485264190318,0
3.78509524032566,0
3.78533783468675,0
3.78558042601755,0
3.78582301556136,0
3.78606560422284,0
3.78630819237606,0
3.78655078046748,0
3.7867933692096,0
3.78703595923557,0
3.78727855076845,0
3.78752114400959,0
3.78776373943062,0
3.78800633727707,0
3.78824893735669,0
3.78849154023977,0
3.7887341457559,0
3.78897675422688,0
3.7892193657719,0
3.78946198043213,0
3.78970459837906,0
3.78994721954623,0
3.79,0
3.7902445666976,0
3.79048271907893,0
3.79072555392423,0
3.79096868137839,0
3.79121190031798,0
3.79145506397894,0
3.79169816035561,0
3.79194119315972,0
3.79218417050835,0
3.79242710065795,0
3.79266999115319,0
3.79291284809653,0
3.79315567691055,0
3.79339848219015,0
3.79364126774769,0
3.79388403698621,0
3.79412679317345,0
3.79436953859339,0
3.79461227508594,0
3.79485500467462,0
3.79509772876482,0
3.79534044854782,0
3.79558316585819,0
3.79582588080571,0
3.79606859488426,0
3.79631130829081,0
3.79655402173877,0
3.79679673582193,0
3.79703945132596,0
3.7972821679665,0
3.79752488641527,0
3.79776760704005,0
3.7980103300608,0
3.79825305544768,0
3.79849578364003,0
3.79873851468087,0
3.79898124879285,0
3.79922398593604,0
3.79946672629599,0
3.79970946980807,0
3.79995221670575,0
3.8,0
3.80023891647127,0
3.80047714502934,0
3.80072033219367,0
3.80096360587655,0
3.80120697117803,0
3.80145026388638,0
3.80169348448801,0
3.80193663855558,0
3.80217973502925,0
3.8024227831752,0
3.80266579018502,0
3.80290876274007,0
3.80315170610528,0
3.80339462520299,0
3.80363752434785,0
3.80388040673779,0
3.80412327534978,0
3.80436613298659,0
3.80460898110622,0
3.80485182228626,0
3.80509465763084,0
3.80533748881385,0
3.80558031690614,0
3.80582314299977,0
3.80606596819699,0
3.80630879271764,0
3.80655161731549,0
3.80679444268804,0
3.80703726896989,0
3.80728009664937,0
3.80752292624747,0
3.80776575786562,0
3.80800859141915,0
3.80825142747779,0
3.80849426634952,0
3.80873710794388,0
3.80897995263968,0
3.8092228001649,0
3.809465650874,0
3.80970850488278,0
3.80995136227959,0
3.81,0
3.81024318860206,0
3.81048151366675,0
3.81072465859136,0
3.810968051435,0
3.811211537048,0
3.81145496278044,0
3.81169831876979,0
3.81194160959692,0
3.81218484414017,0
3.81242803029753,0
3.81267117567655,0
3.81291428688409,0
3.81315736911608,0
3.81340042752773,0
3.81364346548065,0
3.81388648679653,0
3.81412949446443,0
3.8143724910497,0
3.8146154786012,0
3.81485845901228,0
3.8151014340282,0
3.81534440458977,0
3.81558737227835,0
3.81583033805216,0
3.81607330241829,0
3.81631626621575,0
3.8165592299424,0
3.81680219445456,0
3.8170451603455,0
3.81728812750919,0
3.81753109652537,0
3.81777406784865,0
3.81801704124604,0
3.81826001743896,0
3.81850299627727,0
3.81874597785094,0
3.8189889626754,0
3.81923195059903,0
3.81947494161147,0
3.8197179360409,0
3.81996093391471,0
3.82,0
3.82019533042647,0
3.82043405252863,0
3.82067900284423,0
3.82092270762706,0
3.8211664235634,0
3.82140993964378,0
3.8216533591877,0
3.82189669798972,0
3.82213997332604,0
3.82238319546091,0
3.82262637285467,0
3.82286951262734,0
3.82311262084025,0
3.8233557028291,0
3.82359876249467,0
3.82384180379139,0
3.82408483019083,0
3.8243278435794,0
3.82457084697182,0
3.82481384224693,0
3.82505683094145,0
3.82529981436594,0
3.82554279381611,0
3.82578577075251,0
3.8260287456155,0
3.82627171973308,0
3.82651469323833,0
3.82675766713053,0
3.82700064155056,0
3.8272436170163,0
3.82748659367647,0
3.82772957207029,0
3.82797255245788,0
3.8282155351639,0
3.8284585202314,0
3.82870150771828,0
3.82894449817547,0
3.82918749126478,0
3.82943048734752,0
3.82967348649091,0
3.82991648876322,0
3.83,0
3.83023668016999,0
3.83047613830529,0
3.83071973153337,0
3.83096333804678,0
3.83120701753054,0
3.83145062908866,0
3.83169417613328,0
3.83193766406488,0
3.83218110158093,0
3.83242449662065,0
3.83266785609244,0
3.83291118539183,0
3.83315448923573,0
3.83339777226158,0
3.83364103787989,0
3.83388428931907,0
3.83412752927539,0
3.83437075987827,0
3.83461398255354,0
3.83485719948879,0
3.8351004121897,0
3.83534362147973,0
3.83558682860155,0
3.83583003433635,0
3.83607323962859,0
3.83631644482674,0
3.83655965103866,0
3.83680285850157,0
3.83704606756496,0
3.83728927817599,0
3.83753249099,0
3.83777570610384,0
3.83801892380422,0
3.83826214393885,0
3.83850536722188,0
3.8387485933551,0
3.83899182260912,0
3.83923505522793,0
3.83947829112034,0
3.83972153052845,0
3.83996477359778,0
3.84,0
3.84017613201109,0
3.84041521529664,0
3.84065810301733,0
3.8409022757862,0
3.84114630056464,0
3.84139019447975,0
3.84163399589,0
3.84187771250491,0
3.84212135901156,0
3.84236494565366,0
3.84260848181668,0
3.84285197543258,0
3.84309543300099,0
3.84333886049255,0
3.84358226295163,0
3.84382564432115,0
3.84406900888875,0
3.84431235892104,0
3.84455569788758,0
3.84479902740928,0
3.8450423493968,0
3.84528566580311,0
3.84552897788931,0
3.84577228708369,0
3.84601559408849,0
3.84625890020818,0
3.84650220602012,0
3.84674551187208,0
3.84698881856713,0
3.84723212659408,0
3.84747543638475,0
3.84771874804297,0
3.84796206212518,0
3.84820537884503,0
3.84844869833336,0
3.84869202099144,0
3.84893534705239,0
3.84917867620237,0
3.84942200891831,0
3.8496653451249,0
3.84990868495309,0
3.85,0
3.85024102581439,0
3.8504806600889,0
3.85072415423688,0
3.85096799273956,0
3.8512119197026,0
3.85145580049492,0
3.85169962293241,0
3.85194338909479,0
3.85218710663261,0
3.85243078348018,0
3.85267442535818,0
3.85291803811224,0
3.85316162677258,0
3.85340519518383,0
3.85364874679407,0
3.85389228488426,0
3.85413581204286,0
3.85437933028896,0
3.85462284180794,0
3.85486634753974,0
3.85510984924767,0
3.85535334823279,0
3.85559684511694,0
3.85584034095145,0
3.85608383650037,0
3.85632733250626,0
3.85647804286483,0
3.85662875322341,0
3.85676026105274,0
3.85700347508602,0
3.85722801068894,0
3.85747304115556,0
3.85771756220267,0
3.8579624504838,0
3.85820717572501,0
3.85845173050707,0
3.8586961209863,0
3.85894036790108,0
3.85918449094105,0
3.85942850706671,0
3.85967243189017,0
3.85991627774198,0
3.86,0
3.86018434724196,0
3.86042410430428,0
3.86066635877816,0
3.8609105847561,0
3.86115498604584,0
3.8613993485358,0
3.86164360433151,0
3.86188775396407,0
3.86213180839833,0
3.86237578031595,0
3.86261968024323,0
3.86286351855394,0
3.86310730350079,0
3.86335104217297,0
3.86359474032552,0
3.86383840325349,0
3.86408203579036,0
3.8643256411463,0
3.86456922281802,0
3.86481278357385,0
3.86505632601676,0
3.86529985191682,0
3.86554336285527,0
3.86578686073249,0
3.86603034679451,0
3.86627382212888,0
3.86651728775775,0
3.86676074439508,0
3.86700419285186,0
3.8672476338245,0
3.86749106772075,0
3.86773449489763,0
3.86797791622002,0
3.86822133159428,0
3.86846474127434,0
3.86870814650736,0
3.8689515466305,0
3.8691949421655,0
3.86943833333253,0
3.86968172018818,0
3.86992510327383,0
3.87,0
3.87024517501939,0
3.87048436649423,0
3.87072793898376,0
3.87097175848271,0
3.87121565837247,0
3.87145949878855,0
3.87170326890527,0
3.87194697243031,0
3.87219061771115,0
3.87243421269399,0
3.87267776400021,0
3.87292127801425,0
3.87316475997683,0
3.87340821411784,0
3.87365164411932,0
3.87389505345462,0
3.87413844478418,0
3.87438182046879,0
3.87462518266865,0
3.87486853318042,0
3.87511187362614,0
3.87535520493414,0
3.87559852865869,0
3.875841845246,0
3.87608515587582,0
3.87632846099473,0
3.87657177823893,0
3.87681580909087,0
3.87705797017365,0
3.87729921078485,0
3.8775425407749,0
3.87778560626205,0
3.87802903093282,0
3.87827246730049,0
3.87851591259104,0
3.87875934760951,0
3.87900277070853,0
3.87924618246672,0
3.87948958439926,0
3.8797329777701,0
3.88,0
3.88024401200452,0
3.88048552582985,0
3.88072756078226,0
3.88097061746262,0
3.88121385068871,0
3.88145717845366,0
3.88170053011398,0
3.88194389059559,0
3.88218725412773,0
3.88243061934779,0
3.88267398568955,0
3.88291735362067,0
3.88316072250134,0
3.88340409309672,0
3.88364746524681,0
3.8838908393912,0
3.88413421544188,0
3.88437759365389,0
3.88462097403596,0
3.88486435705641,0
3.88510774265978,0
3.88535113065381,0
3.88559452122437,0
3.88583791444831,0
3.88608131040787,0
3.88632470942436,0
3.88656811151584,0
3.88681151665104,0
3.88705492493145,0
3.88729833640523,0
3.88754175088079,0
3.8877851687605,0
3.88802859001694,0
3.88827201475627,0
3.88851544306686,0
3.88875887474656,0
3.88900231013656,0
3.88924574915127,0
3.88948919135122,0
3.88973263741977,0
3.89,0
3.89024432879165,0
3.89048825022239,0
3.89073158577905,0
3.89097482845188,0
3.8912180707252,0
3.89146132631574,0
3.89170459779823,0
3.89194788408929,0
3.89219118371554,0
3.89243449551848,0
3.89267781830035,0
3.89292115108938,0
3.89316449299352,0
3.89340784287522,0
3.8936512001379,0
3.89389456432058,0
3.89413793500392,0
3.89438131151564,0
3.89462469391551,0
3.89486808142864,0
3.89511147395996,0
3.8953548716335,0
3.89559827399556,0
3.89584168124737,0
3.89608509300174,0
3.89632850900699,0
3.89657192992584,0
3.89681535511326,0
3.89705878386543,0
3.89730221819436,0
3.89754566144528,0
3.89778910724324,0
3.89803255957202,0
3.89827601565085,0
3.89851947581538,0
3.89876294037462,0
3.8990064085379,0
3.89924988102324,0
3.89949335726938,0
3.89973683758533,0
3.9,0
3.90024326761628,0
3.90048721726876,0
3.90073065049148,0
3.90097407122732,0
3.90121748948239,0
3.90146092197404,0
3.90170436890093,0
3.90194782902536,0
3.90219130167731,0
3.90243478513106,0
3.9026782790672,0
3.90292178192372,0
3.90316529363047,0
3.90340881307999,0
3.90365234020982,0
3.90389587407053,0
3.90413941444075,0
3.9043829613915,0
3.90462651417031,0
3.90487007302484,0
3.90511363742522,0
3.90535720718945,0
3.90560078227879,0
3.90584436253891,0
3.90608794779997,0
3.90633153790368,0
3.90657513307805,0
3.90681873316587,0
3.90706233800308,0
3.90730594738347,0
3.90754956168194,0
3.90779318058764,0
3.90803680436552,0
3.90828043242953,0
3.90852406499409,0
3.90876770209746,0
3.90901134384854,0
3.90925499020712,0
3.90949864102626,0
3.90974229617792,0
3.91,0
3.91024348751412,0
3.91048746318933,0
3.91073106452238,0
3.91097465880031,0
3.91121825337621,0
3.91146186003501,0
3.91170547893555,0
3.9119491091127,0
3.91219274987253,0
3.91243640018448,0
3.91268005919555,0
3.91292372629299,0
3.91316740134719,0
3.91341108374704,0
3.91365477259954,0
3.91389846853139,0
3.91414217052062,0
3.91438587873105,0
3.91462959267203,0
3.9148733124031,0
3.91511703755093,0
3.91536076766401,0
3.91560450316219,0
3.91584824390378,0
3.9160919898858,0
3.91633574067842,0
3.91657949628609,0
3.91682325699188,0
3.91706702261996,0
3.91731079255887,0
3.9175545674457,0
3.91779834677537,0
3.91804213101808,0
3.91828591980199,0
3.91852971340651,0
3.91877351160021,0
3.91901731425884,0
3.91926112130767,0
3.91950493297002,0
3.91974874930863,0
3.92,0
3.92024371224357,0
3.92048768861437,0
3.92073147120366,0
3.92097524903623,0
3.92121902887803,0
3.92146281667806,0
3.92170661281461,0
3.92195041669094,0
3.92219422817411,0
3.92243804690001,0
3.92268187197869,0
3.92292570361241,0
3.92316954088543,0
3.92341338384742,0
3.92365723258593,0
3.92390108660125,0
3.92414494597358,0
3.92438881008896,0
3.92463267918011,0
3.92487655319504,0
3.9251204321645,0
3.92536431543038,0
3.92560820332568,0
3.92585209574788,0
3.92609599293393,0
3.9263398947836,0
3.92658380071213,0
3.92682771074328,0
3.9270716251558,0
3.92731554426943,0
3.92755946752746,0
3.92780339497731,0
3.92804732662826,0
3.92829126250781,0
3.92853520274891,0
3.92877914699845,0
3.92902309574934,0
3.92926704837788,0
3.92951100541047,0
3.92975496648675,0
3.93,0
3.93024392324655,0
3.93048788939793,0
3.93073183031984,0
3.93097577422897,0
3.93121972168247,0
3.93146367428534,0
3.93170763149155,0
3.93195159343385,0
3.93219555999617,0
3.93243953124154,0
3.93268350675097,0
3.932927486813,0
3.93317147130323,0
3.93341546022069,0
3.93365945323255,0
3.93390345026203,0
3.93414745138937,0
3.93439145663012,0
3.93463546629387,0
3.93487948010253,0
3.93512349781098,0
3.93536751951145,0
3.93561154533398,0
3.93585557521242,0
3.93609960906663,0
3.93634364714354,0
3.93658768928183,0
3.93683173550047,0
3.93707578541568,0
3.9373198395435,0
3.93756389728036,0
3.93780795905918,0
3.93805202505071,0
3.9382960944831,0
3.93854016815629,0
3.93878424581478,0
3.93902832757333,0
3.93927241305185,0
3.93951650253637,0
3.93976059589757,0
3.94,0
3.94024412034652,0
3.94048808283751,0
3.94073217273277,0
3.94097627263103,0
3.94122037813368,0
3.94146448550201,0
3.94170859451576,0
3.94195270531567,0
3.94219681852907,0
3.9424409337091,0
3.94268505170232,0
3.94292917249413,0
3.94317329632116,0
3.94341742336536,0
3.94366155337435,0
3.94390568636781,0
3.94414982299758,0
3.94439396311261,0
3.94463810683921,0
3.94488225397004,0
3.94512640500688,0
3.94537055939636,0
3.94561471745772,0
3.945858879334,0
3.946103045001,0
3.94634721441161,0
3.94659138744969,0
3.94683556446283,0
3.94707974478513,0
3.94732392895502,0
3.94756811710077,0
3.94781230907434,0
3.94805650475521,0
3.94830070447771,0
3.94854490805041,0
3.94878911553382,0
3.94903332663206,0
3.94927754138265,0
3.94952176007728,0
3.94976598242033,0
3.95,0
3.95024431164371,0
3.95048827340199,0
3.95073250888725,0
3.95097676062437,0
3.95122102023913,0
3.95146527896112,0
3.95170953692259,0
3.95195379362297,0
3.95219805037731,0
3.95244230745495,0
3.95268656598727,0
3.95293082550201,0
3.95317508683802,0
3.95341935034366,0
3.95366361616638,0
3.95390788452654,0
3.95415215586747,0
3.95439642980361,0
3.95464070677798,0
3.95488498699668,0
3.95512927026794,0
3.95537355730203,0
3.95561784750873,0
3.95586214139672,0
3.95610643866261,0
3.95635073940634,0
3.95659504397401,0
3.95683935214724,0
3.95708366417551,0
3.95732797930125,0
3.95757229862117,0
3.95781662134372,0
3.9580609480292,0
3.9583052784708,0
3.95854961289021,0
3.95879395100535,0
3.95903829283585,0
3.95928263851931,0
3.95952698814336,0
3.95977134158463,0
3.96,0
3.96024450387413,0
3.96048846538097,0
3.96073284679622,0
3.96097725111293,0
3.96122166519726,0
3.96146607605419,0
3.96171048313104,0
3.96195488695777,0
3.96219928869831,0
3.96244368909509,0
3.96268808876635,0
3.96293248848261,0
3.96317688900639,0
3.96342129073412,0
3.96366569361347,0
3.96391009846523,0
3.96415450533385,0
3.96439891474814,0
3.96464332674092,0
3.96488774159703,0
3.96513215932251,0
3.96537658045604,0
3.96562100454388,0
3.9658654319562,0
3.96610986254817,0
3.96635429710702,0
3.96659873513636,0
3.96684317664075,0
3.96708762197598,0
3.96733207065981,0
3.96757652318015,0
3.96782097926173,0
3.96806543943393,0
3.96830990320608,0
3.96855437091667,0
3.96879884228924,0
3.96904331774819,0
3.96928779699421,0
3.96953228005206,0
3.969776767045,0
3.97,0
3.97024469788477,0
3.9704886591702,0
3.97073318844702,0
3.97097774692492,0
3.97122231722207,0
3.97146688167093,0
3.97171143970298,0
3.97195599226133,0
3.97220054031186,0
3.97244508515715,0
3.97268962786809,0
3.97293416932758,0
3.97317871043135,0
3.97342325142475,0
3.97366779330199,0
3.97391233659029,0
3.97415688125432,0
3.9744014279744,0
3.97464597714365,0
3.97489052838315,0
3.9751350824764,0
3.97537963936549,0
3.97562419939235,0
3.97586876227424,0
3.97611332872765,0
3.97635789848318,0
3.97660247201752,0
3.97684704885818,0
3.97709162942249,0
3.97733621375782,0
3.97758080191579,0
3.97782539362726,0
3.97806998874207,0
3.97831458810001,0
3.9785591913387,0
3.97880379835212,0
3.97904840907096,0
3.97929302392462,0
3.97953764249305,0
3.97978226519461,0
3.98,0
3.98024489495554,0
3.98048885569104,0
3.9807335338043,0
3.98097824857628,0
3.98122297687617,0
3.98146769703972,0
3.98171240802431,0
3.98195711116147,0
3.98220180768297,0
3.98244649904251,0
3.98269118677358,0
3.98293587180003,0
3.98318055544377,0
3.98342523846373,0
3.98366992112365,0
3.98391460428397,0
3.9841592886241,0
3.98440397432846,0
3.98464866170642,0
3.98489335121051,0
3.98513804350587,0
3.98538273798306,0
3.98562743566469,0
3.98587213617472,0
3.9861168400737,0
3.98636154698994,0
3.98660625748328,0
3.98685097138464,0
3.98709568889315,0
3.98734040986692,0
3.98758513474367,0
3.98782986306439,0
3.98807459549152,0
3.98831933161459,0
3.9885640713973,0
3.98880881527215,0
3.98905356301665,0
3.9892983144852,0
3.98954307000605,0
3.9897878293056,0
3.99,0
3.99024509455913,0
3.99048905403377,0
3.99073388280362,0
3.99097875484404,0
3.99122364265272,0
3.99146851953098,0
3.99171338505715,0
3.99195823967711,0
3.99220308564799,0
3.99244792487916,0
3.99269275872638,0
3.99293758879381,0
3.99318241595605,0
3.99342724115512,0
3.99367206568808,0
3.99391689011232,0
3.99416171473529,0
3.99440654049224,0
3.99465136762167,0
3.99489619665385,0
3.99514102750173,0
3.99538586111533,0
3.99563069735721,0
3.99587553641795,0
3.99612037828922,0
3.99636522369855,0
3.99661007238121,0
3.99685492414969,0
3.99709977962439,0
3.99734463866291,0
3.99758950098216,0
3.99783436705229,0
3.99807923706112,0
3.99832411081286,0
3.99856898849624,0
3.99881387003052,0
3.99905875531329,0
3.99930364421719,0
3.99954853761727,0
3.99979343481636,0
4,0
4.00024529555651,0
4.00048925346578,0
4.00073423320716,0
4.00097926330885,0
4.00122431128292,0
4.00146934635283,0
4.00171436689811,0
4.0019593742031,0
4.00220437072784,0
4.0024493584414,0
4.00269433933496,0
4.00293931482465,0
4.00318428656002,0
4.0034292555202,0
4.00367422280798,0
4.00391918908676,0
4.00416415516395,0
4.00440912189426,0
4.00465408934817,0
4.00489905844301,0
4.00514402944095,0
4.00538900247885,0
4.00563397815388,0
4.00587895643639,0
4.00612393759448,0
4.00636892177068,0
4.00661390918613,0
4.00685889966885,0
4.00710389359519,0
4.00734889132953,0
4.00759389254684,0
4.00783889718005,0
4.00808390604455,0
4.00832891848612,0
4.00857393473276,0
4.00881895489113,0
4.00906397891538,0
4.00930900666719,0
4.00955403837218,0
4.00979907440145,0
4.01,0
4.01024549764452,0
4.01048945370099,0
4.01073458540765,0
4.01097977479418,0
4.01122498372923,0
4.01147017687675,0
4.01171535312851,0
4.01196051378629,0
4.01220566129431,0
4.01245079782049,0
4.01269592640019,0
4.01294104817274,0
4.01318616516069,0
4.01343127831129,0
4.01367638889893,0
4.0139214980376,0
4.01416660646353,0
4.01441171468539,0
4.01465682351265,0
4.01490193348265,0
4.01514704466844,0
4.01539215823633,0
4.01563727403104,0
4.01588239223575,0
4.01612751325466,0
4.01637263692019,0
4.01661776366792,0
4.01686289401726,0
4.01710802766025,0
4.01735316477895,0
4.01759830543705,0
4.01784344971703,0
4.0180885979078,0
4.01833374977319,0
4.01857890514228,0
4.01882406457164,0
4.01906922774667,0
4.01931439515873,0
4.01955956604057,0
4.0198047413013,0
4.02,0
4.02024570089344,0
4.0204896546661,0
4.02073493905451,0
4.02098028724232,0
4.02122565793808,0
4.02147101074482,0
4.02171634349384,0
4.0219616579837,0
4.02220695737659,0
4.0224522443199,0
4.02269752108385,0
4.02294279000945,0
4.02318805273551,0
4.02343331052714,0
4.02367856528581,0
4.02392381781308,0
4.02416906895745,0
4.02441431981756,0
4.02465957062047,0
4.02490482209487,0
4.02515007472022,0
4.02539532908446,0
4.02564058558965,0
4.02588584432128,0
4.02613110559876,0
4.02637636983874,0
4.02662163728997,0
4.02686690792092,0
4.02711218159896,0
4.02735745883258,0
4.02760273936683,0
4.02784802373403,0
4.02809331177688,0
4.02833860324882,0
4.02858389864509,0
4.02882919795391,0
4.02907450116226,0
4.02931980810562,0
4.02956511927342,0
4.02981043410285,0
4.03,0
4.03024590568155,0
4.03048985726094,0
4.0307352944824,0
4.03098080263384,0
4.03122633549508,0
4.03147184794042,0
4.0317173375902,0
4.03196280687435,0
4.03220825863098,0
4.03245369619015,0
4.03269912208983,0
4.03294453852381,0
4.033189947631,0
4.03343535099908,0
4.03368075046271,0
4.03392614679511,0
4.03417154150162,0
4.03441693527323,0
4.03466232853813,0
4.03490772224435,0
4.03515311675542,0
4.03539851306564,0
4.0356439108876,0
4.03588931115949,0
4.03613471363744,0
4.03638011888235,0
4.03662552714966,0
4.03687093847319,0
4.03711635309594,0
4.03736177111188,0
4.03760719267397,0
4.03785261752716,0
4.03809804612772,0
4.03834347841377,0
4.038588914736,0
4.03883435439342,0
4.03907979811621,0
4.03932524574443,0
4.03957069761409,0
4.03981615359441,0
4.04,0
4.04024611136158,0
4.04049006050521,0
4.04073565085662,0
4.04098131962473,0
4.04122701507734,0
4.04147268795645,0
4.04171833533525,0
4.04196395973694,0
4.04220956458539,0
4.04245515346923,0
4.04270072904235,0
4.04294629407507,0
4.04319185047269,0
4.04343740045653,0
4.04368294538578,0
4.04392848676574,0
4.04417402572779,0
4.04441956288857,0
4.04466509969211,0
4.04491063655346,0
4.04515617406472,0
4.0454017129097,0
4.04564725336705,0
4.04589279589591,0
4.04613834059091,0
4.04638388753137,0
4.04662943752146,0
4.0468749904035,0
4.04712054643556,0
4.04736610603011,0
4.04761166897424,0
4.04785723535463,0
4.04810280527138,0
4.04834837885215,0
4.04859395643907,0
4.04883953784952,0
4.04908512302379,0
4.04933071221541,0
4.04957630547353,0
4.04982190247747,0
4.05,0
4.05024631968067,0
4.0504902660669,0
4.05073601083618,0
4.05098184088378,0
4.0512276999516,0
4.05147353365603,0
4.05171933970165,0
4.05196511979416,0
4.05221087852467,0
4.05245661894982,0
4.05270234450313,0
4.05294805844347,0
4.05319376269069,0
4.0534394594553,0
4.05368515066039,0
4.0539308377693,0
4.05417652173657,0
4.05442220374383,0
4.05466788464548,0
4.05491356508067,0
4.05515924607919,0
4.05540492793242,0
4.05565061101424,0
4.05589629611465,0
4.05614198345426,0
4.05638767339433,0
4.05663336575227,0
4.05687906090812,0
4.05712475937421,0
4.0573704611078,0
4.05761616623945,0
4.05786187499893,0
4.05810758747999,0
4.05835330364418,0
4.05859902366035,0
4.05884474710269,0
4.05909047485302,0
4.05933620639467,0
4.05958194182345,0
4.05982768100956,0
4.06,0
4.06024652875243,0
4.06049047227707,0
4.06073637174365,0
4.06098236316209,0
4.06122838632614,0
4.06147438170512,0
4.06172034658134,0
4.06196628324523,0
4.06221219609533,0
4.06245808917441,0
4.06270396618374,0
4.06294983019763,0
4.06319568322439,0
4.06344152822713,0
4.06368736627019,0
4.06393319950387,0
4.06417902899655,0
4.06442485614553,0
4.06467068176852,0
4.06491650694703,0
4.06516233216491,0
4.06540815806461,0
4.06565398509554,0
4.06589981371573,0
4.06614564436659,0
4.06639147754589,0
4.06663731318067,0
4.06688315183284,0
4.06712899332924,0
4.06737483801608,0
4.06762068619567,0
4.06786653786463,0
4.06811239334123,0
4.06835825256676,0
4.06860411550556,0
4.06884998220821,0
4.06909585262155,0
4.06934172696434,0
4.06958760540163,0
4.06983348789153,0
4.07,0
4.07024673885413,0
4.07049067905628,0
4.07073673388212,0
4.07098288752088,0
4.07122907509547,0
4.07147523272613,0
4.07172135711497,0
4.0719674511402,0
4.07221351921485,0
4.07245956576501,0
4.07270559425128,0
4.07295160855606,0
4.07319761108179,0
4.07344360396443,0
4.0736895897555,0
4.0739355700365,0
4.07418154597125,0
4.07442751924815,0
4.07467349030205,0
4.07491946072468,0
4.07516543062683,0
4.0754114013468,0
4.07565737308262,0
4.07590334613376,0
4.07614932124605,0
4.07639529859849,0
4.0766412785371,0
4.07688726124088,0
4.07713324691069,0
4.07737923554767,0
4.07762522772325,0
4.07787122328275,0
4.0781172223518,0
4.07836322497212,0
4.07860923142573,0
4.07885524191726,0
4.07910125627851,0
4.07934727427605,0
4.07959329660493,0
4.07983932286503,0
4.08,0
4.0802469503955,0
4.08049088720572,0
4.08073709784859,0
4.08098341443373,0
4.08122976785168,0
4.08147608888728,0
4.08172237368705,0
4.08196862554874,0
4.08221484907799,0
4.08246104966451,0
4.08270723081545,0
4.08295339603861,0
4.08319954823509,0
4.08344569033637,0
4.08369182429519,0
4.08393795207566,0
4.08418407515034,0
4.08443019508867,0
4.0846763125048,0
4.08492242888541,0
4.08516854479237,0
4.08541466092804,0
4.08566077772098,0
4.08590689601219,0
4.08615301599736,0
4.08639913804861,0
4.08664526255777,0
4.086891389877,0
4.08713752053942,0
4.08738365412613,0
4.08762979104043,0
4.08787593080586,0
4.08812207460546,0
4.08836822192276,0
4.0886143732417,0
4.08886052833468,0
4.08910668696372,0
4.08935284995619,0
4.08959901648163,0
4.08984518729403,0
4.09,0
4.09024716155722,0
4.09049109478103,0
4.09073746160736,0
4.09098394138834,0
4.09123046045507,0
4.09147694495845,0
4.09172339059037,0
4.09196980079953,0
4.09221618087085,0
4.09246253570571,0
4.09270886980124,0
4.09295518685457,0
4.09320149038011,0
4.09344778270643,0
4.09369406593274,0
4.09394034232418,0
4.09418661346541,0
4.09443288051203,0
4.09467914508404,0
4.09492540782291,0
4.09517166993812,0
4.09541793221877,0
4.09566419539985,0
4.09591045929515,0
4.09615672491617,0
4.09640299247316,0
4.09664926257064,0
4.09689553523655,0
4.09714181102441,0
4.09738808988365,0
4.09763437154714,0
4.09788065686648,0
4.09812694595078,0
4.09837323865305,0
4.09861953477619,0
4.09886583478765,0
4.09911213878756,0
4.09935844679512,0
4.09960475860883,0
4.09985107451,0
4.1,0
4.1002473765134,0
4.10049130561633,0
4.10073782921757,0
4.1009844728648,0
4.10123115848567,0
4.10147780711192,0
4.10172441449107,0
4.10197098406165,0
4.10221752112856,0
4.10246403141762,0
4.10271051964402,0
4.10295698931331,0
4.10320344411682,0
4.1034498866125,0
4.10369631943621,0
4.10394274462572,0
4.1041891641615,0
4.10443557965274,0
4.10468199194099,0
4.10492840214401,0
4.10517481152015,0
4.10542122087843,0
4.10566763043249,0
4.10591404114261,0
4.1061604534245,0
4.10640686771919,0
4.10665328419718,0
4.10689970295458,0
4.10714612495931,0
4.10739254985337,0
4.10763897770865,0
4.10788540910187,0
4.10813184413469,0
4.10837828265215,0
4.10862472497624,0
4.10887117110686,0
4.10911762106313,0
4.10936407506359,0
4.10961053319558,0
4.10985699527109,0
4.11,0
4.11024759161779,0
4.11049151690061,0
4.11073819785654,0
4.11098500589036,0
4.11123185829443,0
4.11147867131403,0
4.11172544069176,0
4.11197216963655,0
4.11221886449957,0
4.1124655308324,0
4.11271217336137,0
4.1129587964199,0
4.1132054029758,0
4.11345199680527,0
4.11369857992312,0
4.11394515506935,0
4.11419172395176,0
4.11443828813266,0
4.11468484876919,0
4.11493140697082,0
4.11517796422481,0
4.11542452096483,0
4.11567107779925,0
4.11591763598786,0
4.11616419530314,0
4.11641075640846,0
4.11665731978567,0
4.11690388541352,0
4.11715045405264,0
4.11739702570653,0
4.11764360063756,0
4.11789017871698,0
4.11813676035099,0
4.11838334582233,0
4.11862993514099,0
4.1188765279559,0
4.11912312473245,0
4.11936972562795,0
4.11961633042105,0
4.11986293920162,0
4.12,0
4.12024780943822,0
4.12049172980805,0
4.12073856844099,0
4.12098554136279,0
4.12123256134501,0
4.12147953961199,0
4.12172647173414,0
4.12197336104785,0
4.12222021402906,0
4.12246703660346,0
4.12271383412845,0
4.12296061063136,0
4.123207370525,0
4.12345411636083,0
4.12370085082953,0
4.12394757654805,0
4.12419429555455,0
4.12444100925357,0
4.12468771893457,0
4.12493442619418,0
4.12518113177069,0
4.12542783677518,0
4.12567454198098,0
4.12592124810388,0
4.12616795529956,0
4.1264146643709,0
4.12666137546919,0
4.12690808897733,0
4.1271548049962,0
4.12740152422826,0
4.12764824618186,0
4.12789497184306,0
4.12814170083246,0
4.12838843362194,0
4.12863516980518,0
4.12888190994939,0
4.1291286542387,0
4.12937540249732,0
4.12962215480054,0
4.12986891122224,0
4.13,0
4.13024802574123,0
4.13049194169036,0
4.13073893832261,0
4.13098607636123,0
4.13123326464144,0
4.13148040888618,0
4.13172750410857,0
4.13197455445554,0
4.13222156655179,0
4.13246854647126,0
4.13271549964952,0
4.13296243068605,0
4.13320934368925,0
4.13345624207852,0
4.13370312818437,0
4.13395000499939,0
4.13419687457072,0
4.13444373844455,0
4.13469059821255,0
4.13493745514528,0
4.13518431004788,0
4.13543116420838,0
4.13567801823564,0
4.13592487292894,0
4.13617172866494,0
4.13641858591605,0
4.13666544545497,0
4.13691230723346,0
4.13715917168141,0
4.1374060390723,0
4.13765290973879,0
4.1378997834931,0
4.13814666101108,0
4.13839354164103,0
4.13864042650059,0
4.13888731493777,0
4.13913420737953,0
4.13938110374793,0
4.13962800391398,0
4.13987490848335,0
4.14,0
4.14024824459388,0
4.14049215554157,0
4.14073931079111,0
4.14098661453733,0
4.14123397170003,0
4.14148128197496,0
4.14172854110609,0
4.14197575288081,0
4.14222292453364,0
4.14247006220594,0
4.14271717156096,0
4.14296425768864,0
4.14321132482393,0
4.14345837619202,0
4.14370541481023,0
4.14395244350905,0
4.14419946428576,0
4.14444647920041,0
4.14469348919369,0
4.1449404958704,0
4.14518750081885,0
4.14543450498891,0
4.14568150896249,0
4.14592851306039,0
4.14617551807914,0
4.1464225246269,0
4.14666953337499,0
4.14691654411195,0
4.14716355740929,0
4.14741057376235,0
4.14765759329196,0
4.14790461605589,0
4.14815164242532,0
4.14839867207567,0
4.14864570539246,0
4.14889274291173,0
4.14913978446469,0
4.14938682965476,0
4.14963387895969,0
4.14988093225499,0
4.15,0
4.15024846238199,0
4.1504923686883,0
4.1507396830493,0
4.15098715307051,0
4.15123467934631,0
4.151482156532,0
4.15172957982768,0
4.15197695345156,0
4.15222428498569,0
4.15247158084606,0
4.15271884713103,0
4.15296608902148,0
4.15321331080881,0
4.15346051602264,0
4.15370770766356,0
4.15395488890692,0
4.15420206158237,0
4.15444922770689,0
4.15469638914504,0
4.15494354732965,0
4.15519070299244,0
4.15543785739344,0
4.15568501133999,0
4.15593216572297,0
4.15617932053079,0
4.15642647710691,0
4.15667363570957,0
4.15692079635481,0
4.1571679594918,0
4.15741512562522,0
4.15766229474282,0
4.15790946694171,0
4.15815664272626,0
4.15840382199872,0
4.15865100519415,0
4.1588981921913,0
4.15914538326715,0
4.15939257841993,0
4.15963977733651,0
4.1598869805039,0
4.16,0
4.16024868609169,0
4.16049258683497,0
4.16074006029332,0
4.16098769700267,0
4.16123539278674,0
4.16148303740604,0
4.16173062580084,0
4.16197816218508,0
4.16222565435478,0
4.16247310929799,0
4.16272053288659,0
4.16296793095898,0
4.16321530788455,0
4.16346266739809,0
4.16371001295667,0
4.16395734725471,0
4.16420467270715,0
4.16445199118559,0
4.16469930428518,0
4.16494661406712,0
4.16519392093522,0
4.16544122623294,0
4.16568853084906,0
4.16593583583911,0
4.1661831415486,0
4.16643044874906,0
4.16667775765055,0
4.16692506867863,0
4.16717238214773,0
4.1674196988747,0
4.16766701858141,0
4.16791434104277,0
4.16816166708342,0
4.16840899677234,0
4.16865633029632,0
4.16890366764669,0
4.16915100899846,0
4.16939835428543,0
4.16964570357492,0
4.16989305702689,0
4.17,0
4.1702489138491,0
4.17049280864496,0
4.17074044242075,0
4.17098824635263,0
4.17123611243041,0
4.17148392464567,0
4.17173167842911,0
4.17197937816001,0
4.1722270312951,0
4.17247464577069,0
4.17272222771903,0
4.17296978262821,0
4.17321731532179,0
4.17346482976085,0
4.17371232955093,0
4.17395981744022,0
4.17420729624758,0
4.1744547673984,0
4.17470223295808,0
4.17494969463697,0
4.1751971535305,0
4.17544461098028,0
4.17569206728598,0
4.17593952356132,0
4.17618698076133,0
4.17643443887285,0
4.17668189887386,0
4.17692936097599,0
4.17717682570719,0
4.17742429338329,0
4.17767176386012,0
4.17791923738796,0
4.17816671439973,0
4.1784141951008,0
4.17866167934605,0
4.17890916760975,0
4.17915665970731,0
4.17940415591549,0
4.17965165593106,0
4.17989916051193,0
4.18,0
4.18024913520686,0
4.18049302430815,0
4.18074081801322,0
4.18098878900984,0
4.1812368253201,0
4.18148480635853,0
4.18173272611343,0
4.18198058953208,0
4.18222840469396,0
4.18247617900662,0
4.18272391962615,0
4.18297163216943,0
4.18321932159303,0
4.18346699201066,0
4.18371464691206,0
4.18396228935262,0
4.18420992198289,0
4.18445754682837,0
4.18470516564487,0
4.1849527803555,0
4.18520039174471,0
4.18544800134872,0
4.18569561033634,0
4.18594321889346,0
4.18619082840691,0
4.18643843866165,0
4.18668605069326,0
4.18693366469017,0
4.18718128136489,0
4.18742890035047,0
4.18767652253965,0
4.18792414789205,0
4.18817177679062,0
4.1884194093953,0
4.18866704508865,0
4.18891468496715,0
4.189162328573,0
4.18940997620105,0
4.18965762805502,0
4.18990528423146,0
4.19,0
4.19024935934094,0
4.19049324296231,0
4.19074119700961,0
4.19098933599177,0
4.19123754330197,0
4.19148569293901,0
4.19173377909302,0
4.19198180634024,0
4.1922297835093,0
4.19247771834907,0
4.19272561844824,0
4.19297348910247,0
4.1932213355143,0
4.19346916230944,0
4.19371697315933,0
4.19396477076186,0
4.19421255787377,0
4.19446033670707,0
4.19470810954213,0
4.19495587741298,0
4.19520364227449,0
4.19545140526284,0
4.19569916698078,0
4.19594692823881,0
4.19619469037333,0
4.19644245344931,0
4.19669021807248,0
4.1969379847835,0
4.19718575391346,0
4.19743352555657,0
4.19768129981168,0
4.19792907753427,0
4.19817685855073,0
4.19842464340425,0
4.19867243190818,0
4.19892022442042,0
4.19916802017334,0
4.19941582072893,0
4.19966362496952,0
4.19991143312319,0
4.2,0
4.20024958818298,0
4.2004934652433,0
4.2007415804084,0
4.20098988737348,0
4.20123826618729,0
4.20148658502546,0
4.20173483798138,0
4.20198303026201,0
4.20223117025479,0
4.20247926669474,0
4.20272732646812,0
4.20297535595093,0
4.20322336007963,0
4.20347134363241,0
4.20371931026196,0
4.20396726333679,0
4.20421520558403,0
4.20446313905438,0
4.20471106610012,0
4.20495898845695,0
4.20520690720263,0
4.20545482391375,0
4.20570273921591,0
4.2059506542962,0
4.20619856936673,0
4.20644648516334,0
4.20669440286605,0
4.20694232267988,0
4.20719024480538,0
4.20743816941874,0
4.20768609685412,0
4.20793402754838,0
4.20818196161211,0
4.20842989966095,0
4.20867784128625,0
4.20892578670042,0
4.20917373578756,0
4.20942168927635,0
4.20966964665139,0
4.20991760851112,0
4.21,0
4.21024978882674,0
4.21049366072282,0
4.21074193661571,0
4.21099041219136,0
4.21123896276136,0
4.21148745146426,0
4.21173587196013,0
4.21198422894699,0
4.21223253223075,0
4.21248078994738,0
4.21272900998979,0
4.21297719860466,0
4.21322536124636,0
4.21347350251474,0
4.21372162621273,0
4.21396973577456,0
4.21421783401791,0
4.21446592343913,0
4.21471400572291,0
4.21496208299943,0
4.21521015647236,0
4.21545822749208,0
4.21570629726657,0
4.21595436619364,0
4.21620243564369,0
4.21645050587754,0
4.21669857753672,0
4.21694665099432,0
4.21719472683238,0
4.21744280548852,0
4.21769088703587,0
4.21793897165775,0
4.21818705940026,0
4.21843515106164,0
4.21868324618797,0
4.21893134531173,0
4.2191794480265,0
4.21942755508725,0
4.21967566595588,0
4.21992378103883,0
4.22,0
4.22025005552421,0
4.2204939194093,0
4.22074235764562,0
4.2209910017763,0
4.22123972441193,0
4.22148838314833,0
4.22173697162025,0
4.22198549468004,0
4.22223396200565,0
4.22248238218635,0
4.22273076334824,0
4.22297911176636,0
4.2232274334679,0
4.22347573293729,0
4.22372401405141,0
4.22397228059756,0
4.22422053526473,0
4.22446878049362,0
4.22471701860475,0
4.22496525124073,0
4.22521347974213,0
4.22546170594188,0
4.22570993023265,0
4.22595815386121,0
4.22620637779161,0
4.22645460256839,0
4.22670282861594,0
4.22695105660936,0
4.22719928692163,0
4.22744752001605,0
4.22769575591158,0
4.2279439948172,0
4.22819223717936,0
4.22844048314461,0
4.22868873279002,0
4.22893698654269,0
4.22918524390364,0
4.22943350553778,0
4.22968177112727,0
4.22993004106242,0
4.23,0
4.23025024500964,0
4.23049410189774,0
4.23074270065708,0
4.23099151427447,0
4.23124040939005,0
4.2314892387649,0
4.2317379952658,0
4.23198668437139,0
4.23223531591237,0
4.23248389900481,0
4.23273244153536,0
4.23298095042163,0
4.23322943122726,0
4.23347788908686,0
4.2337263283968,0
4.23397475288125,0
4.23422316444231,0
4.23447156646284,0
4.23471996109978,0
4.23496834978358,0
4.23521673461903,0
4.23546511634584,0
4.23571349655701,0
4.23596187612477,0
4.23621025557871,0
4.23645863578906,0
4.23670701709537,0
4.23695540028175,0
4.23720378563373,0
4.23745217371591,0
4.23770056458196,0
4.23794895870004,0
4.2381973560101,0
4.23844575687591,0
4.23869416167384,0
4.23894257006998,0
4.23919098274142,0
4.23943939894365,0
4.2396878196456,0
4.23993624430256,0
4.24,0
4.2402505200093,0
4.24049437026115,0
4.24074313234919,0
4.24099211515239,0
4.24124118337627,0
4.24149018370906,0
4.24173910906448,0
4.24198796504784,0
4.24223676148131,0
4.24248550755857,0
4.24273421215671,0
4.2429828819671,0
4.24323152286584,0
4.24348014003742,0
4.24372873766398,0
4.24397731989323,0
4.24422588918866,0
4.24447444866943,0
4.24472300007364,0
4.24497154525053,0
4.24522008643854,0
4.24546862481284,0
4.24571716125284,0
4.2459656969182,0
4.24621423224264,0
4.24646276829438,0
4.24671130552566,0
4.24695984463699,0
4.24720838561807,0
4.24745692925333,0
4.24770547580092,0
4.24795402570485,0
4.24820257874948,0
4.24845113531417,0
4.24869969598304,0
4.24894826003254,0
4.24919682826242,0
4.24944540048296,0
4.24969397691894,0
4.24994255730157,0
4.25,0
4.25025067930809,0
4.25049452327103,0
4.25074344562221,0
4.2509925985156,0
4.25124184001036,0
4.25149101176334,0
4.25174010632185,0
4.25198912923954,0
4.25223809096001,0
4.25248700088735,0
4.25273586785069,0
4.25298469915622,0
4.25323350080221,0
4.25348227786569,0
4.25373103501108,0
4.253979775725,0
4.25422850342258,0
4.25447722061176,0
4.25472592991505,0
4.25497463285715,0
4.25522333112077,0
4.2554720263097,0
4.25572071935822,0
4.25596941165583,0
4.25621810349338,0
4.2564667960274,0
4.25671548953042,0
4.25696418508491,0
4.2572128826078,0
4.25746158251191,0
4.25771028549979,0
4.25795899119143,0
4.25820770062245,0
4.25845641337173,0
4.25870512978133,0
4.25895384997329,0
4.2592025745307,0
4.25945130312885,0
4.2597000359688,0
4.25994877249699,0
4.26,0
4.26025098959649,0
4.26049482548099,0
4.26074391214562,0
4.26099323433138,0
4.26124264921992,0
4.26149199288203,0
4.26174125684917,0
4.26199044709577,0
4.26223957439646,0
4.26248864871163,0
4.26273767862564,0
4.26298667182262,0
4.26323563459698,0
4.26348457200039,0
4.26373348905094,0
4.26398238905928,0
4.26423127597782,0
4.26448015176304,0
4.26472901895701,0
4.26497787988591,0
4.26522673581014,0
4.2654755884589,0
4.26572443910443,0
4.26597328856331,0
4.26622213791705,0
4.26647098743836,0
4.2667198383812,0
4.26696869116824,0
4.26721754572149,0
4.26746640270763,0
4.2677152625343,0
4.2679641257003,0
4.26821299208693,0
4.2684618622875,0
4.26871073591089,0
4.26895961351681,0
4.26920849477913,0
4.26945738024297,0
4.26970627026955,0
4.26995516438203,0
4.27,0
4.27022417808984,0
4.2704683229307,0
4.27071839167442,0
4.27096791626484,0
4.27121754825742,0
4.27146703661612,0
4.2717164309702,0
4.27196574178884,0
4.27221498470035,0
4.27246417089071,0
4.27271330920933,0
4.27296240805334,0
4.27321147399444,0
4.27346051286911,0
4.27370952918792,0
4.27395852750004,0
4.27420751108358,0
4.27445648255128,0
4.27470544463321,0
4.27495439957016,0
4.27520334905616,0
4.27545229445188,0
4.27570123718679,0
4.27595017848543,0
4.27619911913337,0
4.27644805980265,0
4.27669700096772,0
4.2769459439243,0
4.27719488877589,0
4.27744383552856,0
4.27769278488497,0
4.27794173719482,0
4.27819069228412,0
4.27843965098632,0
4.27868861303065,0
4.27893757875547,0
4.27918654850826,0
4.27943552222702,0
4.27968449990993,0
4.27993348173899,0
4.28,0
4.28019126623596,0
4.28043646277673,0
4.28068731048451,0
4.2809369962082,0
4.28118679389107,0
4.28143638087233,0
4.2816858639373,0
4.28193525916746,0
4.282184585342,0
4.2824338542205,0
4.28268307557738,0
4.28293225733752,0
4.28318140660375,0
4.28343052817428,0
4.2836796270235,0
4.28392870770416,0
4.28417777344339,0
4.28442682679302,0
4.28467587051567,0
4.28492490655591,0
4.28517393660581,0
4.28542296225508,0
4.28567198503772,0
4.28592100569822,0
4.28617002514332,0
4.28641904417737,0
4.28666806323588,0
4.28691708347402,0
4.28716610494417,0
4.28741512786796,0
4.28766415319613,0
4.28791318077263,0
4.28816221109064,0
4.28841124424924,0
4.28866028059795,0
4.28890931964692,0
4.28915836226618,0
4.28940740796388,0
4.28965645730729,0
4.28990551007898,0
4.29,0
4.29022429843182,0
4.29046996930432,0
4.29071877330519,0
4.2909685147399,0
4.29121835507377,0
4.29146814906246,0
4.29171786855048,0
4.29196751714548,0
4.29221710497801,0
4.29246664157164,0
4.2927161352525,0
4.29296559344209,0
4.29321502184206,0
4.29346442621836,0
4.29371381069407,0
4.2939631792721,0
4.29421253489716,0
4.29446188031543,0
4.29471121799284,0
4.29496054944087,0
4.29520987655788,0
4.29545920083179,0
4.29570852339596,0
4.29595784533063,0
4.2962071674329,0
4.29645649043673,0
4.29670581459098,0
4.29695514084863,0
4.29720446973928,0
4.29745380112022,0
4.29770313560559,0
4.29795247355134,0
4.29820181486809,0
4.29845116016052,0
4.29870050954266,0
4.29894986290595,0
4.29919922046663,0
4.29944858206194,0
4.29969794819179,0
4.29994731889626,0
4.3,0
4.30025163944219,0
4.30049386471178,0
4.30074238433578,0
4.30099230095797,0
4.30124257498097,0
4.30149279993424,0
4.30174294338506,0
4.30199299622803,0
4.30224297052053,0
4.30249287811136,0
4.30274272957973,0
4.30299253422768,0
4.30324229948331,0
4.30349203192251,0
4.30374173689891,0
4.30399141928858,0
4.30424108313702,0
4.30449073157813,0
4.30474036706203,0
4.30498999204327,0
4.3052396085381,0
4.3054892190678,0
4.30573882403322,0
4.30598842482404,0
4.30623802238953,0
4.30648761804787,0
4.30673721233037,0
4.30698680556298,0
4.30723639835096,0
4.30748599141195,0
4.30773558506528,0
4.30798517956855,0
4.30823477541796,0
4.30848437224211,0
4.30873397068822,0
4.30898357104381,0
4.30923317273477,0
4.30948277686097,0
4.30973238287347,0
4.31,0
4.31025002129286,0
4.31049900714029,0
4.31074823366646,0
4.31099767490166,0
4.31124718371535,0
4.31149672400096,0
4.31174627924913,0
4.31199584452618,0
4.31224541903639,0
4.31249500175252,0
4.3127445920997,0
4.3129941900981,0
4.31324379525273,0
4.3134934077005,0
4.31374302683383,0
4.31399265272377,0
4.31424228501063,0
4.31449192375482,0
4.31474156906731,0
4.31499122059909,0
4.31524087843496,0
4.31549054264577,0
4.31574021296056,0
4.31598988943519,0
4.31623957177418,0
4.31648926008242,0
4.3167389543817,0
4.31698865482302,0
4.31723836115598,0
4.31748807361811,0
4.31773779215348,0
4.31798751662631,0
4.31823724671453,0
4.3184869828589,0
4.31873672513893,0
4.31898647346427,0
4.31923622747834,0
4.31948598750963,0
4.31973575379347,0
4.32,0
4.32025156611692,0
4.32050159569055,0
4.32075125323705,0
4.32100085529319,0
4.32125046963511,0
4.3215000991141,0
4.32174974219996,0
4.32199939729827,0
4.32224906279393,0
4.32249873824809,0
4.32274842261445,0
4.32299811508776,0
4.32324781526663,0
4.32349752269515,0
4.32374723695506,0
4.32399695759326,0
4.32424668454518,0
4.32449641715622,0
4.32474615549646,0
4.32499589920576,0
4.32524564838135,0
4.32549540259884,0
4.32574516184242,0
4.32599492612802,0
4.32624469543807,0
4.32649446956735,0
4.32674424859183,0
4.32699403258579,0
4.32724382102055,0
4.32749361403794,0
4.32774341181349,0
4.32799321415972,0
4.32824302125176,0
4.32849283264144,0
4.32874264909143,0
4.3289924702396,0
4.32924229596773,0
4.32949212589679,0
4.32974196073764,0
4.33,0
4.3302497260693,0
4.33049975266674,0
4.33074955348184,0
4.33099935435116,0
4.33124915730174,0
4.33149896986068,0
4.33174879184598,0
4.33199862278839,0
4.33224846174301,0
4.332498308522,0
4.33274816245763,0
4.33299802372391,0
4.33324789125153,0
4.33349776516526,0
4.33374764518127,0
4.33399753079452,0
4.33424742235459,0
4.33449731931012,0
4.33474722166862,0
4.33499712925884,0
4.33524704190342,0
4.33549695949031,0
4.33574688223057,0
4.33599681017314,0
4.33624674300479,0
4.33649668043098,0
4.33674662279673,0
4.33699656981335,0
4.33724652181181,0
4.33749647864571,0
4.33774643998725,0
4.337996406131,0
4.33824637696444,0
4.33849635225065,0
4.33874633227017,0
4.33899631714043,0
4.33924630642623,0
4.33949630056719,0
4.33974629904556,0
4.34,0
4.34024993838013,0
4.34050001456923,0
4.3407499810362,0
4.34099995379474,0
4.34124993152468,0
4.34149991660828,0
4.34174990872099,0
4.3419999082495,0
4.34224991479941,0
4.34249992753771,0
4.34274994620038,0
4.34299997123816,0
4.34325000168331,0
4.34350003759598,0
4.34375007878453,0
4.34400012551302,0
4.34425017726306,0
4.34450023453581,0
4.34475029679535,0
4.34500036422838,0
4.34525043689325,0
4.34550051431193,0
4.34575059661099,0
4.34600068387061,0
4.34625077638519,0
4.34650087369726,0
4.34675097623161,0
4.34700108347263,0
4.34725119554875,0
4.3475013122989,0
4.34775143424896,0
4.34800156122771,0
4.34825169293031,0
4.34850182948808,0
4.34875197068376,0
4.34900211703728,0
4.34925226790172,0
4.34950242367916,0
4.34975258420605,0
4.35,0
4.35025017403102,0
4.35050025423694,0
4.3507504162059,0
4.35100058570829,0
4.35125076119947,0
4.35150094002031,0
4.35175112233958,0
4.3520013080762,0
4.35225149781849,0
4.35250169107451,0
4.35275188852354,0
4.35300209010005,0
4.35325229601858,0
4.35350250635216,0
4.35375272127959,0
4.35400294062031,0
4.35425316424058,0
4.354503392401,0
4.35475362541786,0
4.35500386319987,0
4.35525410595612,0
4.35550435325917,0
4.3557546049345,0
4.35600486183643,0
4.35625512313672,0
4.35650538934221,0
4.35675566049267,0
4.35700593607324,0
4.35725621664182,0
4.35750650213021,0
4.35775679225827,0
4.35800708689893,0
4.35825738671223,0
4.35850769148825,0
4.35875800086186,0
4.35900831534072,0
4.3592586347828,0
4.35950895911662,0
4.35975928840915,0
4.36,0
4.36025041476214,0
4.36050048577598,0
4.36075083227623,0
4.36100119270304,0
4.36125156116982,0
4.36150192958588,0
4.36175229756927,0
4.36200266569302,0
4.36225303460854,0
4.36250340470525,0
4.36275377677311,0
4.36300415171957,0
4.36325452912444,0
4.36350490937325,0
4.36375529311275,0
4.36400568038578,0
4.36425607152469,0
4.36450646674014,0
4.36475686639391,0
4.3650072699474,0
4.36525767821897,0
4.36550809053982,0
4.36575850746033,0
4.36600892856243,0
4.36625935438221,0
4.36650978493078,0
4.36676022030942,0
4.3670106602814,0
4.36726110487946,0
4.36751155430531,0
4.36776200858807,0
4.36801246757189,0
4.36826293129968,0
4.36851339992818,0
4.36876387330533,0
4.36901435152396,0
4.36926483476785,0
4.36951532260387,0
4.36976581516335,0
4.37,0
4.37025065466079,0
4.37050072078757,0
4.37075125186943,0
4.37100180279978,0
4.37125236392047,0
4.37150292127408,0
4.37175347461897,0
4.37200402501463,0
4.37225457337392,0
4.37250512009012,0
4.37275566709436,0
4.37300621458262,0
4.37325676347796,0
4.37350731392616,0
4.37375786683074,0
4.37400842262955,0
4.37425898145635,0
4.37450954373656,0
4.37476010930407,0
4.37501067876963,0
4.37526125206661,0
4.37551182941298,0
4.37576241112222,0
4.37601299704111,0
4.37626358725536,0
4.37651418214243,0
4.37676478133266,0
4.3770153853962,0
4.37726599377822,0
4.37751660685558,0
4.37776722485273,0
4.37801784760214,0
4.3782684749264,0
4.3785191071683,0
4.37876974397308,0
4.37902038572129,0
4.37927103201984,0
4.37952168341452,0
4.3797723397194,0
4.38,0
4.38025089542022,0
4.38050095674873,0
4.38075167250325,0
4.38100241395363,0
4.38125316778095,0
4.38150391459485,0
4.38175465370984,0
4.38200538633199,0
4.38225611402117,0
4.38250683836921,0
4.38275756025884,0
4.38300828158898,0
4.38325900266082,0
4.38350972426721,0
4.38376044711497,0
4.38401117176007,0
4.38426189850916,0
4.38451262824918,0
4.38476336072257,0
4.38501409642691,0
4.38526483591368,0
4.38551557926586,0
4.38576632638972,0
4.38601707750004,0
4.38626783301159,0
4.38651859276711,0
4.38676935679371,0
4.38702012558175,0
4.38727089895651,0
4.38752167679443,0
4.38777245914788,0
4.38802324657213,0
4.3882740383747,0
4.38852483517228,0
4.38877563662361,0
4.38902644305048,0
4.38927725427721,0
4.38952807039562,0
4.38977889086468,0
4.39,0
4.39025113739658,0
4.39050119384442,0
4.39075209488829,0
4.39100302727742,0
4.39125397460625,0
4.39150491086772,0
4.39175583636245,0
4.3920067516953,0
4.39225765958092,0
4.39250856147723,0
4.39275945917198,0
4.39301035393121,0
4.39326124719411,0
4.39351213994197,0
4.39376303324983,0
4.39401392719216,0
4.39426482273715,0
4.39451572034827,0
4.39476662057517,0
4.39501752341852,0
4.39526842974393,0
4.39551933957499,0
4.39577025292807,0
4.39602117042218,0
4.39627209175055,0
4.39652301727064,0
4.39677394722645,0
4.39702488150828,0
4.39727582002365,0
4.39752676305092,0
4.39777771065364,0
4.39802866288313,0
4.39827962005743,0
4.39853058177165,0
4.3987815482901,0
4.3990325195765,0
4.3992834957955,0
4.39953447696324,0
4.3997854625709,0
4.4,0
4.40025137969146,0
4.40050143104171,0
4.40075251709638,0
4.40100364116358,0
4.40125478208341,0
4.40150590903666,0
4.40175702088391,0
4.4020081199137,0
4.40225920837975,0
4.40251028870924,0
4.40276136267694,0
4.40301243216921,0
4.40326349873196,0
4.40351456337618,0
4.40376562723008,0
4.40401669117615,0
4.40426775570306,0
4.40451882176992,0
4.4047698900798,0
4.40502096073668,0
4.40527203408063,0
4.40552311075922,0
4.40577419065906,0
4.40602527457561,0
4.40627636215516,0
4.40652745391113,0
4.40677854975409,0
4.40702964991901,0
4.40728075427635,0
4.40753186328855,0
4.40778297676719,0
4.40803409492565,0
4.40828521738758,0
4.4085363448323,0
4.40878747742684,0
4.40903861451708,0
4.40928975620886,0
4.40954090288447,0
4.40979205435839,0
4.41,0
4.41025162366518,0
4.41050166941718,0
4.41075294108941,0
4.41100425663664,0
4.41125559176821,0
4.41150690917676,0
4.41175820838578,0
4.41200949098023,0
4.41226076038161,0
4.41251201940299,0
4.41276327006586,0
4.41301451454687,0
4.41326575459472,0
4.41351699140474,0
4.413768226393,0
4.41401946059968,0
4.41427069521543,0
4.41452193088078,0
4.41477316758754,0
4.41502440632406,0
4.41527564747172,0
4.41552689155947,0
4.41577813884614,0
4.41602938944277,0
4.41628064386862,0
4.4165319024576,0
4.41678316526777,0
4.41703443175048,0
4.41728570285939,0
4.41753697822946,0
4.41778825799919,0
4.4180395423315,0
4.41829083145302,0
4.4185421255023,0
4.41879342405936,0
4.41904472742605,0
4.41929603571405,0
4.41954734861201,0
4.4197986662307,0
4.42,0
4.42025186886738,0
4.42050190890166,0
4.420753366146,0
4.42100487341193,0
4.42125640226177,0
4.42150791075174,0
4.42175939721617,0
4.42201086409682,0
4.42226231496255,0
4.42251375289737,0
4.42276518053572,0
4.42301660031671,0
4.42326801440708,0
4.42351942426936,0
4.42377083108315,0
4.424022236536,0
4.42427364128691,0
4.42452504622031,0
4.42477645192743,0
4.42502785966667,0
4.42527926945431,0
4.42553068180666,0
4.42578209724948,0
4.42603351556751,0
4.42628493780172,0
4.42653636351057,0
4.42678779338255,0
4.42703922742138,0
4.42729066542713,0
4.42754210815834,0
4.42779355486564,0
4.42804500640762,0
4.42829646241148,0
4.42854792308475,0
4.42879938841776,0
4.42905085871605,0
4.42930233346937,0
4.42955381292192,0
4.42980529771225,0
4.43,0
4.43025211525616,0
4.43050214950987,0
4.43075379299055,0
4.43100549253547,0
4.43125721646653,0
4.43150891600726,0
4.43176059016306,0
4.43201224145897,0
4.43226387393272,0
4.43251549124601,0
4.4327670966864,0
4.43301869242632,0
4.43327028093643,0
4.43352186400256,0
4.43377344301674,0
4.43402501995769,0
4.43427659526163,0
4.43452817044449,0
4.43477974617106,0
4.43503132298257,0
4.43528290181176,0
4.43553448268244,0
4.43578606655063,0
4.43603765330368,0
4.43628924347582,0
4.43654083742853,0
4.43679243489049,0
4.4370440363494,0
4.43729564200046,0
4.43754725215196,0
4.43779886659269,0
4.43805048549879,0
4.43830210905159,0
4.43855373717673,0
4.43880536991417,0
4.43905700746877,0
4.43930864964922,0
4.43956029668216,0
4.43981194875332,0
4.44,0
4.44025236256911,0
4.44050239048219,0
4.44075422018837,0
4.44100611188818,0
4.44125803073347,0
4.44150992206284,0
4.44176178437848,0
4.44201362073665,0
4.44226543571513,0
4.44251723322704,0
4.44276901645179,0
4.4430207887111,0
4.44327255203698,0
4.44352430894288,0
4.44377606114653,0
4.44402781043413,0
4.4442795574615,0
4.4445313034139,0
4.44478304951034,0
4.44503479626587,0
4.44528654462118,0
4.44553829460123,0
4.44579004703125,0
4.44604180245233,0
4.44629356108123,0
4.44654532320081,0
4.44679708915642,0
4.44704885904881,0
4.44730063286506,0
4.44755241120452,0
4.44780419350372,0
4.44805598057353,0
4.44830777198989,0
4.44855956801912,0
4.4488113689012,0
4.44906317453112,0
4.449314984788,0
4.44956679986388,0
4.44981861987065,0
4.45,0
4.45025261176831,0
4.45050263353552,0
4.45075465003284,0
4.45100673441361,0
4.45125884836864,0
4.45151093150038,0
4.45176298217263,0
4.45201500395569,0
4.45226700140385,0
4.45251897918063,0
4.45277094072736,0
4.45302288958619,0
4.45327482826291,0
4.45352675919384,0
4.45377868485516,0
4.45403060621219,0
4.45428252513326,0
4.45453444244773,0
4.45478635904765,0
4.45503827622308,0
4.45529019440408,0
4.45554211440207,0
4.45579403684508,0
4.45604596171741,0
4.45629788968665,0
4.45654982096795,0
4.45680175571667,0
4.45705369442525,0
4.45730563704888,0
4.4575575840001,0
4.4578095352177,0
4.45806149116067,0
4.45831345144233,0
4.45856541606799,0
4.45881738511351,0
4.45906935924457,0
4.4593213381593,0
4.4595733214521,0
4.45982531003834,0
4.46,0
4.46025285865142,0
4.46050287374032,0
4.46075507633383,0
4.46100735315384,0
4.4612596628678,0
4.46151193805398,0
4.46176417750332,0
4.46201638486943,0
4.46226856528237,0
4.46252072370285,0
4.46277286386306,0
4.46302499006168,0
4.46327710478563,0
4.46352921074769,0
4.46378130982222,0
4.46403340382405,0
4.46428549466458,0
4.4645375834897,0
4.46478967169054,0
4.46504175984976,0
4.46529384873273,0
4.46554593884285,0
4.46579803107601,0
4.46605012567418,0
4.46630222338305,0
4.46655432411174,0
4.4668064282037,0
4.46705853583664,0
4.46731064794534,0
4.46756276391404,0
4.46781488426812,0
4.4680670090128,0
4.468319138163,0
4.46857127208404,0
4.46882341066188,0
4.46907555359169,0
4.46932770137395,0
4.46957985401748,0
4.46983201152192,0
4.47,0
4.47025310888829,0
4.47050311717731,0
4.4707555063058,0
4.47100797639554,0
4.47126048160044,0
4.47151294931646,0
4.47176537798183,0
4.47201777098479,0
4.47227013498272,0
4.47252247433133,0
4.4727747941102,0
4.47302709782245,0
4.47327938890563,0
4.47353167003084,0
4.47378394352943,0
4.47403621101961,0
4.47428847489797,0
4.47454073609873,0
4.47479299569883,0
4.47504525506601,0
4.47529751492709,0
4.47554977598901,0
4.47580203882133,0
4.47605430374368,0
4.47630657129142,0
4.47655884188474,0
4.47681111618324,0
4.47706339411752,0
4.47731567600171,0
4.47756796181908,0
4.47782025185722,0
4.47807254626908,0
4.4783248451643,0
4.47857714867045,0
4.47882945696679,0
4.47908176985206,0
4.47933408741446,0
4.47958640981003,0
4.47983873702851,0
4.48,0
4.48025336157221,0
4.4805033625217,0
4.48075593863219,0
4.48100860182662,0
4.48126130256831,0
4.48151396280037,0
4.48176658086162,0
4.48201916049034,0
4.48227170805752,0
4.48252422912357,0
4.48277672824408,0
4.48302920999623,0
4.483281677754,0
4.48353413460775,0
4.4837865825255,0
4.48403902426294,0
4.48429146153096,0
4.48454389553828,0
4.48479632756563,0
4.48504875866723,0
4.48530119025696,0
4.48555362276841,0
4.48580605664819,0
4.48605849263084,0
4.48631093112784,0
4.48656337285701,0
4.48681581747493,0
4.48706826601631,0
4.48732071811064,0
4.48757317446223,0
4.48782563487245,0
4.48807809968798,0
4.48833056886793,0
4.48858304241765,0
4.48883552097667,0
4.48908800411845,0
4.48934049177147,0
4.48959298436432,0
4.4898454817077,0
4.49,0
4.49025361451928,0
4.49050360818419,0
4.49075637155772,0
4.49100922762493,0
4.49126212513355,0
4.49151497868829,0
4.49176778658538,0
4.49202055311497,0
4.49227328504675,0
4.49252598829619,0
4.49277866781966,0
4.49303132835257,0
4.49328397312207,0
4.4935366060233,0
4.49378922941345,0
4.49404184552535,0
4.49429445645985,0
4.49454706373515,0
4.49479966881588,0
4.49505227246562,0
4.49530487600985,0
4.4955574799593,0
4.49581008527794,0
4.49606269276939,0
4.49631530258406,0
4.49656791528786,0
4.49682053101152,0
4.49707315021904,0
4.49732577337803,0
4.49757840036307,0
4.49783103198252,0
4.49808366771383,0
4.49833630764692,0
4.49858895190501,0
4.49884160061613,0
4.49909425440993,0
4.49934691298678,0
4.49959957612009,0
4.49985224449443,0
4.5,0
4.50025386528821,0
4.50050385169097,0
4.50075680210134,0
4.5010098516719,0
4.50126294553516,0
4.50151599238959,0
4.50176899009197,0
4.50202194345779,0
4.5022748595715,0
4.50252774494204,0
4.50278060456595,0
4.5030334440439,0
4.50328626667852,0
4.50353907607663,0
4.50379187495029,0
4.50404466612566,0
4.50429745142711,0
4.50455023231268,0
4.50480301069697,0
4.50505578737768,0
4.50530856356156,0
4.50556134003721,0
4.50581411752866,0
4.50606689703048,0
4.50631967867936,0
4.50657246317853,0
4.50682525063816,0
4.50707804140817,0
4.50733083580442,0
4.50758363412197,0
4.50783643681156,0
4.50808924339677,0
4.50834205455617,0
4.5085948700358,0
4.50884769016075,0
4.50910051492339,0
4.50935334440316,0
4.5096061790007,0
4.50985901841625,0
4.51,0
4.51025412130778,0
4.51050409984574,0
4.51075723768254,0
4.51101048096349,0
4.51126377152058,0
4.5115170117664,0
4.51177019945894,0
4.51202334034525,0
4.51227644149886,0
4.51252950930785,0
4.512782549852,0
4.51303556828012,0
4.51328856917899,0
4.51354155580774,0
4.51379453095614,0
4.51404749744067,0
4.51430045729385,0
4.51455341263495,0
4.51480636473531,0
4.51505931478366,0
4.51531226402824,0
4.51556521370703,0
4.51581816428271,0
4.51607111620911,0
4.5163240702189,0
4.51657702653163,0
4.51682998614901,0
4.51708294890362,0
4.51733591555268,0
4.5175888860693,0
4.51784186046948,0
4.51809483899949,0
4.51834782201159,0
4.5186008096738,0
4.5188538017266,0
4.51910679829845,0
4.5193597998145,0
4.51961280630121,0
4.51986581722406,0
4.52,0
4.52025437963819,0
4.52050434980868,0
4.52075767525806,0
4.52101111237865,0
4.52126459962477,0
4.52151803368578,0
4.52177141217471,0
4.52202474058372,0
4.52227802662877,0
4.52253127727338,0
4.52278449934993,0
4.52303769791122,0
4.52329087700784,0
4.52354404106576,0
4.52379719290726,0
4.5240503351322,0
4.5243034703117,0
4.52455660009273,0
4.52480972675224,0
4.52506285099877,0
4.52531597377557,0
4.52556909672345,0
4.52582222016207,0
4.5260753450347,0
4.52632847208299,0
4.52658160144155,0
4.52683473368515,0
4.52708786908067,0
4.5273410083716,0
4.52759415127302,0
4.52784729803757,0
4.52810044931071,0
4.52835360463946,0
4.52860676450005,0
4.52885992892901,0
4.52911309807333,0
4.52936627196883,0
4.52961945069277,0
4.52987263430364,0
4.53,0
4.53025463089153,0
4.53050459307732,0
4.5307581055478,0
4.53101173656719,0
4.53126542117337,0
4.53151904945292,0
4.53177261901523,0
4.53202613556451,0
4.53227960697934,0
4.53253304131745,0
4.53278644499171,0
4.53303982358619,0
4.53329318196308,0
4.5335465236641,0
4.53379985255638,0
4.5340531711924,0
4.53430648171884,0
4.53455978681772,0
4.53481308786177,0
4.53506638628583,0
4.53531968328358,0
4.53557298002085,0
4.53582627739018,0
4.53607957578877,0
4.5363328761442,0
4.53658617857764,0
4.53683948378838,0
4.53709279214018,0
4.53734610428983,0
4.5375994198638,0
4.53785273971569,0
4.53810606351691,0
4.53835939188407,0
4.53861272446771,0
4.53886606179092,0
4.53911940365415,0
4.53937275045493,0
4.53962610215852,0
4.53987945830562,0
4.54,0
4.54025489326476,0
4.54050484653161,0
4.54075854669903,0
4.54101237105295,0
4.54126625253498,0
4.54152007473034,0
4.54177383512969,0
4.54202753973486,0
4.54228119703439,0
4.5425348147938,0
4.54278840034582,0
4.54304195911494,0
4.54329549618315,0
4.54354901616016,0
4.54380252240658,0
4.54405601773961,0
4.5443095050164,0
4.54456298577006,0
4.54481646207089,0
4.54506993546623,0
4.54532340720039,0
4.54557687843459,0
4.54583034954918,0
4.54608382186408,0
4.54633729579432,0
4.54659077219302,0
4.54684425151369,0
4.54709773357794,0
4.54735121894065,0
4.54760470786814,0
4.5478582012233,0
4.54811169873851,0
4.5483652004294,0
4.54861870650925,0
4.54887221740257,0
4.54912573276107,0
4.5493792529464,0
4.54963277815881,0
4.54988630791755,0
4.55,0
4.55025513797576,0
4.5505050829366,0
4.55075897044503,0
4.5510129890919,0
4.5512670681179,0
4.55152108467629,0
4.55177503683511,0
4.55202892985892,0
4.55228277339515,0
4.55253657514296,0
4.55279034304438,0
4.55304408304924,0
4.55329780034498,0
4.55355149914577,0
4.55380518345412,0
4.55405885626567,0
4.55431251986343,0
4.5545661770912,0
4.55481982914151,0
4.55507347795468,0
4.5553271249336,0
4.55558077095451,0
4.5558344169952,0
4.55608806374707,0
4.55634171230366,0
4.5565953627776,0
4.55684901590736,0
4.55710267213771,0
4.55735633160126,0
4.55760999501448,0
4.55786366205467,0
4.5581173332513,0
4.55837100889573,0
4.55862468874343,0
4.55887837319199,0
4.55913206221692,0
4.55938575631744,0
4.55963945526524,0
4.55989315915233,0
4.56,0
4.5602553937501,0
4.56050533055793,0
4.56075940574524,0
4.56101361839823,0
4.56126789483441,0
4.56152210639878,0
4.56177624994615,0
4.56203033215911,0
4.56228436177171,0
4.56253834828662,0
4.56279229891302,0
4.56304622024686,0
4.56330011760741,0
4.56355399538795,0
4.5638078580151,0
4.56406170828193,0
4.56431554881238,0
4.56456938226428,0
4.56482321035842,0
4.56507703495013,0
4.56533085725635,0
4.56558467880354,0
4.56583849996216,0
4.56609232187586,0
4.56634614527231,0
4.56659997067302,0
4.56685379869243,0
4.56710762964877,0
4.56736146360987,0
4.56761530149466,0
4.56786914305952,0
4.56812298885668,0
4.56837683916296,0
4.56863069365863,0
4.56888455290436,0
4.56913841624102,0
4.56939228464212,0
4.56964615805514,0
4.56990003622546,0
4.57,0
4.57025566588939,0
4.57050559265552,0
4.57075985548763,0
4.57101426208422,0
4.57126873602034,0
4.57152314214711,0
4.57177747747496,0
4.57203174844651,0
4.57228596491902,0
4.57254013591613,0
4.57279426959179,0
4.57304837237651,0
4.57330245010967,0
4.57355650760958,0
4.57381054913717,0
4.57406457744862,0
4.5743185957091,0
4.57457260657199,0
4.57482661159659,0
4.57508061261434,0
4.57533461089071,0
4.57558860813295,0
4.57584260525896,0
4.57609660301997,0
4.57635060183888,0
4.57660460250972,0
4.5768586056338,0
4.57711261182588,0
4.57736662133758,0
4.57762063445417,0
4.57787465129231,0
4.5781286722006,0
4.57838269729557,0
4.57863672680589,0
4.57889076079117,0
4.57914479946631,0
4.57939884287414,0
4.57965289126391,0
4.57990694422846,0
4.58,0
4.58025592289715,0
4.58050583997179,0
4.58076029022354,0
4.58101489086235,0
4.58126956276645,0
4.58152416386503,0
4.58177869141857,0
4.58203315150641,0
4.58228755493986,0
4.58254191129913,0
4.58279622881047,0
4.58305051390553,0
4.58330477269653,0
4.58355901031039,0
4.5838132308213,0
4.58406743778008,0
4.58432163379536,0
4.58457582201619,0
4.58483000415268,0
4.58508418224537,0
4.58533835721028,0
4.58559253078746,0
4.58584670389821,0
4.58610087766393,0
4.5863550520339,0
4.58660922880808,0
4.58686340779016,0
4.58711758939886,0
4.58737177448332,0
4.58762596304654,0
4.58788015545203,0
4.58813435147464,0
4.58838855179521,0
4.58864275685439,0
4.58889696622684,0
4.58915118046825,0
4.58940539927799,0
4.58965962305709,0
4.58991385192985,0
4.59,0
4.59025618701899,0
4.59050609458446,0
4.59076073243649,0
4.59101552778088,0
4.59127039756039,0
4.59152519384203,0
4.59177991364994,0
4.59203456354938,0
4.59228915428774,0
4.59254369578247,0
4.59279819684933,0
4.5930526642702,0
4.59330710445088,0
4.59356152263429,0
4.59381592287058,0
4.59407030869878,0
4.59432468327747,0
4.5945790493363,0
4.59483340913061,0
4.59508776418416,0
4.59534211623098,0
4.59559646653523,0
4.59585081590773,0
4.59610516569813,0
4.59635951682527,0
4.59661386968168,0
4.5968682249485,0
4.59712258300144,0
4.59737694396315,0
4.59763130839186,0
4.59788567665932,0
4.59814004914417,0
4.59839442540866,0
4.59864880623806,0
4.59890319149764,0
4.59915758155792,0
4.59941197625979,0
4.59966637582597,0
4.59992078035329,0
4.6,0
4.60025644769209,0
4.60050634543681,0
4.600761171025,0
4.60101616033853,0
4.60127122830347,0
4.60152621996063,0
4.60178113185665,0
4.60203597171139,0
4.60229074983037,0
4.6025454773432,0
4.60280016225174,0
4.60305481244699,0
4.60330943409008,0
4.60356403287675,0
4.60381861307498,0
4.60407317820741,0
4.6043277319404,0
4.60458227608082,0
4.60483681383472,0
4.60509134658106,0
4.60534587615275,0
4.60560040337981,0
4.60585493022353,0
4.60610945711695,0
4.60636398502989,0
4.60661851458859,0
4.60687304634017,0
4.60712758070501,0
4.60738211827684,0
4.60763665925024,0
4.60789120404116,0
4.60814575264668,0
4.60840030572594,0
4.60865486285843,0
4.6089094248893,0
4.60916399163088,0
4.60941856287186,0
4.60967313916688,0
4.60992772039758,0
4.61,0
4.6102566998477,0
4.61050658809744,0
4.61076160083282,0
4.61101678431658,0
4.61127205012545,0
4.61152723721284,0
4.61178234187032,0
4.61203737155739,0
4.61229233815832,0
4.61254725153094,0
4.61280212077407,0
4.61305695446381,0
4.61331175831316,0
4.61356653835473,0
4.61382129868798,0
4.61407604381875,0
4.61433077651983,0
4.61458549982209,0
4.61484021603135,0
4.61509492713428,0
4.61534963444284,0
4.61560433966068,0
4.61585904431643,0
4.61611374847251,0
4.61636845356053,0
4.61662316030619,0
4.61687786895489,0
4.61713258060395,0
4.6173872951982,0
4.61764201343907,0
4.61789673506421,0
4.61815146065805,0
4.61840619066055,0
4.61866092494284,0
4.61891566393545,0
4.61917040721136,0
4.61942515544825,0
4.6196799088157,0
4.61993466681925,0
4.62,0
4.62025696435553,0
4.62050684241461,0
4.6207620427244,0
4.6210174204156,0
4.6212728842825,0
4.62152826660994,0
4.62178356411587,0
4.62203878405854,0
4.62229393803301,0
4.62254903760064,0
4.62280409184151,0
4.62305910882906,0
4.62331409528958,0
4.6235690568249,0
4.62382399825656,0
4.62407892347685,0
4.62433383608327,0
4.62458873857116,0
4.6248436337755,0
4.62509852373875,0
4.62535340979665,0
4.62560829327271,0
4.62586317552889,0
4.62611805801092,0
4.62637294090151,0
4.62662782538773,0
4.62688271210132,0
4.62713760142553,0
4.62739249370615,0
4.62764738923557,0
4.62790228847991,0
4.62815719169526,0
4.62841209923485,0
4.62866701133736,0
4.62892192780507,0
4.62917684883207,0
4.62943177462066,0
4.62968670506868,0
4.62994164033769,0
4.63,0
4.63025727343451,0
4.63050713846004,0
4.63076252741535,0
4.63101809919471,0
4.63127376120944,0
4.63152933922881,0
4.63178482988599,0
4.63204024030258,0
4.63229558307523,0
4.63255086935852,0
4.63280610899757,0
4.63306130993998,0
4.63331647946076,0
4.63357162320883,0
4.6338267459217,0
4.63408185184834,0
4.63433694483966,0
4.63459202762798,0
4.63484710232364,0
4.63510217134743,0
4.63535723638131,0
4.63561229887105,0
4.63586736001241,0
4.63612242110064,0
4.63637748273929,0
4.63663254576276,0
4.63688761046923,0
4.6371426780057,0
4.63739774856145,0
4.63765282230197,0
4.63790789962128,0
4.63816298107578,0
4.63841806674042,0
4.63867315694207,0
4.63892825150917,0
4.63918335073969,0
4.63943845437604,0
4.63969356313798,0
4.63994867709186,0
4.64,0
4.6402566145407,0
4.64050650154189,0
4.64076207009502,0
4.64101783633972,0
4.64127369638183,0
4.64152946984546,0
4.64178515291806,0
4.64204075306368,0
4.64229628319632,0
4.64255175492775,0
4.64280717866238,0
4.64306256218869,0
4.64331791298844,0
4.6435732373269,0
4.64382854000542,0
4.64408382507797,0
4.64433909634996,0
4.64459435710572,0
4.64484960952504,0
4.64510485585192,0
4.64536009812354,0
4.6456153376084,0
4.64587057558647,0
4.64612581324254,0
4.64638105149558,0
4.646636290824,0
4.64689153189827,0
4.64714677587045,0
4.64740202224811,0
4.64765727219266,0
4.64791252601554,0
4.64816778342274,0
4.64842304563349,0
4.64867831122416,0
4.64893358166596,0
4.64918885686367,0
4.64944413679395,0
4.64969942180788,0
4.6499547115541,0
4.65,0
4.65022644222948,0
4.65047669363581,0
4.6507332897248,0
4.65098927278394,0
4.65124537884521,0
4.65150131669179,0
4.65175714847061,0
4.65201288644438,0
4.65226854839798,0
4.65252414750302,0
4.65277969439867,0
4.65303519787926,0
4.65329066626544,0
4.65354610564868,0
4.65380152152237,0
4.65405691859112,0
4.65431230022816,0
4.65456767013178,0
4.65482303078608,0
4.6550783838874,0
4.65533373227143,0
4.65558907747485,0
4.65584442037224,0
4.65609976238708,0
4.65635510466694,0
4.65661044767926,0
4.656865792131,0
4.65712113871264,0
4.65737648816503,0
4.65763184055025,0
4.65788719631973,0
4.65814255572921,0
4.65839791893617,0
4.65865328639434,0
4.6589086581295,0
4.65916403470914,0
4.65941941566244,0
4.65967480115682,0
4.65993019154809,0
4.66,0
4.66019832032298,0
4.66044970015424,0
4.66070690510049,0
4.66096306975343,0
4.66121934852583,0
4.66147540315744,0
4.66173134551242,0
4.66198719104784,0
4.66224296043988,0
4.66249866774156,0
4.66275432331561,0
4.66300993655613,0
4.66326551514633,0
4.66352106457177,0
4.66377659099047,0
4.66403209800304,0
4.66428758988075,0
4.66454306967414,0
4.66479853964931,0
4.66505400240706,0
4.66530945957097,0
4.66556491364633,0
4.66582036584249,0
4.66607581716475,0
4.66633126852529,0
4.66658672060614,0
4.66684217445228,0
4.66709762987538,0
4.66735308822615,0
4.66760854946652,0
4.66786401402932,0
4.66811948232762,0
4.66837495397762,0
4.66863042998036,0
4.6688859096618,0
4.66914139417811,0
4.66939688317471,0
4.66965237655625,0
4.66990787462551,0
4.67,0
4.67023686703347,0
4.6704879640587,0
4.67074335700385,0
4.67099960245489,0
4.67125597584711,0
4.67151228894746,0
4.6717685181004,0
4.67202466742323,0
4.67228074841906,0
4.67253677232436,0
4.672792749014,0
4.67304868697495,0
4.67330459347473,0
4.67356047403625,0
4.67381633390612,0
4.67407217702973,0
4.67432800710082,0
4.67458382725057,0
4.67483963948303,0
4.67509544620505,0
4.67535124944252,0
4.67560705039339,0
4.67586285033293,0
4.67611865025328,0
4.67637445110438,0
4.67663025319585,0
4.67688605798256,0
4.67714186520574,0
4.67739767591603,0
4.67765349025847,0
4.67790930851351,0
4.67816513102939,0
4.67842095813066,0
4.67867679007295,0
4.67893262694476,0
4.6791884686923,0
4.67944431584773,0
4.67970016775724,0
4.67995602471261,0
4.68,0
4.68021987643692,0
4.68046949888099,0
4.68072437483489,0
4.68098089022056,0
4.6812376210985,0
4.68149429627835,0
4.68175086801073,0
4.68200733896424,0
4.68226372254148,0
4.6825200332907,0
4.68277628344976,0
4.68303248354856,0
4.68328864232719,0
4.68354476754957,0
4.68380086536106,0
4.68405694142659,0
4.6843129992129,0
4.68456904339785,0
4.68482507663959,0
4.68508110197075,0
4.68533712124142,0
4.6855931362585,0
4.68584914920501,0
4.68610516195508,0
4.68636117577661,0
4.686617192097,0
4.68687321173029,0
4.68712923527575,0
4.68738526311881,0
4.68764129605613,0
4.68789733394411,0
4.68815337756172,0
4.68840942700844,0
4.68866548285463,0
4.68892154516194,0
4.68917761354747,0
4.68943368903173,0
4.68968977120523,0
4.68994586035664,0
4.69,0
4.69025830630542,0
4.69050840014911,0
4.69076477419757,0
4.69102144966221,0
4.69127826818067,0
4.69153500939319,0
4.69179166005577,0
4.69204822533677,0
4.69230471774912,0
4.69256114911822,0
4.69281753009837,0
4.69307386922848,0
4.69333017450717,0
4.69358645211974,0
4.69384270747146,0
4.69409894480414,0
4.69435516782521,0
4.69461137983721,0
4.69486758340658,0
4.69512378059704,0
4.69537997313378,0
4.69563616389252,0
4.69589235382033,0
4.69614854499275,0
4.69640473734445,0
4.69666093240075,0
4.6969171306505,0
4.69717333217322,0
4.69742953804141,0
4.69768574794531,0
4.69794196318482,0
4.69819818309393,0
4.69845440838849,0
4.69871063906029,0
4.69896687524895,0
4.69922311763078,0
4.69947936597038,0
4.69973562020756,0
4.7,0
4.70025774880037,0
4.70051190560956,0
4.70076748900347,0
4.70102359981295,0
4.70127988343744,0
4.70153622313621,0
4.70179257544831,0
4.70204892974396,0
4.70230528436592,0
4.70256163951804,0
4.70281799621498,0
4.70307435516174,0
4.70333071732817,0
4.70358708306764,0
4.70384345313914,0
4.70409982792469,0
4.70435620741699,0
4.70461259207754,0
4.70486898235867,0
4.70512537830491,0
4.70538178006488,0
4.70563818773903,0
4.70589460159301,0
4.70615102174831,0
4.70640744832813,0
4.70666388130274,0
4.70692032042045,0
4.70717676616738,0
4.70743321847985,0
4.70768967730226,0
4.70794614276248,0
4.7082026148343,0
4.70845909360943,0
4.70871557898635,0
4.70897207130709,0
4.70922857028948,0
4.70948507609967,0
4.7097415876028,0
4.71,0
4.71025845750287,0
4.7105148476062,0
4.71077123034422,0
4.71102756571236,0
4.71128391441171,0
4.7115402695217,0
4.71179663279161,0
4.71205300323592,0
4.7123093805578,0
4.7125657644971,0
4.71282215488955,0
4.71307855146056,0
4.71333495426452,0
4.71359136310444,0
4.71384777774512,0
4.71410419820486,0
4.71436062467798,0
4.71461705682483,0
4.7148734943483,0
4.71512993723301,0
4.71538638593953,0
4.71564283997008,0
4.71589929949129,0
4.71615576487216,0
4.71641223542374,0
4.71666871143873,0
4.71692519280108,0
4.71718167963355,0
4.71743817174054,0
4.71769466941123,0
4.71795117249695,0
4.71820768067476,0
4.71846419455964,0
4.71872071349147,0
4.71897723799659,0
4.71923376767331,0
4.71949030255739,0
4.71974684310472,0
4.72,0
4.72025656281442,0
4.72051300178602,0
4.72076954507067,0
4.72102610209211,0
4.72128266572258,0
4.72153923272948,0
4.72179580297896,0
4.72205237693563,0
4.7223089546456,0
4.72256553616471,0
4.72282212153916,0
4.72307871124092,0
4.7233353056455,0
4.7235919045322,0
4.72384850806883,0
4.72410511633652,0
4.72436172931697,0
4.72461834753598,0
4.7248749705938,0
4.72513159865392,0
4.7253882316627,0
4.72564486938174,0
4.72590151261783,0
4.72615816071314,0
4.72641481404714,0
4.72667147252145,0
4.72692813623352,0
4.72718480522213,0
4.72744147899488,0
4.72769815817657,0
4.72795484263946,0
4.7282115320213,0
4.72846822681005,0
4.72872492642305,0
4.72898163155225,0
4.72923834157482,0
4.72949505656615,0
4.72975177713753,0
4.73,0
4.73025680561926,0
4.73051329445399,0
4.73077003710087,0
4.7310267896594,0
4.7312835512332,0
4.73154031310981,0
4.73179707586717,0
4.73205384032571,0
4.73231060695256,0
4.73256737552093,0
4.73282414685861,0
4.73308092187016,0
4.73333769995934,0
4.73359448246226,0
4.73385126884348,0
4.73410805934005,0
4.73436485455691,0
4.73462165486054,0
4.73487845975751,0
4.73513526963175,0
4.73539208464256,0
4.73564890498506,0
4.73590573030567,0
4.73616256123508,0
4.7364193971876,0
4.73667623859829,0
4.73693308515788,0
4.73718993736614,0
4.73744679470084,0
4.73770365762928,0
4.73796052608622,0
4.73821740012838,0
4.7384742792525,0
4.73873116417709,0
4.73898805472806,0
4.73924495067425,0
4.73950185240278,0
4.73975875968378,0
4.74,0
4.74025707444733,0
4.74051356114481,0
4.7407705196393,0
4.74102749395959,0
4.74128447814973,0
4.74154145863782,0
4.74179843538803,0
4.74205540901756,0
4.74231238133973,0
4.74256935301333,0
4.74282632532739,0
4.74308329849908,0
4.74334027399652,0
4.74359725185761,0
4.74385423269557,0
4.74411121694692,0
4.74436820493812,0
4.7446251971292,0
4.74488219353358,0
4.74513919453107,0
4.74539620016172,0
4.74565321024078,0
4.74591022548609,0
4.74616724568553,0
4.74642427108266,0
4.74668130174579,0
4.74693833773318,0
4.74719537890996,0
4.74745242535334,0
4.74770947746912,0
4.74796653492885,0
4.74822359785671,0
4.74848066638664,0
4.74873774023871,0
4.74899481971894,0
4.74925190445708,0
4.74950899463016,0
4.74976609056341,0
4.75,0
4.75025734716625,0
4.75051382061598,0
4.75077099032052,0
4.75102817994837,0
4.75128538233435,0
4.75154257632384,0
4.75179976225147,0
4.75205694115978,0
4.75231411503709,0
4.75257128540622,0
4.75282845399867,0
4.75308562168116,0
4.7533427894658,0
4.75359995844149,0
4.75385712927281,0
4.75411430267149,0
4.75437147872796,0
4.75462865810397,0
4.75488584148345,0
4.75514302879168,0
4.75540022012782,0
4.75565741582017,0
4.75591461624928,0
4.75617182156548,0
4.75642903227274,0
4.7566862475308,0
4.75694346788994,0
4.75720069367437,0
4.75745792465864,0
4.75771516110259,0
4.75797240287741,0
4.75822965002248,0
4.75848690258938,0
4.75874416049167,0
4.75900142386334,0
4.75925869277181,0
4.75951596714814,0
4.75977324709616,0
4.76,0
4.76025761864838,0
4.76051408380047,0
4.76077146347885,0
4.76102886802877,0
4.76128628746399,0
4.76154369441721,0
4.76180108859579,0
4.7620584719951,0
4.76231584711555,0
4.76257321590962,0
4.76283058020627,0
4.7630879421382,0
4.763345302333,0
4.76360266228203,0
4.76386002303709,0
4.76411738482545,0
4.76437474891444,0
4.76463211570666,0
4.76488948575871,0
4.76514685935582,0
4.76540423669379,0
4.76566161803629,0
4.76591900377531,0
4.76617639401793,0
4.76643378889901,0
4.76669118870841,0
4.76694859380213,0
4.76720600387224,0
4.76746341905158,0
4.76772083944798,0
4.76797826518254,0
4.76823569623262,0
4.76849313249474,0
4.76875057420056,0
4.76900802134724,0
4.76926547409603,0
4.76952293217301,0
4.76978039586578,0
4.77,0
4.770257891075,0
4.77051434810057,0
4.77077193804359,0
4.77102955700333,0
4.77128719389156,0
4.77154481370628,0
4.77180241666616,0
4.77206000485358,0
4.77231758132541,0
4.77257514890163,0
4.77283270970872,0
4.77309026569929,0
4.77334781863656,0
4.77360537019055,0
4.77386292082722,0
4.77412047217249,0
4.77437802457126,0
4.77463557916383,0
4.7748931362613,0
4.77515069651252,0
4.77540826009367,0
4.77566582776522,0
4.77592339916791,0
4.77618097515647,0
4.77643855555729,0
4.77669614050533,0
4.77695373042074,0
4.77721132562964,0
4.77746892554937,0
4.77772653081911,0
4.77798414128427,0
4.77824175715618,0
4.77849937809932,0
4.77875700458889,0
4.7790146365326,0
4.77927227392836,0
4.77952991677426,0
4.77978756487112,0
4.78,0
4.78025816474177,0
4.78051461372644,0
4.78077241380967,0
4.78103024774547,0
4.78128810161423,0
4.78154593408891,0
4.78180374579239,0
4.78206153898284,0
4.78231931722067,0
4.78257708359636,0
4.78283484093203,0
4.78309259187239,0
4.78335033794783,0
4.78360808077496,0
4.78386582257361,0
4.78412356323127,0
4.78438130478754,0
4.7846390474981,0
4.78489679240378,0
4.78515453976031,0
4.78541229022294,0
4.78567004417341,0
4.7859278018365,0
4.78618556373033,0
4.78644332991003,0
4.78670110096147,0
4.78695887614262,0
4.78721665653405,0
4.78747444183972,0
4.78773223238642,0
4.78799002800229,0
4.78824782909016,0
4.78850563550293,0
4.78876344689998,0
4.78902126363293,0
4.78927908636277,0
4.7895369145619,0
4.78979474811719,0
4.79,0
4.79025843904545,0
4.79051487893697,0
4.79077288906994,0
4.79103093790719,0
4.79128900941459,0
4.79154705541846,0
4.79180507604157,0
4.79206307423962,0
4.79232105439079,0
4.79257902010766,0
4.79283697467321,0
4.79309492054765,0
4.79335286008853,0
4.79361079534028,0
4.79386872788906,0
4.79412665895648,0
4.79438458992935,0
4.79464252133039,0
4.79490045407002,0
4.79515838923281,0
4.79541632678091,0
4.7956742676409,0
4.7959322120846,0
4.79619016046115,0
4.79644811308029,0
4.79670607025979,0
4.79696403162437,0
4.79722199774083,0
4.79747996882556,0
4.79773794513987,0
4.79799592656199,0
4.79825391308455,0
4.79851190495905,0
4.79876990215397,0
4.79902790500253,0
4.79928591305426,0
4.79954392666032,0
4.79980194567842,0
4.8,0
4.80025871429561,0
4.80051514527951,0
4.80077336544949,0
4.80103162927557,0
4.80128991807733,0
4.80154817704503,0
4.8018064068962,0
4.80206461059542,0
4.8023227930029,0
4.80258095815588,0
4.80283910970107,0
4.80309725122842,0
4.80335538476216,0
4.8036135120894,0
4.80387163595947,0
4.80412975756118,0
4.80438787787761,0
4.80464599829315,0
4.80490411956011,0
4.80516224251584,0
4.80542036790221,0
4.80567849619237,0
4.80593662790271,0
4.80619476296022,0
4.80645290198098,0
4.80671104535929,0
4.80696919332373,0
4.80722734615481,0
4.80748550337484,0
4.80774366570383,0
4.80800183306503,0
4.8082600056265,0
4.80851818366154,0
4.8087763668217,0
4.80903455534337,0
4.8092927494107,0
4.80955094899675,0
4.80980915419789,0
4.81,0
4.81025899121456,0
4.81051541291352,0
4.8107738432097,0
4.81103232166114,0
4.81129082786323,0
4.81154930036054,0
4.81180773929863,0
4.81206614850904,0
4.8123245333417,0
4.81258289806571,0
4.81284124747598,0
4.81309958404223,0
4.81335791152706,0
4.81361623169557,0
4.81387454727338,0
4.8141328594234,0
4.81439116999799,0
4.81464947971863,0
4.81490779014324,0
4.81516610135577,0
4.81542441487898,0
4.81568273111827,0
4.81594105027922,0
4.81619937260693,0
4.8164576988152,0
4.81671602921766,0
4.81697436389124,0
4.81723270322291,0
4.81749104732682,0
4.81774939628886,0
4.81800775001469,0
4.81826610949249,0
4.81852447381514,0
4.81878284321594,0
4.81904121806513,0
4.81929959866492,0
4.81955798435033,0
4.81981637553385,0
4.82,0
4.82025926751301,0
4.82051568006918,0
4.82077432014372,0
4.82103301325253,0
4.82129173723695,0
4.82155042322162,0
4.82180907177082,0
4.82206768685749,0
4.82232627420996,0
4.82258483920559,0
4.82284338608808,0
4.82310191864795,0
4.82336044035485,0
4.82361895387694,0
4.8238774617426,0
4.82413596517152,0
4.82439446586311,0
4.82465296539457,0
4.82491146481248,0
4.82516996485844,0
4.82542846653454,0
4.8256869707668,0
4.82594547771083,0
4.82620398756925,0
4.82646250153825,0
4.82672101955011,0
4.8269795413776,0
4.82723806779458,0
4.82749659914494,0
4.82775513512374,0
4.82801367598426,0
4.82827222204564,0
4.82853077337363,0
4.82878932990202,0
4.82904789176802,0
4.82930645882354,0
4.82956503146265,0
4.82982360971626,0
4.83,0
4.83025954650373,0
4.83051594933429,0
4.8307747996324,0
4.83103370727568,0
4.83129264904528,0
4.83155154857887,0
4.83181040654924,0
4.8320692275922,0
4.832328017583,0
4.83258678281227,0
4.83284552760377,0
4.83310425635197,0
4.83336297279338,0
4.83362167995019,0
4.83388037995511,0
4.83413907490291,0
4.83439776630774,0
4.83465645571828,0
4.83491514482146,0
4.83517383426983,0
4.83543252478351,0
4.83569121735406,0
4.83594991233875,0
4.83620861045443,0
4.8364673120442,0
4.83672601762437,0
4.83698472765376,0
4.83724344177014,0
4.83750216030222,0
4.83776088375316,0
4.83801961195767,0
4.83827834546457,0
4.8385370838407,0
4.83879582747497,0
4.83905457663649,0
4.83931333126772,0
4.83957209126393,0
4.8398308566346,0
4.84,0
4.84025982514935,0
4.84051621808711,0
4.84077527837344,0
4.8410344005893,0
4.84129355998336,0
4.84155267326504,0
4.84181174117297,0
4.8420707682356,0
4.8423297613576,0
4.84258872702607,0
4.84284767041237,0
4.84310659604481,0
4.84336550774661,0
4.84362440863407,0
4.84388330117997,0
4.84414218777161,0
4.8444010705621,0
4.84465995085715,0
4.84491882977412,0
4.8451777085312,0
4.84543658813445,0
4.84569546956072,0
4.84595435332105,0
4.84621323990902,0
4.84647212989516,0
4.8467310232242,0
4.84698992108825,0
4.84724882294213,0
4.84750772964064,0
4.84776664101514,0
4.8480255569587,0
4.84828447786046,0
4.84854340428985,0
4.84880233597767,0
4.84906127288673,0
4.8493202154872,0
4.84957916318044,0
4.84983811624671,0
4.85,0
4.85026010381775,0
4.85051648652742,0
4.85077575650869,0
4.85103509378182,0
4.85129447072983,0
4.85155379779009,0
4.85181307519382,0
4.85207230866401,0
4.8523315050442,0
4.85259067118869,0
4.85284981319819,0
4.85310893521205,0
4.85336804210825,0
4.85362713688958,0
4.85388622262132,0
4.85414530153978,0
4.854404375723,0
4.85466344678993,0
4.85492251607122,0
4.85518158519927,0
4.8554406546565,0
4.85569972544472,0
4.85595879838143,0
4.85621787427226,0
4.85647695298655,0
4.85673603501203,0
4.85699512131577,0
4.85725421192812,0
4.85751330714895,0
4.85777240682696,0
4.85803151100079,0
4.85829062053404,0
4.85854973513698,0
4.85880885504004,0
4.85906798019647,0
4.85932711063332,0
4.85958624654918,0
4.85984538794789,0
4.86,0
4.86026038275959,0
4.86051675524565,0
4.86077623486968,0
4.86103578648746,0
4.86129538153361,0
4.86155492208692,0
4.86181440952642,0
4.86207384934374,0
4.86233324933192,0
4.86259261675915,0
4.86285195752016,0
4.86311127692411,0
4.86337057957786,0
4.86362986866994,0
4.86388914750462,0
4.86414841875958,0
4.86440768464036,0
4.86466694708807,0
4.86492620737276,0
4.86518546662541,0
4.86544472587386,0
4.86570398632542,0
4.86596324867828,0
4.86622251331859,0
4.86648178135387,0
4.86674105262688,0
4.86700032789951,0
4.86725960707963,0
4.86751889098591,0
4.86777817942588,0
4.86803747271003,0
4.86829677089633,0
4.86855607430189,0
4.86881538271495,0
4.86907469629289,0
4.86933401513626,0
4.869593339498,0
4.86985266932633,0
4.87,0
4.87026066781472,0
4.87051702959563,0
4.87077671860482,0
4.87103648436693,0
4.87129629656268,0
4.87155605123164,0
4.87181574841112,0
4.87207539444108,0
4.8723349979394,0
4.87259456632443,0
4.87285410584805,0
4.87311362290867,0
4.87337312143671,0
4.87363260544356,0
4.87389207829678,0
4.87415154251952,0
4.87441100085862,0
4.87467045484925,0
4.87492990629307,0
4.87518935629308,0
4.87544880611659,0
4.87570825676624,0
4.87596770906782,0
4.87622716373345,0
4.87648662124584,0
4.87674608201907,0
4.87700554635527,0
4.87726501504079,0
4.87752448818039,0
4.8777839658604,0
4.87804344807697,0
4.87830293516137,0
4.87856242712913,0
4.87882192442476,0
4.87908142709691,0
4.87934093531388,0
4.87960044862046,0
4.87985996738384,0
4.88,0
4.88026094970536,0
4.88051730025552,0
4.88077719893537,0
4.88103717898293,0
4.88129720894344,0
4.88155717750841,0
4.8818170849459,0
4.88207693816748,0
4.88233674558147,0
4.88259651520702,0
4.88285625415372,0
4.88311596821838,0
4.8833756628669,0
4.88363534184698,0
4.88389500859944,0
4.88415466635731,0
4.88441431707573,0
4.88467396312751,0
4.8849336064492,0
4.8851932475662,0
4.88545288820656,0
4.88571252934933,0
4.88597217199018,0
4.88623181678848,0
4.88649146438488,0
4.88675111516413,0
4.88701076967637,0
4.88727042783155,0
4.8875300901486,0
4.88778975724798,0
4.88804942908618,0
4.88830910565681,0
4.88856878741712,0
4.88882847429858,0
4.88908816654296,0
4.88934786382783,0
4.8896075666765,0
4.88986727489429,0
4.89,0
4.89026123380112,0
4.8905175732448,0
4.89077768092735,0
4.89103787527891,0
4.89129812266691,0
4.89155830489972,0
4.89181842255725,0
4.8920784825221,0
4.8923384936862,0
4.89259846499627,0
4.89285840373316,0
4.89311831605072,0
4.89337820719646,0
4.89363808147129,0
4.89389794262925,0
4.89415779387668,0
4.89441763765268,0
4.89467747586014,0
4.89493731032512,0
4.89519714296395,0
4.89545697476399,0
4.89571680688081,0
4.89597663991327,0
4.89623647539618,0
4.89649631307636,0
4.89675615413238,0
4.8970159982982,0
4.89727584628988,0
4.89753569869618,0
4.89779555549031,0
4.89805541741053,0
4.89831528380712,0
4.89857515545294,0
4.89883503198336,0
4.89909491406468,0
4.8993548013501,0
4.89961469424608,0
4.89987459267048,0
4.9,0
4.90026152056162,0
4.90051784910004,0
4.90077816583456,0
4.90103857404146,0
4.90129903925155,0
4.90155943542221,0
4.90181976350752,0
4.90208003002369,0
4.90234024522564,0
4.90260041832563,0
4.90286055649818,0
4.90312066697824,0
4.90338075462332,0
4.90364082453929,0
4.90390088056607,0
4.90416092524209,0
4.90442096223869,0
4.90468099309763,0
4.904941019915,0
4.90520104445389,0
4.90546106763526,0
4.90572109117216,0
4.90598111552095,0
4.90624114161023,0
4.90650117021096,0
4.90676120190552,0
4.90702123690756,0
4.90728127547305,0
4.90754131820383,0
4.90780136555417,0
4.90806141763909,0
4.90832147440341,0
4.90858153616645,0
4.9088416027344,0
4.90910167521231,0
4.90936175260155,0
4.90962183558532,0
4.90988192425753,0
4.91,0
4.91026180331231,0
4.91051811997987,0
4.91077864512141,0
4.91103926735996,0
4.91129995019181,0
4.91156056032332,0
4.9118210986436,0
4.91208157208736,0
4.91234199146391,0
4.91260236632615,0
4.91286270447741,0
4.91312301332395,0
4.9133832984728,0
4.91364356430021,0
4.91390381543664,0
4.91416405473893,0
4.91442428551732,0
4.91468450923713,0
4.91494472872555,0
4.91520494533925,0
4.91546516087411,0
4.91572537603234,0
4.91598559204681,0
4.91624580922845,0
4.91650602898277,0
4.91676625127462,0
4.91702647746081,0
4.91728670696394,0
4.91754694081832,0
4.91780717890049,0
4.91806742182521,0
4.9183276694682,0
4.91858792174182,0
4.91884817921059,0
4.91910844195323,0
4.9193687101315,0
4.91962898377457,0
4.91988926277094,0
4.92,0
4.9202620751835,0
4.92051838085764,0
4.92077911461267,0
4.92103995060468,0
4.92130085055851,0
4.92156167466712,0
4.92182242337081,0
4.9220831038006,0
4.92234372752563,0
4.92260430429957,0
4.9228648431313,0
4.92312535061169,0
4.92338583268345,0
4.92364629440304,0
4.92390674048005,0
4.92416717397523,0
4.92442759785522,0
4.92468801524034,0
4.92494842771428,0
4.92520883697324,0
4.9254692444389,0
4.92572965125569,0
4.92599005879801,0
4.92625046777746,0
4.92651087918803,0
4.92677129328165,0
4.92703171033491,0
4.92729213128729,0
4.92755255590566,0
4.92781298478822,0
4.92807341865438,0
4.92833385694857,0
4.92859430036578,0
4.92885474906232,0
4.92911520278668,0
4.92937566176344,0
4.92963612632561,0
4.92989659620401,0
4.93,0
4.93026235653894,0
4.93051865081151,0
4.93077959267086,0
4.93104064232132,0
4.93130175978401,0
4.93156279771302,0
4.93182375688035,0
4.93208464474477,0
4.9323454731407,0
4.9326062523091,0
4.93286699156534,0
4.933127697683,0
4.93338837716632,0
4.93364903559314,0
4.9339096774969,0
4.93417030616554,0
4.93443092445569,0
4.9346915355893,0
4.93495214147596,0
4.93521274365525,0
4.93547334397045,0
4.93573394354879,0
4.93599454333085,0
4.93625514468406,0
4.93651574808655,0
4.93677635402389,0
4.93703696282292,0
4.93729757529263,0
4.93755819177621,0
4.9378188127254,0
4.93807943815569,0
4.93834006812607,0
4.93860070328881,0
4.93886134317615,0
4.93912198838659,0
4.93938263887012,0
4.93964329480544,0
4.93990395656867,0
4.94,0
4.9402626708607,0
4.94051895128394,0
4.94078010204887,0
4.94104136534288,0
4.94130270005641,0
4.94156395193523,0
4.94182512156915,0
4.94208621700641,0
4.94234725032451,0
4.94260823230506,0
4.94286917186766,0
4.94313007726377,0
4.94339095459031,0
4.9436518099884,0
4.94391264776701,0
4.94417347148687,0
4.94443428471998,0
4.94469508991417,0
4.94495588902078,0
4.94521668433437,0
4.94547747795637,0
4.94573827054359,0
4.94599906334483,0
4.9462598569079,0
4.94652065240819,0
4.94678145054369,0
4.94704225175873,0
4.9473030563864,0
4.94756386531868,0
4.94782467787649,0
4.94808549505996,0
4.94834631690794,0
4.94860714392243,0
4.94886797605991,0
4.9491288133039,0
4.94938965610974,0
4.94965050411368,0
4.94991135770371,0
4.95,0
4.95026295193727,0
4.95051921952554,0
4.95078057796778,0
4.95104205442742,0
4.95130360670679,0
4.9515650726814,0
4.95182645288669,0
4.95208775578167,0
4.95234899360305,0
4.95261017823655,0
4.95287131862166,0
4.95313242322662,0
4.95339349843074,0
4.95365455073092,0
4.9539155844126,0
4.95417660375593,0
4.95443761153368,0
4.9546986108519,0
4.95495960428905,0
4.95522059337326,0
4.95548158015529,0
4.95574256590073,0
4.95600355158904,0
4.95626453825502,0
4.95652552651419,0
4.95678651734701,0
4.95704751099452,0
4.95730850805352,0
4.95756950897451,0
4.95783051421045,0
4.95809152371768,0
4.9583525377985,0
4.95861355701939,0
4.9588745815884,0
4.95913561084341,0
4.95939664560898,0
4.95965768591642,0
4.95991873149374,0
4.96,0
4.96026322985979,0
4.96051948661342,0
4.96078105269083,0
4.96104274177019,0
4.96130451065956,0
4.96156619013395,0
4.96182778056997,0
4.96208929063578,0
4.96235073353825,0
4.96261212067327,0
4.96287346184965,0
4.96313476584456,0
4.96339603981994,0
4.96365728938458,0
4.96391851928959,0
4.96417973414404,0
4.96444093743016,0
4.96470213149151,0
4.96496331916105,0
4.9652245020405,0
4.96548568228182,0
4.96574686139826,0
4.9660080400762,0
4.96626921991813,0
4.96653040116524,0
4.96679158467397,0
4.96705277146074,0
4.96731396190941,0
4.96757515540291,0
4.96783635329284,0
4.96809755527269,0
4.96835876224283,0
4.96861997423244,0
4.96888119149821,0
4.96914241376134,0
4.96940364115174,0
4.96966487394006,0
4.96992611223873,0
4.97,0
4.97026353571623,0
4.97051977892612,0
4.97078155268548,0
4.97104345462079,0
4.97130544068967,0
4.97156733401701,0
4.97182913512703,0
4.97209085283882,0
4.97235250052237,0
4.97261409073731,0
4.97287563340969,0
4.97313713728008,0
4.97339860996362,0
4.97366005713157,0
4.97392148418518,0
4.97418289545641,0
4.97444429423974,0
4.97470568343792,0
4.97496706610009,0
4.97522844364925,0
4.97548981842163,0
4.975751191669,0
4.97601256443031,0
4.97627393777127,0
4.97653531268211,0
4.97679668972786,0
4.97705806936944,0
4.9773194527127,0
4.97758083968179,0
4.97784223106197,0
4.97810362650765,0
4.97836502669047,0
4.97862643145017,0
4.97888784178995,0
4.97914925705045,0
4.97941067743545,0
4.97967210366231,0
4.97993353520978,0
4.98,0
4.9802637970282,0
4.98052002767945,0
4.98078200771749,0
4.9810441224155,0
4.98130632519737,0
4.98156843240123,0
4.98183044459815,0
4.9820923699526,0
4.98235422290951,0
4.98261601642092,0
4.98287776041255,0
4.98313946441874,0
4.98340113597194,0
4.98366278115697,0
4.98392440516526,0
4.9841860125353,0
4.98444760712597,0
4.98470919187339,0
4.9849707694815,0
4.98523234183523,0
4.98549391106624,0
4.98575547844299,0
4.98601704500148,0
4.98627861208832,0
4.98654018084307,0
4.98680175175977,0
4.98706332546234,0
4.9873249023462,0
4.98758648292753,0
4.98784806772176,0
4.9881096567048,0
4.98837125047537,0
4.98863284880226,0
4.98889445236463,0
4.98915606136577,0
4.98941767533532,0
4.98967929472859,0
4.98994091995698,0
4.99,0
4.99026407281964,0
4.99052029210409,0
4.9907824785272,0
4.991044805753,0
4.99130722553647,0
4.99156954637649,0
4.99183176844095,0
4.99209390109634,0
4.99235595940712,0
4.9926179559951,0
4.9928799015756,0
4.9931418058133,0
4.99340367644425,0
4.99366551959664,0
4.99392734111666,0
4.99418914519436,0
4.99445093578025,0
4.99471271639221,0
4.99497448918538,0
4.99523625658897,0
4.99549802068485,0
4.99575978250456,0
4.99602154356938,0
4.99628330501335,0
4.99654506785679,0
4.9968068329197,0
4.99706860032456,0
4.9973303709014,0
4.99759214511046,0
4.99785392366394,0
4.99811570643417,0
4.99837749418779,0
4.998639286595,0
4.99890108404476,0
4.99916288634485,0
4.99942469450287,0
4.9996865075671,0
4.99994832660894,0
5,0
5.00025836695531,0
5.00051466582606,0
5.00077716279305,0
5.0010397061594,0
5.0013023502614,0
5.00156487972732,0
5.00182730561522,0
5.0020896374009,0
5.00235189155496,0
5.00261408084263,0
5.00287621695312,0
5.00313830937832,0
5.00340036702037,0
5.00366239593437,0
5.00392440239829,0
5.00418639049223,0
5.00444836554654,0
5.00471032928367,0
5.00497228498442,0
5.0052342347664,0
5.00549618051384,0
5.00575812383597,0
5.0060200661012,0
5.00628200843013,0
5.00654395220368,0
5.00680589787795,0
5.0070678461459,0
5.0073297974974,0
5.00759175234937,0
5.0078537108307,0
5.00811567345365,0
5.00837764102331,0
5.00863961347812,0
5.00890159098382,0
5.00916357308528,0
5.00942556093843,0
5.00968755408888,0
5.00994955241551,0
5.01,0
5.01025223792244,0
5.01050876503289,0
5.01077163010002,0
5.01103437800955,0
5.01129723497799,0
5.01155995923537,0
5.01182257585214,0
5.01208509596585,0
5.01234753599812,0
5.01260991002937,0
5.01287223002425,0
5.01313450589184,0
5.01339674577594,0
5.01365895669094,0
5.01392114406449,0
5.01418331311881,0
5.01444546732827,0
5.01470761048933,0
5.01496974518391,0
5.01523187360157,0
5.01549399812216,0
5.01575611992329,0
5.01601824072278,0
5.01628036162024,0
5.01654248362984,0
5.0168046072684,0
5.01706673366801,0
5.01732886363187,0
5.01759099677966,0
5.01785313379344,0
5.01811527532281,0
5.01837742105392,0
5.01863957184921,0
5.01890172823375,0
5.01916389006481,0
5.01942605703002,0
5.01968822944271,0
5.01995040732312,0
5.02,0
5.02024796338441,0
5.02050470787536,0
5.02076757160106,0
5.02103054245516,0
5.02129360983347,0
5.02155654943168,0
5.02181937921253,0
5.02208211027241,0
5.02234475913609,0
5.02260734011633,0
5.02286986567933,0
5.02313234550393,0
5.02339478817357,0
5.02365720127902,0
5.02391959036269,0
5.02418196041875,0
5.02444431535637,0
5.02470665855208,0
5.0249689930144,0
5.02523132123935,0
5.02549364531133,0
5.0257559666484,0
5.02601828685139,0
5.02628060722527,0
5.02654292836518,0
5.0268052512764,0
5.02706757674788,0
5.02732990509164,0
5.02759223738253,0
5.02785457412294,0
5.02811691545464,0
5.02837926108693,0
5.02864161187966,0
5.02890396718002,0
5.0291663279909,0
5.02942869409581,0
5.02969106526974,0
5.02995344191829,0
5.03,0
5.03023279040854,0
5.03048982344181,0
5.03075291240224,0
5.03101614637716,0
5.03127944765806,0
5.0315425977564,0
5.03180563008647,0
5.03206855708956,0
5.0323313980542,0
5.03259416775856,0
5.03285687912465,0
5.03311954273435,0
5.03338216777443,0
5.03364476083734,0
5.03390732873445,0
5.03416987641801,0
5.0344324081356,0
5.03469492768562,0
5.03495743776517,0
5.03521994151072,0
5.0354824400777,0
5.03574493549913,0
5.0360074295996,0
5.03626992339155,0
5.03653241798833,0
5.03679491429573,0
5.03705741289644,0
5.03731991428842,0
5.03758241916648,0
5.03784492796686,0
5.03810744072775,0
5.03836995829442,0
5.03863248067927,0
5.03889500774189,0
5.0391575404657,0
5.03942007836951,0
5.03968262171323,0
5.03994517083019,0
5.04,0
5.04021767326141,0
5.04047529685189,0
5.04073869376892,0
5.04100219179685,0
5.04126570050746,0
5.04152903351463,0
5.04179224225324,0
5.04205534286938,0
5.04231835636983,0
5.04258129801194,0
5.04284418049866,0
5.04310701512236,0
5.04336981067254,0
5.0436325742007,0
5.04389531198217,0
5.04415802924036,0
5.04442073038891,0
5.04468341909626,0
5.04494609850577,0
5.0452087709212,0
5.04547143831172,0
5.04573410294966,0
5.04599676541004,0
5.04625942792517,0
5.04652209118883,0
5.0467847558631,0
5.04704742279471,0
5.04731009225686,0
5.04757276548428,0
5.04783544233789,0
5.04809812350647,0
5.04836080878379,0
5.04862349911355,0
5.04888619395792,0
5.04914889428633,0
5.04941159937019,0
5.04967431019139,0
5.04993702629054,0
5.05,0
5.05019237029157,0
5.05045070696991,0
5.05071401328843,0
5.05097792264159,0
5.05124166117811,0
5.05150520466573,0
5.05176860952321,0
5.05203190083332,0
5.05229510124517,0
5.05255822704768,0
5.05282129154642,0
5.05308430638331,0
5.05334728042617,0
5.05361022136328,0
5.05387313528537,0
5.05413602797749,0
5.05439890330496,0
5.05466176584239,0
5.05492461859106,0
5.05518746334321,0
5.055450303034,0
5.0557131395611,0
5.05597597405775,0
5.05623880812289,0
5.05650164275222,0
5.05676447889563,0
5.05702731727311,0
5.05729015796224,0
5.05755300196222,0
5.05781584981234,0
5.05807870174564,0
5.05834155825773,0
5.0586044192676,0
5.05886728508283,0
5.05913015597736,0
5.05939303219107,0
5.05965591361997,0
5.05991880058072,0
5.06,0
5.06023194245189,0
5.0604896689525,0
5.06075206186354,0
5.0610157669739,0
5.06127962410488,0
5.06154341553452,0
5.06180710064423,0
5.0620706864956,0
5.06233418740219,0
5.06259761824685,0
5.06286099140195,0
5.06312431734824,0
5.06338760484197,0
5.06365086124342,0
5.0639140933719,0
5.0641773055222,0
5.06444050236543,0
5.06470368732676,0
5.06496686348205,0
5.06523003319579,0
5.06549319862183,0
5.06575636168673,0
5.06601952339523,0
5.06628268533697,0
5.06654584844887,0
5.06680901346745,0
5.06707218112597,0
5.06733535220189,0
5.06759852704373,0
5.06786170637814,0
5.06812488986772,0
5.0683880785056,0
5.06865127225776,0
5.06891447121843,0
5.06917767575703,0
5.06944088601311,0
5.06970410229348,0
5.06996732540741,0
5.07,0
5.07016337296297,0
5.07042162728239,0
5.07068354115798,0
5.07094811909796,0
5.07121233689393,0
5.07147641815021,0
5.07174033731719,0
5.0720041307316,0
5.07226781848535,0
5.07253142022791,0
5.07279495091109,0
5.07305842348944,0
5.07332184786106,0
5.07358523405986,0
5.07384858843478,0
5.07411191780782,0
5.0743752273121,0
5.07463852084651,0
5.07490180212163,0
5.07516507421403,0
5.07542833986943,0
5.07569160078286,0
5.07595485908208,0
5.07621811627422,0
5.07648137327686,0
5.07674463113992,0
5.07700789091921,0
5.07727115285751,0
5.0775344180915,0
5.07779768711695,0
5.07806096020602,0
5.07832423802579,0
5.07858752003782,0
5.07885080724364,0
5.07911409960534,0
5.07937739747943,0
5.07964070069694,0
5.07990400936432,0
5.08,0
5.08025893257027,0
5.08051693687092,0
5.08078045110625,0
5.08104448579981,0
5.08130866594126,0
5.08157277787119,0
5.08183679987538,0
5.08210073801895,0
5.08236460506559,0
5.08262841293666,0
5.0828921726015,0
5.08315589334541,0
5.08341958289089,0
5.08368324752416,0
5.08394689252379,0
5.08421052225334,0
5.08447414066257,0
5.08473775019183,0
5.08500135417223,0
5.08526495441623,0
5.08552855281671,0
5.08579215066568,0
5.08605574963063,0
5.08631935046415,0
5.08658295412348,0
5.08684656101268,0
5.08711017278494,0
5.08737378898569,0
5.08763741024788,0
5.08790103688361,0
5.08816466952128,0
5.08842830842609,0
5.08869195339165,0
5.08895560476651,0
5.08921926305713,0
5.08948292807037,0
5.08974659991375,0
5.09,0
5.09026498037655,0
5.09052716127267,0
5.09079026692852,0
5.09105383926415,0
5.09131749644,0
5.09158118913613,0
5.09184488271967,0
5.09210857496071,0
5.09237226437773,0
5.09263595215688,0
5.09289963897369,0
5.09316332504785,0
5.09342701188487,0
5.09369069927793,0
5.09395438826413,0
5.0942180788867,0
5.09448177165577,0
5.09474546686808,0
5.09500916484315,0
5.09527286564229,0
5.09553656916032,0
5.09580027635359,0
5.09606398682419,0
5.09632770080623,0
5.09659141835661,0
5.09685513929932,0
5.09711886377377,0
5.09738259227493,0
5.09764632478116,0
5.09791006099907,0
5.09817380099783,0
5.09843754499888,0
5.09870129310791,0
5.09896504537671,0
5.09922880120669,0
5.09949256108995,0
5.09975632533612,0
5.1,0
5.1002646313338,0
5.10052765079705,0
5.10079149908953,0
5.10105535803471,0
5.10131924883967,0
5.10158313324055,0
5.10184701033831,0
5.1021108806912,0
5.10237474563018,0
5.10263860732368,0
5.10290246707076,0
5.1031663261195,0
5.10343018599956,0
5.10369404708331,0
5.10395791039404,0
5.10422177638654,0
5.10448564577403,0
5.10474951872614,0
5.10501339588814,0
5.10527727720677,0
5.10554116325528,0
5.10580505394498,0
5.10606894975586,0
5.10633285084034,0
5.10659675733956,0
5.106860669449,0
5.10712458640007,0
5.10738850944646,0
5.10765243793741,0
5.10791637229926,0
5.10818031260866,0
5.10844425821016,0
5.1087082098806,0
5.10897216737281,0
5.10923613051925,0
5.10950009930509,0
5.1097640742078,0
5.11,0
5.1102642904881,0
5.11052748497924,0
5.11079156032972,0
5.11105565321795,0
5.11131976063714,0
5.11158385565725,0
5.11184793805601,0
5.11211201032344,0
5.11237607486975,0
5.11264013381891,0
5.11290418912231,0
5.11316824281002,0
5.11343229552261,0
5.11369634883228,0
5.11396040346886,0
5.11422446024072,0
5.11448851995294,0
5.1147525831933,0
5.11501664972079,0
5.11528072053632,0
5.11554479569998,0
5.11580887577995,0
5.1160729611908,0
5.11633705153116,0
5.11660114732924,0
5.11686524849581,0
5.11712935533665,0
5.11739346770072,0
5.11765758601261,0
5.11792171014017,0
5.11818583975898,0
5.11844997563544,0
5.11871411723426,0
5.11897826506741,0
5.1192424192725,0
5.1195065792556,0
5.11977074547407,0
5.12,0
5.12026457585454,0
5.12052778438006,0
5.12079208651497,0
5.12105640763731,0
5.12132074485801,0
5.12158506476134,0
5.12184936797238,0
5.12192487892002,0
5.12192487892012,0
5.12210955159101,0
5.1222942242619,0
5.12248035308395,0
5.12266781192047,0
5.12285670122844,0
5.12304696464609,0
5.12323862933484,0
5.12343182414878,0
5.12362650435468,0
5.1238227215398,0
5.12402047438857,0
5.12421991339133,0
5.12442096583443,0
5.12462370795046,0
5.12482813645144,0
5.12503441750579,0
5.12524252542134,0
5.12545248360174,0
5.12566432482022,0
5.12587816394567,0
5.12609411556444,0
5.12631216404547,0
5.12653234419194,0
5.12675473104404,0
5.12697938259518,0
5.12720648372656,0
5.12743612282205,0
5.12766839076411,0
5.12790323789063,0
5.12814082544667,0
5.1283812684941,0
5.12862466076793,0
5.12887116142991,0
5.12912095650239,0
5.12937422858555,0
5.12963115013088,0
5.12989191397416,0
5.13,0
5.13026996083508,0
5.13054148955273,0
5.13081725015381,0
5.13109807126143,0
5.13138444913652,0
5.13167683485691,0
5.13197560802588,0
5.13228140824871,0
5.13259502003409,0
5.13291742959496,0
5.1332504011567,0
5.13359635919307,0
5.13395679185202,0
5.1343356533813,0
5.13474228826507,0
5.13518855728486,0
5.1356988242752,0
5.13623105844411,0
5.13669706962498,0
5.13711315615969,0
5.13750360091371,0
5.1378782126807,0
5.13824345863524,0
5.138601005595,0
5.13895288964709,0
5.13930068249011,0
5.13964406024035,0
5.14,0
5.14033842712104,0
5.1406751232554,0
5.14100851362909,0
5.1413405427608,0
5.14167101482254,0
5.14177663846025,0
5.14188226209797,0
5.14191093546314,0
5.14193960882831,0
5.14197371952977,0
5.14214427303705,0
5.14244743313397,0
5.14275145727501,0
5.14305708580094,0
5.14336332936558,0
5.14367013650056,0
5.14397750759259,0
5.14428545285681,0
5.14459398329267,0
5.14490310864042,0
5.14521283750692,0
5.14552317857393,0
5.14583413829212,0
5.14614572237783,0
5.14645793565503,0
5.14677078197527,0
5.14708426448691,0
5.14739838541331,0
5.14771314678631,0
5.14802854954975,0
5.14834459397674,0
5.14866127946828,0
5.14897860516884,0
5.14929656994421,0
5.14961517084097,0
5.14993440468019,0
5.15,0
5.15032173497855,0
5.15064006116211,0
5.15096128736439,0
5.1512832462768,0
5.15160584416368,0
5.15192904733482,0
5.15225284720762,0
5.15257723753817,0
5.1529022121324,0
5.15322776392667,0
5.15355388624854,0
5.15388057264533,0
5.1542078152067,0
5.15453560679686,0
5.1548639407503,0
5.15519280883386,0
5.15552220315381,0
5.15585211575274,0
5.15618253937688,0
5.1565134657283,0
5.15684488764601,0
5.1571767961881,0
5.15750918376285,0
5.15784204289355,0
5.15817536516233,0
5.15850914269184,0
5.1588433678879,0
5.15917803282078,0
5.1595131300223,0
5.1598486521233,0
5.16,0
5.16033723880744,0
5.1606717325915,0
5.1610086714617,0
5.16134609884497,0
5.16168393865888,0
5.16202215533784,0
5.162360739565,0
5.16269968448349,0
5.16303898414975,0
5.16337863219887,0
5.16371862338654,0
5.16405895080129,0
5.16439960991671,0
5.16474059514641,0
5.16508190142807,0
5.16542352326331,0
5.16576545667985,0
5.16610769607212,0
5.16645023739495,0
5.16679307585894,0
5.16713620773268,0
5.16747962826576,0
5.16782333358296,0
5.16816732050913,0
5.16851158438937,0
5.16885612254574,0
5.16920093087776,0
5.16954600704958,0
5.16989134777888,0
5.17,0
5.17034704702191,0
5.17069016166377,0
5.17103636597269,0
5.17138294953389,0
5.17172982172545,0
5.17207693708715,0
5.17242429154746,0
5.17277188088306,0
5.17311970402956,0
5.17346775883566,0
5.17381604404412,0
5.17416455758828,0
5.17451329918071,0
5.1748622663286,0
5.17521145895776,0
5.1755608750935,0
5.17591051378011,0
5.17626037419572,0
5.17661045477712,0
5.17696075520687,0
5.17731127473334,0
5.17766201218844,0
5.17801296703652,0
5.17836413841892,0
5.17871552515377,0
5.17906712738785,0
5.17941894463701,0
5.179770976673,0
5.18,0
5.18035308990911,0
5.18070417175307,0
5.18105700619661,0
5.18141011737873,0
5.18176346143165,0
5.18211701437323,0
5.18247077390495,0
5.18282474085835,0
5.18317891449942,0
5.18353329466841,0
5.18388788177348,0
5.18424267540002,0
5.18459767614622,0
5.18495288441643,0
5.18530830003821,0
5.18566392256177,0
5.18601975242021,0
5.18637579021796,0
5.18673203596305,0
5.18708848974038,0
5.18744515205978,0
5.18780202237867,0
5.18815910178709,0
5.18851638999768,0
5.18887388654167,0
5.18923159285987,0
5.18958950854006,0
5.18994763398585,0
5.19,0
5.19026183007074,0
5.19061711011673,0
5.1909745718598,0
5.19133365476868,0
5.19169305256147,0
5.1920526756396,0
5.19241249990889,0
5.19277252417508,0
5.19313274900086,0
5.19349317469867,0
5.19385380135079,0
5.1942146304408,0
5.19457566243982,0
5.19493689925822,0
5.19529833979446,0
5.19565998586914,0
5.19602183738349,0
5.19638389621034,0
5.19674616147061,0
5.19710863481423,0
5.19747131651252,0
5.19783420684718,0
5.19819730699663,0
5.19856061709086,0
5.19892413848001,0
5.19928787110411,0
5.19965181560498,0
5.2,0
5.20036445416212,0
5.20072882557139,0
5.20109362014712,0
5.20145863683571,0
5.20182387048383,0
5.20218931934516,0
5.20255498375499,0
5.20292086307385,0
5.20328695864063,0
5.20365327023509,0
5.20401979931409,0
5.20438654547625,0
5.20475350999215,0
5.20512069253814,0
5.2054880933418,0
5.20585571342872,0
5.20622355330598,0
5.2065916130693,0
5.20695989364017,0
5.20732839351363,0
5.2076971147572,0
5.20806605804969,0
5.20843522339237,0
5.20880461118957,0
5.20917422103712,0
5.20954405382513,0
5.20991411041643,0
5.21,0
5.21037199723191,0
5.21073892927384,0
5.21110975707061,0
5.2114809446079,0
5.2118524064715,0
5.21222408721636,0
5.21259598397851,0
5.21296809579225,0
5.21334042412473,0
5.21371296861147,0
5.21408573070966,0
5.21445871040145,0
5.21483190960561,0
5.215205329203,0
5.21557896852166,0
5.21595282861857,0
5.21632691024947,0
5.21670121455934,0
5.21707574189844,0
5.21745049267077,0
5.21782546784951,0
5.21820066838678,0
5.21857609371961,0
5.2189517440464,0
5.21932762206581,0
5.2197037264274,0
5.22,0
5.2203769970672,0
5.22075269756027,0
5.22112970002975,0
5.22150696650204,0
5.22188447676783,0
5.22226221436084,0
5.22264017938489,0
5.22301837123922,0
5.22339679211948,0
5.22377544022502,0
5.22415431780159,0
5.22453342423402,0
5.22491276157789,0
5.22529232931784,0
5.22567212839708,0
5.22605215884062,0
5.22643242205643,0
5.22681291814786,0
5.22719364751088,0
5.22757460994373,0
5.22795580689662,0
5.22833723855516,0
5.22871890521671,0
5.22910080735647,0
5.22948294627701,0
5.22986532045336,0
5.23,0
5.2303842574759,0
5.23076394240004,0
5.23114718495381,0
5.23153077360826,0
5.23191464473853,0
5.23229874730512,0
5.23268307883029,0
5.23306763946572,0
5.23345242932269,0
5.23383745047474,0
5.23422270159914,0
5.23460818528578,0
5.23499390187752,0
5.23537985172349,0
5.23576603668069,0
5.23615245585636,0
5.2365391119039,0
5.23692600378366,0
5.23731313219294,0
5.23770049912929,0
5.23808810466982,0
5.23847594839587,0
5.23886403174765,0
5.23925235591179,0
5.23964092026687,0
5.24,0
5.24038921541488,0
5.24077808977399,0
5.24116762154405,0
5.24155740789387,0
5.24194744381107,0
5.24233772322884,0
5.24272824487576,0
5.24311901055048,0
5.24351002006589,0
5.24390127394333,0
5.24429277365886,0
5.2446845191819,0
5.24507651047011,0
5.24546874829759,0
5.24586123343706,0
5.24625396585546,0
5.24664694637777,0
5.24704017494136,0
5.24743365334918,0
5.24782738088446,0
5.24822135711234,0
5.24861558402535,0
5.24901006203282,0
5.24940479026169,0
5.24979976933328,0
5.25,0
5.25039660728792,0
5.25078959204821,0
5.25118554061647,0
5.25158182088827,0
5.25197838923552,0
5.25237520415483,0
5.25277226329283,0
5.25316956725094,0
5.25356711629831,0
5.25396491208949,0
5.25436295372284,0
5.25476124348598,0
5.25515978160293,0
5.25555856875647,0
5.25595760589911,0
5.25635689383166,0
5.256756432209,0
5.25715622299428,0
5.25755626606036,0
5.25795656242149,0
5.25835711161006,0
5.25875791552243,0
5.2591589735229,0
5.25956028698113,0
5.26,0
5.26040160376013,0
5.2608042351751,0
5.26120657214569,0
5.26160915306493,0
5.26201198564327,0
5.26241507975137,0
5.26281843565498,0
5.26322205314043,0
5.26362593338256,0
5.26403007699258,0
5.26443448332769,0
5.2648391533585,0
5.26524408843169,0
5.26564928701711,0
5.26605474960996,0
5.2664604775571,0
5.26686647140632,0
5.26727272936197,0
5.2676792540521,0
5.26808604398367,0
5.26849310036385,0
5.26890042376025,0
5.2693080141342,0
5.26971587212155,0
5.27,0
5.27040913140953,0
5.27081599239155,0
5.27122491542725,0
5.27163415090777,0
5.27204367879971,0
5.27245346994185,0
5.2728635237243,0
5.27327383926261,0
5.27368441804909,0
5.27409526112453,0
5.27450636845481,0
5.2749177408384,0
5.27532937900618,0
5.27574128275047,0
5.2761534539141,0
5.27656589193413,0
5.27697859676372,0
5.277391570561,0
5.27780481399768,0
5.27821832622695,0
5.27863210783587,0
5.27904616047377,0
5.27946048375015,0
5.27987507884498,0
5.28,0
5.28041690565173,0
5.28082807068835,0
5.28124370122574,0
5.28165970895038,0
5.28207604492371,0
5.28249264431407,0
5.28290950213764,0
5.28332662063571,0
5.28374400004952,0
5.28416164093764,0
5.28457954519177,0
5.28499771306785,0
5.28541614605351,0
5.28583484531996,0
5.28625381205534,0
5.28667304580407,0
5.28709254937316,0
5.28751232254999,0
5.28793236654918,0
5.28835268174216,0
5.2887732686321,0
5.2891941300263,0
5.28961526528941,0
5.29,0
5.29042191025767,0
5.29084332356544,0
5.29126556574698,0
5.29168809662097,0
5.29211091328194,0
5.29253400627714,0
5.29295737701656,0
5.29338102393123,0
5.29380494910539,0
5.29422915367522,0
5.29465363693082,0
5.29507840034795,0
5.29550344453221,0
5.29592876982287,0
5.29635437626177,0
5.29678026491175,0
5.29720643764169,0
5.29763289278745,0
5.29805963217905,0
5.2984866568863,0
5.29891396645656,0
5.29934156205141,0
5.29976944332942,0
5.3,0
5.30042968962706,0
5.30085545325073,0
5.30128448222507,0
5.30171386255219,0
5.30214357089304,0
5.30257355724864,0
5.30300382128475,0
5.30343436161372,0
5.30386518123284,0
5.30429628053098,0
5.30472765988164,0
5.30515932123104,0
5.30559126419531,0
5.30602349205232,0
5.3064560031554,0
5.30688879929988,0
5.30732188128744,0
5.30775525086876,0
5.30818890686541,0
5.30862285111722,0
5.30905708468095,0
5.30949160827121,0
5.30992642110924,0
5.31,0
5.3103678944538,0
5.31079851459215,0
5.31123331577034,0
5.31166961094253,0
5.31210629662469,0
5.3125432763162,0
5.31298052920474,0
5.31341805418342,0
5.3138558526978,0
5.31429392748305,0
5.31473227901158,0
5.31517090896626,0
5.31560981829207,0
5.31604900993955,0
5.31648848534863,0
5.31692824510103,0
5.31736828971311,0
5.31780862167213,0
5.31824924238204,0
5.3186901524845,0
5.31913135304476,0
5.3195728459482,0
5.32,0
5.32044217311911,0
5.32088431975773,0
5.32132699307877,0
5.32176996657321,0
5.32221324151859,0
5.32265681283205,0
5.32310068187276,0
5.3235448503501,0
5.32398931828483,0
5.32443408636449,0
5.32487915412899,0
5.32532452583236,0
5.32577019976356,0
5.32621617659535,0
5.3266624573511,0
5.32710904222166,0
5.32755593246817,0
5.32800312891089,0
5.32845063118063,0
5.32889844019148,0
5.32934655826504,0
5.3297949840459,0
5.33,0
5.33045064404945,0
5.33089617886223,0
5.33134585975056,0
5.33179591734331,0
5.33224633570471,0
5.3326970521477,0
5.33314806432614,0
5.33359937210053,0
5.33405097639716,0
5.33450287814371,0
5.33495507936138,0
5.33540758177424,0
5.33586038645346,0
5.33631349337225,0
5.33676690364013,0
5.3372206194284,0
5.33767464287908,0
5.33812897193022,0
5.33858361031547,0
5.33903855734471,0
5.33949381524794,0
5.3399493830005,0
5.34,0
5.3402530849975,0
5.34070452943432,0
5.34115784941429,0
5.3416149112593,0
5.34207243733822,0
5.34253031194805,0
5.3429884747739,0
5.3434469230966,0
5.34390565921696,0
5.34436468506416,0
5.34482400102733,0
5.34528361138314,0
5.34574351864447,0
5.34620372281138,0
5.34666422781482,0
5.3471250338929,0
5.34758614344403,0
5.34804755840781,0
5.34850927948845,0
5.34897130934193,0
5.34943364945138,0
5.3498962995905,0
5.35,0
5.35046564384906,0
5.35092347161673,0
5.35138739393877,0
5.3518517262377,0
5.35231645365148,0
5.35278147850173,0
5.35324680051988,0
5.35371241737085,0
5.35417833223642,0
5.35464454797301,0
5.35511106648579,0
5.35557788940278,0
5.35604501982138,0
5.35651245875449,0
5.35698020794914,0
5.35744826959737,0
5.35791664471284,0
5.35838533622045,0
5.35885434465247,0
5.35932366993107,0
5.35979331623659,0
5.36,0
5.36047210309726,0
5.36093842774902,0
5.36140941892052,0
5.36188079630312,0
5.36235255852359,0
5.36282462989819,0
5.36329701010999,0
5.36376969841699,0
5.36424269801569,0
5.36471601055064,0
5.36518963757377,0
5.36566358197748,0
5.36613784424395,0
5.36661242741056,0
5.3670873325797,0
5.3675625616945,0
5.36803811719609,0
5.3685139987816,0
5.36899020821853,0
5.36946674705604,0
5.36994361603725,0
5.37,0
5.37028191981373,0
5.37075422647994,0
5.37122895558927,0
5.37170747647423,0
5.37218648199766,0
5.37266585354587,0
5.373145529465,0
5.37362550763524,0
5.37410578994093,0
5.37458637828335,0
5.37506727633325,0
5.3755484874271,0
5.37603001419879,0
5.37651185779924,0
5.37699402223894,0
5.37747650925669,0
5.37795932007301,0
5.37844245671807,0
5.37892592190946,0
5.37940971609389,0
5.3798938433018,0
5.38,0
5.38048712793888,0
5.38096595344551,0
5.38145147577793,0
5.38193742320539,0
5.3824237988167,0
5.38291048869352,0
5.38339749221318,0
5.38388481084391,0
5.38437244640665,0
5.38486039993582,0
5.3853486769266,0
5.38583727892467,0
5.38632620737713,0
5.38681546659011,0
5.38730505733613,0
5.38779498210768,0
5.3882852434089,0
5.38877584183499,0
5.38926677951418,0
5.38975805946084,0
5.39,0
5.39049377041523,0
5.39098185297011,0
5.39147460246531,0
5.39196774664637,0
5.39246129727683,0
5.39295517910715,0
5.39344939142456,0
5.39394393400573,0
5.39443880888669,0
5.39493401917441,0
5.39542956625358,0
5.39592545383389,0
5.39642168372533,0
5.39691825844509,0
5.3974151773288,0
5.39791244452624,0
5.39841006000211,0
5.39890802696852,0
5.39940634661406,0
5.39990502005582,0
5.4,0
5.40047489972088,0
5.40096792704862,0
5.40146760763634,0
5.40196821944717,0
5.40246929391827,0
5.40297070734287,0
5.40347244864525,0
5.40397451937358,0
5.40447692118875,0
5.4049796579083,0
5.40548273274604,0
5.40598614659363,0
5.40648990254641,0
5.40699400382099,0
5.40749845271351,0
5.40800325205674,0
5.40850840212321,0
5.40901390681148,0
5.40951976633465,0
5.41,0
5.41050677008247,0
5.41101325450297,0
5.41152057552814,0
5.41202826638918,0
5.41253632823344,0
5.41304475476808,0
5.4135535497574,0
5.41406270923684,0
5.41457223660957,0
5.41508213446358,0
5.41559240392209,0
5.41610304425751,0
5.416614056492,0
5.417125444461,0
5.4176372085765,0
5.4181493481958,0
5.41866186818436,0
5.41917476340911,0
5.41968804063239,0
5.42,0
5.42051555070464,0
5.42102641907826,0
5.42154133345019,0
5.42205665670054,0
5.42257241419198,0
5.42308853545505,0
5.42360502009657,0
5.42412187261378,0
5.42463909096657,0
5.42515667926649,0
5.42567463682494,0
5.42619296599747,0
5.42671167135711,0
5.42723075348291,0
5.42775021328499,0
5.42827005185812,0
5.42879027053488,0
5.42931087151497,0
5.42983185379923,0
5.43,0
5.43052441028917,0
5.43104026885463,0
5.43156294169055,0
5.43208604898819,0
5.43260963598153,0
5.43313357944019,0
5.43365788041211,0
5.43418254049795,0
5.43470756008683,0
5.43523294416338,0
5.43575869277776,0
5.43628481271165,0
5.43681130237877,0
5.43733816582078,0
5.43786540685699,0
5.43839302737763,0
5.43892102890561,0
5.43944941620949,0
5.44,0
5.44052899036423,0
5.44105893360669,0
5.44158884980929,0
5.44211915479952,0
5.44264984948923,0
5.44318094212269,0
5.44371243407172,0
5.44424432623167,0
5.44477662173378,0
5.44530931801628,0
5.44584242320847,0
5.44637593336276,0
5.44690984649832,0
5.44744416772922,0
5.44797889742733,0
5.44851403546733,0
5.44904958159045,0
5.44958553698724,0
5.45,0
5.4505377378176,0
5.45107269639624,0
5.45161040085724,0
5.45214852663554,0
5.45268709548023,0
5.45322606616416,0
5.45376543536903,0
5.45430520833909,0
5.45484538230257,0
5.45538595857319,0
5.45592694361506,0
5.45646833381302,0
5.45701013216365,0
5.45755234134102,0
5.45809496013891,0
5.45863799235627,0
5.45918143795931,0
5.45972529931457,0
5.46,0
5.46054683230598,0
5.46108695407762,0
5.46163266310537,0
5.46217881509066,0
5.46272545993394,0
5.46327249200156,0
5.46381991656413,0
5.4643677330409,0
5.46491594120198,0
5.46546454842214,0
5.46601355247435,0
5.46656296247884,0
5.46711277690343,0
5.46766299688171,0
5.46821362844353,0
5.46876467029136,0
5.46931612713925,0
5.46986800272028,0
5.47,0
5.4705563924862,0
5.47110167030181,0
5.4716554535589,0
5.47220968751223,0
5.47276446005834,0
5.47331961284143,0
5.47387514869206,0
5.47443106471964,0
5.47498736577615,0
5.47554405897282,0
5.47610114855278,0
5.47665863289396,0
5.47721652331414,0
5.47777481634424,0
5.47833351636226,0
5.47889263240984,0
5.47945216341147,0
5.48,0
5.48056046366664,0
5.48112102192381,0
5.48168225238059,0
5.48224390964694,0
5.48280599992212,0
5.48336852012571,0
5.48393147145992,0
5.48449485649915,0
5.4850586777026,0
5.48562293413721,0
5.48618762871959,0
5.48675276184833,0
5.4873183357116,0
5.48788435330669,0
5.48845081781667,0
5.48901772332706,0
5.48958508051508,0
5.49,0
5.49056951157346,0
5.4911352737222,0
5.49170458619652,0
5.4922743477703,0
5.49284460289726,0
5.49341529001952,0
5.49398641002686,0
5.49455796469654,0
5.4951299571725,0
5.49570238814028,0
5.49627525683305,0
5.49684856891013,0
5.4974223277377,0
5.49799653523711,0
5.4985711931518,0
5.49914629710015,0
5.49972185426381,0
5.5,0
5.50057899322321,0
5.50115013267463,0
5.50172777343753,0
5.5023058736759,0
5.50288451808259,0
5.50346358485232,0
5.50404307645328,0
5.50462299178236,0
5.50520332969621,0
5.50578409784739,0
5.50636530265921,0
5.50694694539646,0
5.50752902859743,0
5.50811155626704,0
5.50869453728974,0
5.50927796638883,0
5.50986184755796,0
5.51,0
5.51058794616176,0
5.51116445266844,0
5.51175047304524,0
5.51233697890915,0
5.51292408245695,0
5.5135115962145,0
5.5140995224624,0
5.5146878611476,0
5.51527661151571,0
5.51586579130716,0
5.51645539617987,0
5.51704543378079,0
5.51763591343073,0
5.51822683465632,0
5.51881820445046,0
5.51941002349105,0
5.52,0
5.52059275416369,0
5.52118590179386,0
5.52177956299847,0
5.52237368873839,0
5.52296828895034,0
5.52356336119905,0
5.52415890383806,0
5.52475492426306,0
5.52535142554254,0
5.52594840497692,0
5.52654586718576,0
5.52714381450371,0
5.52774225159946,0
5.5283411758254,0
5.52894058620773,0
5.52954048882615,0
5.53,0
5.53060212446527,0
5.53120066115232,0
5.53180271641712,0
5.53240526378907,0
5.5330083514775,0
5.53361191285543,0
5.53421595107581,0
5.53482046425489,0
5.53542546130269,0
5.5360309434732,0
5.53663691272798,0
5.53724337143337,0
5.53785031568921,0
5.53845775402664,0
5.53906569213837,0
5.53967412448502,0
5.54,0
5.54061197932886,0
5.5412161350517,0
5.54182689264235,0
5.54243813596791,0
5.54304997428344,0
5.543662270176,0
5.54427503165078,0
5.54488825549182,0
5.54550195249856,0
5.54611612438938,0
5.54673077524498,0
5.54734590778082,0
5.5479615269596,0
5.54857763603359,0
5.54919423760511,0
5.54981133474529,0
5.55,0
5.55062229940291,0
5.5512320682445,0
5.55185161412114,0
5.55247163183713,0
5.55309230757877,0
5.5537134203337,0
5.55433498713077,0
5.55495700031152,0
5.55557947436454,0
5.55620241145409,0
5.55682582337349,0
5.55744970678959,0
5.55807407724822,0
5.55869893603123,0
5.55932428638613,0
5.56,0
5.56062589802545,0
5.56125380389317,0
5.56188107954108,0
5.56250887707975,0
5.56313717439019,0
5.56376600203206,0
5.56439536460118,0
5.56502526138207,0
5.56565569388349,0
5.56628666324849,0
5.56691817570811,0
5.56755022868344,0
5.56818282585495,0
5.56881596610625,0
5.56944965140722,0
5.57,0
5.57063555574685,0
5.57126910774944,0
5.57190512288651,0
5.57254167839713,0
5.57317880610863,0
5.57381647103775,0
5.57445467272589,0
5.57509341429394,0
5.57573269740114,0
5.57637252260095,0
5.57701289583628,0
5.57765381957413,0
5.5782952935075,0
5.57893731314865,0
5.57957988660139,0
5.58,0
5.58064578034582,0
5.58128524109283,0
5.5819303715873,0
5.5825760251667,0
5.58322231412936,0
5.58386911770518,0
5.58451644180517,0
5.58516428953368,0
5.58581266252009,0
5.58646157107341,0
5.58711101704197,0
5.58776099707183,0
5.58841152222345,0
5.58906259613039,0
5.58971421990396,0
5.59,0
5.59065619406323,0
5.59130155727483,0
5.59195590035271,0
5.59261075492901,0
5.5932662968495,0
5.59392233436882,0
5.59457887531071,0
5.59523592256173,0
5.59589348056539,0
5.59655155819156,0
5.59721015628499,0
5.5978692912369,0
5.59852896225751,0
5.59918917864496,0
5.59984994048882,0
5.6,0
5.60066692285996,0
5.60131818848707,0
5.60198180763922,0
5.60264590845696,0
5.60331076477407,0
5.60397610063846,0
5.60464192085073,0
5.60530822834371,0
5.6059750335413,0
5.60664234689851,0
5.60731017872844,0
5.60797853741392,0
5.60864743057327,0
5.60931686243047,0
5.61,0
5.61067040554439,0
5.61134179319232,0
5.61201343324105,0
5.61268564746612,0
5.61335842888125,0
5.61403180143026,0
5.6147057567808,0
5.6153803074515,0
5.61605545167425,0
5.61673119482456,0
5.6174075377223,0
5.61808448916255,0
5.6187620427476,0
5.61944020489586,0
5.62,0
5.62068056021239,0
5.62135788453193,0
5.62203873081324,0
5.62272016358895,0
5.62340225825095,0
5.62408494669908,0
5.62476823124658,0
5.6254521120404,0
5.62613659124504,0
5.62682167668621,0
5.62750736980882,0
5.62819367527394,0
5.62888059466783,0
5.6295681302407,0
5.63,0
5.63069134803746,0
5.63137492578941,0
5.63206541896796,0
5.63275646467367,0
5.63344824098008,0
5.63414058131887,0
5.63483350054079,0
5.6355270010407,0
5.63622108263895,0
5.63691575319096,0
5.63761102400879,0
5.63830689761973,0
5.63900338239428,0
5.63970047930764,0
5.64,0
5.64070244339823,0
5.64139226969264,0
5.64209252779538,0
5.64279330691738,0
5.64349488194839,0
5.64419699279439,0
5.64489965361238,0
5.64560287367915,0
5.64630666472232,0
5.64701103719923,0
5.64771598582766,0
5.64842152907596,0
5.64912767787426,0
5.64983443790419,0
5.65,0
5.65071415883801,0
5.6514102322085,0
5.65212033446085,0
5.65283090980098,0
5.65354234065997,0
5.65425429184142,0
5.65496677482237,0
5.65567979474241,0
5.6563933705827,0
5.65710751058748,0
5.65782222406799,0
5.65853753020482,0
5.65925343550516,0
5.66,0
5.66071682171911,0
5.66143528348196,0
5.66215359436738,0
5.66287255780417,0
5.66359215721868,0
5.66431241718382,0
5.66503334488199,0
5.66575494332258,0
5.66647722298583,0
5.66720018202746,0
5.66792381515638,0
5.66864814316171,0
5.66937315900286,0
5.67,0
5.67072744174472,0
5.67145217224856,0
5.67218020519805,0
5.67290888836056,0
5.67363831694126,0
5.67436841976902,0
5.67509919745945,0
5.67583065631928,0
5.67656280400764,0
5.67729563504354,0
5.67802916343325,0
5.67876338843861,0
5.67949830838999,0
5.68,0
5.68073882853546,0
5.68147023054185,0
5.6822085069299,0
5.68294739667176,0
5.68368709707292,0
5.68442743989838,0
5.68516843449113,0
5.68591008692268,0
5.68665240807773,0
5.6873954021959,0
5.68813907438191,0
5.68888343199782,0
5.68962848268793,0
5.69,0
5.69075046089411,0
5.69148851848314,0
5.69223718894571,0
5.69298642048862,0
5.69373652439154,0
5.69448724133595,0
5.69523858476934,0
5.69599055914155,0
5.69674317410481,0
5.69749644293184,0
5.69825037977245,0
5.69900499541291,0
5.6997602880023,0
5.7,0
5.70076237416773,0
5.70150709541018,0
5.70226624138541,0
5.70302589358976,0
5.70378649419506,0
5.7045476772759,0
5.70530944820403,0
5.70607182195049,0
5.7068348203048,0
5.70759845405503,0
5.70836274380304,0
5.70912770474863,0
5.7098933435956,0
5.71,0
5.71053328202202,0
5.71128730220687,0
5.71205031346923,0
5.71282052113624,0
5.71359168120212,0
5.71436354554432,0
5.71513594472609,0
5.71590889434024,0
5.71668240971728,0
5.71745651435379,0
5.71823124215703,0
5.71900660053782,0
5.71978261316785,0
5.72,0
5.72078338497573,0
5.72154740470149,0
5.72232737484944,0
5.72310781411219,0
5.72388923489498,0
5.72467121397233,0
5.72545377976497,0
5.72623694375826,0
5.72702073061719,0
5.72780515777758,0
5.72859025108688,0
5.72937603458802,0
5.73,0
5.73078904485454,0
5.73157281081222,0
5.73236194930997,0
5.73315173728782,0
5.73394234857949,0
5.73473366556678,0
5.73552570425242,0
5.73631846615417,0
5.73711196784406,0
5.73790622494908,0
5.73870124750112,0
5.73949704018596,0
5.74,0
5.7408007389527,0
5.74159132815217,0
5.74239110398624,0
5.74319151319249,0
5.74399285963295,0
5.74479491126854,0
5.74559768552174,0
5.7464011929664,0
5.74720544773987,0
5.74801045528327,0
5.74881623157221,0
5.74962279392441,0
5.75,0
5.75081335903631,0
5.75161112184487,0
5.75242202317007,0
5.7532334841662,0
5.75404596812274,0
5.75485912947123,0
5.75567298167939,0
5.75648753278199,0
5.75730281040584,0
5.75811883069867,0
5.75893560524174,0
5.75975315700793,0
5.76,0
5.76082568145754,0
5.76163060539042,0
5.76245277107433,0
5.7632754238589,0
5.76409919485725,0
5.76492358761236,0
5.76574864375669,0
5.76657436851191,0
5.76740080128976,0
5.76822795426736,0
5.7690558547076,0
5.76988451535437,0
5.77,0
5.77057742322817,0
5.77139255437938,0
5.77221828934156,0
5.77305238119783,0
5.77388754570161,0
5.77472348834409,0
5.77556000749596,0
5.77639713043142,0
5.7772348801468,0
5.7780732918412,0
5.7789124031137,0
5.77975223211547,0
5.78,0
5.78084893783287,0
5.78167513771196,0
5.78251971129524,0
5.78336468878499,0
5.78421079373775,0
5.78505750776636,0
5.78590487599315,0
5.78675291141664,0
5.78760165435659,0
5.78845112497267,0
5.78930135957011,0
5.79,0
5.79085369573213,0
5.79170217941159,0
5.79255622684923,0
5.7934109953649,0
5.79426671426221,0
5.79512324628619,0
5.79598060505646,0
5.79683880322989,0
5.79769786529408,0
5.79855780338299,0
5.79941862899389,0
5.8,0
5.80086615756033,0
5.80172198049756,0
5.80258743692746,0
5.80345359533348,0
5.80432082759327,0
5.80518887030786,0
5.80605775964784,0
5.80692749852861,0
5.80779810496029,0
5.80866959474285,0
5.80954197238089,0
5.81,0
5.81087946613752,0
5.81174305196122,0
5.81262053104882,0
5.81349860822732,0
5.81437785019522,0
5.81525786364943,0
5.81613867375349,0
5.81702030055025,0
5.81790276894144,0
5.81878610670666,0
5.81967031992994,0
5.82,0
5.82089330567038,0
5.82176464582395,0
5.82265432886993,0
5.82354449737301,0
5.82443592502101,0
5.8253280714817,0
5.82622096624608,0
5.82711464148752,0
5.82800912341548,0
5.8289044472458,0
5.82980062746513,0
5.83,0
5.83090800144642,0
5.83178710005743,0
5.8326891125535,0
5.83359146572164,0
5.83449518217149,0
5.83539955162291,0
5.83630464558552,0
5.83721047060697,0
5.83811707300039,0
5.83902450187261,0
5.84,0
5.84090828179547,0
5.84182030372734,0
5.84273098988685,0
5.8436427049604,0
5.84455537556188,0
5.84546907778961,0
5.84638384050295,0
5.84729964535607,0
5.84821652358834,0
5.84913447477428,0
5.85,0
5.85092083098519,0
5.85184047950858,0
5.85276302583311,0
5.85368661660938,0
5.85461133747811,0
5.85553712900072,0
5.85646400619168,0
5.85739196726107,0
5.85832102545477,0
5.85925118330374,0
5.86,0
5.8609348238059,0
5.86186292062601,0
5.86279832709659,0
5.86373465501195,0
5.8646721946174,0
5.86561075269543,0
5.86655034874624,0
5.86749099750879,0
5.86843270930818,0
5.86937549155237,0
5.87,0
5.87094933180691,0
5.8718858863136,0
5.8728344481482,0
5.87378375289464,0
5.87473437760392,0
5.87568593695782,0
5.87663846996444,0
5.87759198787692,0
5.87854651872788,0
5.87950209528167,0
5.88,0
5.88096401163526,0
5.8819090213295,0
5.88287086071526,0
5.88383328795719,0
5.88479710190643,0
5.88576177540075,0
5.88672735511408,0
5.88769388290796,0
5.88866138964583,0
5.8896298995885,0
5.89,0
5.89097947038079,0
5.89193295623799,0
5.89290819547294,0
5.89388383379595,0
5.89486097181797,0
5.89583889462262,0
5.89681766524373,0
5.8977973177264,0
5.89877790924396,0
5.89975947744514,0
5.9,0
5.90099540431099,0
5.90195735796935,0
5.90294612463509,0
5.90393507787707,0
5.90492564673852,0
5.90591692158517,0
5.9069090029663,0
5.90790192039614,0
5.90889572945211,0
5.90989049191257,0
5.91,0
5.91054754043716,0
5.91152432344118,0
5.9125101777619,0
5.91351301904881,0
5.91451714925564,0
5.91552241099602,0
5.91652826261631,0
5.91753479441212,0
5.91854206698557,0
5.91955014884251,0
5.92,0
5.92101825036597,0
5.92201164310992,0
5.92302628736605,0
5.92404124421497,0
5.92505767031398,0
5.92607486346263,0
5.92709291096848,0
5.92811186795487,0
5.92913178594212,0
5.93,0
5.93102426011389,0
5.93204252752724,0
5.93306768062458,0
5.9340937821024,0
5.93512119112848,0
5.93614972096382,0
5.93717940341977,0
5.93821028322751,0
5.9392423737264,0
5.94,0
5.9410386867982,0
5.9420657169529,0
5.94310442742021,0
5.94414402115455,0
5.94518511169501,0
5.94622732056815,0
5.94727070821146,0
5.94831530579652,0
5.94936111536532,0
5.95,0
5.95105456698038,0
5.95209097521519,0
5.95314415488563,0
5.95419802136511,0
5.95525349168154,0
5.95631000558647,0
5.95736761549513,0
5.95842635960327,0
5.95948630371743,0
5.96,0
5.96107079220603,0
5.96211655747732,0
5.96318446208963,0
5.96425282530844,0
5.96532289728993,0
5.96639390929003,0
5.96746594020708,0
5.96853904825677,0
5.96961328852075,0
5.97,0
5.97108739979912,0
5.97214254812826,0
5.97322534377102,0
5.97430832330192,0
5.97539315066364,0
5.9764787937873,0
5.97756540074061,0
5.97865299639613,0
5.9797416710252,0
5.98,0
5.98110688981731,0
5.98217138715235,0
5.9832692881502,0
5.98436701654431,0
5.98546673231756,0
5.98656715597479,0
5.98766846540825,0
5.98877069527972,0
5.9898739713247,0
5.99,0
5.9906301433765,0
5.99171143007303,0
5.99280500278232,0
5.993918450138,0
5.99503330539601,0
5.99614941701871,0
5.99726608742007,0
5.99838348967129,0
5.99950168620959,0
6,0
6.00113015036622,0
6.00223026547833,0
6.00335655878412,0
6.00448293516785,0
6.00561109810369,0
6.00674003827575,0
6.00786995108764,0
6.00900086891589,0
6.01,0
6.01113540548492,0
6.01226537991612,0
6.01340225429095,0
6.01454027909112,0
6.01567984119736,0
6.01682075116108,0
6.0179630914692,0
6.01910688720927,0
6.02,0
6.02115099949378,0
6.02229057724594,0
6.02344230751076,0
6.02459511021148,0
6.0257497010519,0
6.02690566837026,0
6.02806308453597,0
6.02922198307369,0
6.03,0
6.03116834479479,0
6.03231840485942,0
6.03348621149988,0
6.03465481654146,0
6.03582533951038,0
6.03699708842957,0
6.03817021005144,0
6.03934476001308,0
6.04,0
6.04118624037635,0
6.04234673624774,0
6.04353094862753,0
6.04471564103957,0
6.04590237850076,0
6.04709021495476,0
6.04827932453862,0
6.04946973263653,0
6.05,0
6.0512047709779,0
6.05237571831027,0
6.05357656822197,0
6.05477749833168,0
6.05598059776981,0
6.05718466354821,0
6.05838992118221,0
6.05959636838536,0
6.06,0
6.06122429716648,0
6.06240575212385,0
6.06362342708914,0
6.06484078549689,0
6.06606042398389,0
6.06728088474061,0
6.0685023841811,0
6.06972500954964,0
6.07,0
6.07124731303225,0
6.07243919989614,0
6.07367399246672,0
6.07490788891791,0
6.07614424354882,0
6.07738124580401,0
6.07861916546061,0
6.0798581804981,0
6.08,0
6.0807090975095,0
6.08192078896542,0
6.08314805413854,0
6.08440008630869,0
6.08565363896595,0
6.08690856369296,0
6.08816392648177,0
6.08942001910449,0
6.09,0
6.09126992545112,0
6.0925038410665,0
6.0937698718309,0
6.09503557114929,0
6.09630341327465,0
6.09757202922107,0
6.09884172556482,0
6.1,0
6.10127432972488,0
6.10254379970238,0
6.10382021932622,0
6.10509800660532,0
6.10637765243223,0
6.10765898759391,0
6.10894212292741,0
6.11,0
6.11129098775342,0
6.11257108716094,0
6.11386390969998,0
6.11515807032236,0
6.11645444923305,0
6.11775253778764,0
6.11905246842168,0
6.12,0
6.12131033666272,0
6.1226023061452,0
6.12391322732508,0
6.12522510113028,0
6.1265393223803,0
6.12785512399751,0
6.12917263053238,0
6.13,0
6.131330371301,0
6.13263420693245,0
6.13396374138047,0
6.13529370584329,0
6.13662618539088,0
6.13796000369121,0
6.13929541300728,0
6.14,0
6.14135083530571,0
6.14266654803053,0
6.14401486362619,0
6.1453631474906,0
6.14671402314525,0
6.14806604322682,0
6.1494195155194,0
6.15,0
6.15137093805495,0
6.15269860420787,0
6.15406588480946,0
6.15543261713935,0
6.15680211817223,0
6.15817255004641,0
6.15954423560434,0
6.16,0
6.16139118228149,0
6.16273079724438,0
6.16411726771867,0
6.16550268718235,0
6.16689101055352,0
6.16828002405522,0
6.16967016453238,0
6.17,0
6.17141460752231,0
6.1727661996779,0
6.17417211594935,0
6.17557630289394,0
6.1769836218021,0
6.17839137584632,0
6.17980014333159,0
6.18,0
6.18099928334203,0
6.18237108836529,0
6.18377477038578,0
6.18520008311976,0
6.18662734889663,0
6.18805564968661,0
6.18948429207436,0
6.19,0
6.19144794241205,0
6.19284187532746,0
6.19428440724675,0
6.19572530516357,0
6.19716900185207,0
6.19861317440172,0
6.2,0
6.20144765947669,0
6.20289324217781,0
6.20434382161481,0
6.20579611899314,0
6.20725063589102,0
6.20870731762063,0
6.21,0
6.21146477071889,0
6.2129216317196,0
6.21439007536973,0
6.21586032238863,0
6.21733339335186,0
6.21880874284267,0
6.22,0
6.22148633840355,0
6.22295695979903,0
6.2244459252013,0
6.22593627859986,0
6.22742951937758,0
6.22892493418744,0
6.23,0
6.23150897450485,0
6.23299327028027,0
6.23450345253721,0
6.23601438468153,0
6.2375284076548,0
6.23904422984194,0
6.24,0
6.24153208027974,0
6.24303010546254,0
6.24456190053584,0
6.24609368929484,0
6.24762865781688,0
6.24916509873261,0
6.25,0
6.25155600601466,0
6.25306777158049,0
6.2546214568722,0
6.25617431524681,0
6.2577304748107,0
6.25928783479299,0
6.26,0
6.26157990509087,0
6.26310539491105,0
6.26468114215171,0
6.26625525606179,0
6.26783287876501,0
6.26941131775713,0
6.27,0
6.2716043895308,0
6.27314370305263,0
6.27474181557119,0
6.27633745570268,0
6.27793674181037,0
6.27953649371286,0
6.28,0
6.28162638906899,0
6.28317961340068,0
6.28480022154282,0
6.28641756572471,0
6.28803879135846,0
6.28966012809732,0
6.29,0
6.29165735032027,0
6.29322446910721,0
6.29486823828908,0
6.29650742464389,0
6.29815079624774,0
6.29979386456022,0
6.3,0
6.30103067719888,0
6.30262575682733,0
6.30425484892076,0
6.30592060862947,0
6.3075876538192,0
6.30925574641615,0
6.31,0
6.31168926482062,0
6.31331540212647,0
6.31499941121099,0
6.31667997655901,0
6.31836382029376,0
6.32,0
6.32168638251599,0
6.3233709688807,0
6.32506075379904,0
6.32675269179205,0
6.32844748985479,0
6.33,0
6.33170438591949,0
6.33340160808234,0
6.33511152291171,0
6.3368239855794,0
6.33854010778079,0
6.34,0
6.34172896264726,0
6.34344259666432,0
6.34517642093387,0
6.34691210646414,0
6.34865168041653,0
6.35,0
6.35175543446327,0
6.35348528877385,0
6.35524417961505,0
6.35700384915466,0
6.35876753355493,0
6.36,0
6.36178233359364,0
6.36352834056495,0
6.36531261702655,0
6.36709663028599,0
6.36888480120475,0
6.37,0
6.37180962354783,0
6.37357191850823,0
6.37538195448139,0
6.37719055953281,0
6.37900332324274,0
6.38,0
6.38183736056634,0
6.38361595457113,0
6.38545204436821,0
6.38728548539592,0
6.3891232801069,0
6.39,0
6.39186462495439,0
6.39365962902838,0
6.39552201277724,0
6.3973805145706,0
6.39924356077587,0
6.4,0
6.40189094282349,0
6.40370250521912,0
6.40559160863448,0
6.40747552868047,0
6.40936424175024,0
6.41,0
6.41192823194095,0
6.41375619010364,0
6.41567285281072,0
6.41758226567727,0
6.41949679356651,0
6.42,0
6.42195335055457,0
6.42379738467901,0
6.42574125771815,0
6.4276767213552,0
6.42961743325699,0
6.43,0
6.43191283371503,0
6.43377549221525,0
6.43574241770346,0
6.4377049442229,0
6.43967254620855,0
6.44,0
6.44163726895724,0
6.44352843334446,0
6.44550175826244,0
6.44749443659354,0
6.44948955227699,0
6.45,0
6.45204388740117,0
6.45395879770278,0
6.45598334751425,0
6.45799601232435,0
6.46,0
6.46201574034425,0
6.46403093145308,0
6.4660485805472,0
6.46806863475891,0
6.47,0
6.47202999783944,0
6.474056877269,0
6.47609552007367,0
6.47813808163086,0
6.48,0
6.48205761435198,0
6.48410489890132,0
6.48617148714879,0
6.4882413761677,0
6.49,0
6.49208876030339,0
6.49415583851472,0
6.4962523821204,0
6.49835069857859,0
6.5,0
6.50212065119867,0
6.50420752899386,0
6.50633476234602,0
6.50846195152552,0
6.51,0
6.51215331190625,0
6.51426011132084,0
6.51641844406757,0
6.51857498861068,0
6.52,0
6.52218669549548,0
6.52431338275974,0
6.52650341515191,0
6.52868959100463,0
6.53,0
6.53221989208096,0
6.53436660139789,0
6.53658851902976,0
6.53880467250333,0
6.54,0
6.54225421618247,0
6.54442113923852,0
6.54667557258195,0
6.54892195829099,0
6.55,0
6.55228908030927,0
6.55447608924488,0
6.55676364064707,0
6.55904069227203,0
6.56,0
6.56232247215881,0
6.56452986109758,0
6.56685074420499,0
6.56915867944921,0
6.57,0
6.57236405534198,0
6.57459166432247,0
6.57694679160708,0
6.57928593698515,0
6.58,0
6.58239609357383,0
6.58464379679479,0
6.58703326450256,0
6.58940426893147,0
6.59,0
6.59244342882737,0
6.59471155788802,0
6.59713673290936,0
6.59953939097135,0
6.6,0
6.60230304514325,0
6.60459633085339,0
6.60704235449401,0
6.6094813502492,0
6.61,0
6.61254527331426,0
6.6148650913542,0
6.61736152482222,0
6.62,0
6.62246822257365,0
6.62494482320325,0
6.6274053087859,0
6.63,0
6.63246517983253,0
6.63494951554121,0
6.63742916911487,0
6.64,0
6.64249453879461,0
6.64500564164606,0
6.64751765423611,0
6.65,0
6.65253143314317,0
6.6550676262841,0
6.6576160201507,0
6.66,0
6.66257034966569,0
6.66513172476717,0
6.66771774755317,0
6.67,0
6.67261019254346,0
6.67519688366267,0
6.67782113798396,0
6.68,0
6.68265117009703,0
6.68526326997373,0
6.68792646716439,0
6.69,0
6.6926917826216,0
6.69532926198968,0
6.69803206065014,0
6.7,0
6.7027340573763,0
6.7053973486255,0
6.70814042525451,0
6.71,0
6.71277644932114,0
6.71546532325697,0
6.71824922658801,0
6.72,0
6.72282027998376,0
6.72553508148459,0
6.72836064273791,0
6.73,0
6.7328639952293,0
6.7356049500194,0
6.73847294641717,0
6.74,0
6.74291037189469,0
6.74567738343635,0
6.7485883597947,0
6.75,0
6.75295361004818,0
6.75574674820847,0
6.75870167488388,0
6.76,0
6.76299986369984,0
6.76581965053496,0
6.76881906255947,0
6.77,0
6.77304455531168,0
6.77589090662211,0
6.77893549197137,0
6.78,0
6.78310555767403,0
6.7859781977631,0
6.789070289135,0
6.79,0
6.79317218256307,0
6.79606969182186,0
6.79921104719225,0
6.8,0
6.80318309353148,0
6.80610754101284,0
6.80929355242531,0
6.81,0
6.81324566757909,0
6.81620006764139,0
6.81943505872955,0
6.82,0
6.82282470635227,0
6.8258225535777,0
6.82905616186111,0
6.83,0
6.83333415539132,0
6.83638348242328,0
6.84,0
6.84323633465279,0
6.84651476922288,0
6.85,0
6.85322110353101,0
6.85647614261281,0
6.86,0
6.86324709975898,0
6.86654098079791,0
6.87,0
6.87329282539445,0
6.87662115027494,0
6.88,0
6.88334203838743,0
6.8867052769401,0
6.89,0
6.89339267429227,0
6.89679082496357,0
6.9,0
6.90344399874522,0
6.906877287375,0
6.91,0
6.9134968861259,0
6.91696570364008,0
6.92,0
6.92355029422137,0
6.92705470047131,0
6.93,0
6.93360329643816,0
6.93714390042532,0
6.94,0
6.94365852831579,0
6.94723551045628,0
6.95,0
6.95371354531414,0
6.95732684158817,0
6.96,0
6.96376932375488,0
6.9674195894986,0
6.97,0
6.97382576420886,0
6.97751284179501,0
6.98,0
6.98388476509727,0
6.98760928994952,0
6.99,0
6.99394271196064,0
6.99770488194164,0
7,0
7.00400284982451,0
7.00780267791773,0
7.01,0
7.01406829416529,0
7.01790612093491,0
7.02,0
7.02412725074461,0
7.02800291027006,0
7.03,0
7.03419330627557,0
7.03810732669516,0
7.04,0
7.044256361812,0
7.04820846435545,0
7.05,0
7.05432185644716,0
7.05831290352644,0
7.06,0
7.06438366353048,0
7.06841382381694,0
7.07,0
7.0744475284593,0
7.07851755516614,0
7.08,0
7.08453514720022,0
7.08864373896337,0
7.09,0
7.09459439810092,0
7.09874082256647,0
7.1,0
7.1046428284253,0
7.10883199760765,0
7.11,0
7.114705647815,0
7.11893725522496,0
7.12,0
7.12494415061026,0
7.12920801159815,0
7.13,0
7.13395994200923,0
7.13829990207901,0
7.14,0
7.14497651704691,0
7.14943764020623,0
7.15,0
7.15281179896887,0
7.15729477701285,0
7.16,0
7.16510271661692,0
7.17,0
7.1750147380213,0
7.18,0
7.18480076486079,0
7.19,0
7.19478132450704,0
7.2,0
7.20482777895847,0
7.21,0
7.2148954848831,0
7.22,0
7.2249725452466,0
7.23,0
7.23505404708318,0
7.24,0
7.24513720293384,0
7.25,0
7.25521936594769,0
7.26,0
7.2653088880501,0
7.27,0
7.27539933585331,0
7.28,0
7.28548982078028,0
7.29,0
7.29558803691976,0
7.3,0
7.30568369566436,0
7.31,0
7.31578188868485,0
7.32,0
7.32588080788479,0
7.33,0
7.33598702570956,0
7.34,0
7.34609780438249,0
7.35,0
7.35620791187491,0
7.36,0
7.36633135493007,0
7.37,0
7.37644604592453,0
7.38,0
7.38658196257621,0
7.39,0
7.39670851403022,0
7.4,0
7.40686663339671,0
7.41,0
7.41695436922104,0
7.42,0
7.4271375023195,0
7.43,0
7.43735266466529,0
7.44,0
7.4475157194889,0
7.45,0
7.45762770184893,0
7.46,0
7.46777496513043,0
7.47,0
7.47775109465975,0
7.48,0
7.48651255551318,0
7.49,0
7.49779755116134,0
7.5,0
7.50769269415422,0
7.51,0
7.51830005388647,0
7.52,0
7.52676955285696,0
7.53,0
7.53851631919722,0
7.54,0
7.54741840401388,0
7.55,0
7.55866006013456,0
7.56,0
7.5666996993272,0
7.57,0
7.57894599004478,0
7.58,0
7.58527004977609,0
7.59,0
7.59864652369734,0
7.6,0
7.60676738151331,0
7.61,0
7.61777673669169,0
7.62,0
7.62764084482187,0
7.63,0
7.63781525807329,0
7.64,0
7.64789356993625,0
7.65,0
7.65799740250389,0
7.66,0
7.67,0
7.67809249309137,0
7.68,0
7.68775255440173,0
7.69,0
7.7,0
7.70833777597845,0
7.71,0
7.71831112010774,0
7.72,0
7.72844439946131,0
7.73,0
7.73777800269346,0
7.74,0
7.75,0
7.75908944984888,0
7.76,0
7.76455275075562,0
7.77,0
7.78,0
7.79,0
7.8,0
7.81,0
7.82,0
7.83,0
7.84,0
7.85,0
7.86,0
7.87,0
7.88,0
7.89,0
7.9,0
7.91,0
7.92,0
7.93,0
7.94,0
7.95,0
7.96,0
7.97,0
7.98,0
7.99,0
8,0
8.01,0
8.02,0
8.03,0
8.04,0
8.05,0
8.06,0
8.07,0
8.08,0
8.09,0
8.1,0
8.11,0
8.12,0
8.13,0
8.14,0
8.15,0
8.16,0
8.17,0
8.18,0
8.19,0
8.2,0
8.21,0
8.22,0
8.23,0
8.24,0
8.25,0
8.26,0
8.27,0
8.28,0
8.29,0
8.3,0
8.31,0
8.32,0
8.33,0
8.34,0
8.35,0
8.36,0
8.37,0
8.38,0
8.39,0
8.4,0
8.41,0
8.42,0
8.43,0
8.44,0
8.45,0
8.46,0
8.47,0
8.48,0
8.49,0
8.5,0
8.51,0
8.52,0
8.53,0
8.54,0
8.55,0
8.56,0
8.57,0
8.58,0
8.59,0
8.6,0
8.61,0
8.62,0
8.63,0
8.64,0
8.65,0
8.66,0
8.67,0
8.68,0
8.69,0
8.7,0
8.71,0
8.72,0
8.73,0
8.74,0
8.75,0
8.76,0
8.77,0
8.78,0
8.79,0
8.8,0
8.81,0
8.82,0
8.83,0
8.84,0
8.85,0
8.86,0
8.87,0
8.88,0
8.89,0
8.9,0
8.91,0
8.92,0
8.93,0
8.94,0
8.95,0
8.96,0
8.97,0
8.98,0
8.99,0
9,0
9.01,0
9.02,0
9.03,0
9.04,0
9.05,0
9.06,0
9.07,0
9.08,0
9.09,0
9.1,0
9.11,0
9.12,0
9.13,0
9.14,0
9.15,0
9.16,0
9.17,0
9.18,0
9.19,0
9.2,0
9.21,0
9.22,0
9.23,0
9.24,0
9.25,0
9.26,0
9.27,0
9.28,0
9.29,0
9.3,0
9.31,0
9.32,0
9.33,0
9.34,0
9.35,0
9.36,0
9.37,0
9.38,0
9.39,0
9.4,0
9.41,0
9.42,0
9.43,0
9.44,0
9.45,0
9.46,0
9.47,0
9.48,0
9.49,0
9.5,0
9.51,0
9.52,0
9.53,0
9.54,0
9.55,0
9.56,0
9.57,0
9.58,0
9.59,0
9.6,0
9.61,0
9.62,0
9.63,0
9.64,0
9.65,0
9.66,0
9.67,0
9.68,0
9.69,0
9.7,0
9.71,0
9.72,0
9.73,0
9.74,0
9.75,0
9.76,0
9.77,0
9.78,0
9.79,0
9.8,0
9.81,0
9.82,0
9.83,0
9.84,0
9.85,0
9.86,0
9.87,0
9.88,0
9.89,0
9.9,0
9.91,0
9.92,0
9.93,0
9.94,0
9.95,0
9.96,0
9.97,0
9.98,0
9.99,0
10,0
