Time_s,Slip_Ratio
0,-0.0001
5.6691999554816e-30,-0.0001
6.81617413467732e-09,-9.93465556370076e-05
4.08970448080639e-08,-9.6080121132462e-05
2.11301398174997e-07,-7.97648766768797e-05
8.546747819125e-07,-1.84192388736315e-05
1.50014874126267e-06,4.27253983788603e-05
2.1469507941085e-06,0.000103594208448534
2.79475483826294e-06,0.000164155512817739
3.47802459533756e-06,0.000227598144060271
4.19250657591331e-06,0.000293463954472593
4.93511128521215e-06,0.000361409872137114
5.70347077689683e-06,0.000431164950654539
6.49576259137992e-06,0.00050251267331229
7.31057427141244e-06,0.000575277384068378
8.14679269693988e-06,0.000649313345638427
9.00354720606548e-06,0.000724498891379489
9.88016252257925e-06,0.000800731613708692
1.07761149772353e-05,0.000877924001511756
1.16910169106541e-05,0.0009560016412712
1.26245914303415e-05,0.00103490065242868
1.3576658787922e-05,0.00111456619127934
1.45471263872052e-05,0.00119495130435507
1.55359775575076e-05,0.00127601571737493
1.65432627416972e-05,0.00135772486517408
1.75690975953121e-05,0.00144004951022191
1.86136555316386e-05,0.00152296492580226
1.96771660960097e-05,0.00160645056779807
2.07599098429904e-05,0.00169048948118891
2.18622176347263e-05,0.00177506806789509
2.29844716240797e-05,0.00186017598347723
2.41271004470689e-05,0.00194580559568297
2.52905806217559e-05,0.00203195192469414
2.64754377815264e-05,0.00211861256396611
2.76822437071795e-05,0.00220578729307316
2.89116227362658e-05,0.00229347837223008
3.0164248066805e-05,0.00238169009648277
3.14408461325488e-05,0.00247042892893365
3.27421981243487e-05,0.00255970341829461
3.4069143872946e-05,0.00264952426959306
3.54225831198596e-05,0.00273990422371979
3.68034812557935e-05,0.00283085822598064
3.821287183035e-05,0.00292240335947324
3.96518632967261e-05,0.00301455903881297
4.11216450098857e-05,0.00310734712592573
4.26234925752258e-05,0.00320079197902316
4.41587778924923e-05,0.00329492076512043
4.57289774524392e-05,0.00338976362104091
4.73356814886104e-05,0.00348535382827002
4.89806102871369e-05,0.00358172836420584
5.06656241405687e-05,0.00367892801226036
5.23927462790358e-05,0.00377699816129487
5.41641794653757e-05,0.00387598914430654
5.59823329074652e-05,0.00397595706560862
5.78498510784751e-05,0.00407696460377404
5.97696513177274e-05,0.00417908214317253
6.17449707574687e-05,0.00428238921104451
6.37794205558311e-05,0.00438697606244134
6.58770572028159e-05,0.00449294586081102
6.80424809584013e-05,0.00460041784873423
7.02809521173441e-05,0.00470953089641526
7.25985564487662e-05,0.00482044880966504
7.50024320135044e-05,0.00493336766892026
7.75010838494229e-05,0.00504852603393676
8.01048592535303e-05,0.00516622072912556
8.28266568936222e-05,0.00528683042159121
8.56830938632925e-05,0.00541085514102828
8.86965147031733e-05,0.00553898495448291
9.1898827344871e-05,0.00567223279403469
9.53398387467559e-05,0.00581222661630869
9.91094396938797e-05,0.00596199646374767
0.000103423132440762,0.00612904655873034
0.000108440371287514,0.00631790369357852
0.000113328167964305,0.00649656897272439
0.000117801822875649,0.00665564575959648
0.000122172781016528,0.00680717552131349
0.000126475327934966,0.00695282610192486
0.000130748298712679,0.00709423594730304
0.000135016099826328,0.00723243576899051
0.000139296264133052,0.00736815399946616
0.000143601998456693,0.00750192841519646
0.000147943740813341,0.00763417306095046
0.000152330087330079,0.00776521813117545
0.000156768356872786,0.00789533452413634
0.000161264983937934,0.00802475064597432
0.000165825758219792,0.00815366304052882
0.000170456026475975,0.00828224482783206
0.000175160809835194,0.00841065097375175
0.000179944902344821,0.00853902252498464
0.00018481294700403,0.00866748984165806
0.000189769502371813,0.00879617528323078
0.000194819069477588,0.0089251946441072
0.000199960773516196,0.00905452486144333
0.000205195436287274,0.00918418838420651
0.000210551290495277,0.00931487397884532
0.00021601783705179,0.00944630932370545
0.000221600345097246,0.00957861009766811
0.00022730365330446,0.00971187934258035
0.000233132727089191,0.00984622080682566
0.000239092661343595,0.00998173915497175
0.000245188704545164,0.0101185407150133
0.000251426251206131,0.0102567335088685
0.000257810848220172,0.0103964276131148
0.000264348209947659,0.010537735713404
0.000271044190084802,0.0106807727345505
0.000277904793819079,0.0108256563757034
0.000284936152501962,0.0109725068675103
0.000292144511603171,0.0111214470536499
0.000299536173591228,0.0112726015864544
0.0003071175019035,0.0114260974369076
0.000314894827029031,0.0115820624553764
0.000322874400093194,0.0117406249806656
0.000331062312001299,0.0119019128190932
0.000339464399633714,0.0120660520393538
0.000348086119064584,0.0122331651939958
0.000356932443666764,0.0124033700899913
0.000366007706664884,0.0125767775280157
0.000375315460149012,0.0127534893960233
0.000384858347721855,0.0129335970184532
0.00038840098899538,0.0130001848969652
0.000388400988995383,0.0130001848969653
0.000398180598015491,0.0131832217210494
0.000408291151556224,0.0133717505006343
0.000418628995377719,0.0135637590109572
0.000429199027459091,0.0137593874731187
0.000439998143823568,0.0139586579501557
0.000451021586767048,0.0141615744714587
0.000462263530162292,0.0143681300982513
0.000473717431573655,0.0145783122085668
0.000485376319465125,0.0147921069498768
0.000497233089383631,0.0150095038576125
0.000509280827734428,0.0152305009656384
0.000521513073475191,0.0154551088168272
0.00053392404327174,0.0156833538974172
0.000546508873151448,0.0159152825172396
0.000559263702353823,0.0161509619609962
0.000572185801956947,0.0163904826482652
0.000585273645565468,0.0166339594206718
0.000598526895838578,0.0168815314514596
0.000611946425440169,0.0171333629614281
0.000625534295008259,0.0173896432907994
0.000639293711132978,0.0176505867294413
0.000653229035377955,0.0179164334376117
0.000667345731343238,0.0181874493121003
0.000681650384205503,0.0184639273449342
0.000696150666562767,0.018746188067605
0.000710855399128318,0.0190345819500101
0.000725774548859193,0.0193294907260224
0.000740919325231769,0.019631330799424
0.000756302221968645,0.0199405557651135
0.000771937174337166,0.0202576614591122
0.000787839706319515,0.0205831911129138
0.000804027068461387,0.0209177406466462
0.000820518546763987,0.0212619678973064
0.000837335737166349,0.021616601714253
0.000854502955042776,0.0219824545621287
0.000872047764574895,0.0223604385816982
0.000890001623671207,0.0227515853105349
0.000901291800803309,0.0229999365692628
0.000901291800803316,0.0229999365692629
0.00091969095167111,0.0234092487866295
0.000938858076621499,0.0238399999349486
0.000958625860897912,0.0242896241610438
0.000979039320378248,0.0247598552844855
0.00100017749818678,0.0252532035819264
0.00102214687726076,0.0257729334873042
0.00104509006579234,0.0263233423572399
0.00106920696460608,0.0269103585223168
0.00109479861959877,0.0275427597374462
0.00112237237628539,0.0282350673703929
0.00115296836058683,0.0290164580903083
0.00118686372986162,0.0298982203355299
0.00122313752806553,0.0308605693104616
0.0012573776756233,0.0317868629184428
0.00128891273901267,0.032655596440343
0.00131924322969571,0.0335051976856184
0.00134891698922749,0.0343494801440818
0.0013782163346908,0.035195579554909
0.00140731818717731,0.0360480415583091
0.0014363447175917,0.036910081083918
0.00146538618886163,0.0377841464017294
0.00149451278210837,0.0386722097501167
0.00152378134629707,0.0395759326509466
0.00155323948109406,0.0404967653424782
0.00158292827079821,0.0414360139233998
0.00161288395743995,0.0423948802929668
0.00164313921749044,0.0433744934120116
0.00167372405569061,0.0443759310897558
0.00170466641818191,0.0454002345962494
0.00173599273197976,0.0464484222702082
0.00176772827444624,0.0475214986022186
0.00179989744980243,0.048620460982063
0.00183252400621144,0.0497463050155306
0.0018656313330589,0.0509000331318468
0.00189904043080941,0.0520755164800188
0.00193251395210227,0.0532643074232379
0.00196607322173031,0.0544669554774179
0.00199973768644297,0.0556839584769658
0.00203352530818407,0.0569157840526522
0.00206745267309734,0.0581628720756473
0.00210153517146213,0.0594256386710636
0.00213578715193899,0.0607044795144023
0.00217022209809058,0.0619997743288441
0.0022048527170723,0.0633118884411517
0.00223969103326717,0.0646411747646073
0.00227474849397435,0.0659879764738536
0.00231003602196037,0.0673526278495283
0.00234556409289614,0.0687354562328333
0.00238134274340162,0.0701367814189905
0.0024173816775221,0.0715569189970876
0.00245369026189712,0.0729961794533267
0.0024902775627786,0.0744548689758163
0.0025271523918695,0.0759332906934717
0.00256432333494633,0.0774317453062958
0.00260179874592896,0.078950530372781
0.00263958679184206,0.080489941689521
0.00267769548438116,0.0820502741953285
0.0027161326517092,0.0836318204660542
0.00271807131907027,0.0837118175808649
0.00271844482795676,0.0837272422077881
0.00271881833684326,0.0837426693354342
0.00271927400228981,0.083761491052898
0.00271937701359937,0.0837657462013382
0.00271941440971751,0.0837672909683411
0.00271945180583564,0.0837688357448209
0.00271949466183422,0.0837706060638606
0.0027197089418271,0.0837794576737214
0.00272078034179153,0.0838237159986742
0.00272613734161368,0.0840450144410991
0.00275292234072441,0.0851516758934957
0.00280757785647888,0.0874107138657848
0.0028633214822992,0.0897159311886426
0.00292042666232865,0.0920787372261962
0.00297892239405701,0.0945003907209496
0.00303884227461074,0.0969823359694922
0.00310022085003019,0.0995260579701189
0.00311206559256076,0.100017105481803
0.00311206559256078,0.100017105481805
0.00315430483562879,0.101734608353715
0.0031593541472631,0.101935396167848
0.00316440345889742,0.10213522279956
0.00316796388207473,0.102275546523131
0.00317152430525205,0.102415390183401
0.00317457456480743,0.102534814064537
0.00317762482436282,0.102653885451363
0.00318130167770953,0.10279694820028
0.00318288027628412,0.102858212743525
0.00318338073987686,0.102877615845917
0.0031838812034696,0.102897009782709
0.00318638352143329,0.102993842013458
0.00319889511125177,0.103474582469022
0.00321637381217745,0.104136727919067
0.00323390730342474,0.104790048066106
0.00325151797816264,0.105435433946855
0.00326920603033308,0.106072927447234
0.00328697176998972,0.106702574989844
0.00330481551305133,0.107324423597277
0.00332273758634534,0.107938521070046
0.00334073832400182,0.108544915830534
0.00335881805476612,0.10914365647814
0.00337697713641375,0.109734792907358
0.0033952159215813,0.110318375135406
0.00341353477701593,0.11089445391007
0.00343193406530082,0.111463080105065
0.00345041417302282,0.112024305573201
0.00346897547557797,0.112578182036066
0.00348761837326858,0.113124762157286
0.0035063432639089,0.113664098691117
0.00352515056392235,0.114196245076287
0.00354404068635801,0.114721254779732
0.00356301405421407,0.115239181662049
0.00358207110232194,0.115750079999765
0.00360121227602701,0.116254004419439
0.00362043801982133,0.116751009579109
0.00363974879715922,0.117241150666607
0.00365914506610484,0.117724482752458
0.00367862731145982,0.118201061579526
0.00369819601043175,0.118670942684753
0.0037178516559841,0.119134181960805
0.00373759475326863,0.119590835539111
0.0037574258104521,0.120040959557294
0.0037773453377562,0.12048461013196
0.00379735387221084,0.120921843890501
0.00381745194928902,0.121352717313932
0.00383764010989776,0.121777286887232
0.00385791891314352,0.122195609350532
0.00387828892087093,0.122607741354852
0.00389875070876836,0.123013739677127
0.00391930486163592,0.12341366110463
0.00393995197014172,0.123807562359092
0.00396069263868336,0.124195500234223
0.00398152748273628,0.124577531525351
0.00400245712249867,0.12495371289974
0.00402348219575644,0.125324101116244
0.00404460333742803,0.125688752648638
0.00406582121072838,0.126047724216726
0.00408713647582584,0.126401072227975
0.00410854980797793,0.126748853079123
0.00413006189760393,0.127091123137103
0.00415167344566197,0.127427938648234
0.00417338515474988,0.127759355592469
0.00419519775169301,0.128085430020607
0.00421711196576521,0.128406217706891
0.00423912853372119,0.1287217742229
0.00426124822064749,0.129032155221883
0.00428347179109196,0.12933741601086
0.00430580002708522,0.12963761179811
0.00432823372341211,0.129932797613419
0.00435077368537256,0.130223028268806
0.00437342073194449,0.130508358390775
0.00439617568116484,0.130788842230977
0.0044190393951444,0.131064534211918
0.0044420127348,0.131335488348518
0.00446509656176939,0.131601758280217
0.00448829176672186,0.131863397594116
0.00451159924276985,0.13212045950685
0.00453501991574184,0.132372997193069
0.00455855471870381,0.132621063489056
0.00458220458740867,0.132864710847183
0.00460597048477779,0.133103991585655
0.00462985338487302,0.133338957710563
0.00465385428215708,0.133569661000923
0.00467797418334232,0.133796152920096
0.0047022141085696,0.134018484623104
0.0047265751081962,0.134236707100864
0.0047510582283883,0.134450870861197
0.00477566455400573,0.134661026305608
0.00480039517819257,0.134867223449837
0.00482525121028348,0.135069511990138
0.00485023376927565,0.135267941247064
0.00487534401714537,0.135462560422131
0.00490058311128842,0.135653418213089
0.00492595223870934,0.135840563078812
0.00495145260814851,0.136024043167682
0.00497708544990749,0.136203906308623
0.00500285200492293,0.136380199930244
0.00502875354035188,0.136552971166256
0.00505479135183865,0.136722266859799
0.00508096674443798,0.136888133432743
0.00510728105586097,0.137050617032095
0.0051337356408341,0.137209763423475
0.00516033188150024,0.137365618050607
0.00518707117907249,0.137518225979997
0.00521395495631388,0.137667631913054
0.0052409846837243,0.137813880322882
0.00526816182832198,0.137957015166841
0.00529548789969704,0.138097080135287
0.00532296442729973,0.138234118523501
0.00535059297444431,0.138368173298737
0.00537837511439553,0.138499286979966
0.00540631248208646,0.138627501879096
0.0054344067068078,0.138752859779235
0.00546265946729916,0.138875402187905
0.0054910724706259,0.13899517023285
0.00551964744585973,0.139112204633785
0.00554838616434994,0.139226545783228
0.00557729042510688,0.139338233680855
0.00560636207849454,0.139447308020083
0.00563560298431714,0.139553808024113
0.00566501504468504,0.139657772570178
0.00569460019849549,0.139759240163307
0.0057243604310966,0.13985824896393
0.00575429776547476,0.139954836751558
0.00578441425035918,0.140049040884914
0.00581471198999124,0.140140898393717
0.00584519312054493,0.140230445899707
0.0058758598146546,0.140317719630225
0.00590671430744685,0.140402755487969
0.00593775886259727,0.140485588950112
0.00596899579517844,0.140566255130036
0.0060004274780606,0.140644788787395
0.00603205632379309,0.140721224277498
0.006063884788986,0.140795595561807
0.006095915386982,0.140867936235151
0.00612815068581005,0.140938279516042
0.00616059332239181,0.141006658272282
0.00619324596267145,0.141073104932931
0.00622611135311315,0.141137651594264
0.00625919228853593,0.141200329948862
0.00629249164862057,0.141261171351904
0.00632601234631116,0.141320206721217
0.00635975737686979,0.141377466625756
0.00639372980525499,0.141432981256925
0.0064279327653672,0.141486780423765
0.00646236947238707,0.141538893568533
0.00649704319435037,0.141589349720492
0.00653195729457549,0.141638177557218
0.00656711522409961,0.141685405386472
0.00660252049602343,0.141731061108644
0.00663817673396422,0.141775172277789
0.0066740876472651,0.141817766063313
0.00671025704642922,0.14185886926484
0.00674668882556743,0.141898508288232
0.00678338697206012,0.141936709155094
0.00682035560607313,0.14197349753927
0.00685759894687914,0.142008898725605
0.00689512131638902,0.142042937611568
0.00693292718479261,0.142075638744263
0.00697102110482116,0.1421070262575
0.00700940780904601,0.142137123950363
0.00704809212103449,0.142165955208576
0.00708707905240371,0.142193543075438
0.00712637371777812,0.142219910183174
0.00716598142103098,0.142245078809651
0.0072059076033032,0.142269070837207
0.00724615789410102,0.142291907780048
0.00728673812765126,0.142313610784612
0.00732765427226731,0.142334200585728
0.0073689125206855,0.142353697550726
0.00741051928406166,0.142372121667042
0.00745248121588434,0.142389492544306
0.0074948051541747,0.142405829383446
0.00753749819268583,0.142421151001241
0.00758056771841323,0.142435475834007
0.00762402136026407,0.142448821910952
0.00766786706508392,0.142461206871313
0.00771211306075945,0.142472647944171
0.00775676797222006,0.142483161969502
0.00780184071870132,0.142492765361135
0.00784734062668757,0.142501474124215
0.00789327739368784,0.142509303836295
0.00793966118322554,0.142516269653383
0.0079865026123673,0.14252238629391
0.00803381279302506,0.142527668032055
0.00808160339018564,0.142532128690385
0.0081298866639087,0.142535781627841
0.00817867547287925,0.142538639724295
0.00822798336369641,0.142540715370633
0.00827782463134534,0.142542020452816
0.0083282143941649,0.142542566333772
0.00837916864793877,0.142542363832475
0.00843070439460908,0.142541423200453
0.00848283967081673,0.1425397540957
0.00853559368741401,0.142537365553108
0.00858898706155327,0.142534265943183
0.00864304173357131,0.142530462942916
0.00869778141590713,0.14252596347179
0.00875323158019732,0.142520773649191
0.00880941975884852,0.142514898725171
0.00886637582615631,0.142508343002461
0.00892413241685695,0.142501109732213
0.00898272515443121,0.142493201021596
0.00904219321235352,0.142484617690046
0.00910257990384846,0.142475359103312
0.00916393332686059,0.142465422981916
0.0092263073618947,0.142454805132536
0.00928976263402367,0.142443499157402
0.00935436799595401,0.142431496043189
0.00942020239087118,0.142418783636874
0.00948735719504891,0.142405345977398
0.00955593949239967,0.142391162375984
0.0096260765299141,0.14237620616288
0.00969792185205851,0.142360442956748
0.00977166458804263,0.142343828076468
0.00984754328023627,0.142326302682573
0.00992586737714721,0.142307787783228
0.0100070543844408,0.14228817396225
0.0100916957173148,0.1422673031838
0.0101806903517015,0.1422449320767
0.0102755544597162,0.14222064721528
0.0103793373577428,0.142193615772386
0.010501008251146,0.142161398022294
0.010615017636061,0.142130721670128
0.010729027020976,0.142099528181563
0.0108296132200743,0.142071605702762
0.0109236476717617,0.142045152467687
0.0110133699304011,0.142019642950998
0.0111003709896859,0.141994687827891
0.011185444235538,0.141970100613573
0.0112690568473275,0.141945774640952
0.011351506209361,0.141921644620482
0.0114329993880249,0.141897666780965
0.0115136894970724,0.141873809933395
0.0115936950385445,0.141850050747723
0.0116731100946567,0.141826371342107
0.0117520113415243,0.141802757603518
0.0118304622228581,0.141779198230452
0.0119085162426191,0.141755683958895
0.0119862186219446,0.141732207226274
0.0120636081811172,0.141708761729986
0.0121407187207532,0.141685342110974
0.0122175794595647,0.141661943902202
0.0122942161188741,0.141638563265248
0.0123706514510539,0.14161519688536
0.0124469054380905,0.141591841957009
0.0125229961968171,0.141568495946287
0.0125989395949716,0.141545156742537
0.012674749995437,0.141521822457924
0.0127504403729988,0.141498491417519
0.0128260223033411,0.141475162184123
0.0129015063677278,0.141451833452431
0.0129769021428997,0.141428504069391
0.0130522182268164,0.141405173040728
0.0131274625682652,0.141381839442216
0.0132026424494937,0.141358502437254
0.0132777644277311,0.141335161305125
0.0133528344999532,0.141311815399089
0.0134278582005695,0.141288464124849
0.0135028405655231,0.141265106959416
0.0135777862530636,0.141241743420328
0.0136526995341275,0.141218373075061
0.0137275844061959,0.14119499551121
0.0138024444688125,0.141171610380513
0.0138772830257742,0.141148217371387
0.0139521031769922,0.14112481618484
0.0140269077510119,0.141101406559601
0.014101699378951,0.141077988252451
0.0141764804090323,0.141054561068286
0.0142512532286666,0.141031124762456
0.0143260198064777,0.141007679187211
0.0144007821239914,0.14098422415828
0.0144755419180008,0.140960759538751
0.0145503008279991,0.140937285194523
0.0146250604621455,0.140913800976028
0.0146998221565472,0.140890306795506
0.0147745872744065,0.140866802534457
0.014849356965237,0.140843288121342
0.0149241323899483,0.140819763461952
0.0149989145996161,0.140796228479292
0.0150737045594258,0.140772683107
0.0151485032301211,0.140749127265012
0.015223311370897,0.140725560922622
0.0152981298118995,0.140701984013499
0.0153729591744053,0.140678396525088
0.0154478002577813,0.140654798377341
0.0155226536099459,0.14063118955932
0.015597519808159,0.140607570040624
0.0156723994379178,0.140583939779422
0.01574729301864,0.140560298746424
0.015822200907865,0.14053664695531
0.015897123603893,0.140512984367908
0.0159720614874916,0.140489310976756
0.0160470149741957,0.140465626756986
0.0161219843907157,0.140441931706002
0.0161969700076223,0.140418225833274
0.0162719721749923,0.140394509118126
0.0163469911967174,0.140370781550054
0.0164220272801301,0.140347043144541
0.0164970806801078,0.140323293897821
0.0165721516469586,0.140299533804005
0.01664724034701,0.14027576288022
0.0167223469993073,0.140251981123548
0.0167974717364106,0.140228188555502
0.0168726148202938,0.140204385153828
0.016947776258761,0.140180570974202
0.017022956339453,0.140156745980978
0.0170981551389319,0.140132910203668
0.0171733727663174,0.140109063658901
0.0172486093160549,0.140085206366091
0.0173238649905295,0.140061338308826
0.0173991397705397,0.140037459539324
0.0174744338558149,0.140013570038548
0.0175497472227375,0.139989669857198
0.017625080024963,0.139965758988091
0.0177004323070428,0.139941837457807
0.017775804198434,0.139917905264725
0.0178511956779115,0.139893962454038
0.0179266068771617,0.139870009021248
0.018002037817515,0.139846044996309
0.0180774885563218,0.139822070396697
0.0181529591041737,0.139798085254021
0.0182284494970899,0.139774089591055
0.0183039598393551,0.139750083408449
0.0183794901425405,0.139726066735839
0.0184550404716306,0.139702039585171
0.0185306107956844,0.139678001998408
0.0186062011857817,0.139653953984516
0.0186818116863072,0.139629895560827
0.0187574422663754,0.13960582676809
0.0188330929726719,0.139581747621931
0.0189087638774058,0.139557658129841
0.0189844549579429,0.139533558329193
0.0190601662244814,0.13950944824643
0.019135897681466,0.139485327909695
0.0192116493609998,0.139461197338189
0.0192874212830659,0.139437056554885
0.0193632134198975,0.139412905597728
0.0194390258322456,0.139388744476331
0.0195148585761084,0.139364573201989
0.0195907115580486,0.139340391833301
0.0196665848966351,0.139316200361084
0.0197424785199583,0.139291998837157
0.0198183924351703,0.139267787287672
0.0198943266733885,0.139243565731361
0.0199702812607535,0.139219334188628
0.0200462561934173,0.139195092689384
0.0201222515092441,0.139170841250207
0.0201982671232627,0.139146579926807
0.0202743031504912,0.139122308711052
0.0203503594852341,0.13909802766554
0.0204264362786532,0.139073736770697
0.0205025334068236,0.139049436095132
0.0205786509183781,0.139025125651881
0.0206547888041421,0.139000805472896
0.020730947054266,0.138976475590285
0.0208071257604037,0.138952136003964
0.0208833248253924,0.138927786774269
0.0209595443011632,0.138903427913644
0.0210357841204876,0.138879059472937
0.0211120443535017,0.138854681459089
0.0211883250575868,0.13883029388362
0.0212646260985579,0.138805896819065
0.02134094755376,0.138781490270153
0.0214172894228186,0.1387570742671
0.0214936517112927,0.138732648838158
0.0215700344495517,0.138708214003803
0.0216464375381686,0.138683769826008
0.0217228610390542,0.138659316315113
0.021799304982419,0.138634853492182
0.0218757693265374,0.138610381401248
0.0219522540845255,0.138585900068771
0.0220287593097709,0.138561409508682
0.0221052849296082,0.138536909775336
0.022181830987945,0.138512400885696
0.0222583975140286,0.13848788286189
0.0223349844730523,0.138463355746573
0.0224115918462355,0.138438819577218
0.0224882196886581,0.138414274367954
0.0225648678976654,0.138389720183562
0.0226415365771453,0.138365157022668
0.0227182256709458,0.138340584935689
0.022794935231009,0.138316003938279
0.0228716652010164,0.138291414081053
0.0229484156626344,0.138266815370473
0.0230251865878641,0.138242207848543
0.0231019779617744,0.138217591552925
0.0231787898045146,0.138192966510266
0.0232556220685496,0.138168332769071
0.0233324748139446,0.138143690343487
0.0234093479810142,0.138119039286354
0.0234862416873655,0.138094379593765
0.0235631558204659,0.138069711335932
0.02364009041726,0.138045034534824
0.0237170455013537,0.13802034921727
0.0237940211473004,0.137995655394016
0.0238710172349891,0.137970953138241
0.023948033827581,0.13794624246416
0.0240250708295644,0.137921523437351
0.0241021283857252,0.137896796046413
0.0241792064259955,0.137872060349453
0.0242563049476744,0.137847316382584
0.024333423985834,0.137822564170192
0.0244105634917501,0.13779780376373
0.0244877235296396,0.137773035178504
0.0245649040487764,0.137748258467044
0.0246421051057716,0.137723473647428
0.024719326638222,0.137698680776234
0.0247965687375507,0.13767387986073
0.0248738313977689,0.137649070939952
0.0249511145675031,0.13762425406731
0.025028418252128,0.137599429278075
0.0251057424368503,0.137574596614323
0.0251830871704785,0.137549756097952
0.0252604524966548,0.137524907752911
0.0253378383337739,0.137500051643321
0.0254152447659831,0.137475187780101
0.0254926717688036,0.137450316209578
0.0255701193639738,0.137425436963174
0.0256475874776596,0.137400550103142
0.0257250762208166,0.137375655632569
0.0258025855228378,0.137350753613346
0.0258801153977361,0.137325844079936
0.0259576658333591,0.137300927075579
0.0260352369080419,0.137276002614734
0.0261128285597275,0.137251070757206
0.0261904408366492,0.137226131527279
0.0262680737811044,0.137201184951658
0.0263457273164125,0.13717623109526
0.0264234014581983,0.137151269993269
0.0265010962334964,0.1371263016777
0.0265788116593094,0.137101326184039
0.0266565477186491,0.13707634355879
0.0267343044226222,0.137051353839538
0.0268120817639116,0.137026357070032
0.0268898798000363,0.137001353273441
0.0269676984926396,0.136976342503979
0.0270455378407442,0.136951324803789
0.0271233978939993,0.136926300199122
0.0272012786379866,0.136901268737091
0.0272791800759569,0.13687623045914
0.0273571022021608,0.136851185409822
0.027435045072035,0.136826133614301
0.0275130086269248,0.136801075134614
0.0275909928793193,0.136776010009863
0.0276689978887437,0.136750938264534
0.0277470236832554,0.136725859933563
0.0278250701429627,0.136700775099249
0.0279031373339578,0.136675683784113
0.0279812253028472,0.13665058601772
0.028059334105651,0.136625481826831
0.0281374636356679,0.136600371290414
0.0282156140097079,0.136575254415626
0.0282937851236262,0.136550131281165
0.0283719770643055,0.136525001904181
0.0284501898303946,0.136499866330827
0.0285284234018465,0.136474724613177
0.0286066777766883,0.136449576797629
0.0286849529737924,0.136424422924179
0.0287632490458572,0.13639926302231
0.0288415659616606,0.13637409714864
0.0289199037178331,0.136348925350796
0.0289982623439897,0.136323747666139
0.0290766418647136,0.136298564133975
0.0291550422631558,0.136273374807039
0.0292334635233164,0.136248179737843
0.0293119057002368,0.136222978956402
0.0293903687688234,0.13619777251879
0.0294688527724052,0.136172560459172
0.0295473577286405,0.136147342820333
0.0296258836194114,0.136122119656616
0.0297044304395633,0.136096891018289
0.0297829982651347,0.136071656929938
0.0298615870611543,0.136046417452101
0.0299401968207791,0.136021172636166
0.0300188275877678,0.135995922517634
0.0300974793429557,0.135970667152501
0.0301761521247674,0.135945406578377
0.0302548459047267,0.135920140854624
0.0303335607638178,0.135894870005655
0.0304122966599208,0.135869594095759
0.0304910536306637,0.13584431316357
0.030569831632888,0.135819027273957
0.0306486306910145,0.135793736470168
0.030727450847782,0.135768440790048
0.0308062920947818,0.135743140288069
0.0308851544556064,0.135717835008521
0.0309640379879135,0.135692524985145
0.0310429426428059,0.13566721028601
0.0311218683799771,0.13564189097627
0.0312008153210339,0.135616567069663
0.0312797834361402,0.135591238629039
0.0313587727655916,0.135565905694607
0.0314377832233097,0.135540568347269
0.0315168149200892,0.135515226604946
0.0315958678249707,0.135489880531648
0.0316749419184979,0.135464530187483
0.0317540372752055,0.135439175602816
0.0318331538788392,0.135413816837515
0.0319122917557188,0.1353884539378
0.031991450891116,0.135363086963308
0.0320706313675399,0.135337715942788
0.0321498331229245,0.135312340951599
0.0322290561777065,0.135286962038542
0.0323083006372155,0.135261579225866
0.0323875664022743,0.135236192601502
0.032466853523053,0.135210802205319
0.0325461619868004,0.135185408097917
0.0326254918940952,0.135160010303882
0.0327048431888944,0.135134608898267
0.0327842158707019,0.135109203938121
0.0328636099555252,0.135083795475611
0.0329430254942405,0.135058383552127
0.0330224624710608,0.135032968230631
0.0331019208930795,0.135007549566792
0.0331814008514092,0.134982127589854
0.0332609023337287,0.134956702362499
0.0333404252972345,0.134931273956955
0.0334199697932513,0.134905842415602
0.0334995358644481,0.134880407784149
0.0335791234855225,0.134854970130135
0.0336587326191621,0.134829529524875
0.0337383633478389,0.134804086001794
0.0338180157010834,0.134778639611823
0.0338976896201804,0.134753190433984
0.0339773851867414,0.134727738502621
0.0340571024033206,0.134702283877903
0.0341368413164928,0.134676826606018
0.0342166018880325,0.134651366760422
0.0342963841900056,0.134625904379507
0.0343761881813932,0.134600439538148
0.0344560139072284,0.13457497228378
0.0345358613411747,0.134549502686978
0.0346157305663864,0.134524030783611
0.034695621522094,0.134498556655787
0.0347755342806975,0.13447308034314
0.0348554688842926,0.134447601895598
0.03493542528349,0.134422121392236
0.0350154035339079,0.134396638878743
0.0350954036659155,0.134371154409402
0.0351754256576568,0.134345668055215
0.0352554695710465,0.134320179860693
0.0353355354073412,0.134294689890082
0.0354156231611297,0.13426919820977
0.035495732835769,0.134243704883556
0.0355758645179464,0.134218209949161
0.035656018153424,0.134192713489428
0.0357361938027432,0.134167215550648
0.0358163914295958,0.134141716210333
0.0358966111281131,0.134116215504704
0.0359768528967823,0.134090713500901
0.036057116717541,0.134065210271212
0.0361374025933048,0.134039705881426
0.0362177105889207,0.134014200378102
0.0362980407568609,0.133988693812208
0.0363783930119031,0.133963186278368
0.0364587675103871,0.133937677794711
0.0365391641098077,0.133912168474725
0.0366195829501233,0.133886658342024
0.0367000240000974,0.133861147475406
0.0367804873405591,0.133835635918056
0.0368609729012786,0.133810123761349
0.0369414807582068,0.133784611050315
0.0370220109036064,0.133759097857089
0.0371025633895716,0.133733584234955
0.0371831381782288,0.133708070265951
0.0372637353909426,0.133682555981938
0.0373443549782853,0.13365704146933
0.0374249969599344,0.133631526792447
0.0375056613443459,0.133606012019576
0.0375863481846215,0.133580497205207
0.037667057541659,0.133554982401812
0.0377477893681131,0.133529467696155
0.0378285436935819,0.133503953150652
0.0379093205620025,0.133478438823723
0.037990119978795,0.133452924786215
0.0380709419260272,0.133427411116402
0.0381517864542268,0.133401897871225
0.0382326536298044,0.133376385103159
0.0383135434535753,0.133350872885592
0.0383944559442948,0.133325361286281
0.0384753910734715,0.13329985038806
0.0385563488737592,0.133274340254681
0.0386373294565782,0.133248830925725
0.0387183327935505,0.133223322485122
0.0387993588845105,0.133197815007699
0.0388804077735771,0.133172308554721
0.0389614794605958,0.133146803201737
0.0390425739789021,0.133121299013925
0.0391236913438455,0.13309579606245
0.0392048316152162,0.133070294404795
0.0392859947877405,0.13304479411918
0.0393671809010106,0.133019295269831
0.0394483899704649,0.132993797928912
0.0395296220342059,0.132968302161693
0.0396108770968777,0.13294280804421
0.0396921551603475,0.132917315653488
0.0397734563064183,0.132891825041876
0.0398547805536754,0.132866336281993
0.0399361278634789,0.13284084946431
0.0400174983040295,0.132815364646027
0.0400988919207401,0.132789881892102
0.0401803087079296,0.132764401283597
0.0402617486949577,0.132738922890716
0.0403432118910567,0.132713446790286
0.0404246983586504,0.1326879730428
0.0405062080786672,0.132662501734521
0.0405877410941935,0.132637032932368
0.0406692974486895,0.13261156670361
0.0407508771686447,0.132586103121074
0.0408324802541214,0.132560642265965
0.0409141067852051,0.132535184194827
0.0409957567104563,0.132509729005513
0.0410774300807718,0.132484276763944
0.0411591269507064,0.132458827535519
0.0412408473330866,0.132433381398874
0.0413225912335711,0.132407938434951
0.0414043587389462,0.132382498699818
0.041486149837433,0.132357062280589
0.0415679645406271,0.132331629257045
0.0416498028614062,0.13230619970887
0.0417316648880115,0.132280773692767
0.0418135506052175,0.132255351297931
0.041895460043753,0.132229932599253
0.0419773932733341,0.132204517660006
0.0420593502717635,0.132179106572218
0.042141331088551,0.132153699405733
0.0422233357554209,0.132128296236376
0.0423053642802333,0.132102897147533
0.0423874166881173,0.132077502217429
0.0424694930177372,0.132052111520445
0.0425515933700549,0.132026725112157
0.0426337176539441,0.132001343107646
0.042715865945081,0.131975965570283
0.0427980382994442,0.13195059257033
0.0428802347185741,0.131925224195012
0.0429624552080634,0.131899860530332
0.043044699885108,0.131874501628353
0.0431269687086334,0.131849147590328
0.0432092617490571,0.131823798483045
0.0432915790140715,0.131798454393119
0.043373920543653,0.131773115397346
0.0434562863305526,0.131747781587312
0.0435386764475412,0.131722453030241
0.0436210909194171,0.131697129808571
0.043703529763817,0.131671812007031
0.0437859930481388,0.131646499695378
0.0438684807899501,0.131621192959023
0.0439509930302007,0.13159589187633
0.04403352971552,0.131570596554701
0.0441160910139009,0.131545307034053
0.0441986768230033,0.131520023437661
0.0442812872736549,0.131494745817166
0.0443639223493217,0.131469474270074
0.0444465820591084,0.131444208885861
0.044529266500965,0.131418949727335
0.0446119756669921,0.131393696890054
0.0446947096105335,0.131368450450873
0.0447774683586336,0.131343210495078
0.0448602519384844,0.131317977108083
0.0449430603502863,0.131292750383712
0.0450258937053979,0.131267530382314
0.0451087519632784,0.131242317210872
0.045191635235593,0.131217110930065
0.0452745435065279,0.131191911639884
0.0453574768676639,0.131166719407713
0.0454404352605249,0.131141534346833
0.0455234187120149,0.131116356544451
0.0456064273676932,0.131091186052577
0.0456894612161944,0.131066022971284
0.045772520271286,0.131040867392744
0.0458556045648325,0.131015719403953
0.0459387141688117,0.130990579080197
0.0460218490920498,0.13096544651617
0.0461050093710519,0.130940321798269
0.0461881950168973,0.130915205020851
0.0462714061109258,0.130890096257372
0.0463546427372141,0.130864995581029
0.0464379048279039,0.130839903110807
0.0465211924367288,0.13081481892891
0.0466045056458,0.13078974310974
0.0466878444492448,0.130764675754439
0.0467712089023279,0.130739616945792
0.0468545990522973,0.130714566769441
0.0469380149084075,0.130689525322612
0.0470214565579694,0.130664492679359
0.0471049240053691,0.130639468939001
0.0471884173278192,0.13061445417913
0.047271936486549,0.130589448512344
0.0473554815949752,0.130564452005804
0.0474390526229005,0.130539464770163
0.0475226497184526,0.130514486862878
0.0476062728094068,0.130489518407705
0.0476899220040023,0.130464559474311
0.0477735973127395,0.130439610162215
0.0478572988100684,0.130414670551946
0.0479410264880862,0.13038974074886
0.0480247804295296,0.13036482083146
0.0481085606569927,0.130339910896602
0.0481923672156213,0.130315011034535
0.0482762001048087,0.130290121349305
0.048360059444167,0.1302652419096
0.0484439451563278,0.130240372842849
0.0485278573845901,0.130215514211016
0.0486117961350634,0.130190666117499
0.048695761453888,0.130165828653715
0.0487797534254578,0.130141001900206
0.0488637720109312,0.130116185974095
0.0489478172860757,0.130091380958635
0.0490318893222332,0.130066586939051
0.0491159881315349,0.130041804018194
0.049200113759496,0.130017032289145
0.0492842662539846,0.129992271844645
0.0493684457256064,0.129967522759402
0.0494526521129256,0.129942785158845
0.0495368854929192,0.129918059127571
0.0496211459561117,0.129893344746974
0.0497054334944031,0.129868642127546
0.0497897481789741,0.129843951356546
0.049874090037179,0.129819272534497
0.0499584590776501,0.129794605767444
0.0500428553759516,0.129769951142145
0.0501272790551279,0.129745308732128
0.0502117300405665,0.12972067866867
0.0502962084186202,0.129696061035859
0.0503807142749868,0.129671455918792
0.0504652476358613,0.1296468634201
0.0505498085517241,0.129622283635393
0.0506343970788595,0.129597716658912
0.0507190132519654,0.129573162591398
0.0508036570503777,0.129548621549665
0.05088832860919,0.129524093605696
0.0509730279376045,0.129499578868548
0.0510577551511406,0.129475077416542
0.0511425102144708,0.129450589371912
0.0512272932268794,0.129426114817932
0.0513121041696447,0.129401653872398
0.0513969431328807,0.129377206621751
0.0514818101769689,0.129352773161579
0.0515667053830906,0.129328353581712
0.0516516287500191,0.12930394799581
0.0517365802907129,0.129279556513358
0.0518215601600812,0.129255179203637
0.0519065683010094,0.129230816197141
0.0519916048032535,0.129206467581984
0.052076669767125,0.129182133444032
0.0521617632097477,0.129157813893133
0.0522468851483285,0.129133509038982
0.0523320357081632,0.129109218960826
0.0524172148123595,0.129084943795825
0.052502422648937,0.129060683605641
0.0525876592492675,0.129036438497469
0.0526729246042881,0.129012208589613
0.0527582188335292,0.12898799396408
0.0528435419029892,0.12896379474686
0.0529288938961506,0.128939611030508
0.0530142749372816,0.128915442896768
0.0530996850433254,0.128891290458014
0.0531851242327463,0.12886715382597
0.0532705925763422,0.128843033097838
0.0533560901346904,0.128818928374122
0.0534416169522331,0.128794839760053
0.0535271730853338,0.128770767357673
0.0536127585652442,0.128746711276285
0.0536983734981071,0.128722671604425
0.0537840179096372,0.128698648453568
0.0538696918701624,0.128674641922687
0.0539553954576298,0.128650652109003
0.0540411287187233,0.128626679118698
0.0541268916378141,0.128602723075305
0.0542126843355589,0.1285787840645
0.0542985068932806,0.128554862183627
0.0543843593249919,0.128530957548775
0.054470241754365,0.128507070245647
0.0545561541045901,0.12848320041589
0.0546420965405903,0.128459348133908
0.0547280691312342,0.128435513501711
0.0548140718714177,0.128411696641589
0.0549001048850522,0.128387897640224
0.0549861681187095,0.128364116633656
0.0550722617197258,0.128340353702395
0.0551583858094011,0.128316608935082
0.0552445403621191,0.128292882460761
0.0553307254558966,0.128269174379709
0.0554169410746313,0.128245484818408
0.0555031873834791,0.128221813853783
0.055589464458298,0.128198161588037
0.0556757722980297,0.128174528144218
0.0557621109423127,0.128150913634108
0.0558484804965745,0.128127318151947
0.0559348810827878,0.128103741788024
0.056021312667182,0.128080184675099
0.0561077753766808,0.128056646902013
0.0561942691963554,0.128033128596686
0.0562807942592955,0.128009629846783
0.0563673506463878,0.127986150754803
0.0564539382871788,0.127962691463998
0.056540557394003,0.127939252041122
0.0566272080375272,0.127915832592303
0.0567138902050901,0.127892433245761
0.0568006039420214,0.127869054113905
0.0568873493873253,0.127845695284463
0.0569741265164782,0.127822356889458
0.0570609355277808,0.127799039001032
0.0571477763795429,0.127775741756318
0.0572346492102802,0.127752465243773
0.0573215540223807,0.127729209588842
0.057408490969292,0.127705974876577
0.0574954599719897,0.127682761254385
0.0575824612606425,0.127659568787087
0.0576694948204999,0.127636397605641
0.0577565607489606,0.127613247810703
0.0578436590848862,0.127590119518869
0.057930789939656,0.12756701282762
0.0580179533263393,0.12754392786074
0.0581051493506985,0.127520864717452
0.0581923781241001,0.127497823496036
0.0582796396546889,0.127474804322064
0.0583669340482828,0.127451807295279
0.0584542613351068,0.127428832535686
0.058541621621237,0.127405880143391
0.0586290149417109,0.127382950237454
0.058716441454662,0.127360042904826
0.0588039011821803,0.127337158268475
0.0588913941295257,0.127314296455356
0.0589789204640685,0.127291457550414
0.0590664802058726,0.12726864167756
0.0591540734713067,0.127245848935452
0.0592417003228815,0.127223079437143
0.0593293608368176,0.127200333292127
0.0594170550567143,0.127177610618469
0.0595047830876649,0.12715491151844
0.0595925450299415,0.127132236095965
0.0596803409278194,0.127109584469488
0.0597681708873142,0.127086956741568
0.0598560349922126,0.127064353020832
0.0599439332627896,0.127041773432185
0.0600318657550113,0.127019218091268
0.0601198326950099,0.126996687070727
0.0602078340292399,0.126974180515151
0.0602958698680924,0.126951698526593
0.0603839402997781,0.126929241213386
0.0604720453839299,0.126906808691224
0.0605601852201148,0.126884401065731
0.0606483598883503,0.126862018447756
0.060736569507184,0.126839660938542
0.0608248140996361,0.126817328663632
0.0609130937796788,0.126795021725483
0.0610014086136188,0.126772740238958
0.0610897586810317,0.126750484315576
0.0611781441162504,0.126728254053359
0.0612665649451609,0.126706049577748
0.0613550212271509,0.126683871005516
0.0614435130947429,0.126661718435453
0.0615320406143108,0.126639591983228
0.0616206039032289,0.126617491751783
0.0617092030391714,0.126595417854193
0.0617978380343644,0.126573370419661
0.061886509056265,0.126551349538915
0.0619752162006266,0.126529355321102
0.062063959471752,0.126507387897752
0.0621527390835755,0.126485447348651
0.0622415550039728,0.126463533814816
0.0623304073597547,0.126441647397566
0.0624192962828513,0.126419788197625
0.0625082218658087,0.126397956325571
0.0625971840711071,0.126376151923564
0.062686183136622,0.12635437506637
0.062775219102197,0.126332625878009
0.0628642920548024,0.126310904470536
0.0629534020971608,0.126289210952388
0.0630425493029857,0.126267545439188
0.0631317337800387,0.12624590803835
0.0632209555801483,0.126224298870958
0.063310214796678,0.12620271804799
0.0633995115597769,0.126181165671854
0.0634888460343697,0.126159641836964
0.0635782182260918,0.126138146676065
0.0636676282649775,0.126116680291678
0.0637570762145205,0.126095242802661
0.0638465622117108,0.126073834310303
0.063936086259633,0.126052454947994
0.0640256485485741,0.126031104804376
0.064115249161768,0.126009783994206
0.0642048882430093,0.125988492617747
0.0642945657657825,0.125967230815615
0.064384281925903,0.125945998675565
0.0644740367345487,0.125924796329556
0.0645638304247005,0.125903623857089
0.0646536629581536,0.125882481401948
0.0647435345474072,0.125861369048515
0.0648334452065004,0.125840286928343
0.064923395125579,0.125819235131463
0.0650133843400183,0.125798213784514
0.0651034130005127,0.125777222986973
0.0651934811682676,0.125756262859456
0.0652835889577358,0.125735333510057
0.0653737364593465,0.125714435052634
0.0654639238371046,0.125693567584161
0.0655541511807102,0.125672731219044
0.0656444185657008,0.125651926074728
0.0657347261161764,0.125631152257523
0.065825073854042,0.125610409897252
0.0659154620223141,0.125589699073116
0.0660058907292218,0.1255690198959
0.0660963599565825,0.125548372504661
0.0661868699386927,0.125527756980803
0.0662774207325941,0.125507173446771
0.0663680124590599,0.125486622010138
0.0664586451871139,0.125466102790315
0.0665493190842801,0.125445615884489
0.0666400342640969,0.12542516140239
0.0667307908115308,0.125404739460032
0.0668215888351485,0.125384350168059
0.0669124283978214,0.125363993647374
0.0670033097067348,0.125343669986722
0.0670942328608073,0.12532337929949
0.0671851979806597,0.125303121693982
0.0672762051198671,0.125282897293349
0.0673672544878105,0.125262706186214
0.0674583460213727,0.125242548521679
0.0675494800842931,0.125222424354298
0.0676406566770161,0.125202333819792
0.06773187592174,0.12518227702611
0.0678231379034293,0.125162254089607
0.0679144428352651,0.125142265098723
0.0680057908300331,0.125122310164267
0.0680971819369806,0.125102389410503
0.0681886163058211,0.125082502939688
0.068280094091233,0.125062650853414
0.0683716153416428,0.125042833276228
0.0684631802197482,0.125023050307754
0.0685547888425878,0.12500330205782
0.06864644137001,0.124983588627044
0.0687381378775896,0.124963910134183
0.0688298786034655,0.124944266663177
0.0689216635013357,0.124924658358913
0.0690134927994268,0.124905085307122
0.0691053666325126,0.124885547614248
0.0691972851742111,0.124866045378409
0.0692892484254026,0.124846578734145
0.0693812566277525,0.124827147764835
0.0694733099031115,0.124807752579834
0.0695654083716522,0.124788393288551
0.0696575520994147,0.124769070011583
0.0697497414054251,0.124749782816808
0.0698419762905629,0.124730531839074
0.069934256840917,0.124711317194461
0.0700265832901321,0.124692138968767
0.0701189557406231,0.124672997275455
0.0702113743643589,0.124653892213332
0.0703038391533474,0.124634823918216
0.0703963504057018,0.124615792462724
0.070488908226747,0.124596797959917
0.0705815126881915,0.124577840529112
0.0706741640587291,0.124558920249472
0.0707668623534567,0.124540037252213
0.0708596077294175,0.124521191638997
0.0709524004493446,0.124502383490672
0.0710452405781438,0.124483612928343
0.0711381282892406,0.124464880050688
0.0712310636424377,0.124446184979354
0.071324046903029,0.124427527794665
0.0714170781350171,0.12440890861771
0.0715101575271561,0.124390327544186
0.0716032851617115,0.124371784691195
0.071696461250405,0.124353280149956
0.071721443482182,0.124348295878355
0.0717214434821829,0.124348295878355
0.0718146681581918,0.124329503829291
0.0719065643636556,0.124311326215259
0.0719997693968521,0.124292988200863
0.0720932232565888,0.12427466110923
0.0721867734277277,0.124256364586794
0.0722803761892428,0.124238105021141
0.0723740221804859,0.124219883932344
0.0724677097980919,0.124201701774203
0.0725614392649992,0.124183558744118
0.0726552112086962,0.124165454976631
0.0727490263784594,0.124147390579108
0.0728428854056139,0.124129365673838
0.0729367889842401,0.124111380362629
0.0730307378284247,0.124093434736087
0.0731247324839345,0.124075528909757
0.0732187735070667,0.124057662990075
0.0733128613691159,0.124039837093377
0.073406996617431,0.124022051315872
0.0735011796717709,0.124004305772786
0.0735954110822865,0.123986600549933
0.0736896912274909,0.123968935761205
0.0737840205978999,0.123951311495213
0.0738783994858499,0.123933727873905
0.0739728283033586,0.123916184993069
0.0740673074676819,0.123898682944801
0.0741618371818071,0.123881221857702
0.0742564179522883,0.123863801801444
0.0743510500611876,0.123846422885292
0.0744457338044541,0.123829085213105
0.0745404694992987,0.123811788882767
0.074635257347051,0.123794534011246
0.0747300977345284,0.123777320679916
0.0748249909072591,0.123760148994586
0.0749199371925605,0.12374301904456
0.0750149368152101,0.123725930936344
0.0751099900237076,0.123708884770608
0.0752050971068763,0.123691880639745
0.0753002583086335,0.123674918643207
0.0753954738290944,0.123657998887037
0.0754907439847758,0.123641121455725
0.0755860690392787,0.123624286442665
0.0756814491353171,0.123607493961481
0.0757768845668847,0.123590744098239
0.0758723755711255,0.123574036948727
0.075967922294274,0.123557372623728
0.0760635250649191,0.123540751201635
0.0761591841346469,0.123524172774257
0.076254899660287,0.123507637449024
0.0763506718664491,0.123491145320934
0.0764465010079015,0.123474696479623
0.0765423873001391,0.123458291021196
0.0766383309815136,0.123441929037446
0.0767343322562247,0.123425610625688
0.0768303914655147,0.123409335859841
0.0769265086642568,0.123393104862052
0.0770226841766562,0.123376917708234
0.0771189181386953,0.123360774506213
0.0772152108735146,0.123344675332022
0.0773115625453261,0.123328620288402
0.0774079733375414,0.12331260947425
0.0775044435554192,0.123296642968265
0.077600973356645,0.123280720873615
0.0776975630097397,0.123264843274792
0.0777942128091327,0.123249010252321
0.0778909229270556,0.123233221906611
0.0779876936135273,0.12321747832499
0.0780845250088052,0.123201779612519
0.0781814174116029,0.12318612584838
0.0782783709955174,0.123170517132166
0.0783753860645419,0.123154953542293
0.0784724628296199,0.12313943517231
0.0785696015265724,0.123123962111524
0.0786668023607485,0.123108534454016
0.078764065666744,0.12309315227346
0.0788613915241465,0.123077815683801
0.078958780268845,0.123062524758144
0.0790562321415654,0.123047279585118
0.0791537473756842,0.123032080254289
0.0792513262384613,0.123016926849928
0.0793489689524391,0.123001819463272
0.0794466757922368,0.122986758177441
0.0795444469230534,0.122971743092358
0.0796422826501181,0.122956774286289
0.0797401832241819,0.122941851846181
0.0798381489226714,0.122926975854875
0.0799361799359734,0.122912146408348
0.0800342766007239,0.122897363580418
0.0801324391161553,0.122882627465854
0.0802306676776136,0.122867938159566
0.0803289626775533,0.12285329572725
0.0804273243790789,0.122838700254416
0.0805257529857801,0.122824151835014
0.0806242487211349,0.122809650559786
0.080722811939982,0.122795196500389
0.0808214428546787,0.122780789749637
0.0809201416660602,0.122766430401577
0.0810189087386477,0.12275211852661
0.0811177443869007,0.122737854202943
0.0812166488839388,0.12272363751471
0.0813156223950882,0.122709468561205
0.0814146653343979,0.122695347406157
0.0815137778907546,0.122681274145854
0.0816129603930638,0.122667248856355
0.0817122131110787,0.122653271622393
0.0818115363054535,0.122639342529869
0.0819109303718786,0.122625461646
0.0820103955187,0.122611629064388
0.0821099319596545,0.122597844877339
0.0822095402074386,0.122584109136245
0.0823092203227953,0.12257042195515
0.0824089727670513,0.122556783392456
0.0825087977694924,0.122543193539084
0.0826086957219881,0.122529652463625
0.082708666802705,0.122516160263785
0.0828087114899718,0.122502716996713
0.0829088299755432,0.122489322758587
0.0830090225736853,0.122475977628662
0.0831092895795456,0.122462681689001
0.0832096313967857,0.122449435007547
0.0833100482699827,0.122436237673457
0.0834105405652873,0.12242308975974
0.0835111085762698,0.122409991349191
0.0836117526440218,0.122396942518409
0.0837124731230184,0.122383943342517
0.0838132703521804,0.122370993898825
0.0839141446679496,0.12235809426505
0.0840150963473139,0.122345244526494
0.0841161257793432,0.122332444754268
0.084217233356088,0.122319695019599
0.0843184193749752,0.122306995405727
0.0844196841014664,0.122294345999637
0.0845210280064236,0.12228174686293
0.0846224514129736,0.122269198076151
0.0847239547179521,0.122256699710672
0.0848255381367441,0.122244251860193
0.0849272022106465,0.122231854578578
0.0850289471759306,0.122219507957521
0.0851307734677904,0.122207212064249
0.0852326814324712,0.122194966977232
0.0853346714776636,0.122182772767649
0.0854367439291713,0.122170629516666
0.0855388992333239,0.12215853729125
0.0856411377708754,0.12214649616658
0.0857434597987299,0.122134506232232
0.0858458658491066,0.122122567545689
0.0859483562260798,0.122110680191667
0.0860509313502157,0.122098844241183
0.0861535916355681,0.12208705976645
0.0862563375992935,0.122075326828315
0.0863591694347973,0.122063645524647
0.0864620876843626,0.122052015913433
0.0865650927706849,0.122040438067143
0.0866681850905016,0.122028912061203
0.0867713649637529,0.122017437979578
0.0868746329601702,0.122006015878795
0.08697798945379,0.12199464583774
0.0870814349475183,0.121983327921163
0.0871849697264747,0.121972062217852
0.0872885942184883,0.121960848800846
0.0873923090430156,0.121949687723328
0.0874961145030551,0.121938579073042
0.0876000111536711,0.121927522910601
0.0877039994018285,0.121916519313058
0.0878080795869118,0.121905568364431
0.0879122523055129,0.121894670122037
0.0880165180893266,0.121883824650997
0.0881208772707804,0.121873032037172
0.0882253303758172,0.121862292346369
0.0883298779672,0.121851605641471
0.0884345204649223,0.121840972000338
0.0885392582822873,0.121830391501419
0.0886440920539777,0.121819864201358
0.0887490221330842,0.121809390185674
0.0888540490538322,0.121798969521685
0.088959173322837,0.121788602280145
0.0890643956031166,0.121778288517062
0.0891697162327271,0.121768028320723
0.0892751358346888,0.121757821751584
0.0893806548775647,0.121747668885886
0.0894862738336208,0.121737569799578
0.0895919933606077,0.121727524551492
0.0896978139346699,0.121717533218456
0.0898037360982524,0.121707595871151
0.0899097604373561,0.121697712576787
0.0900158875535349,0.12168788340179
0.0901221179482715,0.121678108422287
0.0902284521723498,0.121668387710112
0.0903348909088482,0.121658721325779
0.0904414345377693,0.121649109357774
0.0905480838458409,0.121639551858168
0.0906548392681442,0.121630048911568
0.0907617015270029,0.121620600577161
0.0908686711747148,0.121611206930135
0.0909757488150305,0.121601868041444
0.0910829351650201,0.121592583972972
0.091190230748901,0.121583354803985
0.0912976360574813,0.121574180616596
0.0914051519301241,0.121565061463965
0.0915127789557331,0.121555997421743
0.0916205177857276,0.121546988560567
0.0917283690551167,0.121538034953108
0.0918363333880545,0.1215291366735
0.0919444114912749,0.121520293789774
0.0920526041170305,0.121511506367218
0.0921609119399077,0.121502774478247
0.0922693356347743,0.121494098195804
0.0923778758009196,0.121485477599396
0.09248653326448,0.121476912751285
0.0925953086660323,0.12146840372942
0.0927042027621727,0.121459950603199
0.0928132163018409,0.121451553443606
0.0929223499289757,0.121443212330361
0.0930316044918868,0.121434927328327
0.0931409807199571,0.121426698512543
0.0932504794050887,0.121418525954064
0.0933601013441894,0.121410409724566
0.0934698472294498,0.121402349904229
0.0935797178857574,0.121394346564217
0.0936897142043553,0.12138639977214
0.0937998368458979,0.121378509613123
0.0939100867211711,0.121370676155029
0.0940204646632355,0.121362899472616
0.0941309715024253,0.121355179641726
0.0942416080988356,0.121347516737115
0.0943523753340454,0.121339910833154
0.0944632740354549,0.121332362008949
0.0945743050900515,0.121324870340513
0.0946854694617578,0.121317435899945
0.0947967679033954,0.121310058774486
0.0949082014419115,0.12130273903411
0.0950197709945497,0.121295476757569
0.0951314775077589,0.121288272022766
0.0952433219640911,0.121281124906544
0.0953553052934554,0.121274035490335
0.0954674284275509,0.121267003856522
0.0955796924772769,0.121260030077669
0.0956920983608912,0.121253114239792
0.0958046470795046,0.121246256424788
0.0959173396619613,0.121239456714265
0.0960301772268093,0.121232715185955
0.0961431607506141,0.121226031927503
0.0962562912922718,0.121219407022838
0.096369570073312,0.121212840548093
0.0964829980231298,0.121206332597858
0.0965965763946586,0.121199883249377
0.0967103063347167,0.121193492587946
0.0968241888720229,0.12118716070678
0.0969382252645168,0.121180887687814
0.0970524166552636,0.121174673621207
0.0971667643324683,0.121168518590864
0.0972812693201236,0.121162422696526
0.0973959330392014,0.121156386018337
0.0975107566180602,0.121150408654012
0.0976257413930314,0.121144490691914
0.0977408887281422,0.121138632221177
0.0978561998893329,0.121132833337833
0.0979716761191986,0.121127094140687
0.0980873187646675,0.121121414725172
0.0982031293144709,0.12111579518203
0.098319109109279,0.121110235611399
0.0984352594410479,0.121104736117416
0.0985515819860633,0.121099296788294
0.0986680780979548,0.12109391772995
0.0987847492267182,0.121088599045566
0.0989015968507128,0.121083340839252
0.0990186225830674,0.121078143211466
0.0991358279196529,0.121073006270333
0.0992532144869335,0.121067930120519
0.0993707839330746,0.121062914868388
0.0994885378259234,0.121057960626175
0.0996064779465348,0.121053067499685
0.0997246058826853,0.121048235605488
0.0998429233544309,0.121043465057099
0.0999614322188865,0.12103875596546
0.10008013401713,0.121034108456727
0.100199030872778,0.121029522636972
0.100318124485397,0.121024998632119
0.100437416818604,0.12102053656061
0.100556909618041,0.12101613655209
0.100676605045653,0.121011798723897
0.100796504912527,0.121007523209557
0.100916611328558,0.12100331013481
0.101036926410183,0.12099915962885
0.101157452136753,0.120995071828876
0.101278190727154,0.120991046867258
0.101399144338027,0.120987084882198
0.101520315184855,0.120983186013496
0.101641705631136,0.120979350400032
0.101763317980732,0.120975578186546
0.101885154488414,0.120971869522961
0.102007217638453,0.120968224556108
0.102129509885236,0.120964643438021
0.10225203396452,0.120961126316923
0.102374792152917,0.120957673358538
0.102497787260488,0.120954284717536
0.102621021862206,0.120950960559988
0.102744498631892,0.120947701053555
0.102868220539864,0.120944506362995
0.102992190423821,0.120941376661703
0.103116411197259,0.120938312125988
0.103240885849546,0.120935312935392
0.103365617474549,0.12093237927226
0.103490609047494,0.120929511326999
0.103615863888154,0.120926709287517
0.103741385315693,0.120923973347794
0.103867176560418,0.120921303709454
0.103993241244022,0.120918700571797
0.104119582914179,0.12091616414226
0.1042462051743,0.120913694633446
0.104373111618461,0.120911292264496
0.104500306070326,0.120908957256783
0.104627792443124,0.120906689837101
0.104755574861237,0.120904490235794
0.104883657348353,0.120902358692391
0.105012044192521,0.120900295449451
0.105140739666442,0.120898300757669
0.105269748238889,0.120896374872624
0.105399074593335,0.120894518055164
0.105528723319563,0.120892730576074
0.105658699447218,0.120891012708859
0.105789007771204,0.120889364739389
0.105919653625687,0.120887786955949
0.106050642244444,0.120886279658125
0.106181978954263,0.120884843154165
0.106313669638238,0.120883477756745
0.106445719778121,0.120882183793607
0.106578135573248,0.12088096159621
0.106710923290257,0.120879811507519
0.106844089149073,0.120878733882741
0.106977639924623,0.12087772908487
0.107111582467781,0.120876797489574
0.107245923605717,0.120875939485755
0.107380670684721,0.120875155472512
0.107515831484577,0.12087444586121
0.107651413737366,0.120873811078644
0.107787425575117,0.120873251565044
0.107923875552583,0.120872767775254
0.10806077233851,0.120872360180679
0.108198125054053,0.120872029268793
0.108335943242835,0.120871775544533
0.108474236709644,0.120871599531573
0.108613015805294,0.120871501772894
0.108752291083788,0.120871482832257
0.108892073789452,0.120871543295069
0.109032375650768,0.120871683770131
0.10917320872333,0.120871904890589
0.109314585684433,0.120872207315533
0.109456519969557,0.120872591732214
0.109599025554661,0.120873058857388
0.109742117000623,0.120873609438937
0.109885809808553,0.120874244259207
0.110030120127365,0.120874964136148
0.110175065007726,0.120875769926565
0.110320662173782,0.120876662527209
0.110466930913158,0.120877642882938
0.11061389097106,0.120878711982827
0.110761563465973,0.120879870868808
0.110909970865214,0.120881120639494
0.111059137196075,0.12088246245601
0.111209087608166,0.120883897542135
0.111359849077398,0.120885427194875
0.111511450227608,0.120887052787841
0.111663922074116,0.120888775784668
0.111817297700051,0.120890597742078
0.111971612619462,0.120892520320551
0.112126904747476,0.120894545291106
0.112283215673683,0.120896674560169
0.112440589893171,0.120898910169319
0.112599075975575,0.120901254321649
0.112758726566947,0.120903709394021
0.112919599983552,0.120906277975321
0.113081759279457,0.120908962867883
0.113245274658462,0.12091176714417
0.113410223334639,0.120914694166102
0.113576691619614,0.120917747645715
0.113744776117494,0.12092093169634
0.113914585353078,0.120924250897156
0.114086242877108,0.120927710394284
0.114259888699691,0.120931315978618
0.114435685256052,0.12093507426802
0.114613820934409,0.120938992857912
0.114794517255829,0.120943080570543
0.114978038376107,0.120947347787432
0.11516470301452,0.120951806879169
0.115354904448794,0.120956472884732
0.115549136084034,0.120961364415155
0.115748035590069,0.120966505150911
0.115952452377273,0.120971926151634
0.116163569599191,0.120977669956842
0.116383129978541,0.120983798146612
0.116613923362785,0.120990407475532
0.116861022502544,0.120997670405018
0.117136084071986,0.12100597464123
0.117490192941581,0.12101697538036
0.117820686442652,0.121027569152542
0.118045388950521,0.121035033532886
0.11827009145839,0.121042737282694
0.118467080266724,0.121049637011957
0.118658416080491,0.12105646936343
0.118844355848466,0.121063218291633
0.119027568481219,0.121069970224009
0.119208575579861,0.121076738156488
0.119387735829025,0.121083531759948
0.119565173571492,0.121090352842565
0.119740965241012,0.121097201774674
0.119915168085443,0.12110407832556
0.120087838590529,0.121110982310338
0.120259035929622,0.121117913720061
0.120428821225472,0.121124872705956
0.120597256313779,0.121131859543929
0.120764402037237,0.121138874574285
0.120930317615882,0.121145918180159
0.121095059244906,0.121152990728491
0.121258680641448,0.121160092590377
0.121421231909009,0.121167224087048
0.121582760872216,0.121174385542168
0.121743311700015,0.121181577214667
0.121902925992239,0.121188799340372
0.12206164288488,0.121196052130039
0.122219498529294,0.121203335739378
0.122376527117342,0.121210650309884
0.12253276088165,0.121217995963203
0.122688229615337,0.121225372773504
0.122842961410384,0.121232780797188
0.122996983081902,0.121240220088443
0.123150319263166,0.121247690651627
0.123302993824994,0.121255192506213
0.123455028565632,0.1212627256189
0.123606444529938,0.121270289965335
0.123757261445162,0.121277885498727
0.123907498087485,0.121285512165533
0.124057172370749,0.121293169907289
0.124206301042271,0.121300858642713
0.124354900270924,0.121308578295588
0.124502984982026,0.12131632875808
0.124650570052513,0.121324109951102
0.124797669103802,0.12133192175906
0.124944295364472,0.121339764073952
0.12509046123594,0.121347636770325
0.125236178964277,0.12135553973992
0.125381459724772,0.121363472840776
0.125526314753691,0.121371435957584
0.125670754427423,0.121379428949874
0.125814789038653,0.121387451693901
0.12595842786529,0.121395504029706
0.126101680695386,0.121403585845359
0.12624455602702,0.121411696974673
0.126387062631683,0.12141983728505
0.126529208733657,0.121428006629515
0.126671002320487,0.121436204864044
0.126812451024768,0.121444431839895
0.126953562425574,0.121452687420419
0.127094343213298,0.121460971431663
0.127234800537968,0.121469283740783
0.127374940957578,0.121477624193168
0.127514770828097,0.121485992635412
0.127654296556112,0.12149438892965
0.127793523823077,0.121502812906561
0.127932458798658,0.121511264438131
0.128071106725718,0.121519743351176
0.128209473054194,0.121528249496298
0.128347563229163,0.121536782734044
0.128485382131983,0.121545342900388
0.128622934774182,0.121553929849376
0.1287602260115,0.121562543434721
0.128897260478211,0.121571183505564
0.129034042782541,0.121579849918429
0.129170577019395,0.121588542506072
0.129306867706249,0.121597261136558
0.129442918973568,0.121606005661162
0.129578734813933,0.121614775930451
0.129714319002863,0.12162357178872
0.129849675660418,0.121632393109978
0.129984808158558,0.121641239726729
0.130119720333623,0.121650111509122
0.130254415687995,0.121659008311962
0.130357508962902,0.121665859031341
0.130357508962904,0.121665859031341
0.130491990845141,0.121674973332524
0.130622057984723,0.121683677696627
0.13075579352178,0.121692641134271
0.130889876660329,0.121701658866935
0.13102393360709,0.121710712999893
0.131157777249706,0.121719792303009
0.131291370518123,0.121728894180871
0.13142471047434,0.121738017897084
0.131557805380485,0.121747163386522
0.131690665080823,0.12175633070321
0.131823299566138,0.121765519949939
0.131955717811997,0.121774731201262
0.132087927751991,0.121783964498806
0.132219936723368,0.121793219877537
0.132351751005642,0.121802497328896
0.132483376369097,0.121811796835443
0.132614818038654,0.12182111836453
0.132746080846687,0.121830461876204
0.132877168810524,0.121839827290714
0.13300808624378,0.121849214565464
0.133138836529365,0.121858623605101
0.133269423034207,0.121868054326086
0.133399848919649,0.121877506641073
0.133530117298706,0.121886980469254
0.133660230730072,0.12189647569874
0.133790191988592,0.12190599224184
0.133920003378758,0.121915529983829
0.134049667394813,0.121925088830928
0.134179186175551,0.121934668669371
0.134308561925789,0.121944269396251
0.134437796554767,0.121953890892112
0.134566892167687,0.121963533057157
0.134695850591386,0.121973195775394
0.134824673743735,0.121982878942197
0.134953363496136,0.121992582453535
0.135081921388114,0.12200230618447
0.135210349143735,0.122012050027885
0.135338648407677,0.122021813874018
0.135466820711632,0.122031597607975
0.135594867767658,0.122041401131879
0.135722790971598,0.122051224326776
0.135850591826867,0.122061067085194
0.135978271839102,0.122070929302633
0.136105832383539,0.122080810867388
0.136233274780788,0.122090711666375
0.136360600425579,0.122100631594888
0.136487810670087,0.122110570547409
0.136614906807235,0.122120528416356
0.136741890069124,0.122130505091896
0.13686876183787,0.122140500478332
0.136995523403795,0.122150514474992
0.137122175768842,0.122160546960948
0.137248720254267,0.122170597842864
0.13737515805116,0.122180667018997
0.137501490335482,0.122190754388662
0.137627718078396,0.122200859837043
0.137753842515377,0.122210983272554
0.137879864809034,0.122221124599552
0.138005785777437,0.122231283696891
0.138131606706263,0.122241460483139
0.138257328597332,0.122251654855514
0.138382952511225,0.122261866718113
0.138508479568881,0.122272095981736
0.138633910376993,0.122282342517303
0.13875924632948,0.122292606261844
0.138884488320289,0.122302887112721
0.139009637215629,0.122313184967261
0.139134694042733,0.122323499737705
0.139259659651987,0.122333831323299
0.139384534952011,0.122344179629867
0.139509320980161,0.12235454457539
0.139634018465385,0.122364926053878
0.139758628424011,0.122375323984983
0.139883151561755,0.12238573826388
0.140007588947678,0.122396168817743
0.140131941170918,0.122406615534947
0.140256209336587,0.122417078348866
0.14038039391471,0.122427557140718
0.140504496059253,0.122438051851089
0.140628516490772,0.122448562384922
0.140752455833383,0.122459088640887
0.140876315003263,0.122469630543778
0.141000094588637,0.122480187991692
0.141123795525236,0.122490760913815
0.141247418664877,0.122501349233201
0.141370964648437,0.1225119528564
0.141494434141942,0.122522571693651
0.141617827810912,0.122533205656374
0.141741146340408,0.12254385465886
0.141864390661624,0.122554518637707
0.14198756137727,0.122565197502277
0.14211065908347,0.122575891162959
0.14223368446967,0.122586599539395
0.142356638281631,0.122597322557139
0.142479521072592,0.122608060126169
0.142602333682813,0.122618812182733
0.142725076484667,0.12262957862324
0.142847750301057,0.122640359384948
0.142970355819603,0.122651154393937
0.143092893547439,0.122661963561749
0.143215364060114,0.122672786807218
0.143337768035058,0.122683624059092
0.143460106090022,0.122694475241791
0.143582378704567,0.122705340268678
0.143704586551082,0.122716219071307
0.143826730287076,0.12272711158072
0.143948810319573,0.122738017706805
0.144070827290643,0.122748937381577
0.144192781661739,0.122759870521702
0.144314674176293,0.122770817070093
0.144436505264979,0.122781776942437
0.144558275298911,0.122792750050394
0.144679985195359,0.122803736355493
0.144801635169268,0.122814735756614
0.144923225939789,0.122825748199627
0.145044757979391,0.122836773608583
0.145166231504569,0.122847811885619
0.145287647507048,0.122858863003979
0.145409006190888,0.122869926865711
0.145530308135545,0.122881003408615
0.145651553847741,0.122892092564368
0.1457727437427,0.122903194257229
0.145893878386364,0.122914308426116
0.146014958217938,0.122925434999055
0.146135983638161,0.122936573901526
0.146256955189213,0.122947725072784
0.146377873321097,0.122958888444274
0.146498738430791,0.122970063943478
0.146619551119718,0.122981251517505
0.146740311754704,0.122992451092438
0.146861020679273,0.123003662593264
0.14698167842355,0.123014885962964
0.147102285390557,0.123026121133284
0.14722284187274,0.123037368026627
0.147343348592431,0.123048626606075
0.147463805822009,0.123059896793203
0.147584213919587,0.123071178518824
0.147704573216726,0.123082471711907
0.147824884444263,0.123093776339311
0.147945147792017,0.123105092317654
0.148065363668141,0.123116419585321
0.148185532507589,0.123127758083649
0.148305654553452,0.12313910773661
0.148425730340262,0.1231504684964
0.148545760189932,0.123161840295549
0.148665744687287,0.123173223092234
0.148785683896417,0.123184616795958
0.148905578347213,0.12319602136143
0.149025428432096,0.123207436730443
0.149145234542526,0.12321886284547
0.149264996939288,0.12323029963728
0.149384716080552,0.123241747056137
0.149504392168075,0.123253205028328
0.149624025627477,0.123264673502322
0.149743616967691,0.12327615243484
0.14986316644255,0.123287641758795
0.149982674151117,0.123299141393278
0.150102140740856,0.123310651310532
0.150221566368467,0.123322171435721
0.150340951549336,0.123333701729538
0.150460296491065,0.123345242123336
0.150579601562844,0.123356792564923
0.150698867159128,0.12336835300491
0.150818093356867,0.123379923363868
0.15093728064606,0.123391503603102
0.151056429421079,0.123403093674698
0.151175539855828,0.123414693510105
0.151294612386968,0.123426303067027
0.151413647105313,0.123437922269896
0.151532644633449,0.123449551095608
0.151651605063422,0.123461189469453
0.151770528740924,0.123472837342541
0.151889415916459,0.123484494656946
0.152008266922498,0.123496161363307
0.152127082032325,0.123507837406893
0.152245861650087,0.123519522746307
0.152364605839755,0.123531217307276
0.152483315152766,0.123542921064109
0.152601989688232,0.123554633946708
0.152720629807299,0.123566355911703
0.152839235882457,0.123578086917001
0.152957807956383,0.123589826888578
0.153076346500073,0.123601575795411
0.1531948516848,0.123613333576891
0.153313323791664,0.123625100184054
0.153431763170435,0.123636875575042
0.15355016997124,0.12364865968865
0.153668544599464,0.123660452489606
0.15378688713203,0.123672253910279
0.153905197873262,0.123684063906406
0.154023477169104,0.123695882437981
0.154141725134778,0.123707709442474
0.154259942185312,0.123719544887866
0.15437812859148,0.123731388727845
0.154496284449171,0.123743240899327
0.154614410130763,0.123755101367435
0.154732505805679,0.123766970077103
0.154850571705467,0.123778846980129
0.154968608093534,0.123790732031826
0.155086615336954,0.123802625198218
0.155204593449285,0.123814526410246
0.155322542750328,0.123826435630394
0.155440463573889,0.123838352822534
0.155558356071475,0.1238502779326
0.155676220524946,0.12386221092028
0.155794056925006,0.123874151716233
0.155911865840866,0.12388610031005
0.156029647393179,0.123898056645761
0.156147401778161,0.123910020676
0.15626512917548,0.123921992352063
0.156382829862099,0.123933971635437
0.156500504047445,0.123945958481008
0.156618151856915,0.123957952835624
0.156735773642386,0.123969954669534
0.156853369342349,0.123981963911166
0.15697093957232,0.123993980558473
0.157088484240848,0.124006004537136
0.157206003788293,0.124018035828141
0.157323498223381,0.124030074368294
0.157440967967272,0.124042120137248
0.157558413031573,0.124054173072781
0.15767583371194,0.124066233142494
0.157793230199269,0.124078300303275
0.157910602514836,0.124090374495163
0.158027951197868,0.124102455711649
0.158145276249277,0.124114543890829
0.158262577660747,0.124126638970941
0.158379855922825,0.124138740941639
0.158497111155808,0.124150849754234
0.158614343710874,0.124162965384533
0.158731553491386,0.124175087762485
0.158848740830219,0.124187216863067
0.158965905951334,0.124199352649779
0.159083048948801,0.124211495073197
0.159200170059228,0.124223644099077
0.15931726944748,0.124235799685904
0.159434347410606,0.12424796180617
0.15955140395432,0.124260130402471
0.159668439475279,0.124272305458451
0.159785453780644,0.124284486896658
0.159902447460573,0.124296674721634
0.16001942033061,0.124308868857039
0.160136372891637,0.124321069298783
0.16025330516746,0.124333275992764
0.160370217345597,0.124345488902774
0.160487109623237,0.124357707993714
0.160603982022525,0.124369933212573
0.160720834866919,0.124382164538142
0.160837668266515,0.124394401926895
0.160954482525274,0.124406645356024
0.161071277612623,0.124418894767964
0.161188053872615,0.1244311501449
0.161304811375513,0.124443411440249
0.161421550179223,0.124455678606786
0.161538270622088,0.124467951626832
0.161654972667512,0.124480230443426
0.16177165673561,0.124492515048084
0.161888322863535,0.124504805391946
0.162004971232613,0.124517101442034
0.162121601947791,0.124529403157477
0.162238215267652,0.12454171051383
0.162354811302945,0.124554023471203
0.162471390159028,0.12456634198961
0.162587952033518,0.124578666039018
0.16270449693234,0.124590995569388
0.162821025153502,0.124603330561853
0.162937536764187,0.124615670973121
0.163054032053853,0.124628016783827
0.163170510985687,0.12464036794025
0.163286973997716,0.124652724439346
0.16340342083423,0.124665086204611
0.163519852001017,0.124677453240988
0.163636267526643,0.124689825502275
0.163752667546897,0.124702202954467
0.163869052100283,0.124714585553443
0.163985421470407,0.124726973281306
0.164101775730466,0.124739366097789
0.164218115064768,0.124751763974904
0.164334439531626,0.124764166871432
0.164450749362612,0.124776574764889
0.16456704468099,0.1247889876213
0.164683325528868,0.124801405398476
0.164799592051777,0.124813828065548
0.164915844623489,0.124826255615895
0.16503208312897,0.124838687990923
0.165148307799514,0.124851125169764
0.165264518824967,0.124863567126881
0.165380716101685,0.124876013805801
0.165496899926051,0.124888465193236
0.165613070471756,0.124900921262454
0.165729227820262,0.124913381977278
0.165845372176797,0.124925847315095
0.165961503431559,0.124938317219788
0.166077621999884,0.124950791691855
0.166193727789621,0.124963270677122
0.166309821130212,0.124975754167308
0.166425901985755,0.124988242114776
0.166541970519211,0.125000734493846
0.166658026924678,0.125013231282088
0.166774071293666,0.125025732446239
0.166890103853074,0.125038237967878
0.16700612436847,0.125050747779271
0.167122133297488,0.125063261887607
0.167238130746391,0.125075780261606
0.167354116689376,0.125088302856531
0.167470091174421,0.12510082963602
0.167586054576621,0.125113360598827
0.167702006888697,0.125125895702368
0.167817948122362,0.125138434906878
0.167933878583613,0.125150978204374
0.168049798268093,0.125163525553267
0.168165707438824,0.125176076941332
0.1682816060925,0.125188632327548
0.168397494324685,0.125201191682101
0.168513372157409,0.125213754967327
0.168629239935499,0.12522632218054
0.16874509761372,0.125238893276758
0.168860945467334,0.125251468246277
0.168976783390296,0.125264047038069
0.16909261158329,0.125276629634892
0.169208430224704,0.12528921601682
0.169324239324759,0.125301806145971
0.169440039077894,0.125314400004786
0.169555829522945,0.125326997558822
0.169671610795804,0.125339598784511
0.169787383048577,0.125352203660068
0.169903146278111,0.125364812147077
0.170018900590495,0.125377424219346
0.170134646126599,0.125390039854437
0.170250383044077,0.12540265903182
0.170366111418172,0.125415281722193
0.170481831524179,0.125427907918211
0.170597543207941,0.125440537565919
0.170713246738529,0.125453170658032
0.170828942089023,0.125465807154725
0.170944629363096,0.125478447030902
0.171060308776937,0.125491090273636
0.17117598039294,0.125503736853286
0.171291644279745,0.1255163867413
0.171407300464231,0.125529039904771
0.171522949117217,0.125541696326626
0.17163859035031,0.125554355983279
0.171754224357472,0.125567018860323
0.171869851012315,0.125579684908603
0.171985470571103,0.125592354121215
0.172101083070881,0.125605026466981
0.17221668857366,0.1256177019179
0.172332287350986,0.125630380468895
0.172447879298297,0.125643062073787
0.172563464537821,0.125655746711826
0.172679043357024,0.125668434380063
0.172794615650606,0.125681125032632
0.172910181619759,0.125693818657834
0.173025741347945,0.125706515230843
0.173141294679546,0.125719214701073
0.173256841939079,0.125731917070818
0.173372383239649,0.125744622318685
0.173487918790509,0.1257573304342
0.173603448341088,0.125770041356776
0.173718972101259,0.12578275507697
0.173834490442001,0.125795471602334
0.173950003131705,0.125808190874436
0.174065510363092,0.12582091288233
0.17418101212378,0.125833637592182
0.174296508724823,0.125846365005893
0.174412000077695,0.125859095081323
0.174527486363923,0.125871827806628
0.174642967580466,0.125884563149527
0.174758443764865,0.125897301082577
0.174873915178756,0.125910041602934
0.174989381808233,0.125922784677349
0.175104843656956,0.125935530275073
0.175220300877286,0.12594827838178
0.175335753660363,0.125961028987255
0.17545120199626,0.12597378205931
0.175566645890416,0.125986537567921
0.175682085638105,0.125999295514954
0.175797521156007,0.126012055860415
0.175912952535661,0.126024818584207
0.176028380015956,0.126037583682282
0.176143803473607,0.12605035111072
0.176259223124745,0.126063120863558
0.176374638900518,0.126075892903165
0.17649005095445,0.126088667216862
0.176605459559241,0.126101443804833
0.176720864513678,0.126114222615134
0.176836266056005,0.126127003644999
0.176951664212045,0.126139786867776
0.177067059020805,0.126152572258669
0.177182450511196,0.126165359791902
0.17729783901378,0.126178149474975
0.177413224359447,0.126190941260079
0.177528606738843,0.126203735139891
0.177643986177184,0.126216531088486
0.177759362745099,0.126229329085265
0.177874736530917,0.126242129111642
0.177990107650751,0.126254931152165
0.178105476254833,0.126267735195204
0.178220842292607,0.126280541207098
0.178336205774512,0.126293349161361
0.178451566930233,0.126306159055674
0.178566925736069,0.126318970859532
0.178682282311076,0.126331784558671
0.178797636649952,0.12634460012504
0.178912988922264,0.126357417550155
0.17902833909545,0.126370236803084
0.179143687363074,0.126383057878251
0.17925903385173,0.12639588076245
0.179374378466943,0.126408705418311
0.179489721471487,0.126421531848358
0.179605062715109,0.126434360009099
0.179720402343449,0.126447189890431
0.179835740441902,0.126460021475257
0.179951077130752,0.126472854750487
0.180066412404143,0.126485689689177
0.18018174633922,0.126498526273864
0.180297079036467,0.126511364489643
0.180412410570553,0.126524204318806
0.180527740821398,0.126537045722294
0.180643070158053,0.12654988871549
0.180758398546929,0.126562733268603
0.180873726088092,0.126575579367337
0.180989052692387,0.126588426976447
0.181104378542246,0.126601276091092
0.181219703658906,0.126614126688269
0.181335028119574,0.126626978751488
0.181450352001942,0.126639832264347
0.181565675377645,0.126652687209867
0.181680998394192,0.126665543579566
0.18179632102625,0.126678401345834
0.181911643355302,0.126691260493261
0.182026965358353,0.126704120994823
0.182142287193732,0.126716982843798
0.182257608852864,0.126729846014797
0.182372930480457,0.126742710499738
0.182488252164162,0.12675557628409
0.182603573929776,0.12676844334666
0.182718895794958,0.12678131166557
0.182834217823489,0.126794181224166
0.182949540263755,0.126807052026225
0.183064862887686,0.126819924022566
0.183180185993127,0.126832797223112
0.183295509592467,0.126845671605445
0.183410833694686,0.126858547147269
0.18352615830853,0.126871423826417
0.183641483516537,0.126884301628976
0.183756809332872,0.126897180533408
0.183872136010618,0.126910060544823
0.183987463438216,0.126922941627643
0.184102791815738,0.126935823781499
0.184218121121024,0.126948706981024
0.18433345135125,0.126961591203417
0.184448782708282,0.126974476448636
0.184564115073124,0.126987362680821
0.184679448662162,0.127000249901875
0.18479478344861,0.127013138086317
0.184910119491559,0.127026027218637
0.185025456968676,0.12703891729644
0.185140795766391,0.127051808284929
0.185256135956896,0.127064700170469
0.18537147771753,0.127077592950878
0.185486821053153,0.127090486604724
0.185602165917156,0.127103381105244
0.185717512581069,0.127116276461148
0.185832860943237,0.127129172639306
0.185948211223324,0.127142069642903
0.186063563288948,0.127154967435682
0.186178917273407,0.12716786601149
0.186294273203371,0.127180765352016
0.186409631166482,0.127193665445928
0.186524991198686,0.127206566276153
0.186640353379418,0.127219467830602
0.186755717811111,0.127232370099756
0.186871084445837,0.127245273057455
0.186986453361776,0.127258176691867
0.187101824625868,0.127271080989792
0.187217198172079,0.127283985923354
0.187332574262164,0.127296891501335
0.187447952928984,0.12730979770666
0.187563334141737,0.127322704515628
0.187678717906274,0.127335611908845
0.187794104391827,0.127348519885052
0.187909493706876,0.127361428436026
0.188024885684602,0.127374337523173
0.188140280442481,0.127387247140008
0.188255678122084,0.127400157282329
0.188371078762484,0.12741306793454
0.188486482454828,0.12742597908708
0.188601889172555,0.127438890717349
0.188717298930525,0.127451802807613
0.188832711774111,0.127464715343539
0.188948127792752,0.127477628315679
0.189063547177534,0.127490541725848
0.189178969766919,0.12750345553664
0.189294395686783,0.127516369743222
0.189409824980651,0.127529284331244
0.189525257658949,0.127542199282845
0.189640693844589,0.127555114592783
0.189756133583901,0.1275680302472
0.18987157683839,0.127580946223023
0.189987023841136,0.127593862527538
0.190102474493176,0.127606779130808
0.190217928910306,0.127619696027329
0.190333387110616,0.127632613200512
0.190448849010557,0.127645530622693
0.190564314816575,0.127658448298634
0.190679784590122,0.127671366216576
0.190795258414515,0.127684284367467
0.190910736209147,0.127697202724145
0.191026218033327,0.127710121275324
0.191141704075098,0.127723040023835
0.191257194287274,0.127735958946229
0.191372688721235,0.12774887803046
0.191488187414897,0.127761797262922
0.191603690403812,0.127774716629819
0.191719197784556,0.127787636124186
0.191834709433302,0.127800555714577
0.191950225566077,0.127813475407673
0.192065746216471,0.12782639518942
0.192181271362398,0.127839315039924
0.192296801093149,0.127852234951844
0.192412335591097,0.127865154928034
0.192527874637853,0.127878074926802
0.192643418386752,0.127890994948426
0.192758966896649,0.127903914982179
0.192874520172269,0.127916835011487
0.1929900783191,0.127929755031122
0.193105641429271,0.127942675034276
0.193221209396761,0.12795559499225
0.193336782433049,0.127968514911957
0.193452360495372,0.127981434771662
0.193567943693077,0.127994354566945
0.193683531921922,0.128007274269557
0.193799125336356,0.128020193880326
0.193914723860964,0.12803311337424
0.19403032773032,0.12804603276105
0.194145936805189,0.128058952008645
0.194261551258568,0.128071871120178
0.194377171087975,0.128084790078937
0.194492796427549,0.128097708883662
0.194608427211191,0.128110627510764
0.194724063432507,0.128123545943663
0.194839705193619,0.128136464177779
0.194955352535305,0.128149382201581
0.195071005402115,0.128162299993028
0.195186664043084,0.128175217564035
0.195302328492814,0.128188134902311
0.195417998639271,0.128201051979726
0.195533674502453,0.128213968783134
0.195649356335659,0.128226885325053
0.195765043952492,0.128239801568936
0.195880737551843,0.128252717521686
0.19599643703286,0.128265633156482
0.196112142515789,0.128278548471487
0.196227854145233,0.128291463467274
0.196343571789576,0.128304378113828
0.19645929565213,0.128317292418739
0.196575025573098,0.128330206348937
0.196690761787891,0.128343119915708
0.196806504206675,0.128356033093772
0.196922252785612,0.1283689458635
0.197038007684193,0.128381858227776
0.197153769037493,0.128394770186459
0.197269536805066,0.128407681720065
0.197385310877672,0.128420592801889
0.19750109154853,0.128433503449929
0.197616878751777,0.128446413641828
0.197732672480989,0.12845932336242
0.197848472765003,0.128472232600457
0.197964279708834,0.128485141353079
0.198080093318527,0.128498049606395
0.198195913556402,0.1285109573419
0.198311740657527,0.128523864571369
0.198427574552243,0.128536771272487
0.19854341518239,0.128549677424763
0.198659262740496,0.128562583035479
0.198775117279007,0.128575488096042
0.198890978682544,0.128588392579585
0.199006847048991,0.12860129648317
0.199122722436747,0.128614199799192
0.199238604831347,0.128627102512077
0.199354494276862,0.128640004612899
0.199470390890658,0.12865290610078
0.199586294647915,0.12866580695906
0.199702205558882,0.128678707175242
0.199818123746865,0.128691606749317
0.199934049172167,0.128704505663132
0.200049981913939,0.128717403911963
0.200165921992038,0.128730301484413
0.200281869484614,0.128743198375648
0.200397824337109,0.128756094566153
0.200513786635689,0.128768990052206
0.200629756396604,0.12878188482219
0.200745733743708,0.128794778876497
0.200861718575201,0.128807672190517
0.200977711118572,0.128820564776362
0.201093711235876,0.12883345660538
0.201209719033885,0.12884634767652
0.201325734499024,0.128859237975151
0.201441757686047,0.128872127494375
0.201557788664868,0.128885016228908
0.201673827495418,0.128897904172376
0.201789874080486,0.128910791301166
0.201905928598402,0.128923677622328
0.202021990916401,0.12893656310825
0.202138061294327,0.128949447775071
0.202254139535082,0.128962331588052
0.202370225834753,0.128975214556508
0.202486320166369,0.128988096664636
0.202602422631697,0.129000977911168
0.202718533081925,0.129013858267133
0.202834651722788,0.129026737743018
0.202950778573286,0.129039616328226
0.203066913626536,0.129052494009629
0.203183057015322,0.129065370789581
0.203299208492807,0.129078246628519
0.203415368290686,0.129091121540152
0.203531536387852,0.12910399550966
0.203647712963423,0.129116868544621
0.203763897990883,0.129129740629768
0.203880091401639,0.129142611745599
0.203996293349622,0.129155481897205
0.204112503699195,0.129168351057529
0.204228722600707,0.129181219231422
0.204344950132373,0.129194086415394
0.204461186202906,0.129206952587475
0.204577430958256,0.12921981775209
0.204693684278246,0.129232681884113
0.204809946400973,0.129245544998189
0.204926217239185,0.129258407072731
0.20504249680583,0.129271268097696
0.205158785049444,0.129284128055905
0.205275082152783,0.129296986955983
0.205391388128628,0.129309844787551
0.205507703046311,0.129322701546732
0.205624026962408,0.129335557228237
0.205740359692648,0.129348411800448
0.205856701453946,0.12936126527616
0.205973052188862,0.129374117637479
0.206089411973013,0.129386968881529
0.206205780843956,0.129399819001123
0.206322158779599,0.129412667982631
0.206438545846888,0.129425515822319
0.206554942027669,0.12943836250703
0.206671347449347,0.129451208039705
0.206787762258754,0.129464052425204
0.206904186171319,0.129476895621192
0.207020619361472,0.129489737636336
0.207137061777737,0.12950257845389
0.20725351352668,0.129515418074729
0.207369974695891,0.129528256497446
0.207486445283413,0.129541093710902
0.207602925413943,0.129553929718004
0.207719414997199,0.129566764498013
0.207835913936563,0.129579598029895
0.207952422493918,0.129592430331845
0.208068940571325,0.129605261382158
0.208185468237151,0.129618091177895
0.208302005545542,0.129630919714381
0.208418552490749,0.129643746980435
0.208535109115037,0.12965657297026
0.208651675355074,0.129669397666504
0.208768251321841,0.129682221071033
0.208884837043415,0.129695043176416
0.209001432590548,0.129707863980024
0.209118038027944,0.129720683478548
0.209234653251928,0.12973350165038
0.209351278338188,0.129746318493789
0.209467913327043,0.129759134002933
0.2095845581922,0.129771948164771
0.209701212983131,0.129784760974674
0.209817877800846,0.129797572433533
0.209934552773019,0.129810382545072
0.210051237621966,0.129823191268887
0.210167932519021,0.129835998614187
0.210284637576017,0.129848804583005
0.210401352592479,0.129861609143457
0.210518077829821,0.129874412314487
0.210634813314279,0.129887214088743
0.210751558884865,0.12990001443889
0.210868314755998,0.129912813378809
0.210985080979667,0.129925610904132
0.211101857415397,0.129938406989833
0.211218644151006,0.129951201636092
0.211335441289469,0.129963994844395
0.211452248601145,0.129976786580071
0.211569066371475,0.12998957686498
0.211685894598614,0.130002365688976
0.211802733296369,0.130015153044065
0.211919582380533,0.130027938911687
0.212036442068813,0.130040723306233
0.212153312227136,0.130053506203456
0.212270192902091,0.130066287599299
0.212387084209338,0.130079067496964
0.212503986171856,0.130091845889484
0.212620898787731,0.130104622767381
0.212737821998151,0.130117398115113
0.212854755843585,0.130130171928025
0.212971700471663,0.13014294421292
0.21308865567742,0.13015571493825
0.213205621705396,0.130168484121755
0.213322598512385,0.130181251749341
0.213439586139794,0.130194017816522
0.213556584607437,0.13020678231642
0.213673593957011,0.130219545244578
0.21379061424102,0.130232306597704
0.21390764539035,0.130245066359365
0.214024687567661,0.130257824538422
0.214141740665787,0.130270581114221
0.214258804712178,0.130283336081115
0.214375879718241,0.130296089431562
0.214492965728535,0.130308841161626
0.214610062881845,0.130321591277512
0.214727171171612,0.130334339769603
0.214844290585762,0.130347086627962
0.214961421034226,0.130359831834315
0.215078562672678,0.130372575397052
0.215195715601987,0.130385317318251
0.21531287958488,0.13039805756362
0.215430054898114,0.130410796154913
0.215547241451411,0.130423533073511
0.215664439313907,0.130436268318551
0.215781648383017,0.130449001870492
0.215898868859108,0.130461733742718
0.216016100670245,0.130474463918816
0.216133343802571,0.130487192389081
0.216250598470048,0.1304999191683
0.216367864419159,0.130512644220584
0.216485141928658,0.130525367568105
0.216602430881185,0.130538089189612
0.216719731425869,0.130550809093137
0.21683704344684,0.130563527257857
0.216954366940474,0.130576243675464
0.217071702081787,0.130588958356709
0.21718904878834,0.130601671284379
0.217306407076777,0.130614382452349
0.217423776958283,0.130627091853815
0.21754115855229,0.130639799493599
0.217658551823161,0.130652505359726
0.217775956882739,0.130665209456322
0.21789337372224,0.130677911774381
0.218010802308749,0.130690612302523
0.218128242660373,0.130703311034928
0.218245694777469,0.130716007963811
0.21836315866359,0.130728703081768
0.218480634393629,0.130741396389057
0.218598122126907,0.130754087894878
0.218715621690729,0.13076677757275
0.218833133246692,0.130779465432583
0.218950656712597,0.130792151457696
0.219068192175577,0.130804835649912
0.219185739668487,0.130817518005019
0.219303299110925,0.130830198506785
0.21942087056129,0.130842877154049
0.219538454021193,0.13085555393938
0.219656049602097,0.130868228867179
0.219773657293652,0.130880901928677
0.219891277035946,0.130893573110037
0.220008908924569,0.130906242414162
0.220126552985326,0.130918909836264
0.220244209257953,0.130931575373158
0.220361877735317,0.130944239016676
0.220479558489764,0.130956900767236
0.220597251560231,0.130969560621586
0.220714956847668,0.130982218561834
0.220832674425833,0.13099487458878
0.220950404315098,0.131007528697274
0.221068146619429,0.131020180891153
0.221185901266622,0.131032831155381
0.221303668236715,0.131045479480807
0.221421447692035,0.131058125877649
0.221539239500228,0.131070770324451
0.221657043808245,0.131083412829984
0.221774860640889,0.131096053389616
0.221892689888888,0.131108691984644
0.222010531687584,0.131121328622655
0.222128386077574,0.131133963300781
0.22224625295892,0.131146596001366
0.222364132390075,0.131159226723867
0.222482024395072,0.131171855463855
0.222599929084873,0.13118448222618
0.222717846432432,0.13119710700092
0.222835776389312,0.131209729776142
0.222953719081619,0.131222350558515
0.223071674397864,0.131234969329228
0.223189642387013,0.131247586086884
0.223307623137459,0.13126020083405
0.223425616702553,0.1312728135695
0.223543623047865,0.13128542428279
0.223661642109909,0.131298032960588
0.223779674092432,0.131310639617947
0.223897718913049,0.131323244239184
0.224015776585015,0.131335846819215
0.224133847194664,0.131348447360597
0.224251930742759,0.131361045856712
0.224370027076143,0.131373642284824
0.224488136353034,0.131386236655418
0.224606258654663,0.13139882897034
0.224724393969818,0.131411419221765
0.224842542337408,0.131424007407372
0.224960703636664,0.131436593507934
0.225078878000946,0.13144917753134
0.225197065496976,0.131461759478046
0.225315265976683,0.131474339325935
0.225433479651441,0.131486917091216
0.225551706447033,0.131499492759414
0.225669946312882,0.131512066319003
0.225788199307618,0.131524637769996
0.225906465621238,0.131537207126069
0.226024745036308,0.131549774357753
0.226143037691399,0.131562339473783
0.226261343641134,0.131574902473529
0.226379662745294,0.131587463335954
0.226497995089271,0.131600022064137
0.226616340871279,0.131612578672679
0.226734699914402,0.131625133136519
0.226853072255803,0.13163768545376
0.226971458080256,0.131650235637739
0.227089857249581,0.131662783667579
0.227208269808256,0.131675329542148
0.227326695718018,0.131687873251387
0.227445135069816,0.131700414798925
0.22756358784675,0.131712954176878
0.227682054174789,0.131725491392536
0.227800533876332,0.131738026421143
0.227919027192864,0.131750559282413
0.228037533992547,0.131763089956271
0.228156054365149,0.131775618446454
0.22827458829415,0.131788144745274
0.228393135834007,0.131800668852633
0.228511697011853,0.131813190765491
0.228630271773117,0.13182571047231
0.228748860158775,0.131838227971714
0.228867462202186,0.131850743261398
0.228986077920331,0.131863256337353
0.229104707278583,0.131875767190226
0.22922335040745,0.131888275828035
0.229342007202438,0.131900782233985
0.229460677771339,0.131913286413853
0.229579362154346,0.13192578836605
0.229698060312991,0.131938288080877
0.229816772253418,0.131950785553457
0.229935498021737,0.13196328078304
0.230054237626529,0.131975773764897
0.230172991117028,0.131988264498616
0.230291758424609,0.132000752971452
0.230410539785154,0.132013239202611
0.230529334841341,0.132025723149011
0.230648143947942,0.132038204842723
0.230766966892088,0.132050684255607
0.230885803909672,0.132063161407101
0.231004654689162,0.132075636259026
0.231123519577531,0.13208810884259
0.231242398643685,0.132100579159056
0.231361291716572,0.132113047185129
0.231480198842651,0.132125512920614
0.231599119927541,0.132137976350368
0.231718055149398,0.132150437487761
0.23183700443331,0.132162896319452
0.231955967838226,0.132175352846401
0.232074945330062,0.13218780705975
0.232193937170178,0.132200258981447
0.232312943127836,0.132212708581929
0.232431963210479,0.13222515585715
0.232550997525682,0.132237600813135
0.232670046186936,0.132250043456312
0.232789109188209,0.132262483780721
0.232908186409376,0.132274921768818
0.233027277740012,0.132287357404301
0.233146383361178,0.132299790701042
0.233265503354911,0.132312221662166
0.233384637565535,0.132324650266347
0.233503786212727,0.132337076531524
0.233622949282301,0.132349500450879
0.233742126588967,0.132361922000269
0.233861318305025,0.132374341192846
0.233980524448693,0.132386758025275
0.234099745043929,0.132399172495024
0.23421898009131,0.132411584597193
0.234338229635274,0.132423994331462
0.234457493582406,0.132436401683243
0.234576772074597,0.132448806662449
0.234696065015215,0.13246120925404
0.234815372540649,0.132473609467373
0.234934694673499,0.132486007299739
0.235054031298767,0.132498402734436
0.235173382427066,0.132510795767968
0.235292748278255,0.132523186418188
0.235412128733187,0.132535574667707
0.235531523751104,0.132547960507761
0.235650933430515,0.132560343943851
0.235770357816561,0.13257272497575
0.235889796797814,0.132585103587224
0.236009250590534,0.132597479795993
0.236128719017323,0.13260985357884
0.236248202089004,0.132622224932498
0.236367699931968,0.132634593865321
0.23648721251125,0.132646960368888
0.236606739831378,0.132659324439101
0.236726281994994,0.132671686081901
0.236845838933365,0.132684045285508
0.2369654107582,0.13269640205692
0.23708499733285,0.132708756377439
0.237204598792209,0.132721108256574
0.237324215045138,0.13273345768029
0.237443846228423,0.132745804658225
0.237563492228483,0.132758149174073
0.237683153256899,0.132770491245178
0.237802829198756,0.13278283085502
0.237922520131634,0.132795168007264
0.238042225971061,0.132807502688768
0.238161946715557,0.132819834895121
0.238281682506965,0.132832164636435
0.238401433254179,0.132844491898803
0.238521199141883,0.132856816696841
0.23864097993431,0.132869139001879
0.238760775826401,0.13288145882984
0.238880586876662,0.132893776182093
0.23900041295457,0.132906091040919
0.239120254178958,0.13291840341436
0.239240110439186,0.132930713286716
0.239359981687821,0.132943020649077
0.239479868271643,0.132955325532585
0.239599769963933,0.132967627909378
0.239719686964884,0.132979927795932
0.239839619139443,0.132992225174046
0.239959566511223,0.133004520042148
0.240079528930549,0.133016812380864
0.240199506629855,0.133029102209889
0.240319499421974,0.133041389505713
0.240439507729708,0.133053674307381
0.2405595312615,0.133065956580533
0.24067957003593,0.13307823632339
0.240799624051399,0.133090513531743
0.240919693494787,0.133102788220468
0.241039778216499,0.133115060370042
0.241159878269047,0.13312732998197
0.241279993872184,0.133139597074419
0.241400124785432,0.133151861618674
0.241520271051518,0.133164123615438
0.241640432736176,0.133176383067356
0.241760609828735,0.133188639969261
0.241880802365791,0.133200894320902
0.242001010301458,0.133213146113641
0.242121233670351,0.133225395347117
0.242241472580586,0.133237642028282
0.242361727029959,0.133249886152824
0.242481996862574,0.133262127701119
0.242602282260207,0.133274366687895
0.242722583201312,0.133286603106844
0.242842899719571,0.133298836957517
0.242963231913625,0.133311068245974
0.243083579523351,0.133323296942032
0.243203942888883,0.13333552307656
0.243324321810947,0.133347746625186
0.243444716343789,0.133359967589862
0.243565126520255,0.133372185970074
0.24368555237383,0.133384401765371
0.243805993923564,0.133396614973863
0.243926450977699,0.133408825572519
0.244046923904956,0.133421033594977
0.24416741248799,0.133433239015125
0.244287916866618,0.133445441843608
0.244408436777233,0.133457642050107
0.244528972446568,0.133469839654118
0.244649523975299,0.133482034661742
0.244770091320179,0.133494227064793
0.244890674437278,0.133506416855303
0.245011273360871,0.133518604033185
0.245131888099486,0.133530788595649
0.245252518594718,0.133542970533237
0.245373164905554,0.133555149848369
0.245493827101744,0.133567326544364
0.245614505305175,0.13357950062973
0.24573519937174,0.133591672086313
0.245855909423754,0.13360384092304
0.245976635326613,0.133616007122783
0.246097377175027,0.133628170691705
0.246218134865417,0.133640331615839
0.246338908537245,0.133652489905775
0.246459698186727,0.133664645557445
0.246580503919631,0.133676798577921
0.246701325537211,0.133688948943776
0.2468221631287,0.133701096660789
0.246943016884432,0.133713241744388
0.247063886642317,0.13372538417469
0.247184772370269,0.133737523945346
0.247305674223074,0.133749661068462
0.247426592033354,0.13376179552376
0.247547525932836,0.133773927321225
0.247668476046613,0.13378605646975
0.247789442247298,0.133798182953109
0.247910424660421,0.133810306780645
0.248031423091963,0.133822427929601
0.248152437736106,0.133834546416253
0.248273468467991,0.133846662224631
0.248394515528892,0.133858775375559
0.248515578766086,0.13387088585025
0.24863665815248,0.133882993642977
0.248757753622376,0.13389509874406
0.248878865427768,0.133907201175333
0.248999993445123,0.133919300920928
0.249121137868269,0.133931397996977
0.249242298476521,0.133943492378154
0.249363475350008,0.133955584069536
0.249484668422694,0.133967673061323
0.249605877912451,0.133979759371973
0.249727103697932,0.133991842985987
0.249848345903387,0.134003923912658
0.249969604408588,0.134016002136804
0.250090879275208,0.134028077661573
0.250212170353861,0.134040150469033
0.250333477945403,0.134052220585986
0.250454801901705,0.13406428799426
0.250576142376963,0.134076352706166
0.250697499287136,0.134088414710137
0.250818872571971,0.134100473997301
0.250940262370072,0.134112530578377
0.251061668613452,0.134124584443421
0.251183091260243,0.134136635585374
0.251304530328278,0.134148684003053
0.251425986009047,0.134160729712247
0.251547458181808,0.134172772697777
0.251668946947712,0.134184812966763
0.251790452186351,0.13419685050427
0.25191197397761,0.134208885315363
0.252033512325177,0.134220917397341
0.252155067250507,0.134232946749344
0.252276638748651,0.134244973367917
0.252398226829072,0.134256997251071
0.252519831526841,0.134269018399316
0.252641452784935,0.134281036804104
0.252763090659959,0.134293052468174
0.252884745200238,0.134305065393287
0.253006416474678,0.134317075583228
0.253128104380294,0.134329083024945
0.253249809084633,0.134341087732136
0.253371530338024,0.134353089677308
0.253493268263888,0.134365088870073
0.25361502316445,0.134377085336965
0.253736794600525,0.134389079031783
0.253858582634102,0.134401069958443
0.253980387621589,0.134413058148896
0.254102209342213,0.134425043578235
0.254224047770252,0.134437026241478
0.25434590306291,0.134449006151269
0.254467775141827,0.134460983296976
0.254589664103875,0.134472957685392
0.254711569929037,0.134484929311699
0.25483349243939,0.134496898155885
0.254955431886058,0.134508864239956
0.255077388140138,0.134520827548295
0.255199361250374,0.134532788083107
0.25532135128296,0.13454474584808
0.255443358208831,0.134556700837602
0.255565381987105,0.134568653045076
0.255687422681002,0.134580602474055
0.25580948038621,0.134592549131079
0.255931554972065,0.134604493000676
0.256053646622939,0.134616434098293
0.256175755159936,0.134628372403705
0.256297880702581,0.134640307926144
0.256420023252853,0.134652240663042
0.256542182766946,0.134664170607544
0.256664359162369,0.134676097749156
0.256786552591999,0.13468802210023
0.256908763197716,0.134699943671681
0.257030990890205,0.134711862452069
0.257153235542112,0.134723778426675
0.257275497404548,0.134735691617452
0.257397776274912,0.134747602001933
0.257520072160747,0.134759509578615
0.25764238523813,0.134771414361998
0.257764715495034,0.134783316348135
0.257887062820574,0.134795215523837
0.258009427326071,0.134807111897538
0.258131808964721,0.134819005462099
0.258254207750064,0.134830896216417
0.25837662386216,0.134842784175356
0.258499056975834,0.13485466930489
0.258621507265028,0.134866551619807
0.258743974746179,0.134878431119029
0.258866459452004,0.134890307803214
0.258988961318993,0.134902181663788
0.2591114805472,0.134914052717661
0.25923401696039,0.134925920945209
0.259356570692427,0.134937786357152
0.25947914165958,0.134949648942901
0.259601729954507,0.13496150870909
0.259724335475213,0.134973365643449
0.259846958241587,0.134985219745682
0.259969598505538,0.13499707103756
0.260092255937247,0.135008919484761
0.260214930884195,0.13502076511871
0.260337622931219,0.13503260789687
0.260460332537351,0.135044447861445
0.26058305941754,0.135056284982212
0.260705803779186,0.135068119277084
0.260828565471015,0.135079950729043
0.260951344497391,0.135091779336444
0.261074140901915,0.135103605101196
0.2611969548119,0.135115428033114
0.261319786112705,0.135127248118798
0.261442634880659,0.135139065363449
0.261565501141765,0.135150879767213
0.261688384729199,0.135162691311919
0.261811285871837,0.135174500017411
0.261934204566329,0.13518630588082
0.262057140709888,0.135198108890135
0.262180094479078,0.135209909060128
0.262303065635428,0.135221706365682
0.262426054309212,0.135233500817354
0.262549060472632,0.13524529241016
0.262672084442207,0.135257081172023
0.262795125855014,0.135268867065834
0.26291818487645,0.13528065010568
0.263041261353596,0.13529243027472
0.263164355498848,0.135304207591179
0.263287467318734,0.135315982053235
0.263410596670172,0.13532775364517
0.263533743664561,0.135339522375658
0.263656908351253,0.135351288247124
0.263780090541703,0.135363051239532
0.263903290529657,0.135374811378882
0.264026508174224,0.135386568649337
0.264149743432796,0.13539832304498
0.264272996385579,0.135410074571423
0.26439626711032,0.135421823233837
0.264519555410597,0.135433569011491
0.264642861405471,0.135445311913883
0.264766185204453,0.135457051949156
0.264889526845656,0.135468789118691
0.265012886219014,0.13548052341002
0.265136263226392,0.135492254812067
0.265259657979277,0.135503983333511
0.265383070549026,0.135515708978909
0.265506500798298,0.13552743173321
0.265629948981009,0.135539151618531
0.265753415007156,0.135550868624061
0.265876898752577,0.135562582736269
0.266000400405637,0.135574293971122
0.266123919776457,0.135586002308557
0.266247457217279,0.135597707779983
0.266371012378101,0.135609410350085
0.266494585527187,0.135621110042612
0.266618176472916,0.135632806837308
0.266741785437591,0.135644500753369
0.266865412223373,0.135656191770027
0.266989056812625,0.135667879884006
0.26711271936968,0.135679565108863
0.267236399826211,0.135691247436054
0.267360098274727,0.135702926872434
0.267483814677637,0.135714603412486
0.267607548947798,0.135726277046244
0.267731301339787,0.135737947795797
0.267855071566432,0.135749615632078
0.267978859932049,0.135761280582083
0.268102666248056,0.13577294262594
0.268226490631898,0.135784601773035
0.268350332969545,0.135796258010759
0.268474193352903,0.135807911346031
0.268598071679101,0.135819561767324
0.268721967942166,0.135831209272421
0.268845882504871,0.135842853893338
0.268969815068492,0.135854495599905
0.269093765727742,0.135866134399574
0.269217734512639,0.135877770293277
0.269341721478349,0.135889403284322
0.269465726450449,0.135901033354648
0.26958974962692,0.135912660521168
0.269713790908973,0.135924284772678
0.269837850178211,0.135935906096565
0.269961927663159,0.135947524512501
0.270086023263592,0.135959140009115
0.270210136980782,0.13597075258492
0.270334268883481,0.135982362244587
0.270458419059631,0.135993968994452
0.270582587400328,0.136005572822583
0.270706773896818,0.136017173726638
0.270830978635293,0.136028771712943
0.270955201549561,0.136040366773562
0.271079442644858,0.13605195890739
0.271203702059873,0.136063548125582
0.271327979672404,0.136075134414969
0.271452275667482,0.136086717791158
0.271576589871613,0.136098298236222
0.271700922373394,0.136109875756941
0.271825273180753,0.136121450352307
0.271949642315183,0.136133022022648
0.272074029687159,0.136144590758054
0.272198435400764,0.136156156566636
0.272322859380747,0.136167719439703
0.27244730172335,0.136179279384608
0.272571762376151,0.136190836394788
0.27269624146607,0.136202390480395
0.272820739034808,0.136213941643495
0.272945254888764,0.136225489864636
0.273069789102256,0.136237035149375
0.27319434157418,0.136248577486773
0.273318912545167,0.136260116897498
0.27344350198887,0.136271653377215
0.273568109758752,0.136283186910934
0.273692735998204,0.136294717510498
0.273817380633668,0.136306245167431
0.273942043681219,0.136317769881765
0.274066725192584,0.136329291656699
0.274191425258861,0.136340810498971
0.274316143745188,0.136352326394581
0.2744408806493,0.136363839342013
0.27456563618952,0.136375349359759
0.27469041006811,0.136386856418773
0.27481520256397,0.136398360543474
0.274940013588362,0.136409861723895
0.275064843106665,0.136421359955492
0.275189691210412,0.136432855245219
0.275314557749561,0.136444347577789
0.275439442897674,0.136455836967784
0.275564346585611,0.136467323407203
0.27568926879487,0.136478806892987
0.275814209623394,0.136490287432655
0.275939169145723,0.13650176503141
0.276064146988049,0.136513239653676
0.276189143648363,0.136524711343892
0.276314158870261,0.136536180076618
0.276439192784997,0.136547645862687
0.276564245291093,0.136559108691318
0.276689316447572,0.13657056856661
0.276814406279689,0.136582025489385
0.276939514677224,0.136593479448206
0.277064641786985,0.136604930455164
0.277189787663206,0.13661637851359
0.277314952151478,0.136627823608012
0.277440135299859,0.136639265741645
0.27756533704607,0.136650704907437
0.277690557647975,0.136662141127456
0.277815797026022,0.136673574392765
0.277941055113232,0.136685004696047
0.278066331919602,0.136696432036991
0.278191627595345,0.136707856427839
0.278316941943344,0.136719277849226
0.278442275007685,0.136730696304086
0.278567626772992,0.136742111789672
0.278692997315525,0.136753524311557
0.278818386600618,0.136764933865184
0.278943794765091,0.136776340461621
0.279069221692595,0.136787744088884
0.279194667549822,0.136799144760859
0.279320132247961,0.136810542468037
0.279445615617864,0.136821937194027
0.279571117856738,0.136833328955568
0.279696638955726,0.136844717750315
0.279822178950897,0.136856103580223
0.279947737827053,0.136867486442615
0.280073315594596,0.136878866337195
0.280198912139497,0.136890243252465
0.280324527733847,0.136901617211772
0.280450162044745,0.136912988183618
0.280575815386662,0.136924356195429
0.280701487601283,0.136935721231361
0.280827178811346,0.136947083301378
0.280952888826553,0.13695844238706
0.28107861788963,0.136969798509194
0.281204365786013,0.13698115164703
0.281330132681617,0.136992501814491
0.281455918590083,0.13700384901138
0.281581723648741,0.137015193248736
0.281707547515684,0.137026534494626
0.281833390363983,0.137037872763822
0.281959252273391,0.137049208062056
0.282085133190243,0.137060540383215
0.282211032960101,0.13707186971242
0.282336951836669,0.137083196071364
0.282462889751442,0.137094519452421
0.282588846705529,0.137105839854599
0.282714822712364,0.137117157277957
0.282840817808496,0.13712847172459
0.282966831979559,0.137139783192027
0.283092865330603,0.137151091688498
0.283218917560239,0.137162397185931
0.283344988938458,0.137173699707629
0.283471079437132,0.13718499924961
0.283597189038785,0.137196295809206
0.283723317836513,0.1372075893936
0.283849465653882,0.137218879985904
0.283975632554792,0.137230167590936
0.284101818721773,0.13724145222371
0.284228023966948,0.137252733866202
0.284354248485527,0.137264012534872
0.284480492058982,0.137275288209035
0.284606754868048,0.137286560903909
0.284733036792517,0.137297830607551
0.2848593380215,0.137309097335766
0.284985658306129,0.137320361065232
0.285111997952631,0.137331621822288
0.285238356682619,0.13734287958088
0.285364734651338,0.137354134354029
0.285491131850641,0.137365386139783
0.285617548173747,0.137376634927669
0.285743983789201,0.137387880731666
0.285870438791361,0.137399123558824
0.285996913033721,0.137410363395051
0.286123406510506,0.137421600239031
0.286249919282787,0.13743283409516
0.286376451368818,0.137444064963942
0.286503002616752,0.137455292830979
0.286629573256254,0.137466517715675
0.286756163239407,0.137477739612501
0.286882772378502,0.137488958504012
0.287009400941676,0.137500174413045
0.287136048897164,0.137511387335457
0.287262716144272,0.137522597261443
0.287389402706192,0.13753380419222
0.287516108755636,0.137545008141935
0.287642834106716,0.13755620909308
0.287769578805068,0.137567407048938
0.287896342767371,0.137578602001218
0.28802312623048,0.137589793969799
0.288149929074815,0.13760098294293
0.288276751269897,0.137612168917142
0.288403592938154,0.137623351902258
0.288530454028411,0.137634531892698
0.288657334546319,0.137645708888081
0.288784234373384,0.137656882877139
0.288911153673529,0.137668053873419
0.289038092449971,0.137679221876052
0.289165050700384,0.137690386883889
0.289292028465127,0.137701548899543
0.289419025643669,0.137712707913299
0.289546042329178,0.13772386393251
0.289673078458803,0.137735016950686
0.289800134099218,0.137746166972809
0.28992720930894,0.137757314002987
0.290054303921571,0.137768458025778
0.290181418102943,0.137779599054942
0.290308551887429,0.137790737092368
0.29043570522225,0.137801872132528
0.29056287807271,0.137813004171621
0.290690070376077,0.137824133203402
0.290817282282727,0.137835259240139
0.290944513765829,0.13784638227843
0.291071764796802,0.137857502314963
0.291199035455468,0.137868619355844
0.291326325492657,0.137879733378552
0.291453635245835,0.137890844411786
0.291580964623698,0.137901952446353
0.291708313623231,0.137913057481244
0.291835682163925,0.137924159508698
0.291963070392232,0.137935258540658
0.292090478228424,0.137946354569219
0.29221790575551,0.137957447600821
0.292345352711606,0.137968537611956
0.292472819392916,0.137979624627716
0.292600305848957,0.137990708651163
0.292727811981404,0.138001789672912
0.292855337697458,0.13801286768432
0.292982883225037,0.138023942704365
0.293110448241569,0.13803501470419
0.293238033060558,0.138046083710399
0.293365637715838,0.138057149724708
0.293493262032024,0.13806821273118
0.293620906047797,0.138079272732619
0.293748569766689,0.138090329728531
0.293876253072085,0.138101383708125
0.294003956278138,0.138112434697743
0.294131679216489,0.138123482681748
0.29425942202776,0.138134527671639
0.294387184456167,0.13814556964458
0.294514966769642,0.138156608623121
0.294642768737152,0.138167644586392
0.294770590480708,0.138178677544381
0.294898432138181,0.138189707507993
0.295026293609313,0.138200734467709
0.295154174761282,0.13821175841158
0.295282075900531,0.138222779365262
0.295409996812037,0.138233797309253
0.295537937333335,0.138244812229237
0.295665897981991,0.138255824168908
0.295793878277331,0.138266833085844
0.295921878465985,0.138277839000973
0.296049898411062,0.138288841901643
0.296177938354126,0.138299841807882
0.296305998078967,0.13831083870026
0.296434077716689,0.138321832589516
0.296562177288156,0.138332823476582
0.296690296726597,0.13834381135505
0.29681843600634,0.138354796222152
0.296946595221705,0.138365778085266
0.297074774300348,0.138376756937441
0.297202973213255,0.138387732775628
0.297331192165803,0.13839870561663
0.297459431003357,0.138409675446379
0.297587689847501,0.138420642274713
0.297715968734613,0.138431606103913
0.297844267386275,0.138442566909687
0.297972586164825,0.138453524722449
0.298100924754549,0.138464479514362
0.298229283480757,0.13847543131269
0.298357662146325,0.138486380099709
0.298486060696306,0.138497325870379
0.298614479437949,0.138508268650122
0.298742917934941,0.138519208401041
0.298871376426885,0.138530145143304
0.298999855024557,0.138541078885344
0.299128353750608,0.138552009628256
0.299256872535903,0.138562937365557
0.299385411237769,0.138573862084723
0.299513969967911,0.138584783794766
0.299642548742271,0.138595702496278
0.299771147633096,0.13860661819469
0.299899766530742,0.138617530880073
0.300028405577428,0.138628440563936
0.300157064632949,0.138639347233721
0.300285743901497,0.138650250906169
0.300414443122162,0.138661151558523
0.300543162458227,0.138672049204243
0.300671901910911,0.138682943842654
0.300800661476407,0.138693835472833
0.300929441165267,0.138704724095094
0.301058240872016,0.13871560970002
0.301187060903704,0.138726492312901
0.301315901044109,0.138737371914658
0.301444761286164,0.13874824850441
0.301573641725775,0.138759122089664
0.301702542337365,0.138769992667595
0.301831463144467,0.138780860239641
0.301960403955182,0.138791724789199
0.302089365111715,0.138802586344555
0.302218346470652,0.138813444892744
0.30234734802013,0.138824300432394
0.302476369631132,0.138835152952254
0.302605411523348,0.138846002470283
0.302734473731441,0.138856848988542
0.302863556037879,0.138867692488315
0.30299265858415,0.138878532981158
0.303121781445757,0.138889370472665
0.303250924533797,0.1389002049548
0.30338008783904,0.138911036426401
0.303509271555422,0.138921864903098
0.303638475384281,0.138932690359314
0.303767699516504,0.138943512810783
0.303896943724785,0.138954332237913
0.304026208550445,0.138965148685386
0.304155493490343,0.138975962110267
0.304284798696636,0.138986772525308
0.304414124192087,0.138997579931762
0.304543470075592,0.139008384337277
0.30467283610753,0.139019185721393
0.30480222255147,0.139029984105754
0.304931629295896,0.139040779480325
0.305061056342495,0.139051571844892
0.305190503886615,0.139062361215138
0.305319971664672,0.139073147568561
0.305449459665435,0.139083930904115
0.305578968154734,0.139094711243319
0.30570849715349,0.139105488587067
0.305838046504596,0.139116262921893
0.305967616304331,0.139127034255508
0.306097206403301,0.139137802575055
0.306226816956418,0.139148567893034
0.306356447823969,0.139159330197302
0.306486098999725,0.139170089487074
0.306615770750444,0.139180845783859
0.306745462893207,0.139191599071818
0.306875175426675,0.139202349350624
0.307004908282915,0.1392130966143
0.307134661898139,0.139223840898313
0.307264435652224,0.139234582150769
0.307394229890087,0.139245320400334
0.30752404457645,0.139256055643298
0.307653879709049,0.139266787879054
0.307783735431823,0.139277517118983
0.307913611586524,0.139288243349526
0.308043508305078,0.139298966581278
0.308173425249077,0.139309686786001
0.308303362843399,0.139320403998472
0.308433320980168,0.13933111820893
0.308563299609481,0.139341829412994
0.308693298753364,0.139352537612158
0.308823318359854,0.139363242801771
0.308953358560311,0.139373944992229
0.309083419406031,0.139384644187153
0.30921350079772,0.139395340377987
0.309343602770873,0.139406033567379
0.309473725108704,0.139416723737271
0.309603868132013,0.139427410913686
0.309734031665368,0.139438095081558
0.309864215804063,0.139448776248461
0.309994420485482,0.139459454408829
0.31012464588573,0.13947012957668
0.310254891825501,0.139480801736863
0.310385158409071,0.139491470897708
0.310515445442553,0.139502137043011
0.310645753141907,0.139512800190179
0.310776081350654,0.139523460325897
0.31090643022772,0.139534117462872
0.311036799840838,0.139544771606047
0.311167190058977,0.13955542274436
0.311297600826581,0.139566070873152
0.311428032337551,0.139576716007865
0.311558484513305,0.139587358141554
0.311688957292733,0.139597997269028
0.311819450832083,0.139608633402676
0.311949964962725,0.13961926652835
0.312080499672946,0.139629896644988
0.312211055188911,0.139640523770548
0.312341631439144,0.139651147898635
0.312472228339478,0.139661769022219
0.312602846085514,0.139672387156876
0.312733484460362,0.139683002284578
0.312864143554529,0.139693614412572
0.312994823182933,0.139704223525561
0.313125523780139,0.139714829658423
0.313256244949832,0.139725432778421
0.313386986892291,0.139736032901831
0.313517749587311,0.139746630026513
0.31364853313247,0.139757224160008
0.31377933741942,0.139767815293201
0.313910162463558,0.13977840342718
0.314041008336238,0.139788988567374
0.314171874987924,0.139799570709431
0.314302762415046,0.139810149852841
0.314433670644599,0.139820725999497
0.314564599561498,0.139831299139868
0.314695549338051,0.139841869287614
0.314826520093383,0.139852436451764
0.314957511442336,0.139863000601079
0.315088523695115,0.139873561760583
0.315219556639992,0.139884119912728
0.315350610358163,0.139894675063969
0.31548168502853,0.139905227228228
0.315612780569952,0.13991577639852
0.315743896845762,0.139926322563785
0.315875033973677,0.139936865733349
0.316006192225811,0.139947405928496
0.316137371211541,0.139957943117499
0.316268571041032,0.139968477309379
0.316399791740003,0.139979008505844
0.316531033235667,0.139989536700806
0.316662295744294,0.140000061911303
0.31679357923988,0.140010584134748
0.316924883522658,0.140021103355056
0.317056208672349,0.140031619578598
0.317187554700863,0.140042132806006
0.317318921945329,0.140052643063751
0.317450309964726,0.140063150316202
0.317581718974841,0.140073654580787
0.317713148874144,0.140084155849018
0.317844599742093,0.140094654127071
0.317976071698846,0.140105149424136
0.318107564380555,0.140115641711054
0.318239078164364,0.140126131017895
0.318370612878755,0.140136617330433
0.318502168554168,0.14014710065104
0.318633745053903,0.140157580968697
0.318765342717726,0.140168058310186
0.318896961224975,0.140178532649568
0.31902860070192,0.140189003996984
0.319160261213264,0.140199472357204
0.319291942700521,0.140209937725324
0.319423645465014,0.140220400124946
0.319555368898224,0.140230859507604
0.319687113538197,0.140241315916214
0.319818879521516,0.140251769360692
0.31995066636363,0.140262219802528
0.320082474237963,0.140272667255807
0.320214303031385,0.140283111711296
0.32034615305498,0.140293553193352
0.320478023900575,0.140303991669365
0.320609916079071,0.140314427179724
0.320741829264729,0.140324859698099
0.320873763500644,0.140335289228067
0.321005718775576,0.140345715768569
0.32113769527209,0.140356139333738
0.321269692686938,0.140366559899439
0.321401711231678,0.140376977482431
0.32153375093268,0.140387392084372
0.321665811615741,0.140397803691428
0.321797893673657,0.140408212334349
0.321929996565431,0.140418617970253
0.322062120943519,0.140429020650575
0.322194266285235,0.140439420333605
0.322326432739201,0.140449817031398
0.322458620122123,0.140460210729393
0.322590829181347,0.140470601485876
0.322723058951762,0.140480989224596
0.322855310000875,0.140491373990767
0.32298758214409,0.140501755769264
0.323119875681163,0.140512134583425
0.323252190235677,0.140522510403492
0.323384526022141,0.140532883246464
0.323516883145342,0.140543253120119
0.323649261307435,0.140553620001048
0.323781660592007,0.140563983895993
0.323914081358918,0.140574344832661
0.324046523263403,0.140584702783723
0.324178986464941,0.140595057761832
0.3243114706028,0.140605409738773
0.324443976329899,0.140615758765424
0.324576503003069,0.140626104791088
0.324709050986195,0.140636447844555
0.324841620187246,0.140646787918201
0.324974210763845,0.140657125024171
0.325106822529942,0.140667459147796
0.325239455521076,0.140677790291946
0.325372109932689,0.14068811847158
0.325504785539783,0.140698443668984
0.32563748263659,0.140708765907022
0.325770200867724,0.14071908515786
0.325902940332809,0.14072940142951
0.326035701141878,0.140739714730258
0.32616848316355,0.140750025049738
0.326301286532129,0.140760332398346
0.326434111235562,0.140770636774904
0.326566957235612,0.140780938176392
0.326699824657055,0.140791236612364
0.326832713337243,0.140801532070101
0.326965623494987,0.140811824566515
0.327098554791607,0.140822114075287
0.327231507652792,0.140832400629399
0.327364481835416,0.14084268420963
0.327497477245385,0.140852964808965
0.327630494007173,0.140863242437018
0.327763532175183,0.140873517097727
0.327896591860935,0.140883788799468
0.328029672850683,0.140894057525684
0.328162775281688,0.140904323287076
0.328295899085048,0.140914586078174
0.328429044147939,0.140924845890369
0.328562210707625,0.140935102741869
0.32869539879782,0.140945356634891
0.328828608166023,0.140955607550053
0.328961838942165,0.140965855497537
0.329095091122469,0.140976100476864
0.329228364733591,0.14098634249
0.329361659743714,0.140996581534438
0.32949497627033,0.141006817619112
0.329628314535899,0.141017050760761
0.329761673866872,0.141027280907841
0.329895054804072,0.141037508102263
0.330028457303032,0.141047732339993
0.330161881094908,0.141057953600571
0.330295326445219,0.141068171904463
0.330428793307575,0.141078387247807
0.330562281693364,0.141088599631464
0.330695791537096,0.141098809050435
0.330829322975372,0.141109015515128
0.330962875846153,0.141119219013083
0.331096450169929,0.141129419546017
0.331230046015031,0.141139617119065
0.331363663493834,0.141149811740609
0.331497302529106,0.141160003404641
0.33163096299143,0.141170192101458
0.331764645013085,0.14118037784121
0.33189834842914,0.141190560611275
0.332032073575054,0.141200740437138
0.332165820278546,0.141210917305383
0.332299588423608,0.14122109120744
0.332433378284202,0.141231262164119
0.332567189457745,0.141241430144757
0.33270102229809,0.141251595176463
0.332834876705585,0.141261757251327
0.332968752768575,0.141271916376075
0.333102650473205,0.141282072549572
0.333236569744662,0.141292225766214
0.333370510439652,0.141302376015345
0.333504472973573,0.141312523328344
0.333638457044429,0.141322667682043
0.333772462664339,0.141332809077696
0.333906489966792,0.141342947525343
0.334040538936319,0.141353083023666
0.334174609455309,0.141363215563873
0.334308701715405,0.14137334516048
0.334442815357246,0.14138347178638
0.334576950732813,0.141393595468349
0.334711107746202,0.141403716198823
0.334845286508678,0.141413833986216
0.334979486940734,0.141423948824489
0.335113708944705,0.141434060706469
0.335247952733389,0.141444169648204
0.335382218145359,0.14145427563742
0.335516505321368,0.141464378684824
0.335650814160122,0.141474478782741
0.335785144619473,0.141484575928176
0.33591949678651,0.141494670127713
0.336053870599135,0.141504761376653
0.336188266253998,0.141514849689729
0.336322683625691,0.141524935057414
0.336457122862205,0.141535017490892
0.336591583690841,0.141545096969782
0.336726066305106,0.141555173508829
0.336860570568004,0.141565247097692
0.336995096578181,0.141575317743879
0.337129644213394,0.141585385438256
0.337264213630912,0.141595450192663
0.337398804755623,0.141605512001396
0.337533417552284,0.141615570861967
0.337668052204165,0.141625626788048
0.337802708745961,0.141635679782038
0.33793738713721,0.141645729840947
0.338072087237134,0.141655776954488
0.338206809103725,0.141665821127196
0.338341552690695,0.141675862355655
0.338476318130866,0.141685900649778
0.338611105539553,0.141695936017971
0.33874591454178,0.141705968432489
0.338880745364671,0.1417159979106
0.339015597947289,0.141726024447634
0.339150472576331,0.141736048064824
0.339285368855341,0.1417460687327
0.339420287079934,0.141756086473559
0.339555227104408,0.141766101276436
0.339690188979619,0.141776113145294
0.339825172778877,0.141786122085551
0.339960178541334,0.141796128100068
0.340095206196569,0.141806131183703
0.340230255687989,0.141816131332477
0.340365326922573,0.141826128539727
0.340500420125712,0.141836122822178
0.340635535189717,0.141846114171741
0.340770671980353,0.141856102578769
0.340905830774716,0.141866088063815
0.341041011465311,0.141876070618765
0.341176213926368,0.141886050234607
0.341311438342913,0.141896026925131
0.341446684613036,0.141906000682763
0.341581952729998,0.141915971507206
0.341717242842905,0.141925939409463
0.341852555025778,0.141935904394852
0.341987889172351,0.14194586645562
0.342123245044717,0.141955825574654
0.342258622826517,0.141965781765749
0.34239402275555,0.141975735046125
0.342529444708937,0.141985685406619
0.342664888371501,0.141995632824528
0.342800354201351,0.142005577333699
0.342935841879731,0.142015518910526
0.343071351687448,0.142025457575868
0.343206883324823,0.142035393307755
0.343342436828018,0.14204532610926
0.343478012539666,0.142055256005353
0.343613610060782,0.142065182966765
0.343749229700199,0.142075107016465
0.343884871267776,0.142085028140452
0.344020534694055,0.142094946334009
0.344156220287424,0.142104861619694
0.344291927701852,0.1421147739722
0.344427657295755,0.142124683417975
0.34456340891999,0.142134589945955
0.344699182672307,0.142144493563483
0.344834978300371,0.142154394252356
0.344970795994712,0.142164292026766
0.345106635706525,0.142174186883107
0.345242497335546,0.142184078814305
0.345378381452485,0.142193967861783
0.345514287450259,0.142203853981224
0.345650215506351,0.142213737186245
0.345786165627052,0.142223617477291
0.345922137877187,0.142233494859132
0.346058132024342,0.142243369315093
0.346194148433765,0.142253240871859
0.34633018680245,0.142263109507356
0.346466247151218,0.142272975223551
0.346602329675754,0.142282838034641
0.346738434253661,0.142292697931736
0.346874560967365,0.142302554921022
0.347010709780648,0.142312408999964
0.347146880732635,0.142322260171551
0.34728307385133,0.142332108437899
0.347419288998512,0.142341953789223
0.347555526463396,0.142351796246549
0.347691786082719,0.142361635798014
0.347828067735944,0.14237147243532
0.347964371609971,0.142381306172155
0.348100697641571,0.142391137003937
0.348237045883698,0.142400964934661
0.348373416076704,0.142410789945886
0.348509808560256,0.142420612062319
0.348646223045247,0.142430431263102
0.34878265987126,0.142440247572917
0.348919118950748,0.142450060985309
0.349055600240486,0.142459871497438
0.349192103513701,0.142469679093392
0.349328629265952,0.142479483808888
0.34946517706422,0.14248928561271
0.349601746967658,0.142499084509701
0.349738339261033,0.142508880520241
0.349874953756776,0.142518673630823
0.350011590493308,0.142528463844544
0.350148249450473,0.142538251160126
0.350284930541305,0.142548035571591
0.350421633723605,0.142557817076223
0.350558359175038,0.142567595686838
0.350695106968368,0.142577371408548
0.350831877039164,0.142587144236863
0.350968669374121,0.142596914171099
0.351105484117789,0.142606681221698
0.351242320906023,0.142616445362926
0.351379180077741,0.142626206619344
0.351516061513242,0.142635964982307
0.351652965125097,0.142645720445929
0.351789890928227,0.14265547301156
0.351926839267973,0.14266522270374
0.352063809774262,0.142674969496141
0.352200802583292,0.142684713398964
0.352337817564089,0.14269445440305
0.352474854764296,0.14270419251208
0.352611914508171,0.142713927749021
0.352748996552275,0.142723660096546
0.352886100832797,0.142733389550625
0.353023227450913,0.142743116118679
0.353160376469359,0.142752839805197
0.353297547688177,0.142762560596246
0.353434741157434,0.142772278495769
0.353571957117176,0.142781993520766
0.353709195526599,0.142791705668282
0.353846456267718,0.142801414930281
0.353983739234219,0.14281112129967
0.354121044611379,0.142820824789771
0.354258372340807,0.142830525396484
0.354395722641707,0.142840223135402
0.354533095057009,0.142849917974512
0.354670489847606,0.142859609932783
0.354807907211241,0.142869299023975
0.354945346974089,0.142878985235892
0.355082808958249,0.142888668556517
0.355220293427458,0.142898349004699
0.355357800165737,0.142908026565284
0.355495329521485,0.142917701263001
0.355632881171852,0.142927373075175
0.355770455491978,0.142937042028506
0.35590805205043,0.142946708092771
0.356045670992003,0.14295637127874
0.356183312305539,0.142966031585724
0.356320976056862,0.142975689018503
0.356458662112904,0.142985343567966
0.356596370650469,0.142994995246759
0.356734101899313,0.143004644070862
0.356871855469169,0.143014290013134
0.357009631568969,0.143023933088745
0.357147430185575,0.143033573296812
0.357285251280304,0.143043210634879
0.357423094572737,0.143052845083795
0.357560960458346,0.143062476671497
0.357626124757099,0.143067048664185
0.357691289055852,0.143071641835787
0.357751820457119,0.143075880268159
0.357874156484897,0.143084325448852
0.357996557660688,0.143092605174634
0.358121617954438,0.143100966489266
0.358248257917135,0.143109352810325
0.358376283282461,0.143117762386062
0.358505540256855,0.143126193663015
0.358635903995765,0.143134645871279
0.358767257258978,0.143143117880805
0.358899489626987,0.143151608255339
0.359032496711373,0.143160115264063
0.359166182016016,0.143168637058187
0.359300457756824,0.143177171777599
0.359435244589005,0.143185717589177
0.359570472082884,0.143194272772093
0.359706078084287,0.143202835729473
0.35984200842863,0.143211405019992
0.359978216317081,0.143219979363897
0.360114661493643,0.143228557632658
0.360251309533499,0.143237138841462
0.36038813116786,0.143245722139581
0.360525101939824,0.143254306817191
0.360662200806251,0.143262892242694
0.360799410251809,0.143271477891752
0.360936715758727,0.143280063331642
0.361074105269575,0.14328864820321
0.361211568547171,0.143297232194321
0.361349097017341,0.143305815041329
0.361486683165849,0.143314396500767
0.361624321742567,0.143322976431652
0.361762007694397,0.143331554672623
0.361899736966293,0.143340131098761
0.362037506116845,0.143348705601363
0.362175312507746,0.143357278103461
0.362313153884833,0.143365848536724
0.362451028327122,0.14337441684122
0.362588934201753,0.143382982964744
0.362726870277458,0.143391546871487
0.36286483529666,0.143400108516976
0.363002828596605,0.143408667887853
0.363140849247577,0.143417224949203
0.363278896661081,0.143425779683612
0.363416970433542,0.143434332081587
0.363555070343252,0.143442882142011
0.363693195796939,0.143451429838702
0.36383134666226,0.14345997517242
0.363969522711598,0.143468518136168
0.364107723713289,0.143477058721596
0.364245949267546,0.143485596909122
0.364384199475455,0.143494132709173
0.364522474294789,0.143502666122183
0.364660773603767,0.143511197143305
0.36479909739324,0.143519725774243
0.364937445340502,0.143528251997078
0.36507581764726,0.143536775825922
0.365214214218902,0.143545297255979
0.365352635008067,0.143553816285423
0.365491079911544,0.143562332908834
0.365629549104046,0.143570847137627
0.365768042440756,0.143579358963342
0.365906560020731,0.1435878683926
0.366045101576749,0.14359637540943
0.366183667199,0.143604880019911
0.366322257229326,0.143613382244965
0.366460871233906,0.143621882058055
0.366599509363327,0.143630379468961
0.366738171699877,0.143638874482684
0.366876858197921,0.14364736709646
0.367015568780859,0.143655857305791
0.36715430317789,0.143664345094445
0.367293062071088,0.14367283050409
0.367431845126272,0.143681313513789
0.367570652322741,0.143689794122666
0.367709483603403,0.14369827232738
0.367848339035563,0.143706748132104
0.367987218902466,0.143715221553899
0.368126122903811,0.143723692574334
0.368265051063215,0.143732161195188
0.368404003334419,0.143740627413701
0.368542979825856,0.143749091236474
0.368681980490434,0.143757552660557
0.368821005395485,0.143766011690063
0.368960054446611,0.14377446831925
0.369099127641525,0.143782922548097
0.369238225091011,0.143791374383294
0.369377346843842,0.143799823827657
0.369516492731482,0.143808270871011
0.369655662945361,0.143816715525066
0.369794857575474,0.143825157795047
0.369934075964528,0.143833597641407
0.370073318835818,0.143842035108297
0.370212586109155,0.14385047019015
0.370351877628578,0.143858902877665
0.370491193246333,0.14386733316221
0.370630532927376,0.143875761041895
0.370769896890215,0.143884186529856
0.370909285381811,0.143892609640626
0.371048698072631,0.143901030354225
0.371188135095987,0.143909448679016
0.371327596382667,0.143917864610782
0.371467081942691,0.143926278150219
0.371606591710394,0.143934689293427
0.371746125958788,0.143943098056794
0.371885684679146,0.143951504439527
0.372025267484186,0.143959908418567
0.372164874817634,0.143968310020834
0.372304506076044,0.143976709209956
0.372444161849991,0.143985106021748
0.372583842061953,0.143993500451006
0.372723546385642,0.144001892478395
0.372863275298263,0.144010282132696
0.37300302850202,0.144018669395749
0.373142806135653,0.14402705427613
0.373282607926411,0.144035436757564
0.373422434260268,0.144043816863285
0.373562284973637,0.144052194583217
0.373702160025977,0.144060569915151
0.373842059478733,0.144068942862835
0.373981983254701,0.144077313421674
0.37412193155804,0.144085681603877
0.374261904199173,0.144094047398049
0.374401901123168,0.144102410801185
0.374541922567142,0.144110771827425
0.374681968203575,0.144119130457195
0.374822038371634,0.144127486710917
0.374962133052266,0.14413584058716
0.375102252035055,0.144144192073553
0.375242395603123,0.144152541187093
0.375382563572639,0.144160887916703
0.375522756197363,0.144169232277573
0.375662973151787,0.14417757425033
0.375803214626153,0.144185913846578
0.375943480563802,0.144194251062857
0.376083771088332,0.144202585906535
0.376224085872473,0.144210918358299
0.376364425255843,0.144219248438514
0.376504789031516,0.144227576134728
0.37664517722184,0.144235901448505
0.376785590062189,0.144244224393705
0.376926027234256,0.144252544951451
0.37706648895764,0.144260863135016
0.377206975218159,0.144269178943413
0.377347486007193,0.144277492376199
0.377488021273815,0.14428580343047
0.37762858105963,0.144294112108788
0.377769165350917,0.144302418410375
0.377909774356721,0.144310722347529
0.378050407845002,0.144319023906533
0.378191065811957,0.144327323087483
0.378331748406642,0.144335619899177
0.378472455461808,0.144343914331756
0.378613187113127,0.144352206393374
0.378753943317326,0.144360496081443
0.378894724188171,0.144368783402701
0.37903552949855,0.144377068343871
0.379176359373704,0.144385350912565
0.37931721394253,0.144393631116235
0.379458093053659,0.144401908945997
0.379598996934285,0.144410184415299
0.379739925290474,0.144418457506907
0.379880878017577,0.144426728215128
0.380021855670552,0.144434996572397
0.380162857891234,0.144443262557397
0.380303884833294,0.144451526179476
0.380444936301937,0.144459787427295
0.380586012433207,0.144468046309028
0.380727113064548,0.144476302815202
0.380868238665714,0.144484556973262
0.381009388746149,0.144492808754399
0.381150563543466,0.144501058172951
0.381291763033427,0.144509305227389
0.381432987057131,0.14451754990862
0.381574235972886,0.144525792237603
0.38171550945909,0.144534032195476
0.381856807448172,0.144542269778751
0.381998130123135,0.144550504998171
0.382139477475855,0.144558737853149
0.38228084968546,0.144566968354083
0.382422246684585,0.144575196496998
0.382563668439335,0.144583422280109
0.382705114685987,0.14459164568839
0.382846585697118,0.144599866737908
0.382988081319499,0.144608085419658
0.383129601782993,0.144616301747079
0.383271146977529,0.144624515713704
0.383412716855935,0.144632727317027
0.383554311578132,0.14464093656639
0.38369593084149,0.144649143444362
0.383837575096735,0.144657347977204
0.383979244043812,0.144665550147353
0.384120937749134,0.144673749959009
0.384262656078311,0.144681947404535
0.384404399155488,0.144690142491273
0.384546167196481,0.144698335231542
0.384687959957159,0.144706525611238
0.384829777358979,0.144714713626233
0.384971619789078,0.144722899298859
0.385113486990572,0.144731082614139
0.385255378900183,0.14473926356882
0.385397295518397,0.144747442163133
0.385539237048867,0.144755618408795
0.385681203537194,0.144763792308289
0.385823194879259,0.144771963855731
0.385965210912093,0.144780133042077
0.386107251856004,0.144788299880166
0.386249317638079,0.144796464365731
0.386391407985165,0.144804626483407
0.386533523614221,0.144812786274354
0.386675664059278,0.144820943711458
0.386817829178515,0.144829098787237
0.386960019290664,0.144837251520097
0.387102234182608,0.144845401897725
0.387244474055743,0.144853549931856
0.387386738898761,0.144861695621766
0.387529028356267,0.144869838947439
0.387671342793046,0.144877979930032
0.387813682066142,0.144886118561201
0.387956046207273,0.144894254842974
0.388098435347191,0.144902388782841
0.388240849449119,0.144910520378704
0.388383288324481,0.144918649620067
0.388525752172919,0.144926776518537
0.388668241076019,0.144934901078643
0.388810754728945,0.144943023283206
0.388953293333438,0.144951143144051
0.389095856929418,0.144959260663361
0.389238445419003,0.144967375835682
0.389381058711266,0.144975488656121
0.389523697197197,0.14498359914692
0.389666360581574,0.144991707291183
0.389809048885904,0.144999813090538
0.389951762104163,0.145007916544786
0.390094500392318,0.145016017662819
0.390237263757386,0.145024116444995
0.390380052042499,0.145032212882625
0.390522865278509,0.14504030697775
0.390665703519982,0.14504839873354
0.390808566769938,0.145056488150231
0.390951455274832,0.145064575241759
0.391094368787214,0.145072659994145
0.391237307234897,0.145080742403742
0.391380270481411,0.14508882246315
0.391523258854642,0.145096900190978
0.391666272272586,0.145104975582423
0.391809310580703,0.14511304862904
0.391952374166518,0.145121119352783
0.392095462726182,0.145129187736431
0.392238576317092,0.145137253783626
0.392381715147809,0.14514531750611
0.392524878900554,0.145153378886085
0.39266806756569,0.145161437923478
0.392811281309372,0.145169494627714
0.392954520150296,0.145177548999784
0.393097784130578,0.145185601042135
0.393241073105701,0.145193650746832
0.393384387303909,0.145201698126863
0.393527726451268,0.145209743166927
0.393671090887912,0.145217785886332
0.393814480325452,0.145225826268883
0.393957894960273,0.145233864325903
0.394101334751034,0.145241900055067
0.394244799537669,0.145249933447682
0.394388289425288,0.145257964509889
0.394531804519848,0.145265993247603
0.394675344901333,0.145274019665275
0.394818910377095,0.145282043752312
0.394962500779378,0.145290065499793
0.395106116580868,0.145298084934187
0.395249757380337,0.145306102032985
0.395393423345155,0.145314116805964
0.395537114370519,0.145322129247348
0.395680830798069,0.145330139376228
0.395824572471944,0.145338147183818
0.395968339085547,0.145346152653518
0.39611213084912,0.145354155797407
0.396255947881852,0.145362156621999
0.396399789996164,0.145370155116969
0.396543657436606,0.145378151296118
0.396687549872045,0.145386145141153
0.396831467829732,0.145394136681543
0.396975410667368,0.145402125881636
0.397119378770944,0.145410112763419
0.39726337245478,0.145418097343954
0.397407391197719,0.145426079594452
0.397551435129393,0.145434059522719
0.397695504305566,0.145442037131885
0.397839598770846,0.145450012424479
0.397983718389579,0.145457985393179
0.398127863254458,0.14546595604336
0.398272033488159,0.145473924381808
0.398416228995774,0.145481890403364
0.398560449819081,0.145489854110571
0.398704695901239,0.145497815500462
0.398848967216227,0.14550577457184
0.398993263809876,0.145513731327402
0.399137585764157,0.145521685771738
0.399281932952068,0.145529637897997
0.399426305423929,0.145537587709218
0.399570703197172,0.145545535206475
0.399715126258123,0.145553480389166
0.399859574691706,0.145561423262095
0.400004048343488,0.145569363816944
0.400148547241775,0.145577302055575
0.400293071487284,0.145585237983612
0.400437621197702,0.145593171607509
0.400582195972515,0.145601102905561
0.400726796339504,0.145609031906999
0.400871422044124,0.145616958597672
0.401016072986957,0.145624882972591
0.401160749510732,0.145632805050639
0.401305451332798,0.145640724816335
0.401450178447497,0.145648642269817
0.401594930820093,0.145656557409411
0.401739708649147,0.145664470246061
0.401884511741678,0.145672380769298
0.402029340481205,0.14568028900021
0.402174194618719,0.14568819492515
0.402319074163101,0.145696098545017
0.402463979092031,0.145703999858807
0.402608909346285,0.145711898863528
0.402753865043615,0.145719795565765
0.402898846285846,0.145727689971063
0.403043852746858,0.145735582061921
0.403188884698235,0.14574347185347
0.40333394205048,0.14575135934082
0.403479024984305,0.14575924453394
0.403624133172799,0.145767127415259
0.403769267117006,0.145775008012217
0.403914426103758,0.145782886286197
0.404059610676119,0.145790762267237
0.404204820890755,0.145798635958055
0.404350056245439,0.145806507331788
0.404495317306755,0.145814376419519
0.404640603817068,0.145822243207086
0.404785915806297,0.145830107696499
0.404931253121028,0.145837969879724
0.405076616100558,0.145845829775265
0.405222004564959,0.145853687373342
0.405367418418159,0.145861542669171
0.40551285777624,0.145869395669258
0.405658322677513,0.145877246375727
0.405803813327214,0.145885094799676
0.405949329243088,0.145892940915355
0.406094870793691,0.145900784743101
0.406240437717397,0.145908626268813
0.406386030152375,0.145916465500275
0.406531648146214,0.145924302440089
0.406677291827637,0.145932137095239
0.406822961025055,0.145939969456659
0.40696865552844,0.145947799513541
0.407114375722433,0.145955627286761
0.407260121616609,0.145963452776639
0.407405893111158,0.145971275978032
0.407551689836524,0.145979096871627
0.407697512648549,0.14598691550343
0.407843360823982,0.145994731834428
0.407989234533884,0.146002545874561
0.408135133779673,0.14601035762399
0.408281058822929,0.146018167096743
0.408427009448339,0.146025974281353
0.408572985670611,0.146033779179002
0.40871898737764,0.146041581783966
0.408865014852078,0.146049382111499
0.40901106793517,0.146057180153128
0.409157146550806,0.146064975905174
0.409303250760951,0.146072769371197
0.409449380692876,0.146080560558056
0.409595536260287,0.146088349461261
0.409741717289659,0.146096136071945
0.409887924161955,0.146103920410571
0.410034156551586,0.146111702459816
0.410180414531559,0.146119482224027
0.410326698221568,0.146127259709657
0.41047300765465,0.14613503491852
0.410619342768417,0.146142807847503
0.410765703618789,0.146150578499822
0.410912089946704,0.146158346862028
0.411058502009112,0.146166112948074
0.41120493989188,0.146173876762427
0.411351403462991,0.146181638298266
0.411497892659633,0.146189397552638
0.411644407576635,0.146197154530801
0.411790948276388,0.146204909236136
0.411937514961683,0.146212661679403
0.412084106924742,0.146220411823575
0.412230724786119,0.146228159702017
0.412377368209083,0.146235905296754
0.412524037563486,0.146243648627603
0.412670732714717,0.146251389687402
0.412817453543242,0.146259128470236
0.412964200178738,0.146266864983224
0.413110972314354,0.14627459921045
0.41325777030519,0.146282331170929
0.413404594247936,0.146290060869573
0.413551443727419,0.146297788284847
0.413698318975302,0.146305513429441
0.413845220097097,0.146313236308856
0.41399214703523,0.146320956920188
0.414139099713194,0.146328675259729
0.414286078294593,0.146336391336285
0.414433082576285,0.146344105139367
0.414580112789838,0.146351816681405
0.414727168671129,0.146359525948697
0.414874250507205,0.146367232956593
0.415021358119793,0.146374937695802
0.415168491641879,0.146382640173591
0.415315650769366,0.146390340374313
0.415462835806952,0.146398038314246
0.415610046791599,0.146405733995235
0.415757283431612,0.146413427402352
0.415904545896387,0.146421118544862
0.416051834173485,0.146428807422189
0.416199148558067,0.146436494049795
0.416346488645325,0.146444178406716
0.416493854532452,0.146451860498578
0.416641246318079,0.146459540330623
0.416788664270005,0.146467217916773
0.416936107802073,0.146474893226779
0.417083577166146,0.146482566274404
0.417231072673609,0.146490237075691
0.41737859393207,0.146497905610341
0.417526141017212,0.146505571882839
0.417673714251924,0.146513235909966
0.417821312991735,0.146520897658506
0.417968937844586,0.146528557160514
0.418116588649654,0.146536214407404
0.418264265381281,0.146543869398201
0.418411967984182,0.146551522130339
0.418559696476923,0.146559172605058
0.418707451045101,0.146566820832077
0.418855231461389,0.146574466799799
0.419003037947372,0.146582110520008
0.419150870510465,0.146589751993118
0.419298728829236,0.146597391202902
0.419446613000794,0.146605028154869
0.419594523304151,0.14661266286342
0.419742459351028,0.146620295308667
0.419890421609772,0.146627925515101
0.42003840976917,0.146635553466648
0.420186424055383,0.146643179175349
0.420334464061385,0.146650802620496
0.420482530109787,0.146658423819136
0.420630622364,0.146666042779531
0.420778740614922,0.146673659491086
0.420926884710626,0.146681273946509
0.421075054901858,0.146688886158949
0.421223250959488,0.146696496116752
0.42137147301445,0.146704103826999
0.42151972123243,0.146711709298223
0.421667995333693,0.146719312516285
0.421816295557057,0.146726913493803
0.421964621951974,0.146734512233311
0.422112974339421,0.146742108725912
0.422261352779765,0.14674970297508
0.422409757345533,0.14675729498468
0.422558187632895,0.146764884734433
0.422706644149412,0.14677247225063
0.422855126887446,0.146780057532649
0.423003635672441,0.146787640571878
0.423152170535653,0.14679522137032
0.42330073144834,0.146802799926748
0.423449318423002,0.146810376242055
0.423597931541108,0.146817950320575
0.423746570677355,0.146825522156146
0.423895235968209,0.146833091755998
0.424043927343963,0.146840659116737
0.424192644881099,0.146848224242511
0.424341388691463,0.146855787139124
0.424490158438871,0.146863347789799
0.424638954518331,0.14687090621496
0.424787776615937,0.146878462398715
0.424936624704725,0.146886016340223
0.425085498818505,0.146893568041461
0.425234399205342,0.146901117515076
0.425383325767385,0.146908664756151
0.425532278428483,0.146916209761195
0.425681257417266,0.146923752541997
0.425830262476711,0.14693129308572
0.425979293754509,0.146938831400238
0.426128351201372,0.146946367483208
0.42627743469434,0.146953901328759
0.426426544468271,0.146961432948993
0.426575680396263,0.146968962337596
0.426724842377453,0.146976489489876
0.426874030659951,0.146984014418569
0.427023245259736,0.146991537124488
0.427172485944213,0.146999057596249
0.427321752952613,0.147006575846256
0.427471046225089,0.147014091871565
0.427620365623854,0.147021605665604
0.427769711272968,0.147029117234933
0.427919083054693,0.14703662657383
0.428068481230307,0.147044133695634
0.428217905539297,0.147051638587402
0.428367356172025,0.147059141259073
0.428516832910038,0.147066641699884
0.428666336074966,0.147074139926245
0.428815865434891,0.147081635926605
0.428965421122926,0.147089129708017
0.429115002879434,0.147096621257754
0.429264611045489,0.147104110593198
0.429414245342938,0.147111597700512
0.429563906123128,0.147119082597578
0.429713593045357,0.147126565267478
0.429863306359773,0.147134045723138
0.430013045771722,0.147141523950033
0.43016281173153,0.147148999970923
0.430312603844002,0.147156473766139
0.43046242226166,0.147163945343806
0.430612267109996,0.147171414710255
0.430762138229773,0.147178881857755
0.430912035520867,0.14718634678177
0.43106195917267,0.147193809491987
0.431211909159303,0.147201269987207
0.431361885599448,0.147208728273533
0.431511888362394,0.147216184344689
0.431661917331684,0.147223638195323
0.431811972760304,0.147231089838245
0.431962054531651,0.14723853926775
0.432112162567629,0.147245986480347
0.432262297075111,0.147253431486533
0.432412457960887,0.1472608742818
0.432562645421148,0.147268314876104
0.43271285913987,0.147275753254047
0.432863099068574,0.147283189413797
0.433013365599302,0.147290623374874
0.433163658292517,0.147298055115645
0.433313977538237,0.147305484655829
0.433464323173986,0.147312911987405
0.433614695197647,0.147320337110654
0.433765093649178,0.147327760027805
0.433915518392489,0.147335180732433
0.434065969665306,0.14734259923652
0.434216447249522,0.147350015529469
0.434366951255487,0.147357429617108
0.43451748185118,0.147364841507795
0.434668038975798,0.147372251198668
0.434818622474467,0.147379658682505
0.434969232312231,0.147387063958022
0.435119868627929,0.14739446703227
0.435270531472037,0.147401867907833
0.435421220639474,0.147409266574941
0.435571936287872,0.147416663041703
0.435722678456967,0.147424057310173
0.435873447202345,0.147431449383265
0.436024242292409,0.147438839249959
0.436175063996037,0.14744622692377
0.436325911957912,0.147453612387507
0.436476786637828,0.147460995664014
0.436627687748003,0.147468376739217
0.436778615464716,0.147475755622149
0.436929569577976,0.147483132302781
0.437080550304807,0.147490506792053
0.437231557549204,0.147497879085402
0.437382591357769,0.147505249185421
0.437533651469548,0.14751261707974
0.437684738172814,0.147519982782767
0.437835851515411,0.147527346296816
0.437986991600027,0.147534707627043
0.438138158052082,0.147542066755578
0.438289351195599,0.147549423698645
0.438440570812017,0.147556778445712
0.438591816862676,0.147564130995362
0.438743089409013,0.147571481350857
0.438894388698094,0.147578829524274
0.439045714510781,0.147586175505116
0.439197066947987,0.14759351929869
0.439348446044155,0.147600860906846
0.439499851672484,0.147608200323735
0.439651283834742,0.147615537549825
0.439802742609995,0.147622872589179
0.439954227984133,0.147630205441311
0.440105740083154,0.14763753611253
0.440257278626243,0.147644864589552
0.44040884392448,0.147652190887781
0.440560435889824,0.14765951500301
0.440712054283805,0.147666836924172
0.440863699386426,0.147674156665139
0.441015371197266,0.147681474225914
0.441167069562962,0.147688789599429
0.441318794687966,0.147696102795852
0.441470546496424,0.147703413811666
0.441622324948222,0.147710722645289
0.441774130067036,0.147718029298166
0.441925961681247,0.147725333762376
0.442077820070252,0.147732636051637
0.442229705166698,0.147739936162766
0.442381616906637,0.147747234093037
0.442533555011912,0.147754529829566
0.442685520011118,0.147761823397987
0.4428375116775,0.147769114787332
0.442989530207827,0.147776404007387
0.443141575290323,0.147783691043487
0.443293647165822,0.147790975907603
0.443445745692585,0.147798258593095
0.443597870976737,0.147805539105375
0.443750022738115,0.147812817431363
0.44390220132911,0.147820093588251
0.444054406661225,0.14782736757182
0.444206638696128,0.147834639380588
0.444358897697287,0.147841909027333
0.444511183398749,0.147849176499539
0.444663496131143,0.147856441813333
0.444815835195472,0.147863704935731
0.444968201101755,0.147870965891676
0.445120593764856,0.147878224676999
0.445273013239198,0.147885481294571
0.445425459442216,0.147892735740737
0.445577932557571,0.147899988024495
0.44573043238648,0.147907238136611
0.445882958884469,0.14791448607544
0.446035512351033,0.147921731855389
0.44618809248429,0.147928975462281
0.446340699299345,0.147936216897351
0.44649333324385,0.147943456181899
0.446645993756993,0.147950693289483
0.446798681192605,0.147957928237457
0.446951395402621,0.147965161018879
0.44710413643146,0.147972391636217
0.447256904101926,0.147979620081416
0.447409698793025,0.147986846372648
0.447562520261731,0.147994070498491
0.44771536861367,0.148001292464359
0.447868243787767,0.148008512267605
0.448021145912327,0.148015729914555
0.448174074743998,0.148022945394014
0.448327030424611,0.148030158713093
0.448480012925439,0.148037369870615
0.448633022383928,0.14804457887328
0.448786058834043,0.148051785722835
0.448939122220294,0.148058990416945
0.449092212410097,0.148066192949777
0.449245329368047,0.148073393320089
0.449398473083886,0.148080591527715
0.449551643926058,0.148087787590067
0.449704841601653,0.14809498149348
0.449858066240061,0.148102173244492
0.450011317916007,0.148109362846768
0.450164596467616,0.148116550293008
0.450317901929729,0.148123735585258
0.450471234315362,0.148130918724382
0.450624593535343,0.148138099706511
0.450777979738843,0.14814527853891
0.450931392558369,0.14815245520471
0.451084832634529,0.148159629734149
0.451238299659766,0.148166802112735
0.451391793521407,0.148173972335782
0.451545314389328,0.148181140411552
0.451698862266956,0.148188306340345
0.451852437048556,0.14819547011755
0.45200603876755,0.148202631745087
0.45215966760186,0.148209791231426
0.452313323391462,0.148216948569315
0.452467006125109,0.148224103758656
0.452620715833829,0.148231256801186
0.452774452594065,0.148238407700679
0.452928216373815,0.148245556455876
0.453082007045451,0.148252703061219
0.453235824774608,0.148259847524722
0.453389669602819,0.148266989848437
0.453543541209649,0.148274130017886
0.453697439738059,0.148281268040193
0.453851365564726,0.148288403932815
0.454005318306469,0.148295537678119
0.454159298208082,0.148302669287937
0.454313305002277,0.148309798750129
0.454467338872118,0.148316926073584
0.454621400005232,0.148324051267037
0.454775488086054,0.14833117431616
0.454929603148584,0.148338295223071
0.455083745399036,0.148345413997474
0.455237914833832,0.148352530639305
0.455392111275394,0.148359645140738
0.455546334579116,0.148366757495621
0.455700585138053,0.148373867722304
0.455854862595946,0.148380975804483
0.456009167134298,0.148388081750998
0.45616349874975,0.148395185561844
0.456317857552019,0.148402287242295
0.456472243578287,0.148409386794242
0.456626656671063,0.14841648421078
0.456781097121283,0.148423579505577
0.45693556447202,0.148430672657921
0.457090058895908,0.148437763676323
0.457244580560341,0.148444852568546
0.457399129102924,0.148451939318261
0.457553704822909,0.148459023939634
0.45770830781921,0.148466106437193
0.457862937948066,0.148473186804609
0.458017595140706,0.148480265039185
0.458172279416325,0.148487341142152
0.458326991028675,0.148494415125268
0.458481729651127,0.148501486973825
0.45863649560058,0.148508556702716
0.458791288705778,0.148515624304243
0.458946109102565,0.148522689784967
0.459100956409333,0.148529753127849
0.459255831010611,0.148536814350851
0.459410732905479,0.148543873453906
0.459565661778871,0.148550930423075
0.459720617974715,0.148557985274425
0.459875601380637,0.148565038002904
0.460030612068786,0.148572088612132
0.460185649743179,0.14857913708903
0.460340714860113,0.148586183454664
0.460495807137141,0.148593227696252
0.460650926590078,0.148600269815015
0.460806073421965,0.148607309820372
0.460961247410187,0.148614347702448
0.461116448695371,0.148621383468027
0.461271677242158,0.148628417115712
0.461426933031306,0.148635448644955
0.461582216177038,0.148642478061189
0.461737526469275,0.148649505355202
0.461892864016063,0.148656530532297
0.462048228666192,0.148663553585916
0.462203620838581,0.1486705745352
0.462359040265104,0.148677593368107
0.462514486778764,0.148684610077681
0.462669960801578,0.148691624683225
0.462825462052146,0.148698637172118
0.462980990456,0.148705647541549
0.463136546408421,0.148712655809523
0.463292129634937,0.148719661963766
0.463447740059864,0.148726666001419
0.463603377953002,0.148733667934874
0.463759043052048,0.148740667752524
0.463914735485599,0.14874766546059
0.464070455071379,0.148754661051167
0.464226202078183,0.148761654536635
0.464381976581492,0.148768645920419
0.464537778363268,0.14877563519306
0.46469360754359,0.148782622360375
0.464849464024482,0.148789607418232
0.465005347858369,0.148796590369324
0.465161258932599,0.148803571208911
0.465317197566432,0.148810549951523
0.46547316333732,0.148817526578477
0.465629156638881,0.148824501107833
0.465785177404376,0.148831473536626
0.465941225554827,0.148838443861699
0.466097300998792,0.14884541207939
0.466253403858884,0.148852378195493
0.46640953406001,0.148859342206885
0.466565691817696,0.148866304123427
0.466721876955987,0.148873263937479
0.466878089185659,0.148880221636728
0.467034329256702,0.14888717725477
0.467190596358349,0.14889413075557
0.467346891008139,0.148901082162851
0.467503213300227,0.148908031480663
0.467659562911112,0.148914978694972
0.467815940061173,0.148921923816043
0.467972344636742,0.148928866839019
0.468128776444624,0.148935807755793
0.468285236023651,0.148942746590483
0.468441723000478,0.148949683326561
0.468598237212217,0.148956617957469
0.468754778958623,0.148963550496803
0.468911348314329,0.148970480947878
0.469067945096429,0.148977409302904
0.469224569449936,0.148984335568684
0.469381221158327,0.14899125973594
0.469537900358182,0.148998181811114
0.469694607123917,0.149005101797651
0.469851341466295,0.149012019696251
0.470008103106533,0.149018935495028
0.470164892572483,0.149025849217557
0.470321709272189,0.149032760837887
0.470478553660139,0.149039670376602
0.470635425512648,0.149046577823906
0.470792324999319,0.149053483187647
0.470949251897937,0.149060386458323
0.471106206269065,0.149067287639044
0.471263188119288,0.149074186730353
0.471420197597105,0.149081083738989
0.471577234628567,0.149087978661911
0.471734299099151,0.149094871494503
0.471891391262928,0.149101762248198
0.472048511033388,0.149108650919341
0.472205658009633,0.149115537490903
0.472362832636764,0.149122421982816
0.472520035056273,0.149129304401158
0.472677265249657,0.149136184745287
0.472834522958442,0.149143063004347
0.472991808216332,0.149149939180329
0.473149121081761,0.149156813276053
0.473306461573274,0.149163685292561
0.473463829682484,0.14917055522977
0.473621225270386,0.14917742308198
0.473778648395085,0.149184288852114
0.473936099434762,0.149191152556742
0.474093577952567,0.149198014177009
0.474251084133396,0.149204873721537
0.474408617884436,0.149211731186503
0.474566179340842,0.149218586578092
0.474723768369136,0.149225439890753
0.474881385176244,0.149232291133792
0.475039029458914,0.14923914029431
0.47519670153359,0.149245987386449
0.475354401232597,0.149252832403064
0.475512128607122,0.149259675346776
0.475669883741405,0.149266516221474
0.47582766633427,0.14927335501447
0.475985476750751,0.149280191741959
0.476143314591589,0.149287026386843
0.476301180358004,0.149293858971198
0.476459073865487,0.14930068948704
0.47661699495673,0.149307517928068
0.476774943886437,0.149314344305632
0.476932920665247,0.149321168620292
0.477090925113809,0.149327990864672
0.47724895696577,0.149334811027848
0.477407016774692,0.149341629133979
0.47756510423882,0.149348445170038
0.47772321932432,0.1493552591351
0.477881362306602,0.149362071041255
0.47803953280155,0.149368880872214
0.478197731338322,0.149375688651118
0.478355957502629,0.149382494360226
0.478514211415725,0.149389298005318
0.478672493240165,0.14939609959354
0.478830802570545,0.149402899107822
0.478989139775589,0.149409696564456
0.479147504711881,0.14941649195737
0.479305897483257,0.149423285291371
0.479464318199314,0.149430076571341
0.47962276668182,0.149436865789942
0.47978124283504,0.149443652943565
0.479939746866132,0.149450438041382
0.480098278588427,0.149457221075619
0.48025683820776,0.14946400205543
0.480415425585333,0.149470780975089
0.480574040688728,0.149477557833628
0.480732683555385,0.149484332632967
0.480891354349616,0.149491105380318
0.481050053149858,0.149497876079163
0.481208779783253,0.149504644722451
0.481367534164029,0.14951141130702
0.481526316442941,0.149518175839613
0.481685126356057,0.149524938309287
0.481843964258759,0.149531698731516
0.482002830080242,0.149538457103343
0.482161723530976,0.149545213412929
0.482320645118922,0.149551967682188
0.482479594381019,0.14955871989156
0.482638571552612,0.14956547005159
0.482797576624264,0.14957221816202
0.482956609413634,0.149578964215494
0.483115670377423,0.14958570823163
0.483274759223356,0.14959245019812
0.483433875909511,0.149599190113734
0.483593020491925,0.149605927981184
0.483752192802803,0.149612663793697
0.483911393230582,0.149619397567967
0.484070621540749,0.149626129294179
0.484229877931861,0.149632858981119
0.484389162061306,0.149639586614633
0.484548474174911,0.149646312205564
0.484707814289523,0.14965303575474
0.484867182284231,0.149659757257392
0.485026578177107,0.149666476714676
0.485186001875336,0.149673194123015
0.485345453665877,0.149679909494744
0.485504933399176,0.149686622823709
0.485664441071137,0.149693334110156
0.48582397679257,0.14970004335902
0.485983540547647,0.149706750569867
0.486143132228899,0.149713455738546
0.486302751955792,0.149720158870423
0.486462399595583,0.149726859960198
0.486622075284693,0.149733559013944
0.486781778824582,0.14974025602362
0.48694151033081,0.149746950994475
0.48710126994759,0.149753643932707
0.487261057685513,0.149760334838939
0.487420873316356,0.149767023704019
0.48758071688891,0.149773710530461
0.487740588391512,0.149780395318057
0.487900488188652,0.149787078082189
0.488060416179774,0.149793758818725
0.4882203719723,0.149800437511824
0.488380355681689,0.149807114166887
0.488540367593463,0.149813788795929
0.488700407668271,0.149820461397392
0.488860475804882,0.14982713196743
0.489020571924927,0.149833800503214
0.489180696152905,0.149840467010249
0.489340848271537,0.149847131479794
0.489501028330336,0.14985379391435
0.489661236666897,0.149860454328076
0.489821473122755,0.14986711271449
0.489981737725548,0.149873769075154
0.49014203030795,0.1498804234035
0.490302350935036,0.149887075702642
0.490462699783089,0.149893725980076
0.490623076778672,0.149900374232952
0.49078348199054,0.149907020464456
0.490943915067539,0.149913664660457
0.491104376192204,0.149920306829014
0.49126486579224,0.149926946987813
0.491425383320049,0.1499335851144
0.491585929156184,0.149940221225073
0.491746503009562,0.149946855307972
0.491907105096485,0.149953487372455
0.492067735142663,0.149960117407467
0.492228393434954,0.149966745425227
0.492389079919611,0.149973371423636
0.492549794525583,0.149979995400131
0.492710537244898,0.149986617354756
0.492871308266168,0.149993237295518
0.493032107571957,0.149999855221868
0.493192934887308,0.150006471122932
0.493353790229463,0.150013084999939
0.493514673886732,0.150019696864914
0.493675585922575,0.150026306720512
0.493836525872766,0.150032914548119
0.493997494143527,0.150039520364907
0.494158490555193,0.150046124163596
0.494319515152691,0.150052725946432
0.494480568237025,0.150059325725909
0.494641649544642,0.150065923491423
0.494802758953989,0.150072519238561
0.49496389659757,0.15007911297311
0.495125062513067,0.1500857046968
0.495286256602999,0.150092294405953
0.495447479046679,0.150098882108204
0.495608729608103,0.150105467794186
0.495770008528209,0.150112051474119
0.49593131574165,0.150118633145496
0.49609265114069,0.150125212804319
0.496254014741886,0.150131790451654
0.496415406670474,0.150138366092847
0.496576826753299,0.150144939721125
0.496738275139172,0.150151511342919
0.496899752038936,0.150158080966921
0.497061256967539,0.150164648573752
0.497222790347748,0.150171214181101
0.497384352099725,0.150177777785766
0.497545942195904,0.150184339386993
0.497707560445906,0.150190898977477
0.497869207014606,0.150197456564293
0.498030881924034,0.15020401214851
0.49819258539569,0.150210565739294
0.498354317189458,0.150217117327165
0.498516077063553,0.150223666902927
0.498677865479757,0.150230214485584
0.498839682035074,0.150236760058958
0.499001527152426,0.150243303640561
0.499163400331157,0.150249845210375
0.499325302094713,0.150256384789995
0.499487232095256,0.150262922365455
0.499649190454526,0.150269457942166
0.499811177241454,0.150275991523116
0.499973192433893,0.150282523107673
0.500135236149228,0.150289052700847
0.500297308019363,0.150295580288193
0.500459408145074,0.150302105874311
0.500621536684447,0.150308629465736
0.500783693930039,0.150315151074286
0.50094587944878,0.150321670682819
0.501108093590928,0.150328188305906
0.501270336022675,0.150334703930353
0.501432606704498,0.150341217555139
0.50159490604885,0.150347729196992
0.50175723368463,0.150354238841173
0.501919589738195,0.150360746493265
0.502081974358724,0.15036725215942
0.502244387250549,0.150373755828104
0.50240682846414,0.150380257501844
0.502569298514117,0.150386757201298
0.502731796729246,0.150393254899817
0.502894323361455,0.150399750608168
0.503056878817876,0.150406244342601
0.503219462612767,0.150412736083908
0.503382074967648,0.150419225841513
0.50354471587568,0.150425713615317
0.503707384968174,0.150432199391075
0.503870082479102,0.150438683178596
0.5040328085688,0.150445164984333
0.50419556304814,0.150451644801
0.504358346099367,0.150458122636222
0.504521157873329,0.150464598496124
0.504683997958566,0.150471072364713
0.504846866856661,0.150477544262342
0.505009764095856,0.150484014170423
0.505172689861692,0.150490482096891
0.505335644046885,0.150496948037721
0.50549862691725,0.15050341200372
0.505661638098988,0.150509873980332
0.50582467799965,0.150516333984117
0.505987746359336,0.150522792004911
0.506150843336245,0.150529248049396
0.506313968872753,0.150535702115525
0.506477122977843,0.150542154203999
0.506640305658953,0.150548604315417
0.506803516913021,0.150555052449964
0.506966756777752,0.150561498609429
0.50713002530662,0.150567942796183
0.507293322277168,0.150574385001813
0.507456647912104,0.150580825235483
0.507620002146458,0.15058726349481
0.50778338492967,0.150593699778169
0.507946796387085,0.150600134090797
0.508110236496968,0.150606566432066
0.50827370506648,0.15061299679479
0.508437202379167,0.150619425190459
0.508600728336186,0.150625851615333
0.508764282912083,0.150632276068795
0.508927866061292,0.150638698549411
0.509091477860833,0.150645119060518
0.509255118328827,0.150651537603069
0.509418787535124,0.150657954180069
0.509582485298039,0.150664368784731
0.509746211724934,0.150670781421663
0.509909966687058,0.150677192086111
0.510073750395607,0.150683600786649
0.510237562785249,0.150690007520903
0.510401403808008,0.150696412287369
0.510565273647686,0.150702815093506
0.510729172072509,0.150709215930537
0.510893099077904,0.15071561479876
0.511057054818401,0.150722011704464
0.511221039569584,0.150728406658478
0.511385052710262,0.150734799636942
0.511549094665605,0.150741190657017
0.51171316547075,0.150747579720081
0.511877264860813,0.150753966816193
0.512041393170891,0.150760351958765
0.512205549988338,0.150766735131993
0.512369735626917,0.150773116348542
0.512533949969839,0.150779495604015
0.512698193101692,0.150785872902041
0.512862464981453,0.150792248241299
0.513026765553302,0.150798621619983
0.513191094859552,0.150804993040069
0.51335545311603,0.150811362510114
0.51351984006576,0.15081773002042
0.513684255564442,0.150824095565949
0.513848700011907,0.150830459162439
0.514013173160923,0.150836820800441
0.514177675330627,0.150843180492641
0.514342206303632,0.150849538230821
0.514506765796873,0.150855894004626
0.514671354234586,0.150862247830791
0.514835971415496,0.150868599701631
0.515000617204949,0.150874949612435
0.51516529209889,0.150881297582543
0.515329995730228,0.150887643597906
0.515494728140335,0.150893987660666
0.51565948941852,0.150900329774526
0.515824279424909,0.150906669934402
0.515989098354985,0.150913008148138
0.516153946240346,0.150919344417112
0.516318823072621,0.15092567874129
0.516483728546276,0.150932011109385
0.516648663007253,0.150938341535073
0.516813626127497,0.150944670005963
0.516978618161991,0.150950996532257
0.517143639064627,0.150957321112338
0.517308688962562,0.150963643751357
0.517473767673118,0.150969964442618
0.517638875451938,0.150976283196247
0.517804011998924,0.150982600001022
0.517969177287937,0.15098891485647
0.518134371776036,0.150995227780216
0.518299595133945,0.151001538759789
0.518464847249636,0.151007847791489
0.518630128309008,0.151014154882745
0.518795438070986,0.151020460024625
0.518960776867958,0.151026763230136
0.519126144560674,0.151033064494101
0.51929154146912,0.151039363828979
0.519456967241808,0.151045661221628
0.519622421856181,0.151051956671757
0.519787905446782,0.151058250184777
0.519953417858643,0.15106454175506
0.520118959153454,0.151070831385333
0.520284529716533,0.151077119090345
0.520450129146119,0.151083404855036
0.520615757633196,0.151089688687171
0.520781414986996,0.151095970579787
0.520947101301716,0.151102250536853
0.521112816644408,0.151108528561129
0.52127856093661,0.151114804649927
0.521444334255714,0.151121078806508
0.521610136599414,0.151127351031044
0.521775967752209,0.151133621315777
0.52194182810059,0.151139889675627
0.522107717398699,0.15114615610144
0.522273635887395,0.151152420602691
0.522439583161034,0.15115868316438
0.5226055596672,0.151164943803809
0.522771565167487,0.151171202512088
0.522937599461548,0.151177459282203
0.523103662957831,0.151183714129839
0.523269755427717,0.151189967046497
0.523435876985534,0.151196218036887
0.523602027706997,0.151202467104071
0.523768207439963,0.151208714242642
0.523934416219697,0.151214959454334
0.524100654145291,0.151221202743119
0.524266921085279,0.151227444104351
0.52443321740761,0.151233683552093
0.524599542470906,0.151239921062597
0.524765896858871,0.151246156658271
0.52493228016247,0.151252390323863
0.525098692536623,0.151258622065681
0.525265133938655,0.151264851882356
0.525431604802261,0.151271079790273
0.525598104358504,0.151277305760979
0.52576463340674,0.151283529824886
0.525931191514836,0.151289751965795
0.52609777875903,0.151295972187105
0.526264395035857,0.151302190485276
0.526431040471593,0.151308406865342
0.526597714994593,0.151314621324875
0.526764418623707,0.151320833864919
0.526931151428658,0.151327044488339
0.527097913426909,0.151333253196037
0.527264704312323,0.15133945997703
0.527431524545731,0.151345664848805
0.52759837407034,0.151351867809264
0.52776525248324,0.151358068843924
0.527932160308355,0.151364267972647
0.528099097358795,0.151370465188522
0.528266063718711,0.151376660495065
0.528433059188012,0.1513828538852
0.528600083926906,0.151389045365255
0.528767137801171,0.15139523493051
0.528934220775594,0.151401422580065
0.529101333108199,0.151407608323702
0.529268474436054,0.151413792148256
0.52943564520572,0.151419974070619
0.529602845144457,0.151426154080825
0.529770074374997,0.151432332183844
0.529937332576731,0.151438508368197
0.530104620150404,0.151444682649045
0.530271937289733,0.151450855033495
0.530439283326309,0.151457025497317
0.530606658677758,0.151463194056522
0.53077406334643,0.151469360711234
0.530941497379118,0.151475525463439
0.531108960739333,0.151481688312093
0.531276453222311,0.151487849250077
0.531443974880541,0.151494008279754
0.531611526059431,0.151500165413956
0.531779106357545,0.151506320638149
0.531946716021051,0.151512473961854
0.532114355250217,0.1515186253925
0.532282023583061,0.151524774913481
0.532449721315437,0.15153092253616
0.53261744824926,0.15153706825347
0.532785204386704,0.151543212065916
0.532952989856361,0.151549353978459
0.533120804531412,0.151555493986715
0.533288648710672,0.151561632101884
0.533456522154014,0.151567768315387
0.533624425003477,0.151573902632829
0.533792357330614,0.151580035057022
0.533960318961376,0.151586165581937
0.534128309729817,0.151592294202012
0.534296330002395,0.151598420930896
0.534464379571222,0.151604545761141
0.534632458431935,0.151610668693024
0.534800566933594,0.151616789739443
0.534968704806129,0.151622908890742
0.535136871947744,0.151629026143744
0.5353050686809,0.151635141510448
0.535473294643631,0.151641254977921
0.535641549946752,0.151647366550686
0.535809834802082,0.151653476236596
0.53597814890992,0.151659584025037
0.536146492577023,0.151665689927525
0.536314865528877,0.15167179393432
0.536483267998314,0.151677896054253
0.536651699806272,0.151683996281063
0.536820161048863,0.151690094618612
0.536988651670294,0.151696191065147
0.537157171987809,0.151702285632364
0.537325721848367,0.151708378314886
0.537494301068333,0.151714469106557
0.537662909683747,0.151720558009112
0.537831547841915,0.151726645028097
0.538000215294977,0.151732730154854
0.538168912186678,0.151738813394978
0.538337638685852,0.1517448947547
0.53850639446605,0.151750974222562
0.538675179915032,0.151757051812908
0.53884399491304,0.151763127521527
0.539012839360106,0.151769201345239
0.539181713258841,0.151775273284523
0.539350616549607,0.151781343337562
0.539519549412288,0.15178741151109
0.53968851213611,0.151793477815568
0.53985750407993,0.151799542228333
0.54002652572785,0.151805604767315
0.540195576953881,0.151811665428045
0.540364657651608,0.151817724207119
0.540533767969249,0.151823781110175
0.540702907692177,0.151829836129817
0.540872076940928,0.151835889270751
0.541041275805169,0.151841940536375
0.541210504115034,0.151847989920913
0.541379762070316,0.151854037431847
0.541549049752926,0.151860083072249
0.541718366801696,0.151866126829606
0.541887713398194,0.15187216871088
0.542057089673134,0.151878208720874
0.542226495736392,0.151884246863672
0.54239593119126,0.151890283125518
0.54256539630119,0.151896317516273
0.54273489091358,0.1519023500307
0.542904415232789,0.151908380676384
0.543073969224658,0.151914409452295
0.543243552639977,0.15192043634999
0.543413165737762,0.151926461379047
0.543582808644777,0.151932484544057
0.543752480726855,0.151938505822954
0.543922182752247,0.151944525243435
0.544091914216805,0.151950542787612
0.544261675530162,0.151956558470467
0.544431466241746,0.151962572276257
0.544601286860612,0.151968584223412
0.54477113703375,0.151974594299551
0.54494101716333,0.15198060251928
0.545110926991687,0.151986608873644
0.545280866472372,0.151992613361493
0.545450835467911,0.151998615978368
0.545620834497037,0.152004616742784
0.545790862981373,0.152010615634499
0.545960921116358,0.152016612661006
0.54613100863557,0.152022607813195
0.546301125828683,0.152028601101619
0.546471273163292,0.152034592542681
0.546641450178897,0.152040582120324
0.546811656896814,0.15204656983591
0.546981893177981,0.152052555684917
0.547152159097592,0.152058539670348
0.547322455011243,0.152064521804813
0.547492780476447,0.152070502072997
0.547663135734897,0.152076480483884
0.54783352076538,0.1520824570369
0.548003935902498,0.152088431743964
0.548174380359729,0.152094404577889
0.54834485494026,0.152100375567338
0.548515359064275,0.152106344692016
0.548685893035023,0.152112311963078
0.548856456855811,0.15211827738076
0.54902705019601,0.152124240933909
0.549197673546225,0.152130202640009
0.549368326719131,0.152136162492573
0.549539009913111,0.152142120498865
0.549709722576312,0.152148076640022
0.549880465223953,0.152154030934486
0.550051237815718,0.152159983380842
0.550222040168635,0.152165933973091
0.550392872076649,0.152171882704558
0.550563733948171,0.15217782958975
0.550734625937256,0.152183774634
0.550905547514536,0.152189717819279
0.551076498927801,0.152195659154766
0.551247480061647,0.152201598636645
0.551418490906732,0.15220753626495
0.551589531803164,0.152213472051664
0.551760602443026,0.152219405986292
0.55193170330352,0.15222533808571
0.552102833950483,0.15223126833504
0.552273994394511,0.152237196735228
0.552445184785806,0.152243123291732
0.552616405009449,0.152249048000815
0.552787654953759,0.152254970859018
0.552958934754076,0.152260891871343
0.553130244607379,0.152266811044733
0.553301584428223,0.152272728376434
0.553472954269202,0.152278643868604
0.553644354079283,0.152284557519786
0.553815783735166,0.152290469326109
0.553987243213864,0.152296379287175
0.554158732827419,0.152302287413935
0.554330252501229,0.152308193703942
0.554501801897757,0.152314098146042
0.554673381082329,0.152320000742982
0.554844990408704,0.152325901507059
0.555016629533175,0.152331800426638
0.555188298672237,0.152337697509589
0.555359997564666,0.152343592747207
0.55553172669448,0.152349486156391
0.555703485843802,0.15235537772974
0.555875275013438,0.152361267467719
0.556047094223289,0.152367155371321
0.556218943281214,0.152373041434325
0.556390822238444,0.152378925658886
0.556562731369685,0.152384808054571
0.556734670507991,0.152390688615844
0.556906639645218,0.152396567342832
0.557078638771222,0.152402444235509
0.557250667919553,0.152408319295312
0.557422727049537,0.152414192521143
0.557594816455351,0.152420063923259
0.557766935866392,0.152425933492643
0.557939085081912,0.152431801222992
0.558111264539568,0.1524376671295
0.558283473991492,0.15244353120383
0.558455713406562,0.152449393445373
0.558627983114822,0.152455253865571
0.55880028270145,0.152461112450551
0.558972612588588,0.152466969215072
0.559144972285669,0.152472824142682
0.559317362158587,0.152478677246275
0.55948978218436,0.152484528525155
0.559662232471568,0.152490377983268
0.559834712609547,0.152496225607071
0.560007222817719,0.152502071404484
0.560179763097577,0.152507915375718
0.560352333507884,0.152513757523023
0.560524933972966,0.152519597844122
0.560697564998672,0.152525436356294
0.560870225859364,0.152531273035252
0.561042916791658,0.152537107889664
0.561215638068706,0.152542940928828
0.561388389495576,0.152548772146341
0.561561170941531,0.152554601538256
0.561733982563218,0.15256042911019
0.561906824322919,0.152566254861079
0.562079696219556,0.152572078791199
0.562252598353164,0.152577900904182
0.562425530328031,0.152583721187079
0.562598492868953,0.152589539664564
0.562771485262402,0.152595356312738
0.562944508159316,0.152601171153983
0.563117561225122,0.15260698417709
0.563290644505328,0.152612795384067
0.563463758148981,0.152618604780152
0.563636901660408,0.152624412349092
0.563810075515257,0.152630218107273
0.563983279370597,0.152636022043319
0.564156513676207,0.152641824172631
0.564329778041548,0.15264762448229
0.564503072785671,0.152653422983394
0.564676397839986,0.152659219673787
0.564849752964255,0.152665014545853
0.565023138482181,0.152670807610753
0.565196554176598,0.152676598861405
0.565370000104491,0.152682388300113
0.565543476408414,0.152688175931852
0.565716982807044,0.15269396174754
0.565890519520176,0.152699745754897
0.566064086527931,0.152705527953429
0.566237684213882,0.15271130835608
0.566411311755127,0.152717086935811
0.566584969749585,0.152722863713114
0.56675865794464,0.152728638679617
0.566932376563206,0.152734411843076
0.567106125639468,0.152740183204783
0.567279904935013,0.152745952757176
0.567453714227987,0.152751720493416
0.567627554295175,0.152757486439439
0.567801424438902,0.152763250572157
0.567975324845201,0.152769012898383
0.568149255884686,0.152774773430467
0.568323216976906,0.152780532149445
0.568497208435383,0.152786289066233
0.568671230347531,0.152792044183808
0.568845282789385,0.152797797504881
0.569019365556807,0.152803549023033
0.569193478229451,0.152809298724952
0.56936762165201,0.152815046638787
0.569541795539576,0.152820792755003
0.569715999625233,0.152826537065339
0.569890234082858,0.152832279575949
0.570064498817973,0.15283802028394
0.570238794281524,0.152843759204346
0.570413119962597,0.152849496320546
0.570587475870948,0.152855231633461
0.570761862502605,0.152860965159535
0.57093627946434,0.152866696885959
0.571110727034509,0.152872426822313
0.571285204500059,0.152878154945566
0.571459712852279,0.152883881288636
0.571634251572145,0.152889605834365
0.571808820716074,0.152895328585172
0.571983420202148,0.152901049538685
0.572158050429395,0.152906768708176
0.572332710903858,0.15291248607769
0.572507402067014,0.152918201662115
0.572682123512701,0.152923915448342
0.572856875361125,0.152929627440788
0.573031657904259,0.152935337649119
0.573206470829853,0.152941046063346
0.573381314038845,0.152946752680751
0.573556187773987,0.15295245750953
0.573731092294111,0.152958160558173
0.57390602724484,0.152963861815378
0.574080992861038,0.152969561289236
0.574255988822589,0.152975258969599
0.574431015591632,0.152980954871834
0.57460607275938,0.152986648982798
0.574781160380244,0.152992341304773
0.574956278604897,0.15299803184287
0.57513142733265,0.153003720594043
0.575306606548906,0.153009407558165
0.575481816348029,0.153015092738571
0.575657056876052,0.153020776140178
0.57583232784014,0.153026457753793
0.576007629407332,0.153032137585246
0.5761829615544,0.15303781563399
0.576358324210571,0.153043491898052
0.576533717310333,0.153049166375667
0.57670914110708,0.153054839075272
0.576884595605914,0.153060509997164
0.577060080692387,0.15306617913797
0.577235596487291,0.15307184650192
0.577411143038084,0.153077512090758
0.577586720030247,0.153083175894708
0.577762327371767,0.153088837911313
0.577937965578221,0.153094498157359
0.578113634276945,0.153100156620931
0.578289333505502,0.153105813303726
0.578465063567557,0.153111468215693
0.578640824354372,0.153117121353478
0.578816615389318,0.153122772702268
0.578992437394985,0.153128422285628
0.579168289889291,0.153134070088092
0.579344172945118,0.153139716112536
0.579520087069943,0.153145360375339
0.579696031941662,0.153151002866261
0.579872007111478,0.15315664357155
0.580048013118438,0.153162282508876
0.58022404997517,0.153167919678602
0.580400117128415,0.153173555063461
0.580576215243876,0.153179188685158
0.58075234406763,0.153184820535553
0.580928503495436,0.153190450611772
0.581104693433223,0.153196078911204
0.581280914562817,0.153201705455738
0.581457166513969,0.153207330233565
0.581633449381324,0.153212953248182
0.581809762603468,0.153218574482138
0.581986106697573,0.153224193952364
0.582162481096024,0.153229811640941
0.582338886631698,0.153235427574705
0.582515322900745,0.153241041740734
0.582691789909871,0.153246654139752
0.582868287852153,0.153252264778141
0.583044816711886,0.153257873655584
0.583221376421573,0.153263480770261
0.583397966533757,0.153269086108451
0.583574587627466,0.153274689688887
0.58375123945975,0.15328029150388
0.583927921897708,0.15328589154967
0.584104635300733,0.153291489837895
0.584281379378287,0.15329708635952
0.584458154416989,0.153302681123975
0.584634960049056,0.153308274119872
0.584811796601686,0.153313865357948
0.584988664178587,0.15331945484155
0.585165562533415,0.153325042563195
0.585342491525847,0.153330628518942
0.585519451477652,0.153336212719214
0.58569644214803,0.153341795156586
0.585873463738221,0.153347375837753
0.586050516150893,0.153352954759854
0.586227599509791,0.153358531927085
0.586404713914749,0.15336410734278
0.58658185901634,0.153369680996287
0.586759034928492,0.153375252891649
0.586936242008444,0.153380823040203
0.587113479770163,0.153386391426906
0.587290748521382,0.153391958061888
0.587468048442977,0.153397522950888
0.587645378836822,0.153403086072402
0.587822740612448,0.153408647455354
0.588000132777898,0.153414207068734
0.588177555945566,0.153419764932369
0.588355010057387,0.1534253210444
0.588532495568004,0.153430875419205
0.588710011769036,0.153436428034888
0.588887558978246,0.153441978901989
0.589065136878905,0.15344752801083
0.5892427458172,0.153453075372562
0.589420385730853,0.153458620985338
0.589598056802329,0.153464164855105
0.589775758925758,0.153469706978782
0.589953492022259,0.153475247354291
0.59013125560087,0.15348078596683
0.590309050784076,0.15348632285156
0.590486876859713,0.153491857986169
0.59066473357282,0.153497391363487
0.590842621529618,0.153502923002627
0.591020540440082,0.153508452894589
0.591198490257078,0.153513981038358
0.59137647134178,0.153519507445357
0.591554483253187,0.153525032102113
0.591732526176387,0.153530555014843
0.591910599871791,0.153536076176381
0.592088705089952,0.153541595610154
0.59226684113385,0.153547113294647
0.592445008313132,0.153552629240029
0.592623206734017,0.153558143449684
0.592801435860599,0.153563655907421
0.592979696098437,0.153569166626241
0.593157987638041,0.153574675612021
0.593336309895654,0.153580182847073
0.593514663534933,0.153585688352295
0.593693048253733,0.153591192118373
0.593871464028748,0.15359669414504
0.594049910996236,0.153602194436763
0.594228388867624,0.153607692984947
0.594406898155089,0.153613189805645
0.594585438298507,0.153618684881787
0.594764009901021,0.15362417823233
0.594942612253246,0.153629669835639
0.595121245922959,0.153635159709655
0.595299910475047,0.153640647841117
0.595478606251559,0.153646134240927
0.595657333489968,0.153651618916392
0.595836091746871,0.153657101854192
0.596014881151699,0.1536625830588
0.596193701713695,0.153668062530718
0.596372553498369,0.153673540272197
0.596551436683455,0.153679016288864
0.596730350853743,0.153684490568329
0.596909295973145,0.153689963110016
0.597088272447894,0.153695433926517
0.597267280019814,0.153700903010059
0.597446318744127,0.153706370362725
0.597625388638582,0.153711835985308
0.597804489982237,0.153717299886503
0.597983622403275,0.15372276205521
0.59816278595558,0.153728222493551
0.598341980999274,0.153733681212644
0.598521207503034,0.153739138211618
0.598700465097944,0.153744593479663
0.598879753739581,0.153750047015945
0.599059073592331,0.153755498825714
0.599238424865183,0.153760948915427
0.599417807502934,0.153766397283572
0.599597221328976,0.153771843925158
0.599776666439254,0.153777288843456
0.599956142763474,0.153782732036581
0.60013565013525,0.153788173499853
0.600315189118953,0.153793613250563
0.600494759246069,0.153799051274622
0.600674360682072,0.153804487577526
0.600853993476312,0.153809922160955
0.601033657525156,0.153815355022049
0.601213352903978,0.153820786163403
0.60139307972903,0.153826215588731
0.601572837889488,0.153831643294934
0.601752627548951,0.153837069287244
0.601932448415784,0.153842493557148
0.602112300527514,0.153847916106206
0.602292184340093,0.153853336948276
0.602472099099887,0.153858756060905
0.602652045284767,0.153864173459023
0.602832022798674,0.153869589139787
0.603012031601876,0.153875003102323
0.603192072042027,0.153880415357277
0.60337214378986,0.153885825894943
0.603552246797279,0.153891234714355
0.603732381492315,0.153896641828545
0.603912547191963,0.153902047217265
0.604092744622774,0.15390745090273
0.604272973362446,0.153912852872295
0.604453233491445,0.153918253128843
0.60463352510691,0.153923651675498
0.604813848051602,0.153929048507818
0.604994202233311,0.153934443623435
0.605174588377245,0.153939837044136
0.605355005583139,0.153945228743164
0.605535454145222,0.153950618729989
0.605715934264223,0.153956007010672
0.605896445716912,0.153961393578763
0.6060769884294,0.153966778432476
0.606257563152435,0.153972161594282
0.60643816878775,0.153977543031651
0.606618806180923,0.15398292277039
0.606799475160632,0.15398830080528
0.60698017557683,0.153993677132255
0.607160907313994,0.153999051748288
0.607341670666832,0.15400442466239
0.607522465415035,0.154009795868189
0.607703291689924,0.154015165369933
0.607884149762779,0.154020533175798
0.608065039135181,0.154025899271277
0.608245960210635,0.154031263668767
0.608426912720793,0.154036626360458
0.60860789686351,0.154041987352563
0.608788912391948,0.154047346638019
0.608969959354179,0.154052704218635
0.609151037951166,0.154058060100541
0.609332148136388,0.154063414282529
0.609513289732172,0.154068766759697
0.60969446301376,0.154074117540469
0.609875668011165,0.154079466625847
0.610056904598053,0.154084814012398
0.610238172667529,0.154090159697355
0.610419472318335,0.154095503683936
0.610600803564139,0.154100845972754
0.610782166344236,0.154106186562299
0.610963560922311,0.154111525460554
0.611144987072612,0.154116862661077
0.611326444792357,0.154122198164187
0.611507934417744,0.154127531979944
0.611689455626901,0.15413286409908
0.611871008429822,0.154138194522334
0.612052592813707,0.15414352324961
0.612234208647072,0.154148850277361
0.612415856203488,0.154154175613854
0.612597535340202,0.154159499255066
0.612779246367696,0.154164821210338
0.612960989134942,0.154170141475405
0.613142763332619,0.154175460041668
0.613324569354764,0.154180776920984
0.613506406971061,0.154186092106742
0.613688276107076,0.154191405597176
0.613870176997573,0.154196717399382
0.614052109848686,0.154202027519455
0.614234074116135,0.154207335941837
0.614416070310046,0.154212642681823
0.614598098050474,0.154217947728458
0.614780157678222,0.154223251092033
0.614962249144198,0.154228552771231
0.615144372139658,0.15423385275745
0.615326526981014,0.154239151060246
0.615508713468348,0.154244447673965
0.615690931893838,0.154249742607377
0.615873181913025,0.154255035850697
0.616055463711394,0.154260327409707
0.616237777429296,0.154265617288614
0.616420122671156,0.154270905476249
0.616602499757673,0.154276191982296
0.616784908569535,0.154281476803432
0.616967349434661,0.154286759949378
0.617149821935052,0.154292041408261
0.617332326394046,0.154297321189836
0.617514862612203,0.154302599288502
0.617697430559221,0.154307875703761
0.617880030364655,0.154313150439605
0.618062662015857,0.154318423495866
0.618245325474998,0.154323694871735
0.618428020488453,0.15432896456026
0.618610747492412,0.154334232574287
0.618793506442678,0.154339498912587
0.618976297355078,0.154344763575897
0.619159119995346,0.154350026557815
0.619341974517237,0.154355287863122
0.619524860965646,0.154360547493283
0.619707779364651,0.15436580544922
0.619890729727728,0.154371061731574
0.620073711692098,0.154376316330299
0.620256725742786,0.154381569259634
0.620439771498571,0.154386820508758
0.620622849130825,0.154392070082992
0.620805958674327,0.154397317983503
0.620989100249511,0.154402564213944
0.621172273601753,0.154407808767305
0.621355479135005,0.154413051655435
0.621538716308727,0.154418292863091
0.62172198578349,0.154423532409513
0.621905286969985,0.154428770277963
0.622088619899555,0.154434006469893
0.622271984842744,0.154439240993205
0.622455381819406,0.154444473848567
0.622638810675042,0.154449705031866
0.62282227161375,0.154454934549217
0.623005764503381,0.154460162397056
0.623189289245619,0.154465388572949
0.623372846270012,0.154470613089319
0.623556435255534,0.154475835937167
0.623740055802594,0.154481057105681
0.623923708652499,0.154486276616195
0.624107393762273,0.15449149446737
0.624291110746461,0.15449671064865
0.624474859801211,0.154501925166034
0.624658640705406,0.154507138013483
0.624842453928812,0.154512349204549
0.625026299253158,0.154517558733128
0.625210176178275,0.154522766585574
0.625394085068743,0.154527972772633
0.625578026236723,0.154533177303109
0.62576199936163,0.154538380168108
0.625946004656014,0.154543581374012
0.626130041939593,0.154548780915947
0.626314111156395,0.154553978792704
0.626498212390537,0.154559175006928
0.626682345875698,0.154564369565358
0.626866511417193,0.154569562462696
0.627050709117399,0.154574753702171
0.627234938895123,0.154579943281739
0.627419200891223,0.154585131205633
0.627603494894844,0.154590317468173
0.627787820974663,0.154595502071644
0.627972179249418,0.154600685019578
0.628156569707835,0.154605866311857
0.628340992117299,0.154611045942281
0.628525446750066,0.154616223918802
0.628709933733996,0.154621400245091
0.628894452991469,0.154626574919188
0.629079004344175,0.154631747936458
0.629263587545722,0.154636919290434
0.629448203021619,0.154642088993294
0.629632850666077,0.154647257042132
0.6298175304358,0.154652423436055
0.630002242641141,0.154657588183939
0.63018698686548,0.154662751274367
0.630371763294618,0.154667912712954
0.630556572199716,0.154673072507369
0.630741413321026,0.154678230650553
0.630926286476917,0.154683387137892
0.631111191705469,0.154688541970801
0.631296129378599,0.154693695159766
0.631481099207187,0.154698846696873
0.631666101180093,0.154703996582224
0.631851135593727,0.154709144824256
0.63203620212166,0.154714291414087
0.632221300849133,0.154719436354491
0.632406431996238,0.154724579651741
0.632591595535805,0.154729721305233
0.63277679139278,0.154734861313182
0.632962019581557,0.154739999676296
0.633147279744828,0.154745136385024
0.633332572396089,0.15475027145389
0.633517897184366,0.154755404873257
0.633703254198077,0.154760536645975
0.633888643511551,0.154765666774296
0.634074065586408,0.154770795271072
0.634259519670386,0.154775922115746
0.634445006041162,0.154781047316567
0.634630524836071,0.154786170877415
0.634816075756318,0.154791292790299
0.635001659244953,0.154796413067726
0.635187275093774,0.15480153170405
0.635372923138614,0.154806648695152
0.635558603707001,0.154811764050316
0.635744316628184,0.154816877764978
0.635930062027584,0.154821989842896
0.636115839637033,0.154827100276972
0.636301649685016,0.154832209073814
0.636487491821084,0.154837316224032
0.636673366419453,0.154842421738221
0.636859273839573,0.154847525626213
0.637045213360311,0.154852627868495
0.637231185219081,0.154857728472147
0.637417189819183,0.154862827448261
0.637603226621941,0.154867924782268
0.637789296038241,0.154873020485839
0.637975397679463,0.154878114548503
0.638161532107785,0.15488320698593
0.638347698632181,0.154888297779392
0.638533897761904,0.154893386943268
0.638720129570345,0.154898474479546
0.638906393690222,0.15490356037851
0.639092690097893,0.154908644639972
0.639279019018992,0.154913727270293
0.639465380353869,0.15491880826691
0.639651774422975,0.154923887638765
0.639838200670014,0.154928965370959
0.64002465934593,0.154934041470791
0.640211150735969,0.154939115946075
0.640397674632219,0.154944188791315
0.640584231105498,0.154949260008784
0.640770820010965,0.154954329594817
0.640957441556527,0.154959397555332
0.641144095404569,0.15496446388141
0.641330782186414,0.154969528590424
0.641517501366181,0.154974591667933
0.641704252790436,0.15497965311034
0.641891037026097,0.154984712933188
0.642077853643822,0.154989771124925
0.64226470295828,0.154994827694441
0.642451585227971,0.154999882648764
0.642638499756443,0.155004935969387
0.642825446761532,0.155009987662748
0.64301242654374,0.155015037737029
0.643199438703209,0.155020086181631
0.643386483534364,0.155025133004864
0.643573561272087,0.155030178213111
0.643760671273495,0.155035221789352
0.643947814107086,0.155040263749328
0.644134989394382,0.155045304082927
0.644322197481825,0.155050342799806
0.644509438213639,0.155055379895904
0.644696711537951,0.155060415370169
0.64488401756044,0.155065449225696
0.645071356074772,0.155070481457197
0.645258727184079,0.155075512067762
0.645446131085067,0.155080541062814
0.645633567850314,0.155085568444427
0.645821037290803,0.155090594207809
0.646008539546739,0.155095618357036
0.64619607452977,0.15510064088996
0.646383641798694,0.155105661795183
0.646571242025378,0.155110681090965
0.646758874763804,0.155115698765407
0.646946540303008,0.155120714826611
0.647134238355791,0.1551257292671
0.647321969362739,0.155130742098901
0.647509733209481,0.155135753319033
0.647697529906077,0.155140762928072
0.64788535916324,0.155145770918643
0.648073221220841,0.155150777297471
0.648261116258166,0.155155782069415
0.64844904383833,0.155160785223115
0.648637003989676,0.155165786759785
0.648824996948633,0.155170786685884
0.649013022645297,0.155175784999689
0.649201081359023,0.155180781708823
0.649389172834567,0.155185776806698
0.649577297057234,0.155190770293311
0.649765454371714,0.155195762177979
0.649953644046894,0.155200752441595
0.650141866544211,0.155205741096867
0.650330121889374,0.155210728144491
0.650518410161982,0.155215713586769
0.650706731583347,0.155220697429715
0.650895085283104,0.155225679650695
0.651083472379835,0.155230660279659
0.651271892051627,0.155235639294819
0.651460344807927,0.155240616710127
0.651648830479949,0.155245592521192
0.651837348523204,0.155250566714116
0.65202589984816,0.15525553931318
0.652214483598546,0.155260510295838
0.652403100687733,0.155265479686555
0.652591750726967,0.155270447475019
0.652780433401369,0.155275413653456
0.65296914903974,0.155280378230848
0.653157897589419,0.155285341205905
0.653346679193592,0.155290302582616
0.653535493454435,0.155295262350817
0.653724341202691,0.155300220532541
0.653913221617525,0.155305177106316
0.654102135332678,0.155310132089241
0.654291081337925,0.15531508545506
0.654480060605813,0.155320037229715
0.654669072781272,0.155324987403772
0.654858117935142,0.155329935979465
0.65504719610136,0.155334882957896
0.655236306992347,0.155339828331851
0.655425451057613,0.155344772113342
0.655614628307367,0.155349714302661
0.655803838377337,0.155354654890633
0.65599308165265,0.155359593887641
0.656182357810775,0.155364531285423
0.656371666810922,0.15536946708332
0.656561008954635,0.155374401289374
0.656750384362445,0.155379333906785
0.656939792650778,0.155384264925854
0.657129233590816,0.155389194341128
0.657318708038494,0.155394122174993
0.657508215330249,0.155399048410198
0.657697755878601,0.15540397305791
0.657887329443963,0.155408896112035
0.658076935912563,0.155413817570007
0.658266575604805,0.155418737440353
0.658456248442805,0.155423655721163
0.658645954229741,0.155428572407663
0.658835693117606,0.155433487504094
0.659025464885657,0.155438401004969
0.659215270141609,0.155443312926193
0.659405108405553,0.155448223255434
0.659594979567845,0.15545313199036
0.659784883983014,0.155458039140346
0.659974821532492,0.155462944702424
0.660164792265657,0.155467848678152
0.66035479628979,0.155472751070498
0.660544833081204,0.155477651866288
0.660734903255024,0.15548255108171
0.660925006602161,0.155487448711379
0.661115143218075,0.15549234475806
0.661305313025564,0.155497239219997
0.661495515880681,0.155502132093807
0.661685751781475,0.155507023379751
0.661876020856916,0.155511913081343
0.662066323408186,0.155516801206412
0.662256658966465,0.155521687743143
0.662447027855299,0.155526572700223
0.662637430019111,0.155531456076341
0.662827865298509,0.155536337867713
0.663018333824711,0.155541218077989
0.663208835575788,0.155546096706791
0.663399370598172,0.15555097375554
0.663589939015248,0.155555849227582
0.663780540548751,0.155560723116058
0.663971175502432,0.155565595429028
0.664161843578508,0.155570466159063
0.664352545179451,0.15557533531671
0.664543279722235,0.155580202887296
0.664734047721979,0.155585068884335
0.664924849120633,0.15558993330636
0.665115683511161,0.155594796143364
0.665306551410522,0.155599657408816
0.66549745240638,0.15560451709232
0.665688386987257,0.155609375206604
0.665879355173417,0.155614231752195
0.666070356247827,0.155619086711288
0.666261390930612,0.155623940102579
0.666452458868903,0.1556287919171
0.666643560154205,0.155633642157538
0.666834694336115,0.155638490812784
0.667025862346459,0.155643337906663
0.66721706363929,0.155648183425276
0.667408298364783,0.155653027372879
0.667599566460729,0.155657869748101
0.667790867751947,0.15566271054682
0.667982202406113,0.15566754977355
0.668173570593939,0.155672387432717
0.668364972389325,0.15567722352632
0.668556407131274,0.15568205803805
0.668747875619778,0.155686890988443
0.668939377540043,0.155691722369505
0.66913091297538,0.155696552183688
0.669322482109869,0.155701380435802
0.669514084301378,0.15570620710999
0.669705719959133,0.155711032216989
0.669897389093809,0.155715855757106
0.670089091749186,0.155720677731643
0.670280827572984,0.155725498132051
0.670472597135665,0.155730316972918
0.670664399831399,0.155735134239152
0.670856236086687,0.155739949941859
0.671048106004495,0.15574476408364
0.671240009264061,0.155749576656716
0.671431946357458,0.15575438767369
0.671623916980576,0.155759197127038
0.671815921003075,0.155764005013912
0.672007958630186,0.155768811339703
0.672200029687122,0.155773616100216
0.672392134206553,0.155778419296568
0.672584272345969,0.155783220932872
0.672776443831451,0.155788021002511
0.67296864901209,0.155792819514469
0.673160887649282,0.155797616462927
0.673353160018148,0.155802411855018
0.67354546601893,0.155807205688396
0.67373780557094,0.155811997961355
0.67393017884859,0.155816788678474
0.674122585615586,0.155821577834087
0.674315026033843,0.155826365432522
0.674507499598015,0.155831151461501
0.674700006970794,0.155835935937777
0.674892547951529,0.155840718856339
0.675085122450696,0.1558455002153
0.675277730809501,0.155850280023327
0.675470373049853,0.155855058281041
0.675663048842259,0.155859834980589
0.675855758005634,0.155864610117928
0.676048501060572,0.155869383706135
0.676241277745639,0.155874155738787
0.676434088016032,0.155878926215133
0.676626932082671,0.155883695140594
0.676819809786917,0.155888462511423
0.67701272101208,0.155893228325068
0.677205666070833,0.155897992589457
0.677398644867549,0.15590275530234
0.677591657427681,0.155907516464612
0.677784703538429,0.155912276071307
0.677977783533385,0.155917034130892
0.678170897275948,0.155921790640116
0.678364045013289,0.155926545605292
0.67855722591029,0.15593129900621
0.678750440678131,0.155936050860788
0.678943689093744,0.1559408011635
0.679136971546334,0.155945549924121
0.679330287812726,0.155950297137289
0.679523637651429,0.155955042797479
0.679717021216497,0.155959786908781
0.679910438531365,0.155964529471919
0.680103889459074,0.155969270483778
0.68029737463102,0.155974009959956
0.680490893387204,0.155978747884406
0.680684446000199,0.155983484264266
0.680878032271255,0.155988219094844
0.681071652764705,0.155992952390104
0.681265306764805,0.155997684132713
0.681458994508115,0.156002414328944
0.681652716119574,0.156007142981939
0.681846472095673,0.156011870103849
0.682040261855044,0.156016595680653
0.682234085298771,0.156021319710471
0.682427942337017,0.156026042191423
0.682621833586665,0.156030763138626
0.682815758616707,0.156035482541636
0.683009717210143,0.156040200395646
0.683203710063134,0.15604491671774
0.683397736599823,0.156049631493978
0.683591797312533,0.156054344736677
0.683785891516148,0.156059056429397
0.683980020065333,0.156063766593191
0.6841741824708,0.156068475216166
0.684368378543189,0.156073182294219
0.684562608982325,0.156077887844456
0.684756873298821,0.156082591855056
0.684951171456432,0.156087294325599
0.685145503461627,0.156091995256491
0.685339869634886,0.156096694655617
0.685534269697516,0.156101392516388
0.685728703576375,0.156106088837404
0.685923171368222,0.15611078362124
0.686117673564019,0.156115476879795
0.686312209617951,0.15612016860005
0.686506779548583,0.156124858782923
0.686701383817236,0.156129547439645
0.686896021923392,0.156134234558301
0.687090694057968,0.156138920143886
0.687285400119969,0.156143604194142
0.687480140184194,0.156148286711106
0.687674914360225,0.156152967697575
0.687869722825492,0.156157647157939
0.688064565034993,0.1561623250794
0.688259441107767,0.156167001465255
0.688454351339751,0.156171676322697
0.688649295764114,0.156176349652592
0.688844274540635,0.15618102145894
0.68903928691331,0.156185691723989
0.689234333635795,0.156190360466159
0.689429414533386,0.156195027681205
0.689624529324453,0.156199693362751
0.689819678317046,0.156204357518441
0.690014861714683,0.156209020153177
0.69021007902111,0.156213681255361
0.690405330702321,0.156218340836453
0.690600616337788,0.156222998886548
0.690795936153653,0.156227655411384
0.690991290116883,0.156232310410306
0.691186678149765,0.156236963881712
0.691382100457543,0.156241615830692
0.691577556622124,0.156246266247531
0.691773047294362,0.156250915147949
0.691968572078559,0.156255562522577
0.692164131288036,0.156260208379176
0.692359724658569,0.156264852711638
0.692555352256281,0.156269495521856
0.692751013606762,0.156274136798888
0.692946709364842,0.156278776558518
0.693142439259819,0.156283414794321
0.693338203717805,0.156288051516612
0.693534002093284,0.156292686710318
0.693729834842815,0.156297320386636
0.693925701808044,0.15630195254189
0.694121603269649,0.156306583182926
0.694317538716137,0.156311212297892
0.694513508489512,0.156315839895225
0.694709512688869,0.156320465977313
0.694905551101287,0.156325090539355
0.695101623837862,0.156329713584262
0.695297730897293,0.15633433511218
0.695493872227851,0.156338955122119
0.695690047925171,0.156343573616554
0.695886257889836,0.156348190593345
0.696082501808554,0.156352806045458
0.696278780525866,0.156357419992896
0.696475093477816,0.156362032422391
0.696671440404343,0.156366643328361
0.696867821811458,0.156371252722905
0.697064237814241,0.156375860608684
0.697260688266991,0.156380466982484
0.697457172965739,0.15638507183987
0.697653692001903,0.156389675183281
0.697850245809093,0.156394277022942
0.698046833897667,0.156398877347541
0.6982434564678,0.156403476162148
0.698440113146032,0.156408073458261
0.698636804228849,0.156412669243105
0.698833529980274,0.156417263522864
0.699030289679023,0.156421856280966
0.699227083853598,0.156426447530142
0.69942391262954,0.156431037273281
0.699620775994851,0.156435625510257
0.699817673649653,0.156440212234393
0.70001460580151,0.156444797450828
0.700211572748889,0.156449381166568
0.700408573917967,0.156453963368491
0.700605609729161,0.156458544066741
0.700802680037084,0.156463123258016
0.700999784908643,0.156467700944125
0.701196923809693,0.156472277112986
0.701394097280247,0.156476851777436
0.701591305545323,0.156481424942614
0.701788548423747,0.156485996604474
0.701985825795939,0.156490566760584
0.702183137440396,0.156495135406148
0.702380484103847,0.156499702558577
0.702577864790795,0.156504268194973
0.702775280102817,0.156508832329735
0.702972730250995,0.156513394967653
0.703170214972588,0.156517956102834
0.703367734170067,0.156522515733389
0.7035652882442,0.156527073868736
0.703762876554785,0.156531630494305
0.703960499670761,0.156536185623561
0.704158156926506,0.156540739241298
0.704355849180712,0.156545291367567
0.704553576051788,0.156549841993526
0.704751337401392,0.156554391116399
0.704949133244175,0.156558938736804
0.705146964162386,0.156563484868188
0.705344829554296,0.156568029496837
0.70554272958273,0.156572572626925
0.705740664275261,0.156577114259233
0.705938633492475,0.15658165439079
0.70613663733628,0.156586193024175
0.706334676001207,0.156590730163965
0.706532749341691,0.15659526580699
0.70673085736065,0.156599799953593
0.706929000172206,0.156604332606577
0.70712717769392,0.156608863764243
0.707325389870362,0.156613393425584
0.707523636869524,0.156617921594638
0.707721918477048,0.156622448266699
0.707920234970484,0.156626973448338
0.708118586366832,0.156631497140034
0.708316972244445,0.15663601933248
0.708515392817699,0.156640540030904
0.708713848216465,0.156645059238348
0.708912338599255,0.156649576958529
0.709110863211238,0.156654093174597
0.709309422900622,0.156658607906171
0.709508017416171,0.156663121147451
0.709706646937582,0.156667632902787
0.709905311158349,0.156672143165444
0.710104009973321,0.156676651933406
0.710302743947381,0.156681159219608
0.710501512339874,0.156685665007396
0.710700315681393,0.156690169309186
0.710899153894456,0.156694672123231
0.711098026972059,0.156699173449606
0.711296934822803,0.156703673286486
0.711495877625802,0.15670817163813
0.71169485533934,0.156712668503741
0.711893867777715,0.156717163879394
0.712092915233695,0.15672165777192
0.712291997627806,0.156726150179634
0.712491114992857,0.156730641103507
0.712690266876157,0.156735130533642
0.71288945387805,0.15673961848382
0.713088675954297,0.156744104953008
0.713287932835537,0.156748589935429
0.713487224768418,0.156753073436905
0.713686551418615,0.156757555450106
0.713885913094865,0.15676203598224
0.714085309627519,0.156766515029613
0.714284741100907,0.15677099259437
0.71448420762477,0.156775468679121
0.714683708946139,0.156779943278415
0.714883245653798,0.156784416405627
0.715082817158803,0.156788888047668
0.715282423666369,0.156793358209539
0.715482065056869,0.156797826888722
0.715681741474811,0.156802294088663
0.715881452836398,0.156806759807648
0.716081199524487,0.156811224054387
0.716280980900962,0.156815686814822
0.71648079725499,0.156820148095817
0.716680648992084,0.156824607906415
0.716880535595595,0.156829066235242
0.717080457358335,0.156833523089186
0.717280414305941,0.156837978468906
0.717480406273232,0.156842432370955
0.717680433188879,0.156846884794038
0.71788049515887,0.156851335740724
0.718080592661286,0.156855785221687
0.718280725043049,0.156860233222574
0.71848089245267,0.156864679747127
0.718681095090024,0.15686912479989
0.718881332571947,0.156873568372557
0.719081605020996,0.156878010468172
0.719281912739952,0.156882451093528
0.719482255764173,0.156886890249472
0.719682633660863,0.15689132792671
0.719883046934844,0.156895764136693
0.720083495281899,0.156900198872764
0.720283979043925,0.156904632142729
0.720484497667617,0.156909063934559
0.720685051530252,0.156913494256932
0.720885640692434,0.156917923111221
0.721086264925153,0.156922350492597
0.721286924654581,0.156926776410662
0.721487619609177,0.156931200859529
0.721688349770207,0.156935623839106
0.721889114872933,0.156940045343841
0.72208991574692,0.156944465392111
0.722290751736707,0.156948883969504
0.722491622461299,0.156953301068198
0.722692528659015,0.156957716704615
0.722893470208497,0.156962130875999
0.723094446966687,0.156966543579486
0.723295458982334,0.156970954816404
0.723496506572426,0.156975364593822
0.723697589377373,0.156979772904014
0.723898707567591,0.156984179751028
0.724099860627454,0.156988585123827
0.724301049209745,0.156992989036953
0.724502273024776,0.156997391484059
0.724703532147212,0.157001792467073
0.724904826772122,0.15700619199039
0.725106156598302,0.157010590047623
0.725307522133043,0.157014986650061
0.725508922776957,0.157019381784762
0.725710358713174,0.157023775456121
0.72591182991316,0.157028167663651
0.726113336970904,0.157032558420361
0.726314878906076,0.157036947705082
0.726516456236184,0.157041335529559
0.726718069197422,0.157045721898874
0.726919717601541,0.157050106809067
0.727121401464723,0.15705449026077
0.727323120805725,0.157058872254591
0.727524875461429,0.157063252787218
0.7277266654503,0.157067631859311
0.727928490988132,0.157072009475687
0.728130352078994,0.157076385636541
0.728332248488053,0.157080760337033
0.728534180279751,0.157085133578843
0.728736147580541,0.157089505364849
0.728938150519233,0.157093875697952
0.729140189001748,0.157098244576287
0.729342262737984,0.15710261199389
0.729544372141335,0.157106977959918
0.729746516948694,0.157111342468776
0.72994869725639,0.157115705522819
0.73015091310626,0.157120067123101
0.730353164472171,0.157124427269242
0.730555451490257,0.157128785964356
0.730757774148905,0.15713314320834
0.730960132052261,0.157137498992967
0.731162525379174,0.157141853322397
0.731364954257478,0.15714620619947
0.731567419160574,0.15715055763439
0.731769919296723,0.157154907610337
0.731972455126869,0.157159256137628
0.732175026577707,0.157163603214729
0.732377633645102,0.157167948841766
0.732580276418984,0.157172293020853
0.732782954815311,0.15717663575037
0.732985668703134,0.157180977027773
0.733188418395315,0.157185316859936
0.733391203888775,0.157189655246865
0.733594024655705,0.157193992177586
0.733796881390152,0.157198327667187
0.733999773649608,0.157202661706232
0.734202701436926,0.15720699429514
0.734405665020211,0.157211325439774
0.734608664547199,0.157215655143333
0.734811699499916,0.157219983395027
0.73501477016555,0.157224310201319
0.735217876371397,0.157228635558649
0.735421018515637,0.157232959475657
0.735624196655618,0.157237281953586
0.735827409903756,0.157241602973934
0.736030659249849,0.15724592255807
0.736233943943738,0.157250240690024
0.736437265034612,0.157254557392313
0.736640621766397,0.157258872648855
0.736844014414791,0.157263186465932
0.73704744231649,0.157267498829731
0.737250906125778,0.157271809754411
0.737454405696644,0.157276119236838
0.737657941261072,0.157280427282107
0.737861512899572,0.157284733892016
0.738065120307036,0.157289039060353
0.738268763273737,0.157293342783054
0.738472442133492,0.15729764506737
0.738676156453725,0.157301945904312
0.738879906848055,0.157306245307039
0.739083692997393,0.157310543268839
0.739287515207338,0.157314839796402
0.739491372999104,0.157319134879828
0.739695266922673,0.157323428530958
0.739899196802908,0.157327720746127
0.740103162690052,0.157332011526642
0.740307164208346,0.157336300864865
0.740511201440864,0.157340588762862
0.74071527488632,0.157344875231147
0.740919384360966,0.157349160265892
0.741123529413556,0.15735344385799
0.741327710929398,0.157357726026194
0.741531928236749,0.157362006756416
0.741736181006852,0.157366286042286
0.741940470268825,0.157370563905455
0.742144795202109,0.157374840328704
0.74234915613394,0.157379115319308
0.742553553047862,0.157383388877
0.74275798600036,0.157387661003138
0.74296245502117,0.157391931698506
0.743166960142504,0.157396200963952
0.743371501370473,0.157400468799782
0.743576078773074,0.157404735207595
0.743780691488159,0.157409000169769
0.743985340307477,0.157413263703139
0.744190025489035,0.157417525812893
0.744394746862448,0.157421786495594
0.744599503716935,0.157426045736879
0.744804296855776,0.157430303553746
0.745009126260044,0.15743455994568
0.745213991830252,0.157438814910821
0.745418893052352,0.157443068438852
0.745623830397084,0.157447320539823
0.745828803896366,0.157451571214388
0.746033813650164,0.157455820464762
0.746238859418464,0.157460068286182
0.746443941654825,0.157464314688228
0.746649059779719,0.157468559659054
0.746854213771012,0.157472803198614
0.747059404595924,0.157477045326894
0.747264631361728,0.157481286025446
0.747469894342217,0.157485525300403
0.74767519350363,0.157489763151171
0.747880528730486,0.15749399957558
0.748085900556252,0.157498234584744
0.748291308119395,0.15750246816107
0.748496751854911,0.157506700313936
0.748702231753381,0.157510931043169
0.748907747889783,0.157515160350464
0.749113300544754,0.157519388241694
0.749318888960101,0.157523614701514
0.749524514212128,0.157527839752293
0.749730175753813,0.157532063382693
0.749935873053793,0.157536285582312
0.750141606541581,0.157540506360268
0.750347376468896,0.157544725721672
0.750553182985774,0.157548943669643
0.750759025416759,0.157553160190623
0.750964904149591,0.157557375292919
0.751170819371158,0.157561588980352
0.751376770683352,0.157565801244967
0.751582758310729,0.157570012091645
0.751788782485184,0.157574221525175
0.751994842870349,0.157578429538853
0.752200939646748,0.15758263613664
0.752407072960064,0.1575868413216
0.752613242481743,0.157591045087228
0.752819448409248,0.157595247437818
0.753025691076317,0.157599448380207
0.753231969709116,0.157603647898859
0.753438284405319,0.157607845996215
0.753644635628197,0.157612042681736
0.753851023648582,0.157616237960859
0.754057448005437,0.157620431824398
0.754263909096885,0.157624624280729
0.75447040645033,0.157628815320404
0.754676939769763,0.157633004937839
0.75488350965091,0.157637193145271
0.755090116116071,0.157641379943086
0.755296758879622,0.157645565325722
0.75550343803423,0.157649749295333
0.755710154274249,0.157653931865971
0.755916906574898,0.157658113017054
0.756123695553109,0.157662292761494
0.756330520859134,0.157666471092257
0.756537382444396,0.157670648008667
0.75674428083291,0.157674823521388
0.756951216170437,0.157678997633309
0.75715818745662,0.157683170324603
0.757365195830893,0.157687341618559
0.75757224028542,0.157691511494845
0.757779321570816,0.157695679968958
0.757986439166716,0.15769984703044
0.758193593407127,0.157704012686299
0.758400784420118,0.157708176939139
0.758608011941364,0.157712339783837
0.75881527601811,0.157716501221613
0.759022576477164,0.15772066124919
0.759229913488843,0.157724819870184
0.759437287427954,0.157728977092137
0.759644697587681,0.157733132901072
0.759852144500028,0.157737287307976
0.76005962843998,0.157741440318283
0.760267148872318,0.157745591921471
0.760474705973782,0.157749742121427
0.760682299529266,0.157753890914014
0.760889929741006,0.157758038303477
0.761097597100364,0.157762184299621
0.761305300548431,0.157766328881531
0.761513041485289,0.157770472077416
0.76172081871731,0.157774613863396
0.761928632595581,0.157778754247006
0.762136483088878,0.157782893227686
0.762344370073061,0.157787030803159
0.762552294302118,0.157791166988482
0.762760254696533,0.157795301762313
0.762968252558109,0.157799435150832
0.763176287048654,0.157803567137272
0.763384358230463,0.157807697723343
0.763592466166327,0.157811826910446
0.763800611009878,0.157815954701739
0.764008792765381,0.157820081097421
0.764217011021398,0.157824206089599
0.764425266179582,0.15782832968647
0.764633558394913,0.157832451891095
0.764841886849026,0.157836572687562
0.76505025227917,0.157840692090771
0.765258655080496,0.157844810108351
0.765467094082212,0.157848926717441
0.765675569958326,0.157853041931823
0.765884083185991,0.15785715576074
0.766092632928782,0.157861268187861
0.766301219782441,0.157865379225296
0.766509843371404,0.157869488865687
0.766718504246119,0.157873597120065
0.766927201624661,0.157877703973182
0.767135936231044,0.157881809439588
0.767344707811236,0.157885913514255
0.767553515902264,0.157890016188437
0.767762361381794,0.157894117479538
0.767971243247655,0.157898217367938
0.768180162303637,0.157902315869767
0.768389118592203,0.157906412985736
0.768598111772838,0.157910508709393
0.76880714171519,0.157914603038521
0.769016208908618,0.157918695982824
0.769225312937362,0.157922787534237
0.769434453496534,0.157926877687177
0.76964363164142,0.157930966462341
0.769852846602113,0.157935053844622
0.770062098692626,0.157939139840542
0.770271387888468,0.157943224449701
0.770480714273856,0.157947307673907
0.770690077519168,0.157951389506943
0.770899477590331,0.157955469948443
0.771108915025477,0.157959549008956
0.771318389815422,0.157963626688274
0.771527901466634,0.157967702977076
0.771737450102632,0.157971777878096
0.77194703604352,0.157975851397616
0.772156659180115,0.157979923533584
0.772366319311571,0.157983994282351
0.772576016357668,0.157988063642622
0.772785751167888,0.157992131630897
0.772995522673237,0.157996198226528
0.773205331368984,0.158000263439568
0.773415177138589,0.158004327267781
0.773625059739847,0.158008389706717
0.773834979899107,0.158012450770537
0.774044936794657,0.158016510443417
0.774254931199658,0.15802056874061
0.774464962932726,0.158024625658549
0.774675032300986,0.158028681203341
0.774885139352658,0.158032735375988
0.775095282976233,0.158036788155446
0.775305463526815,0.158040839549056
0.77551568195162,0.158044889574901
0.775725936773424,0.158048938204633
0.775936229618401,0.158052985469912
0.776146559626356,0.158057031353963
0.776356926516477,0.158061075851907
0.776567330887295,0.158065118975407
0.776777772875008,0.158069160726996
0.776988252139388,0.158073201100328
0.777198768818077,0.158077240098322
0.777409322640829,0.158081277715971
0.777619913593653,0.158085313953267
0.777830541747117,0.158089348811706
0.778041207706463,0.158093382302888
0.778251910963331,0.158097414417136
0.778462651425813,0.158101445153063
0.778673429385204,0.158105474516391
0.778884244680624,0.158109502504134
0.779095097269789,0.15811352911571
0.779305986887548,0.15811755434629
0.779516914093952,0.158121578206698
0.779727879040961,0.158125600699763
0.779938880603844,0.158129621804383
0.780149919914239,0.158133641542458
0.78036099708499,0.158137659915879
0.780572111495643,0.158141676913084
0.780783263305621,0.158145692537478
0.780994452584076,0.158149706790478
0.781205679698181,0.158153719679119
0.78141694414402,0.15815773119397
0.781628246066792,0.158161741338106
0.78183958543986,0.158165750111142
0.782050962111713,0.158169757510399
0.782262376575655,0.158173763545338
0.782473828441318,0.158177768208629
0.782685318144508,0.158181771508739
0.782896845039888,0.158185773433602
0.783108409802546,0.158189773996242
0.783320012005799,0.158193773188608
0.783531652100549,0.158197771019434
0.783743329494369,0.158201767477665
0.783955044557122,0.158205762570577
0.784166796976185,0.158209756292364
0.784378586618178,0.158213748640795
0.78459041396046,0.158217739624967
0.784802279309889,0.158221729250586
0.785014182467925,0.158225717514013
0.785226122963674,0.158229704406733
0.78543810122689,0.158233689937084
0.785650117338624,0.158237674106578
0.78586217155256,0.158241656920065
0.786074262748235,0.158245638356811
0.786286391970776,0.158249618436775
0.786498558704316,0.158253597150173
0.786710762880039,0.15825757449605
0.786923004973461,0.158261550483403
0.787135284754105,0.158265525107952
0.787347602168957,0.158269498368952
0.787559957072382,0.158273470263893
0.787772350229025,0.158277440807128
0.78798478121533,0.158281409990724
0.788197249739705,0.158285377809606
0.788409755778421,0.158289344263609
0.788622299678216,0.15829330935929
0.788834881365424,0.158297273095317
0.789047501340908,0.158301235481111
0.789260158618228,0.158305196498486
0.789472854070757,0.158309156164041
0.789685587388132,0.158313114471921
0.78989835835783,0.158317071418474
0.790111166900361,0.158321027002473
0.790324013429666,0.158324981231704
0.790536897477349,0.158328934097564
0.790749819235569,0.15833288560389
0.790962779768513,0.158336835770315
0.791175777799241,0.158340784573205
0.791388813992023,0.158344732025357
0.791601887977494,0.158348678119952
0.791814999645734,0.158352622855249
0.79202814902585,0.158356566231969
0.792241336908486,0.158360508264715
0.792454562099055,0.158364448931519
0.79266782586144,0.158368388256057
0.792881127650308,0.1583723262281
0.793094467062872,0.158376262840633
0.793307844684777,0.158380198104652
0.793521260271329,0.158384132015643
0.793734713457187,0.158388064567173
0.793948204587254,0.158391995765808
0.794161733869286,0.158395925615355
0.794375301365246,0.158399854117021
0.794588906867975,0.158403781267183
0.794802550063012,0.158407707060356
0.795016231784256,0.158411631511964
0.795229950905694,0.158415554601413
0.795443708637596,0.158419476351215
0.795657504791427,0.158423396757699
0.795871338500422,0.158427315805364
0.796085210662068,0.158431233510942
0.796299120268628,0.158435149856022
0.796513068444102,0.158439064861435
0.796727054808009,0.158442978520068
0.796941079282679,0.158446890830795
0.797155141656422,0.158450801789983
0.797369242616815,0.158454711410282
0.797583381620791,0.158458619681801
0.797797558657734,0.158462526604688
0.798011773981817,0.158466432183689
0.798226027596285,0.158470336418924
0.79844031875519,0.158474239297095
0.798654648360873,0.158478140834855
0.798869016085792,0.158482041026147
0.799083422092219,0.158485939874144
0.79929786646037,0.158489837380396
0.799512348673019,0.158493733535736
0.799726869701629,0.158497628357949
0.799941428723265,0.158501521832087
0.800156026046956,0.158505413964124
0.800370661381557,0.158509304748892
0.800585334988864,0.158513194191324
0.800800046837491,0.158517082290916
0.801014797545291,0.158520969058892
0.801229586237681,0.158524854479549
0.801444412943461,0.158528738553856
0.80165927839452,0.158532621295044
0.801874181943292,0.158536502691434
0.802089124441818,0.158540382758616
0.802304104755908,0.158544261476217
0.802519123572849,0.158548138857031
0.802734180893531,0.158552014900996
0.802949276533378,0.158555889604959
0.803164410338791,0.158559762966398
0.803379583055889,0.1585636349988
0.80359479414362,0.158567505692436
0.803810042927239,0.158571375035632
0.804025330549663,0.158575243049084
0.804240656281778,0.158579109719588
0.804456021177673,0.158582975066246
0.804671424055036,0.158586839067886
0.804886865520165,0.15859070173581
0.805102345381154,0.158594563066571
0.805317863367392,0.15859842305557
0.805533419804849,0.158602281708813
0.805749015240897,0.158606139036025
0.805964649824255,0.158609995039812
0.80618032187667,0.158613849690608
0.806396033180334,0.158617703020637
0.806611782174432,0.15862155500187
0.806827569733501,0.158625405650387
0.807043396485489,0.15862925497713
0.807259261713795,0.158633102969388
0.807475165174783,0.158636949623268
0.807691107365371,0.158640794947766
0.807907088028452,0.158644638938323
0.808123107477636,0.158648481600686
0.808339165378144,0.158652322929012
0.808555262044069,0.158656162929081
0.808771397021242,0.158660001592956
0.808987570855473,0.158663838930516
0.80920378319506,0.158667674935551
0.809420034314259,0.158671509613135
0.809636324351755,0.15867534296576
0.80985265303863,0.158679174988819
0.810069020312497,0.158683005681461
0.810285426270449,0.15868683504555
0.810501871222219,0.158690663086617
0.810718354472609,0.15869448979254
0.810934876879401,0.15869831517869
0.811151437517108,0.158702139228755
0.811368036398888,0.1587059619434
0.81158467495696,0.158709783347762
0.811801352239506,0.158713603424902
0.812018067950352,0.158717422170123
0.812234822486578,0.158721239590608
0.812451615701904,0.158725055683809
0.812668447877366,0.158728870454802
0.8128853186314,0.158732683896998
0.813102228293812,0.158736496016401
0.813319176618672,0.158740306808774
0.813536163760773,0.158744116277023
0.81375319015357,0.158747924428772
0.813970255288765,0.158751731255204
0.814187359534477,0.158755536763026
0.814404502390373,0.158759340943593
0.814621683791349,0.158763143796077
0.814838904081932,0.158766945326597
0.81505616345451,0.158770745538498
0.815273462311208,0.158774544438818
0.815490798977034,0.158778341998616
0.815708174967984,0.15878213824478
0.815925590551564,0.158785933181579
0.816143044357421,0.1587897267854
0.816360537213327,0.158793519071128
0.816578069203834,0.158797310040092
0.816795639963245,0.158801099686089
0.817013249801333,0.15880488801472
0.81723089892317,0.158808675029561
0.817448586987612,0.158812460724817
0.817666313648163,0.158816245094784
0.817884079585423,0.158820028151414
0.8181018845234,0.158823809889873
0.818319728742212,0.158827590315201
0.818537611789353,0.158831369419688
0.818755533933064,0.158835147208222
0.818973495427337,0.158838923685215
0.819191495821394,0.158842698842993
0.819409535111965,0.158846472681788
0.819627613437655,0.158850245204111
0.819845731220998,0.158854016417273
0.820063887621966,0.158857786306911
0.820282083341867,0.158861554885422
0.820500318707238,0.158865322158301
0.820718592949436,0.158869088112458
0.820936905709079,0.158872852742156
0.821155257730732,0.158876616060338
0.821373649291849,0.158880378071617
0.821592079851878,0.158884138766825
0.821810550204416,0.158887898159805
0.822029059266874,0.158891656232033
0.822247607754671,0.158895412996162
0.822466195720394,0.158899168452999
0.822684822504937,0.158902922591457
0.822903488502635,0.158906675418581
0.823122194111966,0.158910426941138
0.823340938269494,0.158914177141087
0.823559721953759,0.158917926035493
0.823778544848014,0.158921673618812
0.823997407531495,0.158925419901084
0.824216309586106,0.158929164875199
0.824435250398968,0.158932908531069
0.824654230553077,0.158936650878884
0.824873250043451,0.158940391918496
0.825092309474529,0.158944131660245
0.825311408010195,0.158947870089968
0.825530545947431,0.15895160721309
0.825749723609807,0.158955343035116
0.825968939928879,0.15895907753806
0.826188195302036,0.158962810729078
0.826407490705899,0.158966542624616
0.826626825304994,0.15897027321042
0.826846199952801,0.158974002501258
0.827065613906364,0.158977730484529
0.827285067304226,0.158981457162937
0.827504560177183,0.158985182537094
0.827724092574927,0.15898890660795
0.827943664079037,0.158992629368597
0.828163275360454,0.158996350830541
0.828382925160529,0.159000070972598
0.828602615315763,0.159003789826047
0.828822344748875,0.159007507372409
0.829042113540719,0.159011223613503
0.829261921998129,0.159014938554589
0.829481770039339,0.159018652194328
0.829701657853183,0.159022364536041
0.829921584744482,0.159026075568195
0.830141551218046,0.159029785299567
0.830361557553607,0.159033493734792
0.83058160384929,0.159037200875545
0.830801689405758,0.15904090671029
0.831021814860537,0.159044611250003
0.831241979347236,0.159048314480196
0.831462183892654,0.159052016418337
0.831682428171836,0.159055717058833
0.831902712074154,0.159059416400074
0.832123035740926,0.159063114444586
0.83234339877844,0.159066811185918
0.832563801684061,0.159070506632569
0.832784244203277,0.159074200780289
0.833004726012577,0.159077893623917
0.833225247602876,0.159081585171814
0.833445809266137,0.159085275428784
0.833666410594003,0.159088964388109
0.833887051239454,0.159092652044317
0.834107732150926,0.159096338413329
0.83432845223449,0.1591000234769
0.834549212634607,0.159103707254394
0.834770012504169,0.159107389731611
0.834990852186107,0.159111070914596
0.835211731748892,0.159114750804507
0.835432650603542,0.159118429391739
0.835653609765495,0.159122106693324
0.835874608443996,0.159125782696058
0.83609564696511,0.159129457405676
0.836316725733576,0.15913313082887
0.836537843995863,0.159136802953261
0.836759002479633,0.159140473791167
0.836980200750326,0.159144143335365
0.837201438786963,0.159147811585768
0.837422716546234,0.1591514785418
0.837644034526044,0.159155144211755
0.837865392283217,0.159158808588343
0.838086789829699,0.159162471672025
0.8383082278486,0.159166133474108
0.838529705114758,0.15916979397447
0.838751222898788,0.159173453194382
0.838972780608197,0.159177111123907
0.83919437831386,0.159180767764506
0.839416015779205,0.15918442311243
0.839637693343327,0.159188077173403
0.839859411227561,0.159191729951051
0.840081169046109,0.159195381439149
0.840302966758669,0.159199031637288
0.8405248044495,0.159202680546976
0.840746682067117,0.159206328167466
0.840968600347922,0.159209974510867
0.841190558457463,0.159213619563525
0.841412556624086,0.159217263329532
0.841634594147162,0.159220905797572
0.841856672362506,0.159224546989638
0.842078790611582,0.159228186894761
0.842300948917603,0.159231825513639
0.842523147498426,0.159235462849935
0.84274538642762,0.159239098904901
0.842967665579435,0.159242733676608
0.843189984226947,0.159246367153466
0.843412343856256,0.159249999359838
0.843634743199117,0.159253630274901
0.843857182602472,0.159257259904757
0.844079662700065,0.159260888259663
0.844302182953529,0.159264515330856
0.844524743211453,0.159268141116187
0.844747343677563,0.159271765619113
0.844969984929536,0.159275388848992
0.8451926659489,0.159279010789376
0.845415387333187,0.159282631450311
0.845638149181184,0.159286250833328
0.845860950725453,0.159289868926175
0.846083792479719,0.159293485737451
0.846306674864736,0.159297101273869
0.846529597651528,0.159300715531745
0.846752561032415,0.159304328514366
0.846975564542005,0.159307940214354
0.847198608329556,0.159311550634364
0.8474216925942,0.159315159777657
0.847644817367151,0.159318767644788
0.847867982216396,0.159322374228957
0.848091187969586,0.159325979543648
0.848314433882134,0.159329583576838
0.848537720464798,0.159333186337028
0.848761047311188,0.159336787817704
0.848984414924428,0.159340388027127
0.84920782268567,0.159343986955404
0.849431270983055,0.159347584609018
0.84965475944793,0.159351180982097
0.849878288561685,0.159354776082521
0.850101858301252,0.159358369909896
0.850325468071657,0.159361962454885
0.850549119262452,0.159365553739873
0.85077281072432,0.159369143746316
0.850996542303721,0.159372732472241
0.851220314618963,0.159376319927628
0.851444127508328,0.159379906109831
0.851667980865357,0.159383491017322
0.851891874736431,0.159387074650988
0.852115809801959,0.159390657021707
0.852339784784816,0.159394238109189
0.852563800674277,0.159397817929578
0.852787857369847,0.159401396481112
0.853011954035835,0.159404973750726
0.853236091385316,0.159408549750041
0.853460269380516,0.159412124478357
0.853684487999661,0.159415697935447
0.853908747417837,0.159419270124202
0.854133047938618,0.159422841049479
0.85435738887696,0.15942641070053
0.854581770741842,0.159429979085694
0.854806193658363,0.159433546206909
0.855030657314725,0.159437112059355
0.855255161319966,0.159440676637099
0.855479706062918,0.159444239946474
0.855704291195267,0.159447801981995
0.855928917884806,0.159451362762184
0.856153585039237,0.159454922269691
0.856378292851363,0.15945848050798
0.856603041540748,0.159462037480555
0.856827831285713,0.159465593190249
0.857052661363337,0.159469147625812
0.857277532382223,0.159472700797084
0.857502444914303,0.159476252712944
0.857727397702599,0.1594798033537
0.857952391474963,0.159483352731207
0.858177425888965,0.159486900840022
0.858402501475996,0.15949044768863
0.858627617799686,0.15949399327019
0.858852775498007,0.159497537594883
0.8590779737981,0.159501080650613
0.85930321301238,0.159504622442581
0.859528493294661,0.159508162973201
0.859753814367,0.159511702238212
0.859979176972426,0.159515240249352
0.860204580156768,0.159518776991706
0.860430023874939,0.159522312464964
0.860655508981279,0.159525846682497
0.860881034705486,0.159529379632209
0.8611066017873,0.159532911325895
0.861332209954621,0.15953644175925
0.861557859034966,0.159539970929794
0.861783549025827,0.159543498837659
0.862009280403168,0.159547025490313
0.862235052747879,0.159550550881252
0.862460865905308,0.15955407500832
0.862686720116513,0.159557597875394
0.86291261576948,0.159561119488493
0.863138552084965,0.159564639835598
0.863364530306987,0.159568158936223
0.863590549286517,0.159571676772429
0.863816609779172,0.159575193356294
0.864042711059785,0.159578708676562
0.8642688539041,0.159582222745472
0.864495037738199,0.15958573555409
0.864721262089793,0.159589247095426
0.864947528603605,0.159592757394971
0.86517383545679,0.159596266424382
0.865400183786788,0.159599774201731
0.865626573773582,0.15960328072957
0.865853005242652,0.15960678600528
0.866079477544027,0.159610290019086
0.866305991482535,0.159613792783604
0.866532546359443,0.159617294288022
0.866759142597143,0.159620794539092
0.866985780202528,0.159624293536907
0.867212459546165,0.159627791287224
0.867439179338826,0.159631287770376
0.867665941057579,0.159634783009368
0.86789274445531,0.159638277000115
0.868119588829771,0.159641769732093
0.868346474146534,0.159645261205094
0.86857340109099,0.159648751429657
0.868800370011399,0.159652240410979
0.869027379598089,0.15965572812916
0.869254431024324,0.159659214602518
0.869481524193028,0.159662699829354
0.869708658030392,0.159666183793496
0.869935834254262,0.159669666521424
0.87016305166773,0.159673147994607
0.870390310864963,0.159676628222497
0.870617611474152,0.159680107199413
0.870844953396897,0.159683584924067
0.87107233654955,0.159687061395321
0.871299761186545,0.159690536617134
0.871527227677444,0.159694010595115
0.87175473544675,0.159697483320568
0.871982285224253,0.159700954804789
0.872209876458038,0.159704425039354
0.872437508803352,0.159707894019327
0.872665183114025,0.159711361757777
0.872892899056994,0.15971482824954
0.873120656599081,0.159718293494317
0.873348455637761,0.159721757490684
0.873576296048149,0.159725220236891
0.873804178346638,0.159728681740833
0.874032102696615,0.159732142004922
0.874260068807067,0.159735601024853
0.87448807653467,0.159739058798677
0.874716125674212,0.159742515323461
0.874944216777974,0.159745970607636
0.875172349407603,0.159749424644573
0.875400523560856,0.159752877434455
0.875628739951005,0.159756328988061
0.875856998429163,0.159759779303068
0.87608529800473,0.159763228364817
0.876313639009579,0.159766676178648
0.876542022217509,0.159770122756112
0.876770447269586,0.159773568091721
0.876998914164897,0.159777012185669
0.877227423447274,0.159780455046183
0.877455973978403,0.159783896656256
0.877684566174868,0.159787337022513
0.877913200722386,0.159790776155136
0.878141876589331,0.159794214038674
0.878370594423908,0.159797650683151
0.878599354646752,0.159801086094743
0.878828156129826,0.159804520256674
0.879057000033891,0.159807953186594
0.87928588574002,0.159811384875103
0.879514812808244,0.15981481531594
0.879743782647747,0.159818244530214
0.879972794634527,0.159821672508391
0.880201847962718,0.159825099238819
0.880430944000105,0.159828524742072
0.880660081866368,0.159831949004847
0.880889261917439,0.159835372032745
0.881118483716408,0.159838793819318
0.881347746991404,0.159842214360757
0.881577052673273,0.159845633670957
0.881806400231182,0.159849051741917
0.88203579060545,0.159852468587744
0.882265222749126,0.159855884192869
0.882494696242057,0.159859298551497
0.882724212505303,0.159862711684753
0.882953770855398,0.159866123582275
0.883183371382034,0.159869534245669
0.883413014244864,0.15987294367737
0.883642699090594,0.159876351872244
0.883872426522603,0.159879758839342
0.884102195746232,0.159883164566939
0.884332006726793,0.159886569054833
0.884561860459331,0.159889972317703
0.884791756350182,0.159893374346667
0.885021694427497,0.159896775142402
0.885251675244701,0.159900174713101
0.885481697752681,0.159903573043376
0.885711762621674,0.159906970143398
0.885941869872449,0.15991036601338
0.886172019490351,0.159913760653187
0.886402211379518,0.159917154061526
0.886632445188943,0.159920546233399
0.886862721351386,0.159923937175296
0.887093039646703,0.159927326883976
0.887323400571845,0.159930715366822
0.88755380416808,0.159934102624401
0.887784250278265,0.159937488654525
0.888014738389866,0.159940873449893
0.88824526884249,0.159944257015674
0.888475841976252,0.159947639356794
0.888706456689748,0.159951020457264
0.888937114569017,0.159954400340469
0.889167814929857,0.15995777899616
0.889398557696787,0.159961156423523
0.889629343032611,0.159964532625047
0.889860171286435,0.159967907605833
0.890091041560269,0.159971281352894
0.890321954668269,0.159974653878336
0.890552910525768,0.159978025180807
0.890783908562816,0.159981395252184
0.89101494920412,0.159984764098845
0.891246032347311,0.159988131719282
0.891477157767972,0.159991498110368
0.891708326330164,0.159994863284698
0.891939537379716,0.159998227232714
0.892170790468811,0.160001589948243
0.892402086439404,0.160004951443603
0.892633425150167,0.160008311716618
0.892864806478999,0.16001167076566
0.893096230142982,0.160015028586798
0.893327696375559,0.160018385183547
0.893559205771504,0.160021740564459
0.893790758063439,0.160025094725635
0.894022352948344,0.160028447662912
0.894253990098732,0.160031799371777
0.894485669992342,0.160035149859235
0.894717393138244,0.160038499132519
0.894949158753285,0.160041847180385
0.895180967302262,0.160045194009781
0.895412818914177,0.160048539622522
0.895644712805496,0.160051884007476
0.895876649693674,0.160055227175175
0.896108628875813,0.160058569115485
0.896340650801822,0.160061909835076
0.896572715964746,0.160065249340934
0.896804824035504,0.160068587628333
0.897036975116608,0.16007192469892
0.897269168799049,0.160075260546955
0.897501406244269,0.16007859518914
0.897733685649676,0.160081928599658
0.897966008333176,0.160085260797778
0.898198374388839,0.160088591784572
0.89843078356265,0.160091921556494
0.898663235267084,0.160095250105387
0.898895729883991,0.160098577436901
0.899128267773639,0.160101903556106
0.899360848119022,0.160105228451423
0.899593472044724,0.160108552139052
0.899826138316885,0.160111874601346
0.900058847858995,0.160115195851749
0.900291600641085,0.160118515889685
0.900524396058805,0.160121834706717
0.900757234886321,0.16012515231401
0.900990116785986,0.160128468706689
0.901223041861841,0.160131783886395
0.901456010156607,0.160135097853795
0.9016890214624,0.160138410606039
0.901922075671539,0.16014172214175
0.902155172970081,0.16014503246365
0.902388313886769,0.160148341579194
0.902621497800509,0.160151649479609
0.90285472450914,0.16015495616231
0.903087994684802,0.160158261636859
0.903321308861741,0.160161565910648
0.903554665401861,0.16016486896068
0.90378806563555,0.160168170806105
0.904021508981088,0.160171471438515
0.90425499523755,0.160174770855321
0.904488525033867,0.160178069065445
0.904722097860508,0.160181366061683
0.904955713939761,0.160184661847349
0.905189373544766,0.160187956426278
0.905423076992509,0.16019124980291
0.905656823589633,0.160194541967589
0.90589061313155,0.160197832917738
0.906124446341886,0.160201122663564
0.906358322910598,0.160204411200631
0.906592242979435,0.160207698531071
0.906826206528973,0.160210984654666
0.907060213209433,0.16021426956664
0.907294262761756,0.160217553263562
0.907528356055298,0.160220835757632
0.907762493267484,0.160224117051154
0.907996673607069,0.160227397133206
0.908230897646598,0.160230676012016
0.908465165349082,0.160233953687015
0.908699476445554,0.160237230154567
0.908933830996976,0.160240505415666
0.909168228662179,0.160243779465654
0.909402670718709,0.160247052322342
0.909637156116104,0.160250323970977
0.909871685410953,0.160253594419596
0.910106258015579,0.160256863660043
0.910340873460619,0.160260131686068
0.910575532940436,0.160263398514306
0.910810235983138,0.160266664138017
0.911044983044243,0.160269928563668
0.911279773544361,0.160273191783269
0.911514608402137,0.160276453809685
0.911749486148842,0.160279714622585
0.911984407539807,0.160282974232789
0.912219372761003,0.160286232642727
0.912454381832529,0.160289489852686
0.912689434235039,0.160292745855625
0.912924530486842,0.160296000658857
0.913159670833927,0.160299254265692
0.913394855266094,0.16030250667601
0.913630083288262,0.160305757883134
0.913865354592284,0.160309007883058
0.914100670206462,0.160312256689974
0.914336029411709,0.16031550429387
0.91457143183662,0.160318750689926
0.914806878978296,0.160321995898736
0.915042369707576,0.160325239904596
0.91527790401774,0.160328482707783
0.91551348257224,0.160331724317417
0.915749105182442,0.160334964730834
0.91598477168033,0.160338203945875
0.916220482111038,0.160341441963279
0.916456236806481,0.160344678787623
0.916692035564777,0.160347914416154
0.91692787790781,0.160351148842513
0.917163764646489,0.16035438207789
0.917399694485641,0.160357614104585
0.917635669094021,0.160360844945599
0.917871687536419,0.160364074587915
0.918107750415458,0.160367303040001
0.918343857154081,0.160370530293987
0.918580007486499,0.160373756346496
0.918816202037933,0.160376981206107
0.919052440765946,0.160380204872149
0.919288723431443,0.160383427341476
0.919525050476248,0.160386648620187
0.919761422016871,0.160389868709818
0.919997837681626,0.160393087605416
0.920234297608264,0.160396305309011
0.920470801352582,0.160399521814663
0.920707349552374,0.160402737131122
0.920943942067567,0.160405951256412
0.921180578286842,0.160409164182419
0.921417258675617,0.160412375915615
0.921653983295648,0.160415586456772
0.921890752382033,0.16041879580909
0.922127565844685,0.16042200397138
0.922364423228988,0.160425210937652
0.922601324858316,0.160428416712423
0.922838271119501,0.160431621300853
0.923075261484922,0.160434824695859
0.923312296141264,0.160438026900139
0.923549375627302,0.160441227920924
0.923786499261234,0.160444427749042
0.924023666935409,0.160447626383301
0.924260878936316,0.160450823827616
0.924498135455956,0.16045402008453
0.924735436789976,0.160457215158003
0.924972782246736,0.160460409038828
0.925210172327524,0.160463601733928
0.925447607187499,0.160466793245313
0.925685086422156,0.160469983567634
0.925922609935779,0.160473172699794
0.926160178527259,0.16047636065249
0.926397791274138,0.160479547413347
0.926635448395273,0.16048273298556
0.926873150222646,0.160485917373542
0.927110896863535,0.160489100578689
0.927348687597841,0.160492282591507
0.927586523323204,0.160495463424123
0.927824403245296,0.160498643065872
0.928062327595341,0.160501821520064
0.928300297092606,0.160504998796212
0.928538311276463,0.160508174888123
0.928776369944827,0.160511349793317
0.929014472911251,0.160514523509456
0.929252621401021,0.1605176960528
0.929490814744784,0.160520867414295
0.929729052048154,0.160524037582403
0.929967334598544,0.160527206574355
0.930205661882222,0.160530374383136
0.930444033661328,0.160533541005798
0.930682450227586,0.160536706446304
0.930920912198592,0.16053987071275
0.931159418024085,0.160543033784702
0.931397968752178,0.160546195676351
0.93163656527721,0.160549356399224
0.931875205683615,0.160552515928067
0.93211389158381,0.160555674284535
0.932352621833883,0.160558831453331
0.932591397167977,0.160561987444387
0.93283021773453,0.160565142259533
0.933069082788014,0.160568295889052
0.933307993033282,0.1605714483424
0.933546947994514,0.160574599613255
0.933785948298706,0.160577749709969
0.934024993509343,0.160580898626766
0.934264083502047,0.160584046362197
0.934503218475783,0.160587192918943
0.934742398660833,0.160590338300007
0.93498162324085,0.160593482494773
0.935220893199954,0.160596625516289
0.935460208338036,0.160599767361778
0.935699568841269,0.160602908033769
0.935938974028935,0.160606047523458
0.93617842416163,0.160609185834448
0.936417919259504,0.160612322966992
0.9366574597012,0.160615458926038
0.936897045377891,0.160618593710151
0.937136676149305,0.160621727317606
0.937376352431367,0.160624859753887
0.937616073775531,0.16062799101316
0.937855840212351,0.16063112109599
0.938095651759375,0.160634250002652
0.938335508720504,0.160637377737117
0.938575411031866,0.160640504298544
0.938815358273785,0.160643629681602
0.9390553514102,0.16064675389887
0.939295389700624,0.160649876940647
0.939535473908952,0.160652998817001
0.939775602703181,0.160656119510689
0.940015776865432,0.160659239032131
0.940255996966398,0.160662357388522
0.940496261988306,0.160665474566707
0.940736572089717,0.160668590569022
0.94097692761075,0.160671705399844
0.941217327863841,0.160674819050317
0.94145777456056,0.160677931542581
0.941698266707074,0.160681042863572
0.94193880410736,0.160684153011087
0.942179386689602,0.160687261984329
0.942420015309781,0.160690369794303
0.942660689262706,0.160693476431849
0.942901409242056,0.160696581906054
0.943142173831892,0.160699686198749
0.943382984772431,0.160702789332511
0.943623841118356,0.160705891294933
0.943864742960106,0.160708992087442
0.944105690054105,0.160712091706976
0.944346683268769,0.160715190164685
0.944587721149079,0.160718287441911
0.944828805633829,0.160721383563691
0.945069935488807,0.160724478513946
0.945311110664612,0.160727572292396
0.945552331665034,0.160730664905506
0.945793598663197,0.160733756355397
0.946034911528702,0.160736846640438
0.946276269782763,0.160739935754654
0.946517674045132,0.160743023706063
0.946759124160493,0.160746110492603
0.947000619798423,0.160749196110182
0.947242161249644,0.160752280562606
0.947483748612378,0.160755363851095
0.947725381846275,0.160758445975167
0.947967060963317,0.160761526935036
0.948208786143459,0.160764606733025
0.948450556467458,0.16076768535756
0.94869237329829,0.160770762826068
0.94893423511387,0.160773839119113
0.949176143453409,0.160776914256459
0.949418097396524,0.16077998822623
0.949660097682427,0.160783061037976
0.949902143931045,0.160786132686819
0.950144236292754,0.160789203174789
0.950386374254729,0.160792272495477
0.950628558289691,0.160795340654973
0.950870788275711,0.160798407651682
0.951113063994406,0.160801473482939
0.951355385902366,0.16080453815456
0.951597754021053,0.160807601666754
0.951840168625308,0.160810664023008
0.952082628979597,0.160813725214132
0.952325135260475,0.160816785242551
0.952567687799032,0.160819844112406
0.952810286587509,0.160822901823559
0.953052931520459,0.160825958374749
0.953295622742675,0.160829013767859
0.953538360099979,0.160832068000987
0.953781143217643,0.16083512106955
0.954023972962306,0.160838172984457
0.954266848671487,0.160841223737314
0.954509771335315,0.160844273340627
0.954752740009199,0.160847321782498
0.954995755235221,0.160850369069926
0.955238816039058,0.160853415190749
0.955481923668813,0.160856460160699
0.955725077205243,0.160859503968138
0.955968277311533,0.160862546621529
0.956211523780504,0.16086558811821
0.956454817274548,0.160868628466464
0.956698156407822,0.16087166764907
0.956941541658859,0.160874705672299
0.957184973192536,0.16087774253811
0.957428451664282,0.160880778254581
0.957671977009416,0.160883812820818
0.957915548436497,0.160886846227144
0.958159166401256,0.160889878479409
0.958402830612895,0.160892909573971
0.958646541457809,0.160895939515683
0.95889029863378,0.16089896830078
0.959134103170698,0.160901995942035
0.959377953648582,0.160905022421823
0.959621850842547,0.160908047750032
0.959865794906843,0.160911071928424
0.960109785216141,0.16091409494933
0.960353821928933,0.160917116814879
0.960597905485158,0.160920137530459
0.960842035932538,0.160923157096591
0.961086212718109,0.16092617550655
0.961330436261475,0.160929192765637
0.961574706273055,0.160932208870259
0.961819023431751,0.16093522382881
0.962063387279786,0.160938237635597
0.962307797846077,0.160941250291122
0.962552254800745,0.160944261791405
0.962796759246775,0.160947272149994
0.963041310281625,0.160950281355693
0.963285908426143,0.160953289415092
0.963530553029434,0.160956296320204
0.963775244384573,0.160959302074772
0.964019982599074,0.16096230668007
0.964264767610294,0.160965310135343
0.96450959875023,0.160968312432534
0.964754478170833,0.160971313597931
0.964999403625475,0.160974313603861
0.965244376524479,0.160977312467968
0.965489396012806,0.160980310179629
0.965734462975599,0.160983306749781
0.965979577076691,0.160986302174208
0.966224737864722,0.160989296447572
0.966469945659471,0.160992289573879
0.966715200151288,0.160995281549347
0.966960502295217,0.160998272385598
0.967205850648042,0.161001262065049
0.967451246196141,0.161004250599949
0.967696689072218,0.16100723799171
0.967942179011135,0.161010224237144
0.968187716654524,0.161013209344084
0.96843330123275,0.161016193303182
0.968678933109585,0.161019176119025
0.968924612300414,0.16102215779176
0.969170338466433,0.161025138317346
0.969416112082386,0.161028117701592
0.969661932752268,0.161031095939673
0.969907800041668,0.1610340730265
0.970153715404937,0.161037048979619
0.970399677818797,0.161040023786491
0.970645687831734,0.161042997453947
0.970891745189741,0.161045969978879
0.971137849784817,0.161048941360086
0.971384001362584,0.161051911594591
0.971630200298769,0.161054880686955
0.971876446775176,0.161057848639294
0.972122740740681,0.161060815450989
0.972369082356355,0.161063781124016
0.972615471022269,0.161066745651235
0.97286190732396,0.161069709039784
0.973108390787397,0.161072671283923
0.973354921718472,0.161075632387421
0.973601500181366,0.161078592351005
0.973848126233127,0.16108155117537
0.97409479966448,0.161084508858058
0.974341521435337,0.161087465410539
0.974588290288627,0.161090420817745
0.974835107582988,0.161093375096088
0.975081971272165,0.161096328221082
0.975328882920412,0.161099280211703
0.975575842626786,0.161102231068803
0.975822849361869,0.161105180780218
0.976069904539563,0.161108129362916
0.976317006740423,0.161111076799865
0.976564157009232,0.16111402310373
0.976811355056697,0.161116968270905
0.977058600849597,0.161119912301093
0.977305894267833,0.161122855192921
0.977553236227336,0.161125796957228
0.977800624771796,0.161128737570833
0.9780480611859,0.161131677049288
0.978295546269953,0.161134615401738
0.978543078437597,0.161137552609406
0.978790659448295,0.161140488693331
0.9790382877107,0.161143423634504
0.979285963862671,0.161146357440772
0.979533687796624,0.161149290110767
0.979781459986855,0.161152221650081
0.980029279885811,0.161155152052237
0.980277148143822,0.161158081324992
0.980525064071353,0.161161009460177
0.980773028325957,0.161163936465654
0.981021040407805,0.161166862335472
0.981269100269588,0.161169787069214
0.981517208479469,0.161172710673539
0.98176536456028,0.161175633142786
0.982013568580984,0.161178554477889
0.98226182127085,0.161181474687353
0.982510122031012,0.161184393764083
0.982758470576419,0.161187311704929
0.983006867187229,0.161190228513231
0.983255312388868,0.161193144195052
0.983503805673218,0.161196058744404
0.983752346912659,0.161198972159949
0.984000936415954,0.161201884445318
0.984249574294327,0.161204795601755
0.984498260141223,0.161207705624552
0.984746994214561,0.161210614516806
0.984995776456042,0.16121352227781
0.985244606765198,0.161216428906434
0.985493485744629,0.161219334409688
0.985742412881974,0.161222238781555
0.985991388806352,0.161225142029437
0.986240413679795,0.161228044155108
0.986489486380914,0.161230945145642
0.986738607622063,0.161233845009515
0.986987777374779,0.161236743746263
0.987236995896162,0.161239641358864
0.987486262536439,0.16124253783982
0.987735577231208,0.161245433188547
0.987984941117691,0.161248327418137
0.988234353337309,0.161251220518509
0.988483813524989,0.161254112485681
0.98873332289578,0.161257003333688
0.988982880471828,0.161259893051082
0.98923248727695,0.161262781649823
0.989482142029028,0.161265669115049
0.989731845786242,0.161268555459157
0.989981598303421,0.161271440679141
0.990231399063214,0.161274324769161
0.990481248669716,0.161277207736247
0.99073114678597,0.161280089576441
0.990981094278988,0.161282970299722
0.991231090356778,0.16128584989691
0.991481134787003,0.16128872836555
0.99173122829817,0.161291605714006
0.991981370276564,0.161294481935149
0.992231560843256,0.161297357030502
0.992481800476261,0.161300231005487
0.992732088980707,0.16130310385781
0.992982426489885,0.161305975589049
0.993232812932142,0.161308846198393
0.993483248567363,0.161311715688829
0.993733733029932,0.161314584056181
0.993984266373068,0.161317451301151
0.994234848646302,0.161320317424302
0.994485479781885,0.161323182424868
0.994736160409699,0.16132604631
0.994986889894979,0.161328909072415
0.99523766815327,0.161331770711311
0.995488495517817,0.161334631230484
0.995739371911715,0.161337490629003
0.995990297363972,0.161340348907226
0.996241271970056,0.16134320606624
0.996492295539261,0.161346062103894
0.996743368183256,0.1613489170215
0.996994490057199,0.161351770820796
0.997245661616726,0.16135462350689
0.997496881829356,0.161357475068109
0.997748151041513,0.161360325508576
0.997999469071413,0.161363174826185
0.9982508368171,0.161366023031047
0.998502254331372,0.161368870123586
0.99875372097696,0.161371716096684
0.999005237236042,0.161374560955905
0.999256801850585,0.161377404687089
0.999508416437799,0.161380247308578
0.999760080311915,0.161383088812386
1.00001179303826,0.161385929193806
1.00026355598542,0.161388768468224
1.00051536757833,0.1613916066178
1.00076722868202,0.161394443652514
1.00101913927982,0.161397279572016
1.00127109962314,0.161400114379118
1.00152310934761,0.161402948069735
1.00177516920622,0.161405780652339
1.00202727848693,0.161408612118882
1.0022794368395,0.161411442465634
1.00253164504295,0.161414271701324
1.00278390265669,0.161417099820904
1.00303621005908,0.161419926828666
1.00328856719619,0.16142275272395
1.00354097420351,0.161425577508282
1.00379343067314,0.161428401177139
1.0040459367549,0.161431223732267
1.0042984927175,0.161434045176614
1.00455109806848,0.16143686550469
1.00480375399784,0.161439684729746
1.00505645911043,0.161442502836158
1.0053092141928,0.161445319832895
1.00556201873518,0.161448135714187
1.00581487302332,0.161450950483281
1.00606777688796,0.16145376413826
1.00632073139851,0.161456576690933
1.00657373571579,0.161459388131871
1.00682678942651,0.161462198456721
1.00707989296836,0.161465007670383
1.0073330459512,0.161467815768479
1.00758624910568,0.161470622759098
1.00783950266945,0.161473428644711
1.00809280590446,0.161476233417199
1.0083461593275,0.161479037082389
1.00859956287057,0.161481839639448
1.0088530162482,0.161484641085273
1.00910651995677,0.161487441425357
1.00936007381589,0.161490240657638
1.00961367811002,0.161493038785267
1.00986733216672,0.16149583580086
1.01012103627332,0.161498631707691
1.01037479007112,0.161501426501786
1.01062859443656,0.161504220192759
1.01088244903613,0.161507012776807
1.01113635384341,0.161509804253719
1.01139030921446,0.16151259462739
1.01164431439089,0.161515383889513
1.01189836988295,0.161518172045784
1.01215247582891,0.161520959097605
1.01240663207242,0.161523745043253
1.01266083857411,0.16152652988234
1.01291509594593,0.161529313621512
1.01316940291277,0.161532096246844
1.01342376035849,0.161534877768156
1.01367816815526,0.161537658183884
1.01393262674005,0.161540437498776
1.01418713571285,0.161543215708435
1.01444169536763,0.161545992816126
1.01469630514161,0.161548768815725
1.01495096561487,0.161551543713598
1.01520567717227,0.16155431751378
1.01546043896421,0.161557090207051
1.01571525126178,0.161559861796503
1.01597011431472,0.161562632284769
1.01622502746041,0.161565401664665
1.01647999180238,0.16156816994818
1.01673500652389,0.161570937126323
1.01699007232173,0.161573703206737
1.01724518887742,0.161576468185879
1.01750035621065,0.161579232064025
1.01775557370632,0.161581994834583
1.01801084223,0.16158475650693
1.01826616127083,0.161587517075423
1.01852153096903,0.161590276541654
1.01877695202404,0.161593034913072
1.01903242332696,0.161595792177698
1.01928794631401,0.161598548351085
1.01954351951757,0.161601303417299
1.01979914353252,0.161604057382968
1.02005481891882,0.161606810253938
1.02031054475325,0.16160956202026
1.02056632198389,0.161612312692207
1.02082214988369,0.161615062261861
1.021078029109,0.161617810736339
1.02133395917764,0.161620558110391
1.02158993978329,0.161623304380853
1.02184597210827,0.161626049560325
1.02210205545713,0.161628793641194
1.02235818989177,0.161631536624258
1.02261437562798,0.161634278511793
1.02287061185127,0.161637019295131
1.0231268995847,0.161639758985239
1.02338323849659,0.161642497578403
1.02363962852815,0.161645235074062
1.02389606964287,0.161647971471841
1.02415256214943,0.161650706775
1.0244091059819,0.161653440982779
1.02466570151545,0.161656174099146
1.02492234801623,0.161658906116298
1.02517904606039,0.16166163704044
1.0254357955014,0.161664366869915
1.02569259634479,0.161667095604797
1.02594944864928,0.1616698232457
1.02620635215049,0.161672549789826
1.02646330729769,0.161675275241932
1.02672031436224,0.161677999604771
1.02697737191653,0.161680722863316
1.02723448137806,0.161683445032685
1.02749164241704,0.161686166109135
1.02774885481444,0.161688886090426
1.02800611908314,0.161691604981963
1.02826343439384,0.16169432277497
1.02852080154953,0.161697039477985
1.0287782204861,0.161699755090175
1.02903569020155,0.161702469601084
1.02929321196476,0.161705183024129
1.02955078537783,0.161707895354901
1.02980840999799,0.161710606588856
1.03006608697456,0.161713316738039
1.03032381523251,0.16171602579104
1.03058159580266,0.161718733758779
1.03083942797132,0.16172144063364
1.03109731215356,0.161724146420064
1.03135524810061,0.161726851115385
1.03161323574329,0.161729554718919
1.03187127503848,0.161732257230216
1.03212936650618,0.161734958654655
1.03238750963984,0.161737658986878
1.0326457053522,0.161740358236418
1.03290395260966,0.161743056392409
1.03316225218083,0.161745753462982
1.03342060356572,0.161748449442817
1.03367900743897,0.161751144338957
1.03393746336153,0.161753838146737
1.03419597088134,0.161756530861565
1.03445453040353,0.161759222487684
1.03471314246101,0.16176191303048
1.03497180677928,0.16176460248701
1.03523052256168,0.161767290849127
1.03548929094144,0.161769978128615
1.0357481113339,0.161772664319231
1.03600698409268,0.1617753494247
1.03626590893218,0.161778033442017
1.03652488625478,0.161780716375346
1.03678391621769,0.161783398226213
1.0370429984279,0.161786078990552
1.0373021330923,0.161788758670548
1.03756132013242,0.161791437265342
1.037820558944,0.161794114768751
1.03807985050018,0.161796791190802
1.03833919407182,0.161799466523846
1.03859859009601,0.161802140772453
1.03885803878586,0.161804813938703
1.03911753996565,0.161807486020749
1.03937709345608,0.161810157016785
1.03963669968738,0.161812826931212
1.03989635845317,0.161815495761832
1.04015606976048,0.161818163508739
1.04041583434703,0.161820830179416
1.04067565060121,0.161823495757344
1.04093551997779,0.161826160257566
1.04119544184234,0.161828823673354
1.04145541667356,0.161831486009653
1.04171544369663,0.161834147258511
1.04197552386275,0.16183680742968
1.04223565651711,0.161839466516337
1.04249584194441,0.161842124521461
1.04275608017687,0.161844781445305
1.04301637092784,0.161847437284946
1.04327671452257,0.161850092043697
1.04353711154285,0.161852745727346
1.04379756120985,0.161855398327921
1.04405806410221,0.161858049851382
1.04431861955381,0.161860700290901
1.04457922805785,0.161863349651535
1.04483988962884,0.161865997933313
1.04510060410095,0.161868645134543
1.04536137171104,0.161871291257614
1.04562219229401,0.161873936300801
1.04588306588737,0.161876580264489
1.04614399237657,0.161879223147497
1.04640497207193,0.161881864952928
1.04666600492928,0.161884505680259
1.04692709140154,0.16188714533401
1.04718823008527,0.161889783900043
1.04744942300307,0.161892421398808
1.04771066903755,0.16189505781875
1.04797196792403,0.161897693157411
1.04823331986163,0.1619003274168
1.04849472551594,0.161902960603483
1.04875618394305,0.161905592707901
1.04901769569523,0.161908223735701
1.04927926125286,0.161910853691539
1.04954088007014,0.161913482569875
1.04980255238039,0.161916110373111
1.05006427838994,0.161918737103234
1.05032605776311,0.161921362756851
1.0505878905082,0.161923987334077
1.05084977723355,0.161926610840917
1.051111716494,0.161929233262908
1.05137371002471,0.161931854617463
1.05163575720755,0.16193447489812
1.05189785753806,0.161937094099973
1.052160011384,0.161939712226724
1.05242221844397,0.161942329275292
1.05268448000449,0.161944945258397
1.05294679490787,0.16194756016436
1.05320916369559,0.161950173998711
1.05347158623645,0.161952786760039
1.05373406188003,0.161955398441927
1.0539965921394,0.161958009059353
1.05425917639464,0.161960618605917
1.05452181406855,0.161963227076037
1.0547845053861,0.161965834472
1.05504725106591,0.161968440800782
1.05531005027803,0.161971046054075
1.0555729034937,0.161973650236618
1.05583581054864,0.161976253346688
1.0560987722774,0.161978855392452
1.05636178739449,0.161981456361157
1.0566248569418,0.161984056263194
1.05688798045902,0.161986655093846
1.05715115775002,0.16198925285124
1.05741438932249,0.161991849540335
1.05767767484545,0.161994445157775
1.0579410147843,0.161997039708119
1.05820440836086,0.161999633183672
1.05846785633907,0.162002225591976
1.05873135882021,0.162004816933845
1.05899491565081,0.162007407207742
1.05925852637737,0.162009996409258
1.05952219124543,0.162012584540824
1.05978591082253,0.162015171607862
1.06004968429655,0.162017757602357
1.06031351260779,0.162020342533538
1.06057739513733,0.162022926395211
1.06084133243185,0.162025509192745
1.06110532398419,0.162028090921105
1.06136937004289,0.162030671582751
1.06163347085063,0.162033251179945
1.06189762561427,0.162035829704943
1.06216183499666,0.162038407164244
1.062426098478,0.162040983552669
1.0626904173334,0.162043558882562
1.06295479016846,0.16204613314023
1.06321921777938,0.162048706333551
1.06348370049939,0.162051278465561
1.06374823698686,0.162053849523254
1.06401282867157,0.162056419520574
1.06427747470952,0.162058988449117
1.06454217552883,0.162061556313101
1.06480693096445,0.16206412311083
1.06507174165133,0.162066688848384
1.0653366069744,0.162069253519724
1.06560152749315,0.162071817130285
1.06586650314926,0.16207437967938
1.06613153286622,0.16207694115668
1.06639661770431,0.162079501572465
1.06666175825974,0.162082060932198
1.06692695285731,0.162084619219738
1.0671922021046,0.162087176441135
1.06745750709931,0.162089732606703
1.06772286733065,0.162092287711339
1.06798828205572,0.162094841748024
1.06825375207634,0.162097394724484
1.06851927687127,0.162099946635572
1.06878485696049,0.162102497486273
1.06905049301542,0.162105047282838
1.06931618390017,0.162107596014333
1.06958193010701,0.162110143685593
1.06984773108893,0.162112690291298
1.07011358733907,0.162115235836162
1.07037949951756,0.162117780326302
1.07064546637528,0.162120323749738
1.0709114895161,0.162122866121821
1.07117756759854,0.162125407429554
1.07144370116832,0.162127947678278
1.07170989019439,0.162130486867563
1.07197613449213,0.162133024995618
1.07224243491165,0.162135562070447
1.07250879034589,0.162138098081426
1.07277520123982,0.16214063303289
1.07304166745755,0.16214316692343
1.0733081895613,0.162145699758303
1.07357476677448,0.162148231530064
1.073841400265,0.162150762249772
1.07410808913758,0.162153291908782
1.0743748337256,0.162155820510328
1.07464163370165,0.16215834805124
1.07490849012511,0.162160874541448
1.07517540207295,0.162163399972084
1.07544237004764,0.162165924347963
1.07570939316869,0.16216844766072
1.07577745093312,0.162169095355382
1.07584550869755,0.162169751602804
1.0758877181063,0.162170158916254
1.07590544216591,0.162170330291526
1.07592316622552,0.162170501901665
1.07595583977936,0.162170836788064
1.0759885133332,0.162171213380299
1.07611471773553,0.162173032826296
1.07624084915784,0.162175367722821
1.07637084458608,0.162178244659524
1.07650483137759,0.162181637632183
1.07664306584066,0.162185525332473
1.0767858203957,0.162189889478192
1.07693339434238,0.162194715067987
1.07708611888309,0.162199990513666
1.07724435949077,0.162205707688437
1.07740852288091,0.162211862136239
1.07757906298405,0.162218453261094
1.07775648907975,0.162225484604732
1.07794137672455,0.162232964245439
1.07813437888444,0.162240905215923
1.07833624409129,0.162249326217444
1.07854783595729,0.162258252405913
1.07877016459065,0.162267716690862
1.07900442630726,0.162277761407499
1.07925206265012,0.162288440834657
1.07951485220022,0.162299825152775
1.07979506077709,0.162312006967511
1.0800956909727,0.162325112200887
1.08042099011889,0.162339322321704
1.0807775503298,0.162354922575229
1.08117735093877,0.16237243546554
1.08165025222246,0.162393168997178
1.08215895567294,0.162415487714337
1.08266765912341,0.162437820196033
1.08312814311503,0.162458046886082
1.08356546914148,0.16247726507679
1.08398958491043,0.162495908508798
1.08441085394694,0.162514431299021
1.08483263406739,0.16253298052481
1.08525661029531,0.162551630265551
1.08568295611259,0.162570388283268
1.08611150591759,0.162589247460418
1.08654195581853,0.162608194566352
1.08697408212289,0.162627219864325
1.08740774221126,0.162646317156563
1.08784287637911,0.162665483877961
1.08827948017186,0.162684719887612
1.08871757628387,0.162704026237799
1.08915720207177,0.162723404627529
1.08959839884797,0.162742856932231
1.09004120807408,0.162762385036478
1.0904856741455,0.162781990956759
1.09093183913579,0.162801676609621
1.09137974699596,0.162821443996872
1.09182944249807,0.162841295158913
1.09228097395495,0.16286123229486
1.09273439140929,0.162881257682747
1.09318974487526,0.162901373602045
1.09364708867116,0.162921582525136
1.09410648221792,0.162941887152765
1.09456798743863,0.162962290299448
1.09503166921949,0.162982794914118
1.0954975967095,0.163003404137807
1.0959658438618,0.163024121327861
1.09643648799064,0.163044949994426
1.09690961296456,0.163065893942072
1.09738530703766,0.163086957174176
1.09786366635766,0.163108144048668
1.09834479026991,0.163129459070508
1.09882879314175,0.163150907415988
1.09931578645975,0.163172494140076
1.09980590334072,0.163194225263369
1.10029928244305,0.163216107059594
1.10079607124353,0.163238146201873
1.1012964384408,0.163260350313667
1.10180056260889,0.163282727466519
1.10230864132708,0.163305286586506
1.10282089246106,0.163328037512423
1.10333756117292,0.163350991308802
1.10385891247607,0.163374159937165
1.1043852529482,0.163397557223011
1.10491692693947,0.163421198690139
1.10545431829981,0.163445101640819
1.10599788068652,0.163469286507569
1.10654812801404,0.163493776433438
1.10710566482624,0.163518598629789
1.10767120679537,0.163543785296592
1.10824561559924,0.163569375185831
1.10882994128128,0.163595415502011
1.10942549402617,0.163621965118757
1.11003395080357,0.163649099358162
1.11065753177442,0.163676917894448
1.1112993011259,0.163705558230975
1.11196374208709,0.16373522145387
1.11265799394761,0.163766227622978
1.11339511387383,0.163799161791443
1.11420585410529,0.163835401115686
1.11524344858079,0.163881803593901
1.11608516317596,0.163919468148408
1.11680329612782,0.163951622019282
1.11769707991262,0.163991658014936
1.11830225701172,0.164018777688818
1.11890743411081,0.164045909029563
1.11964766788673,0.164079105926803
1.12027504901681,0.164107252137145
1.12085410630344,0.164133240579035
1.12143841421179,0.164159473585981
1.12200973357239,0.164185131874449
1.12256570668868,0.164210109188686
1.12311231116987,0.16423467358428
1.1236512409159,0.164258900819315
1.12418320705032,0.164282822577054
1.12470907019198,0.164306477308044
1.12522951775044,0.16432989571252
1.12574506955111,0.164353100983814
1.12625614136586,0.164376111657884
1.12676308020997,0.164398943196073
1.12726617591197,0.16442160850179
1.12776568274292,0.164444118891565
1.12826181627787,0.164466483951144
1.12875476722339,0.164488712156498
1.12924470862177,0.164510811197116
1.12973179107823,0.164532787759422
1.13021615337559,0.164554648004383
1.13069792253215,0.164576397569296
1.13117721139329,0.1645980414582
1.13165412532301,0.164619584343215
1.1321287640438,0.164641030647179
1.13260121422232,0.164662384208082
1.13307156140673,0.164683648817949
1.13353988269387,0.164704827891105
1.134006253646,0.164725924776524
1.13447073807435,0.164746942295353
1.13493339834301,0.164767883206558
1.1353942961188,0.164788750240821
1.13585348828196,0.16480954591525
1.13631102638565,0.164830272508532
1.1367669621438,0.164850932309315
1.13722133980201,0.164871527270359
1.13767420453971,0.164892059389029
1.13812559982685,0.164912530587499
1.13857556735379,0.16493294270943
1.13902414074955,0.164953297234733
1.13947136041227,0.164973595952315
1.13991726014285,0.164993840353604
1.14036187234817,0.165014031868385
1.14080522972954,0.165034171941458
1.14124736079764,0.165054261828827
1.14168829651103,0.165074302899197
1.14212806238447,0.165094296275297
1.14256668826162,0.165114243278015
1.14300419633474,0.165134144881631
1.14344061472574,0.165154002331347
1.14387596520302,0.165173816584586
1.14431026684194,0.165193588477154
1.14474354630179,0.165213319191245
1.14517582239741,0.165233009553044
1.14560711647034,0.165252660504735
1.14603744749191,0.165272272881532
1.14646683435239,0.165291847515869
1.14689529526277,0.165311385210126
1.14732284743332,0.165330886721914
1.14774950840599,0.165350352824817
1.14817529434196,0.165369784230256
1.14860022111118,0.165389181637119
1.14902430406463,0.165408545721368
1.14944755691649,0.165427877084926
1.14986999546543,0.165447176425624
1.15029163294616,0.165466444324888
1.15071248535999,0.16548568149125
1.15113256355725,0.165504888398458
1.15155188119383,0.165524065649069
1.15197045063548,0.165543213787303
1.15238828200765,0.165562333255409
1.1528053896558,0.165581424689314
1.15322178492368,0.165600488588225
1.15363747789204,0.16561952539398
1.15405247780105,0.165638535510357
1.15446679754246,0.165657519508951
1.15488044791509,0.165676477866073
1.15529343624842,0.165695410899401
1.15570577297287,0.16571431906915
1.15611746781757,0.16573320280392
1.1565285302004,0.165752062518468
1.1569389702813,0.165770898662062
1.15734879489434,0.165789711531727
1.15775801473036,0.165808501601908
1.15816663798083,0.165827269232795
1.15857466985355,0.165846014647789
1.15898212094197,0.165864738318062
1.15938899794002,0.16588344053609
1.15979530939259,0.165902121679712
1.16020106263272,0.165920782071452
1.16060626358163,0.165939421969178
1.1610109196013,0.165958041697333
1.16141503769922,0.165976641564414
1.16181862542378,0.165995221904152
1.16222169039746,0.166013783054049
1.16262423799188,0.166032325248237
1.16302627453326,0.16605084876505
1.16342780611999,0.166069353872639
1.16382883849872,0.166087840823214
1.16422937772898,0.166106309883679
1.16462943099686,0.166124761373207
1.16502900356125,0.166143195522379
1.16542809890768,0.166161612480098
1.16582672669273,0.166180012680364
1.16622488865819,0.166198396192184
1.16662259098816,0.16621676328969
1.16701983984626,0.166235114246475
1.16741663910383,0.166253449230444
1.16781299453342,0.166271768497534
1.16820891109061,0.166290072266209
1.1686043931365,0.166308360727636
1.16899944565591,0.166326634102028
1.16939407318299,0.166344892588986
1.16978828007488,0.166363136380112
1.17018207067254,0.166381365666451
1.17057545052185,0.166399580695068
1.17096842290709,0.16641778160851
1.17136099235127,0.166435968606829
1.17175316360528,0.166454141900887
1.17214493941532,0.166472301608798
1.17253632549466,0.166490447986378
1.1729273246497,0.166508581154917
1.17331794104073,0.166526701298581
1.17370817848487,0.166544808585832
1.1740980401311,0.166562903154276
1.17448753104496,0.166580985230659
1.17487665314743,0.166599054895916
1.17526541244314,0.166617112420755
1.17565380982395,0.166635157838607
1.17604185025663,0.166653191372266
1.17642953565492,0.16667121310288
1.17681687133861,0.166689223270048
1.17720385993099,0.166707221988229
1.17759050484589,0.166725209408714
1.17797680880246,0.166743185650628
1.17836277411447,0.166761150814322
1.17874840585012,0.166779105128551
1.17913370597371,0.166797048677759
1.17951867732925,0.166814981587374
1.17990332348651,0.166832904016815
1.180287648065,0.166850816128012
1.18067165158975,0.166868717938709
1.18105533850669,0.166886609649519
1.18143871167331,0.16690449138725
1.18182177291817,0.166922363230755
1.18220452640958,0.166940225368181
1.18258697411902,0.166958077885338
1.18296911854958,0.166975920892884
1.18335096257447,0.166993754518903
1.18373250881653,0.167011578879922
1.18411375826187,0.167029394016052
1.18449471531657,0.167047200127332
1.18487538259879,0.167064997330484
1.18525576094009,0.167082785658677
1.18563585371889,0.167100565264258
1.18601566374642,0.167118336273269
1.18639519283335,0.167136098765
1.18677444250244,0.167153852805293
1.18715341529612,0.167171598507834
1.18753211349386,0.167189335974135
1.18791054070829,0.167207065368294
1.1882886969279,0.167224786684677
1.18866658711239,0.167242500150673
1.18904421140712,0.16726020576822
1.18942157253548,0.167277903660057
1.1897986720885,0.167295593895993
1.19017551167279,0.167313276546602
1.19055209416608,0.167330951742226
1.19092842187412,0.167348619586513
1.19130449651286,0.167366280155475
1.19168031961329,0.167383933516478
1.19205589331121,0.167401579765389
1.19243121945648,0.167419218984751
1.19280630113061,0.167436851315108
1.19318113761661,0.167454476718468
1.1935557321108,0.16747209534083
1.19393008760191,0.167489707318724
1.19430420356112,0.167507312623167
1.19467808313438,0.167524911398086
1.19505172777122,0.167542503707784
1.19542513900442,0.16756008962048
1.19579831946325,0.167577669256144
1.19617126935647,0.167595242620784
1.19654399208692,0.167612809870956
1.19691648817303,0.16763037102743
1.19728875971154,0.167647926185352
1.19766080794568,0.167665475399744
1.19803263486461,0.167683018760865
1.19840424088978,0.167700556285061
1.19877562950097,0.167718088133095
1.19914680008367,0.167735614272567
1.19951775699132,0.167753134905657
1.19988850041202,0.167770650038042
1.20025902996055,0.167788159648115
1.20062934915571,0.167805663898888
1.20099945877995,0.167823162824251
1.2013693599121,0.167840656472023
1.20173905535492,0.167858144971686
1.20210854621134,0.167875628372436
1.2024778328828,0.167893106690219
1.20284691718213,0.167910580007827
1.20321580047169,0.167928048386862
1.20358448411926,0.16794551188922
1.20395296916078,0.167962970561125
1.20432125763016,0.167980424496152
1.20468935077447,0.167997873750695
1.20505724962222,0.168015318370785
1.20542495601383,0.168032758441031
1.2057924693392,0.168050193929823
1.20615979304711,0.168067624998156
1.20652692667317,0.1680850516215
1.20689387307354,0.168102473932878
1.20726063203907,0.168119891919922
1.20762720652247,0.168137305720408
1.20799359683406,0.168154715346753
1.20835980220296,0.168172120759833
1.20872582678466,0.168189522154822
1.20909167021721,0.168206919512339
1.20945733451339,0.168224312925799
1.20982281920809,0.168241702370841
1.21018812724331,0.168259087985233
1.21055325863936,0.168276469767859
1.21091821531878,0.168293847808096
1.21128299760244,0.16831122211916
1.21164760719385,0.168328592780123
1.21201204406969,0.168345959787853
1.21237630989973,0.168363323219895
1.2127404073234,0.168380683200216
1.21310433480445,0.16839803965366
1.2134680950642,0.168415392708032
1.21383168813536,0.168432742363105
1.21419511582597,0.16845008870331
1.21455837956892,0.168467431795321
1.21492147888319,0.16848477161439
1.21528441534644,0.168502108234062
1.21564719088601,0.168519441744785
1.21600980443508,0.168536772093899
1.2163722599451,0.168554099468622
1.21673455566071,0.168571423783513
1.21709669317673,0.168588745113118
1.2174586745164,0.168606063552747
1.21782049992795,0.168623379112811
1.21818216989806,0.168640691815055
1.21854368654121,0.168658001759264
1.21890504975334,0.168675308939069
1.21926626056319,0.168692613402285
1.21962732111388,0.168709915250276
1.21998822949252,0.168727214390004
1.2203489894216,0.168744510998518
1.22070959959147,0.168761805011829
1.22107006113732,0.168779096482986
1.22143037700176,0.168796385552013
1.22179054595021,0.168813672158518
1.22215056904117,0.168830956351992
1.2225104478746,0.168848238208128
1.22287018354304,0.168865517778332
1.22322977618742,0.168882795068261
1.22358922629086,0.168900070099988
1.2239485349323,0.168917342924298
1.22430770378458,0.16893461362064
1.22466673306795,0.168951882198643
1.22502562328609,0.168969148681507
1.22538437534178,0.168986413111697
1.22574298988918,0.169003675519769
1.22610146753687,0.169020935934097
1.22645980996996,0.169038194434968
1.22681801740792,0.169055451032141
1.22717609049549,0.169072705755802
1.22753402915143,0.16908995860118
1.2278918361438,0.169107209700946
1.22824951006517,0.169124458986524
1.22860705258253,0.169141706537462
1.22896446554641,0.169158952442425
1.22932174863788,0.169176196685372
1.22967890197378,0.169193439271175
1.23003592681153,0.169210680259868
1.23039282458094,0.16922791971995
1.23074959397491,0.169245157587641
1.23110623674033,0.169262393946663
1.23146275367302,0.169279628834985
1.23181914599021,0.169296862310948
1.23217541451587,0.169314094413924
1.23253155917829,0.16933132513993
1.2328875803853,0.169348554508152
1.23324347913466,0.169365782566418
1.23359925572565,0.169383009328786
1.23395491136427,0.169400234853238
1.23431044688429,0.169417459179813
1.23466586233618,0.16943468231057
1.23502115785238,0.169451904251503
1.23537633571834,0.169469125113099
1.23573139501632,0.169486344850599
1.23608633663089,0.169503563506505
1.2364411630876,0.169520781203174
1.23679587184019,0.169537997816789
1.23715046473317,0.169555213436463
1.23750494423,0.169572428181759
1.23785930892029,0.169589641984041
1.23821355900819,0.169606854852878
1.2385676968443,0.169624066902377
1.23892172169552,0.169641278096836
1.23927563591138,0.169658488550357
1.2396294381568,0.169675698197957
1.23998312918333,0.169692907075977
1.24033670999667,0.169710115233316
1.24069018070902,0.169727322675401
1.24104354306878,0.169744529487343
1.24139679617325,0.169761735625193
1.2417499419258,0.169778941181623
1.24210298055234,0.169796146167755
1.24245591228884,0.169813350595101
1.2428087373462,0.169830554473962
1.24316145573909,0.169847757805076
1.24351406924453,0.169864960675231
1.24386657812516,0.169882163097437
1.24421898199422,0.169899365052883
1.2445712820902,0.169916566602127
1.24492347910829,0.169933767779336
1.24527557374712,0.169950968618836
1.24562756671594,0.1699681691555
1.24597945743271,0.169985369361062
1.2463312468528,0.170002569282386
1.24668293623644,0.170019768981406
1.24703452514973,0.170036968437187
1.24738601436456,0.17005416768771
1.24773740447287,0.170071366762262
1.24808869472315,0.170088565624313
1.24843988763364,0.170105764397484
1.24879098204183,0.170122963025264
1.24914197937735,0.170140161577959
1.24949288003332,0.170157360075271
1.24984368484042,0.170174558558323
1.25019439365526,0.170191757020486
1.25054500650505,0.170208955463445
1.25089552503128,0.170226153968177
1.25124594879588,0.170243352513694
1.25159627863612,0.170260551141502
1.25194651419843,0.170277749834711
1.25229665801419,0.17029494871817
1.25264670797126,0.170312147688679
1.25299666640376,0.170329346861341
1.2533465330173,0.170346546222341
1.2536963087632,0.170363745818976
1.25404599338291,0.170380945639113
1.25439558762436,0.170398145720085
1.25474509209371,0.170415346092357
1.25509450712474,0.170432546772986
1.25544383226891,0.170449747740466
1.25579306841596,0.170466949039201
1.25614221685809,0.170484150733579
1.25649127722891,0.170501352806259
1.25684024955065,0.170518555258931
1.2571891353492,0.170535758167535
1.25753793376648,0.170552961490499
1.25788664700766,0.170570165337308
1.25823527485144,0.170587369697905
1.25858381711206,0.170604574563805
1.25893227377347,0.170621779934909
1.25928064661284,0.170638985899793
1.25962893437395,0.170656192397241
1.25997713814436,0.170673399481692
1.26032525847064,0.170690607181038
1.26067329601212,0.170707815528741
1.26102125057585,0.170725024516102
1.2613691226407,0.170742234167618
1.26171691258326,0.170759444502799
1.26206462132877,0.17077665556835
1.26241224922704,0.170793867382534
1.26275979593975,0.170811079929475
1.26310726271266,0.170828293271784
1.2634546493717,0.170845507401828
1.26380195735629,0.170862722391908
1.26414918545953,0.170879938183178
1.26449633524587,0.170897154854124
1.26484340626262,0.170914372383349
1.26519039815234,0.170931590754019
1.26553731242758,0.170948810042203
1.26588414910049,0.170966030249621
1.26623090857245,0.170983251397216
1.26657759186917,0.171000473537022
1.26692419810028,0.171017696625868
1.2672707280768,0.171034920705043
1.2676171830913,0.171052145839979
1.26796356234871,0.171069371992277
1.26830986709055,0.171086599224749
1.26865609610676,0.171103827478312
1.26900225200994,0.171121056884107
1.26934833319933,0.171138287363706
1.26969434149923,0.171155519009018
1.27004027570941,0.17117275176149
1.2703861374554,0.171189985703227
1.27073192693879,0.17120722084559
1.27107764374389,0.171224457169024
1.27142328828298,0.171241694695244
1.27176886084977,0.171258933440138
1.2721143629991,0.171276173482589
1.27245979412433,0.171293414793653
1.27280515466504,0.171310657396468
1.27315044471318,0.171327901296906
1.27349566408356,0.171345146486964
1.2738408137299,0.171362393015579
1.27418589429487,0.171379640916265
1.27453090428405,0.171396890115577
1.27487584638801,0.171414140749338
1.275220719044,0.171431392740852
1.27556552409736,0.17144864618371
1.27591026155554,0.171465901079778
1.27625493062372,0.171483157390566
1.2765995337124,0.171500415238174
1.27694406877345,0.171517674521499
1.27728853741714,0.171534935322481
1.27763294027024,0.171552197674099
1.27797727585331,0.17156946150357
1.2783215457493,0.171586726891612
1.27866574965751,0.171603993824687
1.27900988916328,0.17162126238382
1.2793539634563,0.171638532529891
1.27969797269529,0.171655804272244
1.28004191792343,0.171673077664788
1.28038579870087,0.171690352686974
1.28072961629594,0.171707629404039
1.28107337010369,0.171724907787159
1.28141706107653,0.171742187885711
1.28176068840105,0.171759469660356
1.28210425392894,0.171776753205777
1.2824477558006,0.171794038430026
1.28279119652033,0.171811325460641
1.28313457486951,0.171828614238005
1.28347789261752,0.17184590485277
1.28382114759302,0.171863197197188
1.28416434235152,0.171880491401534
1.28450747554683,0.171897787399732
1.28485054850202,0.171915085260031
1.28519356111214,0.171932384978879
1.28553651392352,0.171949686585481
1.2858794068279,0.17196699007606
1.28622224058492,0.171984295490633
1.28656501422834,0.172001602782098
1.28690772956055,0.172018912043145
1.2872503859333,0.172036223242852
1.28759298415771,0.172053536423873
1.28793552426849,0.172070851589742
1.28827800631448,0.172088168744647
1.28862043070314,0.172105487910938
1.28896279869677,0.172122809154316
1.28930510817944,0.172140132369465
1.28964736140856,0.172157457672308
1.28998955769959,0.172174785030129
1.29033169726899,0.172192114455612
1.29067378124609,0.172209446007826
1.29101580851268,0.172226779631949
1.29135778014023,0.172244115384034
1.29169969625594,0.172261453272449
1.29204155734817,0.17227879332382
1.29238336357391,0.172296135547999
1.2927251152178,0.172313479961296
1.29306681215638,0.172330826559315
1.29340845442682,0.172348175345786
1.29375004268235,0.172365526355792
1.29409157637839,0.172382879563573
1.29443305743921,0.172400235068854
1.29477448444588,0.172417592801514
1.29511585928038,0.172434952859112
1.29545718128696,0.172452315210365
1.2957984491973,0.172469679792528
1.29613966477711,0.17248704669735
1.29648082939829,0.172504415996872
1.29682194152416,0.17252178761486
1.29716300195075,0.172539161593703
1.29750401122969,0.172556537963585
1.29784496949911,0.172573916733598
1.29818587647906,0.172591297891462
1.29852673228072,0.172608681444821
1.298867537159,0.172626067408709
1.29920829259126,0.172643455860637
1.29954899713324,0.172660846728996
1.29988965141827,0.172678240048034
1.30023025616978,0.172695635856843
1.30057081151715,0.17271303416417
1.30091131716632,0.17273043495705
1.30125177281326,0.172747838221957
1.3015921810942,0.17276524409587
1.30193253937323,0.172782652446203
1.30227284969648,0.172800063379561
1.30261311126401,0.172817476857278
1.30295332543743,0.172834892951168
1.30329349163802,0.172852311633831
1.30363360975164,0.172869732901488
1.30397368040532,0.172887156788423
1.30431370338225,0.172904583285733
1.30465367904726,0.17292201241427
1.30499360860328,0.172939444237993
1.30533349088,0.172956878699114
1.30567332699994,0.172974315857347
1.30601311724117,0.172991755729291
1.30635286140857,0.173009198307159
1.30669255940286,0.173026643588035
1.3070322114661,0.173044091586577
1.30737181860894,0.173061542357027
1.30771138066401,0.17307899589313
1.30805089646289,0.173096452136975
1.30839036740388,0.173113911162671
1.30872979455457,0.173131373027618
1.30906917595001,0.173148837632985
1.30940851425479,0.173166305118137
1.30974780839847,0.17318377543048
1.31008705849472,0.173201248578063
1.31042626470795,0.173218724571681
1.31076542752744,0.173236203438913
1.31110454598003,0.173253685131915
1.31144362143264,0.173271169723471
1.3117826541214,0.173288657228262
1.31212164380926,0.173306147636424
1.31246059128132,0.173323640990846
1.3127994958743,0.173341137259699
1.31313835835854,0.173358636485108
1.31347717908084,0.173376138687475
1.31381595733563,0.173393643832735
1.314154694104,0.17341115197397
1.3144933884478,0.173428663065138
1.31483204143614,0.1734461771639
1.31517065380336,0.173463694310823
1.31550922610296,0.173481214537106
1.31584775639426,0.173498737744686
1.31618624666581,0.173516264038865
1.31652469636872,0.173533793393863
1.31686310562586,0.173551325818472
1.31720147415672,0.173568861300617
1.31753980282613,0.173586399887629
1.31787809211745,0.17360394160719
1.31821634227237,0.173621486474409
1.31855455216173,0.173639034433169
1.31889272281051,0.173656585539105
1.31923085459203,0.17367413981426
1.31956894741975,0.173691697256715
1.31990700168623,0.173709257889414
1.32024501669211,0.173726821678568
1.32058299378408,0.173744388696727
1.32092093240004,0.173761958917352
1.32125883280635,0.173779532356819
1.32159669558102,0.173797109047841
1.32193452003583,0.173814688957222
1.32227230711539,0.1738322721367
1.32261005673581,0.173849858584616
1.32294776876531,0.173867448296698
1.32328544389005,0.173885041311341
1.3236230814012,0.173902637594266
1.32396068255835,0.173920237213762
1.32429824733996,0.173937840171496
1.324635774735,0.17395544641732
1.32497326586591,0.173973056012399
1.3253107210341,0.173990668975279
1.32564814039761,0.174008285316934
1.32598552438895,0.174025905062681
1.32632287181273,0.174043528152741
1.32666018449557,0.174061154685232
1.32699746082211,0.174078784578543
1.32733470267503,0.174096417933757
1.32767190865421,0.174114054680498
1.32800908075694,0.174131694925952
1.32834621780167,0.174149338611189
1.32868331979599,0.174166985739216
1.32902038745981,0.174184636350522
1.32935742046273,0.174202290430634
1.32969442025308,0.174219948058257
1.33003138489627,0.174237609134832
1.33036831634308,0.174255273765302
1.33070521385917,0.174272941914138
1.33104207699452,0.174290613560419
1.3313789071935,0.174308288782774
1.33171570378431,0.17432596754889
1.33205246750757,0.17434364990044
1.33238919803848,0.174361335823261
1.33272589554194,0.174379025328828
1.33306256040273,0.174396718440245
1.33339919203105,0.174414415129372
1.33373579245975,0.174432115506021
1.33407236020167,0.174449819494991
1.33440889562614,0.174467527118439
1.3347453987844,0.174485238381984
1.33508186999359,0.174502953305245
1.33541830966879,0.174520671913046
1.33575471813004,0.174538394225228
1.33609109492682,0.174556120220977
1.33642744059086,0.174573849931221
1.33676375519421,0.174591583362761
1.33710003815026,0.17460932048757
1.33743629056505,0.174627061366944
1.33777251155049,0.174644805957046
1.3381087020321,0.174662554309645
1.33844486260142,0.174680306459095
1.33878099247478,0.174698062367002
1.33911709217754,0.174715822064043
1.3394531619403,0.174733585565474
1.33978920167611,0.174751352869722
1.34012521156047,0.174769123989075
1.34046119093319,0.174786898891598
1.3407971416472,0.174804677678401
1.34113306190116,0.174822460257275
1.34146895318235,0.174840246709874
1.3418048151323,0.17485803702041
1.3421406484099,0.174875831226844
1.34247645267004,0.174893629313998
1.34281222841073,0.174911431311329
1.34314797529975,0.174929237204331
1.34348369389652,0.174947047025757
1.34381938415236,0.174964860776178
1.34415504644726,0.174982678478885
1.3444906806073,0.175000500127785
1.34482628639551,0.175018325713368
1.34516186435134,0.175036155267414
1.3454974141841,0.175053988777653
1.34583293616606,0.175071826261669
1.34616843087982,0.175089667753654
1.34650389884424,0.175107513284465
1.34683933896924,0.17512536279925
1.34717475220452,0.175143216351637
1.34751013808524,0.175161073920133
1.34784549744848,0.175178935552499
1.34818083022498,0.175196801248332
1.34851613551626,0.175214670962873
1.34885141456581,0.175232544765572
1.34918666762965,0.175250422673462
1.34952189352338,0.175268304626537
1.34985709383421,0.175286190712656
1.35019226807106,0.175304080909004
1.35052741615137,0.175321975214342
1.3508625392863,0.175339873696667
1.35119763540583,0.175357776248658
1.35153270671926,0.175375682991515
1.3518677525768,0.175393593894006
1.35220277330678,0.175411508976907
1.35253776807896,0.175429428199072
1.35287273884709,0.175447351668344
1.35320768411618,0.17546527930816
1.35354260438003,0.175483211148099
1.35387750096755,0.175501147262792
1.35421237126273,0.175519087515413
1.35454721768346,0.175537032038672
1.35488203940549,0.175554980791973
1.35521683717494,0.175572933818611
1.35555161083867,0.175590891113799
1.35588635989721,0.175608852654035
1.35622108566025,0.175626818512989
1.35655578738797,0.175644788654434
1.3568904647229,0.175662763062424
1.35722511869781,0.175680741795835
1.35755974972728,0.175698724880504
1.35789435776454,0.175716712317369
1.35822894223222,0.17573470407874
1.35856350336396,0.175752700180533
1.35889804119148,0.175770700627904
1.35923255583098,0.175788705430547
1.35956704802575,0.175806714631976
1.35990151766229,0.175824728229613
1.36023596501788,0.175842746241847
1.36057038917373,0.175860768622589
1.36090479118132,0.175878795431928
1.36123917138785,0.175896826692222
1.36157352849831,0.175914862337056
1.36190786377381,0.175932902437864
1.36224217757779,0.175950947017945
1.36257646881056,0.175968996021404
1.36291073826848,0.175987049494655
1.36324498596099,0.176005107441817
1.363579212363,0.176023169892114
1.36391341788633,0.176041236871424
1.36424760176972,0.176059308342119
1.36458176355215,0.176077384282661
1.36491590491307,0.17609546478752
1.36525002449672,0.176113549787004
1.36558412359915,0.176131639354754
1.3659182015089,0.176149733455923
1.36625225869695,0.176167832119539
1.36658629570317,0.176185935378539
1.36692031173105,0.176204043193351
1.36725430792325,0.176222155629507
1.3675882840609,0.176240272678879
1.36792223979456,0.176258394326068
1.36825617509682,0.176276520573152
1.36859009005314,0.176294651428398
1.36892398612342,0.176312786974851
1.36925786153865,0.17633092712012
1.36959171701029,0.176349071906321
1.36992555393066,0.176367221412993
1.37025937039325,0.176385375540184
1.37059316796957,0.176403534376896
1.37092694538168,0.176421697857382
1.37126070497265,0.176439866112865
1.37159444456947,0.176458039028884
1.37192816515607,0.176476216662498
1.37226186670696,0.176494399016147
1.37259554865662,0.176512586062682
1.37292921224189,0.176530777873254
1.37326285834304,0.176548974499837
1.37359648547607,0.176567175865227
1.37393009397439,0.176585381991168
1.37426368398343,0.176603592889397
1.37459725544156,0.176621808560324
1.37493080925377,0.176640029057204
1.37526434446378,0.176658254331612
1.37559786222929,0.176676484450549
1.37593136183912,0.176694719379023
1.3762648438612,0.17671295915183
1.37659830738297,0.176731203722849
1.37693175359994,0.176749453161267
1.37726518277118,0.176767707485266
1.37759859382411,0.17678596663989
1.3779319878347,0.176804230687824
1.3782653643848,0.176822499610105
1.37859872407629,0.176840773443553
1.37893206674871,0.176859052183287
1.37926539260982,0.176877335844552
1.37959870133905,0.176895624413623
1.37993199411988,0.176913917959369
1.38026526929691,0.176932216394827
1.38059852805826,0.176950519788986
1.38093176991196,0.176968828118834
1.3812649957472,0.176987141437136
1.38159820506456,0.17700545972043
1.38193139884651,0.177023783026658
1.38226457532997,0.177042111262759
1.38259773583454,0.177060444505112
1.38293088037073,0.17707878275841
1.38326400955451,0.177097126060568
1.38359712242864,0.17711547436282
1.38393021937702,0.177133827690156
1.38426330086518,0.17715218607228
1.38459636601523,0.17717054946476
1.38492941596612,0.177188917934338
1.38526245114057,0.177207291508506
1.38559547179892,0.177225670205714
1.38592847662639,0.177244053957311
1.38626146661157,0.177262442821774
1.3865944416168,0.177280836795643
1.3869274017731,0.177299235890181
1.38726034688649,0.177317640098695
1.38759327686464,0.177336049420079
1.38792619231295,0.177354463891889
1.38825909315392,0.17737288351397
1.38859197928017,0.177391308284412
1.38892485061369,0.177409738202932
1.38925770798878,0.177428173319849
1.38959055083476,0.177446613607704
1.38992337952961,0.177465059091468
1.39025619420497,0.177483509782587
1.39058899492304,0.177501965688633
1.39092178141719,0.177520426798906
1.39125455388992,0.177538893128726
1.39158731308219,0.177557364723424
1.39192005832575,0.177575841550083
1.392252789453,0.17759432360341
1.39258550771149,0.177612810956925
1.3929182125696,0.177631303585381
1.39325090378863,0.17764980147956
1.39358358123601,0.177668304636199
1.39391624608649,0.177686813124892
1.39424889681997,0.177705326865277
1.39458153503982,0.177723845950688
1.39491416065227,0.177742370380324
1.39524677373476,0.177760900162696
1.39557937279414,0.177779435218689
1.39591195955531,0.177797975648569
1.39624453358393,0.177816521432561
1.39657709537248,0.177835072602344
1.39690964395868,0.177853629108447
1.39724218001599,0.177872190992602
1.39757470498676,0.177890758339804
1.39790721771144,0.177909331089682
1.39823971796443,0.177927909233698
1.39857220603388,0.177946492792207
1.3989046816042,0.177965081751866
1.39923714500087,0.177983676135141
1.39956959674005,0.178002275975286
1.39990203698715,0.178020881285953
1.40023446552371,0.178039492059221
1.40056688214942,0.178058108288134
1.4008992868517,0.178076729976269
1.401231679597,0.178095357126063
1.40156406094443,0.178113989773228
1.40189643172767,0.178132627969003
1.40222879072679,0.178151271649337
1.40256113879848,0.17816992086653
1.4028934754747,0.178188575598761
1.4032258010491,0.178207235866842
1.40355811574886,0.178225901687969
1.40389041905509,0.178244573037366
1.40422271223934,0.178263249990911
1.40455499450717,0.178281932508469
1.40488726565849,0.178300620583054
1.40521952625382,0.178319314250619
1.40555177644307,0.178338013524121
1.4058840164107,0.178356718418415
1.4062162460199,0.178375428930249
1.40654846583533,0.178394145095898
1.40688067493004,0.178412866867592
1.40721287409504,0.178431594294301
1.40754506224466,0.178450327319298
1.4078772406581,0.17846906601915
1.40820940861979,0.178487810358098
1.40854156704607,0.178506560392314
1.4088737156482,0.178525316110101
1.40920585469314,0.178544077531016
1.40953798338676,0.178562844614662
1.40987010277592,0.178581617424682
1.41020221270607,0.178600395957011
1.41053431316204,0.178619180215296
1.41086640373509,0.178637970180906
1.41119848558478,0.17865676592404
1.41153055791664,0.178675567404389
1.41186262077763,0.178694374629048
1.41219467435523,0.178713187613219
1.41252671876645,0.178732006368145
1.41285875439079,0.17875083091997
1.41319078137138,0.178769661281467
1.41352279954398,0.178788497447924
1.41385480781563,0.178807339361794
1.41418680825951,0.17882618714537
1.41451880028658,0.178845040770104
1.41485078317604,0.178863900199525
1.41518275781297,0.178882765488509
1.41551472336949,0.178901636594704
1.41584668068856,0.178920513570628
1.41617862946957,0.178939396403939
1.41651057026466,0.178958285130713
1.41684250242431,0.178977179718674
1.41717442666967,0.178996080213513
1.41750634306903,0.179014986623916
1.4178382516444,0.179033898955845
1.41817015243757,0.179052817216385
1.41850204461393,0.179071741362584
1.41883392958616,0.179090671479713
1.41916580686758,0.179109607544913
1.41949767656569,0.179128549568983
1.41982953897473,0.179147497573496
1.42016139345921,0.179166451526895
1.42049323992425,0.179185411428398
1.42082507907105,0.179204377322873
1.42115691141197,0.179223349244539
1.42148873604802,0.179242327146763
1.4218205541037,0.1792613110986
1.42215236505798,0.179280301075157
1.42248416796661,0.179299297027007
1.42281596400767,0.179318299026352
1.42314775308019,0.179337307072403
1.42347953488915,0.179356321153029
1.42381131051083,0.179375341334789
1.42414307928564,0.179394367584806
1.42447484114695,0.179413399903981
1.42480659634728,0.179432438311653
1.42513834461987,0.17945148279738
1.42547008727764,0.179470533441483
1.42580182309416,0.179489590178497
1.42613355275303,0.179508653052432
1.42646527525608,0.179527722010814
1.42679699200622,0.179546797139161
1.42712870258973,0.179565878418769
1.42746040720073,0.179584965865669
1.42779210570926,0.179604059477309
1.4281237978686,0.179623159244358
1.42845548373803,0.17964226517512
1.42878716378204,0.179661377301343
1.42911883792684,0.179680495623787
1.42945050569158,0.179699620119616
1.42978216792937,0.179718750842981
1.43011382513285,0.179737887827451
1.43044547596005,0.17975703100051
1.43077712227707,0.179776180474812
1.43110876280552,0.17979533618171
1.43144039766007,0.179814498132623
1.43177202757303,0.179833666374956
1.43210365184563,0.179852840873386
1.43243527086975,0.179872021655517
1.43276688465624,0.179891208727065
1.43309849333872,0.179910402100813
1.43343009637152,0.17992960175018
1.43376169450172,0.179948807723451
1.43409328759201,0.179968020017835
1.43442487679077,0.179987238705034
1.43475646075714,0.180006463712457
1.4350880400154,0.180025695075403
1.4354196141943,0.180044932777472
1.43575118347934,0.180064176834478
1.43608274894204,0.180083427313861
1.43641430915161,0.180102684137692
1.43674586505635,0.180121947366021
1.43707741651807,0.180141216996081
1.43740896343953,0.180160493027322
1.43774050576218,0.180179775461455
1.43807204388387,0.18019906432679
1.43840357773273,0.18021835962436
1.43873510788725,0.180237661393044
1.43906663348594,0.18025696958786
1.43939815569153,0.180276284281677
1.43972967365861,0.180295605430535
1.44006118655897,0.180314932991124
1.44039269669531,0.180334267102989
1.44072420284525,0.180353607700319
1.44105570554078,0.180372954819221
1.44138720447984,0.18039230844734
1.44171869919899,0.180411668562749
1.44205019092729,0.180431035242518
1.44238167845521,0.180450408421315
1.4427131629107,0.180469788170228
1.44304464307905,0.180489174423562
1.44337612081902,0.180508567295283
1.44370759477411,0.180527966711484
1.444039065953,0.180547372736357
1.44437053369094,0.180566785336373
1.44470199798463,0.180586204516529
1.44503345942974,0.180605630317088
1.44536491782463,0.180625062731638
1.44569637333702,0.18064450177532
1.44602782623919,0.180663947469493
1.44635927602291,0.180683399789675
1.44669072267964,0.180702858740622
1.44702216594594,0.18072232431219
1.4473536067192,0.180741796562493
1.44768504542513,0.180761275522121
1.44801648068382,0.180780761115279
1.44834791419995,0.180800253447509
1.4486793455908,0.180819752501954
1.44901077449906,0.180839258262901
1.4493422001049,0.180858770687352
1.44967362358756,0.18087828985013
1.45000504494434,0.180897815756718
1.45033646431935,0.180917348421065
1.45066788112487,0.180936887813933
1.45099929566581,0.180956433958673
1.45133070827604,0.180975986880521
1.45166211953015,0.180995546618974
1.45199352737332,0.181015113058108
1.45232493387408,0.181034686325383
1.45265633804527,0.18105426636824
1.45298774073016,0.181073853241926
1.45331914141273,0.181093446921529
1.45365054098788,0.181113047465483
1.45398193871971,0.181132654835859
1.45431333477662,0.18115226904804
1.4546447292415,0.181171890112503
1.45497612244644,0.181191518054514
1.45530751390723,0.181211152850955
1.45563890455299,0.18123079456246
1.45597029255503,0.181250443086169
1.45630167948779,0.181270098520857
1.4566330644213,0.18128976081712
1.45696444898063,0.181309430076992
1.45729583204219,0.181329106239545
1.45762721395494,0.181348789330943
1.45795859498697,0.181368479372805
1.45828997461719,0.181388176339786
1.45862135344369,0.181407880273039
1.4589527312189,0.181427591163563
1.4592841080054,0.181447309020689
1.4596154844174,0.181467033886704
1.45994686034974,0.181486765761115
1.46027823482612,0.181506504591334
1.46060960902711,0.181526250453312
1.4609409824973,0.181546003325773
1.46127235547645,0.181565763228656
1.46160372817088,0.181585530180037
1.46193509993313,0.181605304146974
1.462266471421,0.181625085174398
1.4625978421637,0.181644873240001
1.46292921263048,0.181664668377515
1.46326058355707,0.181684470636804
1.46359195431413,0.181704279986088
1.46392332392541,0.181724096372543
1.46425469334642,0.181743919858996
1.46458606287345,0.181763750469165
1.46491743201187,0.181783588179243
1.4652488017443,0.181803433053869
1.46558017113323,0.181823285042771
1.46591154126441,0.181843144216762
1.4662429113223,0.181863010532893
1.46657428070983,0.181882883960977
1.46690565095542,0.181902764598576
1.46723702167126,0.181922652428515
1.46756839170995,0.181942547387584
1.46789976312803,0.181962449605132
1.46823113498509,0.181982359030823
1.46856250681068,0.182002275642051
1.46889387932426,0.182022199487927
1.46922525234521,0.182042130563604
1.46955662561424,0.18206206885933
1.46988800006484,0.18208201443724
1.47021937446396,0.182101967229068
1.47055074999629,0.18212192731198
1.4708821264978,0.182141894682232
1.47121350368209,0.182161869328454
1.47154488130805,0.182181851241977
1.47187625974907,0.18220184045127
1.47220763983538,0.182221837012554
1.47253902036815,0.182241840859486
1.47287040220288,0.182261852049566
1.47320178458754,0.18228187054344
1.47353316904368,0.182301896439069
1.47386455367012,0.182321929627639
1.47419594005007,0.182341970210705
1.47452732820554,0.182362018195923
1.47485871759874,0.182382073556754
1.47519010819131,0.18240213629681
1.47552150030293,0.182422206441528
1.47585289368321,0.182442283981845
1.47618428844211,0.182462368930462
1.47651568507351,0.182482461323472
1.47684708299969,0.182502561131967
1.47717848283314,0.182522668399154
1.47750988347581,0.182542783064497
1.47784128703424,0.182562905262011
1.47817269214887,0.182583034915514
1.47850409791808,0.182603171976009
1.47883550662282,0.182623316588313
1.47916691668477,0.182643468662894
1.47949832965469,0.182663628300101
1.47982974399758,0.182683795412831
1.48016116041828,0.182703970049944
1.48049257869083,0.182724152203967
1.48082399921772,0.182744341905618
1.48115542162845,0.182764539138558
1.48148684678614,0.182784743961629
1.48181827364663,0.182804956317432
1.48214970277473,0.182825176246504
1.48248113430759,0.182845403763566
1.48281256808378,0.182865638865022
1.48314400428789,0.182885881568379
1.4834754432917,0.182906131902685
1.48380688447759,0.182926389836473
1.48413832788498,0.18294665537831
1.4844697750483,0.182966928628495
1.4848012244627,0.182987209501406
1.48513267666371,0.183007498035893
1.48546413084432,0.183027794188867
1.48579558794407,0.183048098024141
1.48612704790003,0.18306840954437
1.48645851089643,0.183088728767199
1.4867899761976,0.183109055653822
1.48712144406047,0.183129390226229
1.48745291529749,0.183149732540771
1.48778438982015,0.183170082598545
1.48811586685233,0.183190440358172
1.48844734697839,0.18321080586184
1.48877883030115,0.183231179122392
1.4891103172299,0.183251560171466
1.48944180707827,0.18327194897328
1.48977330081534,0.183292345593848
1.4901047973705,0.183312749973793
1.49043629698531,0.183333162134253
1.49076779991877,0.183353582097702
1.4910993064886,0.183374009890271
1.49143081639493,0.183394445499982
1.49176232980554,0.183414888943618
1.49209384730592,0.183435340263881
1.4924253679034,0.18345579940603
1.49275689239672,0.183476266425765
1.49308842009274,0.183496741286882
1.49341995170795,0.183517224040113
1.49375148688491,0.183537714670005
1.49408302563492,0.183558213183736
1.4944145692242,0.183578719666301
1.49474611586182,0.183599234013531
1.49507766629495,0.183619756277959
1.49540922027643,0.183640286450969
1.49574077888238,0.183660824605881
1.49607234122122,0.183681370694171
1.49640390777496,0.183701924752197
1.49673547876652,0.183722486800511
1.49706705388641,0.18374305682656
1.49739863269607,0.183763634809656
1.4977302157187,0.183784220788885
1.49806180266461,0.183804814752984
1.49839339453024,0.183825416770574
1.49872499013194,0.183846026774837
1.49905658997863,0.183866644803904
1.4993881942392,0.183887270875079
1.49971980345942,0.183907905029118
1.50005141674639,0.183928547217166
1.50038303490344,0.183949197495862
1.50071465742829,0.183969855840752
1.50104628478611,0.183990522287511
1.50137791688821,0.18401119683744
1.50170955355463,0.184031879486039
1.50204119454866,0.18405257022524
1.50237284080105,0.184073269119954
1.50270449136501,0.184093976117949
1.50303614684977,0.184114691263936
1.50336780765378,0.184135414589773
1.50369947295874,0.184156146051127
1.50403114251882,0.184176885639248
1.50436281715357,0.184197633412249
1.50469449722,0.184218389399521
1.50502618263605,0.184239153602845
1.50535787268969,0.184259925984389
1.50568956826969,0.184280706606638
1.50602126809473,0.184301495396214
1.50635297374599,0.184322292459036
1.50668468464401,0.184343097765916
1.50701640102958,0.184363911338785
1.5073481227571,0.184384733175444
1.50767984932171,0.184405563251032
1.50801158141445,0.184426401615853
1.50834331972924,0.184447248320676
1.50867506308257,0.184468103298083
1.50900681119131,0.184488966536948
1.50933856590904,0.184509838160982
1.5096703253284,0.184530718057318
1.51000209101183,0.18455160633109
1.51033386213843,0.184572502937822
1.51066563879172,0.184593407889632
1.5109974211866,0.184614321207116
1.51132920921796,0.184635242890709
1.51166100269691,0.184656172935492
1.51199280250275,0.184677111404048
1.51232460783522,0.184698058253013
1.51265641919017,0.184719013520653
1.51298823687724,0.184739977233738
1.51332006063553,0.184760949382906
1.51365189040306,0.184781929971276
1.51398372564814,0.18480291897225
1.51431556711341,0.184823916439899
1.51464741499971,0.184844922394241
1.514979268844,0.184865936813091
1.5153111284213,0.184886959689212
1.51564299474308,0.18490799109391
1.51597486709125,0.184929030988966
1.51630674604215,0.184950079418018
1.51663863088094,0.184971136342932
1.51697052246059,0.184992201824981
1.51730242012144,0.185013275829591
1.51763432410454,0.185034358379172
1.51796623442686,0.185055449482072
1.51829815158108,0.185076549176896
1.51863007493688,0.18509765743084
1.51896200528663,0.185118774301513
1.51929394187526,0.185139899748204
1.51962588527976,0.185161033814824
1.51995783557348,0.185182176513451
1.52028979266824,0.185203327845771
1.52062175651533,0.185224487815959
1.52095372676048,0.185245656408681
1.52128570392115,0.185266833664248
1.52161768793538,0.185288019586143
1.52194967854835,0.1853092141654
1.52228167601655,0.185330417425718
1.5226136806674,0.185351629395463
1.52294569204919,0.185372850053157
1.52327771062853,0.185394079435965
1.52360973563014,0.185415317501695
1.52394176813282,0.185436564326727
1.52427380838295,0.185457819934501
1.52460585579756,0.185479084295107
1.52493791014722,0.18550035740112
1.52526997122629,0.185521639246724
1.52560203964608,0.185542929878584
1.52593411550775,0.185564229310798
1.52626619866009,0.185585537541145
1.52659828950144,0.185606854602682
1.52693038737444,0.185628180460704
1.5272624928679,0.185649515160454
1.52759460552743,0.185670858680322
1.52792672591393,0.185692211063851
1.52825885469318,0.185713572361597
1.52859099010328,0.185734942467698
1.52892313381508,0.185756321497049
1.52925528429237,0.185777709358486
1.52958744281972,0.185799106142146
1.52991960877101,0.18582051181547
1.53025178348799,0.185841926472575
1.53058396450261,0.185863349961911
1.53091615401443,0.185884782432702
1.53124835119182,0.18590622383928
1.53158055624395,0.18592767420264
1.53191276866316,0.185949133497612
1.53224498919594,0.185970601780058
1.5325772178112,0.185992079055793
1.53290945500578,0.186013565364679
1.5332416995571,0.186035060635276
1.53357395288516,0.186056564967073
1.53390621370428,0.186078078284702
1.53423848260228,0.186099600633748
1.53457075998571,0.186121132048446
1.5349030453978,0.186142672506979
1.53523533904364,0.186164222030318
1.53556764092547,0.186185780626409
1.53589995111561,0.18620734830773
1.5362322692233,0.18622892505666
1.5365645954112,0.186250510891485
1.53689693033241,0.186272105862546
1.53722927408397,0.186293709984129
1.53756162644433,0.186315323249651
1.53789398625083,0.18633694559112
1.53822635593623,0.18635857717472
1.53855873284607,0.18638021783573
1.53889111840493,0.186401867674375
1.53922351268113,0.18642352670329
1.53955591552458,0.186445194920594
1.53988832713636,0.186466872347279
1.54022074775548,0.186488559006917
1.54055317663328,0.186510254858533
1.54088561520461,0.186531960003732
1.54121806186867,0.186553674346043
1.54155051744183,0.186575397946497
1.54188298205081,0.186597130821531
1.5422154551011,0.186618872940215
1.54254793681755,0.186640624325126
1.54288042737095,0.186662384995499
1.5432129272951,0.186684154994392
1.54354543598088,0.186705934289977
1.54387795436572,0.186727722951673
1.54421048130989,0.186749520912885
1.54454301794854,0.186771328255979
1.54487556345005,0.186793144934618
1.54520811844146,0.186814970997919
1.54554068205775,0.186836806397213
1.54587325488236,0.186858651178787
1.54620583716233,0.186880505367136
1.54653842935089,0.186902369000292
1.54687102969715,0.186924241971138
1.54720363965946,0.186946124383513
1.54753625946175,0.186968016260659
1.54786888853761,0.186989917573444
1.54820152714087,0.187011828346655
1.54853417486845,0.187033748561918
1.5488668316918,0.187055678225443
1.54919949857108,0.187077617408858
1.54953217485668,0.18709956607767
1.54986486091376,0.187121524264101
1.55019755675847,0.187143491977536
1.55053026207015,0.187165469205008
1.55086297759531,0.187187456004126
1.55119570219018,0.187209452307588
1.5515284358418,0.187231458122552
1.55186117937763,0.187253473512135
1.55219393287489,0.18727549848996
1.55252669641296,0.187297533069628
1.55285947065608,0.187319577303559
1.55319225486234,0.187341631151003
1.55352504799216,0.187363694551091
1.55385785106879,0.187385767579913
1.55419066419014,0.187407850252594
1.55452348707734,0.187429942559008
1.55485632039074,0.187452044551407
1.55518916279375,0.187474156149396
1.55552201623369,0.187496277490723
1.55585487939109,0.187518408496382
1.55618775360327,0.187540549263626
1.55652063786664,0.187562699734315
1.55685353220893,0.187584859918537
1.55718643700192,0.18760702984957
1.55751935110145,0.187629209459634
1.55785227551956,0.187651398824529
1.55818521057073,0.187673597973999
1.55851815577763,0.187695806884754
1.55885111155535,0.187718025592957
1.55918407860587,0.187740254154196
1.55951705568753,0.187762492494127
1.55985004264259,0.187784740610462
1.56018304017052,0.187806998558568
1.56051604790454,0.187829266322634
1.56084906707872,0.187851543993888
1.56118209617006,0.187873831479128
1.56151513628909,0.187896128861102
1.56184818664163,0.18791843609541
1.56218124802117,0.187940753243786
1.56251432015308,0.187963080296633
1.56284740254212,0.187985417229294
1.56318049615815,0.188007764115511
1.56351360050298,0.188030120930719
1.5638467152985,0.188052487664805
1.56417984073778,0.188074864339405
1.56451297733766,0.188097250998086
1.5648461251894,0.188119647655868
1.56517928328464,0.188142054253593
1.56551245261904,0.188164470866885
1.56584563280417,0.188186897478564
1.56617882434269,0.18820933413125
1.56651202691165,0.188231780812067
1.5668452405627,0.188254237533245
1.56717846474972,0.188276704266729
1.56751170049633,0.188299181090391
1.56784494671582,0.188321667939871
1.56817820386572,0.188344164854705
1.56851147300638,0.188366671915607
1.56884475366406,0.188389189099667
1.56917804455451,0.18841171632871
1.5695113479578,0.188434253765774
1.56984466302889,0.188456801363077
1.57017798869538,0.188479359056667
1.57051132661139,0.18850192696741
1.57084467481253,0.188524504971385
1.57117803483112,0.188547093181112
1.57151140603526,0.188569691563029
1.57184478851836,0.188592300132339
1.57217818201302,0.188614918879882
1.57251158832201,0.188637547937192
1.5728450051819,0.188660187159782
1.57317843356868,0.188682836622554
1.57351187510751,0.188705496445433
1.57384532730213,0.188728166467895
1.57417879106574,0.188750846760629
1.5745122666064,0.188773537347116
1.57484575368014,0.188796238219896
1.57517925275517,0.18881894941997
1.57551276315941,0.188841670910712
1.5758462855664,0.18886440274709
1.57617981972822,0.188887144921484
1.57651336586534,0.188909897458075
1.57684692381225,0.188932660354777
1.57718049359563,0.188955433622566
1.57751407555052,0.188978217293579
1.57784766913594,0.189001011340091
1.57818127465303,0.189023815791815
1.57851489303624,0.18904663072209
1.57884852226902,0.189069456002198
1.5791821644519,0.189092291784935
1.5795158186968,0.189115138019178
1.57984948448317,0.189137994678298
1.58018316270869,0.189160861833083
1.58051685339842,0.189183739494806
1.58085055598498,0.189206627633827
1.58118427094129,0.189229526291856
1.58151799810045,0.189252435466888
1.58185173778886,0.189275355190718
1.58218548972629,0.189298285453524
1.58251925418744,0.189321226283552
1.58285303107866,0.189344177683833
1.5831868200599,0.189367139640334
1.58352062146568,0.18939011218547
1.58385443545431,0.189413095339695
1.58418826135053,0.189436089065918
1.58452209910765,0.189459093370209
1.58485595032678,0.189482108372609
1.58518981442671,0.189505134042879
1.58552369090973,0.189528170355991
1.58585757943122,0.189551217297495
1.58619148093792,0.189574274942336
1.58652539477678,0.189597343255109
1.58685932146301,0.189620422280895
1.58719326099496,0.189643512029281
1.58752721269069,0.189666612462601
1.58786117781016,0.189689723677636
1.58819515626797,0.189712845678402
1.58852914669851,0.189735978379767
1.58886315036696,0.189759121878843
1.58919716717811,0.189782276178998
1.58953119680566,0.189805441267231
1.58986523938472,0.189828617162532
1.59019929404579,0.189851803814169
1.59053336211692,0.189875001324019
1.59086744237446,0.189898209616975
1.59120153621195,0.189921428799495
1.59153564321244,0.189944658852633
1.59186976303501,0.189967899762296
1.59220389586513,0.18999115155109
1.59253804198675,0.190014414248651
1.59287220066536,0.190037687813607
1.59320637236517,0.190060972287983
1.59354055812916,0.190084267754559
1.59387475707274,0.190107574161655
1.5942089691762,0.190130891517532
1.59454319433892,0.190154219825003
1.5948774329547,0.190177559121482
1.59521168467797,0.190200909392786
1.5955459489251,0.190224270607871
1.59588022757137,0.190247642907863
1.59621451900168,0.190271026190008
1.59654882470696,0.190294420568376
1.596883143285,0.190317825954958
1.59721747586408,0.190341242438553
1.59755182118187,0.190364669940823
1.59788618008721,0.190388108531066
1.59822055281915,0.190411558236315
1.59855493943601,0.190435019070781
1.59888933911727,0.190458490986829
1.59922375239703,0.190481974031877
1.59955818012526,0.19050546827596
1.59989262047174,0.190528973600535
1.60022707462427,0.190552490098892
1.60056154330133,0.190576017832087
1.60089602534626,0.190599556728913
1.60123052061725,0.190623106789205
1.60156502978445,0.190646668070361
1.60189955272668,0.190670240574177
1.60223408917406,0.190693824291754
1.60256864032449,0.190717419317856
1.60290320439786,0.19074102553718
1.60323778285133,0.190764643062535
1.60357237534482,0.190788271880478
1.60390698114807,0.190811911949499
1.60424160143709,0.190835563362943
1.60457623514289,0.190859226055669
1.60491088380543,0.19088290014685
1.60524554587557,0.190906585537357
1.60558022181886,0.19093028227014
1.6056365303534,0.19093426404984
1.60563653035342,0.190934264049842
1.60597122112704,0.19096100791694
1.60642340723707,0.191006863078441
1.60687934771696,0.191063670245525
1.60734111186,0.191131263472096
1.60780874588583,0.191209338610667
1.6082823503752,0.19129761043718
1.60876202468987,0.191395803858216
1.60924786557206,0.191503653123065
1.60973996602852,0.191620901217193
1.61023841518093,0.191747299474819
1.61074329682089,0.191882606880189
1.6112546886314,0.192026589495318
1.61177266251951,0.192179020224934
1.61229728111119,0.192339677465627
1.6128285992981,0.192508345201682
1.61336666065875,0.192684811566378
1.61391149832988,0.192868868765261
1.61446313300556,0.193060312112277
1.61502157196744,0.193258939382963
1.615586806859,0.193464549716774
1.61615881451229,0.193676943618923
1.61673755456413,0.193895921829865
1.617322969951,0.194121285255236
1.61791498400663,0.194352833619418
1.61851350315716,0.194590366286502
1.61911841375274,0.194833680832471
1.61972958453277,0.195082573835764
1.6203468652975,0.195336840190683
1.62097008839054,0.195596273555848
1.62159906995128,0.195860666746456
1.6222336113741,0.19612981223039
1.6228734996301,0.196403502145152
1.62351851108182,0.196681529808608
1.62416841125252,0.196963689514314
1.62482295884783,0.197249778146196
1.62548190803067,0.197539596065172
1.62614501038108,0.197832947846667
1.62681201639252,0.198129642799281
1.62748267798583,0.198429495924609
1.62815675221427,0.198732329419545
1.62883400078939,0.199037972300567
1.62951419274658,0.199346261412098
1.63019710622783,0.199657042050276
1.63088252818332,0.199970167629322
1.63157025703955,0.200285500692792
1.63226010139145,0.200602912113543
1.63295188196782,0.200922281783211
1.63364543087084,0.201243498061461
1.63434059155338,0.201566457556885
1.63503721980211,0.201891065387667
1.63573518114017,0.202217233780019
1.63643435278559,0.202544882789812
1.63713462204325,0.202873939382896
1.63783588519029,0.20320433673659
1.63853804814394,0.203536014394132
1.63924102590488,0.20386891786165
1.63994474027512,0.204202997386266
1.64064912117608,0.204538208447282
1.6413541052556,0.204874510983064
1.64205963440851,0.20521186856914
1.64276565736987,0.205550249078113
1.64347212800584,0.205889623778535
1.64417900496482,0.20622996707869
1.64488625011944,0.20657125569589
1.64559383017035,0.206913469357951
1.64630171485393,0.207256589880838
1.64700987813325,0.207600601686369
1.64771829563522,0.207945490508369
1.64842694529361,0.208291243647006
1.64913580883317,0.208637850659199
1.64984486910185,0.208985302022114
1.65055411139791,0.209333589740104
1.65126352209048,0.209682706640777
1.65197308922085,0.210032646638369
1.65268280230101,0.210383404613212
1.65339265204181,0.210734976255162
1.65410263041756,0.21108735807564
1.65481273025762,0.211440547187495
1.65552294510372,0.211794541215964
1.65623326957462,0.212149338466685
1.65694369736259,0.212504936908317
1.65765422576057,0.212861336428015
1.65836485054848,0.213218536271644
1.65907556834695,0.213576536195318
1.65978637632592,0.213935336320344
1.66049727202806,0.214294937036498
1.661208253459,0.214655339040772
1.6619193183023,0.215016542931724
1.66263046616072,0.215378550344952
1.66334169480549,0.215741362043018
1.66405300394412,0.216104979821209
1.66476439278123,0.216469405272296
1.66547586065741,0.216834640099626
1.66618740672992,0.217200685951054
1.66689903084108,0.217567544863582
1.66761073269406,0.217935218839672
1.66832251277018,0.218303710317855
1.66903437046088,0.218673021203836
1.66974630650997,0.21904315413112
1.67045832081738,0.219414111326326
1.67117041311436,0.219785894948203
1.67188258469815,0.220158508000268
1.67259483555413,0.220531952828826
1.67330716634962,0.220906232155309
1.67401957709676,0.221281348379295
1.67473206889639,0.2216573044938
1.67544464249319,0.222034103329759
1.67615729809468,0.222411747450712
1.67687003660901,0.222790239808856
1.67758285870061,0.223169583248795
1.67829576465643,0.223549780429892
1.67900875578996,0.223930834577406
1.67972183244007,0.22431274841658
1.68043499545304,0.22469552495774
1.68114824620184,0.225079167515658
1.68186158516367,0.225463678941757
1.68257501295509,0.225849062174373
1.68328853077304,0.226235320483985
1.68400213869806,0.226622456553145
1.68471583805967,0.227010473755205
1.68542963004304,0.227399375408747
1.68614351521928,0.227789164512772
1.68685749536365,0.228179844740801
1.68757157001625,0.228571418559869
1.68828574060203,0.228963889478434
1.68900000905969,0.229357261316823
1.68971437497318,0.22975153661277
1.69042883960351,0.230146718835769
1.69114340392845,0.230542811323073
1.69185806925904,0.230939817614168
1.69257283598554,0.231337740752991
1.6932877058337,0.231736584542456
1.69400267889168,0.23213635189146
1.6947177563554,0.232537046338273
1.69543293975013,0.232938671630269
1.69614822984101,0.233341231106354
1.69686362760516,0.233744728238078
1.69757913411608,0.234149166569847
1.69829475014761,0.234554549493716
1.69901047630174,0.234960880318659
1.69972631447916,0.235368163111514
1.70044226556191,0.235776401383595
1.70115832977041,0.236185598278429
1.70187450887695,0.236595757843712
1.7025908043129,0.23700688395983
1.70330721580097,0.237418979537739
1.70402374509289,0.23783204866772
1.70474039327696,0.238246095086509
1.70545716107252,0.238661122332139
1.70617405002708,0.239077134440892
1.70689106082144,0.239494134967595
1.70760819421514,0.239912127526157
1.70832545151146,0.240331116067664
1.70904283448396,0.240751104843477
1.70976034394558,0.24117209756364
1.71047798040125,0.241594097769315
1.7111957454939,0.242017109690953
1.71191363956648,0.242441136815452
1.71263166432372,0.242866183450205
1.71334982088564,0.243292253583744
1.71406811044825,0.243719351267798
1.7147865337857,0.244147480322279
1.71550509157193,0.244576644523567
1.71622378547256,0.245006848262879
1.71694261661201,0.245438095634002
1.71766158592816,0.245870390636395
1.71838069498101,0.246303737665517
1.71909994439752,0.246738140576958
1.71981933566238,0.247173603762485
1.72053886974791,0.247610131329067
1.72125854754157,0.248047727350279
1.72197837049199,0.248486396263615
1.72269833983869,0.248926142404923
1.72341845658489,0.249366969986401
1.7241387217686,0.249808883261967
1.72485913699756,0.250251886859969
1.72557970316967,0.250695984997149
1.72630042107244,0.251141181839452
1.72702129213747,0.251587481974076
1.72774231748002,0.252034889819134
1.7284634986561,0.252483410090081
1.72918483665735,0.252933047176579
1.72990633254319,0.253383805530586
1.73062798770739,0.253835689838098
1.7313498030647,0.254288704509994
1.73207178091057,0.254742854850897
1.73279392138587,0.255198144837485
1.73351622606508,0.255654579364592
1.73423869596446,0.256112163005786
1.7349613325298,0.256570900630396
1.73568413683047,0.257030796895712
1.7364071103795,0.257491856766264
1.73713025439998,0.257954085049906
1.73785356991934,0.258417486452784
1.73857705818518,0.258882065846896
1.73930072035053,0.259347828070632
1.74002455814465,0.259814778361832
1.74074857284663,0.260282921698418
1.74147276553327,0.260752262951056
1.74219713740392,0.261222807095153
1.74292168972419,0.261694559177188
1.74364642412548,0.262167524511782
1.74437134187534,0.26264170820629
1.74509644393033,0.263117115188902
1.74582173212972,0.263593750995542
1.74654720714774,0.264071620427172
1.74727287071408,0.264550729004092
1.74799872436649,0.265031082156203
1.74872476910248,0.265512684982823
1.74945100638814,0.265995542920758
1.75017743728583,0.266479661169363
1.75090406374174,0.266965045547913
1.75163088626389,0.267451700946252
1.75235790724576,0.267939633543955
1.75308512704086,0.268428848188229
1.75381254817776,0.268919351214592
1.75454017132665,0.269411147746004
1.75526799791239,0.26990424343632
1.75599602990304,0.270398644346264
1.75672426809237,0.270894355771953
1.75745271443554,0.271391383828017
1.75818136957146,0.271889733766369
1.75891023555906,0.272389411838431
1.75963931383388,0.272890423910308
1.7603686056895,0.273392775779941
1.76109811280396,0.273896473543876
1.76182783591292,0.274401522680503
1.76255777729902,0.274907929771706
1.76328793826518,0.275415700763414
1.76401831993729,0.275924841505769
1.76474892447683,0.276435358608095
1.76547975322888,0.276947258151019
1.76621080714451,0.277460545967021
1.76694208785663,0.277975228400927
1.76767359724994,0.278491312017835
1.76840533666827,0.279008803039375
1.76913730777708,0.279527707949002
1.76986951145261,0.280048032706156
1.77060195048597,0.280569784670755
1.7713346255743,0.281092969757282
1.77206753808174,0.281617594380279
1.7728006901991,0.282143665591766
1.7735340833746,0.282671189955645
1.77426771924186,0.283200174204374
1.77500159895951,0.283730624765957
1.77573572509083,0.284262549126318
1.77647009860871,0.284795953665673
1.77720472098713,0.285330845157766
1.77793959357747,0.285867230329111
1.77867471830377,0.286405116366995
1.77941009725766,0.286944510630238
1.78014573194723,0.287485420092968
1.78088162386786,0.288027851757598
1.78161777483167,0.288571812903512
1.78235418677836,0.289117310951873
1.78309086094712,0.289664352847417
1.78382779894696,0.290212945848167
1.78456500254867,0.290763097379937
1.78530247420249,0.291314815426867
1.78604021467066,0.291868106755265
1.78677822633792,0.292422979386098
1.78751651046404,0.292979440548931
1.78825506876712,0.293537497858066
1.78899390379863,0.294097159612481
1.78973301687774,0.294658433229403
1.79047240964121,0.295221326405771
1.79121208371933,0.295785846882583
1.79195204172112,0.296352003202244
1.79269228472504,0.296919802788667
1.79343281444187,0.297489253588949
1.7941736333932,0.2980603642323
1.79491474272887,0.298633142343765
1.79565614475059,0.299207596482964
1.79639784139754,0.299783734989039
1.79713983419983,0.300361565931669
1.79788212542306,0.300941098005222
1.79862471688549,0.301522339613299
1.79936761057585,0.302105299344537
1.80011080790188,0.302689985383788
1.80085431095233,0.303276406503088
1.80159812210675,0.303864571767313
1.80234224261403,0.304454489401659
1.80308667536685,0.305046168988453
1.80383142205973,0.30563961922553
1.80457648456674,0.306234849002491
1.80532186433391,0.306831866921928
1.80606756378193,0.30743068242522
1.80681358537427,0.308031305058263
1.80755993054795,0.308633743597922
1.80830660127994,0.309238007308569
1.8090535999951,0.309844105884253
1.80980092897189,0.310452048967814
1.8105485898936,0.31106184577698
1.81129658486064,0.311673505927624
1.81204491627775,0.31228703935317
1.81279358619375,0.31290245576213
1.8135425964802,0.313519764777791
1.81429194954707,0.31413897653284
1.81504164724277,0.314760100764435
1.81579169168693,0.315383147496708
1.81654208570319,0.316008127412655
1.81729283077732,0.316635050150683
1.81804392943011,0.317263926273847
1.81879538371297,0.317894766028383
1.81954719589819,0.318527579913487
1.82029936848888,0.319162378697206
1.82105190380406,0.319799173066883
1.82180480422225,0.320437973832305
1.82255807129808,0.321078791172594
1.82331170833557,0.32172163682924
1.82406571688007,0.322366521127641
1.82482009929902,0.32301345515826
1.8255748584499,0.323662450517685
1.82632999629122,0.324313518109069
1.82708551567554,0.324966669680557
1.82784141800828,0.325621915807958
1.82859770699709,0.326279269139895
1.82935438420421,0.326938740554048
1.83011145210035,0.327600341784289
1.83086891373172,0.328264085160394
1.83162677066549,0.328929981798617
1.83238502588466,0.329598044134055
1.83314368199026,0.330268284362609
1.83390274156232,0.330940714746042
1.83466220677162,0.331615347267198
1.83542208049745,0.332292194624618
1.83618236502712,0.332971269082343
1.83694306354806,0.333652583798013
1.83770417794045,0.334336150851533
1.83846571125347,0.335021983456229
1.83922766599556,0.335710094439846
1.83999004486683,0.336400496893407
1.84075285047385,0.337093203918803
1.84151608522049,0.337788228526548
1.84227975220246,0.338485584455003
1.84304385405963,0.339185285130038
1.84380839372205,0.339887344340276
1.844573373752,0.340591775637568
1.84533879701552,0.341298592952093
1.84610466627707,0.342007810224903
1.8468709840503,0.342719441265142
1.84763775379762,0.343433500870174
1.84840497834266,0.34415000335753
1.84917266015265,0.344868962810534
1.84994080258554,0.345590394254486
1.8507094077236,0.346314311627623
1.85147847945522,0.347040730676101
1.85224802047943,0.347769666149656
1.85301803368943,0.348501133084867
1.85378852182808,0.349235146488582
1.85455948843602,0.349971722246607
1.85533093600783,0.35071087536623
1.85610286816437,0.351452622047582
1.85687528712289,0.352196977265203
1.85764819703393,0.352943957973835
1.85842160042722,0.353693579698301
1.85919550061884,0.35444585883692
1.85996990065432,0.355200811656086
1.86074480421587,0.355958455172603
1.86152021451477,0.356718806078493
1.86229613400961,0.357481880447168
1.86307256687612,0.35824769617195
1.86384951625803,0.359016270278158
1.86462698498266,0.359787619600373
1.86540497703974,0.360561762264354
1.86618349489282,0.361338715019755
1.86696254279785,0.362118496537847
1.8677421237817,0.362901124415864
1.86852224148065,0.363686616997334
1.86930289929343,0.364474992536627
1.87008410047886,0.365266269290034
1.87086584921001,0.366060466593111
1.87164814846836,0.366857602726773
1.87243100213398,0.367657697031238
1.87321441432556,0.368460769258777
1.87399838791829,0.369266838040812
1.87478292629106,0.370075922668768
1.87556803361618,0.370888043420959
1.87635371376419,0.371703220437479
1.87713997054344,0.372521473957536
1.87792680789695,0.373342824528247
1.87871422875117,0.37416729179755
1.87950223777687,0.374994897406951
1.88029083903727,0.375825662554224
1.88108003594122,0.376659607914652
1.88186983257876,0.377496755054326
1.88266023246997,0.378337125117782
1.88345124025714,0.37918074062568
1.88424285982916,0.380027623491655
1.88503509498497,0.380877795710889
1.88582795009883,0.38173128008635
1.88662142934064,0.382588099400619
1.88741553702916,0.383448276792265
1.88821027687528,0.384311834935819
1.88900565379491,0.385178798014957
1.88980167136403,0.386049188962615
1.89059833428286,0.386923032136015
1.89139564702882,0.38780035186969
1.89219361357767,0.388681172152416
1.89299223877267,0.389565518142585
1.89379152658649,0.390453414256549
1.89459148212465,0.391344886385962
1.89539210980855,0.392239959895287
1.89619341391191,0.393138660200288
1.89699539954826,0.394041013890233
1.89779807092197,0.394947046769659
1.89860143264675,0.395856785329734
1.89940548964103,0.396770256651066
1.90021024656249,0.397687487763709
1.90101570860371,0.398608506554514
1.9018218806736,0.399533340842759
1.90262876765326,0.400462018665983
1.90343637408858,0.401394567927165
1.90424470518585,0.402331017549225
1.90505376595388,0.403271396497774
1.90586356160929,0.40421573424769
1.90667409767964,0.405164060915192
1.90748537816664,0.40611640509835
1.90829740961799,0.407072798657516
1.90911019681658,0.408033271684556
1.90992374503105,0.408997855113468
1.91073805951681,0.409966580156513
1.9115531456501,0.410939478465408
1.91236900934942,0.411916582646465
1.91318565602516,0.412897925009505
1.91400309087445,0.413883537907539
1.91482131991642,0.41487345499917
1.91564034852918,0.415867709493839
1.91646018294951,0.416866335965707
1.91728082905071,0.417869368887465
1.91810229194007,0.418876842117299
1.91892457815466,0.419888791601088
1.91974769329266,0.420905252487715
1.92057164412064,0.421926261716774
1.92139643616791,0.422951855058765
1.92222207536733,0.423982069127868
1.92304856786328,0.425016941169922
1.92387592046618,0.426056509646362
1.92470413928579,0.427100812524065
1.92553323030955,0.428149887985305
1.92636320055031,0.429203775902438
1.92719405684355,0.430262516337577
1.92802580500964,0.431326148452092
1.92885845213718,0.432394713427011
1.92969200476232,0.433468252163606
1.9305264701053,0.434546806865767
1.93136185403269,0.435630418413183
1.93219816478505,0.436719131197196
1.93303540876716,0.437812987688766
1.93387359332846,0.438912032023782
1.93471272476472,0.440016307413304
1.93555281110398,0.441125859807467
1.93639385971519,0.442240734784732
1.93723587766489,0.443360977993298
1.93807887250535,0.444486636211235
1.93892285157812,0.445617756435686
1.93976782289061,0.446754387064005
1.9406137938432,0.447896576197241
1.94146077267868,0.449044373594317
1.94230876722203,0.450197828991758
1.94315778506021,0.451356992333193
1.94400783413586,0.452521914590661
1.9448589231612,0.45369264836274
1.94571106048427,0.454869246332553
1.9465642540913,0.456051761255184
1.94741851242471,0.457240247100636
1.94827384385591,0.458434758343865
1.94913025741079,0.459635350989839
1.94998776118998,0.460842080370404
1.95084636470674,0.462055004433369
1.95170607655752,0.463274180493276
1.95256690557012,0.46449966683323
1.95342886102962,0.465731523058256
1.95429195272381,0.466969810188127
1.95515618932474,0.468214588335442
1.95602158066555,0.469465919977019
1.95688813629429,0.470723867912613
1.95775586546606,0.471988495239335
1.95862477865152,0.473259867574463
1.95949488512211,0.474538049551082
1.96036619571627,0.475823108871086
1.96123872010439,0.477115112320262
1.96211246889492,0.478414128864139
1.96298745239129,0.479720227845697
1.96386368056654,0.481033478936065
1.96474116511685,0.482353955246905
1.96561991636635,0.483681728716441
1.96649994496235,0.485016872629297
1.96738126235405,0.486359462394276
1.9682638796738,0.487709573870063
1.96914780823596,0.489067284126016
1.97003306003234,0.490432672237791
1.97091964652966,0.491805817456862
1.97180757937316,0.493186800294357
1.97269687084429,0.49457570327121
1.97358753283899,0.495972609349844
1.97447957817012,0.497377603989593
1.97537301850459,0.498790771926667
1.97626786724667,0.500212201736645
1.97716413678229,0.501641981524792
1.97806184043386,0.503080202026807
1.97896099109293,0.504526954469966
1.97986160194434,0.505982331738437
1.98076368699715,0.507446429280511
1.98166725979128,0.508919343044601
1.98257233447872,0.510401171247453
1.98347892465388,0.51189201249538
1.98438704514797,0.513391968754938
1.98529671028092,0.514901142526534
1.98620793475205,0.516419638319716
1.9871207338925,0.517947563128004
1.98803512255197,0.519485024597905
1.98895111583464,0.521032132271001
1.98986872982615,0.522588998871779
1.99078798034895,0.524155738249194
1.99170888334921,0.525732466042676
1.99263145514736,0.527319300153524
1.993555712041,0.52891636010267
1.99448167148987,0.530523769126026
1.99540934993452,0.53214165043936
1.99633876577928,0.533770132459479
1.99726993606574,0.535409343064764
1.99820287844508,0.537059413036584
1.99913761170738,0.538720477093735
2.00007415319367,0.540392669334661
2.00101252248441,0.542076129835559
2.00195273899486,0.543771000475751
2.00289482111756,0.545477423371603
2.00383878955306,0.54719554695904
2.00478466348661,0.548925519148813
2.00573246411725,0.550667493776212
2.00668221129426,0.552421624531851
2.0076339265756,0.554188070612312
2.00858763091723,0.5559669925509
2.00954334726523,0.557758557098431
2.0105010971252,0.559562930897217
2.01146090243109,0.561380283973408
2.012422786467,0.563210791603822
2.01338677235835,0.565054631549279
2.01435288453451,0.566911986911295
2.01532114643058,0.568783041804231
2.01629158310785,0.570667986455081
2.01726421983562,0.572567014601152
2.01823908102063,0.574480321428295
2.01921619291158,0.576408108946023
2.020195050733,0.578349521425706
2.02117542097659,0.580304219160704
2.02215731389706,0.582272350939558
2.02314074114429,0.584254076251121
2.02412571705115,0.586249563360651
2.02511225566185,0.588258982670313
2.0261003722093,0.590282509627317
2.02709008197653,0.592320322485223
2.0280814002733,0.594372602294445
2.02907434231898,0.596439532715138
2.0300689241015,0.59852130188262
2.03106516103568,0.600618099686759
2.03206306914408,0.602730120297249
2.03306266456909,0.604857561239456
2.03406396368655,0.607000623707659
2.03506698379168,0.609159514137387
2.03607174054218,0.611334438770292
2.03707825180057,0.613525612004953
2.03808653446333,0.615733249684549
2.03909660586155,0.617957572166862
2.04010848454047,0.62019880619137
2.0411221879795,0.622457179939799
2.04213773392336,0.624732926012074
2.04315514155932,0.627026284224437
2.04417442973166,0.629337497742128
2.04519561681536,0.631666812823834
2.04621872261572,0.634014483268322
2.04724376662135,0.636380766584455
2.04827076920024,0.638765926836751
2.04929975014287,0.6411702314004
2.05033073008625,0.643593954371646
2.05136372974961,0.646037374942184
2.05239877031057,0.648500778407378
2.05343587407378,0.650984457936033
2.05447506192375,0.653488708604309
2.05551635649937,0.656013835116633
2.05655978020632,0.658560147240893
2.05760535626511,0.661127962481791
2.05865310849068,0.663717605749744
2.05970305952742,0.666329405122635
2.06075523469618,0.668963701563857
2.06180965754817,0.67162083807928
2.06286635347246,0.674301168861243
2.06392534792245,0.677005055106731
2.06498666659256,0.679732865617446
2.06605033600113,0.6824849785119
2.06711638325988,0.685261780883261
2.06818483523699,0.688063666821224
2.06925571997493,0.690891041334389
2.07032906514932,0.693744316554968
2.07140490002429,0.696623917153874
2.07248325358203,0.699530275659795
2.07356415591155,0.702463836414676
2.07464763730258,0.705425053437713
2.07573372941028,0.708414393895705
2.07682246343528,0.711432333422476
2.07791387201073,0.714479361599773
2.07900798699341,0.717555976144027
2.08010484274329,0.720662692417548
2.08120447298475,0.72380003501692
2.08230691240465,0.726968542567732
2.08341219705397,0.730168769334828
2.08452036290903,0.733401281472863
2.08563144709423,0.736666660940068
2.08674548734796,0.739965504401491
2.08786252243539,0.743298424889765
2.08898259158219,0.746666050588695
2.09010573522252,0.750069027547449
2.09123199427021,0.75350801800097
2.09236141082496,0.756983703023845
2.09349402717495,0.760496780009618
2.09462988844695,0.76404797148065
2.09576903850823,0.767638012963292
2.09691152366445,0.771267665075083
2.09805739057936,0.774937707718598
2.09920668718303,0.778648943585353
2.10035946290105,0.78240219965671
2.10151576794016,0.786198325639258
2.10267565332634,0.79003819479674
2.10383917207284,0.793922708635868
2.10500637813499,0.797852794340562
2.10617732666874,0.801829406472111
2.1073520744204,0.805853529227097
2.10853067982576,0.809926177797429
2.10971320217185,0.814048396487754
2.11089970238936,0.818221262474681
2.11209024272161,0.822445885776892
2.11328488781493,0.826723414315342
2.1144837036243,0.831055031309759
2.11568675793024,0.835441958382983
2.11689411987372,0.839885455213214
2.11810586094483,0.844386824572267
2.11932205528454,0.84894741507
2.12054277758957,0.853568614867502
2.12176810549877,0.858251862209055
2.12299811936389,0.862998646483096
2.12423290080621,0.86781050448783
2.12547253430765,0.872689028448297
2.12671710701968,0.877635867422605
2.12796670884729,0.882652729835129
2.12922143133337,0.887741381224085
2.13048137019813,0.892903656886455
2.13174662414311,0.898141459776873
2.13301729309194,0.903456755757377
2.13429348243837,0.908851594090141
2.13557529961966,0.914328096295373
2.13686285614022,0.91988846777369
2.13815626706146,0.925534999110647
2.13945565078609,0.931270068662624
2.14076113163792,0.937096157841125
2.1420728360256,0.943015838230199
2.14339089579822,0.949031790686549
2.14471544794506,0.955146808846331
2.14604663362616,0.961363799550849
2.14738459970375,0.96768579510063
2.14872949749737,0.97411595296278
2.15008148569329,0.980657575559063
2.15144072822329,0.987314106636697
2.15280739441285,0.994089138455058
2.15418166185082,1.0009864332119
2.15556371500657,1.00800992422105
2.15695374539204,1.01516372491765
2.15835195309031,1.02245214560706
2.15975854643773,1.02987970153992
2.16117374147356,1.03745112010805
2.16259776640744,1.04517137584158
2.16403085719243,1.05304567881654
2.16547326181573,1.06107951059202
2.16692523968107,1.06927863510625
2.16838706245745,1.07764911851565
2.16985901358374,1.08619734251698
2.17134139235912,1.09493004567366
2.17283451145883,1.10385432839366
2.17433870294339,1.11297770970499
2.17585431101491,1.1223081064621
2.17738170300457,1.13185392476049
2.17892126353367,1.14162405186784
2.18047340056154,1.15162792358847
2.18203854578267,1.161875560212
2.18361715498837,1.17237760467203
2.18520971285415,1.18314539368439
2.18681673545816,1.19419101927196
2.18843876896459,1.20552736813441
2.19007640012541,1.21716824846481
2.19173025297459,1.22912842791342
2.19340099697916,1.2414237586457
2.19508935124807,1.25407128440275
2.19679609017414,1.26708936803769
2.19852204866764,1.28049782756947
2.20026813144102,1.2943181172186
2.20203532173353,1.30857352163172
2.20382469407267,1.32328940276143
2.20563742252391,1.33849343382333
2.2074748005691,1.35421595736695
2.20933825867006,1.37049036203504
2.21122939000992,1.38735357419385
2.21314997784014,1.40484662046219
2.21510203672971,1.42301538656372
2.21708785866105,1.44191151512095
2.21911007961172,1.46159361701604
2.22117176462986,1.48212882645383
2.22327652322389,1.50359487778258
2.22542868062802,1.5260830633821
2.2276335076595,1.54970225796537
2.22989758330547,1.57458503102725
2.2322293480981,1.6008969130835
2.2343851748636,1.6258564560693
2.23438517486362,1.62585645606964
2.23484128849293,1.63112422757409
2.23529740212223,1.63626932247701
2.23576118687672,1.64137928060637
2.23622850293681,1.64640825289633
2.23669942452472,1.65135840915176
2.23717398658172,1.65623147357142
2.23765222493428,1.66102916041062
2.23813417646758,1.66575317337486
2.2386198793958,1.67040520740412
2.23910937318955,1.67498694728968
2.2396026988959,1.67950007005028
2.24009989808107,1.68394623479994
2.24060101446466,1.68832709720915
2.24110609287055,1.69264429939267
2.24161517949763,1.6968994719876
2.242128322157,1.70109423569577
2.24264557002867,1.70523019881994
2.24316697384437,1.70930895840479
2.24369258638626,1.71333210362894
2.24422246172724,1.71730120943612
2.24475665574052,1.72121784016565
2.24529522611574,1.72508354924164
2.24583823252948,1.72889987997573
2.24638573643032,1.73266836365173
2.24693780153404,1.73639052258855
2.24749449339891,1.74006786683203
2.24805587968883,1.74370189565593
2.24862203049582,1.74729409927864
2.2491930183432,1.75084595842912
2.24976891814725,1.75435894372467
2.25034980736109,1.75783451621796
2.25093576608676,1.76127412771972
2.25152687716232,1.7646792209648
2.25212322658395,1.76805123166294
2.25272490336314,1.77139158724535
2.25333200013925,1.77470170985319
2.253944611583,1.77798300731123
2.25456283750829,1.78123688963375
2.25518678092973,1.7844647579706
2.25581654843503,1.78766800635417
2.25645225157987,1.79084802839495
2.25709400554669,1.79400621001373
2.25774193065795,1.79714393661508
2.25839615246244,1.80026259289549
2.25905680121229,1.80336355987282
2.2597240130403,1.80644822003572
2.26039793070734,1.8095179601549
2.26107870245439,1.81257416545748
2.26176648408865,1.81561822856627
2.26246143851667,1.81865154670412
2.26316373677664,1.82167552560089
2.2638735582584,1.82469157973952
2.26459109167215,1.82770113578112
2.26531653615896,1.83070563640343
2.26605010092564,1.83370653794696
2.26679200772824,1.8367053197728
2.26754249087194,1.83970348321321
2.26830179896679,1.84270255760014
2.26907019566152,1.84570410205117
2.26984796236668,1.84870971492245
2.27063539828146,1.85172103255968
2.27143282465762,1.85473974424382
2.27224058580086,1.85776759426926
2.27305905219558,1.86080639193939
2.2738886230338,1.86385801904445
2.27472973117985,1.86692444601769
2.27558284762624,1.87000774569223
2.27644848574673,1.87311010593739
2.27732720905491,1.87623385443231
2.27821963821454,1.87938148003298
2.27912646037045,1.88255566169308
2.28004844256196,1.88575931075994
2.2809864452751,1.88899561254238
2.28194144119946,1.89226808463196
2.28291453870822,1.8955806497604
2.28390701580657,1.89893774215707
2.28492035993676,1.90234443081024
2.28595632378455,1.90580659311616
2.28598705046349,1.90590884447603
2.28601777714244,1.90601079418573
2.28605860050202,1.90614598432822
2.28626271729994,1.90681844223462
2.28689772300347,1.90887496278356
2.28753338148459,1.91088109589212
2.28817533858859,1.91285415585244
2.28882388406104,1.9147954998586
2.28947920384415,1.91670640387907
2.29014145989682,1.91858809163268
2.29081081500837,1.92044176930054
2.29148743900472,1.92226863558788
2.29217150945591,1.92406988162853
2.29286321300336,1.92584669354576
2.29356274546071,1.92760025185676
2.29427031465632,1.92933173768368
2.29498613839944,1.93104232665295
2.29571044722951,1.93273319471659
2.2964434860956,1.93440552087462
2.29718551409204,1.9360604853186
2.29793680678963,1.93769927349796
2.29869765822463,1.93932307905338
2.29946838273015,1.94093310616211
2.30024931653128,1.94253057123205
2.30104082094498,1.94411670771043
2.30184328565187,1.945692770622
2.30265713199478,1.94726004080298
2.30348281661641,1.94881982948173
2.30432083710722,1.95037348626984
2.30517173837171,1.95192240784922
2.30603611914798,1.95346804630879
2.30691464150074,1.95501192214966
2.30780804141323,1.95655563828298
2.30871714206229,1.95810089766495
2.30964287047256,1.95964952544234
2.31058628150058,1.96120350174236
2.31154858380005,1.96276499557435
2.31253117769838,1.96433641573687
2.31353570721046,1.96592048092389
2.31456412661745,1.96752030831733
2.31561880258786,1.96913955162087
2.31670265441739,1.97078258899075
2.31781937574559,1.97245482249554
2.31897378510441,1.9741631518064
2.32017241813922,1.97591677600233
2.32142461876755,1.97772867510505
2.3227447716669,1.9796186491805
2.32415765461826,1.98162062502661
2.32571512515534,1.98380550628959
2.3275876493698,1.98640695349297
2.32923255241129,1.98867014797929
2.33087745545278,1.99090939191573
2.33234108784022,1.99288414274385
2.33371867532843,1.99472750621749
2.33503863849948,1.99648190095681
2.33632162098366,1.99817748886013
2.33757828379548,1.99983016972513
2.33881502509032,2.0014496223035
2.34003596634788,2.00304219181777
2.34124398636225,2.00461238349925
2.34244121699373,2.00616358422903
2.34362930581393,2.00769844704487
2.3448095618769,2.00921910691438
2.34598305219636,2.01072732337983
2.34715065943835,2.01222456766749
2.34831312404825,2.01371208624482
2.34947107523474,2.01519094774405
2.35062505201745,2.01666207551617
2.35177551902781,2.01812627228236
2.35292288247632,2.01958424411936
2.35406749682386,2.02103661193969
2.35520967274596,2.02248392407016
2.35634968755094,2.02392667156341
2.3574877856883,2.02536529061893
2.35862418582523,2.02680017302233
2.35975908271958,2.02823166982392
2.36089265240362,2.02966009900441
2.36202505154226,2.03108574564979
2.36315642261086,2.03250886932187
2.36428689362891,2.0339297044927
2.36541658087602,2.03534846461765
2.36654558967367,2.03676534371565
2.36767401633797,2.03818051934742
2.36880194675195,2.03959415129082
2.36992946119916,2.04100638802095
2.37105663129422,2.04241736325781
2.37218352380149,2.043827201073
2.37331019896787,2.04523601412464
2.37443671177667,2.04664390548986
2.37556311327381,2.04805097058358
2.37668944961885,2.0494572962033
2.37781576334038,2.05086296229745
2.37894209354153,2.05226804241754
2.380068476479,2.05367260461387
2.38119494490638,2.0550767107718
2.38232152943912,2.05648041845437
2.38344825754426,2.05788377977854
2.38457515525794,2.05928684367252
2.38570224633007,2.06068965492894
2.38682955317535,2.06209225548528
2.38795709509838,2.06349468230478
2.38908489057046,2.0648969702877
2.39021295661668,2.06629915160302
2.39134131000506,2.06770125723928
2.39246996327602,2.06910331212522
2.39359893139753,2.07050534345471
2.3947282270293,2.07190737489574
2.39585786077332,2.07330942691368
2.39698784397656,2.07471152030897
2.39811818599465,2.0761136728782
2.39924889488594,2.07751590029492
2.40037998048117,2.07891821997375
2.40151145004065,2.08032064572733
2.4026433105226,2.08172319058133
2.4037755683801,2.08312586656855
2.40490822977209,2.08452868501886
2.4060413004759,2.08593165647705
2.40717478617989,2.08733479108859
2.40830869037521,2.08873809600236
2.40944301816019,2.09014158009844
2.41057777509129,2.09154525261424
2.41171296394852,2.09294911913435
2.4128485865693,2.09435318385013
2.4139846483701,2.09575745520504
2.41512115141528,2.09716193735024
2.41625809846284,2.09856663511312
2.41739549354101,2.09997155475707
2.41853333721993,2.10137669813579
2.41967163287418,2.10278207042395
2.42081038220685,2.10418767463426
2.42194958703197,2.10559351379692
2.42308924851614,2.10699959004079
2.42422936964861,2.1084059076558
2.42536995069044,2.10981246748551
2.42651099353316,2.11121927228828
2.42765249942838,2.11262632397106
2.42879446906661,2.11403362367389
2.42993690468958,2.11544117438786
2.43107980648461,2.11684897651883
2.43222317523242,2.11825703113302
2.43336701243725,2.11966534014547
2.43451131916748,2.12107390489389
2.43565609572515,2.12248272572131
2.43680134235854,2.12389180285528
2.43794706089183,2.12530113843246
2.43909325074173,2.12671073159667
2.44023991237099,2.12812058272839
2.44138704733655,2.12953069353808
2.44253465519326,2.13094106324912
2.44368273691099,2.13235169278597
2.44483129323786,2.13376258278784
2.44598032393611,2.13517373265412
2.44712982927627,2.13658514237971
2.44827980999864,2.13799681252395
2.44943026594113,2.13940874252123
2.45058119728484,2.14082093220334
2.45173260544193,2.14223338290662
2.45288448945748,2.14364609304919
2.4540368500614,2.14505906308741
2.45518968761349,2.1464722930243
2.45634300122615,2.14788578131305
2.45749679183119,2.14929952862246
2.45865105969032,2.15071353480459
2.45980580507837,2.15212779971309
2.46096102901072,2.1535423241028
2.46211672972723,2.15495710531331
2.46327290816478,2.15637214396427
2.46442956452616,2.15778743979177
2.46558669905019,2.15920299256495
2.46674431104996,2.16061880090826
2.46790240171776,2.16203486573918
2.46906097044879,2.1634511857812
2.47022001760412,2.16486776092143
2.47137954326753,2.16628459070985
2.47253954741304,2.16770167455508
2.4737000293002,2.16911901098296
2.47486098991506,2.17053660062621
2.47602242896322,2.1719544425611
2.47718434714496,2.1733725370683
2.47834674330481,2.17479088215836
2.47950961873764,2.17620947882344
2.48067297208476,2.17762832482491
2.48183680412282,2.17904742051189
2.4830011153859,2.18046676595412
2.48416590553766,2.18188636015228
2.48533117482645,2.1833062028103
2.48649692273095,2.18472629269247
2.48766314929666,2.186146629247
2.48882985383696,2.18756721102974
2.48999703803721,2.18898803948963
2.49116470128254,2.19040911328554
2.49233284327263,2.19183043143585
2.49350146387394,2.19325199316144
2.49467056344535,2.19467379828582
2.49584014224676,2.19609584651593
2.49701019977386,2.19751813662272
2.4981807368452,2.19894066898261
2.49935175214561,2.20036344137855
2.50052324694656,2.20178645472788
2.50169522154227,2.20320970878027
2.50286767422489,2.20463320083259
2.50404060562855,2.20605693101398
2.50521401639244,2.20748089948298
2.50638790547094,2.20890510434555
2.50756227400129,2.2103295463487
2.50873712200544,2.21175422490123
2.50991244857415,2.21317913826562
2.5110882543235,2.21460428654951
2.51226453849323,2.21602966819929
2.51344130170638,2.21745528333145
2.51461854364147,2.21888113092578
2.51579626464751,2.220307210768
2.51697446501488,2.22173352257784
2.5181531439472,2.22316006475163
2.51933230176467,2.22458683703021
2.52051193855894,2.22601383888719
2.52169205438699,2.2274410697519
2.52287264934387,2.22886852909826
2.5240537221608,2.2302962147421
2.52523527435842,2.23172412787179
2.52641730478768,2.23315226646299
2.52759981412658,2.23458063068175
2.52878280288764,2.23600922050998
2.52996627073988,2.23743803490488
2.53115021682257,2.2388670721695
2.5323346415781,2.24029633217964
2.53351954559398,2.24172581500129
2.53470492801954,2.24315551895908
2.53589078933565,2.2445854439742
2.5370771295537,2.24601558941158
2.53826394880646,2.24744595477853
2.53945124658763,2.24887653880799
2.54063902289031,2.25030734082947
2.54182727817055,2.25173836073744
2.54301601198559,2.25316959734372
2.54420522434375,2.25460104999515
2.54539491568314,2.25603271856185
2.54658508585978,2.2574646022146
2.54777573429671,2.2588966995932
2.54896686153258,2.26032901067953
2.55015846738008,2.26176153458996
2.55135055167003,2.26319427045483
2.55254311472886,2.26462721800164
2.55373615674639,2.26606037679791
2.55492967709097,2.26749374541715
2.55612367594169,2.26892732340071
2.5573181527076,2.27036110936854
2.55851310829618,2.2717951037401
2.55970854283977,2.27322930601593
2.56090445587774,2.27466371497283
2.56210084720918,2.27609832969133
2.5632977160845,2.27753314859221
2.56449506444835,2.27896817333669
2.56569289135923,2.28040340213958
2.56689119645703,2.2818388338833
2.56808997969833,2.28327446783375
2.56928924151611,2.28471030383447
2.57048898211662,2.28614634146173
2.57168920127414,2.28758257976878
2.57288989817502,2.28901901709475
2.57409107312293,2.29045565311433
2.57529272647103,2.2918924875742
2.57649485839731,2.293329520012
2.57769746779166,2.29476674841397
2.57890055643321,2.29620417422099
2.58010412355994,2.29764179585399
2.58130816874641,2.29907961210964
2.58251269147579,2.30051762167455
2.58371769350159,2.30195582595945
2.58492317295285,2.30339422205282
2.58612913049948,2.30483281004891
2.58733556596147,2.30627158904825
2.58854248052239,2.30771055977874
2.58974987233084,2.30914971934458
2.59095774198195,2.31058906774532
2.59216608967099,2.31202860452707
2.59337491568919,2.31346832934876
2.59458421997482,2.31490824144621
2.59579400154981,2.31634833895252
2.5970042610421,2.31778862191047
2.59821499922153,2.31922909055093
2.59942621555233,2.32066974354576
2.60063790909017,2.32211057906069
2.6018500810058,2.3235515977827
2.60306273105649,2.32499279873449
2.60427585915819,2.3264341811127
2.60548946502302,2.3278757438693
2.60670354778912,2.32931748526746
2.6079181090908,2.33075940654344
2.6091331481461,2.33220150607886
2.61034866438968,2.33364378248573
2.61156465838929,2.33508623572646
2.61278113057721,2.33652886561585
2.61399808012998,2.33797167047004
2.61521550749999,2.33941465010905
2.6164334128727,2.34085780404826
2.61765179529311,2.34230113044149
2.618870655056,2.34374462891587
2.62008999292693,2.34518829967301
2.62130980811976,2.34663214107383
2.62253010092123,2.34807615273609
2.62375087157732,2.3495203342395
2.62497211960602,2.35096468429769
2.6261938449664,2.35240920213861
2.62741604750135,2.35385388685603
2.62863872785507,2.35529873849479
2.62986188519338,2.35674375535204
2.63108552011545,2.35818893740907
2.63230963165981,2.35963428280886
2.6335342205778,2.36107979170968
2.63475928749278,2.36252546413709
2.63598483153702,2.36397129834635
2.63721085284419,2.3654172937601
2.63843735142454,2.36686344966443
2.63966432717571,2.36830976521112
2.64089178012613,2.36975623970462
2.64211971003329,2.37120287212895
2.64334811644335,2.37264966121356
2.64457700038214,2.37409660743714
2.64580636225915,2.37554371056654
2.64703620023366,2.37699096769689
2.6482665151388,2.37843837905681
2.6494973068042,2.37988594371885
2.65072857580061,2.38133366162267
2.65196032134973,2.38278153111964
2.65319254412987,2.38422955226547
2.65442524421965,2.38567772442317
2.65565842093856,2.38712604605173
2.65689207433869,2.38857451646373
2.6581262045141,2.39002313502927
2.65936081174999,2.39147190134518
2.66059589572174,2.39292081429006
2.66183145572711,2.39436987228797
2.66306749309461,2.39581907615223
2.66430400672569,2.39726842385926
2.66554099719509,2.39871791532814
2.6667784644457,2.40016754975079
2.66801640784277,2.40161732563142
2.66925482855367,2.40306724358797
2.67049372443229,2.40451730035795
2.67173309741909,2.40596749744849
2.67297294686306,2.40741783336542
2.67421327274081,2.40886830732327
2.67545407524918,2.41031891879908
2.67669535393434,2.41176966650734
2.67793710914654,2.41322055009871
2.67917934125171,2.41467156925136
2.68042204875286,2.41612272145445
2.68166523199798,2.41757400633881
2.68290889163611,2.41902542391085
2.68415302788499,2.42047697367689
2.68539763983419,2.42192865381206
2.68664272818536,2.42338046436593
2.68788829247055,2.42483240403522
2.6891343332504,2.42628447270873
2.69038084956213,2.42773666850021
2.69162784222629,2.42918899159365
2.69287531077024,2.43064144067891
2.69412325508127,2.43209401485154
2.69537167478384,2.43354671290145
2.69662057086984,2.43499953521591
2.6978699425773,2.43645248014679
2.69911979013222,2.43790554717878
2.70037011344121,2.43935873543279
2.70162091287234,2.44081204456559
2.70287218732738,2.44226547252445
2.70412393786252,2.44371901975444
2.7053761636034,2.4451726844716
2.70662886489673,2.4466264662941
2.70788204225242,2.44808036504383
2.70913569500672,2.44953437917538
2.71038982293002,2.4509885076328
2.71164442606545,2.4524427496818
2.712899505065,2.45389710530226
2.71415505946699,2.45535157318341
2.7154110884779,2.45680615161165
2.71666759339874,2.45826084130724
2.71792457338404,2.4597156405177
2.71918202916153,2.46117054929501
2.72043996005293,2.46262556607136
2.72169836611639,2.46408069011775
2.72295724671105,2.46553591989916
2.72421660240166,2.466991255274
2.72547643392818,2.4684466963199
2.72673673947456,2.46990224014556
2.72799752007008,2.47135788713001
2.72925877577064,2.47281363655686
2.7305205066984,2.4742694877765
2.7317827117896,2.47572543876015
2.73304539209959,2.47718148992147
2.73430854734742,2.47863764015079
2.73557217673146,2.48009388771749
2.73683628093768,2.48155023260612
2.7381008599965,2.48300667406068
2.73936591387383,2.48446321124243
2.74063144240635,2.48591984315954
2.74189744497789,2.48737656829238
2.74316392175769,2.48883338602371
2.74443087364908,2.49029029659641
2.74569829967775,2.49174729809073
2.74696620031991,2.49320439023817
2.74823457541015,2.49466157204473
2.74950342431665,2.49611884196911
2.75077274766503,2.49757619991536
2.75204254518195,2.49903364476522
2.75331281632383,2.50049117507629
2.75458356239182,2.50194879153066
2.75585478253801,2.50340649235416
2.75712647643588,2.50486427634478
2.75839864479201,2.50632214349584
2.75967128702038,2.50778009232452
2.76094440272106,2.50923812154454
2.7622179921896,2.51069623067135
2.76349205510736,2.51215441852241
2.76476659223735,2.51361268515294
2.76604160286364,2.51507102892825
2.76731708760068,2.5165294497243
2.76859304555799,2.5179879457006
2.76986947774882,2.51944651718648
2.77114638280801,2.52090516179971
2.77242376251526,2.52236388074207
2.77370161508901,2.52382267116228
2.77497994195652,2.52528153384844
2.77625874169781,2.52674046635785
2.77753801462235,2.52819946819647
2.77881776069994,2.52965853850078
2.78009798030586,2.53111767686994
2.78137867242986,2.53257688131757
2.78265983812594,2.53403615220445
2.78394147675483,2.53549548797695
2.78522358885971,2.5369548884141
2.78650617366997,2.5384143518028
2.78778923240405,2.53987387869008
2.78907276284906,2.54133346571916
2.79035676634926,2.5427931135575
2.79164124224183,2.54425282062245
2.79292619150949,2.54571258718953
2.79421161383044,2.54717241206202
2.79549750911906,2.5486322942946
2.7967838761317,2.550092231618
2.79807071525862,2.55155222361274
2.79935802758957,2.55301227068141
2.8006458124965,2.55447237127707
2.80193406991539,2.55593252447016
2.80322280043368,2.55739273007876
2.80451200252662,2.5588529855205
2.80580167712381,2.56031329098091
2.8070918245106,2.56177364594416
2.80838244373428,2.56323404847642
2.80967353561023,2.56469449863751
2.81096509895134,2.56615499422986
2.8122571340242,2.56761553468314
2.8135496414003,2.56907611979257
2.8148426205419,2.57053674809727
2.81613607177975,2.57199741910662
2.81742999490029,2.57345813172109
2.81872439038815,2.57491888562694
2.82001925622693,2.57637967767625
2.82131459510476,2.5778405100287
2.82261040540955,2.57930138002707
2.82390668693753,2.5807622865534
2.82520344093177,2.58222323014549
2.82650066530422,2.58368420758485
2.82779836170236,2.58514521984072
2.82909652902321,2.58660626481481
2.83039516812112,2.58806734259046
2.83169427786419,2.58952845102472
2.83299385877512,2.59098958982047
2.83429391173346,2.59245075910645
2.83559443537989,2.59391195648373
2.83689543032776,2.59537318175009
2.83819689639756,2.59683443383228
2.83949883308658,2.5982957112817
2.84080124082356,2.59975701369564
2.84210411996523,2.60121834060324
2.84340747020451,2.60267969078281
2.84471128978526,2.60414106136382
2.84601558108369,2.60560245411725
2.84732034267792,2.6070638665893
2.84862557476732,2.60852529810158
2.84993127728864,2.60998674769721
2.85123745022426,2.6114482144685
2.85254409301177,2.61290969689317
2.85385120706151,2.61437119566248
2.85515879053399,2.61583270783604
2.85646684444617,2.61729423364057
2.85777536904695,2.61875577247715
2.85908436387593,2.62021732294023
2.86039382848365,2.6216788836224
2.86170376271584,2.62314045344612
2.86301416736676,2.62460203240457
2.86432504221486,2.6260636193643
2.86563638730788,2.6275252134782
2.86694820149011,2.62898681254855
2.86826048512996,2.63044841606901
2.86957323822417,2.63191002313848
2.87088646139025,2.6333716335485
2.87220015401462,2.634833245718
2.87351431728383,2.63629486006351
2.87482894847958,2.63775647265056
2.87614404957224,2.63921808473669
2.87745961934716,2.64067969408136
2.87877565863518,2.64214130069018
2.88009216685685,2.64360290301688
2.88140914449708,2.64506450068534
2.88272659124506,2.64652609244304
2.88404450646476,2.64798767666158
2.8853628913752,2.64944925377813
2.88668174505341,2.65091082186556
2.88800106765661,2.65237238017009
2.88932085809662,2.65383392656022
2.89064111807414,2.65529546199802
2.89196184564018,2.6567569834167
2.89328304308435,2.65821849242056
2.89460470805198,2.65967998549794
2.89592684203215,2.66114146335067
2.89724944462944,2.66260292463526
2.89857251489783,2.66406436736965
2.89989605353303,2.66552579138614
2.90122006064323,2.66698719588864
2.90254453593876,2.66844857963075
2.90386947879206,2.66990994098119
2.90519488926285,2.67137127906543
2.90652076778274,2.6728325934327
2.9078471139533,2.67429388271685
2.90917392837693,2.67575514664868
2.91050121048283,2.67721638367027
2.91182896017856,2.67867759273533
2.91315717683834,2.68013877221081
2.91448586181277,2.68159992264674
2.91581501396013,2.68306104186165
2.91714463292322,2.68452212850378
2.91847471963829,2.68598318266184
2.9198052736066,2.68744420285807
2.92113629553982,2.68890518893145
2.92246778386823,2.69036613821262
2.92379973928192,2.69182705049435
2.92513216158351,2.69328792462177
2.92646505132486,2.69474876025674
2.92779840695577,2.69620955474826
2.92913222990068,2.69767030869544
2.930466519926,2.69913102091264
2.93180127668008,2.70059169005985
2.93313649908998,2.7020523139946
2.93447218827146,2.70351289297518
2.9358083433259,2.70497342507487
2.93714496512151,2.706433910283
2.93848205295704,2.70789434688507
2.9398196070063,2.70935473410519
2.94115762797349,2.71081507176228
2.94249611437139,2.71227535727308
2.94383506698734,2.71373559051848
2.94517448556226,2.71519577026305
2.9465143691891,2.71665589454453
2.94785471909725,2.7181159637344
2.94919553432546,2.71957597583276
2.95053681500112,2.72103593000005
2.95187856175788,2.72249582596594
2.95322077407157,2.72395566219929
2.9545634513272,2.72541543704881
2.95590659411598,2.72687515018081
2.957250202345,2.72833480053199
2.95859427633517,2.72979438748175
2.95993881448152,2.73125390830477
2.9612838177032,2.73271336300507
2.9626292862059,2.73417275084614
2.96397521926488,2.73563207006519
2.96532161690155,2.73709131969628
2.96666847959514,2.73855049928416
2.96801580683424,2.74000960729967
2.96936359860759,2.74146864274213
2.9707118547998,2.74292760450294
2.97206057473561,2.74438649086066
2.9734097597747,2.74584530230328
2.97475940936895,2.74730403727198
2.97610952265284,2.74876269383036
2.97746010028487,2.75022127169212
2.97881114223697,2.75167976984879
2.98016264775046,2.75313818648625
2.98151461683636,2.75459652061276
2.98286705018307,2.75605477198517
2.98421994686945,2.75751293862248
2.98557330797225,2.75897102068715
2.98692713225961,2.76042901586368
2.98828141959247,2.7618869229852
2.98963617021299,2.7633447413133
2.99099138372634,2.76480246942669
2.99234706054628,2.76626010677013
2.99370320073867,2.76771765242305
2.99505980390139,2.76917510495132
2.99641687106406,2.77063246446187
2.99777440105168,2.77208972869647
2.99913239363422,2.77354689638178
3.00049084879989,2.77500396649272
3.00184976668368,2.77646093816869
3.00320914646211,2.7779178095148
3.00456898931534,2.77937458078475
3.005929294894,2.78083125061237
3.00729006209562,2.78228781679239
3.00865129232884,2.78374427981344
3.01001298444577,2.78520063744757
3.01137513840815,2.78665688862166
3.0127377540315,2.78811303211906
3.01410083192313,2.78956906757586
3.01546437138375,2.79102499323322
3.01682837202047,2.79248080763866
3.01819283577366,2.79393651185455
3.01955776034855,2.79539210242615
3.02092314665415,2.79684757927142
3.02228899494907,2.79830294165809
3.02365530347714,2.79975818668117
3.02502207310162,2.80121331421188
3.02638930368202,2.8026683230871
3.02775699549848,2.80412321258159
3.0291251482784,2.80557798138112
3.03049376200942,2.80703262843958
3.03186283733074,2.80848715341205
3.03323237260111,2.80994155351975
3.03460236853335,2.81139582846471
3.03597282484982,2.81284997692657
3.03734374163445,2.81430399795806
3.03871511884516,2.81575789048064
3.04008695634736,2.81721165331383
3.04145925345846,2.81866528468781
3.04283201131839,2.82011878477
3.04420522881757,2.82157215135586
3.04557890628586,2.82302538373877
3.04695304324504,2.82447848037059
3.04832764002279,2.8259314405503
3.04970269632878,2.82738426293022
3.05107821212803,2.82883694642386
3.05245418736413,2.83028948992427
3.05383062152297,2.83174189183584
3.05520751451591,2.83319415100665
3.05658486743968,2.83464626755326
3.05796267954598,2.83609823965079
3.05934095039435,2.83755006576736
3.06071968029809,2.83900174517322
3.06209886840047,2.8404532759093
3.06347851576342,2.84190465803387
3.0648586211814,2.84335588923027
3.06623918550969,2.84480696932915
3.06762020772306,2.84625789619918
3.06900168855066,2.84770866953721
3.07038362678545,2.84915928701606
3.07176602346828,2.85060974865657
3.07314887858119,2.85206005339617
3.07453219162133,2.85351019964167
3.0759159623586,2.85496018607528
3.07730019049672,2.85641001131238
3.07868487633049,2.85785967459235
3.08007001997259,2.85930917497269
3.0814556212617,2.86075851121778
3.08284167907001,2.86220768106397
3.08422819475266,2.86365668484879
3.08561516707668,2.86510552022408
3.08700259627591,2.86655418634298
3.08839048241418,2.86800268220143
3.08977882606336,2.86945100732962
3.09116762545567,2.87089915880115
3.09255688270266,2.87234713772866
3.0939465961061,2.87379494128457
3.09533676609908,2.87524256881612
3.09672739234174,2.87669001889018
3.0981184746702,2.87813729024728
3.09951001257073,2.87958438126165
3.10090200746605,2.88103129233408
3.10229445758632,2.88247802055
3.10368736359157,2.88392456548442
3.10508072473248,2.88537092527423
3.10647454156293,2.88681709939959
3.10786881443634,2.88826308715253
3.10926354290177,2.88970888697974
3.11065872639978,2.89115449719604
3.11205436496992,2.89259991673809
3.11345045859301,2.89404514449232
3.11484700760156,2.89549017971249
3.11624401096472,2.89693502023304
3.11764146883537,2.89837966509753
3.11903938163351,2.89982411364842
3.12043774930153,2.90126836473683
3.12183657109301,2.9027124164847
3.12323584759475,2.90415626838804
3.12463557795435,2.90559991846691
3.12603576260127,2.90704336605026
3.12743640124576,2.90848660973974
3.12883749376124,2.90992964829418
3.13023903966663,2.91137248010422
3.13164103972195,2.91281510484368
3.1330434928762,2.91425752032703
3.13444639973435,2.91569972605446
3.13584975996313,2.91714172058013
3.13725357378303,2.91858350301658
3.13865784050293,2.92002507153826
3.14006256063392,2.92146642554808
3.14146773340249,2.92290756313864
3.14287335888578,2.92434848325975
3.14427943723406,2.92578918495064
3.14568596837738,2.92722966702509
3.14709295183824,2.92866992786949
3.1485003872394,2.93010996596393
3.14990827484126,2.93154978044832
3.15131661534488,2.93298937093069
3.15272540730392,2.93442873480996
3.15413465139133,2.93586787162856
3.1555443471333,2.93730677978319
3.15695449414158,2.93874545773937
3.15836509271509,2.94018390466968
3.15977614328746,2.94162211989903
3.16118764488125,2.94306010130176
3.16259959799833,2.94449784824493
3.16401200173817,2.94593535867862
3.16542485708492,2.9473726324653
3.16683816369409,2.94880966813621
3.16825192077657,2.95024646374089
3.16966612804851,2.95168301783432
3.17108078601766,2.9531193297935
3.1724958940837,2.95455539787562
3.17391145292192,2.95599122162414
3.1753274622695,2.9574267996433
3.17674392121889,2.95886212985825
3.17816083075668,2.96029721211757
3.17957818969341,2.96173204407932
3.1809959978929,2.96316662443735
3.18241425598093,2.96460095268157
3.18383296408706,2.96603502781226
3.18525212061748,2.96746884705849
3.18667172656947,2.96890241025705
3.18809178147825,2.97033571580234
3.18951228518848,2.97176876237902
3.19093323776731,2.97320154890077
3.19235463904767,2.97463407404672
3.19377648912635,2.97606633675935
3.19519878743099,2.97749833530345
3.19662153473133,2.97893006929534
3.19804473067045,2.98036153723075
3.19946837391742,2.98179273659245
3.2008924653702,2.98322366710475
3.20231700455723,2.98465432714555
3.20374199211707,2.98608471619557
3.20516742683585,2.98751483187426
3.20659330933743,2.98894467362708
3.20801963914267,2.99037423981516
3.20944641624339,2.99180352925689
3.21087364096094,2.99323254111104
3.21230131173028,2.99466127263327
3.2137294303033,2.99608972439555
3.21515799514577,2.99751789371208
3.21658700650245,2.99894577963155
3.21801646401974,3.00037338062782
3.21944636781772,3.00180069564389
3.22087671899143,3.00322772461519
3.22230751536441,3.00465446419649
3.22373875758061,3.00608091381688
3.22517044661402,3.00750707329114
3.2266025808709,3.0089329398601
3.22803516104096,3.01035851300758
3.22946818586825,3.01178379030154
3.23090165646856,3.01320877165877
3.23233557269546,3.01463345577348
3.23376993409974,3.01605784101216
3.23520474014574,3.01748192564304
3.23663999071581,3.01890570835058
3.23807568594882,3.02032918808552
3.23951182544566,3.02175236326525
3.24094840976859,3.0231752332588
3.24238543805283,3.02459779602385
3.24382291120618,3.02602005126286
3.2452608280392,3.02744199661326
3.24669918875441,3.02886363106198
3.24813799351587,3.03028495358247
3.24957724129058,3.03170596195357
3.25101693277078,3.03312665565027
3.25245706700384,3.03454703253993
3.25389764425916,3.03596709167648
3.25533866474867,3.03738683207904
3.25678012862446,3.03880625270766
3.25822203491932,3.04022535140398
3.25966438416917,3.04164412747997
3.26110717582527,3.04306257919796
3.26255041009884,3.04448070555508
3.26399408632609,3.04589850469177
3.26543820457879,3.04731597546092
3.26688276454346,3.04873311634653
3.26832776732061,3.0501499272289
3.26977321174238,3.05156640576688
3.27121909698469,3.05298254991092
3.27266542362521,3.05439835900252
3.27411219198069,3.05581383215727
3.27555940153875,3.05722896766661
3.27700705146291,3.05864376348012
3.27845514284099,3.06005821944046
3.2799036749571,3.06147233364926
3.28135264746562,3.06288610453678
3.28280206050078,3.06429953100998
3.2842519133347,3.06571261113595
3.28570220563157,3.06712534334982
3.28715293880992,3.06853772782318
3.28860411187096,3.06994976238522
3.29005572433717,3.07136144532591
3.29150777657365,3.07277277576912
3.29296026759804,3.07418375153296
3.29441319853092,3.07559437247467
3.29586656817431,3.07700463621646
3.29732037758182,3.07841454254335
3.29877462611929,3.07982408962769
3.30022931288639,3.08123327534596
3.3016844382266,3.08264209878344
3.30314000146027,3.08405055805037
3.30459600380239,3.08545865309278
3.30605244320811,3.08686638070469
3.30750932053371,3.08827374044776
3.30896663618825,3.08968073150463
3.31042438896107,3.09108735147058
3.31188258024229,3.0924936004421
3.31334120825561,3.09389947547815
3.31480027341029,3.09530497570291
3.31625977561322,3.09671009979288
3.31771971443604,3.09811484609127
3.31918009029646,3.09951921375604
3.32064090217732,3.10092320056544
3.32210215081427,3.10232680597173
3.32356383613375,3.10373002867639
3.32502595745362,3.10513286677341
3.3264885148467,3.10653531907273
3.32795150777853,3.10793738380986
3.32941493570936,3.10933905920255
3.33087880020935,3.11074034551374
3.33234309965323,3.11214123995676
3.33380783343677,3.11354174066296
3.33527300274771,3.11494184751454
3.33673860658558,3.11634155832041
3.33820464600986,3.11774087283441
3.33967111948434,3.11913978834189
3.3411380278063,3.1205383043256
3.34260537007139,3.12193641867278
3.34407314627704,3.1233341301063
3.34554135605643,3.12473143701431
3.34700999992312,3.12612833862711
3.34847907718472,3.12752483303219
3.34994858722792,3.12892091836554
3.35141853117684,3.13031659443369
3.35288890867514,3.13171185965994
3.35435971840396,3.13310671150976
3.35583096142239,3.13450114970539
3.35730263750815,3.13589517279255
3.3587747458912,3.1372887787658
3.36024728674546,3.13868196650749
3.36172025931812,3.14007473403203
3.36319366342212,3.14146707987607
3.36466749965054,3.14285900333453
3.36614176798575,3.1442505031376
3.36761646793537,3.14564157754701
3.3690915992071,3.14703222500086
3.3705671613496,3.14842244378802
3.37204315465,3.14981223289906
3.37351957886534,3.15120159083597
3.3749964341748,3.15259051649155
3.37647371929473,3.15397900737181
3.37795143493916,3.15536706285064
3.37942958070193,3.15675468128004
3.38090815670363,3.15814186149072
3.38238716157518,3.15952860090546
3.38386659683,3.16091489965114
3.38534646160628,3.16230075566456
3.38682675601491,3.16368616775421
3.38830747901215,3.16507113364905
3.38978863191921,3.16645565329415
3.39127021357396,3.16783972433574
3.39275222310922,3.16922334464357
3.39423466137718,3.17060651371503
3.39571752859012,3.17198923048549
3.39720082362775,3.1733714926184
3.39868454658783,3.1747532988918
3.40016869724258,3.17613464780225
3.40165327529505,3.17751553777618
3.40313828068669,3.17889596746199
3.40462371367726,3.18027593581319
3.40610957325964,3.18165544059741
3.40759585989615,3.18303448093423
3.40908257351228,3.1844130554706
3.41056971400301,3.18579116281461
3.41205728033006,3.18716880069375
3.41354527309403,3.18854596835065
3.41503369164678,3.18992266389415
3.41652253666821,3.19129888665173
3.41801180725244,3.19267463449297
3.41950150316661,3.19404990588064
3.42099162393245,3.19542469905977
3.42248217054832,3.19679901365296
3.42397314235513,3.19817284776875
3.42546453774984,3.19954619859416
3.42695635815708,3.20091906611542
3.42844860318982,3.20229144870172
3.42994127222439,3.20366334446343
3.4314343658959,3.20503475267214
3.43292788341291,3.20640567130017
3.43315162825677,3.20660799457322
3.43337537310064,3.20680440116044
3.43449409731997,3.20778428365539
3.43616122728057,3.20925891384488
3.43783518795505,3.21073582325849
3.43950783131296,3.21219018666022
3.44116504397828,3.21360771291387
3.44280622474579,3.21498889663994
3.4444327680736,3.21633668559908
3.44604641414806,3.2176543056855
3.44764874574621,3.21894467661743
3.44924111376848,3.22021033805997
3.45082466549351,3.22145349492643
3.45240037710695,3.22267606961642
3.45396908754656,3.22387975154107
3.45553152131332,3.22506603375064
3.45708830982025,3.22623624471401
3.45864000990952,3.22739157503808
3.46018711158887,3.22853309374834
3.46173005053306,3.2296617662861
3.46326921448163,3.2307784666521
3.46480495087379,3.23188398927384
3.46633757179001,3.23297905801172
3.46786736057552,3.23406433559822
3.46939457134479,3.23514042734975
3.47091943507124,3.23620788899537
3.4724421630366,3.23726723229162
3.47396294636713,3.23831892745657
3.4754819605071,3.23936340870482
3.47699936671338,3.24040107750912
3.47851531156042,3.241432304197
3.48002992990882,3.24245743171502
3.48154334666114,3.24347677844306
3.48305567614824,3.24449063920632
3.48456702372009,3.2454992876146
3.48458468744884,3.24551078865361
3.48460235117758,3.245521770068
3.48462383730525,3.24553500288405
3.48473126794362,3.24560096829557
3.48526842113543,3.24592905905142
3.48697221339889,3.24695148907594
3.48868046800196,3.24793991180043
3.49043069056537,3.24888342771113
3.49228012248504,3.24980513914312
3.49427984173515,3.25072282133632
3.49654118350858,3.25167346258403
3.49901453120235,3.25261925761619
3.50148787889612,3.25346853026426
3.50358646407662,3.25410461885836
3.50550736986866,3.25461238376756
3.50731807952872,3.25503490071068
3.50906431900234,3.25539758754935
3.51076721531933,3.2557138247268
3.51243834265906,3.25599157107033
3.51408460877479,3.2562361168665
3.51571061522404,3.25645133229082
3.51731967342085,3.2566402376304
3.51891430295875,3.25680529070635
3.52049648893034,3.25694854661788
3.52139976551996,3.25701556530991
3.52139976551999,3.25701556530991
3.52297111618494,3.2570165615846
3.52747542333928,3.25653075415834
3.53198383572226,3.25523958730506
3.53651820333636,3.25291558896908
3.54108638507806,3.24951832766595
3.54566216689601,3.24507055438692
3.55023551781378,3.23960210298409
3.55480656406877,3.23313898874061
3.559375505899,3.22570846505861
3.56394270588105,3.21733777246376
3.5685087246645,3.20805377737928
3.57307435729527,3.19788273389142
3.57764066381659,3.18685006158318
3.58220901705019,3.17498006786733
3.58678115448917,3.16229563326132
3.59135925148073,3.14881780906669
3.5959460109339,3.13456532762722
3.60054478525187,3.1195539664221
3.60515974280354,3.10379570540805
3.60979609377393,3.08729760062283
3.61446041903269,3.07006018352182
3.61529754206083,3.06687129875336
3.61613466508897,3.0636036943706
3.6170545103088,3.05998062905973
3.61797435552863,3.05633468846394
3.61858390283948,3.05390476671707
3.61919345015032,3.051461927924
3.62019402916233,3.0474351235719
3.62519692422238,3.02716708978135
3.63032218069598,3.00620285971602
3.63551515649896,2.98447628214305
3.64086294715374,2.96158047383344
3.64646310611871,2.93709474874521
3.65251644916528,2.91012909899606
3.65977252803896,2.87729207640664
3.66537561617738,2.85157056672708
3.6709787043158,2.82543431264692
3.67597683607514,2.80189289986128
3.68060055586807,2.77994540513172
3.68496303342426,2.75913664919273
3.68912814461292,2.73921729807212
3.69313435267652,2.72004139376194
3.69700720150943,2.70151417096047
3.70076503057149,2.68356875014624
3.70442176425628,2.66615494471881
3.70798840503607,2.6492333535031
3.71147390969063,2.63277194211382
3.71488573664692,2.6167439449731
3.71823020771369,2.60112650479567
3.72151276263569,2.5858997296763
3.72473813831784,2.57104604598438
3.72791050260563,2.55654972346908
3.73103355684524,2.54239651734568
3.7341106090906,2.52857342458959
3.73714464116317,2.5150684534351
3.73885342819675,2.50750586208986
3.73944323687113,2.50489238194202
3.74003304554551,2.50227490679806
3.74022192800948,2.50143687283664
3.74041081047344,2.5005984534142
3.74135522279328,2.49641852298803
3.74427979067889,2.48362709986664
3.74718133919567,2.47114746527392
3.75005810614002,2.45892572630018
3.75290561491101,2.44696943905678
3.75572439739426,2.43527318674932
3.75851579372188,2.42382970135031
3.76128121723008,2.41263163406376
3.76402202244512,2.40167185918492
3.76673948143232,2.39094353262313
3.7694347898024,2.38044006788404
3.77210907030546,2.37015512831199
3.77476337871555,2.36008261045956
3.77739871037969,2.350216624674
3.78001600376362,2.34055148658865
3.78261614684209,2.33108169749299
3.78519997730178,2.32180194703115
3.78776828950979,2.31270709064626
3.79032183517332,2.303792149766
3.79286132724627,2.29505229984241
3.79538744277004,2.28648286217226
3.79790082459549,2.27807929932558
3.80040208312486,2.26983721017221
3.80289179924386,2.26175232086863
3.80537052414793,2.2538204858959
3.80783878301967,2.24603767639956
3.81029707686479,2.23839997478671
3.81274588133433,2.23090357844946
3.81518564994729,2.22354478955858
3.8176168142886,2.21632001433854
3.82003978601781,2.20922575676386
3.82245495732429,2.20225861694594
3.82486270065566,2.19541529137594
3.82726337186202,2.18869256338823
3.82965731011331,2.18208730306916
3.832044837732,2.17559646710576
3.83442626190539,2.16921709343247
3.83680187461225,2.16294630082776
3.83917195366857,2.15678128543841
3.84153676477091,2.15071931490932
3.84198542786504,2.14957486308296
3.84243409095917,2.14842512647206
3.84280468182963,2.1474767110579
3.84465763618196,2.14278056841923
3.84700052336356,2.13696320747455
3.84934253776817,2.13125258597671
3.85168332182827,2.12563301986629
3.85402085034857,2.12010494252427
3.85635492940581,2.11466636566928
3.85868565962638,2.10931502203129
3.8610131918615,2.10404864008727
3.86333768042342,2.09886499513593
3.86565927283506,2.09376192121857
3.86797810583176,2.08873731696417
3.87029430972142,2.08378913477461
3.87260800641487,2.07891538443041
3.87491930851645,2.07411413406459
3.87722832206758,2.06938350358223
3.87953514658822,2.06472166399979
3.88183987136101,2.06012684410215
3.88414258245183,2.05559731553651
3.88644335745225,2.05113140275994
3.88874226799637,2.04672747718809
3.89103938031439,2.04238395551909
3.89333475285862,2.03809930348646
3.89562844097329,2.0338720263678
3.89792049350995,2.02970067475579
3.9002109547159,2.02558384031895
3.9024998650464,2.02152015378681
3.90478725779425,2.01750829025114
3.90707316390433,2.01354695992516
3.90935760985967,2.00963491138057
3.91164061836315,2.00577092969917
3.91392220804821,2.00195383634116
3.91620239402323,1.99818248759102
3.91848118933224,1.99445577159168
3.92075860286963,1.99077261120954
3.92303464158929,1.98713195980213
3.92374489150014,1.9859981507029
3.92445514141098,1.98485670128541
3.92521281799368,1.98364194900801
3.92597049457639,1.98243235963947
3.92822718037292,1.97887687944858
3.93047579344002,1.97541091976376
3.9327327519739,1.97197750315703
3.93499049576381,1.96858253147389
3.93724785915097,1.96522578317122
3.93950457558407,1.96190647068302
3.94176056869372,1.95862369959378
3.94401579903576,1.9553765780804
3.94627023500926,1.9521642358479
3.94852384428489,1.94898583131161
3.95077659415682,1.94584054947548
3.95302845090642,1.94272760202502
3.95527938161151,1.93964622417914
3.95752935287872,1.93659567587464
3.95977832944104,1.93357524296605
3.96202627697566,1.93058423277248
3.96427316059614,1.92762197555914
3.96651894678398,1.92468782138946
3.9687636016684,1.92178114184628
3.97100708977044,1.91890133097301
3.97324937934292,1.91604779786037
3.97549043639859,1.91321997381851
3.97773022887007,1.91041730642243
3.97996872529646,1.90763926072858
3.98220589399169,1.90488531973142
3.98444170490903,1.90215498152864
3.98667612790491,1.89944776096839
3.98890913370381,1.89676318792771
3.99114069530839,1.8941008051831
3.99337078562952,1.89146017079626
3.99559937878104,1.88884085604854
3.99782644858947,1.8862424467322
4.00005197183844,1.88366453891421
4.00069378435825,1.88291910617459
4.00133559687807,1.88216456353456
4.00155656744936,1.88190412586859
4.00171421865542,1.88171763616695
4.00187186986147,1.88153104771001
4.00207808633669,1.88128719403944
4.0031091687128,1.8800763367497
4.00529908084688,1.87755498585297
4.00748931320819,1.87508512206001
4.0096895217023,1.87262936947117
4.0118908663629,1.87019307780481
4.01409194696138,1.86777640676964
4.01629240738526,1.8653790660289
4.0184921310846,1.8630006573994
4.02069104929226,1.86064077622391
4.02288910688643,1.85829902576796
4.02508624968999,1.85597502578583
4.02728242800891,1.85366840719081
4.02947759461522,1.85137881355753
4.03167170429005,1.84910590098074
4.03386471266754,1.84684933868229
4.03605657808197,1.84460880655634
4.03824726151637,1.84238399477383
4.04043672565923,1.84017460425247
4.04262493413345,1.83798034691156
4.04481185417517,1.8358009425298
4.04699745288699,1.83363612206734
4.0491817012146,1.83148562324191
4.05136457057655,1.82934919350335
4.05354603473132,1.82722658774066
4.05572606729817,1.82511757031086
4.05790464678458,1.82302190980355
4.06008175044449,1.82093938466666
4.06225735790588,1.81886977926366
4.06443145028806,1.81681288445481
4.0666040110996,1.81476849643795
4.06877502300986,1.81273641946316
4.07094447248137,1.81071646116809
4.07311234511304,1.80870843670152
4.07527862964686,1.8067121646754
4.07744331285896,1.80472747164391
4.07785937122738,1.80434329205643
4.07818023456467,1.80404126675548
4.07850109790195,1.80373842691998
4.08010541458835,1.80223998339276
4.08222786492104,1.80030524938537
4.08435935739019,1.79839196257278
4.08649741928113,1.7964881498234
4.08863629895812,1.79459630352087
4.09077500787444,1.79271646694526
4.09291327715166,1.79084845576385
4.09505100245754,1.78899203434458
4.09718811418882,1.78714696625035
4.09932455389603,1.78531302125555
4.10146026778893,1.78348997779911
4.10359520592096,1.78167762259139
4.10572931928802,1.77987575241368
4.10786256273025,1.77808417109633
4.10999489296049,1.77630269073827
4.11212627123167,1.77453112901407
4.1142566606947,1.77276931097932
4.1163860244154,1.77101707019252
4.11851433024568,1.76927424429099
4.12064154945606,1.76754067585544
4.1227676514369,1.76581621627823
4.12489261021684,1.76410072004469
4.12701640245802,1.76239404616377
4.1291390049147,1.76069605983718
4.13126039652499,1.75900663042918
4.13338055652455,1.75732563269856
4.13549946887018,1.75565294303323
4.13761711719944,1.75398844323334
4.13973348585774,1.75233201934596
4.14184856189141,1.75068355990228
4.14396233366539,1.74904295681855
4.1460747895228,1.74741010618099
4.14818591892599,1.74578490713152
4.15029571265808,1.74416726154806
4.15240416471225,1.74255707245744
4.15451126853914,1.74095424674627
4.15661701726066,1.73935869474188
4.15872140540145,1.73777032875254
4.16082442916141,1.73618906276739
4.16292608519793,1.7346148132397
4.16502637059483,1.73304749895063
4.16712528325655,1.73148704059064
4.1692228213145,1.72993336108632
4.17131898425884,1.72838638465248
4.17341377203066,1.72684603737739
4.17550718548189,1.72531224677488
4.17759922428171,1.72378494320676
4.17968988981091,1.72226405766007
4.18177918361728,1.72074952283708
4.18386710709258,1.71924127327719
4.18595366321682,1.71773924403075
4.18803885457371,1.71624337203851
4.19012268519948,1.7147535947185
4.19220515755144,1.71326985207365
4.19428627597787,1.71179208412801
4.19636604167231,1.71032023446568
4.19844446274473,1.70885424305676
4.20052154110705,1.70739405554494
4.2025972813735,1.70593961674553
4.2046716892262,1.70449087190516
4.20674476816838,1.70304776887611
4.20881652484181,1.70161025435235
4.21088696384635,1.70017827748713
4.21295609049933,1.69875178786736
4.21502391030341,1.6973307358899
4.2170904292883,1.69591507249386
4.21915565357936,1.69450474942907
4.22121958876311,1.69309971964224
4.2232822391494,1.6916999377204
4.22534361171752,1.69030535720997
4.22740371309911,1.68891593269654
4.22946254894738,1.68753162014017
4.23152012560468,1.68615237572321
4.23185570513182,1.68592488789029
4.23219128465896,1.68569173736237
4.23259311694354,1.6854121552881
4.23459053392438,1.68404728111888
4.23658044234483,1.68273117681942
4.238588301631,1.68141811471888
4.24060018589966,1.68011298909789
4.24261415321822,1.67881579070951
4.244629635278,1.67752633663864
4.24664640870376,1.67624437692846
4.24866432403845,1.67496966142486
4.25068325124754,1.67370195178891
4.25270306934806,1.67244102271465
4.25472366179614,1.67118666301526
4.25674492159869,1.66993867142459
4.25876674531924,1.66869685952003
4.26078903716235,1.66746104834214
4.26281170365008,1.66623107091521
4.26483465945362,1.66500676792303
4.26685782309464,1.66378798970636
4.26888111673751,1.66257459563775
4.27090446871326,1.66136645198896
4.27292781249809,1.66016343199904
4.27495108462856,1.65896541651074
4.27697422438804,1.65777229355497
4.2789971770202,1.65658395596375
4.28101989095536,1.65540030256508
4.28304231687827,1.65422123820418
4.28506440986987,1.65304667205315
4.2870861278417,1.65187651814234
4.28910743141577,1.65071069501274
4.29112828402906,1.64954912528502
4.29314865345463,1.64839173446378
4.29516850501774,1.64723845445844
4.29718781278076,1.64608921686218
4.29920654867255,1.64494395897691
4.30122468749246,1.64380262054
4.30324220697028,1.64266514352242
4.30525908543959,1.64153147319336
4.30727530407674,1.64040155661253
4.30929084604947,1.63927534293593
4.3113056933882,1.63815278492001
4.31331983347928,1.63703383511823
4.31533324997762,1.63591845079625
4.31734593234741,1.63480658840164
4.31935786893346,1.6336982073581
4.32136904971569,1.63259326830785
4.32337946455598,1.63149173396589
4.32538910729895,1.63039356676312
4.32739796927358,1.62929873230088
4.32940604438813,1.62820719638656
4.33141332707685,1.62711892612239
4.33341981222479,1.62603388982003
4.33542549654228,1.62495205617884
4.33743037457045,1.62387339634431
4.33943444472247,1.62279788056091
4.34143770354738,1.62172548124078
4.34344014885878,1.62065617114515
4.34544177931173,1.619589923597
4.34744259448144,1.61852671238178
4.34944259221985,1.61746651307035
4.35144177271667,1.61640930079955
4.35344013518651,1.61535505202286
4.35543768109191,1.61430374274019
4.35743441074806,1.61325535027039
4.35943032458586,1.61220985249657
4.36142542368103,1.61116722757599
4.36341970896373,1.61012745432542
4.36541318251016,1.60909051151538
4.36740584676139,1.60805637826632
4.36939770210571,1.60702503523626
4.37138875116354,1.60599646236618
4.3733789960958,1.60497064030414
4.37536843904639,1.603947550114
4.37735708375548,1.60292717244561
4.37934493202035,1.60190948932968
4.38133198569055,1.60089448308617
4.38331824898417,1.59988213518137
4.38530372407351,1.59887242847144
4.38728841398902,1.59786534565355
4.38927232254412,1.59686086933947
4.39125545258783,1.59585898291507
4.39151937296586,1.59572360485995
4.39178329334389,1.59558395605183
4.39310289523403,1.59489180982725
4.39504140176753,1.59390590014035
4.39698943944013,1.59293507464433
4.39894762355653,1.59196615795213
4.40090799561651,1.5910010293954
4.40286935565547,1.59003967493597
4.40483135272384,1.5890820154058
4.40679385294689,1.58812794239234
4.40875676700593,1.58717734951123
4.4107200174729,1.58623013668245
4.41268353521486,1.5852862090928
4.41464725630206,1.58434547773863
4.41661112073232,1.58340785939592
4.41857507068816,1.58247327690455
4.42053905469425,1.58154165673317
4.42250302544445,1.58061292964794
4.42446693694241,1.57968703159975
4.42643074845438,1.57876390145708
4.42839441909067,1.57784348321767
4.43035791416425,1.57692572265667
4.43232120061855,1.57601056922936
4.4342842471097,1.57509797566361
4.43624702498883,1.57418789723091
4.43820950898846,1.57328029120182
4.44017167319225,1.57237511844878
4.44213349658094,1.57147234064047
4.44409495754492,1.57057192260984
4.44605603881159,1.5696738298507
4.44801672115651,1.56877803124274
4.44997699032973,1.56788449567155
4.45193683032226,1.56699319500139
4.45389622967254,1.56610410100486
4.45585517361938,1.56521718882191
4.45781365298814,1.56433243275452
4.45977165780235,1.56344980913546
4.46172917921287,1.5625692952614
4.46368620853673,1.56169086973825
4.46564273850499,1.56081451182308
4.46759876127999,1.55994020222798
4.46955427420565,1.55906792049058
4.47150926947283,1.55819764951767
4.47346374341249,1.55732937127555
4.47541769068392,1.55646306941012
4.4773711094939,1.55559872683026
4.47932399560109,1.55473632833776
4.4812763466897,1.55387585857875
4.48322816009991,1.5530173030462
4.48517943533049,1.55216064692431
4.48713016931731,1.55130587711827
4.489080361501,1.55045297995639
4.49103001138012,1.54960194228997
4.49297911836941,1.54875275148449
4.49492768253757,1.54790539506663
4.4968757033245,1.54705986125445
4.49882318026181,1.54621613860103
4.50077011355238,1.54537421573535
4.50271650534266,1.54453408081578
4.50466235553598,1.54369572330248
4.50660766515662,1.54285913244153
4.5085524347872,1.5420242979588
4.5104966658808,1.54119120946956
4.51244036014399,1.54035985674416
4.51438351811527,1.53953023027847
4.51632614179845,1.53870232015231
4.51826823185958,1.53787611723191
4.52020979175736,1.53705161139321
4.52215082147763,1.53622879418535
4.52409132359171,1.53540765619825
4.52603130032582,1.53458818836846
4.52797075349456,1.53377038195501
4.52990968507927,1.5329542282857
4.53184809792117,1.53213971847505
4.53378599314874,1.53132684448836
4.5357233722681,1.53051559822996
4.53766023853029,1.52970597101211
4.53959659371386,1.528897954895
4.5415324408448,1.52809154151467
4.54346778091661,1.52728672345746
4.54540261797153,1.52648349213401
4.54733695262985,1.5256818404896
4.54927078842874,1.52488176032134
4.55120412753312,1.52408324411498
4.5531369721557,1.52328628440065
4.5550693239351,1.52249087401776
4.55700118562366,1.52169700542389
4.55758648252319,1.52145312303135
4.55797405568504,1.52128665624783
4.5583616288469,1.52111915956635
4.56025545522198,1.52031692053957
4.56214113230319,1.51954891289463
4.56404718009454,1.51877988064939
4.56595684190758,1.51801360908711
4.56786813062535,1.51725004090615
4.56978046131281,1.51648912611384
4.57169364641124,1.51573077002923
4.57360757806975,1.51497487758573
4.57552216830411,1.51422135934144
4.57743733894125,1.51347013141508
4.5793530182839,1.51272111556618
4.58126913874402,1.51197423941835
4.58318563678106,1.51122943591538
4.58510245562193,1.51048664181155
4.58701953985372,1.50974579932899
4.5889368423548,1.50900685303663
4.59085431429185,1.50826975334807
4.59277191419572,1.50753445258125
4.59468960045347,1.5068009075826
4.5966073375844,1.5060690769495
4.59852509150672,1.50533892260574
4.60044283253471,1.5046104083421
4.60236053081339,1.50388350130261
4.60427815888982,1.50315817071807
4.60619569259663,1.50243438740018
4.60811311034468,1.50171212382277
4.61003039153223,1.50099135450846
4.61194751703927,1.50027205564168
4.61386446944456,1.49955420483272
4.61578123177767,1.49883778142816
4.61769778954962,1.49812276560925
4.61961413075604,1.4974091382978
4.62153024186864,1.49669688249757
4.62344611327855,1.49598598113686
4.62536173364484,1.49527641910284
4.62727709307268,1.49456818190599
4.62919218557757,1.49386125475151
4.6311070016249,1.49315562519568
4.63302153588218,1.49245128015455
4.63493578061839,1.49174820832824
4.63684973056848,1.49104639829001
4.63876338200389,1.49034583883564
4.64067672928994,1.48964652015054
4.64258976941975,1.48894843207964
4.64319850552145,1.4887229677663
4.64380724162315,1.48849068192507
4.64402842212273,1.48840567373653
4.64424960262231,1.48831993434845
4.64445897372519,1.48823876039901
4.64550582923956,1.48783789565441
4.64737561304419,1.48714693732018
4.64925244975442,1.48647301226292
4.6511429641405,1.48579958898386
4.65303636420388,1.48512852353931
4.65493123401155,1.48445973423544
4.65682714878437,1.48379315052735
4.65872395298777,1.48312868209828
4.66062154611463,1.4824662419589
4.66251984410678,1.48180574860272
4.66441877106812,1.48114712618397
4.66631825570659,1.48049030475755
4.66821823373026,1.47983521884324
4.67011864258421,1.47918180874468
4.67201942756867,1.4785300179614
4.67392053580654,1.47787979488837
4.67582191970853,1.47723109117505
4.67772353415237,1.47658386235083
4.67962533705165,1.47593806725318
4.68152729172195,1.47529366693642
4.68342936269602,1.47465062580412
4.68533151861301,1.47400891031625
4.68723372811122,1.47336849012853
4.68913596407269,1.47272933639825
4.69103820043426,1.47209142267818
4.6929404152424,1.47145472366984
4.69484258643121,1.47081921646128
4.69674469478022,1.47018487932281
4.69864672138275,1.46955169241282
4.70054865094035,1.46891963652312
4.70245046753726,1.46828869436253
4.70435215785466,1.46765884932407
4.70625370808194,1.46703008641195
4.7081551081327,1.46640239072834
4.7100563471685,1.46577574888043
4.71195741562232,1.46515014816839
4.71385830437528,1.46452557679075
4.71575900473071,1.46390202376287
4.71765951168057,1.46327947780023
4.71955981632035,1.46265792972634
4.72145991439035,1.46203736956625
4.72335980055572,1.46141778844195
4.7252594700289,1.46079917792128
4.72715891767788,1.46018153026998
4.72905814101104,1.45956483744949
4.73095713554658,1.45894909258929
4.73285589814536,1.45833428882277
4.73475442685611,1.45772041935007
4.73665271890602,1.4571074780414
4.73855077269146,1.45649545874731
4.74044858645586,1.45588435571649
4.74234615863988,1.45527416344169
4.74424348776579,1.45466487667635
4.74614057307512,1.45405649021247
4.74803741364774,1.45344899914669
4.7499340093461,1.45284239855399
4.75183035932602,1.45223668394895
4.7537264625269,1.4516318510941
4.75562232112837,1.45102789491881
4.75751793153615,1.45042481235965
4.75941329729435,1.44982259820475
4.7613084161826,1.44922124927433
4.76320328956894,1.44862076132715
4.7650979179406,1.44802113056504
4.76699230129736,1.44742235344334
4.76888644043586,1.44682442626748
4.77078033554253,1.44622734563956
4.7726739877727,1.44563110794602
4.77456739838086,1.44503570964217
4.77646056692853,1.44444114778262
4.77835349520481,1.44384741878653
4.78024618381713,1.44325451953566
4.78213863399939,1.44266244676871
4.78403084586361,1.44207119763364
4.78592282087287,1.44148076890586
4.78781455925269,1.440891157809
4.78970606271706,1.44030236114622
4.79159733359713,1.43971437560232
4.79348837174693,1.43912719866684
4.79537917860333,1.43854082735212
4.79726975534134,1.43795525880949
4.79916010331345,1.43737049017114
4.80105022298572,1.43678651887279
4.80294011673808,1.43620334179305
4.8048297853543,1.43562095635009
4.80671922860391,1.4350393602721
4.80860844905369,1.43445855045836
4.81049744757961,1.43387852438386
4.81238622637211,1.4332992791333
4.8142747848373,1.43272081266438
4.81616312503528,1.43214312212368
4.81805124923129,1.43156620465728
4.8199391581097,1.43099005790964
4.82182685337539,1.43041467921728
4.82248951230794,1.43020944245061
4.82315217124049,1.4299976531879
4.82337542629425,1.42992570308794
4.82359868134801,1.42985296582001
4.823810783425,1.42978384400626
4.82487129380996,1.4294430273955
4.82671535025755,1.42887323669068
4.82856736790533,1.42831816997695
4.83043325089676,1.42776344975191
4.83230210194543,1.42721060968846
4.83417255460927,1.42665954344956
4.83604418623653,1.42611018249132
4.83791684057745,1.4255624445059
4.8397904143083,1.4250162516783
4.84166482159723,1.42447153131814
4.84353998355669,1.42392821657939
4.84541582797436,1.42338624561713
4.84729228716919,1.42284556164129
4.84916929977649,1.42230611191271
4.85104680993115,1.42176784756705
4.8529247645971,1.42123072394699
4.85480311286794,1.42069470037633
4.85668181065968,1.42015973849692
4.85856081757758,1.41962580289184
4.86044009411721,1.41909286151655
4.86231960602168,1.41856088417169
4.86419932158226,1.41802984305652
4.86607921034093,1.41749971285166
4.86795924521557,1.41697046989318
4.86983940164531,1.41644209223699
4.87171965623816,1.41591455983125
4.87359998834899,1.41538785389144
4.87548037846667,1.41486195720358
4.8773608092841,1.41433685366396
4.87924126334796,1.41381252879608
4.88112172642669,1.41328896867854
4.88300218538056,1.41276616045706
4.88488262887784,1.41224409201715
4.88676304380103,1.41172275286354
4.88864342050375,1.4112021325593
4.89052375004335,1.41068222146625
4.89240402381199,1.41016301073261
4.89428423275382,1.40964449242313
4.89616437152333,1.40912665832884
4.89804443287645,1.4086095014729
4.89992441133085,1.40809301499672
4.9018043017208,1.40757719254507
4.90368409960885,1.40706202809345
4.90556379998571,1.40654751625653
4.90744340030771,1.40603365142272
4.90932289672949,1.40552042876458
4.9112022857982,1.40500784370243
4.91308156515426,1.40449589171016
4.91496073078939,1.40398456902622
4.9168397825057,1.40347387114514
4.91871871842655,1.40296379432398
4.92059753657364,1.40245433506763
4.922476234575,1.40194549020253
4.92435481241175,1.4014372561345
4.92623326839347,1.40092962993202
4.92811160240877,1.40042260839987
4.92998981265394,1.39991618896698
4.93186789970963,1.39941036856075
4.93374586270508,1.39890514465682
4.935623701445,1.39840051465943
4.93750141562521,1.39789647612363
4.93937900432902,1.39739302686834
4.94125646869871,1.39689016426423
4.94313380911104,1.39638788600097
4.94501102432378,1.39588619026201
4.94688811599574,1.39538507452856
4.94876508239545,1.39488453727216
4.95064192574901,1.39438457595757
4.9525186447543,1.39388518907711
4.95439524251684,1.39338637399215
4.95627171665451,1.39288812959278
4.95814806900649,1.39239045365142
4.96002430075911,1.39189334420905
4.96190041171429,1.39139679969917
4.96377640305608,1.39090081821632
4.96565227537381,1.3904053980615
4.96752802925069,1.38991053756286
4.9694036643319,1.38941623531819
4.97127918183,1.38892248953871
4.97315458383638,1.38842929826015
4.97502986878468,1.38793666049161
4.97690503917318,1.38744457417526
4.97878009557091,1.38695303782218
4.98065503851765,1.38646204994757
4.98252986802011,1.38597160921801
4.9844045861218,1.38548171379284
4.98627919437095,1.38499236200368
4.98815369132856,1.38450355294977
4.99002807885842,1.38401528486418
4.99190235855796,1.38352755610686
4.99377652933683,1.38304036573028
4.99565059391325,1.38255371179869
4.99752455295031,1.38206759295927
4.99939840593793,1.3815820081403
5.00127215516738,1.38109695555649
5.00314580138724,1.3806124338605
5.00501934600056,1.38012844153155
5.00689278838481,1.37964497757362
5.00876612980088,1.37916204049902
5.01063937136017,1.37867962889176
5.01251251394147,1.37819774140287
5.01292083498733,1.37809039636706
5.01332915603318,1.37797849741599
5.01367678544061,1.3778829129588
5.01541493247776,1.37741609087155
5.01724180980196,1.37694936229733
5.01908952760269,1.3764835805233
5.02094251456587,1.37601936785552
5.02279771707448,1.37555672390665
5.02465442702809,1.3750955769812
5.02651241761972,1.37463584352325
5.02837156080275,1.37417744389384
5.03023175498835,1.37372030409525
5.03209291067667,1.37326435568748
5.03395494381974,1.37280953622442
5.03581777866938,1.37235578787585
5.03768134428203,1.37190305778045
5.03954557437049,1.37145129756642
5.04141040964306,1.3710004623657
5.04327579480511,1.37055051115373
5.04514167961469,1.37010140609156
5.04700801590984,1.36965311288803
5.04887476069896,1.36920559972068
5.05074187547716,1.36875883714545
5.05260932298351,1.36831279857224
5.05447706994757,1.3678674593307
5.05634508670781,1.36742279656558
5.05821334497787,1.36697878953816
5.0600818186448,1.36653541921365
5.06195048442282,1.3660926679405
5.06381932041619,1.36565051962596
5.06568830732116,1.36520895928889
5.06755742745662,1.36476797315796
5.06942666368329,1.36432754877751
5.07129600164299,1.36388767436197
5.07316542686995,1.36344833937746
5.07503492752588,1.363009533781
5.07690449186224,1.36257124854265
5.07877410996427,1.36213347513253
5.0806437725612,1.36169620573641
5.08251347120633,1.36125943312949
5.08438319705951,1.36082315088857
5.08625294299176,1.36038735284028
5.08812270436068,1.35995203286152
5.0899924739603,1.35951718598214
5.09186224690538,1.35908280716738
5.0937320178787,1.35864889195986
5.09560178403391,1.35821543575609
5.09747154021248,1.35778243488358
5.09934128194968,1.35734988582938
5.10121100744556,1.35691778480726
5.10308071486033,1.35648612836842
5.10495039974418,1.3560549139147
5.10682006075052,1.35562413836006
5.10868969613232,1.35519379897086
5.11055930375735,1.35476389330056
5.11242888216119,1.3543344189341
5.1142984312928,1.35390537332144
5.11616794786849,1.35347675480731
5.11803743160112,1.35304856117011
5.11990688243019,1.35262079030767
5.12177629845879,1.35219344065125
5.12364567958145,1.35176651031979
5.12551502477018,1.35133999775991
5.12738433540147,1.35091390096866
5.12925360946775,1.3504882188069
5.13112284765797,1.3500629495736
5.13299204906275,1.34963809202469
5.13486121483594,1.34921364450821
5.13673034306083,1.34878960613404
5.13859943557777,1.34836597520131
5.1404684918494,1.34794275063043
5.14233751052348,1.34751993153764
5.14420649433738,1.34709751617232
5.14607544165836,1.34667550383525
5.14794435371036,1.34625389318249
5.14981323098374,1.34583268309813
5.15168207318331,1.34541187266105
5.15355088145323,1.34499146065276
5.15541965631857,1.34457144603454
5.15728839764816,1.34415182792724
5.15915710502612,1.34373260552578
5.16102577912469,1.34331377780472
5.16289442179607,1.34289534351675
5.16476303296021,1.34247730186836
5.16663161319847,1.3420596519132
5.16850016292092,1.34164239276372
5.17036868201844,1.34122552365688
5.17223717136452,1.34080904362331
5.17410563178325,1.34039295172951
5.1759740645057,1.33997724696598
5.17784246923644,1.33956192866772
5.17971084636671,1.33914699601103
5.18157919663828,1.33873244811391
5.18344752093784,1.33831828407763
5.185315820385,1.33790450296403
5.18718409404926,1.3374911042851
5.18905234455569,1.33707808677063
5.19092057041465,1.33666545008403
5.19278877452785,1.33625319290399
5.19465695536661,1.33584131491692
5.19652511489238,1.3354298150145
5.19839325302916,1.33501869257108
5.20026136969294,1.33460794694395
5.20212946657358,1.33419757711578
5.20399754540302,1.33378758208927
5.20586560460376,1.33337796157677
5.20773364492728,1.33296871475551
5.209601667856,1.3325598406803
5.21146967457577,1.33215133848554
5.2133376647633,1.33174320762545
5.21377572592016,1.33164524198534
5.21421378707702,1.33154281839793
5.21462550015613,1.33144630676002
5.21645588138164,1.3310289315418
5.21827736011667,1.33063549590239
5.22012175156686,1.33024140856035
5.221970107305,1.32984889546172
5.22382066657669,1.32945773996863
5.22567281186946,1.32906787576627
5.2275263422675,1.32867922005628
5.22938113118863,1.32829169632075
5.23123707144111,1.32790523460231
5.2330940670647,1.32751977058641
5.2349520304956,1.32713524526046
5.23681088302595,1.32675160421138
5.23867054800138,1.32636879848305
5.24053095891072,1.32598678241129
5.24239205284024,1.32560551460247
5.24425377208417,1.32522495713873
5.24611606277946,1.32484507549781
5.24797887754382,1.32446583768044
5.24984217197925,1.32408721462359
5.25170590497185,1.32370917981028
5.25357003926,1.32333170889538
5.25543454155936,1.32295477944787
5.25729938000088,1.322578371231
5.25916452586033,1.32220246562589
5.26102995234388,1.32182704570118
5.26289563868932,1.32145209523031
5.26476155966653,1.32107760062499
5.26662769691478,1.32070354845524
5.26849403270862,1.32032992666637
5.27036055052861,1.31995672427527
5.27222723362814,1.31958393153652
5.27409406996287,1.31921153887185
5.27596104806645,1.31883953763683
5.27782815493822,1.31846792039128
5.27969537875331,1.3180966802676
5.28156271309678,1.31772581012205
5.28343014900449,1.31735530405566
5.28529767766663,1.31698515673407
5.28716529200512,1.31661536305913
5.28903298637576,1.31624591820081
5.29090075409751,1.31587681802156
5.29276859123355,1.31550805828021
5.29463649250778,1.31513963542013
5.29650445192239,1.31477154636669
5.29837246793471,1.31440378751537
5.30024053708745,1.31403635598325
5.30210865520049,1.31366924927674
5.30397681903835,1.31330246496049
5.30584502815654,1.31293600030962
5.30771327764646,1.31256985368956
5.30958156751616,1.31220402266916
5.31144989600315,1.31183850538459
5.31331826022896,1.31147330032179
5.31518666019192,1.31110840555127
5.31705509364844,1.31074381973376
5.31892356057158,1.31037954120588
5.32079205800463,1.31001556899136
5.32266058673157,1.30965190147444
5.32452914432038,1.3092885377806
5.32639773286712,1.30892547623042
5.32826635075926,1.30856271597139
5.33013499815883,1.30820025584336
5.33200367319735,1.3078380951486
5.33387237576251,1.30747623289413
5.33574110696072,1.30711466793325
5.33760986553448,1.30675339962648
5.33947865332798,1.30639242676994
5.34134746792252,1.30603174903217
5.34321631042208,1.30567136541008
5.34508518076374,1.30531127519308
5.34695407883451,1.30495147769909
5.3488230051452,1.3045919721565
5.35069195977298,1.30423275790788
5.35256094132679,1.30387383458666
5.35442995346323,1.30351520089322
5.35629899510691,1.30315685648753
5.35816806573437,1.30279880088897
5.36003716464601,1.30244103366847
5.36190629397818,1.30208355388726
5.36377545366593,1.3017263610636
5.36564464395546,1.30136945464547
5.367513864694,1.3010128341678
5.36938311721491,1.30065649889807
5.37125240047867,1.30030044856913
5.37312171653237,1.29994468232685
5.3749910646212,1.29958919987749
5.37686044392119,1.299234000915
5.3787298582482,1.2988790842866
5.38059930563247,1.29852444996544
5.38246878864256,1.29817009703038
5.38433830389946,1.29781602570602
5.38620785588328,1.29746223471488
5.38807744180147,1.29710872420738
5.3899470640962,1.29675549329848
5.39181672129266,1.29640254188133
5.39368641603888,1.29604986905753
5.39555614860089,1.29569747441472
5.39742591771406,1.29534535779582
5.39929572475681,1.29499351854516
5.40116556910658,1.29464195640603
5.40303545207334,1.2942906707517
5.40490537576055,1.29393966083708
5.40677533942468,1.29358892644686
5.40864534222687,1.29323846734986
5.41051538686614,1.2928882826738
5.41238546950426,1.29253837277498
5.41425559553711,1.29218873626606
5.41612576314267,1.2918393731743
5.41799597336836,1.2914902829291
5.41986622722167,1.2911414649981
5.42173652252282,1.29079291942653
5.42360686248585,1.29044464525184
5.42547724757484,1.29009664207233
5.42734767697085,1.28974890968854
5.42921815126879,1.28940144763018
5.43108866985239,1.28905425566245
5.43295923597941,1.28870733284494
5.43482984828013,1.28836067911418
5.43670050720332,1.28801429402833
5.43857121332842,1.28766817714213
5.44044196805467,1.28732232786894
5.4423127708361,1.2869767459808
5.4441836228053,1.28663143092829
5.44605452306712,1.28628638254358
5.44792547360757,1.28594160012399
5.4497964733054,1.28559708355482
5.45166752476212,1.28525283202521
5.45353862690538,1.28490884542106
5.45540978020705,1.28456512331322
5.45728098643173,1.28422166506054
5.45915224410226,1.28387847061466
5.46102355383904,1.28353553951834
5.46289491896106,1.2831928708617
5.46476633575028,1.28285046501438
5.46663780751818,1.28250832102161
5.46850933313271,1.28216643879423
5.47038091407155,1.2818248177359
5.47225255048846,1.28148345751272
5.47412424163232,1.28114235793706
5.47599598950007,1.28080151832706
5.47786779392836,1.28046093841464
5.4797396556626,1.28012061774907
5.48161157563901,1.27978055585622
5.48348355456556,1.27944075230606
5.48535559158663,1.27910120694059
5.48722768715831,1.27876191935409
5.48909984137312,1.27842288922056
5.49097205479542,1.27808411612987
5.49284432791692,1.27774559969121
5.49471666268565,1.27740733926025
5.49658905888351,1.27706933458861
5.49846151608003,1.27673158544028
5.50033403368365,1.27639409160389
5.50220661567609,1.27605685207224
5.5040792594536,1.27571986703893
5.50595196688722,1.27538313584521
5.5078247384302,1.27504665812785
5.50969757264084,1.27471043383988
5.5115704705874,1.27437446247663
5.51344343418128,1.2740387434177
5.51531646339336,1.27370327639161
5.51718955707582,1.27336806129794
5.51906271852816,1.27303309725405
5.52093594488244,1.27269838449524
5.52280923759363,1.27236392244198
5.52468259926809,1.27202971036453
5.52655602740076,1.27169574843141
5.52842952384606,1.27136203600141
5.5303030896778,1.27102857261664
5.53217672493748,1.27069535799174
5.53405042814636,1.27036239208979
5.53592420165885,1.27002967419871
5.53779804484213,1.26969720416428
5.53967195827239,1.26936498159374
5.54154594274492,1.26903300606964
5.54341999910924,1.26870127716983
5.54529412677918,1.26836979471886
5.54716832778162,1.26803855807907
5.5490426016979,1.26770756706063
5.55091694860232,1.26737682136345
5.55279136815168,1.26704632076335
5.55466586235565,1.26671606463265
5.55654042945361,1.26638605301333
5.55841507100145,1.26605628534211
5.56028978784696,1.26572676121322
5.56216457986326,1.26539748038137
5.56403944907328,1.26506844222539
5.56591439372667,1.26473964678824
5.56778941433457,1.26441109368815
5.56966451285577,1.26408278232357
5.57153968798173,1.26375471266494
5.57341494054306,1.26342688428491
5.57529027180668,1.26309929670609
5.57716568095202,1.26277194981072
5.5790411714356,1.26244484273716
5.58091673896547,1.26211797597684
5.58279238630411,1.26179134874814
5.58466811377227,1.26146496075789
5.58654392180517,1.26113881167176
5.58841981113772,1.26081290110498
5.59029578205704,1.26048722875203
5.59217183508483,1.26016179426379
5.59404796981844,1.25983659744901
5.59592418608006,1.25951163806918
5.5978004856704,1.25918691555835
5.59967687033453,1.25886242938412
5.60155333718728,1.25853817978774
5.60342988811633,1.25821416616125
5.60530652267199,1.25789038833939
5.60718324255884,1.25756684577613
5.60906004679789,1.25724353839569
5.61093693750963,1.25692046557827
5.61281391299095,1.25659762737364
5.61469097549805,1.25627502313335
5.61656812383696,1.25595265282486
5.61844536028418,1.25563051580452
5.6203226833041,1.25530861209798
5.62220009508673,1.25498694107386
5.62407759405037,1.25466550276514
5.62595518252843,1.25434429651825
5.62783285965454,1.25402332225093
5.62971062602636,1.25370257960618
5.63158848183974,1.25338206830845
5.63346642650354,1.25306178820929
5.63534446218989,1.25274173869717
5.63722258884934,1.2524219195579
5.63910080650941,1.25210233054155
5.64097911532135,1.25178297137757
5.64285751685879,1.25146384156447
5.64473601017065,1.25114494103179
5.64661459593709,1.25082626941465
5.64849327451769,1.25050782641826
5.6503720458813,1.25018961181031
5.65225091197075,1.24987162503193
5.65412987179592,1.24955386602604
5.65600892429061,1.24923633471641
5.65788807172546,1.24891903048085
5.65976731545683,1.24860195288529
5.66164665562279,1.24828510168633
5.66352609190689,1.24796847669978
5.66540562337082,1.24765207783697
5.66728525160916,1.2473359045918
5.66916497563348,1.24701995690695
5.6710447973932,1.24670423422221
5.67292471808957,1.24638873613058
5.67480473554348,1.24607346276628
5.67668485247688,1.24575841343218
5.67856506812182,1.24544358804925
5.68044538187862,1.24512898647613
5.68232579512937,1.24481460825172
5.6842063088195,1.2445004530089
5.68608692193154,1.24418652069398
5.68796763573035,1.24387281086369
5.68984845045175,1.24355932326542
5.69172936687784,1.24324605754951
5.69361038480439,1.24293301353067
5.69549150323116,1.24262019114128
5.69737272548226,1.24230758961134
5.69925404876578,1.24199520920013
5.701135476089,1.24168304917291
5.70301700651561,1.24137110948743
5.70489863939701,1.24105939001596
5.70678037666145,1.24074789022013
5.70866221902588,1.24043660978496
5.71054416403186,1.24012554889087
5.71242621620401,1.23981470656903
5.71430837256785,1.23950408312189
5.71619063535616,1.23919367794462
5.71807300327377,1.2388834910469
5.71995547840198,1.23857352186698
5.72183805956138,1.23826377039681
5.72372074740756,1.23795423630378
5.72560354337862,1.23764491915002
5.7274864457012,1.23733581901728
5.72936945766677,1.23702693515068
5.7312525769331,1.23671826774132
5.73313580532797,1.23640981626253
5.73501914307565,1.23610158048391
5.7369025896732,1.23579356027575
5.73878614633122,1.23548575522934
5.74066981317242,1.23517816512668
5.74255359027187,1.23487078974699
5.74443747741571,1.23456362891427
5.74632147645739,1.23425668212493
5.74820558576663,1.23394994944614
5.7500898068232,1.23364343042025
5.75197414077929,1.23333712467352
5.75385858808041,1.23303103194207
5.75574314697006,1.23272515229908
5.75762781790911,1.23241948544653
5.759512602725,1.23211403089678
5.76139750203856,1.2318087883682
5.76328251547574,1.23150375772229
5.76516764367675,1.23119893865061
5.76705288691015,1.23089433091376
5.76893824324609,1.23058993461233
5.77082371610511,1.23028574899039
5.7727093040447,1.22998177410662
5.77459500672307,1.2296780097995
5.77648082750912,1.22937445534009
5.77836676416372,1.22907111091202
5.78025281781091,1.22876797611868
5.78213898859157,1.22846505074924
5.78402527882006,1.22816233424855
5.78591168633845,1.22785982677702
5.78779821194043,1.22755752799163
5.78968485718755,1.22725543746054
5.79157162053987,1.22695355524215
5.79345850296648,1.22665188097496
5.79534550441475,1.22635041448088
5.79723262667447,1.22604915528938
5.79911986824751,1.22574810345581
5.80100723110776,1.22544725846727
5.80289471365391,1.22514662039642
5.80478231860763,1.22484618861617
5.80667004435394,1.22454596320988
5.80855789194816,1.22424594380788
5.81044586244764,1.22394613006654
5.81233395539006,1.22364652187741
5.81422217042538,1.22334711909881
5.81611050709005,1.22304792160736
5.81799896768556,1.22274892885706
5.8198875515502,1.22245014078472
5.82177626055741,1.22215155691045
5.82366509403077,1.22185317716838
5.8255540522983,1.22155500131427
5.82744313522172,1.22125702918445
5.8293323423875,1.22095926065369
5.83122167772134,1.22066169493466
5.83311113719423,1.220364332495
5.83500072251173,1.22006717284987
5.8368904338187,1.21977021580809
5.83878027277309,1.2194734609373
5.84067023924832,1.21917690809064
5.84256033233875,1.21888055722115
5.84445055349022,1.2185844079173
5.84634090205514,1.21828846010927
5.84823137896375,1.21799271346889
5.85012198440236,1.2176971677961
5.85201271994482,1.21740182267519
5.8539035846008,1.21710667809121
5.85579457732325,1.21681173401174
5.85768569980485,1.21651698999088
5.85957695357994,1.21622244563648
5.86146833676789,1.21592810106966
5.86335985079307,1.21563395587936
5.86525149638187,1.2153400097925
5.86714327275335,1.21504626275725
5.86903518111716,1.21475271440764
5.87092722073479,1.2144593646898
5.87281939247423,1.214166213291
5.87471169688643,1.2138732599621
5.87660413433876,1.21358050447949
5.87849670469334,1.21328794669305
5.88038940843248,1.21299558635522
5.88228224697631,1.21270342308541
5.88417521901851,1.2124114569195
5.88606832646293,1.21211968738818
5.88796156718768,1.21182811465295
5.88985494241281,1.21153673833953
5.89174845349486,1.21124555808665
5.89364209964273,1.2109545738556
5.89553588151981,1.21066378536984
5.89742980057856,1.21037319225021
5.89932385394034,1.21008279476801
5.90121804603026,1.20979259207036
5.90311237434065,1.20950258440273
5.90500683969004,1.20921277145214
5.90690144305875,1.20892315291237
5.90879618409525,1.20863372867803
5.91069106183039,1.20834449872136
5.91258607856367,1.20805546252684
5.91448123375416,1.20776662003093
5.9163765291589,1.2074779708051
5.91827196364443,1.20718951486734
5.92016753697629,1.20690125207553
5.92206325128988,1.20661318194815
5.92395910484485,1.20632530459746
5.9258550993808,1.20603761958784
5.92775123502455,1.20575012675364
5.92964751052253,1.20546282611699
5.9315439285532,1.20517571711068
5.93344048713688,1.20488879988788
5.93533718891435,1.20460207388243
5.93723403087476,1.20431553939711
5.939131016027,1.20402919580309
5.94102814401155,1.20374304302086
5.94292541553975,1.20345708078452
5.94482282882436,1.20317130920032
5.94672038662665,1.20288572768951
5.94861808787243,1.20260033627576
5.95051593354156,1.2023151346486
5.95241392376101,1.20203012264004
5.95431205926225,1.2017452999875
5.95621033841319,1.2014606667764
5.95810876308957,1.20117622256177
5.96000733333112,1.20089196719898
5.96190604889529,1.20060790056795
5.96380491051982,1.20032402240339
5.9657039174211,1.20004033266962
5.96760307134909,1.19975683095166
5.96950237434361,1.19947351681792
5.97140182356565,1.19919039054292
5.97330142079198,1.19890745168833
5.9752011644248,1.19862470034524
5.97710105608137,1.19834213611286
5.97900109533466,1.19805975891472
5.98090128462211,1.19777756824548
5.98280162143031,1.19749556433647
5.98470210825057,1.19721374665471
5.9866027434484,1.19693211530524
5.98850352888202,1.19665066985597
5.99040446396664,1.1963694102567
5.99230555009736,1.19608833615253
5.99420678624721,1.19580744755258
5.99610817279982,1.19552674424219
5.99800971106925,1.19524622588749
5.99991140121297,1.19496589232985
6.00181324239342,1.19468574354108
6.00371523601337,1.19440577916438
6.00561738072622,1.19412599925578
6.00751967630676,1.19384640368661
6.00942212648474,1.19356699177794
6.01132472864027,1.1932877637907
6.01322748454347,1.1930087193031
6.01513039398709,1.19272985821336
6.01703345742351,1.19245118030982
6.01893667404448,1.19217268556456
6.0208400455514,1.19189437358393
6.0227435727484,1.19161624412545
6.02464725280913,1.19133829745085
6.0265510881686,1.1910605330448
6.0284550792112,1.19078295073157
6.03035922674859,1.19050555025835
6.03226352785317,1.19022833190052
6.03416798674752,1.18995129489338
6.03607260249201,1.18967443926572
6.03797737430026,1.18939776497785
6.03988230219667,1.18912127187517
6.04178738804972,1.18884495955392
6.04369263089446,1.18856882802589
6.04559803127813,1.18829287706467
6.04750358995406,1.18801710642862
6.04940930647833,1.18774151604652
6.05131518079021,1.18746610578233
6.05322121518303,1.1871908751755
6.05512740900901,1.18691582419865
6.0570337616092,1.18664095279825
6.05894027343833,1.18636626076453
6.06084694515264,1.18609174787144
6.06275377731049,1.18581741390966
6.06466076957717,1.18554325879303
6.06656792174573,1.18526928240909
6.06847523370302,1.18499548463371
6.07038270792141,1.1847218649865
6.07229034263586,1.18444842359875
6.07419813844438,1.18417516023515
6.07610609779041,1.1839020744265
6.07801421915226,1.18362916627048
6.0799225026523,1.18335643560025
6.08183094881353,1.18308388220803
6.0837395590048,1.18281150577504
6.08564833081122,1.18253930651193
6.08755726653649,1.18226728394448
6.08946636517632,1.18199543809742
6.09137562773666,1.18172376869041
6.09328505543635,1.18145227543169
6.09519464777488,1.18118095826851
6.09710440389217,1.18090981718085
6.0990143242823,1.1806388519594
6.1009244102249,1.18036806230113
6.10283466153164,1.18009744811239
6.1047450776972,1.17982700932906
6.106655660438,1.17955674558014
6.1085664104172,1.1792866566599
6.11047732580593,1.17901674269331
6.11238840792836,1.17874700335151
6.1142996560998,1.17847743860878
6.11621107339057,1.17820804791168
6.11812265798376,1.1779388314059
6.12003440907176,1.17766978905505
6.12194632891409,1.17740092041411
6.12385841641947,1.17713222552317
6.1257706727589,1.17686370408554
6.1276830952502,1.17659535634632
6.12959568726894,1.17632718169597
6.13150844952783,1.1760591799414
6.13342138131035,1.17579135106018
6.13533448322931,1.17552369483486
6.13724775456152,1.17525621124052
6.13916119570194,1.17498890009014
6.14107480687583,1.17472176123012
6.14298858786444,1.17445479456611
6.14490254162385,1.17418799957269
6.14681666602424,1.17392137643795
6.14873096076398,1.17365492505766
6.15064542705624,1.17338864513953
6.15256006455069,1.17312253661715
6.15447487560488,1.17285659904739
6.15638985821844,1.17259083259546
6.15830501384341,1.1723252369247
6.1602203430507,1.17205981184702
6.16213584347275,1.17179455756085
6.1640515193876,1.17152947334937
6.16596736804392,1.17126455949534
6.16788338972574,1.17099981581401
6.16979958621929,1.17073524194581
6.17171595671942,1.17047083789254
6.17363250228321,1.17020660338464
6.17554922151514,1.16994253849492
6.17746611676541,1.16967864277689
6.17938318670667,1.1694149163066
6.18130043224865,1.16915135883089
6.18321785249325,1.1688879703556
6.18513544904847,1.16862475053934
6.18705322288845,1.16836169914748
6.18897117219881,1.16809881630944
6.19088929880422,1.16783610164734
6.19280760239581,1.16757355509814
6.19472608110767,1.16731117678664
6.1966447391203,1.16704896602506
6.19856357429573,1.16678692301427
6.20048258629791,1.16652504766191
6.20240177759324,1.16626333952063
6.20432114619218,1.16600179875655
6.20624069457727,1.16574042490826
6.20816042195808,1.16547921798346
6.21008032848067,1.16521817783899
6.21200041408504,1.16495730436597
6.21392067896667,1.16469659742114
6.21584112341704,1.16443605685146
6.21776174653585,1.16417568266116
6.21968255035616,1.16391547446047
6.22160353482268,1.16365543215917
6.22352470143313,1.16339555544641
6.22544604802058,1.16313584450231
6.22736757450308,1.16287629920252
6.22928928352515,1.16261691908586
6.2312111730692,1.16235770432458
6.23313324396577,1.16209865467898
6.23505549760409,1.16183976986083
6.2369779335406,1.16158104982679
6.23890055213893,1.16132249441206
6.24082335474658,1.16106410333089
6.2427463379715,1.16080587692129
6.24466950612391,1.16054781448152
6.24659285779636,1.16028991611835
6.24851639254763,1.16003218176512
6.25044011192228,1.15977461110463
6.25236401473143,1.15951720419175
6.25428810203136,1.15925996076801
6.2562123732439,1.15900288080509
6.25813682910492,1.15874596409199
6.26006147019824,1.15848921044869
6.26198629783749,1.15823261960067
6.26391130968554,1.15797619174906
6.26583650804602,1.15771992646626
6.26776189264718,1.15746382369613
6.2696874631147,1.15720788337481
6.27161321939217,1.15695210539562
6.27353916262779,1.15669648950099
6.27546529440468,1.15644103538905
6.27739161181361,1.15618574333677
6.27931811492553,1.15593061319996
6.28124480696936,1.15567564445692
6.28317168680406,1.15542083717405
6.28509875412777,1.15516619127231
6.28702600921925,1.15491170660418
6.28895345403777,1.15465738281443
6.29088108829378,1.15440321984941
6.29280890946721,1.15414921791943
6.29473691967557,1.15389537662494
6.29666512023043,1.15364169571028
6.29859351015625,1.15338817520495
6.30052208976588,1.15313481495388
6.30245085790186,1.152881614999
6.30437981748937,1.15262857485362
6.30630896839576,1.15237569445387
6.30823830983431,1.15212297379279
6.31016784011299,1.15187041297045
6.31209756247677,1.15161801145629
6.31402747720093,1.15136576913863
6.31595758219307,1.15111368617961
6.31788787857417,1.15086176231411
6.31981836779535,1.15060999726374
6.32174904985511,1.15035839093742
6.32367992289333,1.15010694346462
6.32561098988773,1.14985565435038
6.32754224900349,1.14960452374626
6.32947370158536,1.14935355136479
6.33140534790194,1.14910273707946
6.33333718684203,1.14885208092866
6.33526921833893,1.14860158280766
6.33720144476058,1.14835124231664
6.33913386554049,1.14810105944458
6.34106647990734,1.14785103418091
6.34299928937657,1.14760116622674
6.34493229415746,1.14735145546652
6.34686549315188,1.14710190193716
6.34879888813442,1.14685250530601
6.35073247709049,1.14660326573684
6.35266626320525,1.14635418271546
6.35460024431624,1.14610525643597
6.35653442242588,1.14585648653102
6.35846879584965,1.14560787312472
6.36040336562144,1.14535941597426
6.3623381319827,1.1451111149575
6.36427309619542,1.1448629698206
6.36620825704728,1.14461498062409
6.36814361610572,1.14436714706386
6.37007917383037,1.14411946899597
6.37201492810016,1.14387194658655
6.37395087966542,1.14362457962497
6.37588703017315,1.14337736781487
6.37782337903627,1.1431303111444
6.37975992650164,1.14288340947974
6.38169667178319,1.14263666282044
6.38363361737033,1.14239007075554
6.38557076215605,1.14214363334369
6.3875081069198,1.14189735038226
6.38944565000749,1.14165122198172
6.39138339343336,1.14140524778355
6.3933213369095,1.14115942774219
6.3952594806474,1.14091376173274
6.39719782502673,1.14066824961301
6.39913637025268,1.14042289126398
6.40107511689898,1.1401776865204
6.40301406479397,1.13993263531108
6.4049532139036,1.13968773754198
6.40689256459202,1.13944299307169
6.4088321167344,1.1391984018222
6.41077187159235,1.13895396354312
6.41271182753956,1.13870967834676
6.41465198868615,1.13846554562488
6.41659235199088,1.13822156568482
6.41853291783668,1.13797773835972
6.42047368631299,1.13773406354503
6.42241465823053,1.1374905410487
6.42435583484454,1.13724717063116
6.42629721377731,1.13700395249593
6.42823879673018,1.136760886323
6.43018058242368,1.13651797218609
6.43212257324905,1.1362752096929
6.43406476827103,1.13603259888218
6.43600716947575,1.13579013941379
6.43794977410746,1.13554783154161
6.43989258425428,1.13530567489809
6.44183560084334,1.13506366929492
6.44377882135475,1.13482181495005
6.44572224893658,1.13458011137147
6.44766588168559,1.13433855871999
6.44960972236766,1.13409715655659
6.45155376737847,1.13385590524234
6.45349802101779,1.13361480414092
6.45544247925583,1.1333738536765
6.45738714618415,1.13313305323604
6.45933201935143,1.132892403053
6.46127710019731,1.13265190284486
6.46322239045885,1.13241155232382
6.46516788685611,1.13217135180394
6.46711358858126,1.13193130126292
6.46905950098719,1.1316913999654
6.47100562182712,1.13145164813282
6.4729519514386,1.13121204561722
6.47489848997014,1.13097259231142
6.47684523634842,1.13073328825328
6.478792191566,1.13049413322601
6.480739357942,1.13025512687295
6.48268673422609,1.13001626927168
6.48463432091466,1.12977756026334
6.48658211740356,1.12953899983238
6.48853012433437,1.12930058780828
6.49047834097146,1.12906232419339
6.49242676874272,1.12882420872435
6.49437540566403,1.12858624155754
6.49632425404932,1.12834842231599
6.49827331447135,1.12811075086228
6.50022258558308,1.12787322727173
6.50217206910233,1.12763585124274
6.50412176519975,1.12739862268028
6.50607167296501,1.12716154160462
6.50802179335905,1.12692460780709
6.50997212376945,1.12668782151321
6.51192266907452,1.12645118204338
6.51387342579801,1.1262146897561
6.51582439518998,1.12597834439103
6.51777557899197,1.12574214566631
6.51972697518005,1.12550609374584
6.52167858667136,1.12527018818611
6.52363041160765,1.12503442913957
6.52558245059047,1.1247988164348
6.52753470457946,1.12456334987738
6.52948717108413,1.1243280296784
6.53143985302379,1.12409285539233
6.53339274908475,1.12385782710884
6.53534586032353,1.12362294460987
6.53729918708225,1.12338820777796
6.53925273003823,1.12315361645197
6.54120648800584,1.12291917068873
6.54316046188971,1.12268487028832
6.54511465163261,1.12245071517886
6.54706905789015,1.12221670519934
6.5490236798396,1.12198284036489
6.55097851833986,1.12174912048506
6.55293357465159,1.12151554533654
6.55488884801361,1.12128211493275
6.55684433855971,1.12104882916762
6.55880004528259,1.12081568807309
6.56075596981646,1.12058269136914
6.56271211137752,1.12034983907494
6.56466847073693,1.12011713101262
6.56662504948058,1.11988456692254
6.56858184726937,1.11965214677277
6.57053886257976,1.11941987065136
6.57249609745896,1.11918773822772
6.57445355088697,1.11895574955104
6.57641122151166,1.11872390468524
6.57836911218774,1.1184922032104
6.58032722375061,1.11826064497134
6.58228555448601,1.11802923008832
6.58424410469362,1.11779795843043
6.58583904107207,1.11760853212223
6.58583904107213,1.11760853212209
6.58779781209068,1.1116347204531
6.59173512468243,1.09979212446724
6.59566972571305,1.08818076713674
6.59960963548173,1.07677906559717
6.60355633662147,1.06558047747122
6.6075102999514,1.05458118586519
6.61147191882803,1.04377764867294
6.61544156654217,1.03316644943999
6.6194196096905,1.02274425803975
6.62340642369901,1.0125077885603
6.62740236194961,1.00245387747709
6.63140778634056,0.992579402474675
6.63542304860635,0.982881328226583
6.63944849774632,0.973356685510545
6.64348447775573,0.964002574761352
6.64753133435818,0.954816148777759
6.65158940058233,0.945794643892064
6.65565902046022,0.936935325025495
6.65974052294879,0.928235542236088
6.66383424355009,0.919692681758164
6.66794051066571,0.911304194077168
6.67205964919213,0.903067584351895
6.676191987161,0.894980397890095
6.68033784372848,0.887040242653732
6.68449754797847,0.879244751672275
6.68867142004248,0.871591618396614
6.69285977874373,0.864078580461367
6.6970629420577,0.856703417748747
6.70128122796144,0.849463949922082
6.70551495258289,0.842358038644846
6.70976443728566,0.835383574890692
6.71403000453574,0.828538485610537
6.71831196681405,0.821820750280686
6.72261064410394,0.815228371787796
6.72692634778163,0.808759400787466
6.73125940200174,0.802411902463525
6.73561012470427,0.79618398474048
6.73997883646758,0.790073784219452
6.74436585441625,0.784079474037156
6.74877150370323,0.778199247390667
6.75319610679196,0.772431331819867
6.75763998476084,0.766773986382454
6.76210346695648,0.761225488825339
6.76658686818028,0.755784163410503
6.77109053409782,0.750448324912185
6.77561478690786,0.745216344328313
6.78015995469623,0.740086612134739
6.78472637704571,0.735057532264513
6.78931439196127,0.730127536810834
6.79392433962852,0.725295081200585
6.7985565600496,0.720558646142862
6.80321139573432,0.715916734248587
6.80788919086894,0.711367870445486
6.81259029756342,0.706910595646669
6.81731506915377,0.702543473123107
6.82206386458516,0.69826508406021
6.82683704298319,0.694074032221558
6.83163497195031,0.689968936281147
6.8364580196227,0.685948436616101
6.84130654708326,0.682011200772521
6.84618093463338,0.678155901557645
6.85108156868929,0.674381228344167
6.85600882527979,0.670685899238656
6.86096309551948,0.667068641040359
6.86594477638066,0.663528196540248
6.87095425968498,0.660063331943952
6.87599195356955,0.656672821497928
6.88105826472272,0.65335545982088
6.88615360184103,0.650110058966824
6.89127838370574,0.646935443043574
6.89643304385906,0.643830445680841
6.90161801238022,0.640793921161041
6.9068337247228,0.637824738541255
6.91208061743759,0.63492178380011
6.91735914555703,0.632083950105532
6.92266976242795,0.629310149010053
6.92801294104764,0.626599299042354
6.93338914275082,0.623950341740162
6.93879884864618,0.621362225384786
6.94424254983304,0.618833910267767
6.94972073050559,0.616364376272905
6.9552338986672,0.613952608579375
6.96078256910843,0.611597605742077
6.96636724880667,0.609298385441299
6.97198847833526,0.607053967121118
6.97764678164915,0.604863392589365
6.98334271364189,0.602725706864049
6.98907682525376,0.600639971879779
6.9948496854809,0.59860525803709
7.00066187365246,0.596620647210173
7.0065139654454,0.594685237266859
7.01240657180052,0.592798129032936
7.01834029657148,0.590958440439088
7.02431575217056,0.589165300958484
7.03033358094293,0.587417845347126
7.03639442269805,0.585715223460994
7.0424989367437,0.584056593667214
7.04864780100497,0.582441123374785
7.05484168632825,0.580867995686958
7.06108130196655,0.579336397547273
7.06736734974212,0.577845531455459
7.07370056539686,0.5763946052788
7.08008169486809,0.574982838176979
7.08651148920233,0.573609461478476
7.09299071807519,0.572273715560144
7.09952017801201,0.570974848354588
7.10610068016459,0.569712118032349
7.1127330527792,0.568484792477172
7.1194181320103,0.567292150889564
7.1261567910355,0.566133478559401
7.13294991563065,0.565008071434853
7.13979839850625,0.563915236815212
7.14670317477805,0.562854287639567
7.15366518497175,0.561824548511375
7.16068539320478,0.560825352735556
7.16776479477285,0.559856041374957
7.17490439924168,0.55891596568663
7.18210526128385,0.558004483087494
7.18936843977697,0.557120962574999
7.19669502566408,0.556264781057095
7.2040861259656,0.555435325289231
7.21154290550964,0.554631987266134
7.21906654487087,0.553854169172389
7.22665824626812,0.553101282555836
7.2343192475027,0.552372746896317
7.24205082477032,0.551667989488514
7.24985428429773,0.550986446316521
7.25773094956834,0.550327563077204
7.26568221294442,0.549690790872937
7.2737094936662,0.549075589980156
7.2818142202699,0.548481430971606
7.28999792290179,0.547907787964334
7.29826210336024,0.547354148138425
7.30660835870665,0.546820002990209
7.31503831815771,0.546304852913991
7.32355365305412,0.545808206493604
7.33215607620861,0.545329580520978
7.34084737500733,0.544868498240248
7.34962935646757,0.544424492410052
7.35850391784272,0.543997101634965
7.36747300177961,0.543585872837006
7.3765385761885,0.543190362024937
7.38570273267964,0.542810130000213
7.39496758451019,0.542444746975413
7.40433532533059,0.542093790045236
7.41380822266712,0.541756843592104
7.42338863984665,0.541433498649305
7.43307896319015,0.541123355411813
7.44288170200928,0.54082601988047
7.45279943472063,0.540541105774537
7.46283484602594,0.540268233483687
7.47299069786469,0.54000703098221
7.48326983130628,0.539757133728735
7.4936752077664,0.539518183687072
7.50420993586223,0.539289828946103
7.51487714651314,0.539071726502911
7.52568014972246,0.538863538854052
7.53662236905558,0.538664935567716
7.54770734819126,0.538475593177559
7.55893877854952,0.538295194761119
7.57032045311077,0.538123430729868
7.58185635275219,0.537959997510832
7.59355061970767,0.53780459811756
7.60540759233094,0.537656941796669
7.61743168382344,0.537516745560367
7.62962755601961,0.537383732022974
7.64200010451758,0.537257629840987
7.6545543592431,0.537138174804966
7.66729556885123,0.537025108928773
7.68022927908377,0.536918179884566
7.69336119739622,0.536817142250385
7.70669739345557,0.536721755947617
7.7202440770032,0.536631787977875
7.73400782139331,0.536547010813877
7.74799553855264,0.536467202759553
7.76221442407774,0.536392148334208
7.77667205127147,0.536321637779892
7.79137627928442,0.536255467554376
7.80633552583176,0.536193439135275
7.82155849273877,0.536135360336985
7.83705436389708,0.53608104445761
7.85283286090617,0.536030310194199
7.86890418669639,0.535982981910884
7.88527907084355,0.535938889505736
7.90196888798106,0.535897868133041
7.91898558986939,0.535859758436061
7.93634192220928,0.535824406091372
7.9540512883616,0.535791662177893
7.97212789596126,0.535761382891515
7.99058687237448,0.535733429409468
8.00944427414701,0.535707667942852
8.02871717043575,0.535683969652986
8.04842364990233,0.535662210660554
8.06858309880798,0.535642271756643
8.08921619068741,0.535624038483839
8.1103450020806,0.535607401053909
8.13199315401872,0.535592254257082
8.15418607918521,0.535578497312656
8.1769508459144,0.535566034005974
8.20031698366082,0.535554772242683
8.22431592766972,0.535544624394213
8.2489818144716,0.535535506919267
8.27435143867522,0.535527340425432
8.30046485319175,0.535520049482251
8.3273653898183,0.535513562643551
8.35510043445022,0.535507812259866
8.38372134531662,0.535502734511894
8.41328479420569,0.535498269163064
8.44385241147173,0.535494359640396
8.47549257680589,0.535490952782006
8.50828019731973,0.535487998883198
8.54229816536781,0.535485451526981
8.57763914354228,0.53548326745436
8.61440584916009,0.535481406550012
8.65271318825707,0.53547983169554
8.69269068225342,0.535478508654911
8.73448385435383,0.535477406008617
8.77825827134847,0.535476495008936
8.82420240254417,0.535475749496079
8.87253155714141,0.535475145788418
8.92349539094577,0.535474662544644
8.97738271736312,0.535474280679963
9.03453097496756,0.535473983236422
9.09533853902579,0.535473755260504
9.16027881748351,0.535473583688386
9.22992036339971,0.535473457220874
9.30495334711796,0.535473366198538
9.38622511347767,0.535473302474735
9.47479362986405,0.53547325928416
9.57199879618828,0.535473231114146
9.67956924938367,0.535473213571613
9.7997854533631,0.535473203249104
9.93573827406712,0.535473197590846
10,0.535473196134369
