Time_s,Motor_Torque_Nm
0,124.6
5.6691999554816e-30,124.6
6.81617413467732e-09,124.60000245975
4.08970448080639e-08,124.60001475581
2.11301398174997e-07,124.600076178226
8.546747819125e-07,124.600307215311
1.50014874126267e-06,124.600537634538
2.1469507941085e-06,124.600767154505
2.79475483826294e-06,124.600995656107
3.47802459533756e-06,124.601235182709
4.19250657591331e-06,124.601484027086
4.93511128521215e-06,124.60174091399
5.70347077689683e-06,124.602004838654
6.49576259137992e-06,124.602275000463
7.31057427141244e-06,124.60255075208
8.14679269693988e-06,124.602831558365
9.00354720606548e-06,124.603116974504
9.88016252257925e-06,124.603406627997
1.07761149772353e-05,124.603700202294
1.16910169106541e-05,124.603997430126
1.26245914303415e-05,124.604298083907
1.3576658787922e-05,124.604601970157
1.45471263872052e-05,124.604908925264
1.55359775575076e-05,124.60521881096
1.65432627416972e-05,124.605531510722
1.75690975953121e-05,124.605846928396
1.86136555316386e-05,124.606164985166
1.96771660960097e-05,124.606485618371
2.07599098429904e-05,124.606808779311
2.18622176347263e-05,124.607134432427
2.29844716240797e-05,124.607462554981
2.41271004470689e-05,124.607793135048
2.52905806217559e-05,124.608126171354
2.64754377815264e-05,124.608461673048
2.76822437071795e-05,124.608799658281
2.89116227362658e-05,124.609140155422
3.0164248066805e-05,124.609483201417
3.14408461325488e-05,124.609828842382
3.27421981243487e-05,124.610177133377
3.4069143872946e-05,124.610528138774
3.54225831198596e-05,124.610881931886
3.68034812557935e-05,124.611238595736
3.821287183035e-05,124.611598222909
3.96518632967261e-05,124.611960916442
4.11216450098857e-05,124.612326790411
4.26234925752258e-05,124.612695970282
4.41587778924923e-05,124.61306859431
4.57289774524392e-05,124.613444814362
4.73356814886104e-05,124.613824796818
4.89806102871369e-05,124.614208724996
5.06656241405687e-05,124.61459679986
5.23927462790358e-05,124.614989243505
5.41641794653757e-05,124.615386300872
5.59823329074652e-05,124.61578824346
5.78498510784751e-05,124.616195373028
5.97696513177274e-05,124.616608026704
6.17449707574687e-05,124.617026583455
6.37794205558311e-05,124.617451471296
6.58770572028159e-05,124.617883177108
6.80424809584013e-05,124.618322260727
7.02809521173441e-05,124.618769370932
7.25985564487662e-05,124.619225269056
7.50024320135044e-05,124.619690861587
7.75010838494229e-05,124.620167245463
8.01048592535303e-05,124.620655777763
8.28266568936222e-05,124.621158179775
8.56830938632925e-05,124.62167671072
8.86965147031733e-05,124.622214468999
9.1898827344871e-05,124.622775973215
9.53398387467559e-05,124.623368436779
9.91094396938797e-05,124.624005192693
0.000103423132440762,124.624719026049
0.000108440371287514,124.625530687897
0.000113328167964305,124.626303220399
0.000117801822875649,124.626995079652
0.000122172781016528,124.627657737479
0.000126475327934966,124.628298030485
0.000130748298712679,124.628922845179
0.000135016099826328,124.629536512937
0.000139296264133052,124.630142104261
0.000143601998456693,124.6307418947
0.000147943740813341,124.631337645167
0.000152330087330079,124.631930768966
0.000156768356872786,124.632522434412
0.000161264983937934,124.633113635286
0.000165825758219792,124.633705235103
0.000170456026475975,124.634298002637
0.000175160809835194,124.634892633823
0.000179944902344821,124.635489769496
0.00018481294700403,124.636090008956
0.000189769502371813,124.636693921356
0.000194819069477588,124.637302051502
0.000199960773516196,124.637914291642
0.000205195436287274,124.638530745748
0.000210551290495277,124.639154702535
0.00021601783705179,124.639784883723
0.000221600345097246,124.640421859134
0.00022730365330446,124.64106614115
0.000233132727089191,124.641718248761
0.000239092661343595,124.642378708379
0.000245188704545164,124.643048057184
0.000251426251206131,124.643726842981
0.000257810848220172,124.644415625645
0.000264348209947659,124.645114979514
0.000271044190084802,124.645825491198
0.000277904793819079,124.646547761805
0.000284936152501962,124.647282405278
0.000292144511603171,124.648030048277
0.000299536173591228,124.648791325536
0.0003071175019035,124.649566881741
0.000314894827029031,124.650357363503
0.000322874400093194,124.651163416487
0.000331062312001299,124.651985679247
0.000339464399633714,124.652824776003
0.000348086119064584,124.65368130637
0.000356932443666764,124.65455583778
0.000366007706664884,124.655448892548
0.000375315460149012,124.656360936691
0.000384858347721855,124.65729237007
0.00038840098899538,124.657637212695
0.000388400988995383,124.657637212695
0.000398180598015491,124.658586493471
0.000408291151556224,124.659565500041
0.000418628995377719,124.660563924208
0.000429199027459091,124.661582407599
0.000439998143823568,124.662620923199
0.000451021586767048,124.663679327641
0.000462263530162292,124.664757404717
0.000473717431573655,124.665854895099
0.000485376319465125,124.666971521056
0.000497233089383631,124.668107012043
0.000509280827734428,124.669261132883
0.000521513073475191,124.670433706136
0.00053392404327174,124.671624631288
0.000546508873151448,124.672833906016
0.000559263702353823,124.674061632892
0.000572185801956947,124.675308031033
0.000585273645565468,124.676573442836
0.000598526895838578,124.677858333227
0.000611946425440169,124.679163292807
0.000625534295008259,124.680489037367
0.000639293711132978,124.68183640592
0.000653229035377955,124.683206364157
0.000667345731343238,124.68460000223
0.000681650384205503,124.686018540057
0.000696150666562767,124.687463327709
0.000710855399128318,124.688935855622
0.000725774548859193,124.690437759074
0.000740919325231769,124.691970833021
0.000756302221968645,124.693537042096
0.000771937174337166,124.695138543089
0.000787839706319515,124.696777707444
0.000804027068461387,124.698457143923
0.000820518546763987,124.700179740388
0.000837335737166349,124.701948703985
0.000854502955042776,124.703767617801
0.000872047764574895,124.705640513298
0.000890001623671207,124.7075719591
0.000901291800803309,124.708794683768
0.000901291800803316,124.708794683768
0.00091969095167111,124.710802992587
0.000938858076621499,124.71291002786
0.000958625860897912,124.715101481838
0.000979039320378248,124.717384773746
0.00100017749818678,124.719771103824
0.00102214687726076,124.722275159255
0.00104509006579234,124.724916354889
0.00106920696460608,124.727721578793
0.00109479861959877,124.730730809974
0.00112237237628539,124.734010494909
0.00115296836058683,124.73769482506
0.00118686372986162,124.741831581631
0.00122313752806553,124.746322646661
0.0012573776756233,124.750623166395
0.00128891273901267,124.754637379107
0.00131924322969571,124.758546338633
0.00134891698922749,124.762415407749
0.0013782163346908,124.766278329065
0.00140731818717731,124.770156501175
0.0014363447175917,124.774064960888
0.00146538618886163,124.778015067781
0.00149451278210837,124.782015889298
0.00152378134629707,124.786074989374
0.00155323948109406,124.79019890353
0.00158292827079821,124.79439345894
0.00161288395743995,124.798663966357
0.00164313921749044,124.803015369263
0.00167372405569061,124.807452347948
0.00170466641818191,124.81197938976
0.00173599273197976,124.816600853503
0.00176772827444624,124.82132101272
0.00179989744980243,124.826144087925
0.00183252400621144,124.831074271973
0.0018656313330589,124.836115769337
0.00189904043080941,124.841241696882
0.00193251395210227,124.846415309091
0.00196607322173031,124.851639191886
0.00199973768644297,124.856915692374
0.00203352530818407,124.86224700531
0.00206745267309734,124.867635185056
0.00210153517146213,124.873082165256
0.00213578715193899,124.878589775215
0.00217022209809058,124.884159761118
0.0022048527170723,124.889793794284
0.00223969103326717,124.895493481046
0.00227474849397435,124.901260375397
0.00231003602196037,124.907095983613
0.00234556409289614,124.913001773507
0.00238134274340162,124.918979172614
0.0024173816775221,124.925029583141
0.00245369026189712,124.931154378739
0.0024902775627786,124.937354908481
0.0025271523918695,124.943632502619
0.00256432333494633,124.949988475682
0.00260179874592896,124.956424123848
0.00263958679184206,124.962940731151
0.00267769548438116,124.969539573615
0.0027161326517092,124.976221913177
0.00271807131907027,124.976559734466
0.00271844482795676,124.976624861652
0.00271881833684326,124.976689997396
0.00271927400228981,124.976769464627
0.00271937701359937,124.976787430173
0.00271941440971751,124.976793952273
0.00271945180583564,124.976800474405
0.00271949466183422,124.976807948788
0.0027197089418271,124.976845320753
0.00272078034179153,124.977032181555
0.00272613734161368,124.977966509671
0.00275292234072441,124.98263874889
0.00280757785647888,124.992175641472
0.0028633214822992,125.001906663275
0.00292042666232865,125.011879904969
0.00297892239405701,125.022100643383
0.00303884227461074,125.032574942992
0.00310022085003019,125.043309039586
0.00311206559256076,125.045381069775
0.00311206559256078,125.045381069775
0.00315430483562879,122.933418916375
0.0031593541472631,122.680953334659
0.00316440345889742,122.428487752944
0.00316796388207473,122.250466594078
0.00317152430525205,122.072445435212
0.00317457456480743,121.919932457443
0.00317762482436282,121.767419479674
0.00318130167770953,121.583576812338
0.00318288027628412,121.504646883609
0.00318338073987686,121.480198777644
0.0031838812034696,121.456025094511
0.00318638352143329,121.335327574507
0.00319889511125177,120.736093040983
0.00321637381217745,119.910711219151
0.00323390730342474,119.096297277166
0.00325151797816264,118.291741747275
0.00326920603033308,117.496993607911
0.00328697176998972,116.711996159183
0.00330481551305133,115.936691930111
0.00332273758634534,115.171022456872
0.00334073832400182,114.414928477476
0.00335881805476612,113.668350486597
0.00337697713641375,112.931227341586
0.0033952159215813,112.20349772444
0.00341353477701593,111.48509938403
0.00343193406530082,110.775969890278
0.00345041417302282,110.076045570385
0.00346897547557797,109.385262893686
0.00348761837326858,108.703557133355
0.0035063432639089,108.03086342844
0.00352515056392235,107.367116043411
0.00354404068635801,106.71224918692
0.00356301405421407,106.066196556203
0.00358207110232194,105.428891309518
0.00360121227602701,104.800266148548
0.00362043801982133,104.180253716025
0.00363974879715922,103.568785974335
0.00365914506610484,102.965795013012
0.00367862731145982,102.371212063874
0.00369819601043175,101.784968596937
0.0037178516559841,101.206995619986
0.00373759475326863,100.637223824718
0.0037574258104521,100.075583877171
0.0037773453377562,99.5220064519581
0.00379735387221084,98.9764215689447
0.00381745194928902,98.4387594134801
0.00383764010989776,97.9089501490919
0.00385791891314352,97.3869236042891
0.00387828892087093,96.8726097024101
0.00389875070876836,96.3659381935586
0.00391930486163592,95.8668387990913
0.00393995197014172,95.3752413065702
0.00396069263868336,94.8910753984061
0.00398152748273628,94.4142707399207
0.00400245712249867,93.9447571414561
0.00402348219575644,93.4824642844891
0.00404460333742803,93.0273221920129
0.00406582121072838,92.5792605659028
0.00408713647582584,92.1382094840874
0.00410854980797793,91.7040990243506
0.00413006189760393,91.276859288392
0.00415167344566197,90.8564205154191
0.00417338515474988,90.4427132643438
0.00419519775169301,90.0356679930947
0.00421711196576521,89.6352154925166
0.00423912853372119,89.2412867943878
0.00426124822064749,88.8538128167041
0.00428347179109196,88.4727248980921
0.00430580002708522,88.0979544890875
0.00432823372341211,87.729433251935
0.00435077368537256,87.3670931098494
0.00437342073194449,87.0108662069852
0.00439617568116484,86.6606851450486
0.0044190393951444,86.3164823022182
0.0044420127348,85.9781905555326
0.00446509656176939,85.6457432410474
0.00448829176672186,85.3190737505976
0.00451159924276985,84.9981159292073
0.00453501991574184,84.6828036651783
0.00455855471870381,84.373071260341
0.00458220458740867,84.0688534871453
0.00460597048477779,83.7700852770311
0.00462985338487302,83.4767019428104
0.00465385428215708,83.1886390726971
0.00467797418334232,82.9058326410941
0.0047022141085696,82.6282189996628
0.0047265751081962,82.3557346974151
0.0047510582283883,82.0883168792031
0.00477566455400573,81.8259028154493
0.00480039517819257,81.5684302512531
0.00482525121028348,81.3158373238209
0.00485023376927565,81.0680626328339
0.00487534401714537,80.8250449201305
0.00490058311128842,80.5867235502867
0.00492595223870934,80.353038180016
0.00495145260814851,80.1239288477651
0.00497708544990749,79.8993359850726
0.00500285200492293,79.6792005176948
0.00502875354035188,79.46346373413
0.00505479135183865,79.2520672803703
0.00508096674443798,79.0449533232611
0.00510728105586097,78.8420643678288
0.0051337356408341,78.6433433904462
0.00516033188150024,78.4487337646933
0.00518707117907249,78.2581793305755
0.00521395495631388,78.0716243795287
0.0052409846837243,77.8890134837547
0.00526816182832198,77.7102918552586
0.00529548789969704,77.5354050354029
0.00532296442729973,77.3642990549414
0.00535059297444431,77.1969203504383
0.00537837511439553,77.033215914536
0.00540631248208646,76.873132994897
0.0054344067068078,76.7166194960427
0.00546265946729916,76.5636236633064
0.0054910724706259,76.414094213046
0.00551964744585973,76.2679803680247
0.00554838616434994,76.1252317566088
0.00557729042510688,75.9857984948227
0.00560636207849454,75.8496310783785
0.00563560298431714,75.7166805874544
0.00566501504468504,75.5868985316891
0.00569460019849549,75.460236883036
0.0057243604310966,75.3366480414023
0.00575429776547476,75.2160848800874
0.00578441425035918,75.09850079564
0.00581471198999124,74.9838495933868
0.00584519312054493,74.8720855861
0.0058758598146546,74.7631635771321
0.00590671430744685,74.6570387734446
0.00593775886259727,74.553666911602
0.00596899579517844,74.4530041808107
0.0060004274780606,74.3550072104439
0.00603205632379309,74.2596331332942
0.006063884788986,74.166839572544
0.006095915386982,74.0765846078911
0.00612815068581005,73.988826787704
0.00616059332239181,73.903525097165
0.00619324596267145,73.8206390681585
0.00622611135311315,73.7401286471629
0.00625919228853593,73.6619542837826
0.00629249164862057,73.5860768481368
0.00632601234631116,73.5124577555813
0.00635975737686979,73.4410588564332
0.00639372980525499,73.3718424718028
0.0064279327653672,73.3047713996671
0.00646236947238707,73.2398088955148
0.00649704319435037,73.1769187300117
0.00653195729457549,73.1160651126465
0.00656711522409961,73.0572127143961
0.00660252049602343,73.0003267145963
0.00663817673396422,72.9453727249436
0.0066740876472651,72.8923168373074
0.00671025704642922,72.8411256052769
0.00674668882556743,72.7917660740915
0.00678338697206012,72.7442057688583
0.00682035560607313,72.6984126491765
0.00685759894687914,72.6543551605603
0.00689512131638902,72.612002232475
0.00693292718479261,72.5713232323456
0.00697102110482116,72.5322880439279
0.00700940780904601,72.4948669696424
0.00704809212103449,72.4590308284459
0.00708707905240371,72.4247508677163
0.00712637371777812,72.3919988486518
0.00716598142103098,72.3607469758755
0.0072059076033032,72.3309679486647
0.00724615789410102,72.3026349270134
0.00728673812765126,72.2757215313049
0.00732765427226731,72.2502018967799
0.0073689125206855,72.2260506189139
0.00741051928406166,72.203242768928
0.00745248121588434,72.1817538913409
0.0074948051541747,72.1615600423203
0.00753749819268583,72.1426377594195
0.00758056771841323,72.1249640572056
0.00762402136026407,72.108516460337
0.00766786706508392,72.0932729825979
0.00771211306075945,72.0792121519658
0.00775676797222006,72.0663129849802
0.00780184071870132,72.0545550325303
0.00784734062668757,72.043918358688
0.00789327739368784,72.0343835641971
0.00793966118322554,72.0259317794848
0.0079865026123673,72.0185446846852
0.00803381279302506,72.0122045182737
0.00808160339018564,72.0068940866395
0.0081298866639087,72.0025967794021
0.00817867547287925,71.9992965888026
0.00822798336369641,71.9969781226638
0.00827782463134534,71.9956266247256
0.0083282143941649,71.9952279977842
0.00837916864793877,71.9957688302283
0.00843070439460908,71.9972364262291
0.00848283967081673,71.9996188386106
0.00853559368741401,72.0029049067059
0.00858898706155327,72.0070843094107
0.00864304173357131,72.0121476012479
0.00869778141590713,72.0180862950779
0.00875323158019732,72.0248929154256
0.00880941975884852,72.0325610869443
0.00886637582615631,72.0410856337288
0.00892413241685695,72.0504627122999
0.00898272515443121,72.0606899287017
0.00904219321235352,72.0717665217704
0.00910257990384846,72.0836935743749
0.00916393332686059,72.0964742570476
0.0092263073618947,72.1101141701033
0.00928976263402367,72.1246217131668
0.00935436799595401,72.1400086085275
0.00942020239087118,72.1562905682284
0.00948735719504891,72.1734881445055
0.00955593949239967,72.1916279002658
0.0096260765299141,72.2107440040551
0.00969792185205851,72.2308804324018
0.00977166458804263,72.252094264007
0.00984754328023627,72.2744605906651
0.00992586737714721,72.2980801460129
0.0100070543844408,72.3230923803099
0.0100916957173148,72.3496986204683
0.0101806903517015,72.378208807051
0.0102755544597162,72.4091493419438
0.0103793373577428,72.4435805268809
0.010501008251146,72.4846084467598
0.010615017636061,72.5236651878992
0.010729027020976,72.5633715204283
0.0108296132200743,72.5989076007518
0.0109236476717617,72.6325681709322
0.0110133699304011,72.6650238556157
0.0111003709896859,72.6967711345325
0.011185444235538,72.7280479925336
0.0112690568473275,72.7589906274863
0.011351506209361,72.7896824668696
0.0114329993880249,72.8201794845453
0.0115136894970724,72.8505215958324
0.0115936950385445,72.8807386810055
0.0116731100946567,72.9108536612467
0.0117520113415243,72.940884641037
0.0118304622228581,72.9708461302331
0.0119085162426191,73.0007500318284
0.0119862186219446,73.0306060718943
0.0120636081811172,73.0604223629848
0.0121407187207532,73.0902058081531
0.0122175794595647,73.1199621677536
0.0122942161188741,73.1496963954652
0.0123706514510539,73.179412772634
0.0124469054380905,73.2091149273766
0.0125229961968171,73.2388061373682
0.0125989395949716,73.2684891375506
0.012674749995437,73.2981663754622
0.0127504403729988,73.3278400242693
0.0128260223033411,73.3575119515363
0.0129015063677278,73.3871838541235
0.0129769021428997,73.4168572325826
0.0130522182268164,73.4465333830763
0.0131274625682652,73.4762135104488
0.0132026424494937,73.505898706074
0.0132777644277311,73.535589912068
0.0133528344999532,73.5652879747402
0.0134278582005695,73.594993672128
0.0135028405655231,73.6247076901271
0.0135777862530636,73.6544306617539
0.0136526995341275,73.6841631552864
0.0137275844061959,73.7139057122842
0.0138024444688125,73.7436587916708
0.0138772830257742,73.7734228047391
0.0139521031769922,73.8031981458793
0.0140269077510119,73.83298516067
0.014101699378951,73.8627841709621
0.0141764804090323,73.8925954366779
0.0142512532286666,73.9224192801364
0.0143260198064777,73.9522558997553
0.0144007821239914,73.9821055398543
0.0144755419180008,74.0119683839733
0.0145503008279991,74.0418446115827
0.0146250604621455,74.0717344213955
0.0146998221565472,74.1016379330476
0.0147745872744065,74.1315553048992
0.014849356965237,74.1614866351867
0.0149241323899483,74.191432050657
0.0149989145996161,74.2213916558439
0.0150737045594258,74.2513655414514
0.0151485032301211,74.2813538153588
0.015223311370897,74.3113565223566
0.0152981298118995,74.3413737523543
0.0153729591744053,74.3714055265756
0.0154478002577813,74.4014519519749
0.0155226536099459,74.4315130473321
0.015597519808159,74.4615888560219
0.0156723994379178,74.4916794358129
0.01574729301864,74.5217848283611
0.015822200907865,74.5519050204498
0.015897123603893,74.582040064756
0.0159720614874916,74.6121899747386
0.0160470149741957,74.6423547859022
0.0161219843907157,74.6725345052828
0.0161969700076223,74.7027291244419
0.0162719721749923,74.7329386732434
0.0163469911967174,74.7631631685208
0.0164220272801301,74.7934025939178
0.0164970806801078,74.8236569575175
0.0165721516469586,74.8539262700468
0.01664724034701,74.8842105128423
0.0167223469993073,74.9145096927161
0.0167974717364106,74.9448237852977
0.0168726148202938,74.9751528219313
0.016947776258761,75.0054967346159
0.017022956339453,75.0358555716617
0.0170981551389319,75.0662292983232
0.0171733727663174,75.0966178962215
0.0172486093160549,75.127021343391
0.0173238649905295,75.1574396634959
0.0173991397705397,75.1878727927037
0.0174744338558149,75.2183207579582
0.0175497472227375,75.248783497303
0.017625080024963,75.2792610225244
0.0177004323070428,75.3097533023585
0.017775804198434,75.3402603414669
0.0178511956779115,75.3707820848126
0.0179266068771617,75.4013185406844
0.018002037817515,75.4318696734387
0.0180774885563218,75.4624354633207
0.0181529591041737,75.493015872538
0.0182284494970899,75.5236108745513
0.0183039598393551,75.5542204710203
0.0183794901425405,75.584844626639
0.0184550404716306,75.6154833286422
0.0185306107956844,75.6461365259795
0.0186062011857817,75.6768042096644
0.0186818116863072,75.7074863600442
0.0187574422663754,75.7381829275895
0.0188330929726719,75.7688938947995
0.0189087638774058,75.7996192545522
0.0189844549579429,75.8303589616076
0.0190601662244814,75.8611129846529
0.019135897681466,75.8918812902057
0.0192116493609998,75.9226638561878
0.0192874212830659,75.9534606557027
0.0193632134198975,75.9842716427549
0.0194390258322456,76.0150968074867
0.0195148585761084,76.045936137901
0.0195907115580486,76.0767895616409
0.0196665848966351,76.1076570928262
0.0197424785199583,76.1385386677479
0.0198183924351703,76.1694342554353
0.0198943266733885,76.200343834393
0.0199702812607535,76.2312673809922
0.0200462561934173,76.262204859472
0.0201222515092441,76.2931562510865
0.0201982671232627,76.3241214871433
0.0202743031504912,76.355100580434
0.0203503594852341,76.3860934534746
0.0204264362786532,76.4171001336674
0.0205025334068236,76.4481205358574
0.0205786509183781,76.4791546458172
0.0206547888041421,76.5102024251827
0.020730947054266,76.541263835388
0.0208071257604037,76.5723388789693
0.0208833248253924,76.6034274813293
0.0209595443011632,76.6345296290084
0.0210357841204876,76.6656452595159
0.0211120443535017,76.6967743664258
0.0211883250575868,76.727916937479
0.0212646260985579,76.7590728824956
0.02134094755376,76.7902421978732
0.0214172894228186,76.8214248474848
0.0214936517112927,76.8526207977016
0.0215700344495517,76.8838300248348
0.0216464375381686,76.91505245219
0.0217228610390542,76.9462880690184
0.021799304982419,76.9775368508913
0.0218757693265374,77.0087987440333
0.0219522540845255,77.04007371712
0.0220287593097709,77.0713617548364
0.0221052849296082,77.1026627902302
0.022181830987945,77.1339768041123
0.0222583975140286,77.1653037707105
0.0223349844730523,77.1966436380226
0.0224115918462355,77.2279963606637
0.0224882196886581,77.2593619230861
0.0225648678976654,77.2907402450163
0.0226415365771453,77.3221313307193
0.0227182256709458,77.3535351182857
0.022794935231009,77.3849515902321
0.0228716652010164,77.4163806843945
0.0229484156626344,77.4478223950434
0.0230251865878641,77.4792766710323
0.0231019779617744,77.5107434667559
0.0231787898045146,77.5422227506982
0.0232556220685496,77.5737144633971
0.0233324748139446,77.6052185893186
0.0234093479810142,77.6367350634697
0.0234862416873655,77.6682638934085
0.0235631558204659,77.6998049919361
0.02364009041726,77.7313583335241
0.0237170455013537,77.7629238864489
0.0237940211473004,77.794501639555
0.0238710172349891,77.8260915018525
0.023948033827581,77.857693457743
0.0240250708295644,77.8893074259538
0.0241021283857252,77.9209334236625
0.0241792064259955,77.9525713791655
0.0242563049476744,77.9842212488758
0.024333423985834,78.0158830042158
0.0244105634917501,78.0475565819856
0.0244877235296396,78.0792419652281
0.0245649040487764,78.1109390893755
0.0246421051057716,78.1426479339296
0.024719326638222,78.1743684291456
0.0247965687375507,78.2061005683665
0.0248738313977689,78.2378443043028
0.0249511145675031,78.2695995712654
0.025028418252128,78.3013663267727
0.0251057424368503,78.3331445196443
0.0251830871704785,78.3649341245214
0.0252604524966548,78.3967351134373
0.0253378383337739,78.4285474070069
0.0254152447659831,78.4603709939346
0.0254926717688036,78.4922058176195
0.0255701193639738,78.524051840534
0.0256475874776596,78.5559089856904
0.0257250762208166,78.5877772518341
0.0258025855228378,78.6196565624547
0.0258801153977361,78.6515468761379
0.0259576658333591,78.683448140242
0.0260352369080419,78.715360338982
0.0261128285597275,78.7472833985206
0.0261904408366492,78.7792172904933
0.0262680737811044,78.8111619834524
0.0263457273164125,78.8431173970154
0.0264234014581983,78.8750834888675
0.0265010962334964,78.9070602207664
0.0265788116593094,78.9390475500287
0.0266565477186491,78.9710454198619
0.0267343044226222,79.0030537848952
0.0268120817639116,79.0350725918684
0.0268898798000363,79.0671018138899
0.0269676984926396,79.0991413843006
0.0270455378407442,79.131191251906
0.0271233978939993,79.1632513858737
0.0272012786379866,79.1953217286544
0.0272791800759569,79.2274022299564
0.0273571022021608,79.2594928355127
0.027435045072035,79.2915935158987
0.0275130086269248,79.3237041944542
0.0275909928793193,79.3558248238941
0.0276689978887437,79.3879553756804
0.0277470236832554,79.4200958078952
0.0278250701429627,79.4522460179058
0.0279031373339578,79.4844059796919
0.0279812253028472,79.5165756582247
0.028059334105651,79.5487550220787
0.0281374636356679,79.5809439729018
0.0282156140097079,79.6131425043916
0.0282937851236262,79.6453505185489
0.0283719770643055,79.6775679962692
0.0284501898303946,79.709794881284
0.0285284234018465,79.742031109726
0.0286066777766883,79.7742766250077
0.0286849529737924,79.8065313787534
0.0287632490458572,79.8387953360826
0.0288415659616606,79.8710684273153
0.0289199037178331,79.9033505942995
0.0289982623439897,79.9356417920554
0.0290766418647136,79.9679419731182
0.0291550422631558,80.0002510727972
0.0292334635233164,80.0325690266879
0.0293119057002368,80.0648957992485
0.0293903687688234,80.0972313215162
0.0294688527724052,80.1295755526355
0.0295473577286405,80.1619284406989
0.0296258836194114,80.1942899189703
0.0297044304395633,80.2266599259435
0.0297829982651347,80.2590384330716
0.0298615870611543,80.2914253656823
0.0299401968207791,80.3238206608397
0.0300188275877678,80.3562242760011
0.0300974793429557,80.3886361423307
0.0301761521247674,80.4210562145846
0.0302548459047267,80.4534844196114
0.0303335607638178,80.4859207291166
0.0304122966599208,80.5183650636352
0.0304910536306637,80.5508173766242
0.030569831632888,80.5832775878723
0.0306486306910145,80.6157456449171
0.030727450847782,80.6482215022481
0.0308062920947818,80.6807050930136
0.0308851544556064,80.7131963634295
0.0309640379879135,80.7456952732719
0.0310429426428059,80.778201738236
0.0311218683799771,80.8107156777497
0.0312008153210339,80.8432370772835
0.0312797834361402,80.8757658592489
0.0313587727655916,80.9083019751291
0.0314377832233097,80.9408453241452
0.0315168149200892,80.97339588641
0.0315958678249707,81.0059535828556
0.0316749419184979,81.0385183394139
0.0317540372752055,81.0710901202338
0.0318331538788392,81.103668851574
0.0319122917557188,81.1362544772218
0.031991450891116,81.1688469237341
0.0320706313675399,81.201446157358
0.0321498331229245,81.2340520844566
0.0322290561777065,81.2666646455115
0.0323083006372155,81.299283815141
0.0323875664022743,81.3319094835628
0.032466853523053,81.3645416027433
0.0325461619868004,81.3971800980243
0.0326254918940952,81.4298249410382
0.0327048431888944,81.462476038561
0.0327842158707019,81.495133320498
0.0328636099555252,81.5277967230384
0.0329430254942405,81.5604661962321
0.0330224624710608,81.5931416624046
0.0331019208930795,81.6258230532525
0.0331814008514092,81.6585103344588
0.0332609023337287,81.6912034287245
0.0333404252972345,81.7239022464614
0.0334199697932513,81.7566067364687
0.0334995358644481,81.7893168432796
0.0335791234855225,81.822032483351
0.0336587326191621,81.8547535682783
0.0337383633478389,81.8874800583942
0.0338180157010834,81.920211891536
0.0338976896201804,81.9529489693982
0.0339773851867414,81.9856912511461
0.0340571024033206,82.0184386627423
0.0341368413164928,82.0511911481327
0.0342166018880325,82.0839486161841
0.0342963841900056,82.1167110208789
0.0343761881813932,82.1494782692638
0.0344560139072284,82.1822503036936
0.0345358613411747,82.2150270367497
0.0346157305663864,82.2478084256823
0.034695621522094,82.2805943682416
0.0347755342806975,82.3133848168349
0.0348554688842926,82.3461797106409
0.03493542528349,82.3789789513159
0.0350154035339079,82.4117824834913
0.0350954036659155,82.4445902407464
0.0351754256576568,82.4774021351398
0.0352554695710465,82.5102181128334
0.0353355354073412,82.5430380945949
0.0354156231611297,82.5758619984259
0.035495732835769,82.6086897456656
0.0355758645179464,82.6415212912435
0.035656018153424,82.6743565319886
0.0357361938027432,82.7071954117989
0.0358163914295958,82.7400378343669
0.0358966111281131,82.7728837565738
0.0359768528967823,82.8057330954861
0.036057116717541,82.8385857615345
0.0361374025933048,82.8714416735175
0.0362177105889207,82.9043007750191
0.0362980407568609,82.9371630039568
0.0363783930119031,82.9700282419935
0.0364587675103871,83.002896469356
0.0365391641098077,83.0357675434116
0.0366195829501233,83.0686414373215
0.0367000240000974,83.1015180531632
0.0367804873405591,83.1343973389034
0.0368609729012786,83.167279180404
0.0369414807582068,83.200163523255
0.0370220109036064,83.2330502781261
0.0371025633895716,83.265939379984
0.0371831381782288,83.2988307267333
0.0372637353909426,83.3317242809694
0.0373443549782853,83.3646199349696
0.0374249969599344,83.3975176094816
0.0375056613443459,83.4304172201489
0.0375863481846215,83.4633187004104
0.037667057541659,83.4962219863209
0.0377477893681131,83.5291269697108
0.0378285436935819,83.5620335738014
0.0379093205620025,83.5949417269848
0.037990119978795,83.6278513416254
0.0380709419260272,83.660762320505
0.0381517864542268,83.6936745939304
0.0382326536298044,83.7265880979792
0.0383135434535753,83.7595027417594
0.0383944559442948,83.7924184416379
0.0384753910734715,83.8253350945261
0.0385563488737592,83.8582526219582
0.0386373294565782,83.8911709766788
0.0387183327935505,83.9240900542087
0.0387993588845105,83.9570097618047
0.0388804077735771,83.9899300242297
0.0389614794605958,84.022850747822
0.0390425739789021,84.0557718523034
0.0391236913438455,84.0886932496762
0.0392048316152162,84.121614869609
0.0392859947877405,84.1545366150056
0.0393671809010106,84.1874584068339
0.0394483899704649,84.2203801558218
0.0395296220342059,84.2533017815998
0.0396108770968777,84.2862231899016
0.0396921551603475,84.3191442851819
0.0397734563064183,84.3520650037699
0.0398547805536754,84.3849852558281
0.0399361278634789,84.4179049284577
0.0400174983040295,84.4508239517262
0.0400988919207401,84.4837422457053
0.0401803087079296,84.5166597096583
0.0402617486949577,84.5495762568743
0.0403432118910567,84.5824917920941
0.0404246983586504,84.6154062411629
0.0405062080786672,84.6483194966364
0.0405877410941935,84.681231476065
0.0406692974486895,84.7141420965524
0.0407508771686447,84.7470512680298
0.0408324802541214,84.779958889598
0.0409141067852051,84.8128648922354
0.0409957567104563,84.8457691535304
0.0410774300807718,84.8786715923433
0.0411591269507064,84.9115721282228
0.0412408473330866,84.9444706636092
0.0413225912335711,84.9773670979598
0.0414043587389462,85.0102613628993
0.041486149837433,85.0431533499197
0.0415679645406271,85.0760429599829
0.0416498028614062,85.1089300941822
0.0417316648880115,85.1418146833425
0.0418135506052175,85.1746966162737
0.041895460043753,85.2075758002758
0.0419773932733341,85.240452157692
0.0420593502717635,85.2733255736717
0.042141331088551,85.3061959620565
0.0422233357554209,85.3390632289621
0.0423053642802333,85.3719272707215
0.0423874166881173,85.4047879903451
0.0424694930177372,85.4376452958252
0.0425515933700549,85.4704991195022
0.0426337176539441,85.5033493167033
0.042715865945081,85.5361958096695
0.0427980382994442,85.5690385117428
0.0428802347185741,85.6018773143137
0.0429624552080634,85.6347121103452
0.043044699885108,85.6675428367505
0.0431269687086334,85.700369366771
0.0432092617490571,85.7331916182563
0.0432915790140715,85.7660094833992
0.043373920543653,85.7988228671041
0.0434562863305526,85.8316316551251
0.0435386764475412,85.8644357647708
0.0436210909194171,85.897235093653
0.043703529763817,85.9300295364192
0.0437859930481388,85.9628190071111
0.0438684807899501,85.9956033995035
0.0439509930302007,86.0283826164959
0.04403352971552,86.0611565233632
0.0441160910139009,86.0939250728271
0.0441986768230033,86.1266881096115
0.0442812872736549,86.1594455712512
0.0443639223493217,86.1921973358641
0.0444465820591084,86.2249432919616
0.044529266500965,86.2576833626327
0.0446119756669921,86.2904174285257
0.0446947096105335,86.3231453945229
0.0447774683586336,86.3558671545918
0.0448602519384844,86.3885826025288
0.0449430603502863,86.4212916212273
0.0450258937053979,86.4539941369923
0.0451087519632784,86.4866900156696
0.045191635235593,86.5193791831431
0.0452745435065279,86.5520615143299
0.0453574768676639,86.5847369264298
0.0454404352605249,86.6174052771197
0.0455234187120149,86.6500664578787
0.0456064273676932,86.6827204058712
0.0456894612161944,86.7153669959254
0.045772520271286,86.7480061130983
0.0458556045648325,86.7806376491659
0.0459387141688117,86.8132615111112
0.0460218490920498,86.8458775807367
0.0461050093710519,86.878485750606
0.0461881950168973,86.911085902957
0.0462714061109258,86.943677947157
0.0463546427372141,86.9762617929332
0.0464379048279039,87.0088372905615
0.0465211924367288,87.0414043380515
0.0466045056458,87.0739628435642
0.0466878444492448,87.1065126805499
0.0467712089023279,87.1390537462841
0.0468545990522973,87.1715859343427
0.0469380149084075,87.2041091232603
0.0470214565579694,87.2366232216662
0.0471049240053691,87.2691281053851
0.0471884173278192,87.3016236784607
0.047271936486549,87.3341097994634
0.0473554815949752,87.3665863859892
0.0474390526229005,87.3990532991428
0.0475226497184526,87.4315104691427
0.0476062728094068,87.4639577400753
0.0476899220040023,87.4963950262922
0.0477735973127395,87.528822203373
0.0478572988100684,87.5612391715762
0.0479410264880862,87.5936457988887
0.0480247804295296,87.6260419882073
0.0481085606569927,87.6584276185755
0.0481923672156213,87.6908025776279
0.0482762001048087,87.7231667350543
0.048360059444167,87.7555200065301
0.0484439451563278,87.7878622313475
0.0485278573845901,87.8201933339225
0.0486117961350634,87.8525131848136
0.048695761453888,87.8848216701433
0.0487797534254578,87.9171186901948
0.0488637720109312,87.9494040976624
0.0489478172860757,87.9816777892894
0.0490318893222332,88.013939659279
0.0491159881315349,88.0461895788956
0.049200113759496,88.0784274321134
0.0492842662539846,88.1106531033526
0.0493684457256064,88.1428665005171
0.0494526521129256,88.175067465491
0.0495368854929192,88.207255893288
0.0496211459561117,88.239431683118
0.0497054334944031,88.2715946963115
0.0497897481789741,88.3037448244326
0.049874090037179,88.3358819417901
0.0499584590776501,88.3680059154905
0.0500428553759516,88.4001166377618
0.0501272790551279,88.4322140180839
0.0502117300405665,88.4642978907137
0.0502962084186202,88.4963681513516
0.0503807142749868,88.528424694414
0.0504652476358613,88.5604673914773
0.0505498085517241,88.5924961232561
0.0506343970788595,88.6245107722522
0.0507190132519654,88.6565112125025
0.0508036570503777,88.6884972970813
0.05088832860919,88.7204689375031
0.0509730279376045,88.7524259969754
0.0510577551511406,88.7843683787657
0.0511425102144708,88.8162959288965
0.0512272932268794,88.8482085441737
0.0513121041696447,88.8801060763996
0.0513969431328807,88.9119884182558
0.0514818101769689,88.9438554505118
0.0515667053830906,88.9757070614528
0.0516516287500191,89.0075431082732
0.0517365802907129,89.0393634536028
0.0518215601600812,89.0711680125294
0.0519065683010094,89.1029566202943
0.0519916048032535,89.134729167406
0.052076669767125,89.1664855473357
0.0521617632097477,89.1982256222601
0.0522468851483285,89.2299492545352
0.0523320357081632,89.2616563462685
0.0524172148123595,89.2933467239759
0.052502422648937,89.3250203127172
0.0525876592492675,89.3566769781468
0.0526729246042881,89.388316571381
0.0527582188335292,89.4199389909372
0.0528435419029892,89.4515440779003
0.0529288938961506,89.4831317170081
0.0530142749372816,89.514701807143
0.0530996850433254,89.5462542071853
0.0531851242327463,89.5777887768387
0.0532705925763422,89.6093053947821
0.0533560901346904,89.6408039353884
0.0534416169522331,89.6722842668552
0.0535271730853338,89.7037462615441
0.0536127585652442,89.7351897823249
0.0536983734981071,89.7666147192153
0.0537840179096372,89.7980209322558
0.0538696918701624,89.8294082978212
0.0539553954576298,89.860776694585
0.0540411287187233,89.8921259895061
0.0541268916378141,89.9234560268353
0.0542126843355589,89.9547667003327
0.0542985068932806,89.9860578885247
0.0543843593249919,90.0173294454069
0.054470241754365,90.0485812647194
0.0545561541045901,90.0798131670132
0.0546420965405903,90.1110250607992
0.0547280691312342,90.1422168185093
0.0548140718714177,90.1733882860099
0.0549001048850522,90.204539355768
0.0549861681187095,90.2356698556461
0.0550722617197258,90.2667796861839
0.0551583858094011,90.2978687373184
0.0552445403621191,90.3289368460699
0.0553307254558966,90.3599838871039
0.0554169410746313,90.3910097007701
0.0555031873834791,90.4220141923247
0.055589464458298,90.4529972339486
0.0556757722980297,90.4839586704918
0.0557621109423127,90.5148983615421
0.0558484804965745,90.5458161896834
0.0559348810827878,90.5767120427003
0.056021312667182,90.6075857527054
0.0561077753766808,90.6384372093545
0.0561942691963554,90.6692662510939
0.0562807942592955,90.7000727691249
0.0563673506463878,90.7308566352264
0.0564539382871788,90.7616176677194
0.056540557394003,90.7923557852242
0.0566272080375272,90.8230708547755
0.0567138902050901,90.8537627143986
0.0568006039420214,90.8844312228346
0.0568873493873253,90.9150762712217
0.0569741265164782,90.9456976925865
0.0570609355277808,90.9762953985182
0.0571477763795429,91.0068692153407
0.0572346492102802,91.0374190332254
0.0573215540223807,91.067944693818
0.057408490969292,91.0984460917732
0.0574954599719897,91.1289230398856
0.0575824612606425,91.1593754593673
0.0576694948204999,91.1898031846199
0.0577565607489606,91.2202060898074
0.0578436590848862,91.2505840281612
0.057930789939656,91.2809368780212
0.0580179533263393,91.311264483172
0.0581051493506985,91.3415667196553
0.0581923781241001,91.3718434647699
0.0582796396546889,91.4020945599414
0.0583669340482828,91.4323198805226
0.0584542613351068,91.4625192752457
0.058541621621237,91.4926926189873
0.0586290149417109,91.522839761711
0.058716441454662,91.5529605955975
0.0588039011821803,91.5830549654787
0.0588913941295257,91.6131227109023
0.0589789204640685,91.6431637266772
0.0590664802058726,91.6731778563794
0.0591540734713067,91.7031649767784
0.0592417003228815,91.7331249457221
0.0593293608368176,91.7630576257228
0.0594170550567143,91.7929628680132
0.0595047830876649,91.8228405446008
0.0595925450299415,91.8526905253357
0.0596803409278194,91.8825126609417
0.0597681708873142,91.9123068230457
0.0598560349922126,91.9420728752972
0.0599439332627896,91.9718106598907
0.0600318657550113,92.001520031199
0.0601198326950099,92.0312009002591
0.0602078340292399,92.06085308334
0.0602958698680924,92.0904764527011
0.0603839402997781,92.1200708723508
0.0604720453839299,92.1496361965909
0.0605601852201148,92.1791722929852
0.0606483598883503,92.2086790222167
0.060736569507184,92.2381562576272
0.0608248140996361,92.2676038405175
0.0609130937796788,92.2970216426065
0.0610014086136188,92.3264095192673
0.0610897586810317,92.3557673302665
0.0611781441162504,92.3850949531826
0.0612665649451609,92.4143922294194
0.0613550212271509,92.4436590117836
0.0614435130947429,92.472895176824
0.0615320406143108,92.5021005788177
0.0616206039032289,92.5312750888338
0.0617092030391714,92.5604185645613
0.0617978380343644,92.5895308423768
0.061886509056265,92.6186118094508
0.0619752162006266,92.6476613286589
0.062063959471752,92.6766792332814
0.0621527390835755,92.7056654249461
0.0622415550039728,92.7346197244034
0.0623304073597547,92.7635420048079
0.0624192962828513,92.7924321401331
0.0625082218658087,92.8212899913274
0.0625971840711071,92.8501153775583
0.062686183136622,92.8789082070767
0.062775219102197,92.9076683230541
0.0628642920548024,92.9363955844413
0.0629534020971608,92.9650898549747
0.0630425493029857,92.993750988881
0.0631317337800387,93.0223788512368
0.0632209555801483,93.0509732890256
0.063310214796678,93.0795341625858
0.0633995115597769,93.1080613436063
0.0634888460343697,93.1365547143719
0.0635782182260918,93.1650141064109
0.0636676282649775,93.1934393912319
0.0637570762145205,93.2218304187195
0.0638465622117108,93.2501870620183
0.063936086259633,93.278509151744
0.0640256485485741,93.3067965777723
0.064115249161768,93.3350491954067
0.0642048882430093,93.363266879143
0.0642945657657825,93.3914494499714
0.064384281925903,93.4195967989284
0.0644740367345487,93.4477087584664
0.0645638304247005,93.4757852305779
0.0646536629581536,93.5038260320193
0.0647435345474072,93.53183105829
0.0648334452065004,93.5598001423432
0.064923395125579,93.587733172187
0.0650133843400183,93.6156299872702
0.0651034130005127,93.6434904630613
0.0651934811682676,93.6713144469725
0.0652835889577358,93.6991018030183
0.0653737364593465,93.7268523875582
0.0654639238371046,93.754566079371
0.0655541511807102,93.7822427340915
0.0656444185657008,93.8098822032823
0.0657347261161764,93.837484353294
0.065825073854042,93.8650490192178
0.0659154620223141,93.892576103415
0.0660058907292218,93.9200654663061
0.0660963599565825,93.9475169306689
0.0661868699386927,93.9749303959162
0.0662774207325941,94.002305706925
0.0663680124590599,94.0296427283062
0.0664586451871139,94.0569413089174
0.0665493190842801,94.0842013271764
0.0666400342640969,94.1114226448219
0.0667307908115308,94.1386051152059
0.0668215888351485,94.1657485988098
0.0669124283978214,94.1928529424389
0.0670033097067348,94.2199180357206
0.0670942328608073,94.2469437354834
0.0671851979806597,94.2739299052955
0.0672762051198671,94.3008763889274
0.0673672544878105,94.3277830761445
0.0674583460213727,94.3546497761108
0.0675494800842931,94.3814764239816
0.0676406566770161,94.4082628467746
0.06773187592174,94.4350089084496
0.0678231379034293,94.4617144617587
0.0679144428352651,94.4883793966878
0.0680057908300331,94.5150035734004
0.0680971819369806,94.5415868340632
0.0681886163058211,94.5681290501864
0.068280094091233,94.5946300941841
0.0683716153416428,94.621089807809
0.0684631802197482,94.6475080660573
0.0685547888425878,94.6738847303144
0.06864644137001,94.7002196742544
0.0687381378775896,94.7265127473064
0.0688298786034655,94.7527638454125
0.0689216635013357,94.7789727830551
0.0690134927994268,94.8051394537322
0.0691053666325126,94.8312637232992
0.0691972851742111,94.8573454687277
0.0692892484254026,94.8833845182468
0.0693812566277525,94.9093807684906
0.0694733099031115,94.93533408138
0.0695654083716522,94.9612443187279
0.0696575520994147,94.9871113273421
0.0697497414054251,95.0129350246158
0.0698419762905629,95.0387152382983
0.069934256840917,95.0644518211766
0.0700265832901321,95.090144666619
0.0701189557406231,95.1157936309509
0.0702113743643589,95.1413985901052
0.0703038391533474,95.1669593703773
0.0703963504057018,95.1924758827665
0.070488908226747,95.2179479840941
0.0705815126881915,95.2433755227287
0.0706741640587291,95.2687584008936
0.0707668623534567,95.2940964509934
0.0708596077294175,95.319389545017
0.0709524004493446,95.3446375829306
0.0710452405781438,95.3698404106638
0.0711381282892406,95.3949979041993
0.0712310636424377,95.4201099086661
0.071324046903029,95.4451763246851
0.0714170781350171,95.4701969981292
0.0715101575271561,95.4951718089424
0.0716032851617115,95.5201006082948
0.071696461250405,95.5449832821302
0.071721443482182,95.5516839429974
0.0717214434821829,95.5516839429977
0.0718146681581918,95.5769327475669
0.0719065643636556,95.6013850872679
0.0719997693968521,95.6260626922828
0.0720932232565888,95.6507320015852
0.0721867734277277,95.6753657316722
0.0722803761892428,95.6999551035762
0.0723740221804859,95.7244980428629
0.0724677097980919,95.7489939476061
0.0725614392649992,95.7734425693705
0.0726552112086962,95.7978437456992
0.0727490263784594,95.8221973504602
0.0728428854056139,95.8465032367612
0.0729367889842401,95.8707612846188
0.0730307378284247,95.8949713885463
0.0731247324839345,95.9191334088057
0.0732187735070667,95.9432472173484
0.0733128613691159,95.9673126722282
0.073406996617431,95.9913296581806
0.0735011796717709,96.0152980338219
0.0735954110822865,96.0392176970773
0.0736896912274909,96.0630885075748
0.0737840205978999,96.0869103587271
0.0738783994858499,96.1106830985641
0.0739728283033586,96.134406610133
0.0740673074676819,96.1580807812327
0.0741618371818071,96.1817054499977
0.0742564179522883,96.2052805340271
0.0743510500611876,96.2288058971819
0.0744457338044541,96.2522814103755
0.0745404694992987,96.275706952416
0.074635257347051,96.2990823760678
0.0747300977345284,96.3224075821405
0.0748249909072591,96.3456824382143
0.0749199371925605,96.368906834079
0.0750149368152101,96.3920806360734
0.0751099900237076,96.4152037182909
0.0752050971068763,96.4382759659513
0.0753002583086335,96.4612972545949
0.0753954738290944,96.4842674506882
0.0754907439847758,96.5071864498695
0.0755860690392787,96.5300541356332
0.0756814491353171,96.5528703638728
0.0757768845668847,96.5756350278274
0.0758723755711255,96.5983480074881
0.075967922294274,96.6210091623605
0.0760635250649191,96.6436183959265
0.0761591841346469,96.6661755934141
0.076254899660287,96.6886806187035
0.0763506718664491,96.7111333525161
0.0764465010079015,96.7335336828388
0.0765423873001391,96.7558814888147
0.0766383309815136,96.7781766554055
0.0767343322562247,96.800419060011
0.0768303914655147,96.822608611892
0.0769265086642568,96.8447451545172
0.0770226841766562,96.8668285943198
0.0771189181386953,96.8888587942064
0.0772152108735146,96.9108356604152
0.0773115625453261,96.9327590627294
0.0774079733375414,96.9546288761011
0.0775044435554192,96.9764450030598
0.077600973356645,96.998207312696
0.0776975630097397,97.0199156995707
0.0777942128091327,97.0415700636866
0.0778909229270556,97.0631702778284
0.0779876936135273,97.08471623262
0.0780845250088052,97.10620779439
0.0781814174116029,97.1276448648622
0.0782783709955174,97.149027317814
0.0783753860645419,97.1703550560007
0.0784724628296199,97.1916279614506
0.0785696015265724,97.2128459219646
0.0786668023607485,97.234008818774
0.078764065666744,97.2551165611016
0.0788613915241465,97.2761690028892
0.078958780268845,97.2971660540773
0.0790562321415654,97.3181076033377
0.0791537473756842,97.3389935380189
0.0792513262384613,97.3598237527308
0.0793489689524391,97.3805981324996
0.0794466757922368,97.401316573487
0.0795444469230534,97.4219789487243
0.0796422826501181,97.4425851610088
0.0797401832241819,97.4631351012179
0.0798381489226714,97.4836286658617
0.0799361799359734,97.5040657333345
0.0800342766007239,97.5244462125469
0.0801324391161553,97.5447699835429
0.0802306676776136,97.5650369261048
0.0803289626775533,97.5852469603375
0.0804273243790789,97.6053999790526
0.0805257529857801,97.6254958633441
0.0806242487211349,97.6455344986931
0.080722811939982,97.6655157969697
0.0808214428546787,97.6854396408149
0.0809201416660602,97.7053059110914
0.0810189087386477,97.7251145213861
0.0811177443869007,97.7448653745351
0.0812166488839388,97.7645583651515
0.0813156223950882,97.7841933667912
0.0814146653343979,97.8037703022868
0.0815137778907546,97.8232890493753
0.0816129603930638,97.8427495137922
0.0817122131110787,97.862151589264
0.0818115363054535,97.8814951678641
0.0819109303718786,97.9007801676354
0.0820103955187,97.9200064699747
0.0821099319596545,97.9391739579969
0.0822095402074386,97.9582825717558
0.0823092203227953,97.9773321641797
0.0824089727670513,97.9963226655357
0.0825087977694924,98.0152539609036
0.0826086957219881,98.0341259664291
0.082708666802705,98.052938557687
0.0828087114899718,98.0716916667823
0.0829088299755432,98.0903851714283
0.0830090225736853,98.109018972874
0.0831092895795456,98.1275929684644
0.0832096313967857,98.1461070752931
0.0833100482699827,98.1645611808189
0.0834105405652873,98.1829551950429
0.0835111085762698,98.2012890143018
0.0836117526440218,98.2195625435891
0.0837124731230184,98.2377756899849
0.0838132703521804,98.2559283575175
0.0839141446679496,98.2740204496432
0.0840150963473139,98.2920518591635
0.0841161257793432,98.3100224987862
0.084217233356088,98.3279322811146
0.0843184193749752,98.3457811018735
0.0844196841014664,98.3635688514723
0.0845210280064236,98.381295456038
0.0846224514129736,98.3989608151135
0.0847239547179521,98.4165648411345
0.0848255381367441,98.4341074150689
0.0849272022106465,98.4515884740241
0.0850289471759306,98.4690079018455
0.0851307734677904,98.4863656168336
0.0852326814324712,98.5036615214763
0.0853346714776636,98.5208955285619
0.0854367439291713,98.5380675367762
0.0855388992333239,98.5551774648911
0.0856411377708754,98.5722252201142
0.0857434597987299,98.5892106892229
0.0858458658491066,98.6061338044725
0.0859483562260798,98.6229944595939
0.0860509313502157,98.6397925677085
0.0861535916355681,98.6565280402926
0.0862563375992935,98.673200805022
0.0863591694347973,98.689810736962
0.0864620876843626,98.7063577678237
0.0865650927706849,98.7228418088554
0.0866681850905016,98.7392627670874
0.0867713649637529,98.7556205373618
0.0868746329601702,98.7719150536755
0.08697798945379,98.7881462182297
0.0870814349475183,98.8043139533996
0.0871849697264747,98.8204181472369
0.0872885942184883,98.8364587102564
0.0873923090430156,98.852435581506
0.0874961145030551,98.8683486506301
0.0876000111536711,98.8841978460979
0.0877039994018285,98.8999830729092
0.0878080795869118,98.915704226027
0.0879122523055129,98.9313612387875
0.0880165180893266,98.9469540334781
0.0881208772707804,98.9624825025545
0.0882253303758172,98.9779465673039
0.0883298779672,98.9933461533565
0.0884345204649223,99.0086811648159
0.0885392582822873,99.0239515049023
0.0886440920539777,99.0391571083863
0.0887490221330842,99.0542978684294
0.0888540490538322,99.0693737044594
0.088959173322837,99.0843845310461
0.0890643956031166,99.0993302842184
0.0891697162327271,99.1142108532931
0.0892751358346888,99.1290261679197
0.0893806548775647,99.1437761349749
0.0894862738336208,99.1584606617537
0.0895919933606077,99.1730796805378
0.0896978139346699,99.187633097549
0.0898037360982524,99.2021208279624
0.0899097604373561,99.2165427921198
0.0900158875535349,99.2308989116154
0.0901221179482715,99.2451890939463
0.0902284521723498,99.259413252912
0.0903348909088482,99.2735713190177
0.0904414345377693,99.287663181866
0.0905480838458409,99.3016887844867
0.0906548392681442,99.3156480223522
0.0907617015270029,99.3295408282889
0.0908686711747148,99.3433671117752
0.0909757488150305,99.3571267885647
0.0910829351650201,99.3708197879216
0.091190230748901,99.3844460136052
0.0912976360574813,99.3980053651389
0.0914051519301241,99.4114977849973
0.0915127789557331,99.4249231826265
0.0916205177857276,99.4382814749378
0.0917283690551167,99.4515725759487
0.0918363333880545,99.4647963976094
0.0919444114912749,99.4779528610774
0.0920526041170305,99.4910418917878
0.0921609119399077,99.5040634047268
0.0922693356347743,99.5170173142009
0.0923778758009196,99.5299035248095
0.09248653326448,99.5427219670897
0.0925953086660323,99.5554725483245
0.0927042027621727,99.5681551887137
0.0928132163018409,99.5807698062915
0.0929223499289757,99.5933163060985
0.0930316044918868,99.6057946156853
0.0931409807199571,99.6182046475362
0.0932504794050887,99.6305463202948
0.0933601013441894,99.6428195518911
0.0934698472294498,99.6550242475597
0.0935797178857574,99.667160326346
0.0936897142043553,99.6792277129851
0.0937998368458979,99.6912263058078
0.0939100867211711,99.7031560295436
0.0940204646632355,99.7150167987522
0.0941309715024253,99.7268085265474
0.0942416080988356,99.7385311279407
0.0943523753340454,99.7501845188005
0.0944632740354549,99.7617686079866
0.0945743050900515,99.7732833093444
0.0946854694617578,99.7847285430512
0.0947967679033954,99.7961042062366
0.0949082014419115,99.8074102228758
0.0950197709945497,99.8186465038036
0.0951314775077589,99.8298129614355
0.0952433219640911,99.8409095101708
0.0953553052934554,99.8519360576066
0.0954674284275509,99.8628925101428
0.0955796924772769,99.8737787898684
0.0956920983608912,99.884594798288
0.0958046470795046,99.8953404436122
0.0959173396619613,99.9060156348951
0.0960301772268093,99.916620287723
0.0961431607506141,99.9271543024931
0.0962562912922718,99.9376175857969
0.096369570073312,99.9480100570461
0.0964829980231298,99.9583316068975
0.0965965763946586,99.968582153881
0.0967103063347167,99.9787616043515
0.0968241888720229,99.9888698524427
0.0969382252645168,99.9989068107464
0.0970524166552636,100.008872379303
0.0971667643324683,100.018766468707
0.0972812693201236,100.028588964616
0.0973959330392014,100.038339784764
0.0975107566180602,100.048018819227
0.0976257413930314,100.05762597371
0.0977408887281422,100.067161153421
0.0978561998893329,100.076624252997
0.0979716761191986,100.086015163098
0.0980873187646675,100.095333780539
0.0982031293144709,100.104580010648
0.098319109109279,100.113753744094
0.0984352594410479,100.122854865551
0.0985515819860633,100.131883286892
0.0986680780979548,100.140838891597
0.0987847492267182,100.149721568343
0.0989015968507128,100.158531205118
0.0990186225830674,100.167267696971
0.0991358279196529,100.175930927048
0.0992532144869335,100.184520785237
0.0993707839330746,100.193037159632
0.0994885378259234,100.201479929375
0.0996064779465348,100.20984898563
0.0997246058826853,100.218144202327
0.0998429233544309,100.226365459658
0.0999614322188865,100.234512643549
0.10008013401713,100.242585614792
0.100199030872778,100.2505842703
0.100318124485397,100.258508473984
0.100437416818604,100.266358104044
0.100556909618041,100.274133020428
0.100676605045653,100.281833106289
0.100796504912527,100.289458217763
0.100916611328558,100.297008226298
0.101036926410183,100.304482999035
0.101157452136753,100.311882390395
0.101278190727154,100.319206265274
0.101399144338027,100.326454479974
0.101520315184855,100.333626889802
0.101641705631136,100.340723353899
0.101763317980732,100.34774372282
0.101885154488414,100.354687839589
0.102007217638453,100.361555555314
0.102129509885236,100.368346713898
0.10225203396452,100.375061169185
0.102374792152917,100.381698744324
0.102497787260488,100.38825928623
0.102621021862206,100.394742622966
0.102744498631892,100.401148582336
0.102868220539864,100.407477001208
0.102992190423821,100.413727702988
0.103116411197259,100.419900508711
0.103240885849546,100.42599523663
0.103365617474549,100.432011703298
0.103490609047494,100.437949712776
0.103615863888154,100.44380907856
0.103741385315693,100.449589606348
0.103867176560418,100.455291090432
0.103993241244022,100.460913335162
0.104119582914179,100.46645613312
0.1042462051743,100.471919271273
0.104373111618461,100.477302528027
0.104500306070326,100.482605683091
0.104627792443124,100.487828510847
0.104755574861237,100.492970784958
0.104883657348353,100.498032265483
0.105012044192521,100.503012713392
0.105140739666442,100.507911878945
0.105269748238889,100.512729509702
0.105399074593335,100.517465350373
0.105528723319563,100.522119131219
0.105658699447218,100.526690587019
0.105789007771204,100.531179432423
0.105919653625687,100.535585388803
0.106050642244444,100.539908161215
0.106181978954263,100.544147445296
0.106313669638238,100.548302941154
0.106445719778121,100.55237432225
0.106578135573248,100.556361270376
0.106710923290257,100.560263453803
0.106844089149073,100.564080524242
0.106977639924623,100.567812133561
0.107111582467781,100.571457918769
0.107245923605717,100.575017499456
0.107380670684721,100.578490491633
0.107515831484577,100.581876503519
0.107651413737366,100.585175122664
0.107787425575117,100.588385926713
0.107923875552583,100.591508482311
0.10806077233851,100.594542336952
0.108198125054053,100.597487025807
0.108335943242835,100.600342069402
0.108474236709644,100.603106969016
0.108613015805294,100.605781211187
0.108752291083788,100.608364259521
0.108892073789452,100.610855562539
0.109032375650768,100.613254547647
0.10917320872333,100.615560617027
0.109314585684433,100.617773151009
0.109456519969557,100.619891507736
0.109599025554661,100.621915017443
0.109742117000623,100.623842981192
0.109885809808553,100.625674673135
0.110030120127365,100.627409333675
0.110175065007726,100.629046169964
0.110320662173782,100.63058435031
0.110466930913158,100.632023010107
0.11061389097106,100.633361236451
0.110761563465973,100.63459807393
0.110909970865214,100.635732519275
0.111059137196075,100.636763517786
0.111209087608166,100.637689955075
0.111359849077398,100.638510656487
0.111511450227608,100.63922437949
0.111663922074116,100.639829810183
0.111817297700051,100.640325553403
0.111971612619462,100.640710125744
0.112126904747476,100.6409819463
0.112283215673683,100.641139328309
0.112440589893171,100.641180465261
0.112599075975575,100.641103418704
0.112758726566947,100.640906102543
0.112919599983552,100.640586263458
0.113081759279457,100.640141461822
0.113245274658462,100.639569043605
0.113410223334639,100.638866112999
0.113576691619614,100.638029493218
0.113744776117494,100.637055682951
0.113914585353078,100.635940803677
0.114086242877108,100.634680527442
0.114259888699691,100.633270003531
0.114435685256052,100.631703735152
0.114613820934409,100.629975451541
0.114794517255829,100.628077921079
0.114978038376107,100.626002700695
0.11516470301452,100.623739805304
0.115354904448794,100.621277206493
0.115549136084034,100.61860014658
0.115748035590069,100.615690034834
0.115952452377273,100.612522733678
0.116163569599191,100.609065556928
0.116383129978541,100.605271751781
0.116613923362785,100.601068828877
0.116861022502544,100.596329447484
0.117136084071986,100.59077205046
0.117490192941581,100.583219174319
0.117820686442652,100.57575020978
0.118045388950521,100.570336466934
0.11827009145839,100.56461584601
0.118467080266724,100.559413095129
0.118658416080491,100.554191837764
0.118844355848466,100.548977315347
0.119027568481219,100.543708055641
0.119208575579861,100.538377024441
0.119387735829025,100.532978445907
0.119565173571492,100.527512294207
0.119740965241012,100.521979502292
0.119915168085443,100.516381419219
0.120087838590529,100.510719321065
0.120259035929622,100.504994307738
0.120428821225472,100.49920730954
0.120597256313779,100.493359109841
0.120764402037237,100.487450390875
0.120930317615882,100.481481749805
0.121095059244906,100.475453748534
0.121258680641448,100.469366897741
0.121421231909009,100.463221705212
0.121582760872216,100.457018633434
0.121743311700015,100.450758160339
0.121902925992239,100.444440746
0.12206164288488,100.438066837098
0.122219498529294,100.431636895789
0.122376527117342,100.425151366256
0.12253276088165,100.418610681951
0.122688229615337,100.412015292186
0.122842961410384,100.405365637668
0.122996983081902,100.398662138364
0.123150319263166,100.391905237906
0.123302993824994,100.385095346471
0.123455028565632,100.378232903708
0.123606444529938,100.3713183239
0.123757261445162,100.364352025824
0.123907498087485,100.35733441939
0.124057172370749,100.350265904928
0.124206301042271,100.343146890556
0.124354900270924,100.33597776724
0.124502984982026,100.328758943619
0.124650570052513,100.321490790554
0.124797669103802,100.314173702641
0.124944295364472,100.306808057516
0.12509046123594,100.299394239988
0.125236178964277,100.291932609954
0.125381459724772,100.284423550871
0.125526314753691,100.276867413122
0.125670754427423,100.26926456358
0.125814789038653,100.261615346122
0.12595842786529,100.25392013246
0.126101680695386,100.246179242052
0.12624455602702,100.2383930403
0.126387062631683,100.230561854533
0.126529208733657,100.22268602049
0.126671002320487,100.21476586579
0.126812451024768,100.206801717601
0.126953562425574,100.198793886599
0.127094343213298,100.190742715048
0.127234800537968,100.182648500896
0.127374940957578,100.174511559178
0.127514770828097,100.166332199693
0.127654296556112,100.15811071323
0.127793523823077,100.149847417682
0.127932458798658,100.141542586871
0.128071106725718,100.133196535643
0.128209473054194,100.124809552116
0.128347563229163,100.116381911565
0.128485382131983,100.107913910501
0.128622934774182,100.099405824636
0.1287602260115,100.090857927266
0.128897260478211,100.082270493522
0.129034042782541,100.07364378859
0.129170577019395,100.064978098803
0.129306867706249,100.056273672897
0.129442918973568,100.047530774106
0.129578734813933,100.038749664062
0.129714319002863,100.029930608507
0.129849675660418,100.021073841327
0.129984808158558,100.012179636063
0.130119720333623,100.003248226407
0.130254415687995,99.9942798596668
0.130357508962902,99.9873621179579
0.130357508962904,99.9873621179579
0.130491990845141,99.9781097875741
0.130622057984723,99.969301823148
0.13075579352178,99.9602270182391
0.130889876660329,99.9510878946859
0.13102393360709,99.9419006520379
0.131157777249706,99.9326763096363
0.131291370518123,99.9234175249424
0.13142471047434,99.9141251875376
0.131557805380485,99.9047995282491
0.131690665080823,99.895440653538
0.131823299566138,99.8860486098934
0.131955717811997,99.8766234616328
0.132087927751991,99.867165296453
0.132219936723368,99.8576741997982
0.132351751005642,99.8481502938299
0.132483376369097,99.8385937028974
0.132614818038654,99.8290045610019
0.132746080846687,99.8193830044236
0.132877168810524,99.8097292058011
0.13300808624378,99.8000432954336
0.133138836529365,99.7903254545307
0.133269423034207,99.7805758488594
0.133399848919649,99.7707946453624
0.133530117298706,99.7609820017224
0.133660230730072,99.7511381055267
0.133790191988592,99.7412631171995
0.133920003378758,99.7313572234026
0.134049667394813,99.7214205873299
0.134179186175551,99.7114533914367
0.134308561925789,99.7014558054343
0.134437796554767,99.691428014966
0.134566892167687,99.6813701839717
0.134695850591386,99.6712824921788
0.134824673743735,99.6611651063692
0.134953363496136,99.6510181917244
0.135081921388114,99.6408419343211
0.135210349143735,99.630636500674
0.135338648407677,99.6204020592781
0.135466820711632,99.6101387831946
0.135594867767658,99.5998468268787
0.135722790971598,99.5895263661815
0.135850591826867,99.5791775641516
0.135978271839102,99.5688005800633
0.136105832383539,99.558395580117
0.136233274780788,99.547962731314
0.136360600425579,99.5375021912287
0.136487810670087,99.5270141177256
0.136614906807235,99.5164986702681
0.136741890069124,99.5059560101282
0.13686876183787,99.4953862831148
0.136995523403795,99.4847896397856
0.137122175768842,99.4741662515742
0.137248720254267,99.4635162601889
0.13737515805116,99.4528398158148
0.137501490335482,99.4421370670161
0.137627718078396,99.4314081768618
0.137753842515377,99.4206532833077
0.137879864809034,99.4098725282216
0.138005785777437,99.3990660801033
0.138131606706263,99.3882340647767
0.138257328597332,99.3773766304409
0.138382952511225,99.3664939175099
0.138508479568881,99.3555860588682
0.138633910376993,99.3446532294916
0.13875924632948,99.3336955334398
0.138884488320289,99.3227131168399
0.139009637215629,99.311706125386
0.139134694042733,99.3006746884774
0.139259659651987,99.2896189490753
0.139384534952011,99.2785390427324
0.139509320980161,99.2674350916714
0.139634018465385,99.25630724345
0.139758628424011,99.2451556177818
0.139883151561755,99.2339803603341
0.140007588947678,99.2227815821004
0.140131941170918,99.2115594354384
0.140256209336587,99.2003140240224
0.14038039391471,99.1890455073157
0.140504496059253,99.1777539806019
0.140628516490772,99.1664395773021
0.140752455833383,99.1551024372047
0.140876315003263,99.1437426716961
0.141000094588637,99.1323604206841
0.141123795525236,99.1209557902688
0.141247418664877,99.1095288929461
0.141370964648437,99.0980798587118
0.141494434141942,99.0866088132709
0.141617827810912,99.0751158808121
0.141741146340408,99.0636011821841
0.141864390661624,99.0520648139088
0.14198756137727,99.0405069017257
0.14211065908347,99.0289275699542
0.14223368446967,99.0173269326696
0.142356638281631,99.0057050973402
0.142479521072592,98.9940621880805
0.142602333682813,98.9823983002859
0.142725076484667,98.9707135723481
0.142847750301057,98.9590080980713
0.142970355819603,98.9472819832543
0.143092893547439,98.9355353492235
0.143215364060114,98.9237683091417
0.143337768035058,98.9119809652209
0.143460106090022,98.9001734241895
0.143582378704567,98.888345804584
0.143704586551082,98.8764982049327
0.143826730287076,98.8646307241667
0.143948810319573,98.8527434840388
0.144070827290643,98.8408365819714
0.144192781661739,98.8289101319702
0.144314674176293,98.8169642192255
0.144436505264979,98.8049989584759
0.144558275298911,98.7930144686069
0.144679985195359,98.781010813921
0.144801635169268,98.7689881270202
0.144923225939789,98.7569464888934
0.145044757979391,98.7448860042822
0.145166231504569,98.7328068016646
0.145287647507048,98.7207089315813
0.145409006190888,98.7085925224179
0.145530308135545,98.6964576631234
0.145651553847741,98.6843044492645
0.1457727437427,98.672132984358
0.145893878386364,98.659943355697
0.146014958217938,98.6477356623825
0.146135983638161,98.6355100061329
0.146256955189213,98.6232664734073
0.146377873321097,98.6110051591149
0.146498738430791,98.5987261623491
0.146619551119718,98.5864295605093
0.146740311754704,98.5741154539757
0.146861020679273,98.5617839441416
0.14698167842355,98.5494351124946
0.147102285390557,98.5370690527754
0.14722284187274,98.5246858688421
0.147343348592431,98.5122856196565
0.147463805822009,98.4998684098011
0.147584213919587,98.4874343334655
0.147704573216726,98.4749834867588
0.147824884444263,98.4625159239423
0.147945147792017,98.450031754575
0.148065363668141,98.4375310639906
0.148185532507589,98.4250139341893
0.148305654553452,98.4124804662153
0.148425730340262,98.3999307298232
0.148545760189932,98.3873648164124
0.148665744687287,98.3747827889137
0.148785683896417,98.3621847639292
0.148905578347213,98.3495708079165
0.149025428432096,98.3369410015909
0.149145234542526,98.3242954247766
0.149264996939288,98.3116341701244
0.149384716080552,98.2989573085904
0.149504392168075,98.286264937589
0.149624025627477,98.2735571298397
0.149743616967691,98.2608339488689
0.14986316644255,98.2480954844721
0.149982674151117,98.2353418415958
0.150102140740856,98.2225730661747
0.150221566368467,98.2097892563334
0.150340951549336,98.1969904706158
0.150460296491065,98.1841768000639
0.150579601562844,98.171348317311
0.150698867159128,98.158505091816
0.150818093356867,98.1456472262881
0.15093728064606,98.1327747780671
0.151056429421079,98.1198878147217
0.151175539855828,98.1069864266309
0.151294612386968,98.0940706748644
0.151413647105313,98.0811406574328
0.151532644633449,98.0681964138707
0.151651605063422,98.0552380411164
0.151770528740924,98.0422656071899
0.151889415916459,98.0292791901347
0.152008266922498,98.0162788583614
0.152127082032325,98.0032646861948
0.152245861650087,97.9902367330153
0.152364605839755,97.9771950947626
0.152483315152766,97.964139813107
0.152601989688232,97.9510709792159
0.152720629807299,97.9379886542986
0.152839235882457,97.9248928981102
0.152957807956383,97.9117838059414
0.153076346500073,97.8986614249713
0.1531948516848,97.8855258354021
0.153313323791664,97.8723771043081
0.153431763170435,97.8592152907755
0.15355016997124,97.8460404754351
0.153668544599464,97.8328527098368
0.15378688713203,97.8196520816598
0.153905197873262,97.8064386523383
0.154023477169104,97.7932124785235
0.154141725134778,97.7799736419916
0.154259942185312,97.7667221902813
0.15437812859148,97.753458186905
0.154496284449171,97.7401817140414
0.154614410130763,97.7268928221991
0.154732505805679,97.7135915844741
0.154850571705467,97.7002780661769
0.154968608093534,97.6869523286256
0.155086615336954,97.6736144210856
0.155204593449285,97.6602644320832
0.155322542750328,97.6469024146571
0.155440463573889,97.633528420297
0.155558356071475,97.6201425205424
0.155676220524946,97.6067447714065
0.155794056925006,97.5933352614277
0.155911865840866,97.5799140129155
0.156029647393179,97.5664810993616
0.156147401778161,97.5530365844469
0.15626512917548,97.5395805333028
0.156382829862099,97.5261129995638
0.156500504047445,97.5126340442394
0.156618151856915,97.4991437372986
0.156735773642386,97.4856421223457
0.156853369342349,97.4721292899747
0.15697093957232,97.458605252493
0.157088484240848,97.4450701035452
0.157206003788293,97.4315238743815
0.157323498223381,97.4179666459928
0.157440967967272,97.4043984510293
0.157558413031573,97.3908193692868
0.15767583371194,97.3772294468639
0.157793230199269,97.3636287419231
0.157910602514836,97.3500173315269
0.158027951197868,97.3363952324593
0.158145276249277,97.3227625239543
0.158262577660747,97.3091192849259
0.158379855922825,97.2954655362965
0.158497111155808,97.2818013422652
0.158614343710874,97.2681267392876
0.158731553491386,97.2544418155147
0.158848740830219,97.2407466081765
0.158965905951334,97.2270411674932
0.159083048948801,97.2133255582026
0.159200170059228,97.1995998278307
0.15931726944748,97.1858640320986
0.159434347410606,97.1721182108518
0.15955140395432,97.1583624376724
0.159668439475279,97.1445967396779
0.159785453780644,97.1308212130307
0.159902447460573,97.1170358611034
0.16001942033061,97.1032407787754
0.160136372891637,97.0894359790725
0.16025330516746,97.075621531644
0.160370217345597,97.0617974857682
0.160487109623237,97.0479638894569
0.160603982022525,97.0341208109434
0.160720834866919,97.0202682824086
0.160837668266515,97.0064063613099
0.160954482525274,96.992535081571
0.161071277612623,96.9786545164471
0.161188053872615,96.9647646940887
0.161304811375513,96.9508656752514
0.161421550179223,96.9369575213269
0.161538270622088,96.9230402601974
0.161654972667512,96.9091139642697
0.16177165673561,96.895178650908
0.161888322863535,96.8812343832823
0.162004971232613,96.8672812064449
0.162121601947791,96.8533191743812
0.162238215267652,96.8393483224017
0.162354811302945,96.8253687033291
0.162471390159028,96.8113803700227
0.162587952033518,96.797383364015
0.16270449693234,96.7833777495234
0.162821025153502,96.7693635553154
0.162937536764187,96.7553408379107
0.163054032053853,96.7413096265817
0.163170510985687,96.7272699896169
0.163286973997716,96.7132219376505
0.16340342083423,96.699165564816
0.163519852001017,96.6851008725454
0.163636267526643,96.6710279205045
0.163752667546897,96.656946754366
0.163869052100283,96.6428574312843
0.163985421470407,96.628759978555
0.164101775730466,96.6146544489233
0.164218115064768,96.6005408811003
0.164334439531626,96.5864193288279
0.164450749362612,96.5722898244821
0.16456704468099,96.5581524135155
0.164683325528868,96.5440071506718
0.164799592051777,96.5298540777635
0.164915844623489,96.5156932089963
0.16503208312897,96.5015246177561
0.165148307799514,96.4873483343411
0.165264518824967,96.4731643944017
0.165380716101685,96.4589728687884
0.165496899926051,96.4447737790725
0.165613070471756,96.4305671621913
0.165729227820262,96.4163530657953
0.165845372176797,96.4021315220197
0.165961503431559,96.3879026011829
0.166077621999884,96.3736663089719
0.166193727789621,96.3594227134896
0.166309821130212,96.3451718303738
0.166425901985755,96.3309137201984
0.166541970519211,96.316648418396
0.166658026924678,96.3023759566971
0.166774071293666,96.2880963791755
0.166890103853074,96.2738097129175
0.16700612436847,96.2595160412881
0.167122133297488,96.2452153620105
0.167238130746391,96.230907716841
0.167354116689376,96.2165931628072
0.167470091174421,96.2022717473113
0.167586054576621,96.1879434776392
0.167702006888697,96.1736084083431
0.167817948122362,96.1592665906479
0.167933878583613,96.1449180394348
0.168049798268093,96.1305628080298
0.168165707438824,96.1162009161088
0.1682816060925,96.101832416288
0.168397494324685,96.0874573482914
0.168513372157409,96.0730757608158
0.168629239935499,96.058687662521
0.16874509761372,96.044293110487
0.168860945467334,96.0298921213306
0.168976783390296,96.0154847589839
0.16909261158329,96.001071048619
0.169208430224704,95.9866510185173
0.169324239324759,95.9722247174915
0.169440039077894,95.9577921710247
0.169555829522945,95.9433534239444
0.169671610795804,95.9289085085734
0.169787383048577,95.9144574551857
0.169903146278111,95.9000003130877
0.170018900590495,95.8855371175286
0.170134646126599,95.8710678994532
0.170250383044077,95.8565926876142
0.170366111418172,95.8421115207922
0.170481831524179,95.8276244125602
0.170597543207941,95.8131314299327
0.170713246738529,95.7986325863144
0.170828942089023,95.7841279324786
0.170944629363096,95.7696175022384
0.171060308776937,95.7551013154491
0.17117598039294,95.7405794111443
0.171291644279745,95.7260518270525
0.171407300464231,95.7115186058772
0.171522949117217,95.6969797721245
0.17163859035031,95.6824353577879
0.171754224357472,95.6678853842916
0.171869851012315,95.6533299129405
0.171985470571103,95.6387689564476
0.172101083070881,95.6242025554513
0.17221668857366,95.6096307468892
0.172332287350986,95.5950535413435
0.172447879298297,95.580470996638
0.172563464537821,95.5658831412849
0.172679043357024,95.5512899833657
0.172794615650606,95.5366915802999
0.172910181619759,95.5220879501347
0.173025741347945,95.5074791260486
0.173141294679546,95.4928651707914
0.173256841939079,95.4782460862504
0.173372383239649,95.4636219016341
0.173487918790509,95.4489926335318
0.173603448341088,95.4343583561596
0.173718972101259,95.419719084793
0.173834490442001,95.4050748152359
0.173950003131705,95.3904256192282
0.174065510363092,95.3757715137206
0.17418101212378,95.3611125420707
0.174296508724823,95.3464487064554
0.174412000077695,95.331780059791
0.174527486363923,95.3171066200192
0.174642967580466,95.3024284286424
0.174758443764865,95.2877455215435
0.174873915178756,95.2730579062675
0.174989381808233,95.2583656254074
0.175104843656956,95.2436687186046
0.175220300877286,95.2289672065642
0.175335753660363,95.2142611052702
0.17545120199626,95.1995504560179
0.175566645890416,95.1848352975484
0.175682085638105,95.1701156318313
0.175797521156007,95.1553915091362
0.175912952535661,95.1406629566962
0.176028380015956,95.12592998326
0.176143803473607,95.1111926435677
0.176259223124745,95.0964509484983
0.176374638900518,95.0817049455039
0.17649005095445,95.066954653188
0.176605459559241,95.0522000753396
0.176720864513678,95.0374412759042
0.176836266056005,95.0226782619631
0.176951664212045,95.0079110682342
0.177067059020805,94.9931397272426
0.177182450511196,94.9783642726295
0.17729783901378,94.9635846996056
0.177413224359447,94.9488010672853
0.177528606738843,94.9340133879152
0.177643986177184,94.919221695281
0.177759362745099,94.9044260169701
0.177874736530917,94.8896263782411
0.177990107650751,94.8748228007217
0.178105476254833,94.8600153016123
0.178220842292607,94.8452039235596
0.178336205774512,94.8303887008638
0.178451566930233,94.8155696398942
0.178566925736069,94.8007467796309
0.178682282311076,94.7859201402178
0.178797636649952,94.7710897577454
0.178912988922264,94.7562556456488
0.17902833909545,94.7414178433355
0.179143687363074,94.7265763608437
0.17925903385173,94.7117312170588
0.179374378466943,94.6968824587938
0.179489721471487,94.6820300866482
0.179605062715109,94.6671741545161
0.179720402343449,94.6523146775696
0.179835740441902,94.6374516791149
0.179951077130752,94.6225851778035
0.180066412404143,94.6077152083133
0.18018174633922,94.5928417943047
0.180297079036467,94.5779649564831
0.180412410570553,94.5630847187915
0.180527740821398,94.5482011298777
0.180643070158053,94.5333141752923
0.180758398546929,94.5184238929907
0.180873726088092,94.5035303028877
0.180989052692387,94.4886334491685
0.181104378542246,94.4737333407529
0.181219703658906,94.4588300076456
0.181335028119574,94.4439234722621
0.181450352001942,94.4290137569131
0.181565675377645,94.4141008845686
0.181680998394192,94.3991848683321
0.18179632102625,94.3842657434841
0.181911643355302,94.3693435311123
0.182026965358353,94.3544182657784
0.182142287193732,94.3394899584769
0.182257608852864,94.3245586418737
0.182372930480457,94.3096243285177
0.182488252164162,94.2946870384547
0.182603573929776,94.2797467994376
0.182718895794958,94.2648036399831
0.182834217823489,94.2498575825387
0.182949540263755,94.2349086258414
0.183064862887686,94.2199568301105
0.183180185993127,94.2050021868632
0.183295509592467,94.1900447252473
0.183410833694686,94.1750844742011
0.18352615830853,94.1601214625003
0.183641483516537,94.1451557093297
0.183756809332872,94.1301872427323
0.183872136010618,94.1152160597849
0.183987463438216,94.1002422048528
0.184102791815738,94.0852656813212
0.184218121121024,94.0702865216601
0.18433345135125,94.0553047553076
0.184448782708282,94.0403203852484
0.184564115073124,94.0253334561232
0.184679448662162,94.0103439686131
0.18479478344861,93.9953519552797
0.184910119491559,93.9803574370395
0.185025456968676,93.9653604195656
0.185140795766391,93.9503609462159
0.185256135956896,93.9353590356762
0.18537147771753,93.9203546933406
0.185486821053153,93.9053479470038
0.185602165917156,93.8903388306111
0.185717512581069,93.8753273368349
0.185832860943237,93.8603135070591
0.185948211223324,93.8452973403501
0.186063563288948,93.8302788816991
0.186178917273407,93.8152581410037
0.186294273203371,93.8002351423445
0.186409631166482,93.7852099016582
0.186524991198686,93.7701824415624
0.186640353379418,93.7551527788517
0.186755717811111,93.7401209273324
0.186871084445837,93.7250869201717
0.186986453361776,93.7100507738195
0.187101824625868,93.6950125063343
0.187217198172079,93.6799721528555
0.187332574262164,93.6649297057962
0.187447952928984,93.6498851877412
0.187563334141737,93.6348386289353
0.187678717906274,93.6197900545811
0.187794104391827,93.6047394687545
0.187909493706876,93.5896868836704
0.188024885684602,93.5746323469092
0.188140280442481,93.5595758685706
0.188255678122084,93.5445174561437
0.188371078762484,93.5294571303967
0.188486482454828,93.5143949050285
0.188601889172555,93.4993308089397
0.188717298930525,93.4842648653225
0.188832711774111,93.4691970934085
0.188948127792752,93.4541275067314
0.189063547177534,93.4390561056956
0.189178969766919,93.4239829364487
0.189294395686783,93.4089080070746
0.189409824980651,93.393831336801
0.189525257658949,93.3787529489336
0.189640693844589,93.363672852041
0.189756133583901,93.3485910647556
0.18987157683839,93.33350761644
0.189987023841136,93.3184225010053
0.190102474493176,93.3033357558454
0.190217928910306,93.2882473897641
0.190333387110616,93.2731574245366
0.190448849010557,93.2580658948408
0.190564314816575,93.2429727974773
0.190679784590122,93.2278781485804
0.190795258414515,93.2127819610899
0.190910736209147,93.1976842690842
0.191026218033327,93.1825850880604
0.191141704075098,93.1674844170511
0.191257194287274,93.1523822858004
0.191372688721235,93.137278710681
0.191488187414897,93.1221737098925
0.191603690403812,93.1070673018538
0.191719197784556,93.0919594969912
0.191834709433302,93.0768503343428
0.191950225566077,93.0617398083447
0.192065746216471,93.0466279377218
0.192181271362398,93.0315147479836
0.192296801093149,93.016400249947
0.192412335591097,93.0012844425241
0.192527874637853,92.986167376713
0.192643418386752,92.9710490543578
0.192758966896649,92.9559294902368
0.192874520172269,92.940808705944
0.1929900783191,92.9256867097837
0.193105641429271,92.9105635119232
0.193221209396761,92.8954391481179
0.193336782433049,92.8803136124265
0.193452360495372,92.8651869324704
0.193567943693077,92.8500591155617
0.193683531921922,92.8349301969088
0.193799125336356,92.8198001776558
0.193914723860964,92.8046690892254
0.19403032773032,92.7895369223112
0.194145936805189,92.7744037166498
0.194261551258568,92.7592694706259
0.194377171087975,92.7441342059262
0.194492796427549,92.7289979261137
0.194608427211191,92.7138606609043
0.194724063432507,92.6987224317655
0.194839705193619,92.6835832461192
0.194955352535305,92.6684431195444
0.195071005402115,92.6533020799104
0.195186664043084,92.6381601152927
0.195302328492814,92.6230172421691
0.195417998639271,92.6078734955213
0.195533674502453,92.5927288927394
0.195649356335659,92.5775834211709
0.195765043952492,92.5624371256867
0.195880737551843,92.5472900001598
0.19599643703286,92.5321420780425
0.196112142515789,92.5169933634492
0.196227854145233,92.5018438577057
0.196343571789576,92.4866935979878
0.19645929565213,92.4715425773283
0.196575025573098,92.4563908364824
0.196690761787891,92.4412383641344
0.196806504206675,92.4260851919042
0.196922252785612,92.4109313447224
0.197038007684193,92.395776821121
0.197153769037493,92.3806216232168
0.197269536805066,92.3654657757991
0.197385310877672,92.3503093120822
0.19750109154853,92.335152212827
0.197616878751777,92.3199945062074
0.197732672480989,92.3048362118845
0.197848472765003,92.2896773449268
0.197964279708834,92.2745179105627
0.198080093318527,92.2593579269763
0.198195913556402,92.2441974177416
0.198311740657527,92.22903637088
0.198427574552243,92.2138748144696
0.19854341518239,92.1987127743859
0.198659262740496,92.1835502438937
0.198775117279007,92.1683872349405
0.198890978682544,92.1532237808956
0.199006847048991,92.1380598869946
0.199122722436747,92.1228955639871
0.199238604831347,92.1077308319711
0.199354494276862,92.0925657032179
0.199470390890658,92.0774001805523
0.199586294647915,92.0622342853441
0.199702205558882,92.0470680340392
0.199818123746865,92.0319014284151
0.199934049172167,92.0167344915809
0.200049981913939,92.0015672308327
0.200165921992038,91.9863996613218
0.200281869484614,91.9712317904752
0.200397824337109,91.956063642973
0.200513786635689,91.9408952249087
0.200629756396604,91.9257265516723
0.200745733743708,91.9105576245266
0.200861718575201,91.8953884741333
0.200977711118572,91.880219087939
0.201093711235876,91.8650495013678
0.201209719033885,91.8498797173218
0.201325734499024,91.8347097547111
0.201441757686047,91.8195396233249
0.201557788664868,91.804369331062
0.201673827495418,91.7891988871047
0.201789874080486,91.7740283208988
0.201905928598402,91.7588576257895
0.202021990916401,91.7436868359456
0.202138061294327,91.7285159340019
0.202254139535082,91.7133449625185
0.202370225834753,91.6981739121373
0.202486320166369,91.6830028031155
0.202602422631697,91.6678316385678
0.202718533081925,91.652660454223
0.202834651722788,91.6374892393254
0.202950778573286,91.622318007993
0.203066913626536,91.6071467772868
0.203183057015322,91.5919755460279
0.203299208492807,91.5768043624084
0.203415368290686,91.5616332118267
0.203531536387852,91.5464621133562
0.203647712963423,91.5312910596503
0.203763897990883,91.5161200702913
0.203880091401639,91.5009491698032
0.203996293349622,91.4857783537334
0.204112503699195,91.4706076555303
0.204228722600707,91.4554370710073
0.204344950132373,91.4402666058441
0.204461186202906,91.4250962874789
0.204577430958256,91.4099261122153
0.204693684278246,91.3947561112099
0.204809946400973,91.3795862687086
0.204926217239185,91.3644166117126
0.20504249680583,91.3492471535528
0.205158785049444,91.3340779159845
0.205275082152783,91.318908890337
0.205391388128628,91.303740090379
0.205507703046311,91.2885715221763
0.205624026962408,91.2734031934654
0.205740359692648,91.2582351430124
0.205856701453946,91.2430673571726
0.205973052188862,91.2278998585585
0.206089411973013,91.2127326520213
0.206205780843956,91.1975657475133
0.206322158779599,91.1823991625764
0.206438545846888,91.1672329030645
0.206554942027669,91.1520669859565
0.206671347449347,91.1369014092269
0.206787762258754,91.1217361686049
0.206904186171319,91.1065713154968
0.207020619361472,91.0914068410526
0.207137061777737,91.0762427664845
0.20725351352668,91.0610790921788
0.207369974695891,91.0459158212313
0.207486445283413,91.0307529682201
0.207602925413943,91.0155905311189
0.207719414997199,91.000428535829
0.207835913936563,90.9852670085562
0.207952422493918,90.970105929197
0.208068940571325,90.9549453248128
0.208185468237151,90.9397852002413
0.208302005545542,90.9246255623945
0.208418552490749,90.9094664258599
0.208535109115037,90.8943077988508
0.208651675355074,90.8791497032341
0.208768251321841,90.8639921381552
0.208884837043415,90.8488351137715
0.209001432590548,90.8336786345487
0.209118038027944,90.8185227057555
0.209234653251928,90.8033673542757
0.209351278338188,90.7882125834728
0.209467913327043,90.773058401597
0.2095845581922,90.7579048253974
0.209701212983131,90.7427518616684
0.209817877800846,90.7275995106896
0.209934552773019,90.7124477693997
0.210051237621966,90.6972966868888
0.210167932519021,90.6821462535299
0.210284637576017,90.6669964682543
0.210401352592479,90.6518473700819
0.210518077829821,90.6366989378793
0.210634813314279,90.621551181681
0.210751558884865,90.6064041351043
0.210868314755998,90.5912577829884
0.210985080979667,90.576112131821
0.211101857415397,90.5609672124844
0.211218644151006,90.5458230260104
0.211335441289469,90.5306795719269
0.211452248601145,90.5155368925295
0.211569066371475,90.5003949631821
0.211685894598614,90.4852537971958
0.211802733296369,90.4701134052881
0.211919582380533,90.4549738106668
0.212036442068813,90.4398349975338
0.212153312227136,90.4246969958615
0.212270192902091,90.4095598116673
0.212387084209338,90.3944234424023
0.212503986171856,90.3792878975657
0.212620898787731,90.3641531896051
0.212737821998151,90.3490193381376
0.212854755843585,90.3338863498815
0.212971700471663,90.3187542180068
0.21308865567742,90.3036229811039
0.213205621705396,90.2884926193407
0.213322598512385,90.2733631506567
0.213439586139794,90.2582345815572
0.213556584607437,90.2431069213913
0.213673593957011,90.2279801766332
0.21379061424102,90.2128543523801
0.21390764539035,90.1977294692876
0.214024687567661,90.1826055180303
0.214141740665787,90.1674825242797
0.214258804712178,90.1523604958825
0.214375879718241,90.1372394429489
0.214492965728535,90.1221193713149
0.214610062881845,90.1070002748031
0.214727171171612,90.0918821659988
0.214844290585762,90.0767650578297
0.214961421034226,90.0616489731025
0.215078562672678,90.0465339030075
0.215195715601987,90.0314198462568
0.21531287958488,90.0163068446599
0.215430054898114,90.0011948735282
0.215547241451411,89.9860839561183
0.215664439313907,89.9709740945731
0.215781648383017,89.9558653131998
0.215898868859108,89.9407575972396
0.216016100670245,89.9256509673126
0.216133343802571,89.910545436036
0.216250598470048,89.8954409869871
0.216367864419159,89.8803376638813
0.216485141928658,89.8652354414865
0.216602430881185,89.8501343461612
0.216719731425869,89.835034369466
0.21683704344684,89.8199355372219
0.216954366940474,89.8048378603633
0.217071702081787,89.7897413272252
0.21718904878834,89.7746459593549
0.217306407076777,89.7595517650917
0.217423776958283,89.7444587535978
0.21754115855229,89.7293669202318
0.217658551823161,89.7142762803086
0.217775956882739,89.699186829997
0.21789337372224,89.6840985810766
0.218010802308749,89.66901154812
0.218128242660373,89.6539257390904
0.218245694777469,89.638841164294
0.21836315866359,89.6237578335803
0.218480634393629,89.6086757477009
0.218598122126907,89.5935948968012
0.218715621690729,89.5785153134011
0.218833133246692,89.5634369867476
0.218950656712597,89.5483599377196
0.219068192175577,89.5332841651775
0.219185739668487,89.5182096751733
0.219303299110925,89.5031364880287
0.21942087056129,89.4880646061367
0.219538454021193,89.4729940393645
0.219656049602097,89.4579247835117
0.219773657293652,89.4428568500394
0.219891277035946,89.4277902564055
0.220008908924569,89.4127250001646
0.220126552985326,89.3976610880379
0.220244209257953,89.3825985248261
0.220361877735317,89.3675373212502
0.220479558489764,89.3524774778168
0.220597251560231,89.3374189994033
0.220714956847668,89.3223619082804
0.220832674425833,89.307306204475
0.220950404315098,89.2922518951131
0.221068146619429,89.277198976629
0.221185901266622,89.2621474679049
0.221303668236715,89.2470973807917
0.221421447692035,89.2320487041187
0.221539239500228,89.2170014644051
0.221657043808245,89.2019556521762
0.221774860640889,89.186911273939
0.221892689888888,89.1718683529114
0.222010531687584,89.1568268810182
0.222128386077574,89.1417868626579
0.22224625295892,89.1267483198046
0.222364132390075,89.1117112540439
0.222482024395072,89.0966756716124
0.222599929084873,89.081641567702
0.222717846432432,89.0666089550875
0.222835776389312,89.0515778489131
0.222953719081619,89.0365482421781
0.223071674397864,89.0215201582344
0.223189642387013,89.0064935996658
0.223307623137459,88.9914685643658
0.223425616702553,88.9764450547462
0.223543623047865,88.9614230841822
0.223661642109909,88.9464026694667
0.223779674092432,88.9313837935973
0.223897718913049,88.916366476204
0.224015776585015,88.9013507242496
0.224133847194664,88.8863365356095
0.224251930742759,88.8713239190958
0.224370027076143,88.8563129026968
0.224488136353034,88.8413034748129
0.224606258654663,88.8262956341838
0.224724393969818,88.8112893910526
0.224842542337408,88.796284749088
0.224960703636664,88.7812817320978
0.225078878000946,88.7662803315624
0.225197065496976,88.7512805478597
0.225315265976683,88.7362824082465
0.225433479651441,88.7212858942784
0.225551706447033,88.7062910241256
0.225669946312882,88.6912978124006
0.225788199307618,88.6763062599627
0.225906465621238,88.6613163514078
0.226024745036308,88.6463281227704
0.226143037691399,88.6313415644815
0.226261343641134,88.616356678188
0.226379662745294,88.6013734898486
0.226497995089271,88.5863919966428
0.226616340871279,88.5714121820467
0.226734699914402,88.5564340768396
0.226853072255803,88.5414576841157
0.226971458080256,88.5264829888396
0.227089857249581,88.5115100167944
0.227208269808256,88.496538770164
0.227326695718018,88.4815692618023
0.227445135069816,88.4666014882294
0.22756358784675,88.4516354597141
0.227682054174789,88.4366711684092
0.227800533876332,88.4217086447072
0.227919027192864,88.4067478659083
0.228037533992547,88.3917888568404
0.228156054365149,88.3768316138608
0.22827458829415,88.3618761469947
0.228393135834007,88.346922457188
0.228511697011853,88.3319705489095
0.228630271773117,88.3170204367611
0.228748860158775,88.3020721232005
0.228867462202186,88.2871256118125
0.228986077920331,88.2721809082098
0.229104707278583,88.2572380243808
0.22922335040745,88.2422969515696
0.229342007202438,88.2273577106619
0.229460677771339,88.2124202955597
0.229579362154346,88.1974847089882
0.229698060312991,88.1825509633466
0.229816772253418,88.1676190652562
0.229935498021737,88.1526890164191
0.230054237626529,88.1377608232929
0.230172991117028,88.1228344871747
0.230291758424609,88.1079100240907
0.230410539785154,88.0929874118917
0.230529334841341,88.0780667028631
0.230648143947942,88.063147859435
0.230766966892088,88.0482309160684
0.230885803909672,88.0333158503029
0.231004654689162,88.0184027085695
0.231123519577531,88.0034914543241
0.231242398643685,87.9885820868953
0.231361291716572,87.9736746349116
0.231480198842651,87.958769099352
0.231599119927541,87.9438654990915
0.231718055149398,87.9289638189126
0.23183700443331,87.9140640755637
0.231955967838226,87.8991662686588
0.232074945330062,87.8842704095627
0.232193937170178,87.8693764728066
0.232312943127836,87.8544844945319
0.232431963210479,87.8395944803008
0.232550997525682,87.8247064236701
0.232670046186936,87.8098203177314
0.232789109188209,87.794936170389
0.232908186409376,87.7800540033695
0.233027277740012,87.7651738368946
0.233146383361178,87.7502956551096
0.233265503354911,87.7354194550608
0.233384637565535,87.7205452630167
0.233503786212727,87.7056730582465
0.233622949282301,87.6908028496811
0.233742126588967,87.6759346669381
0.233861318305025,87.6610684949957
0.233980524448693,87.6462043386084
0.234099745043929,87.6313422015465
0.23421898009131,87.6164820904129
0.234338229635274,87.6016240063191
0.234457493582406,87.5867679674577
0.234576772074597,87.5719139626819
0.234696065015215,87.5570620107355
0.234815372540649,87.5422121011367
0.234934694673499,87.5273642378683
0.235054031298767,87.5125184416465
0.235173382427066,87.4976747173562
0.235292748278255,87.4828330443466
0.235412128733187,87.467993444186
0.235531523751104,87.4531559280608
0.235650933430515,87.4383204900896
0.235770357816561,87.4234871312717
0.235889796797814,87.4086558717608
0.236009250590534,87.3938266910287
0.236128719017323,87.3789996176153
0.236248202089004,87.3641746561085
0.236367699931968,87.3493517972073
0.23648721251125,87.3345310517195
0.236606739831378,87.319712425248
0.236726281994994,87.3048959113749
0.236845838933365,87.2900815249218
0.2369654107582,87.2752692581883
0.23708499733285,87.2604591342815
0.237204598792209,87.245651142478
0.237324215045138,87.2308453003003
0.237443846228423,87.2160415968769
0.237563492228483,87.2012400524519
0.237683153256899,87.1864406469088
0.237802829198756,87.1716434007589
0.237922520131634,87.1568483102715
0.238042225971061,87.142055391883
0.238161946715557,87.127264651545
0.238281682506965,87.1124760778112
0.238401433254179,87.0976896880488
0.238521199141883,87.0829054653966
0.23864097993431,87.0681234449209
0.238760775826401,87.0533436081654
0.238880586876662,87.0385659541836
0.23900041295457,87.0237905048968
0.239120254178958,87.0090172513031
0.239240110439186,86.9942462129058
0.239359981687821,86.9794774010347
0.239479868271643,86.9647107789981
0.239599769963933,86.9499463809226
0.239719686964884,86.9351841876699
0.239839619139443,86.920424221751
0.239959566511223,86.90566648568
0.240079528930549,86.8909110033497
0.240199506629855,86.876157751762
0.240319499421974,86.8614067598081
0.240439507729708,86.8466579812668
0.2405595312615,86.8319114580726
0.24067957003593,86.8171671929583
0.240799624051399,86.8024251916138
0.240919693494787,86.7876854368311
0.241039778216499,86.7729479527068
0.241159878269047,86.7582127380508
0.241279993872184,86.7434797717001
0.241400124785432,86.7287490887884
0.241520271051518,86.7140206890657
0.241640432736176,86.6992945699915
0.241760609828735,86.6845707384096
0.241880802365791,86.669849195251
0.242001010301458,86.6551299515176
0.242121233670351,86.6404130082616
0.242241472580586,86.6256983577681
0.242361727029959,86.6109860058524
0.242481996862574,86.5962759767013
0.242602282260207,86.581568253222
0.242722583201312,86.566862843637
0.242842899719571,86.5521597490992
0.242963231913625,86.5374589629512
0.243083579523351,86.5227605220725
0.243203942888883,86.5080643899565
0.243324321810947,86.4933705965411
0.243444716343789,86.4786791400601
0.243565126520255,86.463990021747
0.24368555237383,86.4493032427575
0.243805993923564,86.43461880597
0.243926450977699,86.4199367396659
0.244046923904956,86.4052570039984
0.24416741248799,86.3905796310039
0.244287916866618,86.3759046084576
0.244408436777233,86.3612319734134
0.244528972446568,86.3465617029992
0.244649523975299,86.3318937905118
0.244770091320179,86.317228246405
0.244890674437278,86.3025650808406
0.245011273360871,86.287904294506
0.245131888099486,86.2732458913502
0.245252518594718,86.2585898833327
0.245373164905554,86.2439362681245
0.245493827101744,86.2292850423315
0.245614505305175,86.2146361963208
0.24573519937174,86.1999897525245
0.245855909423754,86.1853457007642
0.245976635326613,86.1707040622335
0.246097377175027,86.1560648300792
0.246218134865417,86.1414280216916
0.246338908537245,86.1267936248985
0.246459698186727,86.112161645189
0.246580503919631,86.0975320746327
0.246701325537211,86.0829049419984
0.2468221631287,86.0682802408766
0.246943016884432,86.0536579532893
0.247063886642317,86.0390381037564
0.247184772370269,86.0244207004611
0.247305674223074,86.0098057293977
0.247426592033354,85.9951932155555
0.247547525932836,85.9805831474607
0.247668476046613,85.9659755149942
0.247789442247298,85.9513703382645
0.247910424660421,85.9367676065694
0.248031423091963,85.9221673478743
0.248152437736106,85.9075695431153
0.248273468467991,85.8929742121029
0.248394515528892,85.878381330307
0.248515578766086,85.8637909209362
0.24863665815248,85.8492029914136
0.248757753622376,85.8346175539413
0.248878865427768,85.8200345827698
0.248999993445123,85.805454097599
0.249121137868269,85.7908760795313
0.249242298476521,85.7763005596411
0.249363475350008,85.7617275323255
0.249484668422694,85.7471570099418
0.249605877912451,85.7325889707942
0.249727103697932,85.7180234341279
0.249848345903387,85.7034603892722
0.249969604408588,85.6888998550715
0.250090879275208,85.6743418282537
0.250212170353861,85.6597863309684
0.250333477945403,85.6452333314403
0.250454801901705,85.630682852145
0.250576142376963,85.6161348787625
0.250697499287136,85.6015894257857
0.250818872571971,85.5870465044217
0.250940262370072,85.5725061022721
0.251061668613452,85.5579682318723
0.251183091260243,85.5434329022488
0.251304530328278,85.5289001153496
0.251425986009047,85.5143698526704
0.251547458181808,85.4998421330663
0.251668946947712,85.4853169484583
0.251790452186351,85.4707943173863
0.25191197397761,85.456274234248
0.252033512325177,85.4417567028317
0.252155067250507,85.4272417246948
0.252276638748651,85.4127293045248
0.252398226829072,85.3982194452376
0.252519831526841,85.3837121467354
0.252641452784935,85.3692074198463
0.252763090659959,85.3547052617755
0.252884745200238,85.3402056709176
0.253006416474678,85.3257086432305
0.253128104380294,85.3112141949752
0.253249809084633,85.2967223101225
0.253371530338024,85.2822330223682
0.253493268263888,85.2677463205894
0.25361502316445,85.2532621732939
0.253736794600525,85.2387806367794
0.253858582634102,85.2243017067593
0.253980387621589,85.209825345187
0.254102209342213,85.1953515826801
0.254224047770252,85.1808804257195
0.25434590306291,85.1664118595375
0.254467775141827,85.1519458974906
0.254589664103875,85.1374825318644
0.254711569929037,85.1230217689836
0.25483349243939,85.1085636334994
0.254955431886058,85.0941080993108
0.255077388140138,85.0796551858053
0.255199361250374,85.0652048907959
0.25532135128296,85.0507572103276
0.255443358208831,85.0363121516782
0.255565381987105,85.0218697232992
0.255687422681002,85.0074299213822
0.25580948038621,84.9929927385251
0.255931554972065,84.9785581939158
0.256053646622939,84.9641262693638
0.256175755159936,84.9496969898068
0.256297880702581,84.9352703445504
0.256420023252853,84.9208463371966
0.256542182766946,84.9064249765071
0.256664359162369,84.8920062756341
0.256786552591999,84.8775902201253
0.256908763197716,84.8631767972947
0.257030990890205,84.848766021465
0.257153235542112,84.8343579108814
0.257275497404548,84.8199524394726
0.257397776274912,84.8055496348961
0.257520072160747,84.791149499415
0.25764238523813,84.7767520159775
0.257764715495034,84.7623571898538
0.257887062820574,84.7479650374533
0.258009427326071,84.7335755490335
0.258131808964721,84.7191887337084
0.258254207750064,84.7048045932734
0.25837662386216,84.6904231102276
0.258499056975834,84.6760443261989
0.258621507265028,84.6616682237269
0.258743974746179,84.6472948046045
0.258866459452004,84.6329240685047
0.258988961318993,84.6185560262629
0.2591114805472,84.6041906578865
0.25923401696039,84.5898279875924
0.259356570692427,84.5754680028526
0.25947914165958,84.5611107169497
0.259601729954507,84.5467561223055
0.259724335475213,84.5324042342296
0.259846958241587,84.5180550535237
0.259969598505538,84.5037085543099
0.260092255937247,84.4893647785993
0.260214930884195,84.4750236887808
0.260337622931219,84.460685336816
0.260460332537351,84.4463496720387
0.26058305941754,84.4320167315301
0.260705803779186,84.417686494029
0.260828565471015,84.403358980601
0.260951344497391,84.389034193668
0.261074140901915,84.3747121313639
0.2611969548119,84.3603927822664
0.261319786112705,84.3460761630582
0.261442634880659,84.3317622678725
0.261565501141765,84.3174510969846
0.261688384729199,84.3031426728385
0.261811285871837,84.2888369718308
0.261934204566329,84.2745339979055
0.262057140709888,84.2602337660486
0.262180094479078,84.2459362587945
0.262303065635428,84.2316415070196
0.262426054309212,84.2173494983447
0.262549060472632,84.2030602392584
0.262672084442207,84.1887736963816
0.262795125855014,84.1744899151353
0.26291818487645,84.1602088788386
0.263041261353596,84.1459306083443
0.263164355498848,84.1316550819896
0.263287467318734,84.1173823024439
0.263410596670172,84.1031122891813
0.263533743664561,84.0888450321016
0.263656908351253,84.0745805287117
0.263780090541703,84.0603188037236
0.263903290529657,84.0460598260354
0.264026508174224,84.031803615303
0.264149743432796,84.0175501791064
0.264272996385579,84.0032995110615
0.26439626711032,83.9890516053368
0.264519555410597,83.9748064874932
0.264642861405471,83.9605641464148
0.264766185204453,83.9463245726695
0.264889526845656,83.9320877650247
0.265012886219014,83.9178537390144
0.265136263226392,83.90362250847
0.265259657979277,83.8893940632748
0.265383070549026,83.875168398336
0.265506500798298,83.8609455323359
0.265629948981009,83.8467254388535
0.265753415007156,83.8325081314489
0.265876898752577,83.8182936269328
0.266000400405637,83.8040819063362
0.266123919776457,83.7898729944302
0.266247457217279,83.7756668535093
0.266371012378101,83.7614635268649
0.266494585527187,83.7472629860544
0.266618176472916,83.7330652560913
0.266741785437591,83.7188703140764
0.266865412223373,83.7046781856397
0.266989056812625,83.6904888751368
0.26711271936968,83.6763023665253
0.267236399826211,83.6621186706041
0.267360098274727,83.6479377794515
0.267483814677637,83.6337597001819
0.267607548947798,83.6195844452846
0.267731301339787,83.6054119883471
0.267855071566432,83.5912423650816
0.267978859932049,83.5770755430892
0.268102666248056,83.562911546927
0.268226490631898,83.5487503655796
0.268350332969545,83.5345920147652
0.268474193352903,83.5204364864704
0.268598071679101,83.506283795098
0.268721967942166,83.492133943726
0.268845882504871,83.4779868938832
0.268969815068492,83.4638426826445
0.269093765727742,83.4497013013173
0.269217734512639,83.4355627491749
0.269341721478349,83.4214270225962
0.269465726450449,83.4072941439149
0.26958974962692,83.3931640929598
0.269713790908973,83.3790368837546
0.269837850178211,83.3649125319988
0.269961927663159,83.3507910141728
0.270086023263592,83.3366723445107
0.270210136980782,83.3225565251986
0.270334268883481,83.3084435509498
0.270458419059631,83.2943334144643
0.270582587400328,83.2802261306379
0.270706773896818,83.2661217026865
0.270830978635293,83.2520201233069
0.270955201549561,83.2379214025407
0.271079442644858,83.2238255421055
0.271203702059873,83.2097325288302
0.271327979672404,83.1956423791225
0.271452275667482,83.1815550743789
0.271576589871613,83.1674706367943
0.271700922373394,83.1533890584829
0.271825273180753,83.1393103410619
0.271949642315183,83.125234484513
0.272074029687159,83.1111615012643
0.272198435400764,83.0970913818222
0.272322859380747,83.0830241371445
0.27244730172335,83.0689597586598
0.272571762376151,83.0548982547365
0.27269624146607,83.0408396134002
0.272820739034808,83.0267838325295
0.272945254888764,83.0127309361575
0.273069789102256,82.9986809178722
0.27319434157418,82.9846337913599
0.273318912545167,82.9705895318439
0.27344350198887,82.9565481450033
0.273568109758752,82.9425096494395
0.273692735998204,82.9284740310958
0.273817380633668,82.9144413006698
0.273942043681219,82.9004114584848
0.274066725192584,82.8863845010209
0.274191425258861,82.8723604204534
0.274316143745188,82.8583392341965
0.2744408806493,82.8443209444427
0.27456563618952,82.8303055290544
0.27469041006811,82.8162930237738
0.27481520256397,82.8022833992088
0.274940013588362,82.7882766678894
0.275064843106665,82.7742728356988
0.275189691210412,82.7602718945306
0.275314557749561,82.7462738633649
0.275439442897674,82.7322787247951
0.275564346585611,82.7182864889457
0.27568926879487,82.7042971598915
0.275814209623394,82.6903107288381
0.275939169145723,82.6763271898208
0.276064146988049,82.6623465865257
0.276189143648363,82.6483688651527
0.276314158870261,82.634394057099
0.276439192784997,82.6204221495003
0.276564245291093,82.606453155856
0.276689316447572,82.5924870715162
0.276814406279689,82.5785238958397
0.276939514677224,82.5645636431185
0.277064641786985,82.550606298962
0.277189787663206,82.5366518596859
0.277314952151478,82.5227003444987
0.277440135299859,82.5087517498133
0.27756533704607,82.4948060845801
0.277690557647975,82.480863322258
0.277815797026022,82.4669234741185
0.277941055113232,82.4529865494161
0.278066331919602,82.4390525488681
0.278191627595345,82.4251214579056
0.278316941943344,82.4111933004941
0.278442275007685,82.3972680733802
0.278567626772992,82.3833457802643
0.278692997315525,82.3694264146991
0.278818386600618,82.3555099825989
0.278943794765091,82.3415964708141
0.279069221692595,82.3276858943147
0.279194667549822,82.3137782365027
0.279320132247961,82.2998735093333
0.279445615617864,82.2859717331198
0.279571117856738,82.2720728877735
0.279696638955726,82.2581769765225
0.279822178950897,82.2442839973247
0.279947737827053,82.230393953789
0.280073315594596,82.2165068466148
0.280198912139497,82.2026226901625
0.280324527733847,82.1887414562828
0.280450162044745,82.1748631837667
0.280575815386662,82.1609878394589
0.280701487601283,82.1471154430619
0.280827178811346,82.1332459827376
0.280952888826553,82.1193794813089
0.28107861788963,82.1055159137283
0.281204365786013,82.0916553056765
0.281330132681617,82.0777976404758
0.281455918590083,82.0639429187207
0.281581723648741,82.0500911272764
0.281707547515684,82.0362423054605
0.281833390363983,82.0223964355322
0.281959252273391,82.0085535108482
0.282085133190243,81.9947135392157
0.282211032960101,81.9808765391181
0.282336951836669,81.9670424843883
0.282462889751442,81.9532113846985
0.282588846705529,81.9393832415825
0.282714822712364,81.9255580552952
0.282840817808496,81.9117358236096
0.282966831979559,81.8979165498733
0.283092865330603,81.8841002243627
0.283218917560239,81.8702868816941
0.283344988938458,81.8564764937009
0.283471079437132,81.8426690656046
0.283597189038785,81.8288646009894
0.283723317836513,81.8150630914028
0.283849465653882,81.8012645578054
0.283975632554792,81.7874689946162
0.284101818721773,81.7736763838275
0.284228023966948,81.7598867478005
0.284354248485527,81.7461000667278
0.284480492058982,81.732316366223
0.284606754868048,81.718535627989
0.284733036792517,81.7047578669593
0.2848593380215,81.6909830641293
0.284985658306129,81.6772112483388
0.285111997952631,81.6634423876916
0.285238356682619,81.6496765143822
0.285364734651338,81.6359136127812
0.285491131850641,81.6221536856129
0.285617548173747,81.6083967459947
0.285743983789201,81.5946427771438
0.285870438791361,81.5808917707826
0.285996913033721,81.5671437444635
0.286123406510506,81.5533987000902
0.286249919282787,81.5396566326012
0.286376451368818,81.5259175417008
0.286503002616752,81.5121814453116
0.286629573256254,81.4984483200031
0.286756163239407,81.4847181728764
0.286882772378502,81.4709910255707
0.287009400941676,81.45726685045
0.287136048897164,81.4435456529245
0.287262716144272,81.4298274452932
0.287389402706192,81.4161122263653
0.287516108755636,81.4023999791486
0.287642834106716,81.3886907253902
0.287769578805068,81.374984461359
0.287896342767371,81.3612811975126
0.28802312623048,81.3475809098314
0.288149929074815,81.3338836130295
0.288276751269897,81.3201893116443
0.288403592938154,81.3064979939593
0.288530454028411,81.2928096671241
0.288657334546319,81.2791243319034
0.288784234373384,81.2654420023926
0.288911153673529,81.2517626623048
0.289038092449971,81.2380863130282
0.289165050700384,81.2244129562756
0.289292028465127,81.2107425891521
0.289419025643669,81.197075223855
0.289546042329178,81.1834108516739
0.289673078458803,81.1697494808659
0.289800134099218,81.1560911056288
0.28992720930894,81.1424357212423
0.290054303921571,81.128783346921
0.290181418102943,81.1151339660973
0.290308551887429,81.1014875767783
0.29043570522225,81.0878441860363
0.29056287807271,81.0742037988187
0.290690070376077,81.060566423066
0.290817282282727,81.0469320440466
0.290944513765829,81.0333006662422
0.291071764796802,81.0196722940077
0.291199035455468,81.0060469201552
0.291326325492657,80.9924245725772
0.291453635245835,80.9788052163871
0.291580964623698,80.9651888631832
0.291708313623231,80.9515755144876
0.291835682163925,80.9379651801024
0.291963070392232,80.9243578456779
0.292090478228424,80.910753521212
0.29221790575551,80.8971521990975
0.292345352711606,80.8835539084453
0.292472819392916,80.8699586187702
0.292600305848957,80.8563663266455
0.292727811981404,80.842777043874
0.292855337697458,80.8291907813266
0.292982883225037,80.8156075160205
0.293110448241569,80.8020272836455
0.293238033060558,80.7884500518436
0.293365637715838,80.7748758188374
0.293493262032024,80.7613046044592
0.293620906047797,80.7477364055378
0.293748569766689,80.7341712229708
0.293876253072085,80.7206090702782
0.294003956278138,80.7070499154377
0.294131679216489,80.6934937779488
0.29425942202776,80.6799406439796
0.294387184456167,80.6663905418332
0.294514966769642,80.6528434441118
0.294642768737152,80.6392993767275
0.294770590480708,80.6257583276922
0.294898432138181,80.6122202839259
0.295026293609313,80.5986852574093
0.295154174761282,80.5851532630731
0.295282075900531,80.5716242697087
0.295409996812037,80.5580983015596
0.295537937333335,80.5445753764524
0.295665897981991,80.5310554410395
0.295793878277331,80.5175385477151
0.295921878465985,80.5040246710284
0.296049898411062,80.4905138268128
0.296177938354126,80.4770059907594
0.296305998078967,80.4635011870218
0.296434077716689,80.4499994026746
0.296562177288156,80.4365006368698
0.296690296726597,80.4230048977548
0.29681843600634,80.4095121889985
0.296946595221705,80.396022501819
0.297074774300348,80.3825358450416
0.297202973213255,80.3690522226784
0.297331192165803,80.3555716143778
0.297459431003357,80.3420940377123
0.297587689847501,80.3286194808618
0.297715968734613,80.3151479413151
0.297844267386275,80.301679449182
0.297972586164825,80.2882139673549
0.298100924754549,80.2747515303398
0.298229283480757,80.2612921048912
0.298357662146325,80.2478357130885
0.298486060696306,80.2343823613773
0.298614479437949,80.2209320187958
0.298742917934941,80.2074847322064
0.298871376426885,80.194040477061
0.298999855024557,80.1805992432971
0.299128353750608,80.1671610298581
0.299256872535903,80.1537258449832
0.299385411237769,80.1402937043236
0.299513969967911,80.126864597058
0.299642548742271,80.1134385227448
0.299771147633096,80.1000154749858
0.299899766530742,80.0865954662599
0.300028405577428,80.073178482683
0.300157064632949,80.0597645399732
0.300285743901497,80.0463536178072
0.300414443122162,80.03294574445
0.300543162458227,80.019540903596
0.300671901910911,80.0061390963615
0.300800661476407,79.9927403241511
0.300929441165267,79.9793445868452
0.301058240872016,79.9659518962925
0.301187060903704,79.9525622216516
0.301315901044109,79.9391755866836
0.301444761286164,79.9257919927142
0.301573641725775,79.912411430774
0.301702542337365,79.899033904615
0.301831463144467,79.8856594127302
0.301960403955182,79.8722879758096
0.302089365111715,79.8589195593032
0.302218346470652,79.8455541794632
0.30234734802013,79.8321918382256
0.302476369631132,79.8188325496904
0.302605411523348,79.8054762920152
0.302734473731441,79.7921230629508
0.302863556037879,79.7787728857943
0.30299265858415,79.7654257465627
0.303121781445757,79.752081638651
0.303250924533797,79.7387405722164
0.30338008783904,79.7254025489431
0.303509271555422,79.7120675498519
0.303638475384281,79.6987356067049
0.303767699516504,79.685406700363
0.303896943724785,79.6720808552231
0.304026208550445,79.6587580165211
0.304155493490343,79.6454382374296
0.304284798696636,79.6321215024552
0.304414124192087,79.6188078103255
0.304543470075592,79.6054971518909
0.30467283610753,79.5921895526103
0.30480222255147,79.5788849860663
0.304931629295896,79.5655834649008
0.305061056342495,79.5522849896248
0.305190503886615,79.5389895411811
0.305319971664672,79.5256971475589
0.305449459665435,79.5124078102743
0.305578968154734,79.4991215030766
0.30570849715349,79.4858382251505
0.305838046504596,79.4725579933405
0.305967616304331,79.4592807983815
0.306097206403301,79.4460066563776
0.306226816956418,79.4327355521646
0.306356447823969,79.4194675009736
0.306486098999725,79.4062025040158
0.306615770750444,79.3929405350382
0.306745462893207,79.3796816138448
0.306875175426675,79.3664257410686
0.307004908282915,79.3531729243282
0.307134661898139,79.3399231201582
0.307264435652224,79.326676392816
0.307394229890087,79.3134327071564
0.30752404457645,79.3001920680371
0.307653879709049,79.286954476458
0.307783735431823,79.273719918641
0.307913611586524,79.2604884115647
0.308043508305078,79.2472599423996
0.308173425249077,79.2340345462247
0.308303362843399,79.2208121803743
0.308433320980168,79.207592857179
0.308563299609481,79.1943765822812
0.308693298753364,79.1811633540784
0.308823318359854,79.1679531785558
0.308953358560311,79.154746043137
0.309083419406031,79.1415419436155
0.30921350079772,79.1283408907981
0.309343602770873,79.1151428816508
0.309473725108704,79.1019479387006
0.309603868132013,79.0887560300682
0.309734031665368,79.0755671746218
0.309864215804063,79.0623813632475
0.309994420485482,79.0491986030653
0.31012464588573,79.036018877018
0.310254891825501,79.0228422040666
0.310385158409071,79.0096685741532
0.310515445442553,78.996498007532
0.310645753141907,78.9833304829436
0.310776081350654,78.9701660170905
0.31090643022772,78.9570045945173
0.311036799840838,78.9438462093852
0.311167190058977,78.9306908755979
0.311297600826581,78.9175385991337
0.311428032337551,78.9043893611649
0.311558484513305,78.8912431705307
0.311688957292733,78.8781000338727
0.311819450832083,78.8649599361281
0.311949964962725,78.851822895024
0.312080499672946,78.8386889120964
0.312211055188911,78.8255579654101
0.312341631439144,78.8124300631259
0.312472228339478,78.79930521416
0.312602846085514,78.7861833995036
0.312733484460362,78.7730646416829
0.312864143554529,78.7599489319625
0.312994823182933,78.7468362894869
0.313125523780139,78.7337266713917
0.313256244949832,78.7206201184045
0.313386986892291,78.7075166106172
0.313517749587311,78.6944161509294
0.31364853313247,78.6813187302619
0.31377933741942,78.6682243601221
0.313910162463558,78.655133039393
0.314041008336238,78.6420447616011
0.314171874987924,78.6289595323698
0.314302762415046,78.6158773525602
0.314433670644599,78.6027982200691
0.314564599561498,78.5897221469126
0.314695549338051,78.5766491164349
0.314826520093383,78.5635791177261
0.314957511442336,78.5505121896524
0.315088523695115,78.5374483014714
0.315219556639992,78.5243874751441
0.315350610358163,78.5113297029073
0.31548168502853,78.4982749677897
0.315612780569952,78.4852232786814
0.315743896845762,78.4721746494843
0.315875033973677,78.4591290688834
0.316006192225811,78.4460865108047
0.316137371211541,78.4330470147427
0.316268571041032,78.4200105697333
0.316399791740003,78.4069771739071
0.316531033235667,78.393946835028
0.316662295744294,78.3809195322496
0.31679357923988,78.3678952690241
0.316924883522658,78.3548740654782
0.317056208672349,78.3418559139387
0.317187554700863,78.3288408138648
0.317318921945329,78.3158287327359
0.317450309964726,78.3028197149054
0.317581718974841,78.2898137389893
0.317713148874144,78.2768108157422
0.317844599742093,78.2638109377424
0.317976071698846,78.2508140938513
0.318107564380555,78.2378203204007
0.318239078164364,78.2248295803645
0.318370612878755,78.2118418916172
0.318502168554168,78.1988572514356
0.318633745053903,78.185875673692
0.318765342717726,78.1728971254476
0.318896961224975,78.1599216390753
0.31902860070192,78.1469492022198
0.319160261213264,78.1339798092107
0.319291942700521,78.1210134663596
0.319423645465014,78.1080501446567
0.319555368898224,78.0950899043775
0.319687113538197,78.0821326925399
0.319818879521516,78.0691784971391
0.31995066636363,78.0562273661105
0.320082474237963,78.0432792821843
0.320214303031385,78.0303342570349
0.32034615305498,78.0173922607092
0.320478023900575,78.0044533338615
0.320609916079071,77.9915174266411
0.320741829264729,77.9785845719422
0.320873763500644,77.9656547655244
0.321005718775576,77.9527280089273
0.32113769527209,77.9398042848614
0.321269692686938,77.9268836234778
0.321401711231678,77.9139660041996
0.32153375093268,77.9010514252169
0.321665811615741,77.8881399039032
0.321797893673657,77.8752314023496
0.321929996565431,77.8623259739691
0.322062120943519,77.8494235551751
0.322194266285235,77.836524197953
0.322326432739201,77.8236278875317
0.322458620122123,77.8107346421985
0.322590829181347,77.7978443898933
0.322723058951762,77.7849572254523
0.322855310000875,77.7720730929419
0.32298758214409,77.7591920113891
0.323119875681163,77.7463139520593
0.323252190235677,77.733438952104
0.323384526022141,77.7205669906245
0.323516883145342,77.7076980582126
0.323649261307435,77.6948321841319
0.323781660592007,77.6819693602125
0.323914081358918,77.6691095523094
0.324046523263403,77.6562527945802
0.324178986464941,77.6433990715114
0.3243114706028,77.6305484183392
0.324443976329899,77.6177007721243
0.324576503003069,77.6048561960494
0.324709050986195,77.5920146545508
0.324841620187246,77.5791761573387
0.324974210763845,77.5663406895533
0.325106822529942,77.5535082696307
0.325239455521076,77.5406788942069
0.325372109932689,77.5278525449355
0.325504785539783,77.5150292440361
0.32563748263659,77.5022089633249
0.325770200867724,77.4893917375929
0.325902940332809,77.4765775570782
0.326035701141878,77.4637664117166
0.32616848316355,77.450958314606
0.326301286532129,77.4381532530461
0.326434111235562,77.425351228723
0.326566957235612,77.4125522456047
0.326699824657055,77.3997562920337
0.326832713337243,77.3869633840343
0.326965623494987,77.3741735007974
0.327098554791607,77.3613866752467
0.327231507652792,77.3486028665995
0.327364481835416,77.3358220989808
0.327497477245385,77.3230443812975
0.327630494007173,77.3102697018092
0.327763532175183,77.2974980558502
0.327896591860935,77.2847294332338
0.328029672850683,77.2719638547526
0.328162775281688,77.2592013073
0.328295899085048,77.2464417978986
0.328429044147939,77.2336853374495
0.328562210707625,77.2209319035306
0.32869539879782,77.2081814936192
0.328828608166023,77.1954341320188
0.328961838942165,77.1826898062614
0.329095091122469,77.169948517163
0.329228364733591,77.1572102624945
0.329361659743714,77.1444750455847
0.32949497627033,77.1317428555353
0.329628314535899,77.119013671757
0.329761673866872,77.1062875585592
0.329895054804072,77.0935644639797
0.330028457303032,77.0808443932928
0.330161881094908,77.0681273721487
0.330295326445219,77.0554133752787
0.330428793307575,77.0427024077198
0.330562281693364,77.0299944686072
0.330695791537096,77.0172895643648
0.330829322975372,77.0045876822491
0.330962875846153,76.991888837979
0.331096450169929,76.9791930296125
0.331230046015031,76.9665002509703
0.331363663493834,76.9538104918396
0.331497302529106,76.9411237599136
0.33163096299143,76.9284400674625
0.331764645013085,76.9157594020509
0.33189834842914,76.9030817796054
0.332032073575054,76.8904071686067
0.332165820278546,76.877735585986
0.332299588423608,76.8650670425995
0.332433378284202,76.8524015127419
0.332567189457745,76.839739034808
0.33270102229809,76.8270795752268
0.332834876705585,76.8144231440813
0.332968752768575,76.8017697331965
0.333102650473205,76.7891193441987
0.333236569744662,76.7764719842648
0.333370510439652,76.7638276668595
0.333504472973573,76.7511863531047
0.333638457044429,76.7385480720918
0.333772462664339,76.7259128224362
0.333906489966792,76.7132805918378
0.334040538936319,76.7006513821549
0.334174609455309,76.6880252045407
0.334308701715405,76.6754020411061
0.334442815357246,76.6627819258348
0.334576950732813,76.6501648255489
0.334711107746202,76.6375507499049
0.334845286508678,76.6249396886167
0.334979486940734,76.6123316494196
0.335113708944705,76.5997266414426
0.335247952733389,76.587124644886
0.335382218145359,76.5745256752624
0.335516505321368,76.5619297194185
0.335650814160122,76.5493367871318
0.335785144619473,76.5367468823245
0.33591949678651,76.5241599969924
0.336053870599135,76.5115761371986
0.336188266253998,76.4989952847789
0.336322683625691,76.4864174518257
0.336457122862205,76.4738426245848
0.336591583690841,76.4612708286744
0.336726066305106,76.4487020458895
0.336860570568004,76.4361362893367
0.336995096578181,76.4235735498454
0.337129644213394,76.4110138390151
0.337264213630912,76.398457142272
0.337398804755623,76.3859034669445
0.337533417552284,76.3733528163277
0.337668052204165,76.3608051735687
0.337802708745961,76.3482605358906
0.33793738713721,76.3357189072231
0.338072087237134,76.3231803005892
0.338206809103725,76.3106447105153
0.338341552690695,76.2981121414669
0.338476318130866,76.2855825812735
0.338611105539553,76.2730560196561
0.33874591454178,76.26053249144
0.338880745364671,76.2480119752426
0.339015597947289,76.2354944771071
0.339150472576331,76.2229799707355
0.339285368855341,76.2104684931229
0.339420287079934,76.1979600166064
0.339555227104408,76.1854545550901
0.339690188979619,76.1729521038128
0.339825172778877,76.1604526562122
0.339960178541334,76.1479562089191
0.340095206196569,76.1354627685489
0.340230255687989,76.1229723402579
0.340365326922573,76.1104849325532
0.340500420125712,76.0980005247435
0.340635535189717,76.0855191271434
0.340770671980353,76.0730407519849
0.340905830774716,76.06056537379
0.341041011465311,76.0480930029105
0.341176213926368,76.0356236507847
0.341311438342913,76.0231573003769
0.341446684613036,76.0106939613567
0.341581952729998,75.9982336342814
0.341717242842905,75.9857763056027
0.341852555025778,75.9733219688841
0.341987889172351,75.9608706340089
0.342123245044717,75.9484223225377
0.342258622826517,75.9359770174088
0.34239402275555,75.9235346973187
0.342529444708937,75.9110953739296
0.342664888371501,75.8986590757907
0.342800354201351,75.8862257607727
0.342935841879731,75.8737954586056
0.343071351687448,75.8613681433879
0.343206883324823,75.8489438427931
0.343342436828018,75.8365225531461
0.343478012539666,75.8241042434345
0.343613610060782,75.811688950465
0.343749229700199,75.7992766456844
0.343884871267776,75.7868673468117
0.344020534694055,75.774461059919
0.344156220287424,75.7620577569914
0.344291927701852,75.7496574698874
0.344427657295755,75.7372601657021
0.34456340891999,75.724865858488
0.344699182672307,75.7124745392427
0.344834978300371,75.7000862309239
0.344970795994712,75.6877009159551
0.345106635706525,75.6753185990499
0.345242497335546,75.6629392892462
0.345378381452485,75.6505629349123
0.345514287450259,75.6381895917188
0.345650215506351,75.6258192427702
0.345786165627052,75.6134518877107
0.345922137877187,75.601087520764
0.346058132024342,75.588726162988
0.346194148433765,75.5763677811661
0.34633018680245,75.5640124031357
0.346466247151218,75.5516600266045
0.346602329675754,75.5393106339925
0.346738434253661,75.5269642366357
0.346874560967365,75.5146208269691
0.347010709780648,75.5022804083612
0.347146880732635,75.4899429772542
0.34728307385133,75.47760853119
0.347419288998512,75.4652770826083
0.347555526463396,75.4529486053613
0.347691786082719,75.4406231145134
0.347828067735944,75.4283006206242
0.347964371609971,75.4159811067333
0.348100697641571,75.4036645787788
0.348237045883698,75.3913510319413
0.348373416076704,75.3790404895054
0.348509808560256,75.3667329206954
0.348646223045247,75.3544283518493
0.34878265987126,75.3421267522168
0.348919118950748,75.3298281300983
0.349055600240486,75.3175324892281
0.349192103513701,75.3052398497194
0.349328629265952,75.2929501669941
0.34946517706422,75.2806634803874
0.349601746967658,75.2683797839837
0.349738339261033,75.2560990524335
0.349874953756776,75.243821302875
0.350011590493308,75.231546531595
0.350148249450473,75.2192747403807
0.350284930541305,75.2070059369074
0.350421633723605,75.1947401247592
0.350558359175038,75.1824772880564
0.350695106968368,75.1702174205907
0.350831877039164,75.1579605281826
0.350968669374121,75.1457066118651
0.351105484117789,75.1334556587292
0.351242320906023,75.1212077012331
0.351379180077741,75.1089627087362
0.351516061513242,75.0967206922876
0.351652965125097,75.0844816594461
0.351789890928227,75.0722456086929
0.351926839267973,75.0600125094396
0.352063809774262,75.0477823949177
0.352200802583292,75.0355552524831
0.352337817564089,75.023331093819
0.352474854764296,75.0111099144807
0.352611914508171,74.9988916858479
0.352748996552275,74.9866764298651
0.352886100832797,74.9744641517476
0.353023227450913,74.9622548423632
0.353160376469359,74.9500484962683
0.353297547688177,74.9378451311333
0.353434741157434,74.9256447421773
0.353571957117176,74.9134473082538
0.353709195526599,74.9012528332721
0.353846456267718,74.8890613274946
0.353983739234219,74.8768727999927
0.354121044611379,74.8646872342192
0.354258372340807,74.8525046355164
0.354395722641707,74.8403249844881
0.354533095057009,74.8281483215185
0.354670489847606,74.8159746229386
0.354807907211241,74.8038038716743
0.354945346974089,74.7916360832341
0.355082808958249,74.7794712728744
0.355220293427458,74.7673094170922
0.355357800165737,74.7551505351159
0.355495329521485,74.7429945960593
0.355632881171852,74.7308416286021
0.355770455491978,74.7186915993667
0.35590805205043,74.706544546518
0.356045670992003,74.6944004566764
0.356183312305539,74.6822593308967
0.356320976056862,74.6701211633549
0.356458662112904,74.6579859656838
0.356596370650469,74.6458537221658
0.356734101899313,74.6337244129154
0.356871855469169,74.6215980722309
0.357009631568969,74.6094746811972
0.357147430185575,74.5973542411139
0.357285251280304,74.585236755247
0.357423094572737,74.5731222478383
0.357560960458346,74.5610106839345
0.357626124757099,74.5552596603783
0.357691289055852,74.5487759609634
0.357751820457119,74.5427695771342
0.357874156484897,74.5307916823739
0.357996557660688,74.5190341586277
0.358121617954438,74.5071522787809
0.358248257917135,74.4952277852857
0.358376283282461,74.4832641309166
0.358505540256855,74.4712642714024
0.358635903995765,74.4592299502724
0.358767257258978,74.4471633484781
0.358899489626987,74.4350670168823
0.359032496711373,74.4229438652382
0.359166182016016,74.4107969156951
0.359300457756824,74.3986291556634
0.359435244589005,74.3864434881992
0.359570472082884,74.3742426153471
0.359706078084287,74.3620290262149
0.35984200842863,74.3498049564082
0.359978216317081,74.3375723835477
0.360114661493643,74.3253330457988
0.360251309533499,74.3130884559673
0.36038813116786,74.3008399182233
0.360525101939824,74.2885885209655
0.360662200806251,74.2763352285385
0.360799410251809,74.2640808418048
0.360936715758727,74.2518260220682
0.361074105269575,74.2395713182584
0.361211568547171,74.2273172060659
0.361349097017341,74.2150640868709
0.361486683165849,74.202812329023
0.361624321742567,74.1905621509911
0.361762007694397,74.1783137973298
0.361899736966293,74.1660674581886
0.362037506116845,74.1538232985339
0.362175312507746,74.141581436335
0.362313153884833,74.1293419758126
0.362451028327122,74.1171050080568
0.362588934201753,74.1048706121831
0.362726870277458,74.0926388430963
0.36286483529666,74.080409767423
0.363002828596605,74.0681834068155
0.363140849247577,74.0559598132501
0.363278896661081,74.043739013365
0.363416970433542,74.0315210221568
0.363555070343252,74.0193058423844
0.363693195796939,74.0070935124252
0.36383134666226,73.9948840320178
0.363969522711598,73.9826774118092
0.364107723713289,73.9704736642784
0.364245949267546,73.9582728178758
0.364384199475455,73.9460748580806
0.364522474294789,73.9338797845486
0.364660773603767,73.9216876044437
0.36479909739324,73.9094983155338
0.364937445340502,73.897311943605
0.36507581764726,73.8851284686346
0.365214214218902,73.872947897563
0.365352635008067,73.8607702330931
0.365491079911544,73.8485954830509
0.365629549104046,73.8364236311685
0.365768042440756,73.8242546895744
0.365906560020731,73.81208864884
0.366045101576749,73.7999255318335
0.366183667199,73.7877653299033
0.366322257229326,73.7756080131176
0.366460871233906,73.7634536194189
0.366599509363327,73.7513021348651
0.366738171699877,73.7391535522884
0.366876858197921,73.7270078756342
0.367015568780859,73.714865111346
0.36715430317789,73.7027252826584
0.367293062071088,73.6905883299622
0.367431845126272,73.6784542831428
0.367570652322741,73.6663231434809
0.367709483603403,73.6541949157601
0.367848339035563,73.6420695940073
0.367987218902466,73.6299471537821
0.368126122903811,73.6178276214318
0.368265051063215,73.6057109944329
0.368404003334419,73.5935972767312
0.368542979825856,73.5814864588713
0.368681980490434,73.5693785450537
0.368821005395485,73.5572735293877
0.368960054446611,73.5451714200772
0.369099127641525,73.5330722171541
0.369238225091011,73.5209759110318
0.369377346843842,73.5088824976536
0.369516492731482,73.4967919915784
0.369655662945361,73.4847043760436
0.369794857575474,73.4726196435388
0.369934075964528,73.4605378506921
0.370073318835818,73.4484589343224
0.370212586109155,73.436382902318
0.370351877628578,73.4243097680007
0.370491193246333,73.4122395437473
0.370630532927376,73.4001722322773
0.370769896890215,73.3881078147655
0.370909285381811,73.3760462703524
0.371048698072631,73.3639876276315
0.371188135095987,73.3519318746469
0.371327596382667,73.3398790174233
0.371467081942691,73.3278290549649
0.371606591710394,73.3157819928508
0.371746125958788,73.3037378075938
0.371885684679146,73.2916965002934
0.372025267484186,73.2796581039931
0.372164874817634,73.2676225801417
0.372304506076044,73.2555899808298
0.372444161849991,73.2435602547665
0.372583842061953,73.2315334093421
0.372723546385642,73.2195094722792
0.372863275298263,73.2074884023379
0.37300302850202,73.1954702255031
0.373142806135653,73.1834549295013
0.373282607926411,73.1714425376518
0.373422434260268,73.1594330166585
0.373562284973637,73.1474263809236
0.373702160025977,73.1354226336264
0.373842059478733,73.1234217693912
0.373981983254701,73.1114237947953
0.37412193155804,73.0994286923305
0.374261904199173,73.0874364783125
0.374401901123168,73.0754471570694
0.374541922567142,73.0634607083163
0.374681968203575,73.0514771601033
0.374822038371634,73.0394964831607
0.374962133052266,73.0275186794999
0.375102252035055,73.0155437668662
0.375242395603123,73.0035717208912
0.375382563572639,72.9916025574367
0.375522756197363,72.9796362547153
0.375662973151787,72.967672840501
0.375803214626153,72.95571229817
0.375943480563802,72.9437546326666
0.376083771088332,72.9317998334137
0.376224085872473,72.9198479281168
0.376364425255843,72.9078988875743
0.376504789031516,72.895952729621
0.37664517722184,72.8840094520278
0.376785590062189,72.8720690348912
0.376926027234256,72.8601315052814
0.37706648895764,72.8481968441732
0.377206975218159,72.8362650529572
0.377347486007193,72.8243361322679
0.377488021273815,72.8124100862703
0.37762858105963,72.8004869112901
0.377769165350917,72.7885666084381
0.377909774356721,72.7766491600486
0.378050407845002,72.7647345857963
0.378191065811957,72.7528228855673
0.378331748406642,72.7409140467228
0.378472455461808,72.7290080834056
0.378613187113127,72.7171049839161
0.378753943317326,72.7052047519577
0.378894724188171,72.6933073778507
0.37903552949855,72.6814128806541
0.379176359373704,72.6695212494565
0.37931721394253,72.6576324735338
0.379458093053659,72.6457465656345
0.379598996934285,72.633863506449
0.379739925290474,72.6219833207177
0.379880878017577,72.61010601665
0.380021855670552,72.5982315476454
0.380162857891234,72.5863599442778
0.380303884833294,72.5744911931448
0.380444936301937,72.5626253105289
0.380586012433207,72.5507622847038
0.380727113064548,72.5389021292682
0.380868238665714,72.5270448047862
0.381009388746149,72.5151903526195
0.381150563543466,72.5033387522065
0.381291763033427,72.4914900057229
0.381432987057131,72.4796441262427
0.381574235972886,72.467801083645
0.38171550945909,72.4559609050137
0.381856807448172,72.444123595397
0.381998130123135,72.432289139355
0.382139477475855,72.4204575377124
0.38228084968546,72.408628775509
0.382422246684585,72.3968028584452
0.382563668439335,72.3849797890937
0.382705114685987,72.3731595890746
0.382846585697118,72.3613422353082
0.382988081319499,72.3495277407173
0.383129601782993,72.3377160859825
0.383271146977529,72.3259072803833
0.383412716855935,72.3141013275372
0.383554311578132,72.3022982140086
0.38369593084149,72.2904979648634
0.383837575096735,72.2787005423463
0.383979244043812,72.266905971683
0.384120937749134,72.2551142468609
0.384262656078311,72.2433253788673
0.384404399155488,72.2315393571501
0.384546167196481,72.2197561639679
0.384687959957159,72.2079758195949
0.384829777358979,72.196198330003
0.384971619789078,72.1844236630563
0.385113486990572,72.1726518402744
0.385255378900183,72.1608828663683
0.385397295518397,72.1491167410177
0.385539237048867,72.1373534473522
0.385681203537194,72.1255929817782
0.385823194879259,72.1138353527593
0.385965210912093,72.1020805733372
0.386107251856004,72.0903286250437
0.386249317638079,72.0785795140012
0.386391407985165,72.0668332623481
0.386533523614221,72.0550898108363
0.386675664059278,72.0433491984393
0.386817829178515,72.0316114359887
0.386960019290664,72.0198764969919
0.387102234182608,72.0081443991542
0.387244474055743,71.9964151255959
0.387386738898761,71.9846886773378
0.387529028356267,71.9729650832237
0.387671342793046,71.9612443128117
0.387813682066142,71.9495263780908
0.387956046207273,71.9378112761539
0.388098435347191,71.9260989962071
0.388240849449119,71.9143895412629
0.388383288324481,71.902682926454
0.388525752172919,71.8909791350792
0.388668241076019,71.8792781605934
0.388810754728945,71.8675800277499
0.388953293333438,71.8558847195419
0.389095856929418,71.8441922328065
0.389238445419003,71.8325025754031
0.389381058711266,71.8208157543987
0.389523697197197,71.8091317377467
0.389666360581574,71.7974505497641
0.389809048885904,71.7857721881385
0.389951762104163,71.7740966531643
0.390094500392318,71.7624239320223
0.390237263757386,71.750754024184
0.390380052042499,71.7390869421813
0.390522865278509,71.7274226830973
0.390665703519982,71.7157612423603
0.390808566769938,71.7041026196273
0.390951455274832,71.6924467948041
0.391094368787214,71.680793788029
0.391237307234897,71.6691436045976
0.391380270481411,71.6574962551998
0.391523258854642,71.6458517130109
0.391666272272586,71.6342099849268
0.391809310580703,71.6225710831421
0.391952374166518,71.6109349760068
0.392095462726182,71.5993016883295
0.392238576317092,71.5876712148944
0.392381715147809,71.57604353876
0.392524878900554,71.5644186855908
0.39266806756569,71.5527966555338
0.392811281309372,71.5411774349979
0.392954520150296,71.5295610225353
0.393097784130578,71.5179474146171
0.393241073105701,71.5063366226983
0.393384387303909,71.494728628055
0.393527726451268,71.4831234527567
0.393671090887912,71.4715210689649
0.393814480325452,71.4599215000325
0.393957894960273,71.4483247296462
0.394101334751034,71.4367307611514
0.394244799537669,71.4251396071122
0.394388289425288,71.4135512586829
0.394531804519848,71.4019657073215
0.394675344901333,71.3903829465896
0.394818910377095,71.3788029917855
0.394962500779378,71.3672258558237
0.395106116580868,71.3556515005004
0.395249757380337,71.3440799582826
0.395393423345155,71.3325112150967
0.395537114370519,71.3209452792794
0.395680830798069,71.3093821232651
0.395824572471944,71.2978217597197
0.395968339085547,71.2862642126487
0.39611213084912,71.2747094646455
0.396255947881852,71.2631575062843
0.396399789996164,71.2516083524739
0.396543657436606,71.2400619833017
0.396687549872045,71.2285184251835
0.396831467829732,71.2169776355754
0.396975410667368,71.2054396659573
0.397119378770944,71.1939044846252
0.39726337245478,71.1823720668881
0.397407391197719,71.1708424543299
0.397551435129393,71.1593156357341
0.397695504305566,71.1477916065753
0.397839598770846,71.1362703631974
0.397983718389579,71.1247519161877
0.398127863254458,71.1132362578005
0.398272033488159,71.1017233782224
0.398416228995774,71.0902132849087
0.398560449819081,71.0787059741989
0.398704695901239,71.0672014503921
0.398848967216227,71.055699715234
0.398993263809876,71.0442007648385
0.399137585764157,71.0327045925687
0.399281932952068,71.0212112083339
0.399426305423929,71.0097206077629
0.399570703197172,70.9982327893066
0.399715126258123,70.9867477538417
0.399859574691706,70.9752654944304
0.400004048343488,70.9637860231077
0.400148547241775,70.9523093372062
0.400293071487284,70.9408354285961
0.400437621197702,70.9293642879353
0.400582195972515,70.9178959466299
0.400726796339504,70.9064303624354
0.400871422044124,70.8949675557813
0.401016072986957,70.8835075339255
0.401160749510732,70.8720502695635
0.401305451332798,70.8605957850744
0.401450178447497,70.8491440802982
0.401594930820093,70.8376951576753
0.401739708649147,70.8262490013738
0.401884511741678,70.8148056265394
0.402029340481205,70.8033650026705
0.402174194618719,70.7919271494952
0.402319074163101,70.7804920657496
0.402463979092031,70.7690597529021
0.402608909346285,70.7576302153003
0.402753865043615,70.7462034434248
0.402898846285846,70.7347794292405
0.403043852746858,70.7233581980969
0.403188884698235,70.7119397281231
0.40333394205048,70.7005240263886
0.403479024984305,70.6891110784698
0.403624133172799,70.6777009098122
0.403769267117006,70.6662934807129
0.403914426103758,70.6548888470747
0.404059610676119,70.6434869654704
0.404204820890755,70.6320878319145
0.404350056245439,70.6206914853315
0.404495317306755,70.609297880751
0.404640603817068,70.5979070386478
0.404785915806297,70.5865189561457
0.404931253121028,70.5751336448981
0.405076616100558,70.5637510781209
0.405222004564959,70.5523712699579
0.405367418418159,70.5409942273794
0.40551285777624,70.529619940977
0.405658322677513,70.5182484076745
0.405803813327214,70.5068796113872
0.405949329243088,70.4955135894383
0.406094870793691,70.4841503124113
0.406240437717397,70.4727898007241
0.406386030152375,70.4614320431299
0.406531648146214,70.4500770358551
0.406677291827637,70.438724768777
0.406822961025055,70.4273752550436
0.40696865552844,70.4160285103605
0.407114375722433,70.4046845044931
0.407260121616609,70.3933432369435
0.407405893111158,70.3820047151821
0.407551689836524,70.3706689672518
0.407697512648549,70.3593359264722
0.407843360823982,70.3480056493565
0.407989234533884,70.3366781215743
0.408135133779673,70.3253533428965
0.408281058822929,70.3140312929768
0.408427009448339,70.3027119884391
0.408572985670611,70.2913954276052
0.40871898737764,70.2800816187983
0.408865014852078,70.2687705399071
0.40901106793517,70.2574622032109
0.409157146550806,70.2461566140807
0.409303250760951,70.2348537673716
0.409449380692876,70.2235536531389
0.409595536260287,70.2122562778959
0.409741717289659,70.2009616545392
0.409887924161955,70.1896697533995
0.410034156551586,70.1783805995971
0.410180414531559,70.1670941868714
0.410326698221568,70.1558105058614
0.41047300765465,70.1445295539328
0.410619342768417,70.1332513356164
0.410765703618789,70.1219758462671
0.410912089946704,70.1107031054259
0.411058502009112,70.0994330928748
0.41120493989188,70.0881658021095
0.411351403462991,70.0769012430442
0.411497892659633,70.0656394199964
0.411644407576635,70.0543803253576
0.411790948276388,70.0431239542165
0.411937514961683,70.0318702909493
0.412084106924742,70.0206193893469
0.412230724786119,70.0093712010286
0.412377368209083,69.99812575206
0.412524037563486,69.9868830136946
0.412670732714717,69.9756429963159
0.412817453543242,69.9644057085483
0.412964200178738,69.9531711400795
0.413110972314354,69.9419393140437
0.41325777030519,69.9307102028545
0.413404594247936,69.9194837993479
0.413551443727419,69.9082601348297
0.413698318975302,69.8970391909188
0.413845220097097,69.8858209596099
0.41399214703523,69.8746054451275
0.414139099713194,69.8633926528858
0.414286078294593,69.8521825701085
0.414433082576285,69.8409752120472
0.414580112789838,69.829770560665
0.414727168671129,69.8185686358812
0.414874250507205,69.8073694154176
0.415021358119793,69.7961729127719
0.415168491641879,69.7849791174113
0.415315650769366,69.7737880521008
0.415462835806952,69.7625996932109
0.415610046791599,69.7514140380417
0.415757283431612,69.7402311083212
0.415904545896387,69.7290508906233
0.416051834173485,69.7178733857833
0.416199148558067,69.7066985713243
0.416346488645325,69.695526477731
0.416493854532452,69.6843570968846
0.416641246318079,69.6731904211634
0.416788664270005,69.6620264303161
0.416936107802073,69.6508651683485
0.417083577166146,69.6397066153184
0.417231072673609,69.6285507478667
0.41737859393207,69.6173975955195
0.417526141017212,69.6062471518102
0.417673714251924,69.5950993923245
0.417821312991735,69.583954365399
0.417968937844586,69.5728120244558
0.418116588649654,69.5616723819462
0.418264265381281,69.5505354393257
0.418411967984182,69.5394012003521
0.418559696476923,69.5282696632475
0.418707451045101,69.5171408138751
0.418855231461389,69.5060146691207
0.419003037947372,69.4948912118667
0.419150870510465,69.483770441506
0.419298728829236,69.4726523816913
0.419446613000794,69.4615370244579
0.419594523304151,69.4504243488332
0.419742459351028,69.4393143837784
0.419890421609772,69.428207093673
0.42003840976917,69.4171025019038
0.420186424055383,69.4060005909809
0.420334464061385,69.394901391074
0.420482530109787,69.3838048774104
0.420630622364,69.3727110379327
0.420778740614922,69.3616198880773
0.420926884710626,69.3505314385211
0.421075054901858,69.3394456701361
0.421223250959488,69.3283625999012
0.42137147301445,69.3172822175383
0.42151972123243,69.3062045106164
0.421667995333693,69.2951294997439
0.421816295557057,69.2840571665811
0.421964621951974,69.2729875074263
0.422112974339421,69.261920535265
0.422261352779765,69.2508562450756
0.422409757345533,69.2397946312356
0.422558187632895,69.2287357233321
0.422706644149412,69.217679483089
0.422855126887446,69.206625911375
0.423003635672441,69.1955750207678
0.423152170535653,69.184526808393
0.42330073144834,69.173481276057
0.423449318423002,69.1624384224822
0.423597931541108,69.1513982413657
0.423746570677355,69.1403607417086
0.423895235968209,69.1293259129961
0.424043927343963,69.1182937601881
0.424192644881099,69.10726427726
0.424341388691463,69.0962374557546
0.424490158438871,69.0852133201644
0.424638954518331,69.0741918407444
0.424787776615937,69.0631730406652
0.424936624704725,69.0521569212115
0.425085498818505,69.0411434795221
0.425234399205342,69.0301326971554
0.425383325767385,69.0191245812759
0.425532278428483,69.0081191370164
0.425681257417266,68.9971163471954
0.425830262476711,68.9861162305536
0.425979293754509,68.9751187756448
0.426128351201372,68.9641239858974
0.42627743469434,68.9531318699122
0.426426544468271,68.9421424100517
0.426575680396263,68.9311556155342
0.426724842377453,68.9201714932468
0.426874030659951,68.9091900246219
0.427023245259736,68.8982112084675
0.427172485944213,68.8872350614299
0.427321752952613,68.8762615654426
0.427471046225089,68.8652907248009
0.427620365623854,68.8543225491365
0.427769711272968,68.843357028904
0.427919083054693,68.8323941724747
0.428068481230307,68.8214339603898
0.428217905539297,68.8104764115586
0.428367356172025,68.7995215115069
0.428516832910038,68.7885692759679
0.428666336074966,68.7776196810059
0.428815865434891,68.7666727434897
0.428965421122926,68.7557284531585
0.429115002879434,68.7447868286283
0.429264611045489,68.73384784454
0.429414245342938,68.7229115211079
0.429563906123128,68.7119778322413
0.429713593045357,68.7010468026607
0.429863306359773,68.6901184135279
0.430013045771722,68.6791926860806
0.43016281173153,68.6682695870904
0.430312603844002,68.6573491452964
0.43046242226166,68.6464313488818
0.430612267109996,68.6355161885983
0.430762138229773,68.6246036757589
0.430912035520867,68.6136938170431
0.43106195917267,68.6027865983185
0.431211909159303,68.5918820213407
0.431361885599448,68.5809800772036
0.431511888362394,68.570080775105
0.431661917331684,68.5591841229127
0.431811972760304,68.5482901019228
0.431962054531651,68.5373987204811
0.432112162567629,68.5265099837289
0.432262297075111,68.5156238763437
0.432412457960887,68.5047404049209
0.432562645421148,68.4938595549223
0.43271285913987,68.4829813488931
0.432863099068574,68.4721057895742
0.433013365599302,68.4612328484266
0.433163658292517,68.4503625570954
0.433313977538237,68.4394948867847
0.433464323173986,68.4286298492223
0.433614695197647,68.4177674440358
0.433765093649178,68.406907667991
0.433915518392489,68.396050530518
0.434065969665306,68.3851960141082
0.434216447249522,68.3743441342795
0.434366951255487,68.3634948825475
0.43451748185118,68.352648246684
0.434668038975798,68.3418042308835
0.434818622474467,68.330962845762
0.434969232312231,68.3201240932451
0.435119868627929,68.3092879630325
0.435270531472037,68.2984544513507
0.435421220639474,68.2876235725285
0.435571936287872,68.2767953147375
0.435722678456967,68.2659696749736
0.435873447202345,68.2551466489895
0.436024242292409,68.2443262529541
0.436175063996037,68.2335084671137
0.436325911957912,68.2226933166605
0.436476786637828,68.2118807681791
0.436627687748003,68.2010708422716
0.436778615464716,68.1902635257544
0.436929569577976,68.1794588333399
0.437080550304807,68.168656749039
0.437231557549204,68.1578572795427
0.437382591357769,68.1470604210881
0.437533651469548,68.1362661918353
0.437684738172814,68.1254745707129
0.437835851515411,68.1146855543199
0.437986991600027,68.1038991351146
0.438138158052082,68.0931153393218
0.438289351195599,68.0823341432191
0.438440570812017,68.0715555622435
0.438591816862676,68.0607795985266
0.438743089409013,68.050006247316
0.438894388698094,68.0392354909102
0.439045714510781,68.0284673447075
0.439197066947987,68.0177018009749
0.439348446044155,68.0069388570139
0.439499851672484,67.9961785214333
0.439651283834742,67.9854207935868
0.439802742609995,67.9746656675418
0.439954227984133,67.9639131440276
0.440105740083154,67.9531632138127
0.440257278626243,67.9424158964106
0.44040884392448,67.9316711692692
0.440560435889824,67.9209290385567
0.440712054283805,67.9101895205583
0.440863699386426,67.899452594965
0.441015371197266,67.8887182617666
0.441167069562962,67.8779865313687
0.441318794687966,67.8672573888854
0.441470546496424,67.8565308394894
0.441622324948222,67.8458068855388
0.441774130067036,67.8350855249453
0.441925961681247,67.8243667693705
0.442077820070252,67.8136505987127
0.442229705166698,67.8029370176421
0.442381616906637,67.7922260301973
0.442533555011912,67.781517655344
0.442685520011118,67.7708118554852
0.4428375116775,67.7601086466996
0.442989530207827,67.7494080146591
0.443141575290323,67.7387099809248
0.443293647165822,67.7280145279686
0.443445745692585,67.7173216655538
0.443597870976737,67.7066313857686
0.443750022738115,67.6959437078565
0.44390220132911,67.6852586066078
0.444054406661225,67.6745760882139
0.444206638696128,67.6638961548886
0.444358897697287,67.6532187878854
0.444511183398749,67.6425440055998
0.444663496131143,67.6318717843857
0.444815835195472,67.6212021727327
0.444968201101755,67.6105351340769
0.445120593764856,67.5998706745204
0.445273013239198,67.5892087898728
0.445425459442216,67.5785494855358
0.445577932557571,67.5678927483143
0.44573043238648,67.5572385917989
0.445882958884469,67.546587018463
0.446035512351033,67.5359380071486
0.44618809248429,67.5252915787079
0.446340699299345,67.5146477313845
0.44649333324385,67.5040064338737
0.446645993756993,67.4933677250556
0.446798681192605,67.4827315794901
0.446951395402621,67.4720980073849
0.44710413643146,67.4614670051547
0.447256904101926,67.4508385846778
0.447409698793025,67.4402127192604
0.447562520261731,67.4295894257015
0.44771536861367,67.4189686960869
0.447868243787767,67.4083505343349
0.448021145912327,67.3977349311701
0.448174074743998,67.3871219030896
0.448327030424611,67.3765114396845
0.448480012925439,67.3659035427025
0.448633022383928,67.3552982023083
0.448786058834043,67.344695415948
0.448939122220294,67.3340951870827
0.449092212410097,67.3234975243444
0.449245329368047,67.3129024296101
0.449398473083886,67.3023099031611
0.449551643926058,67.291719919379
0.449704841601653,67.2811324983797
0.449858066240061,67.2705476305968
0.450011317916007,67.2599653106491
0.450164596467616,67.2493855493134
0.450317901929729,67.2388083436289
0.450471234315362,67.2282336923489
0.450624593535343,67.2176616012055
0.450777979738843,67.2070920595331
0.450931392558369,67.1965250922078
0.451084832634529,67.1859606547342
0.451238299659766,67.17539876843
0.451391793521407,67.1648394402687
0.451545314389328,67.154282658118
0.451698862266956,67.1437284215503
0.451852437048556,67.1331767373939
0.45200603876755,67.1226276028605
0.45215966760186,67.112081005493
0.452313323391462,67.1015369559936
0.452467006125109,67.0909954545583
0.452620715833829,67.080456498662
0.452774452594065,67.0699200827649
0.452928216373815,67.0593862087463
0.453082007045451,67.0488548848421
0.453235824774608,67.0383260992794
0.453389669602819,67.0277998490414
0.453543541209649,67.0172761555162
0.453697439738059,67.0067550082627
0.453851365564726,66.9962363815424
0.454005318306469,66.9857203013565
0.454159298208082,66.9752067503232
0.454313305002277,66.9646957463672
0.454467338872118,66.9541872764306
0.454621400005232,66.9436813276384
0.454775488086054,66.9331779211421
0.454929603148584,66.9226770538912
0.455083745399036,66.9121787115919
0.455237914833832,66.9016828943437
0.455392111275394,66.8911896137325
0.455546334579116,66.8806988789007
0.455700585138053,66.8702106628028
0.455854862595946,66.8597249895003
0.456009167134298,66.8492418460101
0.45616349874975,66.8387612323536
0.456317857552019,66.8282831407756
0.456472243578287,66.817807568503
0.456626656671063,66.807334525762
0.456781097121283,66.7968639924195
0.45693556447202,66.7863959990737
0.457090058895908,66.7759305332358
0.457244580560341,66.7654675834557
0.457399129102924,66.7550071738669
0.457553704822909,66.7445492836163
0.45770830781921,66.7340939060106
0.457862937948066,66.7236410504222
0.458017595140706,66.7131907208894
0.458172279416325,66.7027429156368
0.458326991028675,66.692297617318
0.458481729651127,66.6818548476748
0.45863649560058,66.6714145847667
0.458791288705778,66.6609768399722
0.458946109102565,66.6505416036441
0.459100956409333,66.640108900995
0.459255831010611,66.6296787055467
0.459410732905479,66.6192510173871
0.459565661778871,66.6088258571589
0.459720617974715,66.5984032011778
0.459875601380637,66.5879830569075
0.460030612068786,66.5775654190427
0.460185649743179,66.5671503069527
0.460340714860113,66.5567376895491
0.460495807137141,66.5463275857217
0.460650926590078,66.5359199937296
0.460806073421965,66.5255148996732
0.460961247410187,66.5151123181741
0.461116448695371,66.5047122392547
0.461271677242158,66.4943146650024
0.461426933031306,66.4839195962662
0.461582216177038,66.4735270250449
0.461737526469275,66.4631369649928
0.461892864016063,66.452749408322
0.462048228666192,66.4423643647623
0.462203620838581,66.431981806031
0.462359040265104,66.4216017499397
0.462514486778764,66.4112242068525
0.462669960801578,66.4008491482497
0.462825462052146,66.3904765928021
0.462980990456,66.3801065447388
0.463136546408421,66.3697389774476
0.463292129634937,66.3593739090904
0.463447740059864,66.3490113439699
0.463603377953002,66.338651263779
0.463759043052048,66.3282936857141
0.463914735485599,66.3179386006238
0.464070455071379,66.3075860202437
0.464226202078183,66.2972359262884
0.464381976581492,66.2868883136857
0.464537778363268,66.2765431964774
0.46469360754359,66.2662005661063
0.464849464024482,66.2558604287233
0.465005347858369,66.2455227803813
0.465161258932599,66.2351876281352
0.465317197566432,66.224854950503
0.46547316333732,66.2145247751689
0.465629156638881,66.2041970754545
0.465785177404376,66.1938718557428
0.465941225554827,66.183549120756
0.466097300998792,66.1732288759743
0.466253403858884,66.1629111128539
0.46640953406001,66.1525958360475
0.466565691817696,66.1422830309776
0.466721876955987,66.1319727089831
0.466878089185659,66.1216648883843
0.467034329256702,66.111359519428
0.467190596358349,66.1010566555051
0.467346891008139,66.0907562615615
0.467503213300227,66.0804583315664
0.467659562911112,66.0701628863619
0.467815940061173,66.0598699107968
0.467972344636742,66.0495794120915
0.468128776444624,66.039291402322
0.468285236023651,66.0290058457659
0.468441723000478,66.0187227669188
0.468598237212217,66.0084421755931
0.468754778958623,65.9981640516733
0.468911348314329,65.9878883902373
0.469067945096429,65.9776152028746
0.469224569449936,65.9673444795463
0.469381221158327,65.9570762340496
0.469537900358182,65.9468104568826
0.469694607123917,65.936547142952
0.469851341466295,65.9262862912482
0.470008103106533,65.9160279194525
0.470164892572483,65.9057719926343
0.470321709272189,65.8955185493029
0.470478553660139,65.8852675589984
0.470635425512648,65.8750190362551
0.470792324999319,65.864772969479
0.470949251897937,65.8545293728019
0.471106206269065,65.8442882416686
0.471263188119288,65.8340495753058
0.471420197597105,65.8238133637365
0.471577234628567,65.8135796114974
0.471734299099151,65.8033483254948
0.471891391262928,65.7931194887922
0.472048511033388,65.7828931068317
0.472205658009633,65.7726692049662
0.472362832636764,65.762447753661
0.472520035056273,65.7522287438699
0.472677265249657,65.742012176561
0.472834522958442,65.7317980679169
0.472991808216332,65.7215864150494
0.473149121081761,65.7113772138072
0.473306461573274,65.7011704626672
0.473463829682484,65.6909661617906
0.473621225270386,65.6807643196894
0.473778648395085,65.6705649320769
0.473936099434762,65.6603679743396
0.474093577952567,65.650173474512
0.474251084133396,65.6399814198618
0.474408617884436,65.6297918160947
0.474566179340842,65.6196046540589
0.474723768369136,65.6094199420373
0.474881385176244,65.5992376662371
0.475039029458914,65.589057845866
0.47519670153359,65.5788804599564
0.475354401232597,65.5687055191443
0.475512128607122,65.5585330195843
0.475669883741405,65.5483629555256
0.47582766633427,65.5381953458813
0.475985476750751,65.5280301666214
0.476143314591589,65.5178674431927
0.476301180358004,65.5077071428177
0.476459073865487,65.4975492773646
0.47661699495673,65.4873938562704
0.476774943886437,65.477240862702
0.476932920665247,65.4670902958337
0.477090925113809,65.4569421666868
0.47724895696577,65.4467964915915
0.477407016774692,65.4366532346437
0.47756510423882,65.4265124152137
0.47772321932432,65.4163740347551
0.477881362306602,65.4062380753041
0.47803953280155,65.3961045611322
0.478197731338322,65.3859734578508
0.478355957502629,65.3758447918682
0.478514211415725,65.3657185546623
0.478672493240165,65.3555947356146
0.478830802570545,65.3454733601801
0.478989139775589,65.3353544041708
0.479147504711881,65.3252378766308
0.479305897483257,65.3151237704516
0.479464318199314,65.3050120783853
0.47962276668182,65.2949028113991
0.47978124283504,65.2847959749328
0.479939746866132,65.2746915553709
0.480098278588427,65.2645895643147
0.48025683820776,65.2544899881796
0.480415425585333,65.2443928355195
0.480574040688728,65.234298107832
0.480732683555385,65.2242058023027
0.480891354349616,65.2141159082107
0.481050053149858,65.2040284203809
0.481208779783253,65.1939433493619
0.481367534164029,65.1838606999368
0.481526316442941,65.1737804620988
0.481685126356057,65.1637026521957
0.481843964258759,65.153627247214
0.482002830080242,65.1435542515607
0.482161723530976,65.1334836829509
0.482320645118922,65.1234155087624
0.482479594381019,65.1133497581638
0.482638571552612,65.1032864155155
0.482797576624264,65.0932254812146
0.482956609413634,65.0831669662842
0.483115670377423,65.073110841503
0.483274759223356,65.0630571252302
0.483433875909511,65.0530058193796
0.483593020491925,65.0429569199535
0.483752192802803,65.0329104370959
0.483911393230582,65.0228663459437
0.484070621540749,65.0128246611444
0.484229877931861,65.0027853696483
0.484389162061306,64.992748492614
0.484548474174911,64.9827140139288
0.484707814289523,64.9726819323699
0.484867182284231,64.9626522550998
0.485026578177107,64.9526249804484
0.485186001875336,64.9426001137984
0.485345453665877,64.9325776367743
0.485504933399176,64.9225575585769
0.485664441071137,64.9125398788988
0.48582397679257,64.9025245904088
0.485983540547647,64.8925116937854
0.486143132228899,64.8825011952753
0.486302751955792,64.8724930869173
0.486462399595583,64.8624873766593
0.486622075284693,64.852484055484
0.486781778824582,64.8424831354356
0.48694151033081,64.8324846087347
0.48710126994759,64.822488466141
0.487261057685513,64.8124947067456
0.487420873316356,64.8025033442773
0.48758071688891,64.7925143750489
0.487740588391512,64.7825277994094
0.487900488188652,64.7725435943927
0.488060416179774,64.7625617661796
0.4882203719723,64.7525823385191
0.488380355681689,64.7426053034265
0.488540367593463,64.7326306429571
0.488700407668271,64.7226583594466
0.488860475804882,64.7126884586945
0.489020571924927,64.7027209449943
0.489180696152905,64.6927558101601
0.489340848271537,64.6827930673019
0.489501028330336,64.6728327127441
0.489661236666897,64.6628747253311
0.489821473122755,64.6529191147655
0.489981737725548,64.6429658787702
0.49014203030795,64.6330150272213
0.490302350935036,64.6230665555231
0.490462699783089,64.6131204524859
0.490623076778672,64.6031767223969
0.49078348199054,64.5932353605408
0.490943915067539,64.5832963881123
0.491104376192204,64.5733597931325
0.49126486579224,64.5634255491329
0.491425383320049,64.5534936897314
0.491585929156184,64.5435641906289
0.491746503009562,64.5336370695916
0.491907105096485,64.5237123126786
0.492067735142663,64.5137899364703
0.492228393434954,64.5038699227332
0.492389079919611,64.4939522746243
0.492549794525583,64.4840369960317
0.492710537244898,64.4741240869429
0.492871308266168,64.4642135354049
0.493032107571957,64.4543053422576
0.493192934887308,64.4443995238489
0.493353790229463,64.4344960784167
0.493514673886732,64.4245949879751
0.493675585922575,64.4146962485494
0.493836525872766,64.4047998880849
0.493997494143527,64.3949058809346
0.494158490555193,64.3850142380138
0.494319515152691,64.3751249560163
0.494480568237025,64.3652380162451
0.494641649544642,64.3553534346098
0.494802758953989,64.3454712178096
0.49496389659757,64.3355913572257
0.495125062513067,64.3257138502905
0.495286256602999,64.3158387025591
0.495447479046679,64.3059659026345
0.495608729608103,64.2960954645922
0.495770008528209,64.2862273731726
0.49593131574165,64.2763616321506
0.49609265114069,64.2664982475793
0.496254014741886,64.2566372179188
0.496415406670474,64.2467785351867
0.496576826753299,64.2369222095786
0.496738275139172,64.2270682315068
0.496899752038936,64.2172165879491
0.497061256967539,64.2073673080175
0.497222790347748,64.19752036526
0.497384352099725,64.1876757644785
0.497545942195904,64.1778335068596
0.497707560445906,64.1679936034238
0.497869207014606,64.158156043615
0.498030881924034,64.1483208258515
0.49819258539569,64.1384879364062
0.498354317189458,64.1286573895382
0.498516077063553,64.1188291991381
0.498677865479757,64.1090033367334
0.498839682035074,64.0991798266197
0.499001527152426,64.089358642572
0.499163400331157,64.07953981467
0.499325302094713,64.0697233105636
0.499487232095256,64.0599091512272
0.499649190454526,64.0500973286121
0.499811177241454,64.0402878382617
0.499973192433893,64.030480681162
0.500135236149228,64.0206758498292
0.500297308019363,64.0108733660135
0.500459408145074,64.0010732228903
0.500621536684447,63.9912754106687
0.500783693930039,63.9814799115988
0.50094587944878,63.9716867514697
0.501108093590928,63.9618959084687
0.501270336022675,63.9521074024453
0.501432606704498,63.9423212350227
0.50159490604885,63.932537381091
0.50175723368463,63.9227558628156
0.501919589738195,63.9129766718853
0.502081974358724,63.9031997990816
0.502244387250549,63.8934252617808
0.50240682846414,63.8836530562651
0.502569298514117,63.8738831514888
0.502731796729246,63.8641155875373
0.502894323361455,63.854350348335
0.503056878817876,63.8445874094441
0.503219462612767,63.8348267997664
0.503382074967648,63.8250685052269
0.50354471587568,63.8153125259951
0.503707384968174,63.8055588835658
0.503870082479102,63.7958075632624
0.5040328085688,63.7860585553831
0.50419556304814,63.7763118709237
0.504358346099367,63.7665674984716
0.504521157873329,63.7568254288265
0.504683997958566,63.7470856861039
0.504846866856661,63.7373482397475
0.505009764095856,63.7276131177458
0.505172689861692,63.7178803082484
0.505335644046885,63.7081498173457
0.50549862691725,63.6984216288124
0.505661638098988,63.6886957645945
0.50582467799965,63.6789721998298
0.505987746359336,63.6692509498363
0.506150843336245,63.6595320046166
0.506313968872753,63.6498153672888
0.506477122977843,63.6401010368498
0.506640305658953,63.6303890124437
0.506803516913021,63.6206792938359
0.506966756777752,63.6109718783801
0.50713002530662,63.6012667625421
0.507293322277168,63.591563959051
0.507456647912104,63.5818634541606
0.507620002146458,63.5721652514864
0.50778338492967,63.5624693535326
0.507946796387085,63.5527757524554
0.508110236496968,63.5430844492337
0.50827370506648,63.5333954547573
0.508437202379167,63.5237087517666
0.508600728336186,63.5140243459133
0.508764282912083,63.5043422381898
0.508927866061292,63.4946624308106
0.509091477860833,63.4849849187955
0.509255118328827,63.4753097007425
0.509418787535124,63.4656367721628
0.509582485298039,63.4559661433374
0.509746211724934,63.4462978073844
0.509909966687058,63.4366317715149
0.510073750395607,63.4269680228484
0.510237562785249,63.4173065649888
0.510401403808008,63.4076474002648
0.510565273647686,63.397990517465
0.510729172072509,63.3883359298728
0.510893099077904,63.3786836371133
0.511057054818401,63.3690336297402
0.511221039569584,63.3593858914233
0.511385052710262,63.3497404582166
0.511549094665605,63.3400973043242
0.51171316547075,63.3304564276633
0.511877264860813,63.320817843293
0.512041393170891,63.3111815310317
0.512205549988338,63.3015475147691
0.512369735626917,63.2919157754632
0.512533949969839,63.2822863197696
0.512698193101692,63.2726591422658
0.512862464981453,63.2630342449869
0.513026765553302,63.2534116307162
0.513191094859552,63.2437912965232
0.51335545311603,63.2341732295129
0.51351984006576,63.2245574443721
0.513684255564442,63.2149439487965
0.513848700011907,63.205332719059
0.514013173160923,63.1957237694454
0.514177675330627,63.1861170808485
0.514342206303632,63.1765126657069
0.514506765796873,63.1669105397616
0.514671354234586,63.1573106777851
0.514835971415496,63.147713091399
0.515000617204949,63.1381177877975
0.51516529209889,63.1285247377917
0.515329995730228,63.1189339626207
0.515494728140335,63.1093454591403
0.51565948941852,63.0997592217932
0.515824279424909,63.090175258313
0.515989098354985,63.0805935568911
0.516153946240346,63.0710141154683
0.516318823072621,63.0614369341403
0.516483728546276,63.0518620300472
0.516648663007253,63.0422893825721
0.516813626127497,63.0327190104837
0.516978618161991,63.0231508984226
0.517143639064627,63.0135850488537
0.517308688962562,63.0040214540295
0.517473767673118,62.9944601241272
0.517638875451938,62.9849010438823
0.517804011998924,62.9753442303132
0.517969177287937,62.9657896842225
0.518134371776036,62.9562373789648
0.518299595133945,62.9466873334242
0.518464847249636,62.9371395532963
0.518630128309008,62.9275940273928
0.518795438070986,62.9180507692733
0.518960776867958,62.9085097593047
0.519126144560674,62.8989710053412
0.51929154146912,62.8894344885615
0.519456967241808,62.8799002289024
0.519622421856181,62.8703682268968
0.519787905446782,62.8608384744016
0.519953417858643,62.8513109799789
0.520118959153454,62.8417857395624
0.520284529716533,62.8322627308284
0.520450129146119,62.8227419766177
0.520615757633196,62.8132234652535
0.520781414986996,62.8037072073278
0.520947101301716,62.7941931968928
0.521112816644408,62.7846814298019
0.52127856093661,62.7751719101731
0.521444334255714,62.765664633118
0.521610136599414,62.7561595984177
0.521775967752209,62.7466568178928
0.52194182810059,62.7371562689835
0.522107717398699,62.7276579655812
0.522273635887395,62.7181618933885
0.522439583161034,62.7086680751917
0.5226055596672,62.6991764848313
0.522771565167487,62.6896871357991
0.522937599461548,62.6802000388214
0.523103662957831,62.6707151701605
0.523269755427717,62.6612325427224
0.523435876985534,62.6517521494292
0.523602027706997,62.6422739856716
0.523768207439963,62.6327980596999
0.523934416219697,62.6233243689559
0.524100654145291,62.6138529074503
0.524266921085279,62.6043836822815
0.52443321740761,62.5949166721511
0.524599542470906,62.5854519131441
0.524765896858871,62.5759893713479
0.52493228016247,62.5665290699167
0.525098692536623,62.5570709993623
0.525265133938655,62.5476151618007
0.525431604802261,62.5381615323832
0.525598104358504,62.5287101543521
0.52576463340674,62.519260981628
0.525931191514836,62.5098140387926
0.52609777875903,62.5003693207769
0.526264395035857,62.4909268330125
0.526431040471593,62.4814865679072
0.526597714994593,62.4720485291871
0.526764418623707,62.4626127153245
0.526931151428658,62.4531791220109
0.527097913426909,62.4437477479185
0.527264704312323,62.4343186097994
0.527431524545731,62.4248916811467
0.52759837407034,62.4154669651424
0.52776525248324,62.4060444838797
0.527932160308355,62.3966242072449
0.528099097358795,62.3872061457389
0.528266063718711,62.3777902940858
0.528433059188012,62.3683766630982
0.528600083926906,62.3589652432233
0.528767137801171,62.3495560416784
0.528934220775594,62.3401490599014
0.529101333108199,62.3307442830549
0.529268474436054,62.3213417312021
0.52943564520572,62.3119413787198
0.529602845144457,62.3025432407808
0.529770074374997,62.2931473098995
0.529937332576731,62.2837536035976
0.530104620150404,62.2743620988791
0.530271937289733,62.2649727849174
0.530439283326309,62.255585698646
0.530606658677758,62.2462008158167
0.53077406334643,62.2368181362416
0.530941497379118,62.2274376569409
0.531108960739333,62.2180593795564
0.531276453222311,62.2086833149899
0.531443974880541,62.1993094597236
0.531611526059431,62.1899377942457
0.531779106357545,62.1805683407134
0.531946716021051,62.1712010847184
0.532114355250217,62.1618360149591
0.532282023583061,62.1524731567776
0.532449721315437,62.1431124929622
0.53261744824926,62.1337540343043
0.532785204386704,62.124397780112
0.532952989856361,62.1150437228692
0.533120804531412,62.1056918692984
0.533288648710672,62.096342202383
0.533456522154014,62.0869947352251
0.533624425003477,62.0776494593581
0.533792357330614,62.0683063705297
0.533960318961376,62.0589654779814
0.534128309729817,62.0496267902764
0.534296330002395,62.040290286662
0.534464379571222,62.0309559785099
0.534632458431935,62.0216238654753
0.534800566933594,62.0122939279264
0.534968704806129,62.0029661806117
0.535136871947744,61.9936406284663
0.5353050686809,61.984317253245
0.535473294643631,61.9749960747036
0.535641549946752,61.9656770860319
0.535809834802082,61.9563602752826
0.53597814890992,61.9470456586867
0.536146492577023,61.9377332187471
0.536314865528877,61.9284229703571
0.536483267998314,61.9191149001144
0.536651699806272,61.9098090176076
0.536820161048863,61.9005053170123
0.536988651670294,61.8912038010485
0.537157171987809,61.8819044519071
0.537325721848367,61.8726072778176
0.537494301068333,61.863312288259
0.537662909683747,61.8540194806611
0.537831547841915,61.8447288465994
0.538000215294977,61.8354403993357
0.538168912186678,61.8261541304055
0.538337638685852,61.8168700303164
0.53850639446605,61.8075881166164
0.538675179915032,61.7983083674717
0.53884399491304,61.7890307893251
0.539012839360106,61.7797553871068
0.539181713258841,61.7704821601555
0.539350616549607,61.7612111113031
0.539519549412288,61.7519422303107
0.53968851213611,61.7426755012087
0.53985750407993,61.7334109586769
0.54002652572785,61.724148575429
0.540195576953881,61.7148883582965
0.540364657651608,61.7056303125526
0.540533767969249,61.6963744296397
0.540702907692177,61.6871207209137
0.540872076940928,61.6778691792518
0.541041275805169,61.6686197994904
0.541210504115034,61.6593725905116
0.541379762070316,61.6501275409395
0.541549049752926,61.6408846460987
0.541718366801696,61.6316439251907
0.541887713398194,61.6224053676594
0.542057089673134,61.6131689661802
0.542226495736392,61.603934714537
0.54239593119126,61.5947026338342
0.54256539630119,61.5854727090777
0.54273489091358,61.5762449483112
0.542904415232789,61.5670193399867
0.543073969224658,61.5577958857121
0.543243552639977,61.5485745984807
0.543413165737762,61.5393554637031
0.543582808644777,61.5301384743682
0.543752480726855,61.5209236643245
0.543922182752247,61.5117109912658
0.544091914216805,61.5025004825613
0.544261675530162,61.4932921153671
0.544431466241746,61.4840859138164
0.544601286860612,61.474881849771
0.54477113703375,61.4656799422014
0.54494101716333,61.4564801688139
0.545110926991687,61.4472825433459
0.545280866472372,61.4380870676505
0.545450835467911,61.4288937486272
0.545620834497037,61.4197025579537
0.545790862981373,61.4105135266623
0.545960921116358,61.4013266433895
0.54613100863557,61.3921419221408
0.546301125828683,61.3829593468108
0.546471273163292,61.3737788922509
0.546641450178897,61.3646005830869
0.546811656896814,61.3554244173504
0.546981893177981,61.3462504020378
0.547152159097592,61.3370785326122
0.547322455011243,61.3279087897628
0.547492780476447,61.3187411970067
0.547663135734897,61.3095757406636
0.54783352076538,61.3004124216434
0.548003935902498,61.2912512217011
0.548174380359729,61.2820921825944
0.54834485494026,61.27293526047
0.548515359064275,61.2637804864478
0.548685893035023,61.2546278435207
0.548856456855811,61.2454773313462
0.54902705019601,61.2363289671087
0.549197673546225,61.2271827240478
0.549368326719131,61.2180386121234
0.549539009913111,61.2088966202495
0.549709722576312,61.1997567774465
0.549880465223953,61.1906190555017
0.550051237815718,61.1814834565787
0.550222040168635,61.1723499899563
0.550392872076649,61.1632186659748
0.550563733948171,61.1540894624178
0.550734625937256,61.1449623710877
0.550905547514536,61.1358374197357
0.551076498927801,61.1267145943763
0.551247480061647,61.117593900903
0.551418490906732,61.1084753393324
0.551589531803164,61.0993588912887
0.551760602443026,61.0902445729246
0.55193170330352,61.0811323583802
0.552102833950483,61.0720222705381
0.552273994394511,61.062914308057
0.552445184785806,61.0538084625962
0.552616405009449,61.0447047399433
0.552787654953759,61.0356031454891
0.552958934754076,61.0265036716072
0.553130244607379,61.0174063076495
0.553301584428223,61.0083110578825
0.553472954269202,60.9992179190532
0.553644354079283,60.9901268934589
0.553815783735166,60.9810379871207
0.553987243213864,60.9719512007283
0.554158732827419,60.9628665174752
0.554330252501229,60.9537839411465
0.554501801897757,60.9447034889845
0.554673381082329,60.935625156859
0.554844990408704,60.9265489258779
0.555016629533175,60.9174748139729
0.555188298672237,60.9084028091164
0.555359997564666,60.899332924751
0.55553172669448,60.8902651349308
0.555703485843802,60.8811994510516
0.555875275013438,60.8721358724837
0.556047094223289,60.8630743977544
0.556218943281214,60.8540150365096
0.556390822238444,60.8449577855081
0.556562731369685,60.8359026300513
0.556734670507991,60.826849578694
0.556906639645218,60.8177986313178
0.557078638771222,60.8087497880231
0.557250667919553,60.7997030466519
0.557422727049537,60.7906584089497
0.557594816455351,60.7816158591599
0.557766935866392,60.7725754112093
0.557939085081912,60.7635370749109
0.558111264539568,60.7545008269129
0.558283473991492,60.7454666800774
0.558455713406562,60.7364346354279
0.558627983114822,60.7274046753741
0.55880028270145,60.7183768213352
0.558972612588588,60.7093510506494
0.559144972285669,60.7003273887088
0.559317362158587,60.691305815732
0.55948978218436,60.6822863328057
0.559662232471568,60.6732689338945
0.559834712609547,60.6642536399516
0.560007222817719,60.655240438861
0.560179763097577,60.6462293303258
0.560352333507884,60.6372203109269
0.560524933972966,60.6282133842282
0.560697564998672,60.6192085236092
0.560870225859364,60.6102057665787
0.561042916791658,60.6012050999007
0.561215638068706,60.5922065092388
0.561388389495576,60.5832100045054
0.561561170941531,60.5742155918821
0.561733982563218,60.5652232627666
0.561906824322919,60.5562330188379
0.562079696219556,60.54724485973
0.562252598353164,60.5382587798887
0.562425530328031,60.5292747993728
0.562598492868953,60.5202928801497
0.562771485262402,60.5113130591295
0.562944508159316,60.5023353018565
0.563117561225122,60.4933596256383
0.563290644505328,60.4843860274715
0.563463758148981,60.4754144993096
0.563636901660408,60.4664450663276
0.563810075515257,60.457477703306
0.563983279370597,60.4485124278331
0.564156513676207,60.4395492161867
0.564329778041548,60.430588088351
0.564503072785671,60.4216290272643
0.564676397839986,60.4126720362814
0.564849752964255,60.4037171272521
0.565023138482181,60.3947642829984
0.565196554176598,60.3858135144955
0.565370000104491,60.3768648182623
0.565543476408414,60.3679181866493
0.565716982807044,60.3589736337551
0.565890519520176,60.3500311477244
0.566064086527931,60.3410907293485
0.566237684213882,60.332152358645
0.566411311755127,60.3232160774975
0.566584969749585,60.314281854334
0.56675865794464,60.305349702107
0.566932376563206,60.2964196088865
0.567106125639468,60.2874915727035
0.567279904935013,60.2785656053254
0.567453714227987,60.2696417174407
0.567627554295175,60.2607198689509
0.567801424438902,60.2518000955848
0.567975324845201,60.2428823869344
0.568149255884686,60.2339667238947
0.568323216976906,60.2250531358683
0.568497208435383,60.2161416060681
0.568671230347531,60.2072321299016
0.568845282789385,60.1983247032049
0.569019365556807,60.1894193359835
0.569193478229451,60.180516048967
0.56936762165201,60.1716147986177
0.569541795539576,60.162715599667
0.569715999625233,60.1538184650207
0.569890234082858,60.1449233852348
0.570064498817973,60.1360303648315
0.570238794281524,60.127139380554
0.570413119962597,60.1182504581928
0.570587475870948,60.1093635964433
0.570761862502605,60.1004787698484
0.57093627946434,60.0915959982777
0.571110727034509,60.0827152669736
0.571285204500059,60.0738366117088
0.571459712852279,60.0649599815398
0.571634251572145,60.0560854030273
0.571808820716074,60.0472128725406
0.571983420202148,60.0383423938214
0.572158050429395,60.0294739463274
0.572332710903858,60.0206075548428
0.572507402067014,60.0117431963689
0.572682123512701,60.0028808912696
0.572856875361125,59.9940206327976
0.573031657904259,59.985162405978
0.573206470829853,59.9763062263481
0.573381314038845,59.9674520982339
0.573556187773987,59.9586000089727
0.573731092294111,59.949749945395
0.57390602724484,59.9409019250893
0.574080992861038,59.9320559355903
0.574255988822589,59.9232119927031
0.574431015591632,59.9143700726407
0.57460607275938,59.9055301958338
0.574781160380244,59.8966923588494
0.574956278604897,59.8878565537903
0.57513142733265,59.8790227854341
0.575306606548906,59.8701910540455
0.575481816348029,59.861361354504
0.575657056876052,59.8525336792035
0.57583232784014,59.8437080424853
0.576007629407332,59.8348844353806
0.5761829615544,59.8260628587803
0.576358324210571,59.8172433158118
0.576533717310333,59.8084258092931
0.57670914110708,59.7996103261615
0.576884595605914,59.7907968659782
0.577060080692387,59.7819854340541
0.577235596487291,59.7731760238802
0.577411143038084,59.7643686327871
0.577586720030247,59.7555632760513
0.577762327371767,59.7467599576003
0.577937965578221,59.7379586513644
0.578113634276945,59.729159375889
0.578289333505502,59.7203621286376
0.578465063567557,59.7115668941693
0.578640824354372,59.7027736777303
0.578816615389318,59.6939825024696
0.578992437394985,59.6851933317997
0.579168289889291,59.6764061897812
0.579344172945118,59.6676210720548
0.579520087069943,59.6588379531491
0.579696031941662,59.6500568490144
0.579872007111478,59.6412777811893
0.580048013118438,59.6325007222564
0.58022404997517,59.6237256716361
0.580400117128415,59.6149526563014
0.580576215243876,59.606181642547
0.58075234406763,59.597412643038
0.580928503495436,59.5886456623469
0.581104693433223,59.5798807046217
0.581280914562817,59.5711177357949
0.581457166513969,59.5623567742575
0.581633449381324,59.5535978146611
0.581809762603468,59.5448408842871
0.581986106697573,59.5360859568562
0.582162481096024,59.5273330603171
0.582338886631698,59.5185821529209
0.582515322900745,59.5098332547852
0.582691789909871,59.501086364891
0.582868287852153,59.4923414733402
0.583044816711886,59.4835985806633
0.583221376421573,59.4748576897652
0.583397966533757,59.4661188221407
0.583574587627466,59.4573819486596
0.58375123945975,59.4486470813097
0.583927921897708,59.4399142260526
0.584104635300733,59.4311833647901
0.584281379378287,59.4224545116446
0.584458154416989,59.4137276519867
0.584634960049056,59.4050028036292
0.584811796601686,59.3962799499065
0.584988664178587,59.3875590856078
0.585165562533415,59.3788402224699
0.585342491525847,59.3701233667522
0.585519451477652,59.3614085022414
0.58569644214803,59.3526956405622
0.585873463738221,59.3439847713387
0.586050516150893,59.3352758990792
0.586227599509791,59.3265690172949
0.586404713914749,59.3178641208218
0.58658185901634,59.3091612263632
0.586759034928492,59.3004603277058
0.586936242008444,59.2917614071639
0.587113479770163,59.283064488282
0.587290748521382,59.274369555336
0.587468048442977,59.2656765993715
0.587645378836822,59.2569856540694
0.587822740612448,59.2482966743271
0.588000132777898,59.2396097086096
0.588177555945566,59.2309247260794
0.588355010057387,59.2222417296253
0.588532495568004,59.213560696808
0.588710011769036,59.2048816619058
0.588887558978246,59.1962046085769
0.589065136878905,59.1875295519957
0.5892427458172,59.1788564748031
0.589420385730853,59.1701853799029
0.589598056802329,59.1615162580518
0.589775758925758,59.1528491141104
0.589953492022259,59.144183951415
0.59013125560087,59.1355207932252
0.590309050784076,59.1268595845832
0.590486876859713,59.1182003603548
0.59066473357282,59.1095431319303
0.590842621529618,59.1008878694588
0.591020540440082,59.0922345870227
0.591198490257078,59.0835832863093
0.59137647134178,59.0749339494861
0.591554483253187,59.0662865976833
0.591732526176387,59.0576412212749
0.591910599871791,59.0489978315377
0.592088705089952,59.0403563918262
0.59226684113385,59.0317169358419
0.592445008313132,59.0230794477894
0.592623206734017,59.0144439223885
0.592801435860599,59.0058103850809
0.592979696098437,58.9971788156075
0.593157987638041,58.9885492047555
0.593336309895654,58.9799215803073
0.593514663534933,58.9712959096149
0.593693048253733,58.9626722072686
0.593871464028748,58.9540504737882
0.594049910996236,58.9454307022286
0.594228388867624,58.9368129061266
0.594406898155089,58.9281970603817
0.594585438298507,58.919583191788
0.594764009901021,58.9109712707129
0.594942612253246,58.902361331117
0.595121245922959,58.8937533449774
0.595299910475047,58.8851473331104
0.595478606251559,58.8765432785068
0.595657333489968,58.8679411697081
0.595836091746871,58.8593410276673
0.596014881151699,58.8507428454812
0.596193701713695,58.8421466224096
0.596372553498369,58.8335523549741
0.596551436683455,58.8249600343829
0.596730350853743,58.8163696801507
0.596909295973145,58.8077812932983
0.597088272447894,58.7991948541013
0.597267280019814,58.7906103747834
0.597446318744127,58.7820278521624
0.597625388638582,58.7734472850486
0.597804489982237,58.764868659831
0.597983622403275,58.7562919939863
0.59816278595558,58.7477172842939
0.598341980999274,58.7391445133231
0.598521207503034,58.7305736824576
0.598700465097944,58.7220048087692
0.598879753739581,58.7134378936881
0.599059073592331,58.7048729290202
0.599238424865183,58.6963099046436
0.599417807502934,58.6877488229664
0.599597221328976,58.6791896919162
0.599776666439254,58.6706325064328
0.599956142763474,58.6620772695326
0.60013565013525,58.6535239886558
0.600315189118953,58.644972636662
0.600494759246069,58.6364232357182
0.600674360682072,58.6278757772964
0.600853993476312,58.6193302587963
0.601033657525156,58.6107866847727
0.601213352903978,58.6022450512188
0.60139307972903,58.5937053523358
0.601572837889488,58.5851675930528
0.601752627548951,58.5766317652064
0.601932448415784,58.5680978822512
0.602112300527514,58.5595659418314
0.602292184340093,58.5510359221655
0.602472099099887,58.5425078586416
0.602652045284767,58.5339817278878
0.602832022798674,58.5254575343878
0.603012031601876,58.5169352795889
0.603192072042027,58.5084149467739
0.60337214378986,58.4998965512655
0.603552246797279,58.4913800946946
0.603732381492315,58.4828655565796
0.603912547191963,58.4743529688632
0.604092744622774,58.4658422966539
0.604272973362446,58.4573335598691
0.604453233491445,58.4488267540769
0.60463352510691,58.4403218744027
0.604813848051602,58.4318189279041
0.604994202233311,58.4233179184039
0.605174588377245,58.4148188115902
0.605355005583139,58.4063216496614
0.605535454145222,58.3978264178524
0.605715934264223,58.3893331066215
0.605896445716912,58.3808417261851
0.6060769884294,58.3723522794543
0.606257563152435,58.3638647310181
0.60643816878775,58.3553791322129
0.606618806180923,58.3468954424898
0.606799475160632,58.3384136700463
0.60698017557683,58.3299338213877
0.607160907313994,58.3214559013834
0.607341670666832,58.3129798958757
0.607522465415035,58.3045058149554
0.607703291689924,58.2960336520015
0.607884149762779,58.2875633941366
0.608065039135181,58.2790950643196
0.608245960210635,58.2706286430868
0.608426912720793,58.2621641427939
0.60860789686351,58.2537015537166
0.608788912391948,58.2452408870607
0.608969959354179,58.2367821400591
0.609151037951166,58.2283253030768
0.609332148136388,58.2198703780579
0.609513289732172,58.2114173728227
0.60969446301376,58.2029662741355
0.609875668011165,58.1945170804388
0.610056904598053,58.1860697972224
0.610238172667529,58.1776244289479
0.610419472318335,58.1691809706031
0.610600803564139,58.1607394212672
0.610782166344236,58.1522997833911
0.610963560922311,58.143862044407
0.611144987072612,58.1354262145415
0.611326444792357,58.1269922933876
0.611507934417744,58.1185602650797
0.611689455626901,58.1101301443134
0.611871008429822,58.1017019300238
0.612052592813707,58.0932756224305
0.612234208647072,58.0848512272147
0.612415856203488,58.0764287313568
0.612597535340202,58.0680081412583
0.612779246367696,58.0595894421979
0.612960989134942,58.0511726409578
0.613142763332619,58.0427577512505
0.613324569354764,58.034344754395
0.613506406971061,58.0259336608759
0.613688276107076,58.017524473589
0.613870176997573,58.0091171813562
0.614052109848686,58.0007117745463
0.614234074116135,57.9923082778637
0.614416070310046,57.9839066671934
0.614598098050474,57.9755069599056
0.614780157678222,57.9671091397934
0.614962249144198,57.9587132089657
0.615144372139658,57.9503191811356
0.615326526981014,57.9419270412526
0.615508713468348,57.9335367983087
0.615690931893838,57.9251484384756
0.615873181913025,57.916761977306
0.616055463711394,57.9083774057354
0.616237777429296,57.8999947171271
0.616420122671156,57.8916139292514
0.616602499757673,57.8832350268551
0.616784908569535,57.8748580152341
0.616967349434661,57.8664828790298
0.617149821935052,57.8581096371192
0.617332326394046,57.8497382741318
0.617514862612203,57.841368798987
0.617697430559221,57.8330012125646
0.617880030364655,57.8246355085924
0.618062662015857,57.8162716873829
0.618245325474998,57.8079097502861
0.618428020488453,57.7995497084196
0.618610747492412,57.7911915414648
0.618793506442678,57.7828352513814
0.618976297355078,57.7744808370654
0.619159119995346,57.7661283087579
0.619341974517237,57.7577776589599
0.619524860965646,57.7494288853835
0.619707779364651,57.741081986621
0.619890729727728,57.7327369617128
0.620073711692098,57.7243938267012
0.620256725742786,57.7160525590529
0.620439771498571,57.7077131759755
0.620622849130825,57.6993756691204
0.620805958674327,57.6910400366727
0.620989100249511,57.6827062728765
0.621172273601753,57.6743743889349
0.621355479135005,57.6660443660925
0.621538716308727,57.6577162286225
0.62172198578349,57.6493899460343
0.621905286969985,57.6410655449538
0.622088619899555,57.6327430232077
0.622271984842744,57.6244223682802
0.622455381819406,57.6161035791306
0.622638810675042,57.6077866623688
0.62282227161375,57.5994716083447
0.623005764503381,57.5911584227707
0.623189289245619,57.5828471096095
0.623372846270012,57.5745376491484
0.623556435255534,57.5662300557326
0.623740055802594,57.5579243466971
0.623923708652499,57.5496204881661
0.624107393762273,57.541318482237
0.624291110746461,57.5330183458003
0.624474859801211,57.5247200694178
0.624658640705406,57.5164236627562
0.624842453928812,57.5081291043025
0.625026299253158,57.4998364037886
0.625210176178275,57.4915455830703
0.625394085068743,57.483256625142
0.625578026236723,57.4749695159771
0.62576199936163,57.4666842697787
0.625946004656014,57.4584008764733
0.626130041939593,57.45011934388
0.626314111156395,57.4418396740143
0.626498212390537,57.4335618627297
0.626682345875698,57.4252858993249
0.626866511417193,57.4170117922846
0.627050709117399,57.4087395365523
0.627234938895123,57.4004691354416
0.627419200891223,57.392200582272
0.627603494894844,57.3839338861589
0.627787820974663,57.375669043548
0.627972179249418,57.3674060488558
0.628156569707835,57.3591449023185
0.628340992117299,57.3508856139026
0.628525446750066,57.3426281710065
0.628709933733996,57.3343725677916
0.628894452991469,57.3261188074386
0.629079004344175,57.3178668974292
0.629263587545722,57.3096168481912
0.629448203021619,57.3013686403617
0.629632850666077,57.2931222785862
0.6298175304358,57.2848777643708
0.630002242641141,57.2766350835962
0.63018698686548,57.2683942545409
0.630371763294618,57.2601552683491
0.630556572199716,57.2519181128021
0.630741413321026,57.243682799213
0.630926286476917,57.2354493350644
0.631111191705469,57.2272177181875
0.631296129378599,57.218987931863
0.631481099207187,57.2107599887628
0.631666101180093,57.2025338888302
0.631851135593727,57.1943096186333
0.63203620212166,57.1860871924089
0.632221300849133,57.1778666058293
0.632406431996238,57.1696478489072
0.632591595535805,57.1614309226439
0.63277679139278,57.1532158299663
0.632962019581557,57.1450025698216
0.633147279744828,57.1367911575675
0.633332572396089,57.1285815700591
0.633517897184366,57.1203738227217
0.633703254198077,57.1121679111026
0.633888643511551,57.1039638316478
0.634074065586408,57.0957615638213
0.634259519670386,57.0875611405617
0.634445006041162,57.0793625488261
0.634630524836071,57.0711657824236
0.634816075756318,57.0629708542047
0.635001659244953,57.0547777442292
0.635187275093774,57.0465864615548
0.635372923138614,57.0383970128752
0.635558603707001,57.0302093833985
0.635744316628184,57.0220235804625
0.635930062027584,57.0138395981285
0.636115839637033,57.0056574478331
0.636301649685016,56.9974771190763
0.636487491821084,56.9892986269586
0.636673366419453,56.9811219545903
0.636859273839573,56.9729470862112
0.637045213360311,56.9647740531485
0.637231185219081,56.9566028442067
0.637417189819183,56.9484334416222
0.637603226621941,56.9402658687862
0.637789296038241,56.9321001071051
0.637975397679463,56.9239361733997
0.638161532107785,56.9157740426296
0.638347698632181,56.9076137448543
0.638533897761904,56.8994552571467
0.638720129570345,56.8912985763077
0.638906393690222,56.8831437179973
0.639092690097893,56.8749906826363
0.639279019018992,56.8668394600779
0.639465380353869,56.8586900544674
0.639651774422975,56.8505424515159
0.639838200670014,56.8423966751886
0.64002465934593,56.8342527138985
0.640211150735969,56.8261105551185
0.640397674632219,56.8179702077062
0.640584231105498,56.8098316681063
0.640770820010965,56.8016949422676
0.640957441556527,56.7935600207629
0.641144095404569,56.7854269179716
0.641330782186414,56.7772956060657
0.641517501366181,56.7691661082526
0.641704252790436,56.7610384304555
0.641891037026097,56.7529125477638
0.642077853643822,56.7447884787444
0.64226470295828,56.7366662092168
0.642451585227971,56.7285457278961
0.642638499756443,56.7204270646008
0.642825446761532,56.7123102091332
0.64301242654374,56.7041951483591
0.643199438703209,56.6960818993619
0.643386483534364,56.6879704488812
0.643573561272087,56.6798607866685
0.643760671273495,56.671752940164
0.643947814107086,56.6636468841725
0.644134989394382,56.6555426349722
0.644322197481825,56.6474401771216
0.644509438213639,56.6393395171824
0.644696711537951,56.6312406569382
0.64488401756044,56.6231435914767
0.645071356074772,56.6150483293704
0.645258727184079,56.6069548657335
0.645446131085067,56.5988631918776
0.645633567850314,56.5907733044937
0.645821037290803,56.5826852113675
0.646008539546739,56.5745989060213
0.64619607452977,56.5665143919722
0.646383641798694,56.5584316876751
0.646571242025378,56.5503507638102
0.646758874763804,56.5422716395388
0.646946540303008,56.5341943019154
0.647134238355791,56.5261187630332
0.647321969362739,56.5180450035873
0.647509733209481,56.509973028398
0.647697529906077,56.5019028366193
0.64788535916324,56.4938344402207
0.648073221220841,56.4857678284559
0.648261116258166,56.4777029935162
0.64844904383833,56.4696399537786
0.648637003989676,56.4615787074117
0.648824996948633,56.4535192440482
0.649013022645297,56.4454615665016
0.649201081359023,56.4374056625314
0.649389172834567,56.4293515428094
0.649577297057234,56.4212992074477
0.649765454371714,56.4132486414609
0.649953644046894,56.4051998757443
0.650141866544211,56.3971528899276
0.650330121889374,56.3891076828896
0.650518410161982,56.3810642509662
0.650706731583347,56.373022584494
0.650895085283104,56.3649827201041
0.651083472379835,56.3569446095599
0.651271892051627,56.3489082880083
0.651460344807927,56.3408737330626
0.651648830479949,56.3328409518237
0.651837348523204,56.3248099668615
0.65202589984816,56.3167807390411
0.652214483598546,56.3087533047738
0.652403100687733,56.3007276246571
0.652591750726967,56.2927037153245
0.652780433401369,56.2846815894713
0.65296914903974,56.2766612326795
0.653157897589419,56.2686426470548
0.653346679193592,56.2606258262138
0.653535493454435,56.2526107866572
0.653724341202691,56.2445974928366
0.653913221617525,56.2365859794707
0.654102135332678,56.2285762190525
0.654291081337925,56.2205682540891
0.654480060605813,56.2125620427636
0.654669072781272,56.2045576002883
0.654858117935142,56.1965549231557
0.65504719610136,56.1885540096394
0.655236306992347,56.1805548714929
0.655425451057613,56.1725574893546
0.655614628307367,56.1645618627569
0.655803838377337,56.156568006637
0.65599308165265,56.1485759042829
0.656182357810775,56.1405855691063
0.656371666810922,56.1325970022845
0.656561008954635,56.1246101908492
0.656750384362445,56.116625129635
0.656939792650778,56.1086418344217
0.657129233590816,56.1006603141794
0.657318708038494,56.0926805326882
0.657508215330249,56.084702517884
0.657697755878601,56.0767262518037
0.657887329443963,56.0687517443512
0.658076935912563,56.0607789997919
0.658266575604805,56.052808004367
0.658456248442805,56.0448387612024
0.658645954229741,56.0368712781214
0.658835693117606,56.0289055483351
0.659025464885657,56.0209415808018
0.659215270141609,56.0129793497839
0.659405108405553,56.0050188752954
0.659594979567845,55.9970601612576
0.659784883983014,55.9891031925278
0.659974821532492,55.9811479739418
0.660164792265657,55.9731945030518
0.66035479628979,55.9652427750987
0.660544833081204,55.9572928115423
0.660734903255024,55.9493445862155
0.660925006602161,55.9413981078521
0.661115143218075,55.9334533720488
0.661305313025564,55.9255103817202
0.661495515880681,55.9175691424461
0.661685751781475,55.909629653889
0.661876020856916,55.9016919103984
0.662066323408186,55.8937558992886
0.662256658966465,55.885821639804
0.662447027855299,55.8778891179454
0.662637430019111,55.8699583358734
0.662827865298509,55.862029299816
0.663018333824711,55.8541020039251
0.663208835575788,55.8461764488659
0.663399370598172,55.8382526323928
0.663589939015248,55.8303305491221
0.663780540548751,55.8224102102693
0.663971175502432,55.8144916028193
0.664161843578508,55.8065747388961
0.664352545179451,55.7986596014302
0.664543279722235,55.7907462143325
0.664734047721979,55.7828345557369
0.664924849120633,55.7749246280278
0.665115683511161,55.7670164475843
0.665306551410522,55.7591099925852
0.66549745240638,55.7512052799662
0.665688386987257,55.7433022891066
0.665879355173417,55.7354010191481
0.666070356247827,55.7275014991819
0.666261390930612,55.7196036988972
0.666452458868903,55.7117076328854
0.666643560154205,55.7038132968761
0.666834694336115,55.695920709041
0.667025862346459,55.6880298306521
0.66721706363929,55.6801406843147
0.667408298364783,55.6722532632296
0.667599566460729,55.6643675696846
0.667790867751947,55.6564836104829
0.667982202406113,55.6486013783479
0.668173570593939,55.6407208661013
0.668364972389325,55.6328420705192
0.668556407131274,55.6249650182873
0.668747875619778,55.6170896760384
0.668939377540043,55.609216056783
0.66913091297538,55.6013441566227
0.669322482109869,55.5934739677675
0.669514084301378,55.5856055161547
0.669705719959133,55.5777387844076
0.669897389093809,55.5698737720331
0.670089091749186,55.5620104769635
0.670280827572984,55.5541489132298
0.670472597135665,55.5462890571109
0.670664399831399,55.5384309332583
0.670856236086687,55.5305745236692
0.671048106004495,55.5227198241024
0.671240009264061,55.5148668473271
0.671431946357458,55.5070155728537
0.671623916980576,55.4991660129844
0.671815921003075,55.4913181724902
0.672007958630186,55.4834720426449
0.672200029687122,55.4756276303447
0.672392134206553,55.4677849338523
0.672584272345969,55.4599439465036
0.672776443831451,55.4521046791678
0.67296864901209,55.4442671172483
0.673160887649282,55.4364312702872
0.673353160018148,55.4285971267112
0.67354546601893,55.4207646903909
0.67373780557094,55.412933964203
0.67393017884859,55.405104940732
0.674122585615586,55.3972776292987
0.674315026033843,55.3894520229163
0.674507499598015,55.3816281417396
0.674700006970794,55.3738059584607
0.674892547951529,55.3659854812637
0.675085122450696,55.358166713331
0.675277730809501,55.3503496405444
0.675470373049853,55.3425342619103
0.675663048842259,55.3347205903653
0.675855758005634,55.3269086326546
0.676048501060572,55.319098367435
0.676241277745639,55.3112898052273
0.676434088016032,55.3034829473676
0.676626932082671,55.295677785041
0.676819809786917,55.2878743244305
0.67701272101208,55.2800725698106
0.677205666070833,55.2722725082611
0.677398644867549,55.2644741434977
0.677591657427681,55.256677474133
0.677784703538429,55.24888250838
0.677977783533385,55.2410892324441
0.678170897275948,55.2332976516823
0.678364045013289,55.2255077558165
0.67855722591029,55.2177195780612
0.678750440678131,55.2099330891821
0.678943689093744,55.20214829822
0.679136971546334,55.1943651892162
0.679330287812726,55.1865837709911
0.679523637651429,55.1788040527227
0.679717021216497,55.1710260277975
0.679910438531365,55.1632496950713
0.680103889459074,55.1554750597223
0.68029737463102,55.1477020962082
0.680490893387204,55.1399308308776
0.680684446000199,55.1321612521643
0.680878032271255,55.1243933678138
0.681071652764705,55.1166271549633
0.681265306764805,55.1088626420982
0.681458994508115,55.1010998190763
0.681652716119574,55.0933386807624
0.681846472095673,55.0855792072232
0.682040261855044,55.0778214215175
0.682234085298771,55.0700653268943
0.682427942337017,55.0623109265321
0.682621833586665,55.0545581956338
0.682815758616707,55.046807151362
0.683009717210143,55.0390578017547
0.683203710063134,55.0313101187937
0.683397736599823,55.0235641253962
0.683591797312533,55.0158198014314
0.683785891516148,55.008077173971
0.683980020065333,55.0003362085088
0.6841741824708,54.9925969245835
0.684368378543189,54.9848593290849
0.684562608982325,54.9771233939376
0.684756873298821,54.9693891385811
0.684951171456432,54.9616565638461
0.685145503461627,54.9539256691387
0.685339869634886,54.9461964415299
0.685534269697516,54.9384688919015
0.685728703576375,54.9307430226662
0.685923171368222,54.9230188296598
0.686117673564019,54.9152962933157
0.686312209617951,54.9075754351021
0.686506779548583,54.8998562536496
0.686701383817236,54.8921387305069
0.686896021923392,54.8844228853276
0.687090694057968,54.8767087100097
0.687285400119969,54.8689962083231
0.687480140184194,54.8612853769835
0.687674914360225,54.8535762114353
0.687869722825492,54.8458687044814
0.688064565034993,54.8381628772936
0.688259441107767,54.8304587245733
0.688454351339751,54.8227562344965
0.688649295764114,54.8150554056567
0.688844274540635,54.8073562315121
0.68903928691331,54.7996587414297
0.689234333635795,54.7919629051618
0.689429414533386,54.7842687296837
0.689624529324453,54.7765762256189
0.689819678317046,54.7688853804465
0.690014861714683,54.7611961860956
0.69021007902111,54.7535086617666
0.690405330702321,54.745822788664
0.690600616337788,54.7381385831621
0.690795936153653,54.7304560359028
0.690991290116883,54.7227751480031
0.691186678149765,54.7150959221857
0.691382100457543,54.7074183501099
0.691577556622124,54.6997424478823
0.691773047294362,54.6920681896255
0.691968572078559,54.6843955908183
0.692164131288036,54.6767246387426
0.692359724658569,54.6690553435346
0.692555352256281,54.6613877021671
0.692751013606762,54.6537217328095
0.692946709364842,54.6460574094682
0.693142439259819,54.6383947427529
0.693338203717805,54.6307337156864
0.693534002093284,54.6230743532418
0.693729834842815,54.6154166370344
0.693925701808044,54.6077605731622
0.694121603269649,54.6001061503709
0.694317538716137,54.5924533883273
0.694513508489512,54.584802273193
0.694709512688869,54.577152801032
0.694905551101287,54.5695049798536
0.695101623837862,54.5618588049318
0.695297730897293,54.5542142760812
0.695493872227851,54.546571395006
0.695690047925171,54.5389301576846
0.695886257889836,54.5312905677167
0.696082501808554,54.5236526368465
0.696278780525866,54.5160163320156
0.696475093477816,54.5083816751762
0.696671440404343,54.500748675734
0.696867821811458,54.4931173137283
0.697064237814241,54.485487584736
0.697260688266991,54.4778594941443
0.697457172965739,54.4702330494038
0.697653692001903,54.4626082465691
0.697850245809093,54.4549850687226
0.698046833897667,54.447363534649
0.6982434564678,54.4397436360707
0.698440113146032,54.4321253871463
0.698636804228849,54.4245087759969
0.698833529980274,54.4168937923765
0.699030289679023,54.4092804638369
0.699227083853598,54.4016687693988
0.69942391262954,54.3940587042594
0.699620775994851,54.3864502686729
0.699817673649653,54.3788434738116
0.70001460580151,54.3712383112461
0.700211572748889,54.3636347693722
0.700408573917967,54.3560328700299
0.700605609729161,54.3484325965063
0.700802680037084,54.3408339543023
0.700999784908643,54.333236940497
0.701196923809693,54.3256415752421
0.701394097280247,54.3180478373286
0.701591305545323,54.3104557181959
0.701788548423747,54.3028652246081
0.701985825795939,54.2952763607128
0.702183137440396,54.2876891345803
0.702380484103847,54.2801035173314
0.702577864790795,54.2725195470424
0.702775280102817,54.2649371999499
0.702972730250995,54.2573564680637
0.703170214972588,54.249777361231
0.703367734170067,54.2421998827073
0.7035652882442,54.2346240168926
0.703762876554785,54.2270497880654
0.703960499670761,54.2194771739566
0.704158156926506,54.211906199886
0.704355849180712,54.204336832601
0.704553576051788,54.1967690867842
0.704751337401392,54.1892029671843
0.704949133244175,54.181638472862
0.705146964162386,54.1740755814671
0.705344829554296,54.1665143158493
0.70554272958273,54.1589546692044
0.705740664275261,54.1513966402784
0.705938633492475,54.1438402340879
0.70613663733628,54.136285446419
0.706334676001207,54.1287322696889
0.706532749341691,54.1211807092278
0.70673085736065,54.1136307645511
0.706929000172206,54.1060824310526
0.70712717769392,54.0985357116221
0.707325389870362,54.0909906080196
0.707523636869524,54.0834471135832
0.707721918477048,54.0759052362115
0.707920234970484,54.0683649650333
0.708118586366832,54.0608262992765
0.708316972244445,54.0532892545522
0.708515392817699,54.0457538222583
0.708713848216465,54.0382199973493
0.708912338599255,54.0306877736616
0.709110863211238,54.0231571793952
0.709309422900622,54.0156281819428
0.709508017416171,54.008100790944
0.709706646937582,54.0005749992304
0.709905311158349,53.9930508181091
0.710104009973321,53.9855282510648
0.710302743947381,53.9780072765543
0.710501512339874,53.9704879224092
0.710700315681393,53.9629701680402
0.710899153894456,53.9554540163622
0.711098026972059,53.9479394673243
0.711296934822803,53.9404265240546
0.711495877625802,53.932915179508
0.71169485533934,53.9254054350633
0.711893867777715,53.9178972973615
0.712092915233695,53.9103907550646
0.712291997627806,53.9028858110236
0.712491114992857,53.8953824636882
0.712690266876157,53.8878807297004
0.71288945387805,53.8803805861107
0.713088675954297,53.872882034631
0.713287932835537,53.8653850850136
0.713487224768418,53.857889727613
0.713686551418615,53.8503959747466
0.713885913094865,53.8429038144504
0.714085309627519,53.8354132529383
0.714284741100907,53.8279242867061
0.71448420762477,53.8204369114337
0.714683708946139,53.8129511363164
0.714883245653798,53.8054669390302
0.715082817158803,53.7979843415127
0.715282423666369,53.7905033355273
0.715482065056869,53.7830239253434
0.715681741474811,53.7755461052613
0.715881452836398,53.7680698782006
0.716081199524487,53.7605952296309
0.716280980900962,53.7531221831537
0.71648079725499,53.7456507274126
0.716680648992084,53.7381808472561
0.716880535595595,53.7307125617839
0.717080457358335,53.7232458595798
0.717280414305941,53.7157807395638
0.717480406273232,53.7083172075906
0.717680433188879,53.7008552659267
0.71788049515887,53.6933949103385
0.718080592661286,53.685936122942
0.718280725043049,53.6784789278564
0.71848089245267,53.6710233189533
0.718681095090024,53.6635692886494
0.718881332571947,53.656116850939
0.719081605020996,53.6486660008247
0.719281912739952,53.6412167269391
0.719482255764173,53.63376902788
0.719682633660863,53.6263229193376
0.719883046934844,53.6188783821887
0.720083495281899,53.6114354276316
0.720283979043925,53.6039940426426
0.720484497667617,53.5965542474832
0.720685051530252,53.5891160276996
0.720885640692434,53.5816793809957
0.721086264925153,53.5742443155575
0.721286924654581,53.5668108153228
0.721487619609177,53.5593788902135
0.721688349770207,53.551948540493
0.721889114872933,53.5445197755823
0.72208991574692,53.5370925646413
0.722290751736707,53.5296669318884
0.722491622461299,53.5222428906615
0.722692528659015,53.5148204134238
0.722893470208497,53.5073995047706
0.723094446966687,53.4999801696156
0.723295458982334,53.4925624058098
0.723496506572426,53.4851462015033
0.723697589377373,53.4777315697439
0.723898707567591,53.4703185038281
0.724099860627454,53.4629070224118
0.724301049209745,53.4554971011138
0.724502273024776,53.4480887506059
0.724703532147212,53.4406819677484
0.724904826772122,53.4332767451836
0.725106156598302,53.4258730937291
0.725307522133043,53.4184709944519
0.725508922776957,53.4110704691894
0.725710358713174,53.4036715106777
0.72591182991316,53.3962741197817
0.726113336970904,53.3888782746109
0.726314878906076,53.3814840108866
0.726516456236184,53.374091308987
0.726718069197422,53.3667001603281
0.726919717601541,53.359310571627
0.727121401464723,53.3519225419141
0.727323120805725,53.3445360702326
0.727524875461429,53.3371511622451
0.7277266654503,53.3297678169272
0.727928490988132,53.3223860262016
0.728130352078994,53.3150057897764
0.728332248488053,53.307627115898
0.728534180279751,53.3002500018324
0.728736147580541,53.2928744427715
0.728938150519233,53.2855004338576
0.729140189001748,53.278127978296
0.729342262737984,53.2707570862564
0.729544372141335,53.2633877423635
0.729746516948694,53.2560199560875
0.72994869725639,53.2486537235503
0.73015091310626,53.2412890430211
0.730353164472171,53.2339259152068
0.730555451490257,53.2265643349093
0.730757774148905,53.2192043023514
0.730960132052261,53.2118458315353
0.731162525379174,53.2044889155388
0.731364954257478,53.1971335495948
0.731567419160574,53.1897797164676
0.731769919296723,53.1824274446501
0.731972455126869,53.175076716849
0.732175026577707,53.167727535671
0.732377633645102,53.1603799009746
0.732580276418984,53.1530338092524
0.732782954815311,53.145689263304
0.732985668703134,53.1383462675251
0.733188418395315,53.131004810347
0.733391203888775,53.1236648917829
0.733594024655705,53.1163265305113
0.733796881390152,53.1089897010887
0.733999773649608,53.1016544194893
0.734202701436926,53.0943206851281
0.734405665020211,53.0869884881316
0.734608664547199,53.0796578230952
0.734811699499916,53.0723287083796
0.73501477016555,53.0650011331602
0.735217876371397,53.0576751035079
0.735421018515637,53.0503506048445
0.735624196655618,53.0430276350683
0.735827409903756,53.0357062256614
0.736030659249849,53.028386340529
0.736233943943738,53.0210680067246
0.736437265034612,53.0137511861646
0.736640621766397,53.0064359060952
0.736844014414791,52.9991221560211
0.73704744231649,52.9918099594524
0.737250906125778,52.984499292481
0.737454405696644,52.9771901604073
0.737657941261072,52.9698825546518
0.737861512899572,52.9625764721958
0.738065120307036,52.9552719236652
0.738268763273737,52.9479689160867
0.738472442133492,52.9406674372245
0.738676156453725,52.9333675023876
0.738879906848055,52.9260690893119
0.739083692997393,52.9187722093968
0.739287515207338,52.9114768513707
0.739491372999104,52.9041830321123
0.739695266922673,52.8968907316021
0.739899196802908,52.8895999560725
0.740103162690052,52.8823107033916
0.740307164208346,52.8750229866294
0.740511201440864,52.8677368023922
0.74071527488632,52.8604521328209
0.740919384360966,52.8531689844338
0.741123529413556,52.8458873728381
0.741327710929398,52.8386072662216
0.741531928236749,52.8313286885304
0.741736181006852,52.8240516507863
0.741940470268825,52.8167761162007
0.742144795202109,52.8095021140441
0.74234915613394,52.802229632096
0.742553553047862,52.7949586708357
0.74275798600036,52.7876892280178
0.74296245502117,52.7804213023643
0.743166960142504,52.7731548924951
0.743371501370473,52.7658899979511
0.743576078773074,52.7586266160758
0.743780691488159,52.7513647770006
0.743985340307477,52.7441044521797
0.744190025489035,52.7368456327094
0.744394746862448,52.7295883244796
0.744599503716935,52.7223325521141
0.744804296855776,52.715078286759
0.745009126260044,52.7078255292454
0.745213991830252,52.7005742828163
0.745418893052352,52.6933245651874
0.745623830397084,52.6860763593273
0.745828803896366,52.6788296641177
0.746033813650164,52.6715844758333
0.746238859418464,52.6643408026714
0.746443941654825,52.6570986283593
0.746649059779719,52.6498579731588
0.746854213771012,52.6426188372975
0.747059404595924,52.6353811866707
0.747264631361728,52.6281450527544
0.747469894342217,52.6209104252585
0.74767519350363,52.6136773052341
0.747880528730486,52.606445696461
0.748085900556252,52.5992155800059
0.748291308119395,52.5919869859676
0.748496751854911,52.5847598984837
0.748702231753381,52.5775343178583
0.748907747889783,52.5703102412479
0.749113300544754,52.5630876586582
0.749318888960101,52.5558665963919
0.749524514212128,52.5486470163232
0.749730175753813,52.5414289377833
0.749935873053793,52.534212378739
0.750141606541581,52.5269973237196
0.750347376468896,52.519783763964
0.750553182985774,52.5125716941555
0.750759025416759,52.5053611375797
0.750964904149591,52.4981520801667
0.751170819371158,52.4909445153773
0.751376770683352,52.483738456889
0.751582758310729,52.4765338964587
0.751788782485184,52.4693308259083
0.751994842870349,52.4621292567722
0.752200939646748,52.4549291823708
0.752407072960064,52.447730597494
0.752613242481743,52.4405335133486
0.752819448409248,52.4333379226825
0.753025691076317,52.4261438138003
0.753231969709116,52.4189512133912
0.753438284405319,52.4117601174443
0.753644635628197,52.4045705097639
0.753851023648582,52.397382381007
0.754057448005437,52.3901957469797
0.754263909096885,52.383010593438
0.75447040645033,52.3758269366256
0.754676939769763,52.3686447862766
0.75488350965091,52.3614641214669
0.755090116116071,52.3542849415084
0.755296758879622,52.3471072560221
0.75550343803423,52.3399310614197
0.755710154274249,52.3327563335923
0.755916906574898,52.3255831079056
0.756123695553109,52.3184113623695
0.756330520859134,52.3112411090671
0.756537382444396,52.3040723492705
0.75674428083291,52.2969050647099
0.756951216170437,52.289739250402
0.75715818745662,52.2825749405171
0.757365195830893,52.2754120951891
0.75757224028542,52.2682507493198
0.757779321570816,52.2610908764394
0.757986439166716,52.253932494516
0.758193593407127,52.2467755916168
0.758400784420118,52.2396201632787
0.758608011941364,52.2324662183757
0.75881527601811,52.2253137549132
0.759022576477164,52.2181627785981
0.759229913488843,52.21101328329
0.759437287427954,52.203865256029
0.759644697587681,52.1967187209214
0.759852144500028,52.1895736591963
0.76005962843998,52.182430061479
0.760267148872318,52.1752879459387
0.760474705973782,52.1681473060237
0.760682299529266,52.1610081489121
0.760889929741006,52.1538704673772
0.761097597100364,52.1467342445378
0.761305300548431,52.1395995164796
0.761513041485289,52.132466234746
0.76172081871731,52.1253344404178
0.761928632595581,52.1182041207268
0.762136483088878,52.1110752766616
0.762344370073061,52.103947912218
0.762552294302118,52.0968220014743
0.762760254696533,52.0896975812511
0.762968252558109,52.082574606552
0.763176287048654,52.0754531062248
0.763384358230463,52.0683330775049
0.763592466166327,52.0612145180369
0.763800611009878,52.0540974224162
0.764008792765381,52.0469817903436
0.764217011021398,52.0398676355285
0.764425266179582,52.0327549439277
0.764633558394913,52.0256437102562
0.764841886849026,52.0185339620728
0.76505025227917,52.0114256737924
0.765258655080496,52.0043188321762
0.765467094082212,51.9972134767846
0.765675569958326,51.9901095840107
0.765884083185991,51.9830071378281
0.766092632928782,51.9759061664984
0.766301219782441,51.9688066492517
0.766509843371404,51.9617085988081
0.766718504246119,51.9546119961896
0.766927201624661,51.9475168677892
0.767135936231044,51.9404231885897
0.767344707811236,51.9333309672627
0.767553515902264,51.9262402190602
0.767762361381794,51.9191509139638
0.767971243247655,51.9120630859115
0.768180162303637,51.9049767071531
0.768389118592203,51.8978917764116
0.768598111772838,51.8908083049294
0.76880714171519,51.8837262966728
0.769016208908618,51.8766457349023
0.769225312937362,51.8695666335982
0.769434453496534,51.8624890025674
0.76964363164142,51.8554128060211
0.769852846602113,51.8483380700757
0.770062098692626,51.8412647835975
0.770271387888468,51.8341929473045
0.770480714273856,51.8271225581337
0.770690077519168,51.8200536269297
0.770899477590331,51.8129861544465
0.771108915025477,51.8059201224337
0.771318389815422,51.7988555312379
0.771527901466634,51.7917923971221
0.771737450102632,51.7847307154778
0.77194703604352,51.7776704754383
0.772156659180115,51.7706116805886
0.772366319311571,51.7635543373528
0.772576016357668,51.756498448078
0.772785751167888,51.74944398416
0.772995522673237,51.7423909814358
0.773205331368984,51.7353394226517
0.773415177138589,51.7282893116929
0.773625059739847,51.7212406563729
0.773834979899107,51.7141934321626
0.774044936794657,51.7071476665465
0.774254931199658,51.7001033331752
0.774464962932726,51.693060438211
0.774675032300986,51.6860189711223
0.774885139352658,51.6789789301935
0.775095282976233,51.6719403521297
0.775305463526815,51.6649032243778
0.77551568195162,51.6578675154554
0.775725936773424,51.6508332746537
0.775936229618401,51.643800447102
0.776146559626356,51.6367690618607
0.776356926516477,51.6297391276181
0.776567330887295,51.6227106241627
0.776777772875008,51.6156835470564
0.776988252139388,51.6086579074044
0.777198768818077,51.6016337002442
0.777409322640829,51.5946109343523
0.777619913593653,51.5875896098477
0.777830541747117,51.5805697241828
0.778041207706463,51.5735512571782
0.778251910963331,51.5665342256928
0.778462651425813,51.5595186322889
0.778673429385204,51.5525044670685
0.778884244680624,51.545491735262
0.779095097269789,51.5384804379749
0.779305986887548,51.5314705837075
0.779516914093952,51.5244621536666
0.779727879040961,51.5174551428922
0.779938880603844,51.5104495882821
0.780149919914239,51.5034454518173
0.78036099708499,51.4964427300944
0.780572111495643,51.4894414433641
0.780783263305621,51.4824415858416
0.780994452584076,51.4754431550975
0.781205679698181,51.4684461388853
0.78141694414402,51.4614505537088
0.781628246066792,51.4544563943333
0.78183958543986,51.4474636614775
0.782050962111713,51.440472359894
0.782262376575655,51.4334824731202
0.782473828441318,51.4264940139695
0.782685318144508,51.4195069677557
0.782896845039888,51.412521355594
0.783108409802546,51.4055371548543
0.783320012005799,51.398554379598
0.783531652100549,51.3915730146602
0.783743329494369,51.3845930793983
0.783955044557122,51.3776145612275
0.784166796976185,51.3706374703241
0.784378586618178,51.3636618107035
0.78459041396046,51.3566875665082
0.784802279309889,51.3497147277356
0.785014182467925,51.3427433007849
0.785226122963674,51.3357733006824
0.78543810122689,51.3288047129557
0.785650117338624,51.3218375349515
0.78586217155256,51.3148717582239
0.786074262748235,51.3079074191626
0.786286391970776,51.3009444829935
0.786498558704316,51.2939829667893
0.786710762880039,51.2870228723589
0.786923004973461,51.2800641839902
0.787135284754105,51.2731069091905
0.787347602168957,51.2661510493632
0.787559957072382,51.2591966089922
0.787772350229025,51.2522435629661
0.78798478121533,51.2452919251679
0.788197249739705,51.2383417046403
0.788409755778421,51.2313929017884
0.788622299678216,51.2244455051576
0.788834881365424,51.2174995170982
0.789047501340908,51.2105549211347
0.789260158618228,51.2036117492197
0.789472854070757,51.1966699723963
0.789685587388132,51.1897296008939
0.78989835835783,51.1827906412398
0.790111166900361,51.1758530956919
0.790324013429666,51.1689169506309
0.790536897477349,51.1619822211884
0.790749819235569,51.1550489007427
0.790962779768513,51.1481169547979
0.791175777799241,51.1411864248451
0.791388813992023,51.1342572886256
0.791601887977494,51.1273295581201
0.791814999645734,51.1204032365074
0.79202814902585,51.1134783225961
0.792241336908486,51.1065547907316
0.792454562099055,51.0996326795448
0.79266782586144,51.0927119475815
0.792881127650308,51.0857926127439
0.793094467062872,51.0788746875329
0.793307844684777,51.0719581527066
0.793521260271329,51.065043016195
0.793734713457187,51.0581292894318
0.793948204587254,51.0512169609648
0.794161733869286,51.0443060240878
0.794375301365246,51.0373964767058
0.794588906867975,51.030488325269
0.794802550063012,51.023581579551
0.795016231784256,51.0166762124582
0.795229950905694,51.0097722602596
0.795443708637596,51.0028696834661
0.795657504791427,50.9959684884444
0.795871338500422,50.9890687026476
0.796085210662068,50.9821702967366
0.796299120268628,50.975273303152
0.796513068444102,50.9683776853124
0.796727054808009,50.9614834556818
0.796941079282679,50.9545906163672
0.797155141656422,50.9476991738687
0.797369242616815,50.9408091059338
0.797583381620791,50.9339204300007
0.797797558657734,50.9270331459564
0.798011773981817,50.9201472454773
0.798226027596285,50.9132627283787
0.79844031875519,50.9063796182336
0.798654648360873,50.8994978857651
0.798869016085792,50.8926175416166
0.799083422092219,50.8857385802833
0.79929786646037,50.8788609990672
0.799512348673019,50.8719848142434
0.799726869701629,50.8651099944833
0.799941428723265,50.8582365661671
0.800156026046956,50.8513645189042
0.800370661381557,50.8444938618669
0.800585334988864,50.8376245864239
0.800800046837491,50.8307566934926
0.801014797545291,50.8238901632596
0.801229586237681,50.8170250235195
0.801444412943461,50.8101612727541
0.80165927839452,50.8032988875785
0.801874181943292,50.7964378886437
0.802089124441818,50.7895782484768
0.802304104755908,50.7827200031395
0.802519123572849,50.7758631301766
0.802734180893531,50.7690076296651
0.802949276533378,50.7621535072544
0.803164410338791,50.7553007675117
0.803379583055889,50.7484493865964
0.80359479414362,50.7415993817262
0.803810042927239,50.7347507737601
0.804025330549663,50.7279035261319
0.804240656281778,50.7210576621686
0.804456021177673,50.7142131481232
0.804671424055036,50.7073700215081
0.804886865520165,50.7005282624898
0.805102345381154,50.693687877171
0.805317863367392,50.6868488738071
0.805533419804849,50.6800112418282
0.805749015240897,50.6731749639682
0.805964649824255,50.6663400355838
0.80618032187667,50.6595065092726
0.806396033180334,50.6526743280733
0.806611782174432,50.6458435416136
0.806827569733501,50.6390141215852
0.807043396485489,50.6321860484627
0.807259261713795,50.6253593448219
0.807475165174783,50.6185340177671
0.807691107365371,50.6117100513974
0.807907088028452,50.6048874538092
0.808123107477636,50.598066214877
0.808339165378144,50.5912463450178
0.808555262044069,50.5844278340568
0.808771397021242,50.577610696145
0.808987570855473,50.5707949138181
0.80920378319506,50.5639804981187
0.809420034314259,50.557167440126
0.809636324351755,50.5503557354227
0.80985265303863,50.5435453922666
0.810069020312497,50.5367364122812
0.810285426270449,50.5299287922135
0.810501871222219,50.5231225222557
0.810718354472609,50.5163176240338
0.810934876879401,50.5095140703055
0.811151437517108,50.5027118900985
0.811368036398888,50.4959110824214
0.81158467495696,50.4891116024912
0.811801352239506,50.4823134803788
0.812018067950352,50.4755167246749
0.812234822486578,50.4687213226781
0.812451615701904,50.4619272789336
0.812668447877366,50.4551345844629
0.8128853186314,50.4483432510498
0.813102228293812,50.441553268094
0.813319176618672,50.4347646431801
0.813536163760773,50.427977371211
0.81375319015357,50.4211914386104
0.813970255288765,50.4144068611314
0.814187359534477,50.4076236269346
0.814404502390373,50.4008417514827
0.814621683791349,50.394061236392
0.814838904081932,50.3872820707892
0.81505616345451,50.3805042486973
0.815273462311208,50.3737277575662
0.815490798977034,50.3669526491717
0.815708174967984,50.3601788757226
0.815925590551564,50.3534064294203
0.816143044357421,50.3466353525389
0.816360537213327,50.3398656187123
0.816578069203834,50.333097225498
0.816795639963245,50.3263301840489
0.817013249801333,50.3195644844539
0.81723089892317,50.3128001203293
0.817448586987612,50.3060371020864
0.817666313648163,50.2992754400596
0.817884079585423,50.2925151129502
0.8181018845234,50.2857561293754
0.818319728742212,50.2789984804079
0.818537611789353,50.2722421798909
0.818755533933064,50.2654872191918
0.818973495427337,50.258733590426
0.819191495821394,50.2519813073754
0.819409535111965,50.2452303697566
0.819627613437655,50.2384807731288
0.819845731220998,50.2317325044082
0.820063887621966,50.224985589369
0.820282083341867,50.2182400059522
0.820500318707238,50.211495744253
0.820718592949436,50.2047528277843
0.820936905709079,50.198011267031
0.821155257730732,50.19127103886
0.821373649291849,50.1845321349328
0.821592079851878,50.1777945717338
0.821810550204416,50.1710583245451
0.822029059266874,50.1643234266054
0.822247607754671,50.1575898553964
0.822466195720394,50.1508576094266
0.822684822504937,50.1441267086789
0.822903488502635,50.1373971406465
0.823122194111966,50.1306688931595
0.823340938269494,50.123941998667
0.823559721953759,50.1172164266885
0.823778544848014,50.110492187118
0.823997407531495,50.103769261992
0.824216309586106,50.0970476640897
0.824435250398968,50.0903274117016
0.824654230553077,50.0836084866355
0.824873250043451,50.0768908891263
0.825092309474529,50.0701746006136
0.825311408010195,50.0634596465829
0.825530545947431,50.0567460174551
0.825749723609807,50.0500337033298
0.825968939928879,50.0433227366307
0.826188195302036,50.0366131046728
0.826407490705899,50.0299047778154
0.826626825304994,50.0231977816609
0.826846199952801,50.0164920897732
0.827065613906364,50.0097877248251
0.827285067304226,50.0030846821134
0.827504560177183,49.9963829605764
0.827724092574927,49.9896825585552
0.827943664079037,49.9829834885667
0.828163275360454,49.9762857299639
0.828382925160529,49.9695893209396
0.828602615315763,49.9628942052719
0.828822344748875,49.9562004161148
0.829042113540719,49.9495079504001
0.829261921998129,49.94281679869
0.829481770039339,49.9361269634122
0.829701657853183,49.9294384386479
0.829921584744482,49.9227512452667
0.830141551218046,49.9160653675752
0.830361557553607,49.9093807971798
0.83058160384929,49.902697531068
0.830801689405758,49.8960155901531
0.831021814860537,49.889334954755
0.831241979347236,49.8826556510447
0.831462183892654,49.8759776476065
0.831682428171836,49.8693009544674
0.831902712074154,49.862625574648
0.832123035740926,49.8559515036623
0.83234339877844,49.8492787532244
0.832563801684061,49.8426073080653
0.832784244203277,49.8359371758648
0.833004726012577,49.8292683660637
0.833225247602876,49.8226008636284
0.833445809266137,49.8159346598402
0.833666410594003,49.8092697668887
0.833887051239454,49.8026061948137
0.834107732150926,49.7959439148805
0.83432845223449,49.7892829600743
0.834549212634607,49.7826232955137
0.834770012504169,49.7759649468375
0.834990852186107,49.7693079032702
0.835211731748892,49.7626521627242
0.835432650603542,49.7559977426694
0.835653609765495,49.7493446123535
0.835874608443996,49.7426927956446
0.83609564696511,49.7360422823098
0.836316725733576,49.7293930602211
0.836537843995863,49.7227451518512
0.836759002479633,49.7160985350112
0.836980200750326,49.7094532227718
0.837201438786963,49.7028092154153
0.837422716546234,49.6961665140526
0.837644034526044,49.6895251036762
0.837865392283217,49.6828849975185
0.838086789829699,49.6762461948678
0.8383082278486,49.6696086752347
0.838529705114758,49.6629724751579
0.838751222898788,49.6563375562019
0.838972780608197,49.6497039363117
0.83919437831386,49.6430716129773
0.839416015779205,49.6364405930717
0.839637693343327,49.6298108662731
0.839859411227561,49.6231824259901
0.840081169046109,49.616555283582
0.840302966758669,49.6099294399122
0.8405248044495,49.6033048922993
0.840746682067117,49.5966816421479
0.840968600347922,49.5900596674703
0.841190558457463,49.5834389930904
0.841412556624086,49.5768196117387
0.841634594147162,49.5702015440606
0.841856672362506,49.5635847501353
0.842078790611582,49.5569692498093
0.842300948917603,49.5503550419675
0.842523147498426,49.5437421199964
0.84274538642762,49.5371304816424
0.842967665579435,49.530520130472
0.843189984226947,49.5239110877086
0.843412343856256,49.5173033090719
0.843634743199117,49.5106968323913
0.843857182602472,49.5040916467751
0.844079662700065,49.4974877335173
0.844302182953529,49.4908851085729
0.844524743211453,49.4842837760074
0.844747343677563,49.4776837295947
0.844969984929536,49.4710849522698
0.8451926659489,49.4644874740483
0.845415387333187,49.4578912767905
0.845638149181184,49.4512963576682
0.845860950725453,49.4447027391129
0.846083792479719,49.4381104055769
0.846306674864736,49.4315193447682
0.846529597651528,49.4249295634153
0.846752561032415,49.4183410556077
0.846975564542005,49.4117538348774
0.847198608329556,49.405167896498
0.8474216925942,49.3985832345379
0.847644817367151,49.3919998480104
0.847867982216396,49.3854177494111
0.848091187969586,49.3788369141845
0.848314433882134,49.3722573642774
0.848537720464798,49.3656790842952
0.848761047311188,49.3591020861508
0.848984414924428,49.3525263548307
0.84920782268567,49.345951908443
0.849431270983055,49.3393787352587
0.84965475944793,49.3328068460343
0.849878288561685,49.3262362264364
0.850101858301252,49.3196668771744
0.850325468071657,49.3130988154244
0.850549119262452,49.3065320002923
0.85077281072432,49.2999664656394
0.850996542303721,49.2934022153171
0.851220314618963,49.2868392311011
0.851444127508328,49.2802775178048
0.851667980865357,49.2737170783107
0.851891874736431,49.2671579110658
0.852115809801959,49.2605999961545
0.852339784784816,49.2540433707858
0.852563800674277,49.2474880055661
0.852787857369847,49.2409339036411
0.853011954035835,49.2343810890806
0.853236091385316,49.227829540714
0.853460269380516,49.2212792597758
0.853684487999661,49.2147302467401
0.853908747417837,49.2081824963591
0.854133047938618,49.2016359997378
0.85435738887696,49.1950907766591
0.854581770741842,49.1885468119528
0.854806193658363,49.1820041020359
0.855030657314725,49.1754626558171
0.855255161319966,49.1689224843187
0.855479706062918,49.1623835760007
0.855704291195267,49.1558459409484
0.855928917884806,49.1493095451662
0.856153585039237,49.1427744204838
0.856378292851363,49.1362405607474
0.856603041540748,49.1297079595347
0.856827831285713,49.123176611648
0.857052661363337,49.1166465378438
0.857277532382223,49.1101177201523
0.857502444914303,49.1035901421813
0.857727397702599,49.0970638401953
0.857952391474963,49.090538792591
0.858177425888965,49.0840150093508
0.858402501475996,49.0774924749291
0.858627617799686,49.0709712019219
0.858852775498007,49.0644511716694
0.8590779737981,49.0579324064589
0.85930321301238,49.0514148968636
0.859528493294661,49.0448986384391
0.859753814367,49.0383836390808
0.859979176972426,49.0318698772141
0.860204580156768,49.025357380331
0.860430023874939,49.0188461492032
0.860655508981279,49.0123361591919
0.860881034705486,49.0058274325644
0.8611066017873,48.9993199476965
0.861332209954621,48.9928137124967
0.861557859034966,48.9863087316447
0.861783549025827,48.9798050049843
0.862009280403168,48.973302518763
0.862235052747879,48.9668012849923
0.862460865905308,48.9603013077801
0.862686720116513,48.953802580035
0.86291261576948,48.9473050906345
0.863138552084965,48.9408088618191
0.863364530306987,48.9343138576468
0.863590549286517,48.9278201111995
0.863816609779172,48.9213276003451
0.864042711059785,48.9148363458769
0.8642688539041,48.9083463252839
0.864495037738199,48.9018575550586
0.864721262089793,48.8953700482893
0.864947528603605,48.8888837578614
0.86517383545679,48.8823987361119
0.865400183786788,48.8759149498653
0.865626573773582,48.8694323942833
0.865853005242652,48.8629510742487
0.866079477544027,48.856471007982
0.866305991482535,48.8499921722359
0.866532546359443,48.8435145870053
0.866759142597143,48.8370382399143
0.866985780202528,48.8305631307816
0.867212459546165,48.8240892489721
0.867439179338826,48.8176166310018
0.867665941057579,48.8111452344031
0.86789274445531,48.8046750665929
0.868119588829771,48.7982061472133
0.868346474146534,48.7917384768136
0.86857340109099,48.7852720358684
0.868800370011399,48.7788068146646
0.869027379598089,48.772342850197
0.869254431024324,48.7658801086674
0.869481524193028,48.759418593116
0.869708658030392,48.7529583336846
0.869935834254262,48.7464992813386
0.87016305166773,48.7400414703498
0.870390310864963,48.7335848833671
0.870617611474152,48.7271295309357
0.870844953396897,48.7206754155572
0.87107233654955,48.7142225394178
0.871299761186545,48.707770895204
0.871527227677444,48.7013204724833
0.87175473544675,48.6948712874495
0.871982285224253,48.6884233192058
0.872209876458038,48.6819765833954
0.872437508803352,48.6755310893574
0.872665183114025,48.6690868128364
0.872892899056994,48.6626437633815
0.873120656599081,48.656201941656
0.873348455637761,48.6497613503765
0.873576296048149,48.6433219928752
0.873804178346638,48.6368838544944
0.874032102696615,48.6304469307112
0.874260068807067,48.6240112295899
0.87448807653467,48.617576754878
0.874716125674212,48.6111435121256
0.874944216777974,48.6047114856715
0.875172349407603,48.5982806878627
0.875400523560856,48.5918511184701
0.875628739951005,48.5854227574148
0.875856998429163,48.5789956089861
0.87608529800473,48.5725697006532
0.876313639009579,48.56614502264
0.876542022217509,48.5597215533541
0.876770447269586,48.5532993029828
0.876998914164897,48.5468782712741
0.877227423447274,48.540458442904
0.877455973978403,48.5340398496605
0.877684566174868,48.5276224793756
0.877913200722386,48.5212063129813
0.878141876589331,48.5147913793393
0.878370594423908,48.5083776598921
0.878599354646752,48.5019651430376
0.878828156129826,48.4955538601754
0.879057000033891,48.4891437784743
0.87928588574002,48.4827349154269
0.879514812808244,48.4763272829019
0.879743782647747,48.4699208414665
0.879972794634527,48.463515608831
0.880201847962718,48.4571116069863
0.880430944000105,48.4507087975397
0.880660081866368,48.4443072052833
0.880889261917439,48.4379068198942
0.881118483716408,48.4315076534712
0.881347746991404,48.4251097132718
0.881577052673273,48.4187129733076
0.881806400231182,48.412317448502
0.88203579060545,48.4059231125076
0.882265222749126,48.399529994473
0.882494696242057,48.3931381054914
0.882724212505303,48.3867474060066
0.882953770855398,48.3803579153123
0.883183371382034,48.3739696305472
0.883413014244864,48.3675825471822
0.883642699090594,48.3611966748965
0.883872426522603,48.3548119967827
0.884102195746232,48.3484285348452
0.884332006726793,48.3420462896305
0.884561860459331,48.3356652335879
0.884791756350182,48.3292853833188
0.885021694427497,48.3229067376954
0.885251675244701,48.3165292813523
0.885481697752681,48.3101530432231
0.885711762621674,48.303778004369
0.885941869872449,48.2974041643385
0.886172019490351,48.2910315234274
0.886402211379518,48.2846600841294
0.886632445188943,48.2782898559251
0.886862721351386,48.2719208266862
0.887093039646703,48.2655530025012
0.887323400571845,48.259186369537
0.88755380416808,48.252820926706
0.887784250278265,48.2464566781864
0.888014738389866,48.2400936378243
0.88824526884249,48.2337317960035
0.888475841976252,48.2273711434232
0.888706456689748,48.2210117102441
0.888937114569017,48.2146534525525
0.889167814929857,48.2082963895066
0.889398557696787,48.2019405227974
0.889629343032611,48.1955858477977
0.889860171286435,48.1892323549012
0.890091041560269,48.1828800686351
0.890321954668269,48.1765289663196
0.890552910525768,48.1701790504376
0.890783908562816,48.1638303363932
0.89101494920412,48.1574828122731
0.891246032347311,48.1511364809099
0.891477157767972,48.1447913482743
0.891708326330164,48.1384473906311
0.891939537379716,48.1321046259793
0.892170790468811,48.1257630661467
0.892402086439404,48.1194226879452
0.892633425150167,48.1130834954091
0.892864806478999,48.1067454916916
0.893096230142982,48.1004086843047
0.893327696375559,48.0940730666873
0.893559205771504,48.0877386226558
0.893790758063439,48.0814053595559
0.894022352948344,48.0750732853751
0.894253990098732,48.0687424087599
0.894485669992342,48.0624127165309
0.894717393138244,48.056084194951
0.894949158753285,48.0497568653087
0.895180967302262,48.0434307146013
0.895412818914177,48.0371057393714
0.895644712805496,48.0307819607592
0.895876649693674,48.0244593589549
0.896108628875813,48.0181379531227
0.896340650801822,48.0118177307494
0.896572715964746,48.0054986785543
0.896804824035504,47.9991808054868
0.897036975116608,47.9928641085237
0.897269168799049,47.9865485986081
0.897501406244269,47.980234244127
0.897733685649676,47.9739210940038
0.897966008333176,47.9676091119449
0.898198374388839,47.9612982957614
0.89843078356265,47.9549886522246
0.898663235267084,47.9486801969369
0.898895729883991,47.9423729192938
0.899128267773639,47.9360668096338
0.899360848119022,47.92976188997
0.899593472044724,47.9234581296522
0.899826138316885,47.91715556214
0.900058847858995,47.9108541620729
0.900291600641085,47.9045539304616
0.900524396058805,47.8982548834193
0.900757234886321,47.8919569998263
0.900990116785986,47.8856602889007
0.901223041861841,47.8793647476156
0.901456010156607,47.8730703747371
0.9016890214624,47.8667771757386
0.901922075671539,47.8604851533222
0.902155172970081,47.854194302361
0.902388313886769,47.8479046086572
0.902621497800509,47.8416160889075
0.90285472450914,47.8353287481869
0.903087994684802,47.829042568332
0.903321308861741,47.8227575351836
0.903554665401861,47.8164736925971
0.90378806563555,47.8101910043239
0.904021508981088,47.8039094862589
0.90425499523755,47.7976291434734
0.904488525033867,47.791349959002
0.904722097860508,47.7850719465573
0.904955713939761,47.7787950999283
0.905189373544766,47.7725194117987
0.905423076992509,47.7662448736958
0.905656823589633,47.7599715040803
0.90589061313155,47.7536993080347
0.906124446341886,47.7474282661209
0.906358322910598,47.7411583867479
0.906592242979435,47.7348896659327
0.906826206528973,47.7286221041214
0.907060213209433,47.7223557104998
0.907294262761756,47.716090491732
0.907528356055298,47.7098264245434
0.907762493267484,47.7035635044287
0.907996673607069,47.6973017523308
0.908230897646598,47.6910411526615
0.908465165349082,47.6847817064777
0.908699476445554,47.6785234207962
0.908933830996976,47.6722662937984
0.909168228662179,47.6660103344459
0.909402670718709,47.6597555086875
0.909637156116104,47.653501844666
0.909871685410953,47.6472493271734
0.910106258015579,47.640997971826
0.910340873460619,47.6347477907437
0.910575532940436,47.6284987521097
0.910810235983138,47.6222508687182
0.911044983044243,47.6160041282708
0.911279773544361,47.609758546094
0.911514608402137,47.603514097623
0.911749486148842,47.5972708218144
0.911984407539807,47.5910286981484
0.912219372761003,47.5847877218836
0.912454381832529,47.5785478924726
0.912689434235039,47.5723092234966
0.912924530486842,47.5660717010217
0.913159670833927,47.5598353186458
0.913394855266094,47.5536000766125
0.913630083288262,47.5473659878201
0.913865354592284,47.5411330600982
0.914100670206462,47.5349012662186
0.914336029411709,47.5286706253408
0.91457143183662,47.5224411468857
0.914806878978296,47.516212791309
0.915042369707576,47.5099855886641
0.91527790401774,47.5037595386377
0.91551348257224,47.49753462371
0.915749105182442,47.4913108489567
0.91598477168033,47.4850882186123
0.916220482111038,47.4788667313261
0.916456236806481,47.4726463783153
0.916692035564777,47.466427164879
0.91692787790781,47.4602091033596
0.917163764646489,47.4539921722838
0.917399694485641,47.447776405717
0.917635669094021,47.4415617595075
0.917871687536419,47.4353482585662
0.918107750415458,47.429135886733
0.918343857154081,47.4229246591645
0.918580007486499,47.4167145825098
0.918816202037933,47.4105056402793
0.919052440765946,47.4042978337075
0.919288723431443,47.3980911689235
0.919525050476248,47.3918856342232
0.919761422016871,47.3856812266141
0.919997837681626,47.3794779557061
0.920234297608264,47.3732758176779
0.920470801352582,47.367074824042
0.920707349552374,47.3608749579716
0.920943942067567,47.3546762232349
0.921180578286842,47.3484786355944
0.921417258675617,47.3422821826565
0.921653983295648,47.3360868628926
0.921890752382033,47.3298926701327
0.922127565844685,47.3236996066908
0.922364423228988,47.3175076842314
0.922601324858316,47.3113168941153
0.922838271119501,47.3051272263327
0.923075261484922,47.2989386945969
0.923312296141264,47.2927512937972
0.923549375627302,47.2865650099354
0.923786499261234,47.280379860755
0.924023666935409,47.274195848716
0.924260878936316,47.2680129662822
0.924498135455956,47.2618312085068
0.924735436789976,47.2556505677186
0.924972782246736,47.2494710617881
0.925210172327524,47.24329267743
0.925447607187499,47.2371154107056
0.925685086422156,47.2309392720216
0.925922609935779,47.2247642636147
0.926160178527259,47.2185903647543
0.926397791274138,47.2124175994093
0.926635448395273,47.2062459615464
0.926873150222646,47.2000754425943
0.927110896863535,47.1939060398224
0.927348687597841,47.1877377717182
0.927586523323204,47.1815706148454
0.927824403245296,47.1754045898556
0.928062327595341,47.1692396904622
0.928300297092606,47.1630758981565
0.928538311276463,47.1569132249264
0.928776369944827,47.1507516757135
0.929014472911251,47.1445912551449
0.929252621401021,47.1384319316171
0.929490814744784,47.1322737226216
0.929729052048154,47.1261166507896
0.929967334598544,47.1199606827137
0.930205661882222,47.1138058319114
0.930444033661328,47.107652104238
0.930682450227586,47.1014994920488
0.930920912198592,47.0953479795407
0.931159418024085,47.0891976065236
0.931397968752178,47.0830483455815
0.93163656527721,47.0769001740953
0.931875205683615,47.0707531412644
0.93211389158381,47.0646072051447
0.932352621833883,47.0584623954047
0.932591397167977,47.0523186928495
0.93283021773453,47.046176093836
0.933069082788014,47.0400346173634
0.933307993033282,47.0338942451106
0.933546947994514,47.0277549893623
0.933785948298706,47.0216168338989
0.934024993509343,47.0154797899606
0.934264083502047,47.0093438604896
0.934503218475783,47.0032090402958
0.934742398660833,46.9970753235073
0.93498162324085,46.9909427309005
0.935220893199954,46.9848112370939
0.935460208338036,46.9786808474161
0.935699568841269,46.9725515569824
0.935938974028935,46.9664233830539
0.93617842416163,46.9602963187107
0.936417919259504,46.9541703634542
0.9366574597012,46.9480455076136
0.936897045377891,46.9419217539865
0.937136676149305,46.9357991060079
0.937376352431367,46.9296775529923
0.937616073775531,46.9235571063572
0.937855840212351,46.9174377651024
0.938095651759375,46.9113195287159
0.938335508720504,46.9052023894397
0.938575411031866,46.8990863489099
0.938815358273785,46.8929714176429
0.9390553514102,46.8868575710411
0.939295389700624,46.880744828051
0.939535473908952,46.8746331690433
0.939775602703181,46.8685226278262
0.940015776865432,46.8624131841538
0.940255996966398,46.8563048237997
0.940496261988306,46.8501975725676
0.940736572089717,46.8440914260539
0.94097692761075,46.8379863756633
0.941217327863841,46.8318824387863
0.94145777456056,46.8257795720017
0.941698266707074,46.8196778007996
0.94193880410736,46.8135771297086
0.942179386689602,46.8074775603765
0.942420015309781,46.8013790711748
0.942660689262706,46.7952816800448
0.942901409242056,46.7891853692359
0.943142173831892,46.7830901744763
0.943382984772431,46.7769960515236
0.943623841118356,46.7709030246021
0.943864742960106,46.7648110910736
0.944105690054105,46.7587202570006
0.944346683268769,46.7526305004565
0.944587721149079,46.7465418581466
0.944828805633829,46.7404542809303
0.945069935488807,46.7343678002755
0.945311110664612,46.7282824169575
0.945552331665034,46.7221981182624
0.945793598663197,46.7161148999526
0.946034911528702,46.7100327652652
0.946276269782763,46.7039517260562
0.946517674045132,46.6978717665969
0.946759124160493,46.6917928908996
0.947000619798423,46.6857151071063
0.947242161249644,46.6796384077785
0.947483748612378,46.6735627904915
0.947725381846275,46.6674882562148
0.947967060963317,46.6614148045643
0.948208786143459,46.6553424309804
0.948450556467458,46.6492711583712
0.94869237329829,46.6432009524147
0.94893423511387,46.6371318514052
0.949176143453409,46.6310638164703
0.949418097396524,46.6249968709339
0.949660097682427,46.6189309960454
0.949902143931045,46.6128662014029
0.950144236292754,46.6068024830741
0.950386374254729,46.6007398537793
0.950628558289691,46.5946783015492
0.950870788275711,46.5886178295042
0.951113063994406,46.5825584429738
0.951355385902366,46.5765001304891
0.951597754021053,46.5704428915947
0.951840168625308,46.5643867194051
0.952082628979597,46.5583316321598
0.952325135260475,46.5522776251863
0.952567687799032,46.5462246902722
0.952810286587509,46.5401728276616
0.953052931520459,46.5341220398931
0.953295622742675,46.5280723232795
0.953538360099979,46.5220236816112
0.953781143217643,46.5159761240487
0.954023972962306,46.5099296289918
0.954266848671487,46.5038842130247
0.954509771335315,46.4978398514126
0.954752740009199,46.4917965677077
0.954995755235221,46.4857543481658
0.955238816039058,46.4797132169364
0.955481923668813,46.473673142879
0.955725077205243,46.4676341489979
0.955968277311533,46.4615962186063
0.956211523780504,46.4555593569434
0.956454817274548,46.4495235475648
0.956698156407822,46.443488824725
0.956941541658859,46.4374551761636
0.957184973192536,46.431422597924
0.957428451664282,46.4253910738962
0.957671977009416,46.4193606057994
0.957915548436497,46.4133312129832
0.958159166401256,46.4073028839345
0.958402830612895,46.4012756258796
0.958646541457809,46.3952494291988
0.95889029863378,46.3892243013739
0.959134103170698,46.3832002169824
0.959377953648582,46.3771772110944
0.959621850842547,46.37115526421
0.959865794906843,46.3651343727232
0.960109785216141,46.3591145519539
0.960353821928933,46.3530957977739
0.960597905485158,46.3470780994116
0.960842035932538,46.3410614557826
0.961086212718109,46.3350458803635
0.961330436261475,46.3290313626629
0.961574706273055,46.3230179098337
0.961819023431751,46.317005505147
0.962063387279786,46.3109941599269
0.962307797846077,46.3049838732683
0.962552254800745,46.2989746531681
0.962796759246775,46.2929664725655
0.963041310281625,46.2869593537506
0.963285908426143,46.2809532836873
0.963530553029434,46.2749482783352
0.963775244384573,46.2689443303104
0.964019982599074,46.2629414370403
0.964264767610294,46.2569396000412
0.96450959875023,46.2509388355071
0.964754478170833,46.2449390908266
0.964999403625475,46.2389404212292
0.965244376524479,46.2329427916832
0.965489396012806,46.2269462233278
0.965734462975599,46.2209506943571
0.965979577076691,46.2149562131364
0.966224737864722,46.2089627904652
0.966469945659471,46.2029704183938
0.966715200151288,46.1969791044911
0.966960502295217,46.1909888254665
0.967205850648042,46.1849996165436
0.967451246196141,46.1790114533403
0.967696689072218,46.1730243328892
0.967942179011135,46.1670382616051
0.968187716654524,46.1610532238049
0.96843330123275,46.155069238238
0.968678933109585,46.1490862958158
0.968924612300414,46.1431043962173
0.969170338466433,46.1371235475974
0.969416112082386,46.1311437383351
0.969661932752268,46.1251649780951
0.969907800041668,46.1191872772114
0.970153715404937,46.1132106004125
0.970399677818797,46.1072349727734
0.970645687831734,46.1012603807055
0.970891745189741,46.0952868304284
0.971137849784817,46.0893143244254
0.971384001362584,46.0833428687443
0.971630200298769,46.0773724542321
0.971876446775176,46.0714030765861
0.972122740740681,46.0654347370444
0.972369082356355,46.0594674316605
0.972615471022269,46.0535011748533
0.97286190732396,46.0475359523223
0.973108390787397,46.041571775593
0.973354921718472,46.0356086371431
0.973601500181366,46.0296465354769
0.973848126233127,46.0236854692008
0.97409479966448,46.0177254433034
0.974341521435337,46.0117664346442
0.974588290288627,46.0058084735902
0.974835107582988,45.9998515271511
0.975081971272165,45.993895644704
0.975328882920412,45.9879407881591
0.975575842626786,45.98198695557
0.975822849361869,45.9760341715719
0.976069904539563,45.9700824019804
0.976317006740423,45.9641316811121
0.976564157009232,45.9581819835354
0.976811355056697,45.9522333164243
0.977058600849597,45.946285680447
0.977305894267833,45.9403390784155
0.977553236227336,45.9343934883862
0.977800624771796,45.9284489572692
0.9780480611859,45.9225054538195
0.978295546269953,45.9165629592974
0.978543078437597,45.9106215117166
0.978790659448295,45.9046810686308
0.9790382877107,45.8987416684041
0.979285963862671,45.8928032953544
0.979533687796624,45.8868659521873
0.979781459986855,45.8809296275643
0.980029279885811,45.8749943346029
0.980277148143822,45.86906005764
0.980525064071353,45.8631268132066
0.980773028325957,45.8571945854429
0.981021040407805,45.8512633863705
0.981269100269588,45.8453332169346
0.981517208479469,45.8394040636063
0.98176536456028,45.8334759378387
0.982013568580984,45.8275488378227
0.98226182127085,45.8216227462475
0.982510122031012,45.8156976774746
0.982758470576419,45.8097736380404
0.983006867187229,45.803850621195
0.983255312388868,45.7979286145537
0.983503805673218,45.7920076302612
0.983752346912659,45.7860876711472
0.984000936415954,45.7801687298398
0.984249574294327,45.7742508037713
0.984498260141223,45.7683339025478
0.984746994214561,45.7624180199277
0.984995776456042,45.7565031573312
0.985244606765198,45.7505893170889
0.985493485744629,45.7446764849174
0.985742412881974,45.7387646730372
0.985991388806352,45.7328538664235
0.986240413679795,45.7269440613833
0.986489486380914,45.7210352843398
0.986738607622063,45.7151275181549
0.986987777374779,45.7092207636802
0.987236995896162,45.7033150148369
0.987486262536439,45.697410286948
0.987735577231208,45.6915065813208
0.987984941117691,45.6856038711797
0.988234353337309,45.679702177
0.988483813524989,45.6738015070866
0.98873332289578,45.6679018327646
0.988982880471828,45.6620031773143
0.98923248727695,45.6561055163971
0.989482142029028,45.6502088803382
0.989731845786242,45.644313243934
0.989981598303421,45.6384186132009
0.990231399063214,45.6325250001694
0.990481248669716,45.626632390513
0.99073114678597,45.6207407922708
0.990981094278988,45.6148501850281
0.991231090356778,45.6089605875208
0.991481134787003,45.6030720049251
0.99173122829817,45.5971844201159
0.991981370276564,45.5912978476324
0.992231560843256,45.5854122844509
0.992481800476261,45.579527719421
0.992732088980707,45.5736441572012
0.992982426489885,45.5677615945911
0.993232812932142,45.5618800332622
0.993483248567363,45.5559994670996
0.993733733029932,45.5501199046687
0.993984266373068,45.5442413445984
0.994234848646302,45.5383637857329
0.994485479781885,45.5324872296478
0.994736160409699,45.526611661639
0.994986889894979,45.5207370966282
0.99523766815327,45.5148635363757
0.995488495517817,45.5089909730876
0.995739371911715,45.5031194086352
0.995990297363972,45.4972488423031
0.996241271970056,45.4913792718584
0.996492295539261,45.4855107017358
0.996743368183256,45.4796431292673
0.996994490057199,45.473776550863
0.997245661616726,45.467910955973
0.997496881829356,45.4620463686354
0.997748151041513,45.4561827805104
0.997999469071413,45.4503201958975
0.9982508368171,45.4444585939444
0.998502254331372,45.4385979736488
0.99875372097696,45.4327383497362
0.999005237236042,45.4268797108277
0.999256801850585,45.4210220861349
0.999508416437799,45.4151654379198
0.999760080311915,45.4093097824644
1.00001179303826,45.403455129612
1.00026355598542,45.3976014476103
1.00051536757833,45.3917487731814
1.00076722868202,45.3858970859124
1.00101913927982,45.3800463864095
1.00127109962314,45.3741966688567
1.00152310934761,45.3683479416949
1.00177516920622,45.3625001874399
1.00202727848693,45.3566534226732
1.0022794368395,45.3508076552454
1.00253164504295,45.3449628671179
1.00278390265669,45.3391190686428
1.00303621005908,45.3332762509859
1.00328856719619,45.3274344154717
1.00354097420351,45.3215935589507
1.00379343067314,45.3157536908092
1.0040459367549,45.3099148074839
1.0042984927175,45.3040769028372
1.00455109806848,45.2982399882379
1.00480375399784,45.2924040362351
1.00505645911043,45.2865690791308
1.0053092141928,45.2807350984981
1.00556201873518,45.2749021062232
1.00581487302332,45.2690700956264
1.00606777688796,45.2632390706564
1.00632073139851,45.2574090067743
1.00657373571579,45.2515799234534
1.00682678942651,45.2457518298962
1.00707989296836,45.2399247159679
1.0073330459512,45.234098590718
1.00758624910568,45.2282734373495
1.00783950266945,45.2224492506154
1.00809280590446,45.21662604741
1.0083461593275,45.210803815714
1.00859956287057,45.2049825571964
1.0088530162482,45.1991622783433
1.00910651995677,45.1933429677491
1.00936007381589,45.1875246296454
1.00961367811002,45.1817072574899
1.00986733216672,45.1758908666609
1.01012103627332,45.1700754504306
1.01037479007112,45.1642610170469
1.01062859443656,45.1584475464821
1.01088244903613,45.1526350465506
1.01113635384341,45.1468235177491
1.01139030921446,45.1410129519569
1.01164431439089,45.1352033664906
1.01189836988295,45.129394749555
1.01215247582891,45.1235870981437
1.01240663207242,45.1177804158421
1.01266083857411,45.1119747034894
1.01291509594593,45.106169947189
1.01316940291277,45.1003661760033
1.01342376035849,45.0945633695631
1.01367816815526,45.0887615310054
1.01393262674005,45.0829606504038
1.01418713571285,45.0771607369141
1.01444169536763,45.0713617837621
1.01469630514161,45.0655638037464
1.01495096561487,45.0597667836029
1.01520567717227,45.0539707147821
1.01546043896421,45.0481756165756
1.01571525126178,45.042381482626
1.01597011431472,45.0365883073666
1.01622502746041,45.0307961058346
1.01647999180238,45.0250048529556
1.01673500652389,45.0192145674442
1.01699007232173,45.013425233369
1.01724518887742,45.0076368580798
1.01750035621065,45.0018494410449
1.01775557370632,44.9960629961215
1.01801084223,44.9902775036752
1.01826616127083,44.9844929754413
1.01852153096903,44.9787094081412
1.01877695202404,44.9729267860783
1.01903242332696,44.9671451343646
1.01928794631401,44.9613644204249
1.01954351951757,44.9555846776005
1.01979914353252,44.9498058921522
1.02005481891882,44.9440280516705
1.02031054475325,44.9382511770281
1.02056632198389,44.932475246715
1.02082214988369,44.9267002772817
1.021078029109,44.9209262538272
1.02133395917764,44.9151531873278
1.02158993978329,44.9093810845262
1.02184597210827,44.9036099188778
1.02210205545713,44.8978397062642
1.02235818989177,44.8920704451125
1.02261437562798,44.8863021306073
1.02287061185127,44.8805347810255
1.0231268995847,44.8747683733043
1.02338323849659,44.8690029151342
1.02363962852815,44.8632384077472
1.02389606964287,44.8574748519431
1.02415256214943,44.8517122408313
1.0244091059819,44.8459505759694
1.02466570151545,44.8401898489704
1.02492234801623,44.8344300762923
1.02517904606039,44.8286712449081
1.0254357955014,44.8229133582391
1.02569259634479,44.8171564161377
1.02594944864928,44.8114004173036
1.02620635215049,44.8056453676462
1.02646330729769,44.7998912571185
1.02672031436224,44.79413807981
1.02697737191653,44.7883858675348
1.02723448137806,44.7826345884427
1.02749164241704,44.7768842502423
1.02774885481444,44.7711348577302
1.02800611908314,44.7653863994665
1.02826343439384,44.759638893996
1.02852080154953,44.7538923233097
1.0287782204861,44.7481466890454
1.02903569020155,44.7424020134162
1.02929321196476,44.7366582680601
1.02955078537783,44.7309154621385
1.02980840999799,44.7251736053677
1.03006608697456,44.7194326721975
1.03032381523251,44.7136926867187
1.03058159580266,44.7079536258588
1.03083942797132,44.7022155056658
1.03109731215356,44.6964783167911
1.03135524810061,44.6907420648439
1.03161323574329,44.6850067513078
1.03187127503848,44.6792723771383
1.03212936650618,44.6735389308705
1.03238750963984,44.6678064238316
1.0326457053522,44.6620748357713
1.03290395260966,44.6563441897159
1.03316225218083,44.6506144684763
1.03342060356572,44.6448856832739
1.03367900743897,44.6391578191459
1.03393746336153,44.6334308859389
1.03419597088134,44.6277048935113
1.03445453040353,44.6219798328583
1.03471314246101,44.616255692397
1.03497180677928,44.6105324783176
1.03523052256168,44.6048102080671
1.03548929094144,44.5990888565692
1.0357481113339,44.5933684369796
1.03600698409268,44.5876489414082
1.03626590893218,44.5819303762239
1.03652488625478,44.5762127325487
1.03678391621769,44.5704960070485
1.0370429984279,44.564780208392
1.0373021330923,44.5590653319569
1.03756132013242,44.5533513795372
1.037820558944,44.5476383643716
1.03807985050018,44.5419262650471
1.03833919407182,44.5362150977915
1.03859859009601,44.530504852895
1.03885803878586,44.5247955258248
1.03911753996565,44.5190871204971
1.03937709345608,44.5133796407995
1.03963669968738,44.5076730773106
1.03989635845317,44.5019674346645
1.04015606976048,44.4962627126799
1.04041583434703,44.4905588952789
1.04067565060121,44.484856017813
1.04093551997779,44.4791540481945
1.04119544184234,44.4734530006417
1.04145541667356,44.4677528646024
1.04171544369663,44.4620536570883
1.04197552386275,44.4563553572284
1.04223565651711,44.4506579795358
1.04249584194441,44.4449615176859
1.04275608017687,44.4392659710726
1.04301637092784,44.4335713459671
1.04327671452257,44.4278776352593
1.04353711154285,44.4221848264203
1.04379756120985,44.4164929365228
1.04405806410221,44.4108019528313
1.04431861955381,44.4051118899637
1.04457922805785,44.3994227370946
1.04483988962884,44.3937344940663
1.04510060410095,44.3880471645061
1.04536137171104,44.3823607432705
1.04562219229401,44.3766752340248
1.04588306588737,44.3709906359459
1.04614399237657,44.3653069515571
1.04640497207193,44.3596241741513
1.04666600492928,44.3539423047927
1.04692709140154,44.3482613337056
1.04718823008527,44.3425812913581
1.04744942300307,44.3369021337395
1.04771066903755,44.3312238855078
1.04797196792403,44.3255465521314
1.04823331986163,44.3198701292832
1.04849472551594,44.3141946026995
1.04875618394305,44.308519992938
1.04901769569523,44.3028462878997
1.04927926125286,44.2971734773975
1.04954088007014,44.2915015733391
1.04980255238039,44.2858305705875
1.05006427838994,44.2801604647859
1.05032605776311,44.2744912632396
1.0505878905082,44.2688229657237
1.05084977723355,44.2631555591962
1.051111716494,44.2574890749093
1.05137371002471,44.2518234752742
1.05163575720755,44.2461587740262
1.05189785753806,44.2404949818875
1.052160011384,44.2348320908746
1.05242221844397,44.2291701075931
1.05268448000449,44.223509004424
1.05294679490787,44.2178488065316
1.05320916369559,44.2121895020545
1.05347158623645,44.2065310939646
1.05373406188003,44.2008735962046
1.0539965921394,44.1952169762679
1.05425917639464,44.189561247822
1.05452181406855,44.1839064230964
1.0547845053861,44.1782524971759
1.05504725106591,44.1725994548035
1.05531005027803,44.1669473139372
1.0555729034937,44.1612960643495
1.05583581054864,44.1556457097023
1.0560987722774,44.1499962321856
1.05636178739449,44.1443476594635
1.0566248569418,44.1386999690414
1.05688798045902,44.1330531710252
1.05715115775002,44.1274072695393
1.05741438932249,44.121762253761
1.05767767484545,44.1161181309128
1.0579410147843,44.1104748910535
1.05820440836086,44.1048325508976
1.05846785633907,44.0991910940561
1.05873135882021,44.0935505185996
1.05899491565081,44.0879108278542
1.05925852637737,44.0822720314589
1.05952219124543,44.0766341241348
1.05978591082253,44.070997093945
1.06004968429655,44.065360958315
1.06031351260779,44.0597256971381
1.06057739513733,44.054091323809
1.06084133243185,44.0484578266311
1.06110532398419,44.042825216527
1.06136937004289,44.0371934881541
1.06163347085063,44.0315626364828
1.06189762561427,44.0259326784212
1.06216183499666,44.020303599804
1.062426098478,44.014675411848
1.0626904173334,44.0090480875144
1.06295479016846,44.0034216566339
1.06321921777938,43.9977961020923
1.06348370049939,43.9921714170786
1.06374823698686,43.9865476300681
1.06401282867157,43.9809247106021
1.06427747470952,43.9753026768909
1.06454217552883,43.969681519759
1.06480693096445,43.9640612428365
1.06507174165133,43.9584418327464
1.0653366069744,43.9528233026464
1.06560152749315,43.9472056406453
1.06586650314926,43.9415888481438
1.06613153286622,43.9359729478519
1.06639661770431,43.9303579172585
1.06666175825974,43.92474374413
1.06692695285731,43.9191304638983
1.0671922021046,43.9135180634514
1.06745750709931,43.9079065199223
1.06772286733065,43.9022958443577
1.06798828205572,43.8966860522841
1.06825375207634,43.8910771267419
1.06851927687127,43.8854690789243
1.06878485696049,43.8798618978646
1.06905049301542,43.8742555696518
1.06931618390017,43.8686501183007
1.06958193010701,43.8630455332737
1.06984773108893,43.8574418262081
1.07011358733907,43.8518389867246
1.07037949951756,43.846237001182
1.07064546637528,43.8406358959306
1.0709114895161,43.8350356371779
1.07117756759854,43.8294362533984
1.07144370116832,43.8238377329366
1.07170989019439,43.8182400766253
1.07197613449213,43.8126432883849
1.07224243491165,43.8070473504795
1.07250879034589,43.8014522862757
1.07277520123982,43.7958580862952
1.07304166745755,43.790264753546
1.0733081895613,43.7846722763469
1.07357476677448,43.7790806710784
1.073841400265,43.7734899132875
1.07410808913758,43.7679000219451
1.0743748337256,43.7623109899643
1.07464163370165,43.7567228242977
1.07490849012511,43.7511355028955
1.07517540207295,43.7455490452578
1.07544237004764,43.7399634407836
1.07570939316869,43.7343787079509
1.07577745093312,43.7329491880496
1.07584550869755,43.7315082442891
1.0758877181063,43.7306141558653
1.07590544216591,43.7302382650091
1.07592316622552,43.7298620602006
1.07595583977936,43.729143803421
1.0759885133332,43.7283698677997
1.07611471773553,43.7248934143529
1.07624084915784,43.720729405098
1.07637084458608,43.7158096547034
1.07650483137759,43.7101678094641
1.07664306584066,43.7038301756024
1.0767858203957,43.6968188848422
1.07693339434238,43.6891514648071
1.07708611888309,43.6808406204615
1.07724435949077,43.6718941498182
1.07740852288091,43.6623146062959
1.07757906298405,43.6520989959966
1.07775648907975,43.6412383391077
1.07794137672455,43.6297170461695
1.07813437888444,43.6175122671336
1.07833624409129,43.6045927863829
1.07854783595729,43.5909178101828
1.07877016459065,43.57643497024
1.07900442630726,43.5610777598288
1.07925206265012,43.544761679527
1.07951485220022,43.5273781869517
1.07979506077709,43.5087847343216
1.0800956909727,43.488788146599
1.08042099011889,43.4671107069893
1.0807775503298,43.4433165964053
1.08117735093877,43.4166083274415
1.08165025222246,43.3849906915829
1.08215895567294,43.3509572069688
1.08266765912341,43.3169038304991
1.08312814311503,43.2860622366838
1.08356546914148,43.2567589013359
1.08398958491043,43.2283319630482
1.08441085394694,43.2000887837673
1.08483263406739,43.1718050045788
1.08525661029531,43.1433676544623
1.08568295611259,43.1147649053675
1.08611150591759,43.0860076248906
1.08654195581853,43.0571159990446
1.08697408212289,43.0281048819489
1.08740774221126,42.9989837273718
1.08784287637911,42.9697564472136
1.08827948017186,42.9404232552864
1.08871757628387,42.9109825452297
1.08915720207177,42.8814317242532
1.08959839884797,42.8517679304734
1.09004120807408,42.8219882880738
1.0904856741455,42.7920897200572
1.09093183913579,42.7620693017952
1.09137974699596,42.7319239785896
1.09182944249807,42.7016506368129
1.09228097395495,42.6712459206961
1.09273439140929,42.6407063540178
1.09318974487526,42.6100284582684
1.09364708867116,42.5792084606407
1.09410648221792,42.5482422399186
1.09456798743863,42.5171255012503
1.09503166921949,42.4858537446549
1.0954975967095,42.4544221770468
1.0959658438618,42.422825675283
1.09643648799064,42.3910588830177
1.09690961296456,42.3591159946989
1.09738530703766,42.3269909013759
1.09786366635766,42.2946769531472
1.09834479026991,42.2621672756538
1.09882879314175,42.2294539703884
1.09931578645975,42.1965293236358
1.09980590334072,42.1633841486344
1.10029928244305,42.1300088721944
1.10079607124353,42.0963933116709
1.1012964384408,42.0625258345326
1.10180056260889,42.0283941243963
1.10230864132708,41.9939845610568
1.10282089246106,41.9592821316553
1.10333756117292,41.924269953151
1.10385891247607,41.8889297737068
1.1043852529482,41.8532404976119
1.10491692693947,41.8171784378327
1.10545431829981,41.7807171936544
1.10599788068652,41.7438255885031
1.10654812801404,41.7064683099389
1.10710566482624,41.6686038382921
1.10767120679537,41.6301830424328
1.10824561559924,41.5911467944615
1.10882994128128,41.5514230699917
1.10942549402617,41.5109220405373
1.11003395080357,41.4695287815447
1.11065753177442,41.4270912136417
1.1112993011259,41.38339954057
1.11196374208709,41.3381469566353
1.11265799394761,41.2908451364677
1.11339511387383,41.2406014529441
1.11420585410529,41.1853147668679
1.11524344858079,41.1145218375461
1.11608516317596,41.0570592132422
1.11680329612782,41.0080042470176
1.11769707991262,40.9469230880933
1.11830225701172,40.90554726878
1.11890743411081,40.8641536826974
1.11964766788673,40.8135050904649
1.12027504901681,40.7705617510645
1.12085410630344,40.7309104201631
1.12143841421179,40.6908856125447
1.12200973357239,40.6517373031241
1.12256570668868,40.6136276864659
1.12311231116987,40.5761478014111
1.1236512409159,40.5391820712892
1.12418320705032,40.502682170171
1.12470907019198,40.4665894444175
1.12522951775044,40.4308570630151
1.12574506955111,40.3954496472621
1.12625614136586,40.3603389234357
1.12676308020997,40.3255013080671
1.12726617591197,40.2909171198207
1.12776568274292,40.2565690979907
1.12826181627787,40.2224426222101
1.12875476722339,40.1885247649942
1.12924470862177,40.1548037984986
1.12973179107823,40.1212695250731
1.13021615337559,40.0879125485353
1.13069792253215,40.054724271476
1.13117721139329,40.0216970625216
1.13165412532301,39.9888237965466
1.1321287640438,39.9560977285906
1.13260121422232,39.9235130059468
1.13307156140673,39.8910638458586
1.13353988269387,39.8587450417602
1.134006253646,39.8265514866489
1.13447073807435,39.7944788788361
1.13493339834301,39.7625230113773
1.1353942961188,39.730679720371
1.13585348828196,39.6989451677137
1.13631102638565,39.6673158790189
1.1367669621438,39.6357883646005
1.13722133980201,39.6043596472446
1.13767420453971,39.573026681579
1.13812559982685,39.5417865368939
1.13857556735379,39.5106364022098
1.13902414074955,39.4795740215729
1.13947136041227,39.4485966674046
1.13991726014285,39.4177020660403
1.14036187234817,39.3868880378166
1.14080522972954,39.356152380089
1.14124736079764,39.3254931782799
1.14168829651103,39.2949083457581
1.14212806238447,39.2643961712262
1.14256668826162,39.2339546409223
1.14300419633474,39.2035822699992
1.14344061472574,39.1732771600985
1.14387596520302,39.1430378520104
1.14431026684194,39.1128630720765
1.14474354630179,39.0827510179656
1.14517582239741,39.0527004306368
1.14560711647034,39.0227098739703
1.14603744749191,38.9927780750627
1.14646683435239,38.9629037652197
1.14689529526277,38.9330857215784
1.14732284743332,38.9033227895712
1.14774950840599,38.8736137902181
1.14817529434196,38.8439576393885
1.14860022111118,38.8143532720415
1.14902430406463,38.7847996581021
1.14944755691649,38.7552958804648
1.14986999546543,38.7258408756233
1.15029163294616,38.6964337577073
1.15071248535999,38.6670734468319
1.15113256355725,38.6377592214144
1.15155188119383,38.6084901632581
1.15197045063548,38.5792654431817
1.15238828200765,38.5500843876119
1.1528053896558,38.5209460273586
1.15322178492368,38.4918496018855
1.15363747789204,38.4627944381872
1.15405247780105,38.433779921324
1.15446679754246,38.4048051802146
1.15488044791509,38.3758694891928
1.15529343624842,38.3469723646831
1.15570577297287,38.3181131055362
1.15611746781757,38.2892910588537
1.1565285302004,38.2605055928444
1.1569389702813,38.2317560230313
1.15734879489434,38.2030418972851
1.15775801473036,38.1743624926629
1.15816663798083,38.1457172606036
1.15857466985355,38.1171058613047
1.15898212094197,38.0885275767726
1.15938899794002,38.059981961762
1.15979530939259,38.0314684407153
1.16020106263272,38.0029865224905
1.16060626358163,37.9745358146177
1.1610109196013,37.9461158229969
1.16141503769922,37.9177260778625
1.16181862542378,37.8893660709235
1.16222169039746,37.8610352881221
1.16262423799188,37.8327333731634
1.16302627453326,37.8044599022689
1.16342780611999,37.7762144671971
1.16382883849872,37.74799668403
1.16422937772898,37.7198061464098
1.16462943099686,37.6916423681929
1.16502900356125,37.6635049984511
1.16542809890768,37.6353938109027
1.16582672669273,37.6073081441039
1.16622488865819,37.5792478937288
1.16662259098816,37.5512126423157
1.16701983984626,37.5232019732431
1.16741663910383,37.495215631195
1.16781299453342,37.4672532264719
1.16820891109061,37.4393144265712
1.1686043931365,37.411398940644
1.16899944565591,37.3835064334984
1.16939407318299,37.3556366013968
1.16978828007488,37.327789152808
1.17018207067254,37.2999637970389
1.17057545052185,37.2721601578864
1.17096842290709,37.244378018677
1.17136099235127,37.2166170749435
1.17175316360528,37.1888770057262
1.17214493941532,37.1611576316223
1.17253632549466,37.1334585630309
1.1729273246497,37.1057796156978
1.17331794104073,37.0781205093761
1.17370817848487,37.0504809877891
1.1740980401311,37.0228608417534
1.17448753104496,36.9952597260147
1.17487665314743,36.9676775178846
1.17526541244314,36.940113804992
1.17565380982395,36.9125685371511
1.17604185025663,36.8850413751104
1.17642953565492,36.8575321958353
1.17681687133861,36.8300406344215
1.17720385993099,36.8025665169815
1.17759050484589,36.7751096133947
1.17797680880246,36.7476697426334
1.17836277411447,36.7202467523195
1.17874840585012,36.692840294079
1.17913370597371,36.6654502398198
1.17951867732925,36.6380763988719
1.17990332348651,36.610718528678
1.180287648065,36.5833763828583
1.18067165158975,36.5560499351002
1.18105533850669,36.5287388799528
1.18143871167331,36.5014430246338
1.18182177291817,36.4741622495448
1.18220452640958,36.4468962682558
1.18258697411902,36.4196449505509
1.18296911854958,36.3924081282708
1.18335096257447,36.3651856066536
1.18373250881653,36.3379772085827
1.18411375826187,36.310782873575
1.18449471531657,36.2836022970219
1.18487538259879,36.2564353015067
1.18525576094009,36.2292818371318
1.18563585371889,36.2021416720752
1.18601566374642,36.175014614678
1.18639519283335,36.147900544638
1.18677444250244,36.120799362168
1.18715341529612,36.093710894451
1.18753211349386,36.0666349872562
1.18791054070829,36.0395713908165
1.1882886969279,36.0125201144485
1.18866658711239,35.985480811753
1.18904421140712,35.9584534804932
1.18942157253548,35.9314379340047
1.1897986720885,35.9044340664329
1.19017551167279,35.8774417707439
1.19055209416608,35.8504608486722
1.19092842187412,35.8234911427064
1.19130449651286,35.7965325375094
1.19168031961329,35.7695849309331
1.19205589331121,35.7426481773251
1.19243121945648,35.7157221513729
1.19280630113061,35.6888066392253
1.19318113761661,35.6619016995533
1.1935557321108,35.6350071101613
1.19393008760191,35.6081226633269
1.19430420356112,35.5812484039678
1.19467808313438,35.5543841130395
1.19505172777122,35.527529693065
1.19542513900442,35.500685040573
1.19579831946325,35.4738499730974
1.19617126935647,35.4470244821313
1.19654399208692,35.4202083293507
1.19691648817303,35.3934014837169
1.19728875971154,35.3666038006398
1.19766080794568,35.3398151967857
1.19803263486461,35.3130355350265
1.19840424088978,35.2862647910596
1.19877562950097,35.2595027201296
1.19914680008367,35.2327493723487
1.19951775699132,35.2060044397334
1.19988850041202,35.1792679142726
1.20025902996055,35.1525398295707
1.20062934915571,35.1258199374263
1.20099945877995,35.0991081867607
1.2013693599121,35.0724045052065
1.20173905535492,35.0457086957504
1.20210854621134,35.0190206839348
1.2024778328828,34.9923404460416
1.20284691718213,34.96566785631
1.20321580047169,34.9390028213374
1.20358448411926,34.9123452472685
1.20395296916078,34.8856950641656
1.20432125763016,34.85905212981
1.20468935077447,34.8324163587453
1.20505724962222,34.8057876813194
1.20542495601383,34.7791659689992
1.2057924693392,34.7525512706441
1.20615979304711,34.7259433411119
1.20652692667317,34.6993422184688
1.20689387307354,34.672747700266
1.20726063203907,34.6461598059978
1.20762720652247,34.6195783259577
1.20799359683406,34.5930032418087
1.20835980220296,34.5664346138565
1.20872582678466,34.5398721447835
1.20909167021721,34.513315864792
1.20945733451339,34.4867656318802
1.20982281920809,34.4602214838344
1.21018812724331,34.4336832109489
1.21055325863936,34.4071508155383
1.21091821531878,34.3806241617611
1.21128299760244,34.3541032300418
1.21164760719385,34.3275879002697
1.21201204406969,34.3010781778172
1.21237630989973,34.2745739449034
1.2127404073234,34.2480750129014
1.21310433480445,34.2215814971238
1.2134680950642,34.1950932030522
1.21383168813536,34.1686101316311
1.21419511582597,34.142132154565
1.21455837956892,34.1156591706702
1.21492147888319,34.0891912183027
1.21528441534644,34.06272818577
1.21564719088601,34.0362699356047
1.21600980443508,34.0098165487631
1.2163722599451,33.9833677400479
1.21673455566071,33.9569236404682
1.21709669317673,33.9304841367884
1.2174586745164,33.9040490841169
1.21782049992795,33.87761846714
1.21818216989806,33.8511922532291
1.21854368654121,33.824770290647
1.21890504975334,33.7983525896932
1.21926626056319,33.7719390779432
1.21962732111388,33.74552960125
1.21998822949252,33.7191243021934
1.2203489894216,33.6927229110832
1.22070959959147,33.6663255261729
1.22107006113732,33.6399320670362
1.22143037700176,33.6135423205238
1.22179054595021,33.5871563793882
1.22215056904117,33.5607741686302
1.2225104478746,33.5343955732815
1.22287018354304,33.5080205154501
1.22322977618742,33.4816489870584
1.22358922629086,33.4552809549631
1.2239485349323,33.4289163422054
1.22430770378458,33.4025550280861
1.22466673306795,33.3761969984678
1.22502562328609,33.3498422184869
1.22538437534178,33.3234906238793
1.22574298988918,33.2971421685629
1.22610146753687,33.2707968097805
1.22645980996996,33.2444544255445
1.22681801740792,33.2181150015186
1.22717609049549,33.1917784921707
1.22753402915143,33.1654449053293
1.2278918361438,33.1391140390504
1.22824951006517,33.1127859985587
1.22860705258253,33.0864606629726
1.22896446554641,33.0601378975255
1.22932174863788,33.033817727252
1.22967890197378,33.0075001452476
1.23003592681153,32.9811850604242
1.23039282458094,32.9548723687881
1.23074959397491,32.9285621682288
1.23110623674033,32.9022543314899
1.23146275367302,32.8759488011761
1.23181914599021,32.849645488793
1.23217541451587,32.8233443347939
1.23253155917829,32.7970453457939
1.2328875803853,32.7707484930402
1.23324347913466,32.7444537040745
1.23359925572565,32.7181609579841
1.23395491136427,32.6918701668115
1.23431044688429,32.6655812699941
1.23466586233618,32.6392942649238
1.23502115785238,32.6130091429788
1.23537633571834,32.5867257360744
1.23573139501632,32.5604441130666
1.23608633663089,32.534164209606
1.2364411630876,32.5078858395007
1.23679587184019,32.481609192256
1.23715046473317,32.4553341323737
1.23750494423,32.4290604779352
1.23785930892029,32.4027883342345
1.23821355900819,32.3765176871733
1.2385676968443,32.3502483631411
1.23892172169552,32.3239804171695
1.23927563591138,32.2977136756431
1.2396294381568,32.2714482382758
1.23998312918333,32.2451840501128
1.24033670999667,32.2189210370624
1.24069018070902,32.192659191376
1.24104354306878,32.1663983836889
1.24139679617325,32.1401386816097
1.2417499419258,32.1138799442223
1.24210298055234,32.0876221550961
1.24245591228884,32.0613652971812
1.2428087373462,32.0351093552771
1.24316145573909,32.0088543287775
1.24351406924453,31.9826000857627
1.24386657812516,31.9563466069174
1.24421898199422,31.9300939214646
1.2445712820902,31.9038419375043
1.24492347910829,31.8775906034282
1.24527557374712,31.8513398673773
1.24562756671594,31.8250896766582
1.24597945743271,31.7988400749254
1.2463312468528,31.7725909911725
1.24668293623644,31.7463423314143
1.24703452514973,31.7200941281284
1.24738601436456,31.6938463238614
1.24773740447287,31.6675988744481
1.24808869472315,31.6413518361474
1.24843988763364,31.6151050208287
1.24879098204183,31.588858515267
1.24914197937735,31.5626122126761
1.24949288003332,31.5363660835201
1.24984368484042,31.5101200655662
1.25019439365526,31.4838741694478
1.25054500650505,31.4576283931022
1.25089552503128,31.4313826134763
1.25124594879588,31.4051368631292
1.25159627863612,31.3788910792285
1.25194651419843,31.3526452880678
1.25229665801419,31.3263992996485
1.25264670797126,31.3001532719802
1.25299666640376,31.2739070299126
1.2533465330173,31.2476605950652
1.2536963087632,31.2214138957716
1.25404599338291,31.1951669510654
1.25439558762436,31.1689197044849
1.25474509209371,31.1426721100672
1.25509450712474,31.1164241422983
1.25544383226891,31.0901758345054
1.25579306841596,31.0639271194364
1.25614221685809,31.0376778993695
1.25649127722891,31.0114282012885
1.25684024955065,30.9851780231122
1.2571891353492,30.9589272494799
1.25753793376648,30.9326759443484
1.25788664700766,30.9064239411636
1.25823527485144,30.8801712558013
1.25858381711206,30.8539179017102
1.25893227377347,30.8276638795429
1.25928064661284,30.8014090546606
1.25962893437395,30.7751535209933
1.25997713814436,30.7488971959712
1.26032525847064,30.7226400375572
1.26067329601212,30.6963819952127
1.26102125057585,30.6701230827204
1.2613691226407,30.6438632632072
1.26171691258326,30.6176025074184
1.26206462132877,30.5913407446063
1.26241224922704,30.5650779474221
1.26275979593975,30.5388141405944
1.26310726271266,30.5125492290994
1.2634546493717,30.4862832251024
1.26380195735629,30.4600160187972
1.26414918545953,30.4337477004832
1.26449633524587,30.407478150907
1.26484340626262,30.3812074032377
1.26519039815234,30.3549354836538
1.26553731242758,30.3286622766044
1.26588414910049,30.3023877799905
1.26623090857245,30.276111962366
1.26657759186917,30.2498347448511
1.26692419810028,30.2235561938283
1.2672707280768,30.1972762467941
1.2676171830913,30.1709948044434
1.26796356234871,30.144711925875
1.26830986709055,30.1184275157568
1.26865609610676,30.0921416647418
1.26900225200994,30.065854173254
1.26934833319933,30.0395651614779
1.26969434149923,30.0132744896823
1.27004027570941,29.9869822477187
1.2703861374554,29.9606883108191
1.27073192693879,29.9343926621781
1.27107764374389,29.908095332131
1.27142328828298,29.8817962880486
1.27176886084977,29.8554955062022
1.2721143629991,29.8291928667628
1.27245979412433,29.8028884144093
1.27280515466504,29.7765821143366
1.27315044471318,29.7502739580944
1.27349566408356,29.7239639583969
1.2738408137299,29.69765204109
1.27418589429487,29.6713381555716
1.27453090428405,29.6450224143866
1.27487584638801,29.6187046108276
1.275220719044,29.5923848624305
1.27556552409736,29.5660630269096
1.27591026155554,29.5397391019448
1.27625493062372,29.5134131467523
1.2765995337124,29.4870849755664
1.27694406877345,29.4607547431515
1.27728853741714,29.4344223249838
1.27763294027024,29.4080876712868
1.27797727585331,29.3817508935938
1.2783215457493,29.3554118692599
1.27866574965751,29.3290706194641
1.27900988916328,29.3027270211112
1.2793539634563,29.2763811344014
1.27969797269529,29.250032945568
1.28004191792343,29.2236823728876
1.28038579870087,29.1973294482224
1.28072961629594,29.1709740725618
1.28107337010369,29.1446162903924
1.28141706107653,29.11825602689
1.28176068840105,29.0918933425795
1.28210425392894,29.0655280935287
1.2824477558006,29.0391604205174
1.28279119652033,29.012790129491
1.28313457486951,28.9864173119233
1.28347789261752,28.9600418300296
1.28382114759302,28.933663848681
1.28416434235152,28.9072831696466
1.28450747554683,28.8808998942553
1.28485054850202,28.8545139188904
1.28519356111214,28.8281252494978
1.28553651392352,28.8017338420323
1.2858794068279,28.7753397027691
1.28622224058492,28.7489427711725
1.28656501422834,28.7225431195986
1.28690772956055,28.6961406071677
1.2872503859333,28.6697352815762
1.28759298415771,28.6433270782605
1.28793552426849,28.6169159923477
1.28827800631448,28.5905020179553
1.28862043070314,28.5640851215008
1.28896279869677,28.5376652032929
1.28930510817944,28.5112424244729
1.28964736140856,28.4848166087204
1.28998955769959,28.4583878064684
1.29033169726899,28.4319559988693
1.29067378124609,28.4055210963471
1.29101580851268,28.3790831830312
1.29135778014023,28.3526421739236
1.29169969625594,28.3261980567881
1.29204155734817,28.299750791524
1.29238336357391,28.2733003636226
1.2927251152178,28.2468467487139
1.29306681215638,28.2203899540145
1.29340845442682,28.1939299743369
1.29375004268235,28.16746675669
1.29409157637839,28.1410003408732
1.29443305743921,28.1145305753078
1.29477448444588,28.088057567462
1.29511585928038,28.0615811690441
1.29545718128696,28.0351014282974
1.2957984491973,28.0086184413953
1.29613966477711,27.9821320689167
1.29648082939829,27.9556422015446
1.29682194152416,27.9291489560539
1.29716300195075,27.9026522682866
1.29750401122969,27.8761520927362
1.29784496949911,27.8496484160535
1.29818587647906,27.8231412574738
1.29852673228072,27.7966306058444
1.298867537159,27.7701164387504
1.29920829259126,27.7435986385148
1.29954899713324,27.7170773148621
1.29988965141827,27.6905524160512
1.30023025616978,27.6640238829975
1.30057081151715,27.6374917028824
1.30091131716632,27.6109558959862
1.30125177281326,27.5844164834377
1.3015921810942,27.5578732568799
1.30193253937323,27.5313264190287
1.30227284969648,27.5047758077997
1.30261311126401,27.4782214826939
1.30295332543743,27.4516633347128
1.30329349163802,27.4251014061634
1.30363360975164,27.3985357033081
1.30397368040532,27.3719661743818
1.30431370338225,27.3453928334832
1.30465367904726,27.3188156493236
1.30499360860328,27.292234524909
1.30533349088,27.265649548874
1.30567332699994,27.2390606306652
1.30601311724117,27.2124677455079
1.30635286140857,27.1858709057897
1.30669255940286,27.1592701164615
1.3070322114661,27.1326653556878
1.30737181860894,27.1060565412872
1.30771138066401,27.0794436833297
1.30805089646289,27.0528268706106
1.30839036740388,27.0262059906393
1.30872979455457,26.9995809564475
1.30906917595001,26.9729519192388
1.30940851425479,26.9463186670207
1.30974780839847,26.919681280538
1.31008705849472,26.8930397480103
1.31042626470795,26.8663940534962
1.31076542752744,26.8397441554715
1.31110454598003,26.8130901273964
1.31144362143264,26.786431858812
1.3117826541214,26.7597693278775
1.31212164380926,26.7331025501515
1.31246059128132,26.70643146076
1.3127994958743,26.6797561087523
1.31313835835854,26.6530764304175
1.31347717908084,26.626392395182
1.31381595733563,26.5997040554989
1.314154694104,26.5730113309513
1.3144933884478,26.5463142922621
1.31483204143614,26.5196128520365
1.31517065380336,26.492906948971
1.31550922610296,26.4661965360385
1.31584775639426,26.4394817632434
1.31618624666581,26.4127624705533
1.31652469636872,26.3860386978186
1.31686310562586,26.3593104321504
1.31720147415672,26.3325776924706
1.31753980282613,26.3058404071515
1.31787809211745,26.279098534533
1.31821634227237,26.2523520521139
1.31855455216173,26.2256010459506
1.31889272281051,26.19884543174
1.31923085459203,26.1720851764271
1.31956894741975,26.1453202834613
1.31990700168623,26.1185507183909
1.32024501669211,26.0917765332445
1.32058299378408,26.0649976179503
1.32092093240004,26.0382140135072
1.32125883280635,26.011425695463
1.32159669558102,25.9846326144858
1.32193452003583,25.9578348217063
1.32227230711539,25.9310322387766
1.32261005673581,25.9042248687668
1.32294776876531,25.877412718707
1.32328544389005,25.8505957306021
1.3236230814012,25.8237739572327
1.32396068255835,25.7969472950319
1.32429824733996,25.7701157420069
1.324635774735,25.7432793751083
1.32497326586591,25.7164381016233
1.3253107210341,25.6895918938352
1.32564814039761,25.6627407355505
1.32598552438895,25.635884588712
1.32632287181273,25.6090235449537
1.32666018449557,25.5821574552508
1.32699746082211,25.5552864445353
1.32733470267503,25.5284103592605
1.32767190865421,25.5015293072354
1.32800908075694,25.4746431256171
1.32834621780167,25.4477519047774
1.32868331979599,25.4208556406342
1.32902038745981,25.393954272017
1.32935742046273,25.3670478215248
1.32969442025308,25.3401361697422
1.33003138489627,25.3132194674158
1.33036831634308,25.2862975551195
1.33070521385917,25.2593704875634
1.33104207699452,25.2324382971398
1.3313789071935,25.2055008645571
1.33171570378431,25.1785582396146
1.33205246750757,25.1516103593246
1.33238919803848,25.1246572458143
1.33272589554194,25.0976988821238
1.33306256040273,25.0707352335826
1.33339919203105,25.0437663436078
1.33373579245975,25.0167920453984
1.33407236020167,24.9898124541093
1.33440889562614,24.9628275364821
1.3347453987844,24.9358372844936
1.33508186999359,24.9088416687894
1.33541830966879,24.8818406520848
1.33575471813004,24.8548342046934
1.33609109492682,24.8278223588642
1.33642744059086,24.8008050680012
1.33676375519421,24.7737823222874
1.33710003815026,24.7467541649618
1.33743629056505,24.7197205031595
1.33777251155049,24.6926814042276
1.3381087020321,24.6656367898123
1.33844486260142,24.6385866081296
1.33878099247478,24.6115309182205
1.33911709217754,24.5844696738705
1.3394531619403,24.5574028523812
1.33978920167611,24.5303304566951
1.34012521156047,24.5032524686242
1.34046119093319,24.4761689373676
1.3407971416472,24.4490797094104
1.34113306190116,24.4219849258101
1.34146895318235,24.39488446267
1.3418048151323,24.3677783446163
1.3421406484099,24.3406665143501
1.34247645267004,24.3135489955449
1.34281222841073,24.286425743861
1.34314797529975,24.2592967819447
1.34348369389652,24.2321620604389
1.34381938415236,24.2050215790245
1.34415504644726,24.1778753027645
1.3444906806073,24.1507232414901
1.34482628639551,24.1235654102271
1.34516186435134,24.0964017611027
1.3454974141841,24.0692323133673
1.34583293616606,24.0420570407719
1.34616843087982,24.0148758917849
1.34650389884424,23.9876888199601
1.34683933896924,23.9604959094056
1.34717475220452,23.9332970789522
1.34751013808524,23.9060923619073
1.34784549744848,23.878881686058
1.34818083022498,23.8516650525824
1.34851613551626,23.8244425302001
1.34885141456581,23.7972140136585
1.34918666762965,23.769979477587
1.34952189352338,23.7427390139353
1.34985709383421,23.7154924894092
1.35019226807106,23.6882399393405
1.35052741615137,23.6609813661515
1.3508625392863,23.633716666829
1.35119763540583,23.6064460054016
1.35153270671926,23.5791691977843
1.3518677525768,23.5518862921417
1.35220277330678,23.5245972573676
1.35253776807896,23.4973021566875
1.35287273884709,23.4700008263895
1.35320768411618,23.4426933836735
1.35354260438003,23.4153797840088
1.35387750096755,23.3880599143014
1.35421237126273,23.3607339835098
1.35454721768346,23.3334017900248
1.35488203940549,23.3060633962804
1.35521683717494,23.2787187368782
1.35555161083867,23.2513678196769
1.35588635989721,23.2240106810208
1.35622108566025,23.1966472092632
1.35655578738797,23.1692774601581
1.3568904647229,23.1419014585289
1.35722511869781,23.114519115266
1.35755974972728,23.0871303916085
1.35789435776454,23.0597352866902
1.35822894223222,23.0323338432319
1.35856350336396,23.0049260375439
1.35889804119148,22.9775118623393
1.35923255583098,22.950091303419
1.35956704802575,22.9226642950851
1.35990151766229,22.895230841842
1.36023596501788,22.867790916243
1.36057038917373,22.8403445890336
1.36090479118132,22.8128917692581
1.36123917138785,22.7854324234617
1.36157352849831,22.7579666533382
1.36190786377381,22.7304943506542
1.36224217757779,22.7030154805261
1.36257646881056,22.6755301286319
1.36291073826848,22.6480382248412
1.36324498596099,22.6205397634633
1.363579212363,22.5930347005708
1.36391341788633,22.5655229973379
1.36424760176972,22.5380047116258
1.36458176355215,22.5104798767743
1.36491590491307,22.4829483495119
1.36525002449672,22.4554102365468
1.36558412359915,22.4278654263033
1.3659182015089,22.4003139724274
1.36625225869695,22.3727558312794
1.36658629570317,22.3451909532928
1.36692031173105,22.3176193992928
1.36725430792325,22.2900410700656
1.3675882840609,22.2624559785781
1.36792223979456,22.234864148837
1.36825617509682,22.2072655782402
1.36859009005314,22.1796602547771
1.36892398612342,22.1520480526003
1.36925786153865,22.1244291129607
1.36959171701029,22.0968033722784
1.36992555393066,22.0691707100625
1.37025937039325,22.04153127907
1.37059316796957,22.0138849443463
1.37092694538168,21.9862318065853
1.37126070497265,21.958571666583
1.37159444456947,21.9309046991993
1.37192816515607,21.9032308181052
1.37226186670696,21.8755500201834
1.37259554865662,21.8478623473384
1.37292921224189,21.820167691831
1.37326285834304,21.7924659751597
1.37359648547607,21.764757315429
1.37393009397439,21.7370416800836
1.37426368398343,21.7093190518453
1.37459725544156,21.6815894306766
1.37493080925377,21.6538527360976
1.37526434446378,21.6261090424144
1.37559786222929,21.5983582482073
1.37593136183912,21.5706004073407
1.3762648438612,21.5428354674219
1.37659830738297,21.5150634992396
1.37693175359994,21.4872843980547
1.37726518277118,21.4594981368081
1.37759859382411,21.4317047997264
1.3779319878347,21.4039042919651
1.3782653643848,21.3760966429951
1.37859872407629,21.3482817973543
1.37893206674871,21.3204597630692
1.37926539260982,21.2926305175207
1.37959870133905,21.2647940821853
1.37993199411988,21.2369503528357
1.38026526929691,21.2090994624248
1.38059852805826,21.1812413065175
1.38093176991196,21.1533759207478
1.3812649957472,21.1255032253975
1.38159820506456,21.0976232567814
1.38193139884651,21.069735927303
1.38226457532997,21.0418413791844
1.38259773583454,21.0139394967506
1.38293088037073,20.9860302734825
1.38326400955451,20.9581136522796
1.38359712242864,20.93018970795
1.38393021937702,20.9022584030357
1.38426330086518,20.8743196929422
1.38459636601523,20.8463736458802
1.38492941596612,20.8184201608721
1.38526245114057,20.7904591967044
1.38559547179892,20.7624907259112
1.38592847662639,20.7345148535404
1.38626146661157,20.7065314911841
1.3865944416168,20.678540644724
1.3869274017731,20.6505422976206
1.38726034688649,20.6225364606547
1.38759327686464,20.5945231361045
1.38792619231295,20.5665022674272
1.38825909315392,20.5384738554721
1.38859197928017,20.5104379037409
1.38892485061369,20.4823944132636
1.38925770798878,20.4543433080813
1.38959055083476,20.4262846305917
1.38992337952961,20.3982183433901
1.39025619420497,20.3701444296744
1.39058899492304,20.3420628785291
1.39092178141719,20.3139737068362
1.39125455388992,20.2858768918845
1.39158731308219,20.2577723653229
1.39192005832575,20.2296601778485
1.392252789453,20.2015403380995
1.39258550771149,20.1734127348368
1.3929182125696,20.1452774071056
1.39325090378863,20.1171343695153
1.39358358123601,20.0889836276311
1.39391624608649,20.0608250761945
1.39424889681997,20.0326588380861
1.39458153503982,20.0044847719019
1.39491416065227,19.976302879509
1.39524677373476,19.9481131485681
1.39557937279414,19.9199157000245
1.39591195955531,19.8917103819436
1.39624453358393,19.8634972250601
1.39657709537248,19.8352761817905
1.39690964395868,19.8070473280001
1.39724218001599,19.7788106008048
1.39757470498676,19.7505658715614
1.39790721771144,19.7223132327382
1.39823971796443,19.6940526979002
1.39857220603388,19.6657842366981
1.3989046816042,19.6375078700485
1.39923714500087,19.6092235643948
1.39956959674005,19.580931269786
1.39990203698715,19.5526309660915
1.40023446552371,19.5243226659735
1.40056688214942,19.4960063806226
1.4008992868517,19.4676821052121
1.401231679597,19.439349836654
1.40156406094443,19.4110095212604
1.40189643172767,19.382661081743
1.40222879072679,19.3543046161452
1.40256113879848,19.3259400455196
1.4028934754747,19.2975674036936
1.4032258010491,19.2691866596284
1.40355811574886,19.2407977878042
1.40389041905509,19.2124008265248
1.40422271223934,19.1839956610202
1.40455499450717,19.1555823529737
1.40488726565849,19.1271609136112
1.40521952625382,19.0987312888832
1.40555177644307,19.0702934597279
1.4058840164107,19.0418474041903
1.4062162460199,19.0133931278443
1.40654846583533,18.9849305761534
1.40688067493004,18.9564598223943
1.40721287409504,18.9279807927134
1.40754506224466,18.8994935740109
1.4078772406581,18.8709980504756
1.40820940861979,18.8424942771418
1.40854156704607,18.8139821692158
1.4088737156482,18.7854617451379
1.40920585469314,18.7569329757965
1.40953798338676,18.7283959232441
1.40987010277592,18.6998504913368
1.41020221270607,18.6712966869169
1.41053431316204,18.6427345050653
1.41086640373509,18.6141639747415
1.41119848558478,18.5855849898506
1.41153055791664,18.5569976123357
1.41186262077763,18.5284018320242
1.41219467435523,18.4997976264452
1.41252671876645,18.4711849791514
1.41285875439079,18.4425638510402
1.41319078137138,18.413934223342
1.41352279954398,18.38529610386
1.41385480781563,18.3566495807054
1.41418680825951,18.3279944685946
1.41451880028658,18.2993308116207
1.41485078317604,18.2706586658416
1.41518275781297,18.2419779484691
1.41551472336949,18.2132887245429
1.41584668068856,18.1845909148578
1.41617862946957,18.1558845388423
1.41651057026466,18.1271695422958
1.41684250242431,18.0984459749333
1.41717442666967,18.0697137679388
1.41750634306903,18.0409729087712
1.4178382516444,18.0122233890185
1.41817015243757,17.9834651985581
1.41850204461393,17.9546984033157
1.41883392958616,17.9259228743232
1.41916580686758,17.897138647009
1.41949767656569,17.8683457055944
1.41982953897473,17.839544017946
1.42016139345921,17.8107336326793
1.42049323992425,17.7819145516196
1.42082507907105,17.7530867072305
1.42115691141197,17.7242500481813
1.42148873604802,17.6954046460034
1.4218205541037,17.6665503963872
1.42215236505798,17.6376873378411
1.42248416796661,17.6088155461177
1.42281596400767,17.579934912127
1.42314775308019,17.5510454377604
1.42347953488915,17.5221471421052
1.42381131051083,17.4932399246684
1.42414307928564,17.464323836095
1.42447484114695,17.4353988756515
1.42480659634728,17.406465014612
1.42513834461987,17.3775222695083
1.42547008727764,17.3485705189489
1.42580182309416,17.3196098631012
1.42613355275303,17.2906402357183
1.42646527525608,17.2616617172116
1.42679699200622,17.232674178283
1.42712870258973,17.203677648053
1.42746040720073,17.1746721028171
1.42779210570926,17.1456575471189
1.4281237978686,17.1166339957963
1.42845548373803,17.0876014368945
1.42878716378204,17.0585598228481
1.42911883792684,17.0295091531835
1.42945050569158,17.0004494632564
1.42978216792937,16.971380671458
1.43011382513285,16.94230272748
1.43044547596005,16.9132157421687
1.43077712227707,16.8841195450155
1.43110876280552,16.8550142410278
1.43144039766007,16.8258998134903
1.43177202757303,16.7967761910665
1.43210365184563,16.767643428107
1.43243527086975,16.7385014833364
1.43276688465624,16.7093503487539
1.43309849333872,16.68019000562
1.43343009637152,16.651020494987
1.43376169450172,16.6218417441727
1.43409328759201,16.592653758115
1.43442487679077,16.5634564285741
1.43475646075714,16.5342498665182
1.4350880400154,16.505034018967
1.4354196141943,16.4758089115268
1.43575118347934,16.4465745208463
1.43608274894204,16.4173307451843
1.43641430915161,16.3880777036078
1.43674586505635,16.3588153055556
1.43707741651807,16.3295435559381
1.43740896343953,16.3002624562682
1.43774050576218,16.27097200463
1.43807204388387,16.2416721587094
1.43840357773273,16.2123629176349
1.43873510788725,16.1830442230413
1.43906663348594,16.1537161439454
1.43939815569153,16.1243785703433
1.43972967365861,16.095031569713
1.44006118655897,16.0656752084909
1.44039269669531,16.0363092754321
1.44072420284525,16.0069338712291
1.44105570554078,15.9775489417045
1.44138720447984,15.9481545063247
1.44171869919899,15.9187505990666
1.44205019092729,15.889337103582
1.44238167845521,15.8599141198014
1.4427131629107,15.8304815404406
1.44304464307905,15.8010394659795
1.44337612081902,15.7715877240307
1.44370759477411,15.7421264275627
1.444039065953,15.712655479761
1.44437053369094,15.6831749322595
1.44470199798463,15.6536847781507
1.44503345942974,15.6241849569981
1.44536491782463,15.5946754792555
1.44569637333702,15.5651563226251
1.44602782623919,15.5356274553833
1.44635927602291,15.5060889154068
1.44669072267964,15.4765406961621
1.44702216594594,15.4469828137517
1.4473536067192,15.4174151806458
1.44768504542513,15.3878377511331
1.44801648068382,15.3582506409968
1.44834791419995,15.3286536906729
1.4486793455908,15.2990469265068
1.44901077449906,15.2694303730431
1.4493422001049,15.239804096253
1.44967362358756,15.2101679832344
1.45000504494434,15.1805220264121
1.45033646431935,15.150866205318
1.45066788112487,15.1212005650485
1.45099929566581,15.0915250708478
1.45133070827604,15.0618396851311
1.45166211953015,15.0321443486653
1.45199352737332,15.0024392381409
1.45232493387408,14.9727241607415
1.45265633804527,14.9429991970186
1.45298774073016,14.9132642638045
1.45331914141273,14.8835193996471
1.45365054098788,14.8537645165566
1.45398193871971,14.8239996728405
1.45431333477662,14.7942248458466
1.4546447292415,14.7644400203946
1.45497612244644,14.73464515886
1.45530751390723,14.7048402970576
1.45563890455299,14.6750253436722
1.45597029255503,14.6452004555533
1.45630167948779,14.6153654834688
1.4566330644213,14.5855205031638
1.45696444898063,14.5556653604912
1.45729583204219,14.5258001486807
1.45762721395494,14.4959248287185
1.45795859498697,14.4660393685291
1.45828997461719,14.436143807307
1.45862135344369,14.406238083314
1.4589527312189,14.3763222109531
1.4592841080054,14.3463961767847
1.4596154844174,14.3164599173745
1.45994686034974,14.2865134342128
1.46027823482612,14.2565568078239
1.46060960902711,14.226589923661
1.4609409824973,14.1966128147769
1.46127235547645,14.1666254516364
1.46160372817088,14.1366278075519
1.46193509993313,14.1066199332439
1.462266471421,14.0766017612556
1.4625978421637,14.0465733261892
1.46292921263048,14.0165345775886
1.46326058355707,13.9864854405509
1.46359195431413,13.9564259640491
1.46392332392541,13.9263562289433
1.46425469334642,13.8962761406241
1.46458606287345,13.866185663882
1.46491743201187,13.8360848355837
1.4652488017443,13.805973558394
1.46558017113323,13.7758519093442
1.46591154126441,13.7457197817257
1.4662429113223,13.7155772414646
1.46657428070983,13.6854243350713
1.46690565095542,13.6552609152796
1.46723702167126,13.6250870089335
1.46756839170995,13.5949027126501
1.46789976312803,13.5647078309352
1.46823113498509,13.5345024409499
1.46856250681068,13.5042865777029
1.46889387932426,13.474060167434
1.46922525234521,13.4438232182694
1.46955662561424,13.4135757457462
1.46988800006484,13.3833176563626
1.47021937446396,13.3530490544419
1.47055074999629,13.3227698236594
1.4708821264978,13.2924799704827
1.47121350368209,13.2621795129054
1.47154488130805,13.2318684648208
1.47187625974907,13.2015467838015
1.47220763983538,13.17121438535
1.47253902036815,13.1408713708629
1.47287040220288,13.1105176538605
1.47320178458754,13.0801532948059
1.47353316904368,13.0497781458777
1.47386455367012,13.0193923729005
1.47419594005007,12.9889958225685
1.47452732820554,12.9585884840821
1.47485871759874,12.9281703984504
1.47519010819131,12.8977415609389
1.47552150030293,12.8673019337392
1.47585289368321,12.836851531369
1.47618428844211,12.8063903353294
1.47651568507351,12.7759182916624
1.47684708299969,12.7454354449833
1.47717848283314,12.7149417305276
1.47750988347581,12.6844372408711
1.47784128703424,12.6539217735539
1.47817269214887,12.6233954449172
1.47850409791808,12.592858329978
1.47883550662282,12.562310209913
1.47916691668477,12.5317512213129
1.47949832965469,12.5011812127596
1.47982974399758,12.4706003171285
1.48016116041828,12.4400084610718
1.48049257869083,12.4094056567161
1.48082399921772,12.3787918582657
1.48115542162845,12.3481670912794
1.48148684678614,12.317531267322
1.48181827364663,12.2868844742113
1.48214970277473,12.2562266512445
1.48248113430759,12.2255577769026
1.48281256808378,12.1948778574248
1.48314400428789,12.1641868670479
1.4834754432917,12.1334847625287
1.48380688447759,12.1027715923602
1.48413832788498,12.0720473443217
1.4844697750483,12.0413118671692
1.4848012244627,12.0105652915163
1.48513267666371,11.9798075592168
1.48546413084432,11.9490387363855
1.48579558794407,11.9182587270651
1.48612704790003,11.8874675280558
1.48645851089643,11.8566651133994
1.4867899761976,11.8258515427095
1.48712144406047,11.7950267834245
1.48745291529749,11.7641907509438
1.48778438982015,11.733343444426
1.48811586685233,11.7024849273677
1.48844734697839,11.6716151366037
1.48877883030115,11.6407340534875
1.4891103172299,11.6098416308707
1.48944180707827,11.5789379237892
1.48977330081534,11.5480228329785
1.4901047973705,11.517096449249
1.49043629698531,11.4861587413341
1.49076779991877,11.4552096759874
1.4910993064886,11.424249214425
1.49143081639493,11.3932773756086
1.49176232980554,11.3622941348998
1.49209384730592,11.3312994284056
1.4924253679034,11.3002933398939
1.49275689239672,11.269275785739
1.49308842009274,11.2382468216294
1.49341995170795,11.2072063714873
1.49375148688491,11.1761544595548
1.49408302563492,11.1450910757569
1.4944145692242,11.1140160921273
1.49474611586182,11.082929667341
1.49507766629495,11.0518317225608
1.49540922027643,11.0207222716752
1.49574077888238,10.989601204416
1.49607234122122,10.9584685951426
1.49640390777496,10.9273243895611
1.49673547876652,10.8961685573652
1.49706705388641,10.8650011183943
1.49739863269607,10.8338221047968
1.4977302157187,10.8026314581682
1.49806180266461,10.771429196407
1.49839339453024,10.7402152163799
1.49872499013194,10.7089896201537
1.49905658997863,10.6777523507499
1.4993881942392,10.6465033827981
1.49971980345942,10.6152426553965
1.50005141674639,10.5839702433845
1.50038303490344,10.5526860617678
1.50071465742829,10.5213901484366
1.50104628478611,10.490082450171
1.50137791688821,10.4587629658403
1.50170955355463,10.4274317030866
1.50204119454866,10.396088674953
1.50237284080105,10.3647337839538
1.50270449136501,10.3333671100598
1.50303614684977,10.3019885863557
1.50336780765378,10.2705981654487
1.50369947295874,10.2391959153231
1.50403114251882,10.2077818500403
1.50436281715357,10.1763558824219
1.50469449722,10.1449179688268
1.50502618263605,10.1134681074065
1.50535787268969,10.0820063562824
1.50568956826969,10.0505326216477
1.50602126809473,10.0190470154886
1.50635297374599,9.98754937821882
1.50668468464401,9.95603975492668
1.50701640102958,9.92451811323172
1.5073481227571,9.89298445731088
1.50767984932171,9.86143882564919
1.50801158141445,9.82988114290684
1.50834331972924,9.7983113330882
1.50867506308257,9.76672949913721
1.50900681119131,9.73513565870597
1.50933856590904,9.70352962533726
1.5096703253284,9.6719115708219
1.51000209101183,9.64028133677873
1.51033386213843,9.6086389914447
1.51066563879172,9.57698451730037
1.5109974211866,9.54531788402064
1.51132920921796,9.51363909180953
1.51166100269691,9.48194814896831
1.51199280250275,9.45024496160569
1.51232460783522,9.41852959625451
1.51265641919017,9.38680199581751
1.51298823687724,9.35506212064882
1.51332006063553,9.32330998578728
1.51365189040306,9.29154558736469
1.51398372564814,9.25976896650013
1.51431556711341,9.2279800421951
1.51464741499971,9.19617878504104
1.514979268844,9.16436522948849
1.5153111284213,9.13253938734117
1.51564299474308,9.10070115153236
1.51597486709125,9.0688505808094
1.51630674604215,9.03698760997171
1.51663863088094,9.00511229761918
1.51697052246059,8.97322455186473
1.51730242012144,8.94132442593554
1.51763432410454,8.90941188676398
1.51796623442686,8.87748692260068
1.51829815158108,8.84554947589558
1.51863007493688,8.81359959718444
1.51896200528663,8.78163720014108
1.51929394187526,8.74966234727348
1.51962588527976,8.71767497298818
1.51995783557348,8.68567505990352
1.52028979266824,8.65366260635162
1.52062175651533,8.62163760689258
1.52095372676048,8.58960008560624
1.52128570392115,8.5575499823697
1.52161768793538,8.52548729281496
1.52194967854835,8.49341203139106
1.52228167601655,8.4613241631163
1.5226136806674,8.42922364596916
1.52294569204919,8.39711051334159
1.52327771062853,8.36498470987694
1.52360973563014,8.33284630031423
1.52394176813282,8.3006951699604
1.52427380838295,8.26853128428035
1.52460585579756,8.23635468942434
1.52493791014722,8.20416539749267
1.52526997122629,8.17196341817353
1.52560203964608,8.13974868175887
1.52593411550775,8.10752116784182
1.52626619866009,8.0752808806843
1.52659828950144,8.04302777116852
1.52693038737444,8.01076189270653
1.5272624928679,7.97848317773409
1.52759460552743,7.94619165986559
1.52792672591393,7.91388727411794
1.52825885469318,7.88156994494662
1.52859099010328,7.84923983339907
1.52892313381508,7.81689676653243
1.52925528429237,7.78454088320071
1.52958744281972,7.75217204792472
1.52991960877101,7.71979031090466
1.53025178348799,7.68739553067923
1.53058396450261,7.65498793741062
1.53091615401443,7.62256730623804
1.53124835119182,7.59013370721909
1.53158055624395,7.55768710948373
1.53191276866316,7.52522755201761
1.53224498919594,7.4927549512389
1.5325772178112,7.46026929929644
1.53290945500578,7.42777053682346
1.5332416995571,7.39525877278416
1.53357395288516,7.36273385760792
1.53390621370428,7.33019590623169
1.53423848260228,7.29764485060378
1.53457075998571,7.26508063989587
1.5349030453978,7.23250330803664
1.53523533904364,7.19991282422355
1.53556764092547,7.1673091773738
1.53589995111561,7.13469234954572
1.5362322692233,7.10206236830974
1.5365645954112,7.06941920693577
1.53689693033241,7.03676279024431
1.53722927408397,7.00409309759046
1.53756162644433,6.97141013985865
1.53789398625083,6.9387140207643
1.53822635593623,6.90600448995741
1.53855873284607,6.87328179748436
1.53889111840493,6.84054579266737
1.53922351268113,6.80779645739376
1.53955591552458,6.77503379544886
1.53988832713636,6.74225777602935
1.54022074775548,6.70946836444708
1.54055317663328,6.67666562358821
1.54088561520461,6.64384940077776
1.54121806186867,6.61101984283427
1.54155051744183,6.57817685838906
1.54188298205081,6.54532042357297
1.5422154551011,6.51245058608644
1.54254793681755,6.47956731273076
1.54288042737095,6.44667057538684
1.5432129272951,6.41376030993235
1.54354543598088,6.38083656544066
1.54387795436572,6.34789923791853
1.54421048130989,6.31494842899802
1.54454301794854,6.2819840151081
1.54487556345005,6.24900606727145
1.54520811844146,6.21601451218208
1.54554068205775,6.18300942437068
1.54587325488236,6.14999073481333
1.54620583716233,6.11695840747346
1.54653842935089,6.08391238584725
1.54687102969715,6.05085283277534
1.54720363965946,6.01777959224319
1.54753625946175,5.98469263014867
1.54786888853761,5.95159199148065
1.54820152714087,5.91847763972866
1.54853417486845,5.88534960362907
1.5488668316918,5.85220787474883
1.54919949857108,5.81905234583124
1.54953217485668,5.78588306999508
1.54986486091376,5.75269999950127
1.55019755675847,5.71950312115231
1.55053026207015,5.68629245550917
1.55086297759531,5.65306791649886
1.55119570219018,5.61982960679771
1.5515284358418,5.58657751652643
1.55186117937763,5.55331155130901
1.55219393287489,5.52003169157649
1.55252669641296,5.48673791776109
1.55285947065608,5.45343015165162
1.55319225486234,5.42010845581096
1.55352504799216,5.38677292313512
1.55385785106879,5.35342343963042
1.55419066419014,5.32005998347744
1.55452348707734,5.28668257096029
1.55485632039074,5.25329112412552
1.55518916279375,5.21988576541941
1.55552201623369,5.18646628772103
1.55585487939109,5.15303281142033
1.55618775360327,5.11958519057007
1.55652063786664,5.08612351401835
1.55685353220893,5.05264776748265
1.55718643700192,5.01915790169694
1.55751935110145,4.9856540200378
1.55785227551956,4.95213600898457
1.55818521057073,4.9186038246532
1.55851815577763,4.88505750322452
1.55885111155535,4.85149699106807
1.55918407860587,4.81792220525228
1.55951705568753,4.78433325906921
1.55985004264259,4.75073015692625
1.56018304017052,4.71711281621651
1.56051604790454,4.68348126184739
1.56084906707872,4.64983535705948
1.56118209617006,4.61617524363647
1.56151513628909,4.58250079758186
1.56184818664163,4.54881208698413
1.56218124802117,4.51510901961606
1.56251432015308,4.48139161100556
1.56284740254212,4.44765989938382
1.56318049615815,4.41391377440889
1.56351360050298,4.38015327422004
1.5638467152985,4.34637841508144
1.56417984073778,4.31258916533644
1.56451297733766,4.27878546023616
1.5648461251894,4.24496727814699
1.56517928328464,4.21113470939671
1.56551245261904,4.17728764080503
1.56584563280417,4.14342609936607
1.56617882434269,4.10955002175505
1.56651202691165,4.07565942844941
1.5668452405627,4.04175430200195
1.56717846474972,4.00783468578884
1.56751170049633,3.97390046327355
1.56784494671582,3.9399517326749
1.56817820386572,3.90598843530455
1.56851147300638,3.87201045038777
1.56884475366406,3.83801781357657
1.56917804455451,3.80401064386997
1.5695113479578,3.76998869618926
1.56984466302889,3.73595204376952
1.57017798869538,3.7019007841318
1.57051132661139,3.66783473586466
1.57084467481253,3.63375408708815
1.57117803483112,3.59965866896222
1.57151140603526,3.56554853324011
1.57184478851836,3.53142365799943
1.57217818201302,3.49728405811128
1.57251158832201,3.46312953612482
1.5728450051819,3.4289603111839
1.57317843356868,3.394776271222
1.57351187510751,3.36057723637107
1.57384532730213,3.32636344995624
1.57417879106574,3.29213480626876
1.5745122666064,3.25789127097106
1.57484575368014,3.2236328563804
1.57517925275517,3.18935950168455
1.57551276315941,3.15507126321477
1.5758462855664,3.12076805907293
1.57617981972822,3.08644990183848
1.57651336586534,3.05211675608252
1.57684692381225,3.01776862601986
1.57718049359563,2.98340549614602
1.57751407555052,2.94902731904683
1.57784766913594,2.91463413762442
1.57818127465303,2.88022590809882
1.57851489303624,2.84580252091918
1.57884852226902,2.81136417135656
1.5791821644519,2.7769106299163
1.5795158186968,2.74244197486805
1.57984948448317,2.70795824741719
1.58018316270869,2.6734593418383
1.58051685339842,2.63894524224371
1.58085055598498,2.60441599441234
1.58118427094129,2.5698715364908
1.58151799810045,2.53531187259711
1.58185173778886,2.50073695585378
1.58218548972629,2.46614680216629
1.58251925418744,2.43154137000476
1.58285303107866,2.39692065589405
1.5831868200599,2.36228468207698
1.58352062146568,2.32763340074143
1.58385443545431,2.29296678214486
1.58418826135053,2.25828488331627
1.58452209910765,2.22358769616431
1.58485595032678,2.18887504076219
1.58518981442671,2.15414696386754
1.58552369090973,2.11940350428287
1.58585757943122,2.08464468486903
1.58619148093792,2.04987039370697
1.58652539477678,2.01508068531464
1.58685932146301,1.98027549279264
1.58719326099496,1.94545480280761
1.58752721269069,1.91061867324565
1.58786117781016,1.87576695927053
1.58819515626797,1.84089965597602
1.58852914669851,1.80601689281186
1.58886315036696,1.77111852442107
1.58919716717811,1.73620454688622
1.58953119680566,1.70127498091169
1.58986523938472,1.66632979896346
1.59019929404579,1.63136907863878
1.59053336211692,1.59639266744158
1.59086744237446,1.56140067975813
1.59120153621195,1.52639295618013
1.59153564321244,1.49136952643917
1.59186976303501,1.45633041287701
1.59220389586513,1.42127558252128
1.59253804198675,1.38620499182954
1.59287220066536,1.35111870429339
1.59320637236517,1.31601665766497
1.59354055812916,1.28089872832318
1.59387475707274,1.24576499532075
1.5942089691762,1.21061544729961
1.59454319433892,1.17545008114162
1.5948774329547,1.14026884159072
1.59521168467797,1.10507175116629
1.5955459489251,1.06985885777084
1.59588022757137,1.03462994984063
1.59621451900168,0.999385183432836
1.59654882470696,0.964124387718687
1.596883143285,0.928847696515925
1.59721747586408,0.893554977096677
1.59755182118187,0.858246348687725
1.59788618008721,0.822921707960145
1.59822055281915,0.787581015362291
1.59855493943601,0.752224250633249
1.59888933911727,0.716851486691323
1.59922375239703,0.681462653206245
1.59955818012526,0.646057645826056
1.59989262047174,0.610636644337159
1.60022707462427,0.575199509262159
1.60056154330133,0.539746149819804
1.60089602534626,0.504276674465898
1.60123052061725,0.468791084555258
1.60156502978445,0.433289294770289
1.60189955272668,0.397771303589134
1.60223408917406,0.362237125574548
1.60256864032449,0.326686619119365
1.60290320439786,0.291119959121938
1.60323778285133,0.255536976743792
1.60357237534482,0.219937693457737
1.60390698114807,0.184322172937328
1.60424160143709,0.148690275721592
1.60457623514289,0.113042101140426
1.60491088380543,0.0773774708258266
1.60524554587557,0.0416965353098018
1.60558022181886,0.00599923101469091
1.6056365303534,9.48574552239734e-13
1.60563653035342,0
1.60597122112704,0
1.60642340723707,0
1.60687934771696,0
1.60734111186,0
1.60780874588583,0
1.6082823503752,0
1.60876202468987,0
1.60924786557206,0
1.60973996602852,0
1.61023841518093,0
1.61074329682089,0
1.6112546886314,0
1.61177266251951,0
1.61229728111119,0
1.6128285992981,0
1.61336666065875,0
1.61391149832988,0
1.61446313300556,0
1.61502157196744,0
1.615586806859,0
1.61615881451229,0
1.61673755456413,0
1.617322969951,0
1.61791498400663,0
1.61851350315716,0
1.61911841375274,0
1.61972958453277,0
1.6203468652975,0
1.62097008839054,0
1.62159906995128,0
1.6222336113741,0
1.6228734996301,0
1.62351851108182,0
1.62416841125252,0
1.62482295884783,0
1.62548190803067,0
1.62614501038108,0
1.62681201639252,0
1.62748267798583,0
1.62815675221427,0
1.62883400078939,0
1.62951419274658,0
1.63019710622783,0
1.63088252818332,0
1.63157025703955,0
1.63226010139145,0
1.63295188196782,0
1.63364543087084,0
1.63434059155338,0
1.63503721980211,0
1.63573518114017,0
1.63643435278559,0
1.63713462204325,0
1.63783588519029,0
1.63853804814394,0
1.63924102590488,0
1.63994474027512,0
1.64064912117608,0
1.6413541052556,0
1.64205963440851,0
1.64276565736987,0
1.64347212800584,0
1.64417900496482,0
1.64488625011944,0
1.64559383017035,0
1.64630171485393,0
1.64700987813325,0
1.64771829563522,0
1.64842694529361,0
1.64913580883317,0
1.64984486910185,0
1.65055411139791,0
1.65126352209048,0
1.65197308922085,0
1.65268280230101,0
1.65339265204181,0
1.65410263041756,0
1.65481273025762,0
1.65552294510372,0
1.65623326957462,0
1.65694369736259,0
1.65765422576057,0
1.65836485054848,0
1.65907556834695,0
1.65978637632592,0
1.66049727202806,0
1.661208253459,0
1.6619193183023,0
1.66263046616072,0
1.66334169480549,0
1.66405300394412,0
1.66476439278123,0
1.66547586065741,0
1.66618740672992,0
1.66689903084108,0
1.66761073269406,0
1.66832251277018,0
1.66903437046088,0
1.66974630650997,0
1.67045832081738,0
1.67117041311436,0
1.67188258469815,0
1.67259483555413,0
1.67330716634962,0
1.67401957709676,0
1.67473206889639,0
1.67544464249319,0
1.67615729809468,0
1.67687003660901,0
1.67758285870061,0
1.67829576465643,0
1.67900875578996,0
1.67972183244007,0
1.68043499545304,0
1.68114824620184,0
1.68186158516367,0
1.68257501295509,0
1.68328853077304,0
1.68400213869806,0
1.68471583805967,0
1.68542963004304,0
1.68614351521928,0
1.68685749536365,0
1.68757157001625,0
1.68828574060203,0
1.68900000905969,0
1.68971437497318,0
1.69042883960351,0
1.69114340392845,0
1.69185806925904,0
1.69257283598554,0
1.6932877058337,0
1.69400267889168,0
1.6947177563554,0
1.69543293975013,0
1.69614822984101,0
1.69686362760516,0
1.69757913411608,0
1.69829475014761,0
1.69901047630174,0
1.69972631447916,0
1.70044226556191,0
1.70115832977041,0
1.70187450887695,0
1.7025908043129,0
1.70330721580097,0
1.70402374509289,0
1.70474039327696,0
1.70545716107252,0
1.70617405002708,0
1.70689106082144,0
1.70760819421514,0
1.70832545151146,0
1.70904283448396,0
1.70976034394558,0
1.71047798040125,0
1.7111957454939,0
1.71191363956648,0
1.71263166432372,0
1.71334982088564,0
1.71406811044825,0
1.7147865337857,0
1.71550509157193,0
1.71622378547256,0
1.71694261661201,0
1.71766158592816,0
1.71838069498101,0
1.71909994439752,0
1.71981933566238,0
1.72053886974791,0
1.72125854754157,0
1.72197837049199,0
1.72269833983869,0
1.72341845658489,0
1.7241387217686,0
1.72485913699756,0
1.72557970316967,0
1.72630042107244,0
1.72702129213747,0
1.72774231748002,0
1.7284634986561,0
1.72918483665735,0
1.72990633254319,0
1.73062798770739,0
1.7313498030647,0
1.73207178091057,0
1.73279392138587,0
1.73351622606508,0
1.73423869596446,0
1.7349613325298,0
1.73568413683047,0
1.7364071103795,0
1.73713025439998,0
1.73785356991934,0
1.73857705818518,0
1.73930072035053,0
1.74002455814465,0
1.74074857284663,0
1.74147276553327,0
1.74219713740392,0
1.74292168972419,0
1.74364642412548,0
1.74437134187534,0
1.74509644393033,0
1.74582173212972,0
1.74654720714774,0
1.74727287071408,0
1.74799872436649,0
1.74872476910248,0
1.74945100638814,0
1.75017743728583,0
1.75090406374174,0
1.75163088626389,0
1.75235790724576,0
1.75308512704086,0
1.75381254817776,0
1.75454017132665,0
1.75526799791239,0
1.75599602990304,0
1.75672426809237,0
1.75745271443554,0
1.75818136957146,0
1.75891023555906,0
1.75963931383388,0
1.7603686056895,0
1.76109811280396,0
1.76182783591292,0
1.76255777729902,0
1.76328793826518,0
1.76401831993729,0
1.76474892447683,0
1.76547975322888,0
1.76621080714451,0
1.76694208785663,0
1.76767359724994,0
1.76840533666827,0
1.76913730777708,0
1.76986951145261,0
1.77060195048597,0
1.7713346255743,0
1.77206753808174,0
1.7728006901991,0
1.7735340833746,0
1.77426771924186,0
1.77500159895951,0
1.77573572509083,0
1.77647009860871,0
1.77720472098713,0
1.77793959357747,0
1.77867471830377,0
1.77941009725766,0
1.78014573194723,0
1.78088162386786,0
1.78161777483167,0
1.78235418677836,0
1.78309086094712,0
1.78382779894696,0
1.78456500254867,0
1.78530247420249,0
1.78604021467066,0
1.78677822633792,0
1.78751651046404,0
1.78825506876712,0
1.78899390379863,0
1.78973301687774,0
1.79047240964121,0
1.79121208371933,0
1.79195204172112,0
1.79269228472504,0
1.79343281444187,0
1.7941736333932,0
1.79491474272887,0
1.79565614475059,0
1.79639784139754,0
1.79713983419983,0
1.79788212542306,0
1.79862471688549,0
1.79936761057585,0
1.80011080790188,0
1.80085431095233,0
1.80159812210675,0
1.80234224261403,0
1.80308667536685,0
1.80383142205973,0
1.80457648456674,0
1.80532186433391,0
1.80606756378193,0
1.80681358537427,0
1.80755993054795,0
1.80830660127994,0
1.8090535999951,0
1.80980092897189,0
1.8105485898936,0
1.81129658486064,0
1.81204491627775,0
1.81279358619375,0
1.8135425964802,0
1.81429194954707,0
1.81504164724277,0
1.81579169168693,0
1.81654208570319,0
1.81729283077732,0
1.81804392943011,0
1.81879538371297,0
1.81954719589819,0
1.82029936848888,0
1.82105190380406,0
1.82180480422225,0
1.82255807129808,0
1.82331170833557,0
1.82406571688007,0
1.82482009929902,0
1.8255748584499,0
1.82632999629122,0
1.82708551567554,0
1.82784141800828,0
1.82859770699709,0
1.82935438420421,0
1.83011145210035,0
1.83086891373172,0
1.83162677066549,0
1.83238502588466,0
1.83314368199026,0
1.83390274156232,0
1.83466220677162,0
1.83542208049745,0
1.83618236502712,0
1.83694306354806,0
1.83770417794045,0
1.83846571125347,0
1.83922766599556,0
1.83999004486683,0
1.84075285047385,0
1.84151608522049,0
1.84227975220246,0
1.84304385405963,0
1.84380839372205,0
1.844573373752,0
1.84533879701552,0
1.84610466627707,0
1.8468709840503,0
1.84763775379762,0
1.84840497834266,0
1.84917266015265,0
1.84994080258554,0
1.8507094077236,0
1.85147847945522,0
1.85224802047943,0
1.85301803368943,0
1.85378852182808,0
1.85455948843602,0
1.85533093600783,0
1.85610286816437,0
1.85687528712289,0
1.85764819703393,0
1.85842160042722,0
1.85919550061884,0
1.85996990065432,0
1.86074480421587,0
1.86152021451477,0
1.86229613400961,0
1.86307256687612,0
1.86384951625803,0
1.86462698498266,0
1.86540497703974,0
1.86618349489282,0
1.86696254279785,0
1.8677421237817,0
1.86852224148065,0
1.86930289929343,0
1.87008410047886,0
1.87086584921001,0
1.87164814846836,0
1.87243100213398,0
1.87321441432556,0
1.87399838791829,0
1.87478292629106,0
1.87556803361618,0
1.87635371376419,0
1.87713997054344,0
1.87792680789695,0
1.87871422875117,0
1.87950223777687,0
1.88029083903727,0
1.88108003594122,0
1.88186983257876,0
1.88266023246997,0
1.88345124025714,0
1.88424285982916,0
1.88503509498497,0
1.88582795009883,0
1.88662142934064,0
1.88741553702916,0
1.88821027687528,0
1.88900565379491,0
1.88980167136403,0
1.89059833428286,0
1.89139564702882,0
1.89219361357767,0
1.89299223877267,0
1.89379152658649,0
1.89459148212465,0
1.89539210980855,0
1.89619341391191,0
1.89699539954826,0
1.89779807092197,0
1.89860143264675,0
1.89940548964103,0
1.90021024656249,0
1.90101570860371,0
1.9018218806736,0
1.90262876765326,0
1.90343637408858,0
1.90424470518585,0
1.90505376595388,0
1.90586356160929,0
1.90667409767964,0
1.90748537816664,0
1.90829740961799,0
1.90911019681658,0
1.90992374503105,0
1.91073805951681,0
1.9115531456501,0
1.91236900934942,0
1.91318565602516,0
1.91400309087445,0
1.91482131991642,0
1.91564034852918,0
1.91646018294951,0
1.91728082905071,0
1.91810229194007,0
1.91892457815466,0
1.91974769329266,0
1.92057164412064,0
1.92139643616791,0
1.92222207536733,0
1.92304856786328,0
1.92387592046618,0
1.92470413928579,0
1.92553323030955,0
1.92636320055031,0
1.92719405684355,0
1.92802580500964,0
1.92885845213718,0
1.92969200476232,0
1.9305264701053,0
1.93136185403269,0
1.93219816478505,0
1.93303540876716,0
1.93387359332846,0
1.93471272476472,0
1.93555281110398,0
1.93639385971519,0
1.93723587766489,0
1.93807887250535,0
1.93892285157812,0
1.93976782289061,0
1.9406137938432,0
1.94146077267868,0
1.94230876722203,0
1.94315778506021,0
1.94400783413586,0
1.9448589231612,0
1.94571106048427,0
1.9465642540913,0
1.94741851242471,0
1.94827384385591,0
1.94913025741079,0
1.94998776118998,0
1.95084636470674,0
1.95170607655752,0
1.95256690557012,0
1.95342886102962,0
1.95429195272381,0
1.95515618932474,0
1.95602158066555,0
1.95688813629429,0
1.95775586546606,0
1.95862477865152,0
1.95949488512211,0
1.96036619571627,0
1.96123872010439,0
1.96211246889492,0
1.96298745239129,0
1.96386368056654,0
1.96474116511685,0
1.96561991636635,0
1.96649994496235,0
1.96738126235405,0
1.9682638796738,0
1.96914780823596,0
1.97003306003234,0
1.97091964652966,0
1.97180757937316,0
1.97269687084429,0
1.97358753283899,0
1.97447957817012,0
1.97537301850459,0
1.97626786724667,0
1.97716413678229,0
1.97806184043386,0
1.97896099109293,0
1.97986160194434,0
1.98076368699715,0
1.98166725979128,0
1.98257233447872,0
1.98347892465388,0
1.98438704514797,0
1.98529671028092,0
1.98620793475205,0
1.9871207338925,0
1.98803512255197,0
1.98895111583464,0
1.98986872982615,0
1.99078798034895,0
1.99170888334921,0
1.99263145514736,0
1.993555712041,0
1.99448167148987,0
1.99540934993452,0
1.99633876577928,0
1.99726993606574,0
1.99820287844508,0
1.99913761170738,0
2.00007415319367,0
2.00101252248441,0
2.00195273899486,0
2.00289482111756,0
2.00383878955306,0
2.00478466348661,0
2.00573246411725,0
2.00668221129426,0
2.0076339265756,0
2.00858763091723,0
2.00954334726523,0
2.0105010971252,0
2.01146090243109,0
2.012422786467,0
2.01338677235835,0
2.01435288453451,0
2.01532114643058,0
2.01629158310785,0
2.01726421983562,0
2.01823908102063,0
2.01921619291158,0
2.020195050733,0
2.02117542097659,0
2.02215731389706,0
2.02314074114429,0
2.02412571705115,0
2.02511225566185,0
2.0261003722093,0
2.02709008197653,0
2.0280814002733,0
2.02907434231898,0
2.0300689241015,0
2.03106516103568,0
2.03206306914408,0
2.03306266456909,0
2.03406396368655,0
2.03506698379168,0
2.03607174054218,0
2.03707825180057,0
2.03808653446333,0
2.03909660586155,0
2.04010848454047,0
2.0411221879795,0
2.04213773392336,0
2.04315514155932,0
2.04417442973166,0
2.04519561681536,0
2.04621872261572,0
2.04724376662135,0
2.04827076920024,0
2.04929975014287,0
2.05033073008625,0
2.05136372974961,0
2.05239877031057,0
2.05343587407378,0
2.05447506192375,0
2.05551635649937,0
2.05655978020632,0
2.05760535626511,0
2.05865310849068,0
2.05970305952742,0
2.06075523469618,0
2.06180965754817,0
2.06286635347246,0
2.06392534792245,0
2.06498666659256,0
2.06605033600113,0
2.06711638325988,0
2.06818483523699,0
2.06925571997493,0
2.07032906514932,0
2.07140490002429,0
2.07248325358203,0
2.07356415591155,0
2.07464763730258,0
2.07573372941028,0
2.07682246343528,0
2.07791387201073,0
2.07900798699341,0
2.08010484274329,0
2.08120447298475,0
2.08230691240465,0
2.08341219705397,0
2.08452036290903,0
2.08563144709423,0
2.08674548734796,0
2.08786252243539,0
2.08898259158219,0
2.09010573522252,0
2.09123199427021,0
2.09236141082496,0
2.09349402717495,0
2.09462988844695,0
2.09576903850823,0
2.09691152366445,0
2.09805739057936,0
2.09920668718303,0
2.10035946290105,0
2.10151576794016,0
2.10267565332634,0
2.10383917207284,0
2.10500637813499,0
2.10617732666874,0
2.1073520744204,0
2.10853067982576,0
2.10971320217185,0
2.11089970238936,0
2.11209024272161,0
2.11328488781493,0
2.1144837036243,0
2.11568675793024,0
2.11689411987372,0
2.11810586094483,0
2.11932205528454,0
2.12054277758957,0
2.12176810549877,0
2.12299811936389,0
2.12423290080621,0
2.12547253430765,0
2.12671710701968,0
2.12796670884729,0
2.12922143133337,0
2.13048137019813,0
2.13174662414311,0
2.13301729309194,0
2.13429348243837,0
2.13557529961966,0
2.13686285614022,0
2.13815626706146,0
2.13945565078609,0
2.14076113163792,0
2.1420728360256,0
2.14339089579822,0
2.14471544794506,0
2.14604663362616,0
2.14738459970375,0
2.14872949749737,0
2.15008148569329,0
2.15144072822329,0
2.15280739441285,0
2.15418166185082,0
2.15556371500657,0
2.15695374539204,0
2.15835195309031,0
2.15975854643773,0
2.16117374147356,0
2.16259776640744,0
2.16403085719243,0
2.16547326181573,0
2.16692523968107,0
2.16838706245745,0
2.16985901358374,0
2.17134139235912,0
2.17283451145883,0
2.17433870294339,0
2.17585431101491,0
2.17738170300457,0
2.17892126353367,0
2.18047340056154,0
2.18203854578267,0
2.18361715498837,0
2.18520971285415,0
2.18681673545816,0
2.18843876896459,0
2.19007640012541,0
2.19173025297459,0
2.19340099697916,0
2.19508935124807,0
2.19679609017414,0
2.19852204866764,0
2.20026813144102,0
2.20203532173353,0
2.20382469407267,0
2.20563742252391,0
2.2074748005691,0
2.20933825867006,0
2.21122939000992,0
2.21314997784014,0
2.21510203672971,0
2.21708785866105,0
2.21911007961172,0
2.22117176462986,0
2.22327652322389,0
2.22542868062802,0
2.2276335076595,0
2.22989758330547,0
2.2322293480981,0
2.2343851748636,0
2.23438517486362,0
2.23484128849293,0
2.23529740212223,0
2.23576118687672,0
2.23622850293681,0
2.23669942452472,0
2.23717398658172,0
2.23765222493428,0
2.23813417646758,0
2.2386198793958,0
2.23910937318955,0
2.2396026988959,0
2.24009989808107,0
2.24060101446466,0
2.24110609287055,0
2.24161517949763,0
2.242128322157,0
2.24264557002867,0
2.24316697384437,0
2.24369258638626,0
2.24422246172724,0
2.24475665574052,0
2.24529522611574,0
2.24583823252948,0
2.24638573643032,0
2.24693780153404,0
2.24749449339891,0
2.24805587968883,0
2.24862203049582,0
2.2491930183432,0
2.24976891814725,0
2.25034980736109,0
2.25093576608676,0
2.25152687716232,0
2.25212322658395,0
2.25272490336314,0
2.25333200013925,0
2.253944611583,0
2.25456283750829,0
2.25518678092973,0
2.25581654843503,0
2.25645225157987,0
2.25709400554669,0
2.25774193065795,0
2.25839615246244,0
2.25905680121229,0
2.2597240130403,0
2.26039793070734,0
2.26107870245439,0
2.26176648408865,0
2.26246143851667,0
2.26316373677664,0
2.2638735582584,0
2.26459109167215,0
2.26531653615896,0
2.26605010092564,0
2.26679200772824,0
2.26754249087194,0
2.26830179896679,0
2.26907019566152,0
2.26984796236668,0
2.27063539828146,0
2.27143282465762,0
2.27224058580086,0
2.27305905219558,0
2.2738886230338,0
2.27472973117985,0
2.27558284762624,0
2.27644848574673,0
2.27732720905491,0
2.27821963821454,0
2.27912646037045,0
2.28004844256196,0
2.2809864452751,0
2.28194144119946,0
2.28291453870822,0
2.28390701580657,0
2.28492035993676,0
2.28595632378455,0
2.28598705046349,0
2.28601777714244,0
2.28605860050202,0
2.28626271729994,0
2.28689772300347,0
2.28753338148459,0
2.28817533858859,0
2.28882388406104,0
2.28947920384415,0
2.29014145989682,0
2.29081081500837,0
2.29148743900472,0
2.29217150945591,0
2.29286321300336,0
2.29356274546071,0
2.29427031465632,0
2.29498613839944,0
2.29571044722951,0
2.2964434860956,0
2.29718551409204,0
2.29793680678963,0
2.29869765822463,0
2.29946838273015,0
2.30024931653128,0
2.30104082094498,0
2.30184328565187,0
2.30265713199478,0
2.30348281661641,0
2.30432083710722,0
2.30517173837171,0
2.30603611914798,0
2.30691464150074,0
2.30780804141323,0
2.30871714206229,0
2.30964287047256,0
2.31058628150058,0
2.31154858380005,0
2.31253117769838,0
2.31353570721046,0
2.31456412661745,0
2.31561880258786,0
2.31670265441739,0
2.31781937574559,0
2.31897378510441,0
2.32017241813922,0
2.32142461876755,0
2.3227447716669,0
2.32415765461826,0
2.32571512515534,0
2.3275876493698,0
2.32923255241129,0
2.33087745545278,0
2.33234108784022,0
2.33371867532843,0
2.33503863849948,0
2.33632162098366,0
2.33757828379548,0
2.33881502509032,0
2.34003596634788,0
2.34124398636225,0
2.34244121699373,0
2.34362930581393,0
2.3448095618769,0
2.34598305219636,0
2.34715065943835,0
2.34831312404825,0
2.34947107523474,0
2.35062505201745,0
2.35177551902781,0
2.35292288247632,0
2.35406749682386,0
2.35520967274596,0
2.35634968755094,0
2.3574877856883,0
2.35862418582523,0
2.35975908271958,0
2.36089265240362,0
2.36202505154226,0
2.36315642261086,0
2.36428689362891,0
2.36541658087602,0
2.36654558967367,0
2.36767401633797,0
2.36880194675195,0
2.36992946119916,0
2.37105663129422,0
2.37218352380149,0
2.37331019896787,0
2.37443671177667,0
2.37556311327381,0
2.37668944961885,0
2.37781576334038,0
2.37894209354153,0
2.380068476479,0
2.38119494490638,0
2.38232152943912,0
2.38344825754426,0
2.38457515525794,0
2.38570224633007,0
2.38682955317535,0
2.38795709509838,0
2.38908489057046,0
2.39021295661668,0
2.39134131000506,0
2.39246996327602,0
2.39359893139753,0
2.3947282270293,0
2.39585786077332,0
2.39698784397656,0
2.39811818599465,0
2.39924889488594,0
2.40037998048117,0
2.40151145004065,0
2.4026433105226,0
2.4037755683801,0
2.40490822977209,0
2.4060413004759,0
2.40717478617989,0
2.40830869037521,0
2.40944301816019,0
2.41057777509129,0
2.41171296394852,0
2.4128485865693,0
2.4139846483701,0
2.41512115141528,0
2.41625809846284,0
2.41739549354101,0
2.41853333721993,0
2.41967163287418,0
2.42081038220685,0
2.42194958703197,0
2.42308924851614,0
2.42422936964861,0
2.42536995069044,0
2.42651099353316,0
2.42765249942838,0
2.42879446906661,0
2.42993690468958,0
2.43107980648461,0
2.43222317523242,0
2.43336701243725,0
2.43451131916748,0
2.43565609572515,0
2.43680134235854,0
2.43794706089183,0
2.43909325074173,0
2.44023991237099,0
2.44138704733655,0
2.44253465519326,0
2.44368273691099,0
2.44483129323786,0
2.44598032393611,0
2.44712982927627,0
2.44827980999864,0
2.44943026594113,0
2.45058119728484,0
2.45173260544193,0
2.45288448945748,0
2.4540368500614,0
2.45518968761349,0
2.45634300122615,0
2.45749679183119,0
2.45865105969032,0
2.45980580507837,0
2.46096102901072,0
2.46211672972723,0
2.46327290816478,0
2.46442956452616,0
2.46558669905019,0
2.46674431104996,0
2.46790240171776,0
2.46906097044879,0
2.47022001760412,0
2.47137954326753,0
2.47253954741304,0
2.4737000293002,0
2.47486098991506,0
2.47602242896322,0
2.47718434714496,0
2.47834674330481,0
2.47950961873764,0
2.48067297208476,0
2.48183680412282,0
2.4830011153859,0
2.48416590553766,0
2.48533117482645,0
2.48649692273095,0
2.48766314929666,0
2.48882985383696,0
2.48999703803721,0
2.49116470128254,0
2.49233284327263,0
2.49350146387394,0
2.49467056344535,0
2.49584014224676,0
2.49701019977386,0
2.4981807368452,0
2.49935175214561,0
2.50052324694656,0
2.50169522154227,0
2.50286767422489,0
2.50404060562855,0
2.50521401639244,0
2.50638790547094,0
2.50756227400129,0
2.50873712200544,0
2.50991244857415,0
2.5110882543235,0
2.51226453849323,0
2.51344130170638,0
2.51461854364147,0
2.51579626464751,0
2.51697446501488,0
2.5181531439472,0
2.51933230176467,0
2.52051193855894,0
2.52169205438699,0
2.52287264934387,0
2.5240537221608,0
2.52523527435842,0
2.52641730478768,0
2.52759981412658,0
2.52878280288764,0
2.52996627073988,0
2.53115021682257,0
2.5323346415781,0
2.53351954559398,0
2.53470492801954,0
2.53589078933565,0
2.5370771295537,0
2.53826394880646,0
2.53945124658763,0
2.54063902289031,0
2.54182727817055,0
2.54301601198559,0
2.54420522434375,0
2.54539491568314,0
2.54658508585978,0
2.54777573429671,0
2.54896686153258,0
2.55015846738008,0
2.55135055167003,0
2.55254311472886,0
2.55373615674639,0
2.55492967709097,0
2.55612367594169,0
2.5573181527076,0
2.55851310829618,0
2.55970854283977,0
2.56090445587774,0
2.56210084720918,0
2.5632977160845,0
2.56449506444835,0
2.56569289135923,0
2.56689119645703,0
2.56808997969833,0
2.56928924151611,0
2.57048898211662,0
2.57168920127414,0
2.57288989817502,0
2.57409107312293,0
2.57529272647103,0
2.57649485839731,0
2.57769746779166,0
2.57890055643321,0
2.58010412355994,0
2.58130816874641,0
2.58251269147579,0
2.58371769350159,0
2.58492317295285,0
2.58612913049948,0
2.58733556596147,0
2.58854248052239,0
2.58974987233084,0
2.59095774198195,0
2.59216608967099,0
2.59337491568919,0
2.59458421997482,0
2.59579400154981,0
2.5970042610421,0
2.59821499922153,0
2.59942621555233,0
2.60063790909017,0
2.6018500810058,0
2.60306273105649,0
2.60427585915819,0
2.60548946502302,0
2.60670354778912,0
2.6079181090908,0
2.6091331481461,0
2.61034866438968,0
2.61156465838929,0
2.61278113057721,0
2.61399808012998,0
2.61521550749999,0
2.6164334128727,0
2.61765179529311,0
2.618870655056,0
2.62008999292693,0
2.62130980811976,0
2.62253010092123,0
2.62375087157732,0
2.62497211960602,0
2.6261938449664,0
2.62741604750135,0
2.62863872785507,0
2.62986188519338,0
2.63108552011545,0
2.63230963165981,0
2.6335342205778,0
2.63475928749278,0
2.63598483153702,0
2.63721085284419,0
2.63843735142454,0
2.63966432717571,0
2.64089178012613,0
2.64211971003329,0
2.64334811644335,0
2.64457700038214,0
2.64580636225915,0
2.64703620023366,0
2.6482665151388,0
2.6494973068042,0
2.65072857580061,0
2.65196032134973,0
2.65319254412987,0
2.65442524421965,0
2.65565842093856,0
2.65689207433869,0
2.6581262045141,0
2.65936081174999,0
2.66059589572174,0
2.66183145572711,0
2.66306749309461,0
2.66430400672569,0
2.66554099719509,0
2.6667784644457,0
2.66801640784277,0
2.66925482855367,0
2.67049372443229,0
2.67173309741909,0
2.67297294686306,0
2.67421327274081,0
2.67545407524918,0
2.67669535393434,0
2.67793710914654,0
2.67917934125171,0
2.68042204875286,0
2.68166523199798,0
2.68290889163611,0
2.68415302788499,0
2.68539763983419,0
2.68664272818536,0
2.68788829247055,0
2.6891343332504,0
2.69038084956213,0
2.69162784222629,0
2.69287531077024,0
2.69412325508127,0
2.69537167478384,0
2.69662057086984,0
2.6978699425773,0
2.69911979013222,0
2.70037011344121,0
2.70162091287234,0
2.70287218732738,0
2.70412393786252,0
2.7053761636034,0
2.70662886489673,0
2.70788204225242,0
2.70913569500672,0
2.71038982293002,0
2.71164442606545,0
2.712899505065,0
2.71415505946699,0
2.7154110884779,0
2.71666759339874,0
2.71792457338404,0
2.71918202916153,0
2.72043996005293,0
2.72169836611639,0
2.72295724671105,0
2.72421660240166,0
2.72547643392818,0
2.72673673947456,0
2.72799752007008,0
2.72925877577064,0
2.7305205066984,0
2.7317827117896,0
2.73304539209959,0
2.73430854734742,0
2.73557217673146,0
2.73683628093768,0
2.7381008599965,0
2.73936591387383,0
2.74063144240635,0
2.74189744497789,0
2.74316392175769,0
2.74443087364908,0
2.74569829967775,0
2.74696620031991,0
2.74823457541015,0
2.74950342431665,0
2.75077274766503,0
2.75204254518195,0
2.75331281632383,0
2.75458356239182,0
2.75585478253801,0
2.75712647643588,0
2.75839864479201,0
2.75967128702038,0
2.76094440272106,0
2.7622179921896,0
2.76349205510736,0
2.76476659223735,0
2.76604160286364,0
2.76731708760068,0
2.76859304555799,0
2.76986947774882,0
2.77114638280801,0
2.77242376251526,0
2.77370161508901,0
2.77497994195652,0
2.77625874169781,0
2.77753801462235,0
2.77881776069994,0
2.78009798030586,0
2.78137867242986,0
2.78265983812594,0
2.78394147675483,0
2.78522358885971,0
2.78650617366997,0
2.78778923240405,0
2.78907276284906,0
2.79035676634926,0
2.79164124224183,0
2.79292619150949,0
2.79421161383044,0
2.79549750911906,0
2.7967838761317,0
2.79807071525862,0
2.79935802758957,0
2.8006458124965,0
2.80193406991539,0
2.80322280043368,0
2.80451200252662,0
2.80580167712381,0
2.8070918245106,0
2.80838244373428,0
2.80967353561023,0
2.81096509895134,0
2.8122571340242,0
2.8135496414003,0
2.8148426205419,0
2.81613607177975,0
2.81742999490029,0
2.81872439038815,0
2.82001925622693,0
2.82131459510476,0
2.82261040540955,0
2.82390668693753,0
2.82520344093177,0
2.82650066530422,0
2.82779836170236,0
2.82909652902321,0
2.83039516812112,0
2.83169427786419,0
2.83299385877512,0
2.83429391173346,0
2.83559443537989,0
2.83689543032776,0
2.83819689639756,0
2.83949883308658,0
2.84080124082356,0
2.84210411996523,0
2.84340747020451,0
2.84471128978526,0
2.84601558108369,0
2.84732034267792,0
2.84862557476732,0
2.84993127728864,0
2.85123745022426,0
2.85254409301177,0
2.85385120706151,0
2.85515879053399,0
2.85646684444617,0
2.85777536904695,0
2.85908436387593,0
2.86039382848365,0
2.86170376271584,0
2.86301416736676,0
2.86432504221486,0
2.86563638730788,0
2.86694820149011,0
2.86826048512996,0
2.86957323822417,0
2.87088646139025,0
2.87220015401462,0
2.87351431728383,0
2.87482894847958,0
2.87614404957224,0
2.87745961934716,0
2.87877565863518,0
2.88009216685685,0
2.88140914449708,0
2.88272659124506,0
2.88404450646476,0
2.8853628913752,0
2.88668174505341,0
2.88800106765661,0
2.88932085809662,0
2.89064111807414,0
2.89196184564018,0
2.89328304308435,0
2.89460470805198,0
2.89592684203215,0
2.89724944462944,0
2.89857251489783,0
2.89989605353303,0
2.90122006064323,0
2.90254453593876,0
2.90386947879206,0
2.90519488926285,0
2.90652076778274,0
2.9078471139533,0
2.90917392837693,0
2.91050121048283,0
2.91182896017856,0
2.91315717683834,0
2.91448586181277,0
2.91581501396013,0
2.91714463292322,0
2.91847471963829,0
2.9198052736066,0
2.92113629553982,0
2.92246778386823,0
2.92379973928192,0
2.92513216158351,0
2.92646505132486,0
2.92779840695577,0
2.92913222990068,0
2.930466519926,0
2.93180127668008,0
2.93313649908998,0
2.93447218827146,0
2.9358083433259,0
2.93714496512151,0
2.93848205295704,0
2.9398196070063,0
2.94115762797349,0
2.94249611437139,0
2.94383506698734,0
2.94517448556226,0
2.9465143691891,0
2.94785471909725,0
2.94919553432546,0
2.95053681500112,0
2.95187856175788,0
2.95322077407157,0
2.9545634513272,0
2.95590659411598,0
2.957250202345,0
2.95859427633517,0
2.95993881448152,0
2.9612838177032,0
2.9626292862059,0
2.96397521926488,0
2.96532161690155,0
2.96666847959514,0
2.96801580683424,0
2.96936359860759,0
2.9707118547998,0
2.97206057473561,0
2.9734097597747,0
2.97475940936895,0
2.97610952265284,0
2.97746010028487,0
2.97881114223697,0
2.98016264775046,0
2.98151461683636,0
2.98286705018307,0
2.98421994686945,0
2.98557330797225,0
2.98692713225961,0
2.98828141959247,0
2.98963617021299,0
2.99099138372634,0
2.99234706054628,0
2.99370320073867,0
2.99505980390139,0
2.99641687106406,0
2.99777440105168,0
2.99913239363422,0
3.00049084879989,0
3.00184976668368,0
3.00320914646211,0
3.00456898931534,0
3.005929294894,0
3.00729006209562,0
3.00865129232884,0
3.01001298444577,0
3.01137513840815,0
3.0127377540315,0
3.01410083192313,0
3.01546437138375,0
3.01682837202047,0
3.01819283577366,0
3.01955776034855,0
3.02092314665415,0
3.02228899494907,0
3.02365530347714,0
3.02502207310162,0
3.02638930368202,0
3.02775699549848,0
3.0291251482784,0
3.03049376200942,0
3.03186283733074,0
3.03323237260111,0
3.03460236853335,0
3.03597282484982,0
3.03734374163445,0
3.03871511884516,0
3.04008695634736,0
3.04145925345846,0
3.04283201131839,0
3.04420522881757,0
3.04557890628586,0
3.04695304324504,0
3.04832764002279,0
3.04970269632878,0
3.05107821212803,0
3.05245418736413,0
3.05383062152297,0
3.05520751451591,0
3.05658486743968,0
3.05796267954598,0
3.05934095039435,0
3.06071968029809,0
3.06209886840047,0
3.06347851576342,0
3.0648586211814,0
3.06623918550969,0
3.06762020772306,0
3.06900168855066,0
3.07038362678545,0
3.07176602346828,0
3.07314887858119,0
3.07453219162133,0
3.0759159623586,0
3.07730019049672,0
3.07868487633049,0
3.08007001997259,0
3.0814556212617,0
3.08284167907001,0
3.08422819475266,0
3.08561516707668,0
3.08700259627591,0
3.08839048241418,0
3.08977882606336,0
3.09116762545567,0
3.09255688270266,0
3.0939465961061,0
3.09533676609908,0
3.09672739234174,0
3.0981184746702,0
3.09951001257073,0
3.10090200746605,0
3.10229445758632,0
3.10368736359157,0
3.10508072473248,0
3.10647454156293,0
3.10786881443634,0
3.10926354290177,0
3.11065872639978,0
3.11205436496992,0
3.11345045859301,0
3.11484700760156,0
3.11624401096472,0
3.11764146883537,0
3.11903938163351,0
3.12043774930153,0
3.12183657109301,0
3.12323584759475,0
3.12463557795435,0
3.12603576260127,0
3.12743640124576,0
3.12883749376124,0
3.13023903966663,0
3.13164103972195,0
3.1330434928762,0
3.13444639973435,0
3.13584975996313,0
3.13725357378303,0
3.13865784050293,0
3.14006256063392,0
3.14146773340249,0
3.14287335888578,0
3.14427943723406,0
3.14568596837738,0
3.14709295183824,0
3.1485003872394,0
3.14990827484126,0
3.15131661534488,0
3.15272540730392,0
3.15413465139133,0
3.1555443471333,0
3.15695449414158,0
3.15836509271509,0
3.15977614328746,0
3.16118764488125,0
3.16259959799833,0
3.16401200173817,0
3.16542485708492,0
3.16683816369409,0
3.16825192077657,0
3.16966612804851,0
3.17108078601766,0
3.1724958940837,0
3.17391145292192,0
3.1753274622695,0
3.17674392121889,0
3.17816083075668,0
3.17957818969341,0
3.1809959978929,0
3.18241425598093,0
3.18383296408706,0
3.18525212061748,0
3.18667172656947,0
3.18809178147825,0
3.18951228518848,0
3.19093323776731,0
3.19235463904767,0
3.19377648912635,0
3.19519878743099,0
3.19662153473133,0
3.19804473067045,0
3.19946837391742,0
3.2008924653702,0
3.20231700455723,0
3.20374199211707,0
3.20516742683585,0
3.20659330933743,0
3.20801963914267,0
3.20944641624339,0
3.21087364096094,0
3.21230131173028,0
3.2137294303033,0
3.21515799514577,0
3.21658700650245,0
3.21801646401974,0
3.21944636781772,0
3.22087671899143,0
3.22230751536441,0
3.22373875758061,0
3.22517044661402,0
3.2266025808709,0
3.22803516104096,0
3.22946818586825,0
3.23090165646856,0
3.23233557269546,0
3.23376993409974,0
3.23520474014574,0
3.23663999071581,0
3.23807568594882,0
3.23951182544566,0
3.24094840976859,0
3.24238543805283,0
3.24382291120618,0
3.2452608280392,0
3.24669918875441,0
3.24813799351587,0
3.24957724129058,0
3.25101693277078,0
3.25245706700384,0
3.25389764425916,0
3.25533866474867,0
3.25678012862446,0
3.25822203491932,0
3.25966438416917,0
3.26110717582527,0
3.26255041009884,0
3.26399408632609,0
3.26543820457879,0
3.26688276454346,0
3.26832776732061,0
3.26977321174238,0
3.27121909698469,0
3.27266542362521,0
3.27411219198069,0
3.27555940153875,0
3.27700705146291,0
3.27845514284099,0
3.2799036749571,0
3.28135264746562,0
3.28280206050078,0
3.2842519133347,0
3.28570220563157,0
3.28715293880992,0
3.28860411187096,0
3.29005572433717,0
3.29150777657365,0
3.29296026759804,0
3.29441319853092,0
3.29586656817431,0
3.29732037758182,0
3.29877462611929,0
3.30022931288639,0
3.3016844382266,0
3.30314000146027,0
3.30459600380239,0
3.30605244320811,0
3.30750932053371,0
3.30896663618825,0
3.31042438896107,0
3.31188258024229,0
3.31334120825561,0
3.31480027341029,0
3.31625977561322,0
3.31771971443604,0
3.31918009029646,0
3.32064090217732,0
3.32210215081427,0
3.32356383613375,0
3.32502595745362,0
3.3264885148467,0
3.32795150777853,0
3.32941493570936,0
3.33087880020935,0
3.33234309965323,0
3.33380783343677,0
3.33527300274771,0
3.33673860658558,0
3.33820464600986,0
3.33967111948434,0
3.3411380278063,0
3.34260537007139,0
3.34407314627704,0
3.34554135605643,0
3.34700999992312,0
3.34847907718472,0
3.34994858722792,0
3.35141853117684,0
3.35288890867514,0
3.35435971840396,0
3.35583096142239,0
3.35730263750815,0
3.3587747458912,0
3.36024728674546,0
3.36172025931812,0
3.36319366342212,0
3.36466749965054,0
3.36614176798575,0
3.36761646793537,0
3.3690915992071,0
3.3705671613496,0
3.37204315465,0
3.37351957886534,0
3.3749964341748,0
3.37647371929473,0
3.37795143493916,0
3.37942958070193,0
3.38090815670363,0
3.38238716157518,0
3.38386659683,0
3.38534646160628,0
3.38682675601491,0
3.38830747901215,0
3.38978863191921,0
3.39127021357396,0
3.39275222310922,0
3.39423466137718,0
3.39571752859012,0
3.39720082362775,0
3.39868454658783,0
3.40016869724258,0
3.40165327529505,0
3.40313828068669,0
3.40462371367726,0
3.40610957325964,0
3.40759585989615,0
3.40908257351228,0
3.41056971400301,0
3.41205728033006,0
3.41354527309403,0
3.41503369164678,0
3.41652253666821,0
3.41801180725244,0
3.41950150316661,0
3.42099162393245,0
3.42248217054832,0
3.42397314235513,0
3.42546453774984,0
3.42695635815708,0
3.42844860318982,0
3.42994127222439,0
3.4314343658959,0
3.43292788341291,0
3.43315162825677,0
3.43337537310064,0
3.43449409731997,0
3.43616122728057,0
3.43783518795505,0
3.43950783131296,0
3.44116504397828,0
3.44280622474579,0
3.4444327680736,0
3.44604641414806,0
3.44764874574621,0
3.44924111376848,0
3.45082466549351,0
3.45240037710695,0
3.45396908754656,0
3.45553152131332,0
3.45708830982025,0
3.45864000990952,0
3.46018711158887,0
3.46173005053306,0
3.46326921448163,0
3.46480495087379,0
3.46633757179001,0
3.46786736057552,0
3.46939457134479,0
3.47091943507124,0
3.4724421630366,0
3.47396294636713,0
3.4754819605071,0
3.47699936671338,0
3.47851531156042,0
3.48002992990882,0
3.48154334666114,0
3.48305567614824,0
3.48456702372009,0
3.48458468744884,0
3.48460235117758,0
3.48462383730525,0
3.48473126794362,0
3.48526842113543,0
3.48697221339889,0
3.48868046800196,0
3.49043069056537,0
3.49228012248504,0
3.49427984173515,0
3.49654118350858,0
3.49901453120235,0
3.50148787889612,0
3.50358646407662,0
3.50550736986866,0
3.50731807952872,0
3.50906431900234,0
3.51076721531933,0
3.51243834265906,0
3.51408460877479,0
3.51571061522404,0
3.51731967342085,0
3.51891430295875,0
3.52049648893034,0
3.52139976551996,0
3.52139976551999,0
3.52297111618494,0
3.52747542333928,0
3.53198383572226,0
3.53651820333636,0
3.54108638507806,0
3.54566216689601,0
3.55023551781378,0
3.55480656406877,0
3.559375505899,0
3.56394270588105,0
3.5685087246645,0
3.57307435729527,0
3.57764066381659,0
3.58220901705019,0
3.58678115448917,0
3.59135925148073,0
3.5959460109339,0
3.60054478525187,0
3.60515974280354,0
3.60979609377393,0
3.61446041903269,0
3.61529754206083,0
3.61613466508897,0
3.6170545103088,0
3.61797435552863,0
3.61858390283948,0
3.61919345015032,0
3.62019402916233,0
3.62519692422238,0
3.63032218069598,0
3.63551515649896,0
3.64086294715374,0
3.64646310611871,0
3.65251644916528,0
3.65977252803896,0
3.66537561617738,0
3.6709787043158,0
3.67597683607514,0
3.68060055586807,0
3.68496303342426,0
3.68912814461292,0
3.69313435267652,0
3.69700720150943,0
3.70076503057149,0
3.70442176425628,0
3.70798840503607,0
3.71147390969063,0
3.71488573664692,0
3.71823020771369,0
3.72151276263569,0
3.72473813831784,0
3.72791050260563,0
3.73103355684524,0
3.7341106090906,0
3.73714464116317,0
3.73885342819675,0
3.73944323687113,0
3.74003304554551,0
3.74022192800948,0
3.74041081047344,0
3.74135522279328,0
3.74427979067889,0
3.74718133919567,0
3.75005810614002,0
3.75290561491101,0
3.75572439739426,0
3.75851579372188,0
3.76128121723008,0
3.76402202244512,0
3.76673948143232,0
3.7694347898024,0
3.77210907030546,0
3.77476337871555,0
3.77739871037969,0
3.78001600376362,0
3.78261614684209,0
3.78519997730178,0
3.78776828950979,0
3.79032183517332,0
3.79286132724627,0
3.79538744277004,0
3.79790082459549,0
3.80040208312486,0
3.80289179924386,0
3.80537052414793,0
3.80783878301967,0
3.81029707686479,0
3.81274588133433,0
3.81518564994729,0
3.8176168142886,0
3.82003978601781,0
3.82245495732429,0
3.82486270065566,0
3.82726337186202,0
3.82965731011331,0
3.832044837732,0
3.83442626190539,0
3.83680187461225,0
3.83917195366857,0
3.84153676477091,0
3.84198542786504,0
3.84243409095917,0
3.84280468182963,0
3.84465763618196,0
3.84700052336356,0
3.84934253776817,0
3.85168332182827,0
3.85402085034857,0
3.85635492940581,0
3.85868565962638,0
3.8610131918615,0
3.86333768042342,0
3.86565927283506,0
3.86797810583176,0
3.87029430972142,0
3.87260800641487,0
3.87491930851645,0
3.87722832206758,0
3.87953514658822,0
3.88183987136101,0
3.88414258245183,0
3.88644335745225,0
3.88874226799637,0
3.89103938031439,0
3.89333475285862,0
3.89562844097329,0
3.89792049350995,0
3.9002109547159,0
3.9024998650464,0
3.90478725779425,0
3.90707316390433,0
3.90935760985967,0
3.91164061836315,0
3.91392220804821,0
3.91620239402323,0
3.91848118933224,0
3.92075860286963,0
3.92303464158929,0
3.92374489150014,0
3.92445514141098,0
3.92521281799368,0
3.92597049457639,0
3.92822718037292,0
3.93047579344002,0
3.9327327519739,0
3.93499049576381,0
3.93724785915097,0
3.93950457558407,0
3.94176056869372,0
3.94401579903576,0
3.94627023500926,0
3.94852384428489,0
3.95077659415682,0
3.95302845090642,0
3.95527938161151,0
3.95752935287872,0
3.95977832944104,0
3.96202627697566,0
3.96427316059614,0
3.96651894678398,0
3.9687636016684,0
3.97100708977044,0
3.97324937934292,0
3.97549043639859,0
3.97773022887007,0
3.97996872529646,0
3.98220589399169,0
3.98444170490903,0
3.98667612790491,0
3.98890913370381,0
3.99114069530839,0
3.99337078562952,0
3.99559937878104,0
3.99782644858947,0
4.00005197183844,0
4.00069378435825,0
4.00133559687807,0
4.00155656744936,0
4.00171421865542,0
4.00187186986147,0
4.00207808633669,0
4.0031091687128,0
4.00529908084688,0
4.00748931320819,0
4.0096895217023,0
4.0118908663629,0
4.01409194696138,0
4.01629240738526,0
4.0184921310846,0
4.02069104929226,0
4.02288910688643,0
4.02508624968999,0
4.02728242800891,0
4.02947759461522,0
4.03167170429005,0
4.03386471266754,0
4.03605657808197,0
4.03824726151637,0
4.04043672565923,0
4.04262493413345,0
4.04481185417517,0
4.04699745288699,0
4.0491817012146,0
4.05136457057655,0
4.05354603473132,0
4.05572606729817,0
4.05790464678458,0
4.06008175044449,0
4.06225735790588,0
4.06443145028806,0
4.0666040110996,0
4.06877502300986,0
4.07094447248137,0
4.07311234511304,0
4.07527862964686,0
4.07744331285896,0
4.07785937122738,0
4.07818023456467,0
4.07850109790195,0
4.08010541458835,0
4.08222786492104,0
4.08435935739019,0
4.08649741928113,0
4.08863629895812,0
4.09077500787444,0
4.09291327715166,0
4.09505100245754,0
4.09718811418882,0
4.09932455389603,0
4.10146026778893,0
4.10359520592096,0
4.10572931928802,0
4.10786256273025,0
4.10999489296049,0
4.11212627123167,0
4.1142566606947,0
4.1163860244154,0
4.11851433024568,0
4.12064154945606,0
4.1227676514369,0
4.12489261021684,0
4.12701640245802,0
4.1291390049147,0
4.13126039652499,0
4.13338055652455,0
4.13549946887018,0
4.13761711719944,0
4.13973348585774,0
4.14184856189141,0
4.14396233366539,0
4.1460747895228,0
4.14818591892599,0
4.15029571265808,0
4.15240416471225,0
4.15451126853914,0
4.15661701726066,0
4.15872140540145,0
4.16082442916141,0
4.16292608519793,0
4.16502637059483,0
4.16712528325655,0
4.1692228213145,0
4.17131898425884,0
4.17341377203066,0
4.17550718548189,0
4.17759922428171,0
4.17968988981091,0
4.18177918361728,0
4.18386710709258,0
4.18595366321682,0
4.18803885457371,0
4.19012268519948,0
4.19220515755144,0
4.19428627597787,0
4.19636604167231,0
4.19844446274473,0
4.20052154110705,0
4.2025972813735,0
4.2046716892262,0
4.20674476816838,0
4.20881652484181,0
4.21088696384635,0
4.21295609049933,0
4.21502391030341,0
4.2170904292883,0
4.21915565357936,0
4.22121958876311,0
4.2232822391494,0
4.22534361171752,0
4.22740371309911,0
4.22946254894738,0
4.23152012560468,0
4.23185570513182,0
4.23219128465896,0
4.23259311694354,0
4.23459053392438,0
4.23658044234483,0
4.238588301631,0
4.24060018589966,0
4.24261415321822,0
4.244629635278,0
4.24664640870376,0
4.24866432403845,0
4.25068325124754,0
4.25270306934806,0
4.25472366179614,0
4.25674492159869,0
4.25876674531924,0
4.26078903716235,0
4.26281170365008,0
4.26483465945362,0
4.26685782309464,0
4.26888111673751,0
4.27090446871326,0
4.27292781249809,0
4.27495108462856,0
4.27697422438804,0
4.2789971770202,0
4.28101989095536,0
4.28304231687827,0
4.28506440986987,0
4.2870861278417,0
4.28910743141577,0
4.29112828402906,0
4.29314865345463,0
4.29516850501774,0
4.29718781278076,0
4.29920654867255,0
4.30122468749246,0
4.30324220697028,0
4.30525908543959,0
4.30727530407674,0
4.30929084604947,0
4.3113056933882,0
4.31331983347928,0
4.31533324997762,0
4.31734593234741,0
4.31935786893346,0
4.32136904971569,0
4.32337946455598,0
4.32538910729895,0
4.32739796927358,0
4.32940604438813,0
4.33141332707685,0
4.33341981222479,0
4.33542549654228,0
4.33743037457045,0
4.33943444472247,0
4.34143770354738,0
4.34344014885878,0
4.34544177931173,0
4.34744259448144,0
4.34944259221985,0
4.35144177271667,0
4.35344013518651,0
4.35543768109191,0
4.35743441074806,0
4.35943032458586,0
4.36142542368103,0
4.36341970896373,0
4.36541318251016,0
4.36740584676139,0
4.36939770210571,0
4.37138875116354,0
4.3733789960958,0
4.37536843904639,0
4.37735708375548,0
4.37934493202035,0
4.38133198569055,0
4.38331824898417,0
4.38530372407351,0
4.38728841398902,0
4.38927232254412,0
4.39125545258783,0
4.39151937296586,0
4.39178329334389,0
4.39310289523403,0
4.39504140176753,0
4.39698943944013,0
4.39894762355653,0
4.40090799561651,0
4.40286935565547,0
4.40483135272384,0
4.40679385294689,0
4.40875676700593,0
4.4107200174729,0
4.41268353521486,0
4.41464725630206,0
4.41661112073232,0
4.41857507068816,0
4.42053905469425,0
4.42250302544445,0
4.42446693694241,0
4.42643074845438,0
4.42839441909067,0
4.43035791416425,0
4.43232120061855,0
4.4342842471097,0
4.43624702498883,0
4.43820950898846,0
4.44017167319225,0
4.44213349658094,0
4.44409495754492,0
4.44605603881159,0
4.44801672115651,0
4.44997699032973,0
4.45193683032226,0
4.45389622967254,0
4.45585517361938,0
4.45781365298814,0
4.45977165780235,0
4.46172917921287,0
4.46368620853673,0
4.46564273850499,0
4.46759876127999,0
4.46955427420565,0
4.47150926947283,0
4.47346374341249,0
4.47541769068392,0
4.4773711094939,0
4.47932399560109,0
4.4812763466897,0
4.48322816009991,0
4.48517943533049,0
4.48713016931731,0
4.489080361501,0
4.49103001138012,0
4.49297911836941,0
4.49492768253757,0
4.4968757033245,0
4.49882318026181,0
4.50077011355238,0
4.50271650534266,0
4.50466235553598,0
4.50660766515662,0
4.5085524347872,0
4.5104966658808,0
4.51244036014399,0
4.51438351811527,0
4.51632614179845,0
4.51826823185958,0
4.52020979175736,0
4.52215082147763,0
4.52409132359171,0
4.52603130032582,0
4.52797075349456,0
4.52990968507927,0
4.53184809792117,0
4.53378599314874,0
4.5357233722681,0
4.53766023853029,0
4.53959659371386,0
4.5415324408448,0
4.54346778091661,0
4.54540261797153,0
4.54733695262985,0
4.54927078842874,0
4.55120412753312,0
4.5531369721557,0
4.5550693239351,0
4.55700118562366,0
4.55758648252319,0
4.55797405568504,0
4.5583616288469,0
4.56025545522198,0
4.56214113230319,0
4.56404718009454,0
4.56595684190758,0
4.56786813062535,0
4.56978046131281,0
4.57169364641124,0
4.57360757806975,0
4.57552216830411,0
4.57743733894125,0
4.5793530182839,0
4.58126913874402,0
4.58318563678106,0
4.58510245562193,0
4.58701953985372,0
4.5889368423548,0
4.59085431429185,0
4.59277191419572,0
4.59468960045347,0
4.5966073375844,0
4.59852509150672,0
4.60044283253471,0
4.60236053081339,0
4.60427815888982,0
4.60619569259663,0
4.60811311034468,0
4.61003039153223,0
4.61194751703927,0
4.61386446944456,0
4.61578123177767,0
4.61769778954962,0
4.61961413075604,0
4.62153024186864,0
4.62344611327855,0
4.62536173364484,0
4.62727709307268,0
4.62919218557757,0
4.6311070016249,0
4.63302153588218,0
4.63493578061839,0
4.63684973056848,0
4.63876338200389,0
4.64067672928994,0
4.64258976941975,0
4.64319850552145,0
4.64380724162315,0
4.64402842212273,0
4.64424960262231,0
4.64445897372519,0
4.64550582923956,0
4.64737561304419,0
4.64925244975442,0
4.6511429641405,0
4.65303636420388,0
4.65493123401155,0
4.65682714878437,0
4.65872395298777,0
4.66062154611463,0
4.66251984410678,0
4.66441877106812,0
4.66631825570659,0
4.66821823373026,0
4.67011864258421,0
4.67201942756867,0
4.67392053580654,0
4.67582191970853,0
4.67772353415237,0
4.67962533705165,0
4.68152729172195,0
4.68342936269602,0
4.68533151861301,0
4.68723372811122,0
4.68913596407269,0
4.69103820043426,0
4.6929404152424,0
4.69484258643121,0
4.69674469478022,0
4.69864672138275,0
4.70054865094035,0
4.70245046753726,0
4.70435215785466,0
4.70625370808194,0
4.7081551081327,0
4.7100563471685,0
4.71195741562232,0
4.71385830437528,0
4.71575900473071,0
4.71765951168057,0
4.71955981632035,0
4.72145991439035,0
4.72335980055572,0
4.7252594700289,0
4.72715891767788,0
4.72905814101104,0
4.73095713554658,0
4.73285589814536,0
4.73475442685611,0
4.73665271890602,0
4.73855077269146,0
4.74044858645586,0
4.74234615863988,0
4.74424348776579,0
4.74614057307512,0
4.74803741364774,0
4.7499340093461,0
4.75183035932602,0
4.7537264625269,0
4.75562232112837,0
4.75751793153615,0
4.75941329729435,0
4.7613084161826,0
4.76320328956894,0
4.7650979179406,0
4.76699230129736,0
4.76888644043586,0
4.77078033554253,0
4.7726739877727,0
4.77456739838086,0
4.77646056692853,0
4.77835349520481,0
4.78024618381713,0
4.78213863399939,0
4.78403084586361,0
4.78592282087287,0
4.78781455925269,0
4.78970606271706,0
4.79159733359713,0
4.79348837174693,0
4.79537917860333,0
4.79726975534134,0
4.79916010331345,0
4.80105022298572,0
4.80294011673808,0
4.8048297853543,0
4.80671922860391,0
4.80860844905369,0
4.81049744757961,0
4.81238622637211,0
4.8142747848373,0
4.81616312503528,0
4.81805124923129,0
4.8199391581097,0
4.82182685337539,0
4.82248951230794,0
4.82315217124049,0
4.82337542629425,0
4.82359868134801,0
4.823810783425,0
4.82487129380996,0
4.82671535025755,0
4.82856736790533,0
4.83043325089676,0
4.83230210194543,0
4.83417255460927,0
4.83604418623653,0
4.83791684057745,0
4.8397904143083,0
4.84166482159723,0
4.84353998355669,0
4.84541582797436,0
4.84729228716919,0
4.84916929977649,0
4.85104680993115,0
4.8529247645971,0
4.85480311286794,0
4.85668181065968,0
4.85856081757758,0
4.86044009411721,0
4.86231960602168,0
4.86419932158226,0
4.86607921034093,0
4.86795924521557,0
4.86983940164531,0
4.87171965623816,0
4.87359998834899,0
4.87548037846667,0
4.8773608092841,0
4.87924126334796,0
4.88112172642669,0
4.88300218538056,0
4.88488262887784,0
4.88676304380103,0
4.88864342050375,0
4.89052375004335,0
4.89240402381199,0
4.89428423275382,0
4.89616437152333,0
4.89804443287645,0
4.89992441133085,0
4.9018043017208,0
4.90368409960885,0
4.90556379998571,0
4.90744340030771,0
4.90932289672949,0
4.9112022857982,0
4.91308156515426,0
4.91496073078939,0
4.9168397825057,0
4.91871871842655,0
4.92059753657364,0
4.922476234575,0
4.92435481241175,0
4.92623326839347,0
4.92811160240877,0
4.92998981265394,0
4.93186789970963,0
4.93374586270508,0
4.935623701445,0
4.93750141562521,0
4.93937900432902,0
4.94125646869871,0
4.94313380911104,0
4.94501102432378,0
4.94688811599574,0
4.94876508239545,0
4.95064192574901,0
4.9525186447543,0
4.95439524251684,0
4.95627171665451,0
4.95814806900649,0
4.96002430075911,0
4.96190041171429,0
4.96377640305608,0
4.96565227537381,0
4.96752802925069,0
4.9694036643319,0
4.97127918183,0
4.97315458383638,0
4.97502986878468,0
4.97690503917318,0
4.97878009557091,0
4.98065503851765,0
4.98252986802011,0
4.9844045861218,0
4.98627919437095,0
4.98815369132856,0
4.99002807885842,0
4.99190235855796,0
4.99377652933683,0
4.99565059391325,0
4.99752455295031,0
4.99939840593793,0
5.00127215516738,0
5.00314580138724,0
5.00501934600056,0
5.00689278838481,0
5.00876612980088,0
5.01063937136017,0
5.01251251394147,0
5.01292083498733,0
5.01332915603318,0
5.01367678544061,0
5.01541493247776,0
5.01724180980196,0
5.01908952760269,0
5.02094251456587,0
5.02279771707448,0
5.02465442702809,0
5.02651241761972,0
5.02837156080275,0
5.03023175498835,0
5.03209291067667,0
5.03395494381974,0
5.03581777866938,0
5.03768134428203,0
5.03954557437049,0
5.04141040964306,0
5.04327579480511,0
5.04514167961469,0
5.04700801590984,0
5.04887476069896,0
5.05074187547716,0
5.05260932298351,0
5.05447706994757,0
5.05634508670781,0
5.05821334497787,0
5.0600818186448,0
5.06195048442282,0
5.06381932041619,0
5.06568830732116,0
5.06755742745662,0
5.06942666368329,0
5.07129600164299,0
5.07316542686995,0
5.07503492752588,0
5.07690449186224,0
5.07877410996427,0
5.0806437725612,0
5.08251347120633,0
5.08438319705951,0
5.08625294299176,0
5.08812270436068,0
5.0899924739603,0
5.09186224690538,0
5.0937320178787,0
5.09560178403391,0
5.09747154021248,0
5.09934128194968,0
5.10121100744556,0
5.10308071486033,0
5.10495039974418,0
5.10682006075052,0
5.10868969613232,0
5.11055930375735,0
5.11242888216119,0
5.1142984312928,0
5.11616794786849,0
5.11803743160112,0
5.11990688243019,0
5.12177629845879,0
5.12364567958145,0
5.12551502477018,0
5.12738433540147,0
5.12925360946775,0
5.13112284765797,0
5.13299204906275,0
5.13486121483594,0
5.13673034306083,0
5.13859943557777,0
5.1404684918494,0
5.14233751052348,0
5.14420649433738,0
5.14607544165836,0
5.14794435371036,0
5.14981323098374,0
5.15168207318331,0
5.15355088145323,0
5.15541965631857,0
5.15728839764816,0
5.15915710502612,0
5.16102577912469,0
5.16289442179607,0
5.16476303296021,0
5.16663161319847,0
5.16850016292092,0
5.17036868201844,0
5.17223717136452,0
5.17410563178325,0
5.1759740645057,0
5.17784246923644,0
5.17971084636671,0
5.18157919663828,0
5.18344752093784,0
5.185315820385,0
5.18718409404926,0
5.18905234455569,0
5.19092057041465,0
5.19278877452785,0
5.19465695536661,0
5.19652511489238,0
5.19839325302916,0
5.20026136969294,0
5.20212946657358,0
5.20399754540302,0
5.20586560460376,0
5.20773364492728,0
5.209601667856,0
5.21146967457577,0
5.2133376647633,0
5.21377572592016,0
5.21421378707702,0
5.21462550015613,0
5.21645588138164,0
5.21827736011667,0
5.22012175156686,0
5.221970107305,0
5.22382066657669,0
5.22567281186946,0
5.2275263422675,0
5.22938113118863,0
5.23123707144111,0
5.2330940670647,0
5.2349520304956,0
5.23681088302595,0
5.23867054800138,0
5.24053095891072,0
5.24239205284024,0
5.24425377208417,0
5.24611606277946,0
5.24797887754382,0
5.24984217197925,0
5.25170590497185,0
5.25357003926,0
5.25543454155936,0
5.25729938000088,0
5.25916452586033,0
5.26102995234388,0
5.26289563868932,0
5.26476155966653,0
5.26662769691478,0
5.26849403270862,0
5.27036055052861,0
5.27222723362814,0
5.27409406996287,0
5.27596104806645,0
5.27782815493822,0
5.27969537875331,0
5.28156271309678,0
5.28343014900449,0
5.28529767766663,0
5.28716529200512,0
5.28903298637576,0
5.29090075409751,0
5.29276859123355,0
5.29463649250778,0
5.29650445192239,0
5.29837246793471,0
5.30024053708745,0
5.30210865520049,0
5.30397681903835,0
5.30584502815654,0
5.30771327764646,0
5.30958156751616,0
5.31144989600315,0
5.31331826022896,0
5.31518666019192,0
5.31705509364844,0
5.31892356057158,0
5.32079205800463,0
5.32266058673157,0
5.32452914432038,0
5.32639773286712,0
5.32826635075926,0
5.33013499815883,0
5.33200367319735,0
5.33387237576251,0
5.33574110696072,0
5.33760986553448,0
5.33947865332798,0
5.34134746792252,0
5.34321631042208,0
5.34508518076374,0
5.34695407883451,0
5.3488230051452,0
5.35069195977298,0
5.35256094132679,0
5.35442995346323,0
5.35629899510691,0
5.35816806573437,0
5.36003716464601,0
5.36190629397818,0
5.36377545366593,0
5.36564464395546,0
5.367513864694,0
5.36938311721491,0
5.37125240047867,0
5.37312171653237,0
5.3749910646212,0
5.37686044392119,0
5.3787298582482,0
5.38059930563247,0
5.38246878864256,0
5.38433830389946,0
5.38620785588328,0
5.38807744180147,0
5.3899470640962,0
5.39181672129266,0
5.39368641603888,0
5.39555614860089,0
5.39742591771406,0
5.39929572475681,0
5.40116556910658,0
5.40303545207334,0
5.40490537576055,0
5.40677533942468,0
5.40864534222687,0
5.41051538686614,0
5.41238546950426,0
5.41425559553711,0
5.41612576314267,0
5.41799597336836,0
5.41986622722167,0
5.42173652252282,0
5.42360686248585,0
5.42547724757484,0
5.42734767697085,0
5.42921815126879,0
5.43108866985239,0
5.43295923597941,0
5.43482984828013,0
5.43670050720332,0
5.43857121332842,0
5.44044196805467,0
5.4423127708361,0
5.4441836228053,0
5.44605452306712,0
5.44792547360757,0
5.4497964733054,0
5.45166752476212,0
5.45353862690538,0
5.45540978020705,0
5.45728098643173,0
5.45915224410226,0
5.46102355383904,0
5.46289491896106,0
5.46476633575028,0
5.46663780751818,0
5.46850933313271,0
5.47038091407155,0
5.47225255048846,0
5.47412424163232,0
5.47599598950007,0
5.47786779392836,0
5.4797396556626,0
5.48161157563901,0
5.48348355456556,0
5.48535559158663,0
5.48722768715831,0
5.48909984137312,0
5.49097205479542,0
5.49284432791692,0
5.49471666268565,0
5.49658905888351,0
5.49846151608003,0
5.50033403368365,0
5.50220661567609,0
5.5040792594536,0
5.50595196688722,0
5.5078247384302,0
5.50969757264084,0
5.5115704705874,0
5.51344343418128,0
5.51531646339336,0
5.51718955707582,0
5.51906271852816,0
5.52093594488244,0
5.52280923759363,0
5.52468259926809,0
5.52655602740076,0
5.52842952384606,0
5.5303030896778,0
5.53217672493748,0
5.53405042814636,0
5.53592420165885,0
5.53779804484213,0
5.53967195827239,0
5.54154594274492,0
5.54341999910924,0
5.54529412677918,0
5.54716832778162,0
5.5490426016979,0
5.55091694860232,0
5.55279136815168,0
5.55466586235565,0
5.55654042945361,0
5.55841507100145,0
5.56028978784696,0
5.56216457986326,0
5.56403944907328,0
5.56591439372667,0
5.56778941433457,0
5.56966451285577,0
5.57153968798173,0
5.57341494054306,0
5.57529027180668,0
5.57716568095202,0
5.5790411714356,0
5.58091673896547,0
5.58279238630411,0
5.58466811377227,0
5.58654392180517,0
5.58841981113772,0
5.59029578205704,0
5.59217183508483,0
5.59404796981844,0
5.59592418608006,0
5.5978004856704,0
5.59967687033453,0
5.60155333718728,0
5.60342988811633,0
5.60530652267199,0
5.60718324255884,0
5.60906004679789,0
5.61093693750963,0
5.61281391299095,0
5.61469097549805,0
5.61656812383696,0
5.61844536028418,0
5.6203226833041,0
5.62220009508673,0
5.62407759405037,0
5.62595518252843,0
5.62783285965454,0
5.62971062602636,0
5.63158848183974,0
5.63346642650354,0
5.63534446218989,0
5.63722258884934,0
5.63910080650941,0
5.64097911532135,0
5.64285751685879,0
5.64473601017065,0
5.64661459593709,0
5.64849327451769,0
5.6503720458813,0
5.65225091197075,0
5.65412987179592,0
5.65600892429061,0
5.65788807172546,0
5.65976731545683,0
5.66164665562279,0
5.66352609190689,0
5.66540562337082,0
5.66728525160916,0
5.66916497563348,0
5.6710447973932,0
5.67292471808957,0
5.67480473554348,0
5.67668485247688,0
5.67856506812182,0
5.68044538187862,0
5.68232579512937,0
5.6842063088195,0
5.68608692193154,0
5.68796763573035,0
5.68984845045175,0
5.69172936687784,0
5.69361038480439,0
5.69549150323116,0
5.69737272548226,0
5.69925404876578,0
5.701135476089,0
5.70301700651561,0
5.70489863939701,0
5.70678037666145,0
5.70866221902588,0
5.71054416403186,0
5.71242621620401,0
5.71430837256785,0
5.71619063535616,0
5.71807300327377,0
5.71995547840198,0
5.72183805956138,0
5.72372074740756,0
5.72560354337862,0
5.7274864457012,0
5.72936945766677,0
5.7312525769331,0
5.73313580532797,0
5.73501914307565,0
5.7369025896732,0
5.73878614633122,0
5.74066981317242,0
5.74255359027187,0
5.74443747741571,0
5.74632147645739,0
5.74820558576663,0
5.7500898068232,0
5.75197414077929,0
5.75385858808041,0
5.75574314697006,0
5.75762781790911,0
5.759512602725,0
5.76139750203856,0
5.76328251547574,0
5.76516764367675,0
5.76705288691015,0
5.76893824324609,0
5.77082371610511,0
5.7727093040447,0
5.77459500672307,0
5.77648082750912,0
5.77836676416372,0
5.78025281781091,0
5.78213898859157,0
5.78402527882006,0
5.78591168633845,0
5.78779821194043,0
5.78968485718755,0
5.79157162053987,0
5.79345850296648,0
5.79534550441475,0
5.79723262667447,0
5.79911986824751,0
5.80100723110776,0
5.80289471365391,0
5.80478231860763,0
5.80667004435394,0
5.80855789194816,0
5.81044586244764,0
5.81233395539006,0
5.81422217042538,0
5.81611050709005,0
5.81799896768556,0
5.8198875515502,0
5.82177626055741,0
5.82366509403077,0
5.8255540522983,0
5.82744313522172,0
5.8293323423875,0
5.83122167772134,0
5.83311113719423,0
5.83500072251173,0
5.8368904338187,0
5.83878027277309,0
5.84067023924832,0
5.84256033233875,0
5.84445055349022,0
5.84634090205514,0
5.84823137896375,0
5.85012198440236,0
5.85201271994482,0
5.8539035846008,0
5.85579457732325,0
5.85768569980485,0
5.85957695357994,0
5.86146833676789,0
5.86335985079307,0
5.86525149638187,0
5.86714327275335,0
5.86903518111716,0
5.87092722073479,0
5.87281939247423,0
5.87471169688643,0
5.87660413433876,0
5.87849670469334,0
5.88038940843248,0
5.88228224697631,0
5.88417521901851,0
5.88606832646293,0
5.88796156718768,0
5.88985494241281,0
5.89174845349486,0
5.89364209964273,0
5.89553588151981,0
5.89742980057856,0
5.89932385394034,0
5.90121804603026,0
5.90311237434065,0
5.90500683969004,0
5.90690144305875,0
5.90879618409525,0
5.91069106183039,0
5.91258607856367,0
5.91448123375416,0
5.9163765291589,0
5.91827196364443,0
5.92016753697629,0
5.92206325128988,0
5.92395910484485,0
5.9258550993808,0
5.92775123502455,0
5.92964751052253,0
5.9315439285532,0
5.93344048713688,0
5.93533718891435,0
5.93723403087476,0
5.939131016027,0
5.94102814401155,0
5.94292541553975,0
5.94482282882436,0
5.94672038662665,0
5.94861808787243,0
5.95051593354156,0
5.95241392376101,0
5.95431205926225,0
5.95621033841319,0
5.95810876308957,0
5.96000733333112,0
5.96190604889529,0
5.96380491051982,0
5.9657039174211,0
5.96760307134909,0
5.96950237434361,0
5.97140182356565,0
5.97330142079198,0
5.9752011644248,0
5.97710105608137,0
5.97900109533466,0
5.98090128462211,0
5.98280162143031,0
5.98470210825057,0
5.9866027434484,0
5.98850352888202,0
5.99040446396664,0
5.99230555009736,0
5.99420678624721,0
5.99610817279982,0
5.99800971106925,0
5.99991140121297,0
6.00181324239342,0
6.00371523601337,0
6.00561738072622,0
6.00751967630676,0
6.00942212648474,0
6.01132472864027,0
6.01322748454347,0
6.01513039398709,0
6.01703345742351,0
6.01893667404448,0
6.0208400455514,0
6.0227435727484,0
6.02464725280913,0
6.0265510881686,0
6.0284550792112,0
6.03035922674859,0
6.03226352785317,0
6.03416798674752,0
6.03607260249201,0
6.03797737430026,0
6.03988230219667,0
6.04178738804972,0
6.04369263089446,0
6.04559803127813,0
6.04750358995406,0
6.04940930647833,0
6.05131518079021,0
6.05322121518303,0
6.05512740900901,0
6.0570337616092,0
6.05894027343833,0
6.06084694515264,0
6.06275377731049,0
6.06466076957717,0
6.06656792174573,0
6.06847523370302,0
6.07038270792141,0
6.07229034263586,0
6.07419813844438,0
6.07610609779041,0
6.07801421915226,0
6.0799225026523,0
6.08183094881353,0
6.0837395590048,0
6.08564833081122,0
6.08755726653649,0
6.08946636517632,0
6.09137562773666,0
6.09328505543635,0
6.09519464777488,0
6.09710440389217,0
6.0990143242823,0
6.1009244102249,0
6.10283466153164,0
6.1047450776972,0
6.106655660438,0
6.1085664104172,0
6.11047732580593,0
6.11238840792836,0
6.1142996560998,0
6.11621107339057,0
6.11812265798376,0
6.12003440907176,0
6.12194632891409,0
6.12385841641947,0
6.1257706727589,0
6.1276830952502,0
6.12959568726894,0
6.13150844952783,0
6.13342138131035,0
6.13533448322931,0
6.13724775456152,0
6.13916119570194,0
6.14107480687583,0
6.14298858786444,0
6.14490254162385,0
6.14681666602424,0
6.14873096076398,0
6.15064542705624,0
6.15256006455069,0
6.15447487560488,0
6.15638985821844,0
6.15830501384341,0
6.1602203430507,0
6.16213584347275,0
6.1640515193876,0
6.16596736804392,0
6.16788338972574,0
6.16979958621929,0
6.17171595671942,0
6.17363250228321,0
6.17554922151514,0
6.17746611676541,0
6.17938318670667,0
6.18130043224865,0
6.18321785249325,0
6.18513544904847,0
6.18705322288845,0
6.18897117219881,0
6.19088929880422,0
6.19280760239581,0
6.19472608110767,0
6.1966447391203,0
6.19856357429573,0
6.20048258629791,0
6.20240177759324,0
6.20432114619218,0
6.20624069457727,0
6.20816042195808,0
6.21008032848067,0
6.21200041408504,0
6.21392067896667,0
6.21584112341704,0
6.21776174653585,0
6.21968255035616,0
6.22160353482268,0
6.22352470143313,0
6.22544604802058,0
6.22736757450308,0
6.22928928352515,0
6.2312111730692,0
6.23313324396577,0
6.23505549760409,0
6.2369779335406,0
6.23890055213893,0
6.24082335474658,0
6.2427463379715,0
6.24466950612391,0
6.24659285779636,0
6.24851639254763,0
6.25044011192228,0
6.25236401473143,0
6.25428810203136,0
6.2562123732439,0
6.25813682910492,0
6.26006147019824,0
6.26198629783749,0
6.26391130968554,0
6.26583650804602,0
6.26776189264718,0
6.2696874631147,0
6.27161321939217,0
6.27353916262779,0
6.27546529440468,0
6.27739161181361,0
6.27931811492553,0
6.28124480696936,0
6.28317168680406,0
6.28509875412777,0
6.28702600921925,0
6.28895345403777,0
6.29088108829378,0
6.29280890946721,0
6.29473691967557,0
6.29666512023043,0
6.29859351015625,0
6.30052208976588,0
6.30245085790186,0
6.30437981748937,0
6.30630896839576,0
6.30823830983431,0
6.31016784011299,0
6.31209756247677,0
6.31402747720093,0
6.31595758219307,0
6.31788787857417,0
6.31981836779535,0
6.32174904985511,0
6.32367992289333,0
6.32561098988773,0
6.32754224900349,0
6.32947370158536,0
6.33140534790194,0
6.33333718684203,0
6.33526921833893,0
6.33720144476058,0
6.33913386554049,0
6.34106647990734,0
6.34299928937657,0
6.34493229415746,0
6.34686549315188,0
6.34879888813442,0
6.35073247709049,0
6.35266626320525,0
6.35460024431624,0
6.35653442242588,0
6.35846879584965,0
6.36040336562144,0
6.3623381319827,0
6.36427309619542,0
6.36620825704728,0
6.36814361610572,0
6.37007917383037,0
6.37201492810016,0
6.37395087966542,0
6.37588703017315,0
6.37782337903627,0
6.37975992650164,0
6.38169667178319,0
6.38363361737033,0
6.38557076215605,0
6.3875081069198,0
6.38944565000749,0
6.39138339343336,0
6.3933213369095,0
6.3952594806474,0
6.39719782502673,0
6.39913637025268,0
6.40107511689898,0
6.40301406479397,0
6.4049532139036,0
6.40689256459202,0
6.4088321167344,0
6.41077187159235,0
6.41271182753956,0
6.41465198868615,0
6.41659235199088,0
6.41853291783668,0
6.42047368631299,0
6.42241465823053,0
6.42435583484454,0
6.42629721377731,0
6.42823879673018,0
6.43018058242368,0
6.43212257324905,0
6.43406476827103,0
6.43600716947575,0
6.43794977410746,0
6.43989258425428,0
6.44183560084334,0
6.44377882135475,0
6.44572224893658,0
6.44766588168559,0
6.44960972236766,0
6.45155376737847,0
6.45349802101779,0
6.45544247925583,0
6.45738714618415,0
6.45933201935143,0
6.46127710019731,0
6.46322239045885,0
6.46516788685611,0
6.46711358858126,0
6.46905950098719,0
6.47100562182712,0
6.4729519514386,0
6.47489848997014,0
6.47684523634842,0
6.478792191566,0
6.480739357942,0
6.48268673422609,0
6.48463432091466,0
6.48658211740356,0
6.48853012433437,0
6.49047834097146,0
6.49242676874272,0
6.49437540566403,0
6.49632425404932,0
6.49827331447135,0
6.50022258558308,0
6.50217206910233,0
6.50412176519975,0
6.50607167296501,0
6.50802179335905,0
6.50997212376945,0
6.51192266907452,0
6.51387342579801,0
6.51582439518998,0
6.51777557899197,0
6.51972697518005,0
6.52167858667136,0
6.52363041160765,0
6.52558245059047,0
6.52753470457946,0
6.52948717108413,0
6.53143985302379,0
6.53339274908475,0
6.53534586032353,0
6.53729918708225,0
6.53925273003823,0
6.54120648800584,0
6.54316046188971,0
6.54511465163261,0
6.54706905789015,0
6.5490236798396,0
6.55097851833986,0
6.55293357465159,0
6.55488884801361,0
6.55684433855971,0
6.55880004528259,0
6.56075596981646,0
6.56271211137752,0
6.56466847073693,0
6.56662504948058,0
6.56858184726937,0
6.57053886257976,0
6.57249609745896,0
6.57445355088697,0
6.57641122151166,0
6.57836911218774,0
6.58032722375061,0
6.58228555448601,0
6.58424410469362,0
6.58583904107207,0
6.58583904107213,0
6.58779781209068,0
6.59173512468243,0
6.59566972571305,0
6.59960963548173,0
6.60355633662147,0
6.6075102999514,0
6.61147191882803,0
6.61544156654217,0
6.6194196096905,0
6.62340642369901,0
6.62740236194961,0
6.63140778634056,0
6.63542304860635,0
6.63944849774632,0
6.64348447775573,0
6.64753133435818,0
6.65158940058233,0
6.65565902046022,0
6.65974052294879,0
6.66383424355009,0
6.66794051066571,0
6.67205964919213,0
6.676191987161,0
6.68033784372848,0
6.68449754797847,0
6.68867142004248,0
6.69285977874373,0
6.6970629420577,0
6.70128122796144,0
6.70551495258289,0
6.70976443728566,0
6.71403000453574,0
6.71831196681405,0
6.72261064410394,0
6.72692634778163,0
6.73125940200174,0
6.73561012470427,0
6.73997883646758,0
6.74436585441625,0
6.74877150370323,0
6.75319610679196,0
6.75763998476084,0
6.76210346695648,0
6.76658686818028,0
6.77109053409782,0
6.77561478690786,0
6.78015995469623,0
6.78472637704571,0
6.78931439196127,0
6.79392433962852,0
6.7985565600496,0
6.80321139573432,0
6.80788919086894,0
6.81259029756342,0
6.81731506915377,0
6.82206386458516,0
6.82683704298319,0
6.83163497195031,0
6.8364580196227,0
6.84130654708326,0
6.84618093463338,0
6.85108156868929,0
6.85600882527979,0
6.86096309551948,0
6.86594477638066,0
6.87095425968498,0
6.87599195356955,0
6.88105826472272,0
6.88615360184103,0
6.89127838370574,0
6.89643304385906,0
6.90161801238022,0
6.9068337247228,0
6.91208061743759,0
6.91735914555703,0
6.92266976242795,0
6.92801294104764,0
6.93338914275082,0
6.93879884864618,0
6.94424254983304,0
6.94972073050559,0
6.9552338986672,0
6.96078256910843,0
6.96636724880667,0
6.97198847833526,0
6.97764678164915,0
6.98334271364189,0
6.98907682525376,0
6.9948496854809,0
7.00066187365246,0
7.0065139654454,0
7.01240657180052,0
7.01834029657148,0
7.02431575217056,0
7.03033358094293,0
7.03639442269805,0
7.0424989367437,0
7.04864780100497,0
7.05484168632825,0
7.06108130196655,0
7.06736734974212,0
7.07370056539686,0
7.08008169486809,0
7.08651148920233,0
7.09299071807519,0
7.09952017801201,0
7.10610068016459,0
7.1127330527792,0
7.1194181320103,0
7.1261567910355,0
7.13294991563065,0
7.13979839850625,0
7.14670317477805,0
7.15366518497175,0
7.16068539320478,0
7.16776479477285,0
7.17490439924168,0
7.18210526128385,0
7.18936843977697,0
7.19669502566408,0
7.2040861259656,0
7.21154290550964,0
7.21906654487087,0
7.22665824626812,0
7.2343192475027,0
7.24205082477032,0
7.24985428429773,0
7.25773094956834,0
7.26568221294442,0
7.2737094936662,0
7.2818142202699,0
7.28999792290179,0
7.29826210336024,0
7.30660835870665,0
7.31503831815771,0
7.32355365305412,0
7.33215607620861,0
7.34084737500733,0
7.34962935646757,0
7.35850391784272,0
7.36747300177961,0
7.3765385761885,0
7.38570273267964,0
7.39496758451019,0
7.40433532533059,0
7.41380822266712,0
7.42338863984665,0
7.43307896319015,0
7.44288170200928,0
7.45279943472063,0
7.46283484602594,0
7.47299069786469,0
7.48326983130628,0
7.4936752077664,0
7.50420993586223,0
7.51487714651314,0
7.52568014972246,0
7.53662236905558,0
7.54770734819126,0
7.55893877854952,0
7.57032045311077,0
7.58185635275219,0
7.59355061970767,0
7.60540759233094,0
7.61743168382344,0
7.62962755601961,0
7.64200010451758,0
7.6545543592431,0
7.66729556885123,0
7.68022927908377,0
7.69336119739622,0
7.70669739345557,0
7.7202440770032,0
7.73400782139331,0
7.74799553855264,0
7.76221442407774,0
7.77667205127147,0
7.79137627928442,0
7.80633552583176,0
7.82155849273877,0
7.83705436389708,0
7.85283286090617,0
7.86890418669639,0
7.88527907084355,0
7.90196888798106,0
7.91898558986939,0
7.93634192220928,0
7.9540512883616,0
7.97212789596126,0
7.99058687237448,0
8.00944427414701,0
8.02871717043575,0
8.04842364990233,0
8.06858309880798,0
8.08921619068741,0
8.1103450020806,0
8.13199315401872,0
8.15418607918521,0
8.1769508459144,0
8.20031698366082,0
8.22431592766972,0
8.2489818144716,0
8.27435143867522,0
8.30046485319175,0
8.3273653898183,0
8.35510043445022,0
8.38372134531662,0
8.41328479420569,0
8.44385241147173,0
8.47549257680589,0
8.50828019731973,0
8.54229816536781,0
8.57763914354228,0
8.61440584916009,0
8.65271318825707,0
8.69269068225342,0
8.73448385435383,0
8.77825827134847,0
8.82420240254417,0
8.87253155714141,0
8.92349539094577,0
8.97738271736312,0
9.03453097496756,0
9.09533853902579,0
9.16027881748351,0
9.22992036339971,0
9.30495334711796,0
9.38622511347767,0
9.47479362986405,0
9.57199879618828,0
9.67956924938367,0
9.7997854533631,0
9.93573827406712,0
10,0
