Time_s,Target_Torque_ATW_Nm,From_Tractive_Force_ATW_Nm,Max_Available_ATW_Nm
0,560.7,-0,560.7
5.6691999554816e-30,560.7,-5.46289287342081,560.7
6.81617413467732e-09,560.700011068877,-5.41001647086439,560.700011068877
4.08970448080639e-08,560.700066401147,-5.2323274613549,560.700066401147
2.11301398174997e-07,560.700342802018,-4.34438239673672,560.700342802018
8.546747819125e-07,560.7013824689,-1.00376812474763,560.7013824689
1.50014874126267e-06,560.702419355422,2.33283946616199,560.702419355422
2.1469507941085e-06,560.703452195271,5.66685786000495,560.703452195271
2.79475483826294e-06,560.704480452481,8.99585176308463,560.704480452481
3.47802459533756e-06,560.70555832219,12.4940175681502,560.70555832219
4.19250657591331e-06,560.706678121888,16.1377125207259,560.706678121888
4.93511128521215e-06,560.707834112955,19.9085510003556,560.707834112955
5.70347077689683e-06,560.709021773942,23.7917959042672,560.709021773942
6.49576259137992e-06,560.710237502085,27.7754396256163,560.710237502085
7.31057427141244e-06,560.711478384359,31.8495005055657,560.711478384359
8.14679269693988e-06,560.712742012641,36.0054530080478,560.712742012641
9.00354720606548e-06,560.714026385266,40.2359295082344,560.714026385266
9.88016252257925e-06,560.715329825985,44.5344763583803,560.715329825985
1.07761149772353e-05,560.716650910321,48.8953305553872,560.716650910321
1.16910169106541e-05,560.717988435569,53.3133335612667,560.717988435569
1.26245914303415e-05,560.719341377579,57.783803195156,560.719341377579
1.3576658787922e-05,560.720708865708,62.3024607926682,560.720708865708
1.45471263872052e-05,560.722090163688,66.8653769880465,560.722090163688
1.55359775575076e-05,560.723484649322,71.4689129949159,560.723484649322
1.65432627416972e-05,560.724891798247,76.1096736333652,560.724891798247
1.75690975953121e-05,560.726311177782,80.7844916387157,560.726311177782
1.86136555316386e-05,560.727742433245,85.4903885165122,560.727742433245
1.96771660960097e-05,560.729185282668,90.2245602030198,560.729185282668
2.07599098429904e-05,560.730639506898,94.9843486871898,560.730639506898
2.18622176347263e-05,560.73210494592,99.7672318903689,560.73210494592
2.29844716240797e-05,560.733581497416,104.570820587748,560.733581497416
2.41271004470689e-05,560.735069107718,109.392831832949,560.735069107718
2.52905806217559e-05,560.736567771094,114.231086420152,560.736567771094
2.64754377815264e-05,560.738077528716,119.083505980598,560.738077528716
2.76822437071795e-05,560.739598462263,123.94809354805,560.739598462263
2.89116227362658e-05,560.7411306994,128.822948342601,560.7411306994
3.0164248066805e-05,560.742674406376,133.706243621128,560.742674406376
3.14408461325488e-05,560.744229790719,138.596231922448,560.744229790719
3.27421981243487e-05,560.745797100196,143.491240423398,560.745797100196
3.4069143872946e-05,560.747376624481,148.389672987103,560.747376624481
3.54225831198596e-05,560.748968693486,153.290002560356,560.748968693486
3.68034812557935e-05,560.750573680811,158.190776883951,560.750573680811
3.821287183035e-05,560.752192003093,163.090612890218,560.752192003093
3.96518632967261e-05,560.753824123988,167.988202503754,560.753824123988
4.11216450098857e-05,560.755470556849,172.882314690541,560.755470556849
4.26234925752258e-05,560.757131866271,177.771793293933,560.757131866271
4.41587778924923e-05,560.758808674397,182.655566224244,560.758808674397
4.57289774524392e-05,560.760501664629,187.532647284644,560.760501664629
4.73356814886104e-05,560.762211585679,192.402137015576,560.762211585679
4.89806102871369e-05,560.763939262483,197.263239352755,560.763939262483
5.06656241405687e-05,560.765685599369,202.115257903239,560.765685599369
5.23927462790358e-05,560.767451595774,206.957619562981,560.767451595774
5.41641794653757e-05,560.769238353926,211.789877623596,560.769238353926
5.59823329074652e-05,560.771047095572,216.611731795181,560.771047095572
5.78498510784751e-05,560.772879178624,221.423045275474,560.772879178624
5.97696513177274e-05,560.774736120167,226.223871342067,560.774736120167
6.17449707574687e-05,560.776619625546,231.014488226269,560.776619625546
6.37794205558311e-05,560.778531620834,235.795434232028,560.778531620834
6.58770572028159e-05,560.780474296984,240.56755875539,560.780474296984
6.80424809584013e-05,560.782450173272,245.332102978605,560.782450173272
7.02809521173441e-05,560.784462169193,250.090783420254,560.784462169193
7.25985564487662e-05,560.786513710753,254.845923726291,560.786513710753
7.50024320135044e-05,560.788608877143,259.600640089045,560.788608877143
7.75010838494229e-05,560.790752604584,264.359098643775,560.790752604584
8.01048592535303e-05,560.792950999931,269.126923948808,560.792950999931
8.28266568936222e-05,560.795211808988,273.911809728613,560.795211808988
8.56830938632925e-05,560.797545198241,278.724558589949,560.797545198241
8.86965147031733e-05,560.799965110497,283.580903904184,560.799965110497
9.1898827344871e-05,560.802491879465,288.505063455421,560.802491879465
9.53398387467559e-05,560.805157965507,293.5376053069,560.805157965507
9.91094396938797e-05,560.808023367116,298.75670243648,560.808023367116
0.000103423132440762,560.811235617222,304.360964703649,560.811235617222
0.000108440371287514,560.814888095535,310.451452138136,560.814888095535
0.000113328167964305,560.818364491794,316.139779516145,560.818364491794
0.000117801822875649,560.821477858432,321.092587042887,560.821477858432
0.000122172781016528,560.824459818654,325.606757440704,560.824459818654
0.000126475327934966,560.827341137183,329.787153214158,560.827341137183
0.000130748298712679,560.830152803307,333.702617296901,560.830152803307
0.000135016099826328,560.832914308216,337.397635397155,560.832914308216
0.000139296264133052,560.835639469176,340.90316894844,560.835639469176
0.000143601998456693,560.838338526149,344.241886067307,560.838338526149
0.000147943740813341,560.841019403253,347.431079390463,560.841019403253
0.000152330087330079,560.843688460347,350.484381213878,560.843688460347
0.000156768356872786,560.846350954854,353.412817428573,560.846350954854
0.000161264983937934,560.849011358789,356.225503937243,560.849011358789
0.000165825758219792,560.851673557962,358.930103892348,560.851673557962
0.000170456026475975,560.854341011865,361.533162007971,560.854341011865
0.000175160809835194,560.857016852204,364.040332134804,560.857016852204
0.000179944902344821,560.859703962732,366.456548496867,560.859703962732
0.00018481294700403,560.862405040302,368.786155067736,560.862405040302
0.000189769502371813,560.865122646102,371.033006960486,560.865122646102
0.000194819069477588,560.867859231758,373.200539605321,560.867859231758
0.000199960773516196,560.87061431239,375.290094319548,560.87061431239
0.000205195436287274,560.873388355866,377.303287170352,560.873388355866
0.000210551290495277,560.87619616141,379.249696115829,560.87619616141
0.00021601783705179,560.879031976755,381.12798105879,560.879031976755
0.000221600345097246,560.881898366104,382.939710309278,560.881898366104
0.00022730365330446,560.884797635173,384.68665134978,560.884797635173
0.000233132727089191,560.887732119426,386.370465972428,560.887732119426
0.000239092661343595,560.890704187707,387.992664228923,560.890704187707
0.000245188704545164,560.893716257327,389.554608294756,560.893716257327
0.000251426251206131,560.896770793413,391.057517080565,560.896770793413
0.000257810848220172,560.899870315401,392.502473738751,560.899870315401
0.000264348209947659,560.903017407814,393.890434427219,560.903017407814
0.000271044190084802,560.90621471039,395.222229350149,560.90621471039
0.000277904793819079,560.909464928121,396.498569839219,560.909464928121
0.000284936152501962,560.912770823753,397.720050405431,560.912770823753
0.000292144511603171,560.916135217248,398.887152729045,560.916135217248
0.000299536173591228,560.919560964913,400.000244992197,560.919560964913
0.0003071175019035,560.923050967835,401.059589505965,560.923050967835
0.000314894827029031,560.926608135764,402.065341171339,560.926608135764
0.000322874400093194,560.930235374192,403.017552470093,560.930235374192
0.000331062312001299,560.933935556611,403.916177855177,560.933935556611
0.000339464399633714,560.937711492015,404.761079433816,560.937711492015
0.000348086119064584,560.941565878665,405.55203313747,560.941565878665
0.000356932443666764,560.945501270008,406.288740024358,560.945501270008
0.000366007706664884,560.949520016465,406.970837330224,560.949520016465
0.000375315460149012,560.95362421511,407.597913959075,560.95362421511
0.000384858347721855,560.957815665316,408.169529877564,560.957815665316
0.00038840098899538,560.959367457126,408.431154492841,560.959367457126
0.000388400988995383,560.959367457125,408.480259968382,560.959367457126
0.000398180598015491,558.758955427601,408.877604322956,560.963639220619
0.000408291151556224,556.484080880936,409.298617286436,560.968044750186
0.000418628995377719,554.1580660211,409.677579755263,560.972537658935
0.000429199027459091,551.779808802791,410.002161671962,560.977120834196
0.000439998143823568,549.350007620784,410.269930194469,560.981794154398
0.000451021586767048,546.869732958501,410.480406113949,560.986556974384
0.000462263530162292,544.340295694571,410.633592917578,560.991408321228
0.000473717431573655,541.763167877014,410.72970876528,560.996347027947
0.000485376319465125,539.139918101434,410.769135868845,561.001371844753
0.000497233089383631,536.47214486977,410.752404118973,561.006481554194
0.000509280827734428,533.76140374084,410.680175089339,561.011675097974
0.000521513073475191,531.009148449169,410.553221320563,561.016951677611
0.00053392404327174,528.216680244945,410.372401936112,561.022310840797
0.000546508873151448,525.385093522011,410.138635297686,561.02775257707
0.000559263702353823,522.515256951477,409.852872475666,561.033277348013
0.000572185801956947,519.607784540774,409.516071106493,561.038886139647
0.000585273645565468,516.663019728856,409.12917129098,561.04458049276
0.000598526895838578,513.681038417407,408.693075698578,561.050362499523
0.000611946425440169,510.661644257049,408.208631945879,561.056234817632
0.000625534295008259,507.604373604228,407.676618613014,561.062200668149
0.000639293711132978,504.508504976167,407.097734837977,561.068263826641
0.000653229035377955,501.373057021047,406.47259083002,561.074428638704
0.000667345731343238,498.196800428858,405.801702357492,561.080700010035
0.000681650384205503,494.978253534848,405.085484859554,561.087083430258
0.000696150666562767,491.715690004464,404.324250774639,561.093584974689
0.000710855399128318,488.407125177215,403.518204566914,561.100211350297
0.000725774548859193,485.050316487768,402.667440679033,561.106969915835
0.000740919325231769,481.642741803939,401.771938231655,561.113868748596
0.000756302221968645,478.181590038141,400.831558016173,561.120916689433
0.000771937174337166,474.663725755224,399.846034587266,561.128123443901
0.000787839706319515,471.085656059196,398.814967841031,561.135499683498
0.000804027068461387,467.443499577275,397.737815215352,561.143057147655
0.000820518546763987,463.73291695919,396.613874831359,561.150808831746
0.000837335737166349,459.949049118658,395.442268530934,561.158769167934
0.000854502955042776,456.086425096462,394.221917258645,561.166954280103
0.000872047764574895,452.138842951735,392.951507837799,561.175382309839
0.000890001623671207,448.099224655065,391.629451178934,561.18407381595
0.000901291800803309,445.558934800342,390.694504908487,561.189576076958
0.000901291800803316,445.558934800341,390.525199382786,561.189576076958
0.00091969095167111,441.419125855087,389.346184351564,561.198613466643
0.000938858076621499,437.106522741249,387.922985743582,561.20809512537
0.000958625860897912,432.658771279057,386.403853031943,561.217956668271
0.000979039320378248,428.065742895981,384.813187840449,561.228231481858
0.00100017749818678,423.30965288906,383.151159607048,561.238969967208
0.00102214687726076,418.366542597416,381.41194237146,561.250238216648
0.00104509006579234,413.20432517781,379.586424422344,561.262123597
0.00106920696460608,407.778022944719,377.661349660145,561.27474710457
0.00109479861959877,402.019900571363,375.616364308504,561.288288644883
0.00112237237628539,395.815805316874,373.416723744705,561.303047227092
0.00115296836058683,388.931708849051,370.990829907385,561.319626712772
0.00118686372986162,381.305250762222,368.314013557858,561.33824211734
0.00122313752806553,373.143646166342,365.451780071606,561.358451909974
0.0012573776756233,365.439612965844,362.713177017484,561.377804248776
0.00128891273901267,358.344223703235,360.194827512896,561.395868205981
0.00131924322969571,351.519863299553,357.814579910595,561.413458523848
0.00134891698922749,344.843267404901,355.523713469988,561.430869334869
0.0013782163346908,338.250914675657,353.296864998244,561.44825248079
0.00140731818717731,331.702997866192,351.119631655165,561.465704255289
0.0014363447175917,325.172028522955,348.983096040148,561.483292323996
0.00146538618886163,318.63769748722,346.881379892004,561.501067805013
0.00149451278210837,312.084214006702,344.810444243427,561.519071501841
0.00152378134629707,305.498787064247,342.76743854946,561.537337452182
0.00155323948109406,298.870706734923,340.750319866176,561.555895065887
0.00158292827079821,292.19072905149,338.757608559873,561.574770565228
0.00161288395743995,285.450699557098,336.788236002438,561.593987848605
0.00164313921749044,278.643266045738,334.841435325538,561.613569161686
0.00167372405569061,271.761677450698,332.9166647782,561.633535565764
0.00170466641818191,264.799645890157,331.013554606352,561.65390725392
0.00173599273197976,257.75122528564,329.131863985578,561.674703840761
0.00176772827444624,250.610728230683,327.271450375629,561.695944557239
0.00179989744980243,243.37266377554,325.432246908825,561.717648395664
0.00183252400621144,236.031688583513,323.614245002661,561.739834223881
0.0018656313330589,228.582540042835,321.817475112804,561.762520962018
0.00189904043080941,221.065493048969,320.050883305256,561.785587635967
0.00193251395210227,213.533950758076,318.32633389877,561.808868890911
0.00196607322173031,205.983115091766,316.64416175754,561.832376363487
0.00199973768644297,198.408610531418,315.003053738903,561.856120615683
0.00203352530818407,190.80639563967,313.401545384102,561.880111523896
0.00206745267309734,183.172738534186,311.838240758051,561.904358332751
0.00210153517146213,175.504176402107,310.311834367544,561.928869743651
0.00213578715193899,167.797480794814,308.821104686671,561.953653988468
0.00217022209809058,160.049617910706,307.364903321805,561.978718925031
0.0022048527170723,152.257728639818,305.94214742889,562.004072074279
0.00223969103326717,144.419107495973,304.551812827219,562.029720664709
0.00227474849397435,136.531178836858,303.192927249486,562.055671689286
0.00231003602196037,128.591485040003,301.864565785897,562.081931926261
0.00234556409289614,120.597669079456,300.565846094196,562.108507980784
0.00238134274340162,112.547472715723,299.295925986488,562.135406276764
0.0024173816775221,104.438712538615,298.053998502604,562.162633124135
0.00245369026189712,96.2692810542358,296.839290241129,562.190194704326
0.0024902775627786,88.0371383559013,295.651058952835,562.218097088167
0.0025271523918695,79.7403018104493,294.488590941522,562.246346261784
0.00256432333494633,71.376839618162,293.351199069324,562.274948140568
0.00260179874592896,62.9448721470711,292.238221817976,562.303908557317
0.00263958679184206,54.4425618166232,291.14902122036,562.333233290179
0.00267769548438116,45.868105995325,290.082981128693,562.362928081267
0.0027161326517092,37.2197433465177,289.03950701606,562.392998609297
0.00271807131907027,36.783543190277,288.847671593399,562.394518805096
0.00271844482795676,36.6995036908155,288.812018918693,562.394811877433
0.00271881833684326,36.615464191354,288.798445240261,562.39510498828
0.00271927400228981,36.5129394658804,288.786118544566,562.395462590824
0.00271937701359937,36.4897619212275,288.782023823843,562.39554343578
0.00271941440971751,36.4813477946475,288.780591107104,562.395572785228
0.00271945180583564,36.4729336680676,288.779916455551,562.395602134823
0.00271949466183422,36.4632910683877,288.779761045243,562.395635769545
0.0027197089418271,36.4150780699884,288.779438842039,562.395803943389
0.00272078034179153,36.1740130779918,288.777893027439,562.396644816995
0.00272613734161368,34.9686881180089,288.77019591235,562.40084929352
0.00275292234072441,28.9420633180942,288.732274556645,562.421874370005
0.00280757785647888,16.6445722733389,288.654535107747,562.464790386622
0.0028633214822992,4.10225646376704,288.573333941377,562.508579984735
0.00292042666232865,0,288.493422297679,562.553459572359
0.00297892239405701,0,288.41542558423,562.599452895223
0.00303884227461074,0,288.339383667945,562.646587243464
0.00310022085003019,0,288.265255130565,562.694890678136
0.00311206559256076,0,288.242915852241,562.704214813989
0.00311206559256078,0,288.239763800168,562.704214813989
0.00315430483562879,0,288.200192179093,562.736895016249
0.0031593541472631,0,288.190331796149,562.74072489579
0.00316440345889742,0,288.184744793638,562.744538463144
0.00316796388207473,0,288.181047517515,562.747217684018
0.00317152430525205,0,288.177657555615,562.749888761168
0.00317457456480743,0,288.174754223135,562.7521706276
0.00317762482436282,0,288.171949166891,562.754446514604
0.00318130167770953,0,288.168705099848,562.757181971718
0.00318288027628412,0,288.167037715843,562.758353730612
0.00318338073987686,0,288.166420608095,562.758724880928
0.0031838812034696,0,288.165952407492,562.759095875743
0.00318638352143329,0,288.163992075835,562.760948518282
0.00319889511125177,0,288.15452782971,562.770153709382
0.00321637381217745,0,288.1411315116,562.782853090759
0.00323390730342474,0,288.128019184862,562.795407379491
0.00325151797816264,0,288.115749380486,562.807833570712
0.00326920603033308,0,288.104381682285,562.820132394697
0.00328697176998972,0,288.09390602228,562.832304668792
0.00330481551305133,0,288.084303259143,562.844351221016
0.00332273758634534,0,288.075553683397,562.856272893456
0.00334073832400182,0,288.06763818545,562.868070539312
0.00335881805476612,0,288.060538392712,562.879745014291
0.00337697713641375,0,288.054236647326,562.891297198461
0.0033952159215813,0,288.048715987127,562.902727973501
0.00341353477701593,0,288.043960110149,562.914038234629
0.00343193406530082,0,288.039953348667,562.925228878814
0.00345041417302282,0,288.036680636052,562.936300821617
0.00346897547557797,0,288.034127485776,562.947254975401
0.00348761837326858,0,288.032279961673,562.958092270574
0.0035063432639089,0,288.031124657226,562.968813638846
0.00352515056392235,0,288.030648671807,562.979420025076
0.00354404068635801,0,288.030839590171,562.989912374297
0.00356301405421407,0,288.031685461378,563.000291639036
0.00358207110232194,0,288.033174779922,563.010558779851
0.00360121227602701,0,288.035296467917,563.020714764106
0.00362043801982133,0,288.038039856519,563.030760559612
0.00363974879715922,0,288.041394671357,563.040697144749
0.00365914506610484,0,288.04535101385,563.050525495444
0.00367862731145982,0,288.049899351103,563.060246601265
0.00369819601043175,0,288.055030496381,563.069861447645
0.0037178516559841,0,288.060735599076,563.079371027368
0.00373759475326863,0,288.067006132175,563.08877633829
0.0037574258104521,0,288.073833877591,563.098078378622
0.0037773453377562,0,288.081210913176,563.107278146391
0.00379735387221084,0,288.089129609454,563.116376650545
0.00381745194928902,0,288.097582611387,563.125374897419
0.00383764010989776,0,288.106562828812,563.134273893877
0.00385791891314352,0,288.116063431803,563.143074652645
0.00387828892087093,0,288.126077836324,563.151778185177
0.00389875070876836,0,288.136599699105,563.160385506234
0.00391930486163592,0,288.147622907931,563.16889763153
0.00393995197014172,0,288.15914157178,563.177315576169
0.00396069263868336,0,288.171150016553,563.185640357647
0.00398152748273628,0,288.183642777168,563.193872994431
0.00400245712249867,0,288.196614587103,563.202014503227
0.00402348219575644,0,288.210060377959,563.210065903794
0.00404460333742803,0,288.223975262734,563.21802821083
0.00406582121072838,0,288.238354545645,563.225902445606
0.00408713647582584,0,288.253193700842,563.233689623861
0.00410854980797793,0,288.268488374854,563.241390762442
0.00413006189760393,0,288.284234382719,563.249006878989
0.00415167344566197,0,288.300427700337,563.25653899001
0.00417338515474988,0,288.317064453171,563.263988107656
0.00419519775169301,0,288.334140925344,563.271355247348
0.00421711196576521,0,288.351653542796,563.27864142005
0.00423912853372119,0,288.36959887013,563.285847633946
0.00426124822064749,0,288.387973621411,563.292974901024
0.00428347179109196,0,288.406774638112,563.300024227385
0.00430580002708522,0,288.425998895401,563.30699661896
0.00432823372341211,0,288.445643496613,563.313893079763
0.00435077368537256,0,288.465705667749,563.320714611035
0.00437342073194449,0,288.486182756154,563.327462212059
0.00439617568116484,0,288.507072215957,563.334136875721
0.0044190393951444,0,288.528371638931,563.340739601555
0.0044420127348,0,288.550078720965,563.347271382127
0.00446509656176939,0,288.572191255614,563.353733203734
0.00448829176672186,0,288.594707153943,563.360126054276
0.00451159924276985,0,288.617624423239,563.366450915622
0.00453501991574184,0,288.640941187321,563.372708771733
0.00455855471870381,0,288.664655666034,563.378900601487
0.00458220458740867,0,288.688766165944,563.38502737753
0.00460597048477779,0,288.713271098336,563.39109007257
0.00462985338487302,0,288.738168966045,563.397089655016
0.00465385428215708,0,288.763458368057,563.403027091198
0.00467797418334232,0,288.789137991159,563.40890334318
0.0047022141085696,0,288.815206608046,563.414719368989
0.0047265751081962,0,288.841663091117,563.420476126472
0.0047510582283883,0,288.868506380905,563.426174564991
0.00477566455400573,0,288.895735520252,563.43181563543
0.00480039517819257,0,288.923349629336,563.437400282893
0.00482525121028348,0,288.951347908094,563.442929448495
0.00485023376927565,0,288.9797296288,563.448404067863
0.00487534401714537,0,289.008494166412,563.453825078298
0.00490058311128842,0,289.037640955215,563.459193408243
0.00492595223870934,0,289.06716951499,563.464509984658
0.00495145260814851,0,289.097079446057,563.469775731148
0.00497708544990749,0,289.12737042742,563.474991567795
0.00500285200492293,0,289.158042204327,563.480158408867
0.00502875354035188,0,289.189094601315,563.485277165923
0.00505479135183865,0,289.220527525689,563.490348748082
0.00508096674443798,0,289.252340947373,563.495374058197
0.00510728105586097,0,289.284534919321,563.500353997303
0.0051337356408341,0,289.317109563334,563.505289461491
0.00516033188150024,0,289.350065078206,563.510181343799
0.00518707117907249,0,289.383401731294,563.515030532572
0.00521395495631388,0,289.417119859153,563.519837911877
0.0052409846837243,0,289.451219895353,563.524604366042
0.00526816182832198,0,289.48570231845,563.529330770451
0.00529548789969704,0,289.520567693773,563.53401799966
0.00532296442729973,0,289.555816654149,563.53866692331
0.00535059297444431,0,289.591449911976,563.543278408448
0.00537837511439553,0,289.627468233884,563.547853315466
0.00540631248208646,0,289.663872494211,563.552392506577
0.0054344067068078,0,289.700663607072,563.55689683466
0.00546265946729916,0,289.737842577789,563.561367152221
0.0054910724706259,0,289.775410486229,563.565804307843
0.00551964744585973,0,289.813368476735,563.570209145177
0.00554838616434994,0,289.851717779393,563.574582506025
0.00557729042510688,0,289.890459696069,563.578925228002
0.00560636207849454,0,289.92959562544,563.583238148008
0.00563560298431714,0,289.969127017856,563.587522095905
0.00566501504468504,0,290.009055406459,563.591777899409
0.00569460019849549,0,290.049382405023,563.596006383183
0.0057243604310966,0,290.090109718788,563.600208370127
0.00575429776547476,0,290.131239135557,563.604384680024
0.00578441425035918,0,290.172772510077,563.608536127853
0.00581471198999124,0,290.214711796809,563.61266352788
0.00584519312054493,0,290.257059026529,563.616767690318
0.0058758598146546,0,290.299816308089,563.620849421951
0.00590671430744685,0,290.342985859749,563.624909529529
0.00593775886259727,0,290.386569972884,563.628948815181
0.00596899579517844,0,290.430571034086,563.632968079407
0.0060004274780606,0,290.474991536117,563.636968121796
0.00603205632379309,0,290.519834057487,563.640949738638
0.006063884788986,0,290.56510126468,563.644913723479
0.006095915386982,0,290.610795927886,563.648860868661
0.00612815068581005,0,290.656920920785,563.652791964996
0.00616059332239181,0,290.703479238086,563.656707803407
0.00619324596267145,0,290.750473948912,563.660609170062
0.00622611135311315,0,290.797908253666,563.664496852547
0.00625919228853593,0,290.845785452498,563.668371635941
0.00629249164862057,0,290.894108986259,563.672234307049
0.00632601234631116,0,290.942882378202,563.676085648329
0.00635975737686979,0,290.992109286835,563.679926443572
0.00639372980525499,0,291.041793497935,563.683757476348
0.0064279327653672,0,291.091938922616,563.687579529873
0.00646236947238707,0,291.142549612757,563.691393388329
0.00649704319435037,0,291.193629727484,563.69519983367
0.00653195729457549,0,291.245183582112,563.698999650287
0.00656711522409961,0,291.297215645931,563.702793624061
0.00660252049602343,0,291.349730509486,563.706582539557
0.00663817673396422,0,291.402732941771,563.710367185193
0.0066740876472651,0,291.456227867197,563.714148350491
0.00671025704642922,0,291.510220382325,563.71792682766
0.00674668882556743,0,291.564715736067,563.721703409699
0.00678338697206012,0,291.619719339447,563.725478891403
0.00682035560607313,0,291.675236818229,563.729254073355
0.00685759894687914,0,291.731273977555,563.733029758375
0.00689512131638902,0,291.787836801727,563.736806751864
0.00693292718479261,0,291.844931513676,563.740585866339
0.00697102110482116,0,291.902564498725,563.74436791477
0.00700940780904601,0,291.960742420418,563.74815372024
0.00704809212103449,0,292.019472122161,563.75194410704
0.00708707905240371,0,292.078760740028,563.755739910178
0.00712637371777812,0,292.138615608571,563.759541966978
0.00716598142103098,0,292.199044360515,563.763351125418
0.0072059076033032,0,292.260054873671,563.767168239024
0.00724615789410102,0,292.321655330909,563.770994171715
0.00728673812765126,0,292.383854251083,563.774829799237
0.00732765427226731,0,292.446660401235,563.778676002408
0.0073689125206855,0,292.510082903556,563.782533675612
0.00741051928406166,0,292.574131243736,563.786403726106
0.00745248121588434,0,292.638815304709,563.790287076133
0.0074948051541747,0,292.704145295895,563.794184657487
0.00753749819268583,0,292.770131838087,563.798097418053
0.00758056771841323,0,292.836786026479,563.802026325116
0.00762402136026407,0,292.904119372651,563.805972360555
0.00766786706508392,0,292.972143898363,563.809936527688
0.00771211306075945,0,293.04087210109,563.813919847809
0.00775676797222006,0,293.110317104971,563.81792337053
0.00780184071870132,0,293.180492546833,563.821948164409
0.00784734062668757,0,293.251412711972,563.825995326971
0.00789327739368784,0,293.323092506713,563.830065981343
0.00793966118322554,0,293.395547583211,563.834161284565
0.0079865026123673,0,293.468794342461,563.838282426315
0.00803381279302506,0,293.542849991946,563.842430632417
0.00808160339018564,0,293.617732634089,563.846607169784
0.0081298866639087,0,293.693461337629,563.850813349913
0.00817867547287925,0,293.770056154912,563.855050529018
0.00822798336369641,0,293.847538247013,563.859320115633
0.00827782463134534,0,293.925929985913,563.863623575643
0.0083282143941649,0,294.005255073283,563.867962438542
0.00837916864793877,0,294.085538633778,563.872338301865
0.00843070439460908,0,294.166807405913,563.876752841996
0.00848283967081673,0,294.249089811902,563.881207816351
0.00853559368741401,0,294.332416160611,563.885705075047
0.00858898706155327,0,294.416818995921,563.89024658038
0.00864304173357131,0,294.502333039201,563.8948343994
0.00869778141590713,0,294.588995795766,563.899470741722
0.00875323158019732,0,294.676847631105,563.904157957983
0.00880941975884852,0,294.765932198587,563.908898564959
0.00886637582615631,0,294.856296891275,563.913695268834
0.00892413241685695,0,294.947993485778,563.918550999924
0.00898272515443121,0,295.041078556291,563.923468931282
0.00904219321235352,0,295.1356143108,563.92845252522
0.00910257990384846,0,295.231669529541,563.933505582023
0.00916393332686059,0,295.329320596299,563.938632293133
0.0092263073618947,0,295.428653028377,563.94383732364
0.00928976263402367,0,295.529763033902,563.949125891527
0.00935436799595401,0,295.632759790577,563.954503890126
0.00942020239087118,0,295.737768355202,563.959978041825
0.00948735719504891,0,295.844933329973,563.965556091258
0.00955593949239967,0,295.954423926293,563.971247075409
0.0096260765299141,0,296.066440864971,563.977061691047
0.00969792185205851,0,296.181225866191,563.98301280052
0.00977166458804263,0,296.299075871276,563.989116197613
0.00984754328023627,0,296.420364230032,563.995391747693
0.00992586737714721,0,296.54557349525,564.001865159623
0.0100070543844408,0,296.675351532563,564.008571048761
0.0100916957173148,0,296.810610674574,564.015558365871
0.0101806903517015,0,296.95272677007,564.022901415672
0.0102755544597162,0,297.103995783744,564.030725384015
0.0103793373577428,0,297.268964974613,564.039281853007
0.010501008251146,0,297.460682458918,564.049310480931
0.010615017636061,0,297.645818183914,564.058705566028
0.010729027020976,0,297.830111775842,564.068098053502
0.0108296132200743,0,297.995842105172,564.076383029282
0.0109236476717617,0,298.14990757297,564.084126863227
0.0110133699304011,0,298.296386755816,564.091514979188
0.0111003709896859,0,298.438060825239,564.098678979274
0.011185444235538,0,298.576424212505,564.105684588157
0.0112690568473275,0,298.71233570078,564.112570545791
0.011351506209361,0,298.846328158351,564.119361543865
0.0114329993880249,0,298.978762931002,564.126074796876
0.0115136894970724,0,299.109902307898,564.132723050254
0.0115936950385445,0,299.239946658178,564.139316180414
0.0116731100946567,0,299.369053833842,564.145862038436
0.0117520113415243,0,299.497351632583,564.152367030527
0.0118304622228581,0,299.62494533998,564.158836463757
0.0119085162426191,0,299.751923351078,564.165274818755
0.0119862186219446,0,299.878360254396,564.171685887247
0.0120636081811172,0,300.004319866824,564.178072927973
0.0121407187207532,0,300.129857572681,564.184438781218
0.0122175794595647,0,300.255021255598,564.190785905386
0.0122942161188741,0,300.379852926926,564.197116466863
0.0123706514510539,0,300.504389686083,564.203432383983
0.0124469054380905,0,300.628664126862,564.20973534366
0.0125229961968171,0,300.752705647173,564.216026876415
0.0125989395949716,0,300.876540099337,564.222308324823
0.012674749995437,0,301.000190768067,564.228580905175
0.0127504403729988,0,301.123678670698,564.234845717301
0.0128260223033411,0,301.247022581182,564.241103743765
0.0129015063677278,0,301.370239592914,564.247355883457
0.0129769021428997,0,301.493345183555,564.253602950865
0.0130522182268164,0,301.616353257207,564.259845678269
0.0131274625682652,0,301.739276606976,564.266084743126
0.0132026424494937,0,301.862126956176,564.272320766717
0.0132777644277311,0,301.984914880668,564.278554309342
0.0133528344999532,0,302.107650025129,564.284785884029
0.0134278582005695,0,302.230341269187,564.291015964695
0.0135028405655231,0,302.352996700145,564.297244983205
0.0135777862530636,0,302.475623776001,564.303473339447
0.0136526995341275,0,302.59822933467,564.30970140056
0.0137275844061959,0,302.720819753075,564.315929510446
0.0138024444688125,0,302.843400795703,564.322157979435
0.0138772830257742,0,302.965977733978,564.328387092809
0.0139521031769922,0,303.088555491175,564.33461711847
0.0140269077510119,0,303.211138568685,564.340848301354
0.014101699378951,0,303.333731137704,564.347080869599
0.0141764804090323,0,303.456336932589,564.353315027446
0.0142512532286666,0,303.578959684677,564.359550982104
0.0143260198064777,0,303.701602545481,564.365788905591
0.0144007821239914,0,303.824268604658,564.372028970733
0.0144755419180008,0,303.946960605596,564.378271329696
0.0145503008279991,0,304.069681109219,564.384516126295
0.0146250604621455,0,304.19243261003,564.390763501529
0.0146998221565472,0,304.315217216057,564.397013573475
0.0147745872744065,0,304.438037019864,564.40326646229
0.014849356965237,0,304.560893815958,564.409522270098
0.0149241323899483,0,304.683789373849,564.415781099817
0.0149989145996161,0,304.80672530838,564.422043045035
0.0150737045594258,0,304.929703093846,564.428308192016
0.0151485032301211,0,305.052724179927,564.434576626531
0.015223311370897,0,305.175789732469,564.440848417347
0.0152981298118995,0,305.298900976722,564.447123639065
0.0153729591744053,0,305.42205885577,564.45340234867
0.0154478002577813,0,305.545264522202,564.459684617995
0.0155226536099459,0,305.668518808602,564.465970497693
0.015597519808159,0,305.791822542643,564.472260040785
0.0156723994379178,0,305.915176564029,564.478553300919
0.01574729301864,0,306.038581622677,564.484850326125
0.015822200907865,0,306.16203822906,564.491151150751
0.015897123603893,0,306.285547056492,564.497455820916
0.0159720614874916,0,306.409108638265,564.503764372803
0.0160470149741957,0,306.532723536388,564.51007684547
0.0161219843907157,0,306.656392193043,564.516393270449
0.0161969700076223,0,306.780114954296,564.522713674487
0.0162719721749923,0,306.903892264006,564.529038090992
0.0163469911967174,0,307.027724516076,564.535366549447
0.0164220272801301,0,307.151611961659,564.541699071149
0.0164970806801078,0,307.27555489771,564.548035681369
0.0165721516469586,0,307.399553621763,564.554376404965
0.01664724034701,0,307.523608313543,564.560721259673
0.0167223469993073,0,307.647719209422,564.567070267652
0.0167974717364106,0,307.771886432642,564.573423443724
0.0168726148202938,0,307.896110271561,564.579780813635
0.016947776258761,0,308.020390681651,564.586142381605
0.017022956339453,0,308.144727962262,564.592508175509
0.0170981551389319,0,308.26912216698,564.598878205348
0.0171733727663174,0,308.393573358396,564.605252483849
0.0172486093160549,0,308.518081579586,564.611631022479
0.0173238649905295,0,308.642647022408,564.618013841845
0.0173991397705397,0,308.767269588806,564.624400943748
0.0174744338558149,0,308.891949445357,564.630792348544
0.0175497472227375,0,309.016686483412,564.637188057625
0.017625080024963,0,309.141480802494,564.643588087416
0.0177004323070428,0,309.266332379249,564.649992445069
0.017775804198434,0,309.391241291205,564.656401144946
0.0178511956779115,0,309.516207418338,564.662814188584
0.0179266068771617,0,309.641230826104,564.669231590515
0.018002037817515,0,309.766311451814,564.675653355878
0.0180774885563218,0,309.89144926393,564.682079492867
0.0181529591041737,0,310.016644169226,564.688510005686
0.0182284494970899,0,310.141896100604,564.694944900691
0.0183039598393551,0,310.267205090657,564.70138419006
0.0183794901425405,0,310.392571055732,564.707827878062
0.0184550404716306,0,310.517993969594,564.714275973518
0.0185306107956844,0,310.643473678821,564.720728477051
0.0186062011857817,0,310.769010154294,564.72718539799
0.0186818116863072,0,310.894603347369,564.733646743385
0.0187574422663754,0,311.020253099746,564.740112513848
0.0188330929726719,0,311.145959345565,564.746582716611
0.0189087638774058,0,311.271722068324,564.753057361096
0.0189844549579429,0,311.397541124542,564.759536448609
0.0190601662244814,0,311.523416397422,564.766019983255
0.019135897681466,0,311.649347765475,564.772507968642
0.0192116493609998,0,311.775335144971,564.779000410746
0.0192874212830659,0,311.901378440165,564.785497314506
0.0193632134198975,0,312.027477485479,564.791998680761
0.0194390258322456,0,312.153632229241,564.798504517939
0.0195148585761084,0,312.279842629638,564.805014834068
0.0195907115580486,0,312.406108434632,564.811529624342
0.0196665848966351,0,312.532429659428,564.818048902157
0.0197424785199583,0,312.658806089748,564.824572664547
0.0198183924351703,0,312.785237587808,564.831100915333
0.0198943266733885,0,312.911724060594,564.837633660395
0.0199702812607535,0,313.038265414192,564.844170905193
0.0200462561934173,0,313.164861511536,564.850712652601
0.0201222515092441,0,313.291512267383,564.857258909087
0.0201982671232627,0,313.418217429996,564.863809670533
0.0202743031504912,0,313.54497700462,564.870364950049
0.0203503594852341,0,313.671790722561,564.876924741728
0.0204264362786532,0,313.798658636342,564.883489061807
0.0205025334068236,0,313.925580457318,564.890057902799
0.0205786509183781,0,314.052556088664,564.896631272094
0.0206547888041421,0,314.179585380127,564.903209172099
0.020730947054266,0,314.306668171741,564.909791605158
0.0208071257604037,0,314.433804445034,564.916378582393
0.0208833248253924,0,314.56099393511,564.922970098603
0.0209595443011632,0,314.688236550053,564.929566161472
0.0210357841204876,0,314.815532054823,564.936166768374
0.0211120443535017,0,314.942880386424,564.942771928574
0.0211883250575868,0,315.070281489234,564.949381650244
0.0212646260985579,0,315.197735036869,564.955995924952
0.02134094755376,0,315.325240960635,564.962614762588
0.0214172894228186,0,315.452799120219,564.969238166317
0.0214936517112927,0,315.580409372145,564.975866139815
0.0215700344495517,0,315.708071606905,564.982498688916
0.0216464375381686,0,315.835785535624,564.989135808175
0.0217228610390542,0,315.963551069955,564.995777506157
0.021799304982419,0,316.091368106435,565.002423788683
0.0218757693265374,0,316.219236436706,565.00907465532
0.0219522540845255,0,316.347155913427,565.015730110397
0.0220287593097709,0,316.475126454895,565.022390161755
0.0221052849296082,0,316.603147810088,565.029054806263
0.022181830987945,0,316.731219866656,565.035724050932
0.0222583975140286,0,316.859342511888,565.042397901507
0.0223349844730523,0,316.987515541527,565.04907635815
0.0224115918462355,0,317.115738759346,565.055759422411
0.0224882196886581,0,317.244012074299,565.062447102288
0.0225648678976654,0,317.372335187072,565.069139392011
0.0226415365771453,0,317.500708058612,565.075836303837
0.0227182256709458,0,317.629130461988,565.082537836057
0.022794935231009,0,317.757602294099,565.089243996399
0.0228716652010164,0,317.886123316533,565.095954783133
0.0229484156626344,0,318.014693465106,565.102670206591
0.0230251865878641,0,318.143312546034,565.109390267522
0.0231019779617744,0,318.271980363511,565.116114967808
0.0231787898045146,0,318.400696770419,565.122844312406
0.0232556220685496,0,318.529461530348,565.129578300341
0.0233324748139446,0,318.658274545067,565.136316940066
0.0234093479810142,0,318.787135566912,565.143060229539
0.0234862416873655,0,318.916044576039,565.149808182271
0.0235631558204659,0,319.045001260333,565.156560791582
0.02364009041726,0,319.174005474152,565.163318063898
0.0237170455013537,0,319.303057077687,565.170080004487
0.0237940211473004,0,319.432156003541,565.1768466231
0.0238710172349891,0,319.561301918521,565.183617912373
0.023948033827581,0,319.690494707883,565.190393881045
0.0240250708295644,0,319.819734064515,565.197174523901
0.0241021283857252,0,319.949019991914,565.203959856875
0.0241792064259955,0,320.078352235684,565.210749876996
0.0242563049476744,0,320.207730596625,565.217544587212
0.024333423985834,0,320.337154936831,565.224343993806
0.0244105634917501,0,320.466625008142,565.231148095672
0.0244877235296396,0,320.596140704913,565.237956901663
0.0245649040487764,0,320.725701779543,565.244770410495
0.0246421051057716,0,320.855308114111,565.251588630356
0.024719326638222,0,320.984959440989,565.258411558923
0.0247965687375507,0,321.114655686993,565.265239207466
0.0248738313977689,0,321.244396669867,565.272071578653
0.0249511145675031,0,321.374182125363,565.278908671131
0.025028418252128,0,321.504011856327,565.285750488561
0.0251057424368503,0,321.633885646517,565.292597032818
0.0251830871704785,0,321.763803366206,565.299448311415
0.0252604524966548,0,321.893764890879,565.306304331411
0.0253378383337739,0,322.023769918293,565.313165088767
0.0254152447659831,0,322.153818353189,565.320030594129
0.0254926717688036,0,322.283909977304,565.326900848521
0.0255701193639738,0,322.414044618159,565.333775857064
0.0256475874776596,0,322.544221973906,565.340655616388
0.0257250762208166,0,322.674441984126,565.347540139536
0.0258025855228378,0,322.804704367246,565.354429423429
0.0258801153977361,0,322.935008926764,565.361323472495
0.0259576658333591,0,323.06535544138,565.36822228884
0.0260352369080419,0,323.195743813545,565.375125882622
0.0261128285597275,0,323.326173764817,565.382034251509
0.0261904408366492,0,323.456645144429,565.388947402982
0.0262680737811044,0,323.587157812142,565.395865344004
0.0263457273164125,0,323.717711459683,565.402788070929
0.0264234014581983,0,323.848305882893,565.409715588332
0.0265010962334964,0,323.978940909096,565.416647901811
0.0265788116593094,0,324.109616355431,565.423585016071
0.0266565477186491,0,324.240331988389,565.430526932783
0.0267343044226222,0,324.371087605624,565.437473656125
0.0268120817639116,0,324.501882982647,565.444425188626
0.0268898798000363,0,324.632717982673,565.451381538616
0.0269676984926396,0,324.763592345669,565.458342705852
0.0270455378407442,0,324.894505844637,565.465308693429
0.0271233978939993,0,325.025458328687,565.472279508976
0.0272012786379866,0,325.156449567017,565.479255154389
0.0272791800759569,0,325.287479340608,565.486235633144
0.0273571022021608,0,325.418547418656,565.493220947907
0.027435045072035,0,325.549653654452,565.500211106834
0.0275130086269248,0,325.680797751683,565.507206107849
0.0275909928793193,0,325.811979490795,565.514205955249
0.0276689978887437,0,325.943198730029,565.521210657561
0.0277470236832554,0,326.074455294251,565.528220220495
0.0278250701429627,0,326.205748792442,565.535234636458
0.0279031373339578,0,326.337079062808,565.542253914561
0.0279812253028472,0,326.468445950786,565.549278062178
0.028059334105651,0,326.599849315415,565.556307087539
0.0281374636356679,0,326.731288786261,565.563340984222
0.0282156140097079,0,326.862764273098,565.57037976592
0.0282937851236262,0,326.994275415313,565.577423426437
0.0283719770643055,0,327.125822079987,565.584471976775
0.0284501898303946,0,327.257404043811,565.591525419996
0.0285284234018465,0,327.389021041963,565.59858375747
0.0286066777766883,0,327.520672827866,565.605646992193
0.0286849529737924,0,327.652359186443,565.612715129043
0.0287632490458572,0,327.784079954591,565.619788175959
0.0288415659616606,0,327.915834857519,565.626866133299
0.0289199037178331,0,328.047623641529,565.633949003931
0.0289982623439897,0,328.179446102065,565.641036793705
0.0290766418647136,0,328.31130203423,565.648129508022
0.0291550422631558,0,328.443191173481,565.655227148534
0.0292334635233164,0,328.575113246226,565.662329716959
0.0293119057002368,0,328.707068077175,565.669437221455
0.0293903687688234,0,328.839055392045,565.676549662921
0.0294688527724052,0,328.971074997014,565.683667048455
0.0295473577286405,0,329.103126673621,565.690789382833
0.0296258836194114,0,329.235210147964,565.697916667584
0.0297044304395633,0,329.367325154883,565.705048905403
0.0297829982651347,0,329.49947154461,565.712186106369
0.0298615870611543,0,329.631649027444,565.719328270476
0.0299401968207791,0,329.763857330586,565.726475400268
0.0300188275877678,0,329.896096254592,565.733627502889
0.0300974793429557,0,330.028365521575,565.740784579763
0.0301761521247674,0,330.160664921873,565.747946637553
0.0302548459047267,0,330.292994160974,565.755113676832
0.0303335607638178,0,330.42535308493,565.762285708139
0.0304122966599208,0,330.557741386856,565.769462730806
0.0304910536306637,0,330.690158847634,565.776644751424
0.030569831632888,0,330.8226051468,565.783831769218
0.0306486306910145,0,330.955080042536,565.791023789573
0.030727450847782,0,331.087583330384,565.79822081955
0.0308062920947818,0,331.220114738516,565.805422861543
0.0308851544556064,0,331.352674028771,565.812629920865
0.0309640379879135,0,331.485261015497,565.81984200595
0.0310429426428059,0,331.617875369793,565.827059115486
0.0311218683799771,0,331.750516751348,565.834281248935
0.0312008153210339,0,331.883185045852,565.84150842058
0.0312797834361402,0,332.015879959795,565.848740630851
0.0313587727655916,0,332.148601269447,565.855977886595
0.0314377832233097,0,332.281348582689,565.863220183075
0.0315168149200892,0,332.414121757821,565.870467533595
0.0315958678249707,0,332.546920491645,565.877719938472
0.0316749419184979,0,332.679744470685,565.884977399066
0.0317540372752055,0,332.812593511549,565.892239925367
0.0318331538788392,0,332.945467322334,565.899507519033
0.0319122917557188,0,333.078365653056,565.906780185629
0.031991450891116,0,333.211288201498,565.914057926948
0.0320706313675399,0,333.34423479335,565.921340753722
0.0321498331229245,0,333.477205069692,565.928628663392
0.0322290561777065,0,333.61019875771,565.935921660974
0.0323083006372155,0,333.743215716958,565.943219759314
0.0323875664022743,0,333.876255538705,565.950522952423
0.032466853523053,0,334.009317981177,565.957831248058
0.0325461619868004,0,334.142402739461,565.96514464818
0.0326254918940952,0,334.275509657301,565.972463165206
0.0327048431888944,0,334.408638380416,565.97978679711
0.0327842158707019,0,334.54178860032,565.987115546975
0.0328636099555252,0,334.674960038075,565.99444941941
0.0329430254942405,0,334.808152467539,566.001788422249
0.0330224624710608,0,334.941365576118,566.009132557167
0.0331019208930795,0,335.074599068681,566.016481827949
0.0331814008514092,0,335.207852770111,566.023836246154
0.0332609023337287,0,335.341126377846,566.031195813781
0.0333404252972345,0,335.474419525156,566.038560529991
0.0334199697932513,0,335.607731966497,566.045930402661
0.0334995358644481,0,335.74106346245,566.053305438875
0.0335791234855225,0,335.874413677993,566.060685639414
0.0336587326191621,0,336.007782244993,566.068071003933
0.0337383633478389,0,336.141168957387,566.075461543201
0.0338180157010834,0,336.274573559547,566.082857263084
0.0338976896201804,0,336.407995662953,566.090258161249
0.0339773851867414,0,336.541435053963,566.097664248388
0.0340571024033206,0,336.674891434824,566.10507552786
0.0341368413164928,0,336.808364555117,566.112492007113
0.0342166018880325,0,336.941854051942,566.119913685706
0.0342963841900056,0,337.075359698184,566.127340573457
0.0343761881813932,0,337.208881128752,566.134772669659
0.0344560139072284,0,337.34241807618,566.142209981613
0.0345358613411747,0,337.475970187515,566.149652509973
0.0346157305663864,0,337.609537248615,566.157100265594
0.034695621522094,0,337.743118864771,566.164553245915
0.0347755342806975,0,337.876714797979,566.17201146079
0.0348554688842926,0,338.010324791827,566.179474917257
0.03493542528349,0,338.143948457758,566.186943613803
0.0350154035339079,0,338.277585532086,566.194417558721
0.0350954036659155,0,338.411235734746,566.201896757948
0.0351754256576568,0,338.544898708902,566.209381212538
0.0352554695710465,0,338.678574201602,566.216870931377
0.0353355354073412,0,338.812261890651,566.224365917677
0.0354156231611297,0,338.94596143237,566.231866174022
0.035495732835769,0,339.079672490878,566.239371703813
0.0355758645179464,0,339.213394846991,566.246882518259
0.035656018153424,0,339.347128102247,566.254398615368
0.0357361938027432,0,339.48087198872,566.261920003896
0.0358163914295958,0,339.614626123139,566.269446683519
0.0358966111281131,0,339.748390284802,566.276978666152
0.0359768528967823,0,339.882164144544,566.284515954737
0.036057116717541,0,340.015947331598,566.292058550655
0.0361374025933048,0,340.149739496755,566.299606457248
0.0362177105889207,0,340.283540379626,566.307159683685
0.0362980407568609,0,340.41734971578,566.314718237981
0.0363783930119031,0,340.551167047084,566.322282115184
0.0364587675103871,0,340.684992219867,566.32985133308
0.0365391641098077,0,340.818824712023,566.337425881316
0.0366195829501233,0,340.952664334508,566.345005776136
0.0367000240000974,0,341.086510712497,566.352591017663
0.0367804873405591,0,341.220363596132,566.360181616582
0.0368609729012786,0,341.35422254441,566.367777569327
0.0369414807582068,0,341.488087287833,566.375378886118
0.0370220109036064,0,341.621957467113,566.382985569281
0.0371025633895716,0,341.755832790589,566.390597626789
0.0371831381782288,0,341.889712851387,566.398215058114
0.0372637353909426,0,342.023597444243,566.405837877778
0.0373443549782853,0,342.157486158101,566.413466084159
0.0374249969599344,0,342.291378643549,566.421099682161
0.0375056613443459,0,342.42527454452,566.428738675623
0.0375863481846215,0,342.559173564762,566.436383072613
0.037667057541659,0,342.693075427414,566.444032881947
0.0377477893681131,0,342.826979707514,566.451688102175
0.0378285436935819,0,342.960886061766,566.459348739133
0.0379093205620025,0,343.094794178913,566.467014800021
0.037990119978795,0,343.228703698417,566.474686288385
0.0380709419260272,0,343.36261421834,566.482363205545
0.0381517864542268,0,343.49652542378,566.490045559321
0.0382326536298044,0,343.630437034831,566.49773335905
0.0383135434535753,0,343.764348685369,566.505426607835
0.0383944559442948,0,343.898260019013,566.513125310479
0.0384753910734715,0,344.032170614569,566.52082946728
0.0385563488737592,0,344.166080123798,566.528539084355
0.0386373294565782,0,344.29998831805,566.536254175329
0.0387183327935505,0,344.433894793839,566.543974740516
0.0387993588845105,0,344.567799157148,566.5517007829
0.0388804077735771,0,344.701701075574,566.559432309692
0.0389614794605958,0,344.835600164549,566.567169323877
0.0390425739789021,0,344.969496076127,566.574911831633
0.0391236913438455,0,345.103388442435,566.582659837421
0.0392048316152162,0,345.237276952507,566.590413349945
0.0392859947877405,0,345.371161213879,566.598172371696
0.0393671809010106,0,345.505040881524,566.605936909446
0.0394483899704649,0,345.638915583788,566.613706967658
0.0395296220342059,0,345.772784974772,566.621482552962
0.0396108770968777,0,345.906648665645,566.629263668785
0.0396921551603475,0,346.04050625568,566.637050318279
0.0397734563064183,0,346.174357450998,566.644842512256
0.0398547805536754,0,346.308201887148,566.652640255479
0.0399361278634789,0,346.442039108462,566.660443547207
0.0400174983040295,0,346.575868790021,566.668252396948
0.0400988919207401,0,346.709690595854,566.676066812026
0.0401803087079296,0,346.843504116965,566.683886794861
0.0402617486949577,0,346.977308979394,566.69171235123
0.0403432118910567,0,347.111104786232,566.699543484973
0.0404246983586504,0,347.244891208589,566.707380205046
0.0405062080786672,0,347.378667815977,566.715222512564
0.0405877410941935,0,347.512434245293,566.723070414617
0.0406692974486895,0,347.646190143862,566.730923918334
0.0407508771686447,0,347.779935136375,566.73878302921
0.0408324802541214,0,347.913668806579,566.746647750188
0.0409141067852051,0,348.047390839775,566.754518091923
0.0409957567104563,0,348.18110075712,566.76239405239
0.0410774300807718,0,348.314798191541,566.770275639419
0.0411591269507064,0,348.448482798169,566.778162861204
0.0412408473330866,0,348.582154177709,566.786055721909
0.0413225912335711,0,348.715811911068,566.793954224997
0.0414043587389462,0,348.849455685372,566.801858381772
0.041486149837433,0,348.983085069757,566.809768194015
0.0415679645406271,0,349.116699644729,566.817683665753
0.0416498028614062,0,349.250298993342,566.825604801136
0.0417316648880115,0,349.383882800478,566.833531611608
0.0418135506052175,0,349.517450625911,566.8414640986
0.041895460043753,0,349.651002070217,566.849402267982
0.0419773932733341,0,349.784536792531,566.857346129407
0.0420593502717635,0,349.918054335684,566.865295683616
0.042141331088551,0,350.051554319608,566.873250938295
0.0422233357554209,0,350.185036351684,566.881211899408
0.0423053642802333,0,350.318500003759,566.889178570598
0.0423874166881173,0,350.451944864146,566.897150957178
0.0424694930177372,0,350.585370541102,566.905129065778
0.0425515933700549,0,350.71877672935,566.913112909088
0.0426337176539441,0,350.852162876807,566.921102481113
0.042715865945081,0,350.985528615268,566.929097792069
0.0427980382994442,0,351.118873579104,566.937098850267
0.0428802347185741,0,351.25219732841,566.945105658714
0.0429624552080634,0,351.385499415425,566.953118220801
0.043044699885108,0,351.5187795406,566.961136550799
0.0431269687086334,0,351.652037214193,566.969160647555
0.0432092617490571,0,351.785272064279,566.977190520774
0.0432915790140715,0,351.918483652765,566.985226174046
0.043373920543653,0,352.051671572996,566.993267614107
0.0434562863305526,0,352.184835358859,567.001314843076
0.0435386764475412,0,352.317974640975,567.009367870885
0.0436210909194171,0,352.451089000319,567.017426702785
0.043703529763817,0,352.584177998917,567.025491343317
0.0437859930481388,0,352.717241261383,567.03356180189
0.0438684807899501,0,352.850278354661,567.041638083036
0.0439509930302007,0,352.983288866405,567.049720193574
0.04403352971552,0,353.116272260165,567.057808131074
0.0441160910139009,0,353.249228274505,567.065901914794
0.0441986768230033,0,353.382156330334,567.074001537501
0.0442812872736549,0,353.515056106956,567.08210701481
0.0443639223493217,0,353.647927128249,567.090218347889
0.0444465820591084,0,353.780768925512,567.098335540409
0.044529266500965,0,353.913581148911,567.106458604765
0.0446119756669921,0,354.046363325828,567.114587542958
0.0446947096105335,0,354.179115043901,567.122722363
0.0447774683586336,0,354.311835864597,567.130863070315
0.0448602519384844,0,354.444525344127,567.139009670338
0.0449430603502863,0,354.577183000808,567.147162165842
0.0450258937053979,0,354.709808493558,567.155320570543
0.0451087519632784,0,354.842401301406,567.163484883197
0.045191635235593,0,354.974961074784,567.17165511755
0.0452745435065279,0,355.107487322082,567.179831274787
0.0453574768676639,0,355.239979669585,567.188013366675
0.0454404352605249,0,355.372437562935,567.196201390176
0.0455234187120149,0,355.504860529976,567.204395350659
0.0456064273676932,0,355.637248268438,567.212595265221
0.0456894612161944,0,355.769600295223,567.220801135465
0.045772520271286,0,355.901916129302,567.22901296546
0.0458556045648325,0,356.034195312912,567.237230761063
0.0459387141688117,0,356.166437444113,567.245454532094
0.0460218490920498,0,356.298642045696,567.253684282129
0.0461050093710519,0,356.43080866338,567.261920017471
0.0461881950168973,0,356.562936812103,567.270161741905
0.0462714061109258,0,356.695026093247,567.278409466171
0.0463546427372141,0,356.827076125054,567.28666320129
0.0464379048279039,0,356.959086327363,567.294922943209
0.0465211924367288,0,357.091056245948,567.303188699918
0.0466045056458,0,357.222985483878,567.311460482231
0.0466878444492448,0,357.354873537018,567.319738292226
0.0467712089023279,0,357.486719962564,567.328022138044
0.0468545990522973,0,357.618524316358,567.336312027029
0.0469380149084075,0,357.750286103096,567.344607962744
0.0470214565579694,0,357.88200492016,567.352909956511
0.0471049240053691,0,358.013680270712,567.361218011405
0.0471884173278192,0,358.145311736382,567.36953213774
0.047271936486549,0,358.276898759189,567.377852334277
0.0473554815949752,0,358.408440955649,567.386178614932
0.0474390526229005,0,358.539937782863,567.394510979307
0.0475226497184526,0,358.671388902857,567.402849444783
0.0476062728094068,0,358.802793723521,567.411194006761
0.0476899220040023,0,358.934151844305,567.419544678635
0.0477735973127395,0,359.065462768434,567.427901464049
0.0478572988100684,0,359.196726065116,567.436264373027
0.0479410264880862,0,359.327941206485,567.44463340736
0.0480247804295296,0,359.45910776512,567.453008577895
0.0481085606569927,0,359.590225251296,567.461389889464
0.0481923672156213,0,359.721293193022,567.469777349149
0.0482762001048087,0,359.852311060961,567.478170959446
0.048360059444167,0,359.983278470829,567.486570734886
0.0484439451563278,0,360.11419480668,567.494976670267
0.0485278573845901,0,360.245059698068,567.503388782484
0.0486117961350634,0,360.375872637411,567.511807074693
0.048695761453888,0,360.506633144694,567.520231554051
0.0487797534254578,0,360.637340792845,567.528662231555
0.0488637720109312,0,360.767995003748,567.537099105825
0.0489478172860757,0,360.898595320569,567.545542186978
0.0490318893222332,0,361.029141300146,567.553991484692
0.0491159881315349,0,361.159632424366,567.562447002689
0.049200113759496,0,361.290068204391,567.57090874804
0.0492842662539846,0,361.420448158332,567.579376728049
0.0493684457256064,0,361.550771884875,567.587850956337
0.0494526521129256,0,361.681038774641,567.596331429199
0.0495368854929192,0,361.81124835957,567.604818156854
0.0496211459561117,0,361.941400211753,567.61331115089
0.0497054334944031,0,362.071493782822,567.621810412957
0.0497897481789741,0,362.20152860441,567.630315952682
0.049874090037179,0,362.331504164695,567.638827775275
0.0499584590776501,0,362.46141991966,567.647345884042
0.0500428553759516,0,362.591275404216,567.655870289045
0.0501272790551279,0,362.72107022598,567.664401005148
0.0502117300405665,0,362.850803752252,567.672938027236
0.0502962084186202,0,362.980475513491,567.681481366444
0.0503807142749868,0,363.110085065906,567.690031033854
0.0504652476358613,0,363.239631893441,567.698587034524
0.0505498085517241,0,363.369115497615,567.707149375959
0.0506343970788595,0,363.498535389279,567.715718066253
0.0507190132519654,0,363.627891052538,567.724293111304
0.0508036570503777,0,363.757181896041,567.732874511392
0.05088832860919,0,363.886407511557,567.741462282579
0.0509730279376045,0,364.015567361878,567.750056428167
0.0510577551511406,0,364.144661020995,567.758656962239
0.0511425102144708,0,364.273687890646,567.767263883563
0.0512272932268794,0,364.402647511932,567.775877204562
0.0513121041696447,0,364.531539300214,567.784496925669
0.0513969431328807,0,364.660362785387,567.79312305837
0.0514818101769689,0,364.789117478448,567.801755611131
0.0515667053830906,0,364.917802912216,567.81039459453
0.0516516287500191,0,365.046418518948,567.819040010755
0.0517365802907129,0,365.174963730741,567.827691863421
0.0518215601600812,0,365.303438156292,567.836350170602
0.0519065683010094,0,365.431841168311,567.84501492877
0.0519916048032535,0,365.560172281904,567.853686149349
0.052076669767125,0,365.688431048577,567.862363844846
0.0521617632097477,0,365.816616921305,567.871048019282
0.0522468851483285,0,365.944729335527,567.879738676669
0.0523320357081632,0,366.072767857221,567.888435832053
0.0524172148123595,0,366.200731822439,567.897139479824
0.052502422648937,0,366.328620856053,567.905849641429
0.0525876592492675,0,366.456434436785,567.914566322317
0.0526729246042881,0,366.584171967421,567.923289523785
0.0527582188335292,0,366.711832996117,567.932019260275
0.0528435419029892,0,366.839416905077,567.940755530518
0.0529288938961506,0,366.9669231925,567.949498345254
0.0530142749372816,0,367.094351425714,567.958247719414
0.0530996850433254,0,367.22170105049,567.967003656927
0.0531851242327463,0,367.348971492877,567.975766161862
0.0532705925763422,0,367.476162239131,567.984535243648
0.0533560901346904,0,367.603272772321,567.993310910665
0.0534416169522331,0,367.730302554251,568.002093169631
0.0535271730853338,0,367.857251056833,568.010882028481
0.0536127585652442,0,367.984117722097,568.019677492563
0.0536983734981071,0,368.110902077717,568.028479574917
0.0537840179096372,0,368.237603566753,568.037288280315
0.0538696918701624,0,368.364221671398,568.046103618107
0.0539553954576298,0,368.490755888926,568.054925598424
0.0540411287187233,0,368.617205680173,568.063754228178
0.0541268916378141,0,368.743570423114,568.072589507847
0.0542126843355589,0,368.869849646493,568.081431451941
0.0542985068932806,0,368.99604285613,568.090280070926
0.0543843593249919,0,369.122149471325,568.099135368317
0.054470241754365,0,369.2481690286,568.107997358933
0.0545561541045901,0,369.374100841074,568.116866036899
0.0546420965405903,0,369.499944475169,568.125741421277
0.0547280691312342,0,369.625699423739,568.134623521225
0.0548140718714177,0,369.751365076876,568.143512338244
0.0549001048850522,0,369.876940961765,568.15240788716
0.0549861681187095,0,370.002426414854,568.161310164455
0.0550722617197258,0,370.127820980542,568.170219187367
0.0551583858094011,0,370.253124206654,568.179134970453
0.0552445403621191,0,370.378335464394,568.188057513053
0.0553307254558966,0,370.503454218129,568.19698682522
0.0554169410746313,0,370.628479834922,568.205922907247
0.0555031873834791,0,370.753411881054,568.214865778209
0.055589464458298,0,370.878249849414,568.223815447935
0.0556757722980297,0,371.002993127661,568.23277191826
0.0557621109423127,0,371.127641133231,568.241735195222
0.0558484804965745,0,371.252193366246,568.250705291691
0.0559348810827878,0,371.376649359768,568.259682222258
0.056021312667182,0,371.501008466795,568.268665985325
0.0561077753766808,0,371.625270199181,568.277656595982
0.0561942691963554,0,371.749433927426,568.286654054564
0.0562807942592955,0,371.873499172032,568.295658376793
0.0563673506463878,0,371.997465416795,568.304669572968
0.0564539382871788,0,372.121331959922,568.31368763761
0.056540557394003,0,372.24509840027,568.322712594681
0.0566272080375272,0,372.368764220786,568.331744453405
0.0567138902050901,0,372.492328785652,568.340783214298
0.0568006039420214,0,372.615791506139,568.349828883904
0.0568873493873253,0,372.739151910797,568.358881478541
0.0569741265164782,0,372.862409356126,568.367940997458
0.0570609355277808,0,372.985563428802,568.377007463156
0.0571477763795429,0,373.108613474071,568.386080873076
0.0572346492102802,0,373.231559005048,568.395161243468
0.0573215540223807,0,373.354399404543,568.404248576354
0.057408490969292,0,373.477134207903,568.413342889541
0.0574954599719897,0,373.59976270601,568.422444176512
0.0575824612606425,0,373.722284505734,568.431552463093
0.0576694948204999,0,373.844698983831,568.440667749481
0.0577565607489606,0,373.967005606397,568.449790047597
0.0578436590848862,0,374.089203786686,568.458919363226
0.057930789939656,0,374.211293011847,568.468055709747
0.0580179533263393,0,374.333272667789,568.477199090225
0.0581051493506985,0,374.455142229024,568.486349517434
0.0581923781241001,0,374.576901191088,568.495507004742
0.0582796396546889,0,374.698548933892,568.50467155467
0.0583669340482828,0,374.820084928754,568.513843179985
0.0584542613351068,0,374.941508575641,568.523021885506
0.058541621621237,0,375.062819348293,568.532207684016
0.0586290149417109,0,375.184016651467,568.541400580823
0.058716441454662,0,375.30510001766,568.550600594178
0.0588039011821803,0,375.426068845813,568.559807728018
0.0588913941295257,0,375.546922492066,568.569021984482
0.0589789204640685,0,375.66766048877,568.578243382779
0.0590664802058726,0,375.788282231055,568.587471926601
0.0591540734713067,0,375.908787198673,568.596707629775
0.0592417003228815,0,376.029174824507,568.605950500449
0.0593293608368176,0,376.149444548163,568.615200548207
0.0594170550567143,0,376.269595773089,568.62445777918
0.0595047830876649,0,376.389627965163,568.633722205984
0.0595925450299415,0,376.509540595021,568.642993840724
0.0596803409278194,0,376.6293330706,568.652272689581
0.0597681708873142,0,376.749004857609,568.661558765252
0.0598560349922126,0,376.868555406285,568.670852078082
0.0599439332627896,0,376.98798409263,568.680152631683
0.0600318657550113,0,377.107290319213,568.68946043343
0.0601198326950099,0,377.226473682283,568.698775508713
0.0602078340292399,0,377.345533499722,568.708097853309
0.0602958698680924,0,377.464469222763,568.717427480333
0.0603839402997781,0,377.583280300774,568.72676440055
0.0604720453839299,0,377.701966150562,568.736108621689
0.0605601852201148,0,377.820526226935,568.745460155704
0.0606483598883503,0,377.938959969168,568.75481901247
0.060736569507184,0,378.057266855727,568.764185205947
0.0608248140996361,0,378.175446266157,568.773558739945
0.0609130937796788,0,378.29349766234,568.782939627918
0.0610014086136188,0,378.411420467687,568.792327878255
0.0610897586810317,0,378.529214112954,568.801723500744
0.0611781441162504,0,378.646878089572,568.811126510993
0.0612665649451609,0,378.764411780487,568.820536913065
0.0613550212271509,0,378.881814585927,568.829954714571
0.0614435130947429,0,378.999085988417,568.839379930904
0.0615320406143108,0,379.116225412351,568.848812570409
0.0616206039032289,0,379.233232326815,568.858252646856
0.0617092030391714,0,379.350106165133,568.86770016978
0.0617978380343644,0,379.466846283171,568.87715514172
0.061886509056265,0,379.583452190689,568.886617581762
0.0619752162006266,0,379.699923346367,568.896087501351
0.062063959471752,0,379.816259100989,568.905564902148
0.0621527390835755,0,379.932459011525,568.915049808196
0.0622415550039728,0,380.048522406301,568.92454221725
0.0623304073597547,0,380.16444874372,568.934042144026
0.0624192962828513,0,380.280237509991,568.943549603793
0.0625082218658087,0,380.395888153496,568.953064607605
0.0625971840711071,0,380.511399976984,568.962587152578
0.062686183136622,0,380.626772550715,568.972117265293
0.062775219102197,0,380.742005280688,568.98165495114
0.0628642920548024,0,380.857097593689,568.991200220533
0.0629534020971608,0,380.972048936513,569.000753085572
0.0630425493029857,0,381.086858728403,569.010313555236
0.0631317337800387,0,381.201526419357,569.019881642146
0.0632209555801483,0,381.31605140549,569.029457352916
0.063310214796678,0,381.430433116914,569.039040698599
0.0633995115597769,0,381.544671027991,569.0486316942
0.0634888460343697,0,381.658764656712,569.058230358458
0.0635782182260918,0,381.772713361491,569.067836692989
0.0636676282649775,0,381.886516602493,569.07745071276
0.0637570762145205,0,382.000173788076,569.08707242558
0.0638465622117108,0,382.113684393682,569.096701847155
0.063936086259633,0,382.227047767101,569.10633897877
0.0640256485485741,0,382.340263427691,569.115983841849
0.064115249161768,0,382.453330813626,569.125636446294
0.0642048882430093,0,382.566249410925,569.135296808523
0.0642945657657825,0,382.679018538036,569.144964926582
0.064384281925903,0,382.791637712838,569.154640822471
0.0644740367345487,0,382.904106298178,569.16432449828
0.0645638304247005,0,383.016423856887,569.174015980016
0.0646536629581536,0,383.12858970882,569.183715264415
0.0647435345474072,0,383.240603387198,569.193422375263
0.0648334452065004,0,383.352464259967,569.203137314911
0.064923395125579,0,383.464171845071,569.212860104723
0.0650133843400183,0,383.575725529181,569.222590749336
0.0651034130005127,0,383.687124792626,569.232329265836
0.0651934811682676,0,383.798369041345,569.242075661629
0.0652835889577358,0,383.909457721807,569.251829949865
0.0653737364593465,0,384.020390263193,569.261592141089
0.0654639238371046,0,384.131166165433,569.271362253807
0.0655541511807102,0,384.241784865837,569.281140298473
0.0656444185657008,0,384.352245776239,569.290926283992
0.0657347261161764,0,384.462548352486,569.300720224521
0.065825073854042,0,384.572691955974,569.310522123122
0.0659154620223141,0,384.682676151821,569.320332006838
0.0660058907292218,0,384.792500406358,569.330149888094
0.0660963599565825,0,384.902164042655,569.339975765568
0.0661868699386927,0,385.011666608889,569.349809665342
0.0662774207325941,0,385.121007517235,569.359651594249
0.0663680124590599,0,385.230186218559,569.369501566027
0.0664586451871139,0,385.339202119492,569.379359588783
0.0665493190842801,0,385.448054715607,569.389225681322
0.0666400342640969,0,385.556743464885,569.399099856581
0.0667307908115308,0,385.66526779044,569.40898212437
0.0668215888351485,0,385.773627132238,569.418872497056
0.0669124283978214,0,385.881820888631,569.428770982017
0.0670033097067348,0,385.98984859103,569.438677602349
0.0670942328608073,0,386.097709688792,569.44859236935
0.0671851979806597,0,386.205403637536,569.458515296671
0.0672762051198671,0,386.312929829078,569.468446390634
0.0673672544878105,0,386.420287794337,569.478385674556
0.0674583460213727,0,386.5274768262,569.488333141996
0.0675494800842931,0,386.634496585865,569.498288833114
0.0676406566770161,0,386.741346450601,569.5082527484
0.06773187592174,0,386.84802586385,569.518224901618
0.0678231379034293,0,386.954534245338,569.528205302453
0.0679144428352651,0,387.060871132714,569.538193974606
0.0680057908300331,0,387.167035988619,569.548190930801
0.0680971819369806,0,387.273028201946,569.558196176785
0.0681886163058211,0,387.378847243846,569.568209729289
0.068280094091233,0,387.484492604632,569.57823160559
0.0683716153416428,0,387.589963677667,569.588261811309
0.0684631802197482,0,387.695259946747,569.598300364577
0.0685547888425878,0,387.800380868767,569.608347278516
0.06864644137001,0,387.905325935786,569.618402570935
0.0687381378775896,0,388.010094567208,569.628466250388
0.0688298786034655,0,388.114686321061,569.638538343264
0.0689216635013357,0,388.219100515127,569.648618844714
0.0690134927994268,0,388.323336679723,569.658707780015
0.0691053666325126,0,388.427394296199,569.668805164185
0.0691972851742111,0,388.531272872778,569.678911016505
0.0692892484254026,0,388.634971763105,569.68902533725
0.0693812566277525,0,388.738490515143,569.699148153158
0.0694733099031115,0,388.841828601177,569.709279477793
0.0695654083716522,0,388.944985478304,569.719419324521
0.0696575520994147,0,389.047960551593,569.729567700731
0.0697497414054251,0,389.1507534475,569.739724641673
0.0698419762905629,0,389.253363542011,569.749890147552
0.069934256840917,0,389.355790244127,569.760064227926
0.0700265832901321,0,389.458033102611,569.770246908619
0.0701189557406231,0,389.56009157231,569.780438200985
0.0702113743643589,0,389.661965153909,569.790638124037
0.0703038391533474,0,389.763653194623,569.800846676912
0.0703963504057018,0,389.865155289154,569.811063892525
0.070488908226747,0,389.96647090348,569.821289782514
0.0705815126881915,0,390.067599450585,569.831524354778
0.0706741640587291,0,390.168540509556,569.84176763898
0.0707668623534567,0,390.269293463643,569.852019636745
0.0708596077294175,0,390.369857787239,569.862280365369
0.0709524004493446,0,390.470233064421,569.872549853847
0.0710452405781438,0,390.570418724008,569.882828109279
0.0711381282892406,0,390.670414262641,569.89311515076
0.0712310636424377,0,390.77021908957,569.903410984788
0.071324046903029,0,390.869832778454,569.913715640618
0.0714170781350171,0,390.96925475639,569.924029125199
0.0715101575271561,0,391.068484533043,569.93435145929
0.0716032851617115,0,391.167521540452,569.944682651832
0.071696461250405,0,391.266365309118,569.955022726117
0.071721443482182,0,391.306059580074,569.957795208968
0.0717214434821829,3.79668160383352e-13,391.31329662022,569.957795208968
0.0718146681581918,0.209755521020384,391.395276191014,569.968139932751
0.0719065643636556,0.416521983314042,391.489482966064,569.978345300189
0.0719997693968521,0.626233308006074,391.586813039365,569.988700264196
0.0720932232565888,0.836504492413693,391.684718526078,569.999086544716
0.0721867734277277,1.04699237747614,391.782607809345,570.009487041286
0.0722803761892428,1.25759859088527,391.88033616226,570.019896859813
0.0723740221804859,1.46830207118207,391.97786890773,570.0303149523
0.0724677097980919,1.67909921079564,392.075197863213,570.040741139812
0.0725614392649992,1.88999051133704,392.172321185525,570.051175448025
0.0726552112086962,2.10097738465539,392.269238519792,570.061617947889
0.0727490263784594,2.31206151662256,392.365949882459,570.072068723894
0.0728428854056139,2.5232443277201,392.462455257409,570.082527847311
0.0729367889842401,2.73452737962919,392.558754674807,570.09299539631
0.0730307378284247,2.94591227904456,392.654848188966,570.103471451217
0.0731247324839345,3.15740025394145,392.750735717324,570.113956073512
0.0732187735070667,3.36899255598895,392.846417160924,570.124449325769
0.0733128613691159,3.58069024559962,392.941892347086,570.134951260999
0.073406996617431,3.79249455430863,393.037161152374,570.145461940637
0.0735011796717709,4.00440642657351,393.132223356605,570.155981411815
0.0735954110822865,4.21642710023356,393.227078828876,570.166509736169
0.0736896912274909,4.42855742694339,393.321727313039,570.177046956117
0.0737840205978999,4.64079851036366,393.416168621472,570.18759312654
0.0738783994858499,4.85315100825116,393.510402416967,570.198148280121
0.0739728283033586,5.06561584764575,393.6044284326,570.20871246287
0.0740673074676819,5.27819396737311,393.698246417959,570.219285721356
0.0741618371818071,5.49088582415493,393.791855952163,570.229868078125
0.0742564179522883,5.70369255773746,393.885256828254,570.240459589665
0.0743510500611876,5.91661480276104,393.978448696726,570.251060287314
0.0744457338044541,6.12965322511052,394.071431193247,570.26167020392
0.0745404694992987,6.34280853851105,394.164203967745,570.272289374684
0.074635257347051,6.55608119595353,394.256766580396,570.282917821786
0.0747300977345284,6.76947206777777,394.349118722624,570.293555588172
0.0748249909072591,6.98298170642179,394.441259997227,570.304202700932
0.0749199371925605,7.19661084835004,394.533190055372,570.314859196301
0.0750149368152101,7.41035999931151,394.624908475978,570.325525098991
0.0751099900237076,7.62422971843091,394.716414843594,570.336200436344
0.0752050971068763,7.83822065556062,394.807708775343,570.346885240216
0.0753002583086335,8.05233335951436,394.89878985899,570.3575795374
0.0753954738290944,8.26656828055131,394.989657642926,570.368283349745
0.0754907439847758,8.4809261308345,395.080311758803,570.378996712166
0.0755860690392787,8.69540750346592,395.170751812012,570.389719653622
0.0756814491353171,8.91001271955234,395.260977309877,570.400452189452
0.0757768845668847,9.12474244057942,395.350987858613,570.411194351992
0.0758723755711255,9.33959720012123,395.440783038578,570.421946167176
0.075967922294274,9.55457732720529,395.530362356001,570.43270765068
0.0760635250649191,9.76968356115684,395.61972544287,570.443478838701
0.0761591841346469,9.9849164680444,395.708871895015,570.454259758765
0.076254899660287,10.2002764007346,395.797801229809,570.465050427698
0.0763506718664491,10.4157638645993,395.88651300191,570.475850869945
0.0764465010079015,10.6313794328672,395.9750067955,570.486661113346
0.0765423873001391,10.8471235904018,396.06328217051,570.497481181301
0.0766383309815136,11.0629968734944,396.151338699547,570.508311099777
0.0767343322562247,11.2789997415945,396.239175932032,570.519150890875
0.0768303914655147,11.4951329624971,396.326793514886,570.530000592165
0.0769265086642568,11.7113966596667,396.4141909003,570.540860208861
0.0770226841766562,11.9277915625653,396.501367704551,570.551729776584
0.0771189181386953,12.1443179771534,396.588323435056,570.56260930968
0.0772152108735146,12.3609766304967,396.675057716922,570.57349884364
0.0773115625453261,12.5777678920725,396.761570080111,570.584398395981
0.0774079733375414,12.794692174557,396.847860051556,570.595307986369
0.0775044435554192,13.0117501647821,396.933927246351,570.606227648254
0.077600973356645,13.2289422175401,397.01977118849,570.617157398376
0.0776975630097397,13.4462689370033,397.105391465585,570.628097266009
0.0777942128091327,13.6637309856375,397.190787695201,570.639047283363
0.0778909229270556,13.881328750964,397.275959412374,570.650007468798
0.0779876936135273,14.0990627955254,397.360906192885,570.660977849473
0.0780845250088052,14.3169334349005,397.44562754187,570.671958440093
0.0781814174116029,14.5349413411953,397.530123064445,570.682949273319
0.0782783709955174,14.7530869050031,397.614392295248,570.693950367616
0.0783753860645419,14.9713708103082,397.698434848108,570.704961756234
0.0784724628296199,15.1897935317337,397.782250285588,570.715983461862
0.0785696015265724,15.4083555998768,397.865838178329,570.727015510001
0.0786668023607485,15.627057476773,397.949198077237,570.738057922679
0.078764065666744,15.8458999152629,398.032329619484,570.749110736607
0.0788613915241465,16.0648830944186,398.115232280947,570.760173959506
0.078958780268845,16.2840077699902,398.197905685692,570.771247628211
0.0790562321415654,16.503274483611,398.280349418956,570.782331768747
0.0791537473756842,16.7226837603784,398.362563053663,570.793426406288
0.0792513262384613,16.9422362016268,398.444546183611,570.804531569859
0.0793489689524391,17.1619323080769,398.526298375804,570.815647283387
0.0794466757922368,17.3817726976217,398.607819227685,570.82677357672
0.0795444469230534,17.601757741959,398.689108268202,570.837910467238
0.0796422826501181,17.8218881278547,398.770165108434,570.849057988255
0.0797401832241819,18.0421644194981,398.850989337601,570.860216166883
0.0798381489226714,18.2625872410996,398.931580558556,570.871385033265
0.0799361799359734,18.4831570210291,399.011938318493,570.882564607612
0.0800342766007239,18.7038745167176,399.092062251674,570.893754926804
0.0801324391161553,18.9247401764383,399.171951916955,570.904956012048
0.0802306676776136,19.1457544397194,399.251606857065,570.916167884086
0.0803289626775533,19.3669181895837,399.3310267414,570.927390586156
0.0804273243790789,19.5882320180164,399.410211177032,570.938624146739
0.0805257529857801,19.8096963830941,399.489159720579,570.9498685875
0.0806242487211349,20.0313117876423,399.567871932647,570.961123932362
0.080722811939982,20.2530790300485,399.646347459644,570.972390220256
0.0808214428546787,20.474998588116,399.72458587129,570.983667473826
0.0809201416660602,20.6970709137244,399.802586716027,570.994955714381
0.0810189087386477,20.9192968270461,399.880349643335,571.006254981941
0.0811177443869007,21.1416770356155,399.957874288584,571.017565310812
0.0812166488839388,21.3642121539512,400.035160257725,571.02888673056
0.0813156223950882,21.5869025540374,400.112207083088,571.040219258398
0.0814146653343979,21.8097491674842,400.189014440501,571.051562940009
0.0815137778907546,22.0327524192868,400.265581890064,571.062917795291
0.0816129603930638,22.2559130494823,400.341909058257,571.074283860168
0.0817122131110787,22.4792316650159,400.417995546563,571.085661163786
0.0818115363054535,22.7027088523593,400.493840946058,571.097049734237
0.0819109303718786,22.9263455018157,400.56944492911,571.108449615093
0.0820103955187,23.1501420821639,400.644807066962,571.119860828441
0.0821099319596545,23.3740990743116,400.719926915812,571.131283396965
0.0822095402074386,23.5982176318258,400.79480421161,571.142717377656
0.0823092203227953,23.8224978913783,400.869438447357,571.154162775631
0.0824089727670513,24.0469408909544,400.943829314595,571.165619641977
0.0825087977694924,24.2715471464468,401.01797640056,571.177088001144
0.0826086957219881,24.4963175395621,401.0918793707,571.188567896246
0.082708666802705,24.7212524711752,401.165537776433,571.200059345838
0.0828087114899718,24.9463530175254,401.238951327079,571.211562402967
0.0829088299755432,25.1716196100611,401.312119589927,571.223077087739
0.0830090225736853,25.3970529558807,401.385042178631,571.234603434326
0.0831092895795456,25.6226537190665,401.457718703963,571.246141474699
0.0832096313967857,25.8484228078568,401.530148839319,571.257691253313
0.0833100482699827,26.07436077255,401.602332175994,571.269252796314
0.0834105405652873,26.3004684369853,401.674268360646,571.28082614383
0.0835111085762698,26.5267464616959,401.745957007587,571.292411327631
0.0836117526440218,26.753195614138,401.8173977522,571.304008384953
0.0837124731230184,26.9798166918802,401.88859024087,571.315617354573
0.0838132703521804,27.2066104574949,401.959534112449,571.327238273472
0.0839141446679496,27.4335776679755,402.030229002402,571.338871178342
0.0840150963473139,27.6607189465452,402.100674511473,571.350516099008
0.0841161257793432,27.888035168611,402.170870296959,571.36217307822
0.084217233356088,28.1155272162869,402.24081602741,571.373842159073
0.0843184193749752,28.343195758783,402.310511319686,571.385523373739
0.0844196841014664,28.5710413933884,402.379955763124,571.397216750686
0.0845210280064236,28.7990651795419,402.44914905555,571.408922342093
0.0846224514129736,29.0272678442795,402.518090832149,571.420640183086
0.0847239547179521,29.255650280481,402.586780756293,571.432370317299
0.0848255381367441,29.4842129727632,402.655218396799,571.444112767387
0.0849272022106465,29.7129571390434,402.723403482195,571.455867593672
0.0850289471759306,29.9418833109327,402.791335603943,571.467634821216
0.0851307734677904,30.1709924676173,402.859014435125,571.479414498071
0.0852326814324712,30.4002853881491,402.926439615275,571.491206662004
0.0853346714776636,30.629762989832,402.993610809786,571.503011357887
0.0854367439291713,30.8594260057243,403.060527644448,571.514828621109
0.0855388992333239,31.0892754400676,403.127189800879,571.52665850101
0.0856411377708754,31.3193121495584,403.193596935338,571.538501039339
0.0857434597987299,31.5495367122312,403.259748633785,571.550356263486
0.0858458658491066,31.7799503255788,403.325644612551,571.562224232734
0.0859483562260798,32.0105536737683,403.391284492205,571.574104979934
0.0860509313502157,32.2413477030743,403.456667935199,571.585998551427
0.0861535916355681,32.4723333451171,403.521794607437,571.597904992803
0.0862563375992935,32.7035117634993,403.586664226955,571.609824361612
0.0863591694347973,32.9348833933828,403.651276355218,571.621756677844
0.0864620876843626,33.1664494549047,403.71563070148,571.633702001951
0.0865650927706849,33.3982108991299,403.779726940535,571.645660380524
0.0866681850905016,33.6301686187176,403.843564726486,571.657631857132
0.0867713649637529,33.8623233335329,403.907143670494,571.669616466417
0.0868746329601702,34.0946763254719,403.970463499225,571.681614272033
0.08697798945379,34.3272284361164,404.033523862218,571.693625314907
0.0870814349475183,34.559980797005,404.096324456953,571.705649650938
0.0871849697264747,34.7929340496571,404.158864881956,571.717687310704
0.0872885942184883,35.0260891566876,404.221144786577,571.72973834136
0.0873923090430156,35.259447511874,404.283163921228,571.741802812357
0.0874961145030551,35.4930097969629,404.344921900441,571.753880756341
0.0876000111536711,35.7267772608489,404.406418433582,571.765972235276
0.0877039994018285,35.9607508192029,404.467653175344,571.778077293894
0.0878080795869118,36.1949312356405,404.528625737226,571.790195969049
0.0879122523055129,36.4293198524929,404.589335843382,571.80232832754
0.0880165180893266,36.6639178660737,404.649783206254,571.814474428624
0.0881208772707804,36.8987260243447,404.709967441242,571.82663430834
0.0882253303758172,37.1337455106775,404.769888234883,571.838808025264
0.0883298779672,37.3689775912889,404.829545302241,571.850995642273
0.0884345204649223,37.6044232111642,404.888938296058,571.863197205604
0.0885392582822873,37.8400833002354,404.948066853317,571.875412760701
0.0886440920539777,38.0759592865388,405.006930707494,571.88764237883
0.0887490221330842,38.3120519645283,405.065529480571,571.899886098415
0.0888540490538322,38.5483625362114,405.123862854242,571.912143979
0.088959173322837,38.7848921414721,405.181930507347,571.924416076912
0.0890643956031166,39.0216422721012,405.239732185718,571.936702466747
0.0891697162327271,39.2586136887249,405.29726750158,571.949003185158
0.0892751358346888,39.4958077931388,405.354536166541,571.961318302068
0.0893806548775647,39.7332256396095,405.411537841134,571.973647869363
0.0894862738336208,39.9708682907356,405.468272176458,571.985991939356
0.0895919933606077,40.2087372264563,405.524738900414,571.998350586042
0.0896978139346699,40.4468335180962,405.58093767469,572.010723862193
0.0898037360982524,40.6851583861567,405.636868175239,572.023111828328
0.0899097604373561,40.92371314914,405.692530097271,572.035514550062
0.0900158875535349,41.1624991605425,405.747923143834,572.047932094839
0.0901221179482715,41.4015175486997,405.803046975135,572.060364518391
0.0902284521723498,41.6407695528759,405.857901262211,572.072811882218
0.0903348909088482,41.8802567099974,405.912485730881,572.085274263312
0.0904414345377693,42.1199798750698,405.966799989704,572.09775170318
0.0905480838458409,42.359940818231,406.020843790568,572.110244290956
0.0906548392681442,42.6001405184133,406.074616765915,572.122752074596
0.0907617015270029,42.8405806008453,406.128118640301,572.135275135706
0.0908686711747148,43.0812623081972,406.181349084266,572.147813535975
0.0909757488150305,43.3221869989075,406.23430777655,572.160367343122
0.0910829351650201,43.5633562863842,406.28699443996,572.172936638158
0.091190230748901,43.804771350116,406.339408726395,572.185521479488
0.0912976360574813,44.0464332944219,406.391550259553,572.19812192158
0.0914051519301241,44.2883440078682,406.443418791888,572.210738059802
0.0915127789557331,44.5305048154885,406.495013999227,572.223369960151
0.0916205177857276,44.772917182976,406.546335564425,572.236017695957
0.0917283690551167,45.0155825391016,406.597383162748,572.248681338627
0.0918363333880545,45.2585022882116,406.648156461308,572.261360958294
0.0919444114912749,45.5016780204574,406.698655154237,572.274056634792
0.0920526041170305,45.7451114284075,406.748878954576,572.286768453314
0.0921609119399077,45.9888040298813,406.798827546472,572.299496489938
0.0922693356347743,46.2327573433311,406.848500605715,572.312240820774
0.0923778758009196,46.4769727171579,406.897897775975,572.325001513049
0.09248653326448,46.7214520101688,406.947018775074,572.337778660661
0.0925953086660323,46.9661966636616,406.995863263763,572.350572335702
0.0927042027621727,47.2112083799776,407.044430930847,572.363382623909
0.0928132163018409,47.456488844231,407.092721464224,572.376209610127
0.0929223499289757,47.7020395052843,407.140734510927,572.389053366849
0.0930316044918868,47.9478622718342,407.188469779404,572.401913990622
0.0931409807199571,48.1939587849923,407.235926944014,572.414791564011
0.0932504794050887,48.4403308265384,407.283105690846,572.427686176942
0.0933601013441894,48.6869801895151,407.330005706122,572.440597919942
0.0934698472294498,48.933908431351,407.376626636437,572.453526871206
0.0935797178857574,49.181117408043,407.422968162839,572.466473124564
0.0936897142043553,49.4286091248883,407.469029991214,572.479436781681
0.0937998368458979,49.6763850683592,407.514811750448,572.492417917051
0.0939100867211711,49.9244472877238,407.560313134938,572.505416634652
0.0940204646632355,50.1727976573687,407.605533821308,572.518433029315
0.0941309715024253,50.4214380455458,407.650473477637,572.531467195557
0.0942416080988356,50.6703703874689,407.695131775924,572.544519231411
0.0943523753340454,50.919596666691,407.739508391469,572.557589237455
0.0944632740354549,51.1691187448624,407.783602978368,572.570677307884
0.0945743050900515,51.4189386177048,407.827415201468,572.583783543927
0.0946854694617578,51.6690584540439,407.870944747322,572.596908055911
0.0947967679033954,51.9194799477285,407.914191235582,572.610050929246
0.0949082014419115,52.1702054093898,407.957154354478,572.623212281714
0.0950197709945497,52.4212369028258,407.999833766078,572.636392218161
0.0951314775077589,52.6725765575465,408.042229131416,572.649590846892
0.0952433219640911,52.9242265842938,408.084340117229,572.662808280486
0.0953553052934554,53.1761890753636,408.126166370242,572.676044625315
0.0954674284275509,53.4284661270785,408.167707529005,572.689299987968
0.0955796924772769,53.6810602389619,408.208963278467,572.702574496231
0.0956920983608912,53.933973477094,408.249933249797,572.71586825513
0.0958046470795046,54.1872080939743,408.290617083029,572.729181379493
0.0959173396619613,54.4407664045018,408.33101442254,572.742513987439
0.0960301772268093,54.6946509254098,408.37112493342,572.755866207718
0.0961431607506141,54.9488638539705,408.410948238206,572.769238152289
0.0962562912922718,55.2034075727005,408.450483969075,572.782629942866
0.096369570073312,55.4582848300409,408.489731799382,572.796041720429
0.0964829980231298,55.7134977171309,408.528691322758,572.809473591388
0.0965965763946586,55.9690490530708,408.567362200848,572.822925700471
0.0967103063347167,56.2249414182014,408.60574407236,572.836398179863
0.0968241888720229,56.4811771271404,408.64383653322,572.849891147769
0.0969382252645168,56.7377590102518,408.681639226396,572.86340474956
0.0970524166552636,56.994689639432,408.719151766309,572.876939117016
0.0971667643324683,57.2519719131425,408.756373793034,572.890494399137
0.0972812693201236,57.5096081353669,408.793304875731,572.904070713612
0.0973959330392014,57.767601503292,408.829944665793,572.917668225211
0.0975107566180602,58.0259545557244,408.866292747723,572.931287064029
0.0976257413930314,58.2846702994095,408.902348738702,572.944927384836
0.0977408887281422,58.5437518034088,408.938112261119,572.958589345715
0.0978561998893329,58.803201916088,408.973582905822,572.972273093129
0.0979716761191986,59.0630234332856,409.008760244359,572.98597877078
0.0980873187646675,59.3232193855909,409.043643862504,572.999706534769
0.0982031293144709,59.5837931226483,409.078233374533,573.013456558052
0.098319109109279,59.8447476609666,409.112528355882,573.027228996033
0.0984352594410479,60.1060859074467,409.146528354925,573.041023998339
0.0985515819860633,60.3678116337313,409.180232996132,573.054841760266
0.0986680780979548,60.6299278854871,409.213641834041,573.068682438815
0.0987847492267182,60.8924379252048,409.24675442308,573.082546202444
0.0989015968507128,61.1553450791927,409.279570315236,573.096433223003
0.0990186225830674,61.4186529769905,409.312089082745,573.110343688381
0.0991358279196529,61.6823649843079,409.344310265767,573.124277772554
0.0992532144869335,61.9464847606893,409.376233417181,573.138235665044
0.0993707839330746,62.2110160145066,409.407858086672,573.152217557982
0.0994885378259234,62.4759622734166,409.439183795668,573.166223633966
0.0996064779465348,62.7413275447921,409.470210094907,573.180254100982
0.0997246058826853,63.0071154011308,409.500936489206,573.194309144047
0.0998429233544309,63.2733297125584,409.531362491422,573.208388963938
0.0999614322188865,63.5399746575835,409.561487632741,573.22249377777
0.10008013401713,63.8070537036317,409.591311372465,573.236623765069
0.100199030872778,64.0745716288398,409.620833261315,573.250779174726
0.100318124485397,64.3425322572316,409.650052770862,573.26496020519
0.100437416818604,64.6109400069478,409.678969396896,573.27916708637
0.100556909618041,64.8797988056808,409.707582585591,573.293400022244
0.100676605045653,65.1491135178072,409.735891840355,573.307659266404
0.100796504912527,65.4188882182754,409.763896596131,573.32194503068
0.100916611328558,65.6891276543439,409.791596317211,573.336257562526
0.101036926410183,65.9598365880008,409.818990460793,573.350597110217
0.101157452136753,66.2310194727822,409.846078443808,573.364963905718
0.101278190727154,66.5026813011849,409.872859704316,573.379358209573
0.101399144338027,66.7748269256506,409.899333658735,573.393780274946
0.101520315184855,67.0474613310133,409.925499714631,573.408230362048
0.101641705631136,67.3205898351459,409.95135728781,573.422708748777
0.101763317980732,67.5942176217368,409.976905769486,573.437215705961
0.101885154488414,67.8683497640197,410.002144522122,573.451751498599
0.102007217638453,68.1429918516091,410.027072924345,573.466316419109
0.102129509885236,68.4181494068692,410.051690336074,573.480910756384
0.10225203396452,68.6938285852582,410.075996140597,573.495534832942
0.102374792152917,68.9700345091516,410.099989635543,573.510188916537
0.102497787260488,69.2467735011877,410.123670167127,573.524873338638
0.102621021862206,69.5240513550531,410.14703703641,573.539588402693
0.102744498631892,69.8018740868463,410.170089531909,573.554334423989
0.102868220539864,70.0802483797828,410.192826964083,573.56911175327
0.102992190423821,70.3591806186865,410.215248607647,573.583920725493
0.103116411197259,70.6386773589223,410.237353720574,573.598761684712
0.103240885849546,70.9187453265673,410.259141547354,573.613634984091
0.103365617474549,71.1993914828244,410.280611322665,573.628540989332
0.103490609047494,71.4806225219494,410.301762241263,573.643480052005
0.103615863888154,71.7624459134361,410.322593513837,573.658452564907
0.103741385315693,72.0448691253988,410.343104330326,573.673458920822
0.103867176560418,72.3278994260297,410.363293841138,573.688499501963
0.103993241244022,72.6115449641388,410.38316121395,573.703574737392
0.104119582914179,72.8958137219923,410.402705584558,573.718685047388
0.1042462051743,73.1807138072634,410.421926062886,573.733830858951
0.104373111618461,73.4662533066252,410.440821726281,573.74901259802
0.104500306070326,73.7524408233223,410.459391645591,573.764230718058
0.104627792443124,74.0392851621189,410.477634872378,573.779485683307
0.104755574861237,74.3267956028725,410.495550448528,573.794777983345
0.104883657348353,74.6149811988839,410.513137372538,573.810108095768
0.105012044192521,74.9038515982613,410.530394631958,573.825476529879
0.105140739666442,75.193416414583,410.547321178721,573.840883793216
0.105269748238889,75.4836857025886,410.563915945264,573.856330416857
0.105399074593335,75.7746700000919,410.580177847705,573.871816957668
0.105528723319563,76.0663796341065,410.596105754633,573.887343961373
0.105658699447218,76.3588259213285,410.611698531352,573.90291202645
0.105789007771204,76.6520196502982,410.626954983252,573.918521723347
0.105919653625687,76.9459728228844,410.641873914768,573.934173687188
0.106050642244444,77.2406972150887,410.656454081146,573.949868541167
0.106181978954263,77.5362048121798,410.67069419523,573.965606919702
0.106313669638238,77.8325088511237,410.684592965977,573.981389523968
0.106445719778121,78.1296216658617,410.698149024753,573.997217007139
0.106578135573248,78.4275572048973,410.7113609997,574.013090108489
0.106710923290257,78.7263295681661,410.724227475924,574.02900957547
0.106844089149073,79.0259527505024,410.736746977465,574.04497615004
0.106977639924623,79.326441995491,410.748918006218,574.060990640804
0.107111582467781,79.6278127175955,410.760739012157,574.077053865595
0.107245923605717,79.930080277952,410.772208379255,574.093166639515
0.107380670684721,80.2332612057112,410.783324457003,574.109329840039
0.107515831484577,80.5373730053863,410.794085556625,574.125544396774
0.107651413737366,80.8424330741623,410.804489917296,574.141811233737
0.107787425575117,81.1484597091018,410.814535724128,574.158131323061
0.107923875552583,81.4554721584001,410.824221109386,574.17450568774
0.10806077233851,81.7634899267368,410.833544132208,574.190935364595
0.108198125054053,82.0725335367088,410.84250278924,574.207421444891
0.108335943242835,82.382624461468,410.851095010961,574.223965070758
0.108474236709644,82.6937847617885,410.859318648997,574.24056741584
0.108613015805294,83.0060377270012,410.867171482229,574.2572297195
0.108752291083788,83.319407103613,410.874651198949,574.273953245676
0.108892073789452,83.6339181913564,410.881755408313,574.290739341378
0.109032375650768,83.9495973793164,410.888481628677,574.307589411951
0.10917320872333,84.2664717925813,410.894827274215,574.324504902231
0.109314585684433,84.5845699550637,410.900789657049,574.341487331929
0.109456519969557,84.9039220965924,410.906365984978,574.358538312055
0.109599025554661,85.2245596630763,410.911553347107,574.375659518782
0.109742117000623,85.5465154164916,410.916348705287,574.392852698798
0.109885809808553,85.8698242343329,410.920748893077,574.410119712021
0.110030120127365,86.1945224516597,410.92475060016,574.427462496483
0.110175065007726,86.5206484324727,410.928350365026,574.444883098869
0.110320662173782,86.8482420560994,410.931544560558,574.462383647102
0.110466930913158,87.1773467196945,410.934329392582,574.479966457349
0.11061389097106,87.5080068499745,410.936700873814,574.497633901119
0.110761563465973,87.840269963529,410.938654816269,574.515388515358
0.110909970865214,88.1741866118209,410.940186815783,574.533232999556
0.111059137196075,88.5098108562587,410.941292233179,574.551170241175
0.111209087608166,88.847199283462,410.94196617284,574.569203263056
0.111359849077398,89.1864125892349,410.942203461571,574.587335308121
0.111511450227608,89.5275151772075,410.941998625338,574.605569817958
0.111663922074116,89.8705768318504,410.941345858308,574.623910522316
0.111817297700051,90.2156719902034,410.940238993142,574.642361400236
0.111971612619462,90.5628805588791,410.938671464311,574.660926723788
0.112126904747476,90.9122878469099,410.936636272461,574.679611054543
0.112283215673683,91.2639874308748,410.934125925207,574.69841939686
0.112440589893171,91.618079424723,410.931132399016,574.717357105457
0.112599075975575,91.9746731101334,410.92764706686,574.73643002617
0.112758726566947,92.3338869407185,410.923660636167,574.755644496288
0.112919599983552,92.6958521280806,410.919163041514,574.775007536497
0.113081759279457,93.0607105438677,410.914143384043,574.794526738796
0.113245274658462,93.4286201466286,410.90858977799,574.814210556963
0.113410223334639,93.7997546680276,410.902489240505,574.834068289959
0.113576691619614,94.1743083092192,410.895827500565,574.854110333404
0.113744776117494,94.552498429451,410.888588801206,574.874348323703
0.113914585353078,94.9345692095149,410.880755659472,574.894795334357
0.114086242877108,95.320798638581,410.872308526117,574.915466250216
0.114259888699691,95.7115017393939,410.863225458261,574.936377940492
0.114435685256052,96.1070439912068,410.853481537303,574.957549977664
0.114613820934409,96.5078492675096,410.843048280094,574.979005062968
0.114794517255829,96.9144159907034,410.831892776851,575.000769891878
0.114978038376107,97.3273385113298,410.819976528058,575.022876299524
0.11516470301452,97.7473339477587,410.807253914997,575.045362698766
0.115354904448794,98.1752871748764,410.793669880625,575.068276490399
0.115549136084034,98.612308354165,410.779156749887,575.091677145535
0.115748035590069,99.059832242744,410.763629141445,575.115641525993
0.115952452377273,99.519770013954,410.746976052179,575.140272018151
0.116163569599191,99.9947837632692,410.72904706747,575.165711239209
0.116383129978541,100.488794616806,410.709627065777,575.19216925826
0.116613923362785,101.008079731354,410.688383084395,575.219982365038
0.116861022502544,101.564052795813,410.664732764465,575.249762025239
0.117136084071986,102.182941327057,410.637400959884,575.282913296331
0.117490192941581,102.979686283647,410.601172369256,575.325593555039
0.117820686442652,103.723296661056,410.564105530348,575.365429509171
0.118045388950521,104.228877303761,410.53600045991,575.392516247345
0.11827009145839,104.734457946465,410.508623042989,575.419605157372
0.118467080266724,105.177682765218,410.483646357129,575.443354004467
0.118658416080491,105.608188346194,410.459148823925,575.466422136599
0.118844355848466,106.026552824137,410.434847239739,575.488840212952
0.119027568481219,106.438781247831,410.410429819755,575.510929899701
0.119208575579861,106.846047219777,410.385807025195,575.53275400848
0.119387735829025,107.249157780394,410.360938960624,575.55435574068
0.119565173571492,107.648392700947,410.335819044582,575.575750052715
0.119740965241012,108.043923957365,410.310450765528,575.596946129025
0.119915168085443,108.435880357335,410.284840841943,575.617950842202
0.120087838590529,108.824388993779,410.258995927678,575.638770973607
0.120259035929622,109.209583006738,410.232921630782,575.659413629146
0.120428821225472,109.5915999224,410.206622426318,575.679886150332
0.120597256313779,109.970578871091,410.1801018011,575.700195965321
0.120764402037237,110.346656748873,410.153362518727,575.720350383305
0.120930317615882,110.719966800822,410.12640677925,575.740356518647
0.121095059244906,111.090635466127,410.09923647506,575.760221121826
0.121258680641448,111.458783608346,410.071853204625,575.779950645368
0.121421231909009,111.824523960359,410.044258477064,575.799551106899
0.121582760872216,112.187964127576,410.01645360366,575.819028250058
0.121743311700015,112.549203490122,409.98843991618,575.838387378438
0.121902925992239,112.908335647627,409.960218689148,575.857633486586
0.12206164288488,113.265448656068,409.931791146654,575.876771272634
0.122219498529294,113.620623856001,409.903158574763,575.895805075482
0.122376527117342,113.973938179109,409.874322219628,575.914738998364
0.12253276088165,114.325464148801,409.845283296484,575.933576908841
0.122688229615337,114.675268799598,409.816043091161,575.952322380864
0.122842961410384,115.023415338454,409.78660288859,575.970978783779
0.122996983081902,115.369964099368,409.756963914064,575.98954933344
0.123150319263166,115.714970507212,409.727127486564,576.008036983082
0.123302993824994,116.058488271325,409.697094836002,576.026444594426
0.123455028565632,116.400566437761,409.66686730088,576.044774779702
0.123606444529938,116.741252357449,409.636446162622,576.063030060682
0.123757261445162,117.080590416704,409.605832723647,576.08121280063
0.123907498087485,117.41862286193,409.575028272327,576.099325248478
0.124057172370749,117.755389999274,409.54403407324,576.117369549506
0.124206301042271,118.090929510199,409.512851428588,576.135347708656
0.124354900270924,118.425277774669,409.481481597862,576.153261661421
0.124502984982026,118.758468374648,409.449925909569,576.171113193646
0.124650570052513,119.090534783244,409.418185578943,576.188904085598
0.124797669103802,119.421507648643,409.386261897544,576.20663596643
0.124944295364472,119.75141673515,409.354156120417,576.224310418177
0.12509046123594,120.080289945954,409.321869532153,576.241928923386
0.125236178964277,120.408154834712,409.28940334194,576.259492946084
0.125381459724772,120.735036545825,409.256758839575,576.277003821433
0.125526314753691,121.060960360894,409.223937218991,576.294462892136
0.125670754427423,121.38594962679,409.190939724113,576.311871397434
0.125814789038653,121.710027502057,409.157767533126,576.329230566657
0.12595842786529,122.033214861992,409.124421920394,576.346541507
0.126101680695386,122.355533729708,409.090903996884,576.363805387301
0.12624455602702,122.677003225883,409.057215015498,576.381023221084
0.126387062631683,122.997643086375,409.023356125622,576.398196054981
0.126529208733657,123.317471815817,408.989328493631,576.415324869815
0.126671002320487,123.636507386184,408.955133266017,576.432410618022
0.126812451024768,123.954766970816,408.920771589878,576.449454209394
0.126953562425574,124.272267622631,408.886244558734,576.466456547402
0.127094343213298,124.58902439501,408.851553375133,576.483418428562
0.127234800537968,124.905053375517,408.816699108486,576.500340704894
0.127374940957578,125.22036931964,408.781682868914,576.517224157192
0.127514770828097,125.534986528307,408.746505760394,576.534069542026
0.127654296556112,125.848919416341,408.71116882221,576.550877622165
0.127793523823077,126.162180767012,408.675673182935,576.567649073128
0.127932458798658,126.474784462068,408.640019834709,576.584384629345
0.128071106725718,126.786742297953,408.604209894514,576.601084913695
0.128209473054194,127.098066537026,408.568244411797,576.617750574106
0.128347563229163,127.408769430705,408.53212438079,576.634382258
0.128485382131983,127.718861962049,408.495850864595,576.650980544991
0.128622934774182,128.028355406998,408.459424868958,576.667546030459
0.1287602260115,128.337260690964,408.422847383354,576.6840792911
0.128897260478211,128.645588241064,408.386119403934,576.700580877019
0.129034042782541,128.953348425807,408.349241895952,576.717051335258
0.129170577019395,129.260550458728,408.312215897302,576.733491151128
0.129306867706249,129.567204504149,408.275042328952,576.749900860897
0.129442918973568,129.873319855617,408.237722143648,576.766280954296
0.129578734813933,130.178905496437,408.200256297424,576.782631904528
0.129714319002863,130.483969921531,408.162645764445,576.798954158732
0.129849675660418,130.78852240103,408.124891411666,576.815248205591
0.129984808158558,131.092570521845,408.086994228719,576.831514443788
0.130119720333623,131.396122915741,408.048955089979,576.847753327977
0.130254415687995,131.699187463078,408.010774898192,576.863965272665
0.130357508962902,131.931147331618,407.97984714433,576.876373241885
0.130357508962904,131.931147331623,407.974380153195,576.876373241885
0.130491990845141,132.233731566656,407.94167714275,576.892560471139
0.130622057984723,132.526382630714,407.905148814549,576.908213197316
0.13075579352178,132.827287589094,407.866857127458,576.924306165671
0.130889876660329,133.128974650828,407.828003158735,576.940439974825
0.13102393360709,133.430602781042,407.788892845856,576.956569746342
0.131157777249706,133.731750976928,407.749628917649,576.972672984289
0.131291370518123,134.032335830866,407.710240592926,576.988745226806
0.13142471047434,134.332350732353,407.670735492105,577.004786112356
0.131557805380485,134.63181427118,407.631114519111,577.020796625415
0.131690665080823,134.93074859694,407.591376912943,577.036777940702
0.131823299566138,135.229176188899,407.551521518413,577.052731250863
0.131955717811997,135.527117242081,407.511547310435,577.06865762679
0.132087927751991,135.824589607068,407.471453501569,577.084558014408
0.132219936723368,136.121609792668,407.431239455757,577.100433288234
0.132351751005642,136.418191927784,407.390904793366,577.116284195858
0.132483376369097,136.714348995558,407.350449275998,577.132111423879
0.132614818038654,137.010092752061,407.309872798483,577.147915593532
0.132746080846687,137.305434070134,407.269175351072,577.163697279034
0.132877168810524,137.600381988767,407.228357123621,577.179456956777
0.13300808624378,137.894946213594,407.187418241179,577.195195138921
0.133138836529365,138.189134356161,407.146359034467,577.21091222586
0.133269423034207,138.482953992055,407.105179853653,577.226608616197
0.133399848919649,138.776412234298,407.063881085914,577.242284683919
0.133530117298706,139.069516087176,407.022463117983,577.257940797296
0.133660230730072,139.362271307751,406.98092646336,577.273577258058
0.133790191988592,139.654684139421,406.939271583649,577.289194393993
0.133920003378758,139.946759767294,406.897499038793,577.304792476433
0.134049667394813,140.238503803419,406.855609339558,577.320371799576
0.134179186175551,140.529921060079,406.813603067018,577.335932614969
0.134308561925789,140.821016498114,406.77148078189,577.351475182145
0.134437796554767,141.111794413314,406.729243106175,577.366999725182
0.134566892167687,141.402259542384,406.686890605783,577.382506491746
0.134695850591386,141.692415995708,406.64442389812,577.397995696103
0.134824673743735,141.982268088493,406.60184357148,577.4134675635
0.134953363496136,142.271820031395,406.559150208379,577.428922313637
0.135081921388114,142.561075288346,406.516344468301,577.444360126396
0.135210349143735,142.850037738493,406.473426961598,577.459781203861
0.135338648407677,143.138711082362,406.430398299687,577.475185738616
0.135466820711632,143.427098766261,406.387259113472,577.490573909709
0.135594867767658,143.715204642318,406.344009975547,577.505945917874
0.135722790971598,144.003031851184,406.300651524682,577.52130192591
0.135850591826867,144.29058377554,406.257184370265,577.536642109563
0.135978271839102,144.577863803068,406.213609104953,577.55196664487
0.136105832383539,144.864875028051,406.169926344282,577.567275692246
0.136233274780788,145.151620421862,406.126136712907,577.582569405578
0.136360600425579,145.438103122641,406.082240805962,577.597847947674
0.136487810670087,145.724326172784,406.03823921526,577.613111476259
0.136614906807235,146.010292481369,405.994132538919,577.628360141974
0.136741890069124,146.296004820618,405.949921383923,577.643594088187
0.13686876183787,146.581466300296,405.90560630618,577.658813476285
0.136995523403795,146.866679823628,405.86118786927,577.674018456661
0.137122175768842,147.151647644983,405.816666712237,577.689209145146
0.137248720254267,147.43637273719,405.772043386225,577.704385695895
0.13737515805116,147.7208577802,405.727318455591,577.719548247467
0.137501490335482,148.005105419922,405.682492482434,577.734696936627
0.137627718078396,148.28911784148,405.637566079911,577.749831875608
0.137753842515377,148.572897824686,405.592539784414,577.764953208358
0.137879864809034,148.856447985415,405.547414131619,577.780061070102
0.138005785777437,149.139770164322,405.502189750586,577.795155554784
0.138131606706263,149.422867254181,405.456867140716,577.810236812429
0.138257328597332,149.705741509087,405.411446854561,577.825304959042
0.138382952511225,149.988395315346,405.365929428571,577.840360117699
0.138508479568881,150.27083119507,405.320315370548,577.855402418721
0.138633910376993,150.553050513322,405.274605329878,577.870431930831
0.13875924632948,150.83505640642,405.228799737409,577.885448817105
0.138884488320289,151.11685088574,405.182899128058,577.900453180711
0.139009637215629,151.398435900255,405.136904056158,577.915445121528
0.139134694042733,151.679813761237,405.090815023875,577.930424758739
0.139259659651987,151.960986382059,405.044632570802,577.94539219036
0.139384534952011,152.241955807113,404.998357218583,577.960347521402
0.139509320980161,152.522724370452,404.951989439489,577.975290872307
0.139634018465385,152.803293712206,404.905529784665,577.990222326598
0.139758628424011,153.083666119113,404.858978724445,578.005142002234
0.139883151561755,153.363843179038,404.812336804024,578.020049979993
0.140007588947678,153.643827297363,404.765604463195,578.034946384174
0.140131941170918,153.923619799655,404.718782265289,578.049831281636
0.140256209336587,154.203223172409,404.671870629163,578.064704801018
0.14038039391471,154.482638473186,404.624870139598,578.079566994959
0.140504496059253,154.761868298408,404.577781191402,578.094417997975
0.140628516490772,155.040914269326,404.530604275,578.109257892713
0.140752455833383,155.3197777902,404.483339922064,578.124086750309
0.140876315003263,155.598460922431,404.43598857431,578.13890467686
0.141000094588637,155.876964989522,404.38855075511,578.153711739239
0.141123795525236,156.15529209687,404.341026886861,578.168508045906
0.141247418664877,156.433444161061,404.293417394755,578.183293695285
0.141370964648437,156.711422624072,404.245722765633,578.19806876059
0.141494434141942,156.989228984457,404.197943484077,578.212833318062
0.141617827810912,157.266864739642,404.15008002936,578.227587443896
0.141741146340408,157.544331431007,404.102132868392,578.242331216641
0.141864390661624,157.821631153742,404.054102381592,578.257064744279
0.14198756137727,158.098765263947,404.005989034041,578.271788095526
0.14211065908347,158.375735102898,403.957793302951,578.286501338339
0.14223368446967,158.652542221845,403.909515632852,578.301204551841
0.142356638281631,158.929188298758,403.86115643922,578.315897821893
0.142479521072592,159.20567457842,403.812716189798,578.330581211363
0.142602333682813,159.482002951418,403.76419526345,578.345254817429
0.142725076484667,159.75817425559,403.715594170895,578.359918681375
0.142847750301057,160.034190342467,403.666913294612,578.374572898329
0.142970355819603,160.310052759195,403.618153033787,578.389217547261
0.143092893547439,160.585762646828,403.569313844901,578.403852685594
0.143215364060114,160.861321300347,403.520396167841,578.418478378943
0.143337768035058,161.136730243969,403.471400401627,578.4330947051
0.143460106090022,161.411990867639,403.422326953113,578.447701734736
0.143582378704567,161.687104250365,403.373176271857,578.462299522038
0.143704586551082,161.962071905024,403.323948746893,578.476888144228
0.143826730287076,162.236895311011,403.274644757044,578.491467676756
0.143948810319573,162.511575384128,403.225264758351,578.506038165184
0.144070827290643,162.786113569037,403.175809138191,578.52059968315
0.144192781661739,163.060510904001,403.12627832809,578.535152282739
0.144314674176293,163.334769061749,403.076672668783,578.549696049697
0.144436505264979,163.608889011292,403.026992585664,578.564231032458
0.144558275298911,163.882871587639,402.977238535356,578.578757272372
0.144679985195359,164.156718854647,402.92741079222,578.593274875947
0.144801635169268,164.430431295941,402.877509831137,578.607783865918
0.144923225939789,164.704010529614,402.827535988204,578.622284325178
0.145044757979391,164.977457618719,402.77748965477,578.636776307201
0.145166231504569,165.250773050368,402.727371315196,578.651259834964
0.145287647507048,165.523959055947,402.677181203092,578.66573502388
0.145409006190888,165.797016094588,402.62691977199,578.680201895449
0.145530308135545,166.069945470064,402.576587382563,578.694660515952
0.145651553847741,166.342748322507,402.526184400547,578.709110943
0.1457727437427,166.615425586165,402.475711220248,578.723553223312
0.145893878386364,166.887978534408,402.425168185812,578.737987421577
0.146014958217938,167.16040815545,402.374555672555,578.752413587388
0.146135983638161,167.432715350951,402.323874071156,578.76683176577
0.146256955189213,167.704901340818,402.273123722882,578.781242018609
0.146377873321097,167.976967137558,402.222304988666,578.795644396811
0.146498738430791,168.248913634368,402.171418247946,578.810038944983
0.146619551119718,168.520742184454,402.120463809179,578.824425732085
0.146740311754704,168.792453613173,402.069442046421,578.838804799147
0.146861020679273,169.064048693454,402.018353350323,578.853176184439
0.14698167842355,169.335528618076,401.967198046356,578.867539948458
0.147102285390557,169.606894293842,401.915976489623,578.881896136574
0.14722284187274,169.878146378753,401.864689076107,578.896244781009
0.147343348592431,170.149286498058,401.813336055168,578.910585965154
0.147463805822009,170.42031526461,401.761917804964,578.924919718852
0.147584213919587,170.69123348416,401.710434693279,578.939246082169
0.147704573216726,170.962041902722,401.658887092793,578.953565092022
0.147824884444263,171.23274216468,401.607275232929,578.967876832831
0.147945147792017,171.503334697128,401.555599505857,578.982181324655
0.148065363668141,171.773820418406,401.503860252379,578.99647861355
0.148185532507589,172.044200307163,401.452057792041,579.010768748758
0.148305654553452,172.314474910356,401.400192505939,579.025051756719
0.148425730340262,172.584645430677,401.348264679551,579.039327698534
0.148545760189932,172.854712592437,401.296274654382,579.053596610029
0.148665744687287,173.124677711484,401.24422268496,579.067858558288
0.148785683896417,173.394540932026,401.192109194002,579.082113548508
0.148905578347213,173.664303446318,401.139934464577,579.096361641266
0.149025428432096,173.933966137305,401.087698801718,579.110602880798
0.149145234542526,174.203529885772,401.03540251174,579.124837311232
0.149264996939288,174.472995278486,400.983045945672,579.139064961182
0.149384716080552,174.742363346331,400.930629388761,579.15328588272
0.149504392168075,175.011634543257,400.878153204657,579.167500097466
0.149624025627477,175.280809826912,400.825617687425,579.181707653642
0.149743616967691,175.549890342393,400.773023086017,579.195908609358
0.14986316644255,175.818876660826,400.720369731146,579.210102992439
0.149982674151117,176.087769005101,400.66765802196,579.224290812356
0.150102140740856,176.356568832016,400.614888168007,579.23847214369
0.150221566368467,176.625276494139,400.562060521448,579.252647002761
0.150340951549336,176.893893151095,400.5091753262,579.266815448477
0.150460296491065,177.162419269985,400.456232917165,579.280977503218
0.150579601562844,177.430855681489,400.403233583812,579.295133208552
0.150698867159128,177.699203273128,400.350177596005,579.309282609047
0.150818093356867,177.96746221804,400.297065334314,579.323425711615
0.15093728064606,178.235633618723,400.243897044988,579.337562572178
0.151056429421079,178.503718362518,400.190672983309,579.351693235307
0.151175539855828,178.771716840703,400.137393484899,579.365817719438
0.151294612386968,179.039630035767,400.084058800512,579.379936074176
0.151413647105313,179.307458152043,400.030669291561,579.394048308123
0.151532644633449,179.575202590349,399.977225140007,579.408154492934
0.151651605063422,179.842863557787,399.923726690353,579.422254637369
0.151770528740924,180.110441832168,399.870174219536,579.436348780271
0.151889415916459,180.377937977122,399.816568025995,579.450436949205
0.152008266922498,180.645352740709,399.762908379273,579.464519181456
0.152127082032325,180.91268673782,399.709195563736,579.478595507299
0.152245861650087,181.179940877784,399.655429815378,579.49266597252
0.152364605839755,181.447115304539,399.601611486629,579.506730582613
0.152483315152766,181.714211258813,399.547740766205,579.52078940082
0.152601989688232,181.981228963611,399.49381798117,579.534842436811
0.152720629807299,182.248169231513,399.439843382703,579.548889731301
0.152839235882457,182.515032900617,399.385817202376,579.562931326342
0.152957807956383,182.78182006695,399.331739790174,579.576967224954
0.153076346500073,183.048531790253,399.277611353993,579.590997480869
0.1531948516848,183.315168455889,399.223432187605,579.605022112338
0.153313323791664,183.581730696334,399.169202556475,579.619041150627
0.153431763170435,183.848219298568,399.114922693284,579.633054635123
0.15355016997124,184.114634600379,399.060592898439,579.647062581603
0.153668544599464,184.380977513883,399.006213385781,579.661065036045
0.15378688713203,184.647248212156,398.951784476549,579.675062005579
0.153905197873262,184.913447379928,398.897306422844,579.689053524246
0.154023477169104,185.179575795574,398.842779446956,579.703039631005
0.154141725134778,185.445633718339,398.788203851727,579.717020337539
0.154259942185312,185.711622082041,398.733579838243,579.730995690987
0.15437812859148,185.977541495919,398.678907642765,579.744965721428
0.154496284449171,186.243392175724,398.624187572655,579.758930438282
0.154614410130763,186.509174959305,398.569419840554,579.772889883658
0.154732505805679,186.774890227868,398.514604718293,579.786844075676
0.154850571705467,187.04053850239,398.459742462558,579.80079303981
0.154968608093534,187.306120375541,398.404833313511,579.814736805302
0.155086615336954,187.571636673235,398.349877466761,579.828675413637
0.155204593449285,187.837087425979,398.294875244198,579.842608864556
0.155322542750328,188.102473353328,398.239826870615,579.856537193978
0.155440463573889,188.36779520634,398.184732546643,579.870460439472
0.155558356071475,188.633053325908,398.129592537079,579.884378617085
0.155676220524946,188.898248346217,398.074407066102,579.898291758265
0.155794056925006,189.163380246353,398.019176461799,579.912199860097
0.155911865840866,189.428450307037,397.963900845153,579.926102987953
0.156029647393179,189.693458799741,397.908580472572,579.940001154257
0.156147401778161,189.958406165951,397.853215593286,579.953894380366
0.15626512917548,190.22329280992,397.797806460371,579.96778268569
0.156382829862099,190.488119354812,397.742353288208,579.981666101122
0.156500504047445,190.75288627184,397.686856309015,579.995544649589
0.156618151856915,191.017593843147,397.631315789325,580.009418344119
0.156735773642386,191.282242860457,397.575731911972,580.023287224448
0.156853369342349,191.546833185374,397.520105004848,580.037151281579
0.15697093957232,191.811366202809,397.464435155445,580.051010586338
0.157088484240848,192.075841706996,397.408722683717,580.064865126201
0.157206003788293,192.340260688749,397.35296774083,580.07871495135
0.157323498223381,192.604623167697,397.29717061603,580.092560061089
0.157440967967272,192.868930091452,397.241331459552,580.106400503335
0.157558413031573,193.133181486128,397.185450556521,580.120236277748
0.15767583371194,193.397378016953,397.12952810273,580.134067417463
0.157793230199269,193.661520113444,397.073564318118,580.147893943275
0.157910602514836,193.92560782347,397.017559492189,580.161715856013
0.158027951197868,194.189642360291,396.961513721255,580.175533217499
0.158145276249277,194.453623725963,396.905427278362,580.189346026166
0.158262577660747,194.717551901771,396.84930046996,580.203154279384
0.158379855922825,194.981427991446,396.793133410205,580.21695803325
0.158497111155808,195.245252265657,396.73692632423,580.230757300269
0.158614343710874,195.509025514555,396.680679363667,580.244552120125
0.158731553491386,195.772747520707,396.62439284347,580.258342479813
0.158848740830219,196.036419033082,396.568066935766,580.27212841688
0.158965905951334,196.300040555591,396.511701829524,580.285909956049
0.159083048948801,196.563612299892,396.455297766759,580.299687106773
0.159200170059228,196.827134798352,396.398854940923,580.313459895276
0.15931726944748,197.090608421919,396.342373564217,580.327228339348
0.159434347410606,197.354033838953,396.285853798079,580.340992472318
0.15955140395432,197.617411062309,396.22929590991,580.354752293274
0.159668439475279,197.880740984466,396.172700028452,580.368507847263
0.159785453780644,198.144023171539,396.11606649239,580.382259110051
0.159902447460573,198.407258951378,396.059395362995,580.396006149431
0.16001942033061,198.670447908962,396.002686961538,580.409748942167
0.160136372891637,198.933591171272,395.945941379089,580.423487545556
0.16025330516746,199.196688791874,395.889158856392,580.437221960843
0.160370217345597,199.459741192681,395.83233959341,580.450952208515
0.160487109623237,199.722748817373,395.775483778047,580.464678310197
0.160603982022525,199.98571171577,395.718591665202,580.478400266965
0.160720834866919,200.248630615656,395.661663399225,580.492118115282
0.160837668266515,200.511505764748,395.604699189702,580.505831866553
0.160954482525274,200.774337846956,395.547699178248,580.519541554947
0.161071277612623,201.037126793491,395.490663628304,580.533247175373
0.161188053872615,201.299873378472,395.433592672405,580.546948766711
0.161304811375513,201.562577759994,395.376486529547,580.560646335712
0.161421550179223,201.82524006834,395.319345437709,580.574339887692
0.161538270622088,202.087861064788,395.262169523779,580.588029460863
0.161654972667512,202.350440666991,395.204959045718,580.60171504946
0.16177165673561,202.612979820212,395.147714098276,580.615396701288
0.161888322863535,202.875478608044,395.090434901703,580.629074419234
0.162004971232613,203.137937438468,395.033121638553,580.642748223105
0.162121601947791,203.400356547619,394.975774514869,580.656418123757
0.162238215267652,203.662736517305,394.918393677238,580.670084150053
0.162354811302945,203.925077596716,394.860979320803,580.683746313532
0.162471390159028,204.187380022903,394.803531650329,580.697404625111
0.162587952033518,204.449644240504,394.746050833717,580.711059106519
0.16270449693234,204.711870262853,394.688537109499,580.724709757033
0.162821025153502,204.974058760469,394.63099060841,580.738356610149
0.162937536764187,205.23620988451,394.573411535449,580.751999672327
0.163054032053853,205.498324286259,394.515800016664,580.765638976057
0.163170510985687,205.760401882885,394.458156296665,580.779274515632
0.163286973997716,206.022443659951,394.400480445514,580.792906340937
0.16340342083423,206.284449042106,394.342772785723,580.806534420657
0.163519852001017,206.546419167377,394.285033371052,580.82015881261
0.163636267526643,206.808354100037,394.227262402864,580.833779518754
0.163752667546897,207.070254145607,394.169460063133,580.847396553609
0.163869052100283,207.332119390725,394.111626569652,580.86100992032
0.163985421470407,207.593950473505,394.053762044803,580.874619650701
0.164101775730466,207.855747558638,393.995866679714,580.888225751958
0.164218115064768,208.117511060817,393.937940630786,580.901828244296
0.164334439531626,208.379241111249,393.879984099329,580.915427133189
0.164450749362612,208.640938230967,393.821997222168,580.929022444375
0.16456704468099,208.902602697316,393.76398016851,580.942614190924
0.164683325528868,209.164234605042,393.705933145722,580.956202376435
0.164799592051777,209.425834281588,393.647856324341,580.969787016597
0.164915844623489,209.687402567939,393.589749773188,580.983368153759
0.16503208312897,209.948939205272,393.531613744222,580.996945773164
0.165148307799514,210.210444713996,393.473448377346,581.01051990053
0.165264518824967,210.471919521264,393.415253809235,581.024090556722
0.165380716101685,210.733363393881,393.3570302965,581.037657728343
0.165496899926051,210.994776998703,393.298777950197,581.051221448716
0.165613070471756,211.25616072654,393.240496905878,581.064781736824
0.165729227820262,211.517514760678,393.182187340538,581.078338600892
0.165845372176797,211.778839562883,393.123849386208,581.091892063595
0.165961503431559,212.040134886097,393.065483297127,581.105442110849
0.166077621999884,212.301401664828,393.007089129755,581.118988789852
0.166193727789621,212.562639691737,392.948667116177,581.132532088585
0.166309821130212,212.823849708067,392.890217342688,581.146072044222
0.166425901985755,213.085031633037,392.831740021523,581.159608651317
0.166541970519211,213.346185833314,392.77323530312,581.173141927632
0.166658026924678,213.607312745616,392.714703313397,581.18667189455
0.166774071293666,213.868412575838,392.656144215803,581.200198561499
0.166890103853074,214.129485834506,392.597558122948,581.213721953687
0.16700612436847,214.390531994147,392.538945330524,581.227242042568
0.167122133297488,214.651552084437,392.480305876214,581.240758880253
0.167238130746391,214.912546344469,392.421639898712,581.25427247789
0.167354116689376,215.173514716186,392.362947608509,581.267782831258
0.167470091174421,215.434457307537,392.304229197225,581.281289944743
0.167586054576621,215.695374962486,392.245484715388,581.294793860824
0.167702006888697,215.956267664657,392.186714348153,581.30829457744
0.167817948122362,216.217135440403,392.127918295371,581.321792094766
0.167933878583613,216.477978978219,392.069096635383,581.335286447231
0.168049798268093,216.738798268299,392.010249554726,581.348777633134
0.168165707438824,216.999593902443,391.951377145599,581.362265681901
0.1682816060925,217.260365873215,391.892479594977,581.375750591962
0.168397494324685,217.52111439563,391.833557063989,581.389232373264
0.168513372157409,217.781839519259,391.774609739584,581.402711027203
0.168629239935499,218.042542019961,391.715637676492,581.41618659272
0.16874509761372,218.303221795959,391.656641069816,581.429659063386
0.168860945467334,218.56387946659,391.59762000322,581.443128470048
0.168976783390296,218.824514793255,391.538574701104,581.456594799223
0.16909261158329,219.085128227491,391.479505282236,581.470058073094
0.169208430224704,219.345720170674,391.420411855719,581.483518311246
0.169324239324759,219.606290645796,391.361294599078,581.496975513723
0.169440039077894,219.86684009035,391.302153623235,581.510429701983
0.169555829522945,220.127368591715,391.242989092599,581.523880879401
0.169671610795804,220.387876455648,391.183801139071,581.537329060635
0.169787383048577,220.648364024388,391.124589881337,581.550774262223
0.169903146278111,220.908831290838,391.065355500749,581.564216482679
0.170018900590495,221.169278493703,391.006098142647,581.577655733208
0.170134646126599,221.429705949936,390.946817930705,581.591092029053
0.170250383044077,221.690114014263,390.887514976896,581.604525387404
0.170366111418172,221.950502855977,390.828189425363,581.617955815886
0.170481831524179,222.210873094493,390.768841340209,581.631383345338
0.170597543207941,222.471224382956,390.709470953274,581.644807956773
0.170713246738529,222.731557326779,390.650078345142,581.658229680316
0.170828942089023,222.99187186539,390.590663695315,581.671648511752
0.170944629363096,223.252168232056,390.531227144171,581.685064462025
0.171060308776937,223.512446913198,390.471768776821,581.698477555121
0.17117598039294,223.772708049203,390.412288733415,581.711887797189
0.171291644279745,224.032951794516,390.35278716032,581.725295195113
0.171407300464231,224.293178209608,390.293264222231,581.738699750941
0.171522949117217,224.553387678828,390.233720025038,581.752101483406
0.17163859035031,224.813580453287,390.17415468895,581.765500404375
0.171754224357472,225.073756969401,390.114568300765,581.778896535256
0.171869851012315,225.333916942797,390.054961077565,581.792289860352
0.171985470571103,225.594060950071,389.995333095127,581.805680408299
0.172101083070881,225.854189074571,389.935684497719,581.819068182335
0.17221668857366,226.114301455824,389.876015430056,581.832453188598
0.172332287350986,226.374398704808,389.816325946786,581.845835457483
0.172447879298297,226.634480586257,389.756616247063,581.859214975843
0.172563464537821,226.894547375187,389.696886457501,581.8725917568
0.172679043357024,227.154599718393,389.637136620858,581.885965832585
0.172794615650606,227.414637378952,389.57736693272,581.899337189981
0.172910181619759,227.674660809547,389.517577483305,581.912705851245
0.173025741347945,227.934670197966,389.4577683945,581.926071825006
0.173141294679546,228.194665194068,389.397939895515,581.939435092255
0.173256841939079,228.454646528016,389.338092027759,581.952795689515
0.173372383239649,228.714614454299,389.278224890106,581.966153628846
0.173487918790509,228.974569443735,389.218338549246,581.979508933425
0.173603448341088,229.234510932537,389.158433263284,581.992861573284
0.173718972101259,229.494439392923,389.098509125277,582.006211571695
0.173834490442001,229.754355659591,389.038566129868,582.01955897052
0.173950003131705,230.014259211424,388.978604512804,582.032903741997
0.174065510363092,230.274150482046,388.918624368643,582.046245907411
0.17418101212378,230.534029443595,388.858625855386,582.059585464345
0.174296508724823,230.793896795941,388.798609002022,582.072922447738
0.174412000077695,231.053752339903,388.738573986644,582.086256846383
0.174527486363923,231.313596483916,388.67852089623,582.099588680263
0.174642967580466,231.573429221137,388.618449881085,582.112917948053
0.174758443764865,231.833250636035,388.558361084363,582.126244653123
0.174873915178756,232.09306131729,388.498254550828,582.139568824698
0.174989381808233,232.352861233613,388.4381304264,582.152890460205
0.175104843656956,232.612650393239,388.377988866356,582.166209559111
0.175220300877286,232.872429138982,388.317829963001,582.179526138039
0.175335753660363,233.132197900906,388.257653780352,582.192840218076
0.17545120199626,233.391956656674,388.197460463726,582.206151797121
0.175566645890416,233.651705418524,388.137250165391,582.21946087486
0.175682085638105,233.911444850826,388.077022913062,582.232767484388
0.175797521156007,234.171174766106,388.01677887599,582.246071615154
0.175912952535661,234.430895370326,387.956518171692,582.259373276773
0.176028380015956,234.69060720099,387.896240844558,582.272672495836
0.176143803473607,234.950309980704,387.835947082465,582.285969257202
0.176259223124745,235.210004195766,387.775636950605,582.299263584844
0.176374638900518,235.469689691256,387.715310616002,582.312555469905
0.17649005095445,235.729366812603,387.654968166306,582.325844929149
0.176605459559241,235.989036173382,387.594609623283,582.339131993047
0.176720864513678,236.248697320866,387.534235202148,582.352416637512
0.176836266056005,236.508350791101,387.473844960502,582.365698889063
0.176951664212045,236.767996642189,387.413439020499,582.378978749755
0.177067059020805,237.0276349619,387.353017509042,582.392256223173
0.177182450511196,237.287265815281,387.292580557851,582.405531311742
0.17729783901378,237.546889946093,387.232128167917,582.418804052584
0.177413224359447,237.806506973845,387.171660534137,582.432074425343
0.177528606738843,238.066117327486,387.111177728045,582.445342451054
0.177643986177184,238.325721063753,387.050679871462,582.45860813172
0.177759362745099,238.585318341563,386.990167074516,582.471871474573
0.177874736530917,238.844909359652,386.929639437181,582.485132488881
0.177990107650751,239.10449437928,386.869097045063,582.498391187102
0.178105476254833,239.364073738463,386.808539965898,582.511647585614
0.178220842292607,239.623647323455,386.747968351255,582.524901677725
0.178336205774512,239.883215157742,386.687382340199,582.538153463766
0.178451566930233,240.142777758114,386.626781973738,582.551402969246
0.178566925736069,240.402335071244,386.566167385782,582.564650190568
0.178682282311076,240.661887365011,386.505538663506,582.577895140537
0.178797636649952,240.921434627481,386.444895939884,582.59113781768
0.178912988922264,241.180977240182,386.384239279008,582.604378240602
0.17902833909545,241.440515129853,386.323568820817,582.617616404705
0.179143687363074,241.700048732007,386.262884619142,582.630852331346
0.17925903385173,241.959578331481,386.202186741746,582.644086034189
0.179374378466943,242.219103715711,386.141475354767,582.657317501542
0.179489721471487,242.478625475936,386.080750484911,582.6705467627
0.179605062715109,242.738143274084,386.020012314872,582.683773799578
0.179720402343449,242.99765743785,385.959260924405,582.696998628043
0.179835740441902,243.257168159369,385.898496401543,582.710221257042
0.179951077130752,243.516675709281,385.837718819873,582.723441699523
0.180066412404143,243.776180074412,385.776928305223,582.736659953978
0.18018174633922,244.035681428333,385.716124955698,582.749876028416
0.180297079036467,244.29517999714,385.655308854019,582.763089933521
0.180412410570553,244.554675948832,385.594480091054,582.776301677017
0.180527740821398,244.814169013234,385.533638843902,582.789511244328
0.180643070158053,245.073660020708,385.472785089953,582.802718676904
0.180758398546929,245.33314889568,385.41191894807,582.815923970064
0.180873726088092,245.592635863297,385.351040502313,582.829127134447
0.180989052692387,245.852120722959,385.290149913448,582.842328159033
0.181104378542246,246.111603885143,385.229247235984,582.855527063896
0.181219703658906,246.371085397628,385.168332576403,582.868723850653
0.181335028119574,246.63056543413,385.107406025044,582.881918527332
0.181450352001942,246.890044169459,385.0464676689,582.895111102015
0.181565675377645,247.149521764791,384.985517596597,582.908301582093
0.181680998394192,247.408998552022,384.924555863314,582.921489983634
0.18179632102625,247.668474474152,384.863582593906,582.934676302937
0.181911643355302,247.927949714518,384.802597877919,582.947860548525
0.182026965358353,248.187424221384,384.741601844374,582.961042716979
0.182142287193732,248.446898350986,384.680594549007,582.974222825607
0.182257608852864,248.706372084033,384.619576107859,582.98740087264
0.182372930480457,248.965845746118,384.558546579517,583.000576873828
0.182488252164162,249.225319534453,384.497506037402,583.013750838397
0.182603573929776,249.484793507084,384.436454584204,583.02692276851
0.182718895794958,249.744267703745,384.375392330874,583.040092665405
0.182834217823489,250.003742267939,384.314319369158,583.053260535593
0.182949540263755,250.263217758538,384.253235705881,583.066426406654
0.183064862887686,250.522693662382,384.192141542413,583.079590251777
0.183180185993127,250.782170649625,384.131036881764,583.092752104193
0.183295509592467,251.04164874814,384.069921818238,583.105911964541
0.183410833694686,251.301127978133,384.008796462711,583.119069833078
0.18352615830853,251.560608359281,383.947660928784,583.132225710044
0.183641483516537,251.820090077298,383.886515297668,583.145379604096
0.183756809332872,252.079573164052,383.825359674724,583.158531516094
0.183872136010618,252.339058188979,383.764194063773,583.171681474139
0.183987463438216,252.598544901076,383.703018611465,583.184829464754
0.184102791815738,252.858033750499,383.64183335121,583.197975509995
0.184218121121024,253.117524687394,383.580638394694,583.211119606583
0.18433345135125,253.377017705401,383.519433858036,583.224261753452
0.184448782708282,253.636513258724,383.458219767595,583.237401972859
0.184564115073124,253.896011079617,383.396996275413,583.250540250502
0.184679448662162,254.155511654954,383.335763406742,583.263676610293
0.18479478344861,254.415014924461,383.274521272091,583.276811048437
0.184910119491559,254.674521021098,383.213269958215,583.28994357093
0.185025456968676,254.934030344611,383.152009495199,583.303074197263
0.185140795766391,255.19354263947,383.090740031535,583.316202913773
0.185256135956896,255.453058068104,383.029461653656,583.329329727954
0.18537147771753,255.712577029532,382.968174390686,583.342454659259
0.185486821053153,255.972099534684,382.906878337606,583.355577707509
0.185602165917156,256.23162547869,382.845573623034,583.368698866683
0.185717512581069,256.491155472494,382.784260240573,583.381818166946
0.185832860943237,256.750689287372,382.722938325177,583.394935596009
0.185948211223324,257.010227417567,382.661607893574,583.408051178134
0.186063563288948,257.269769565222,382.600269097624,583.42116489755
0.186178917273407,257.529316030255,382.538921994461,583.434276768702
0.186294273203371,257.788866872673,382.477566671927,583.447386793909
0.186409631166482,258.048422289673,382.41620319569,583.46049498242
0.186524991198686,258.307982362134,382.354831650172,583.473601337612
0.186640353379418,258.56754726878,382.293452103415,583.486705867802
0.186755717811111,258.827117240088,382.232064610155,583.499808583918
0.186871084445837,259.086692168223,382.170669289011,583.512909479816
0.186986453361776,259.346272229085,382.109266213424,583.526008563675
0.187101824625868,259.605857573292,382.047855453807,583.539105842399
0.187217198172079,259.865448052266,381.986437138505,583.552201307798
0.187332574262164,260.125044254958,381.925011260372,583.565294988891
0.187447952928984,260.384646255304,381.863577890081,583.578386888703
0.187563334141737,260.644253983996,381.802137139341,583.591477003051
0.187678717906274,260.903867454205,381.740689110469,583.604565331913
0.187794104391827,261.163487046701,381.67923383154,583.617651893802
0.187909493706876,261.42311300556,381.617771344449,583.630736700326
0.188024885684602,261.682744955444,381.556301815,583.643819731888
0.188140280442481,261.942383160672,381.494825304005,583.656901001136
0.188255678122084,262.202027939778,381.433341843437,583.669980523436
0.188371078762484,262.461679380678,381.371851505269,583.683058302536
0.188486482454828,262.721337688452,381.310354344898,583.696134348085
0.188601889172555,262.981002803339,381.24885046681,583.709208656401
0.188717298930525,263.24067475877,381.187339965213,583.722281228498
0.188832711774111,263.50035365684,381.125822918777,583.735352068852
0.188948127792752,263.760039698782,381.064299383634,583.748421186923
0.189063547177534,264.01973331454,381.002769366639,583.761488603677
0.189178969766919,264.279434140656,380.94123302227,583.774554300159
0.189294395686783,264.539142460351,380.879690402434,583.787618289962
0.189409824980651,264.798858371553,380.818141577913,583.800680577352
0.189525257658949,265.058581897725,380.756586636942,583.813741162852
0.189640693844589,265.318313315415,380.69502562056,583.826800059711
0.189756133583901,265.578052728867,380.633458595434,583.839857272514
0.18987157683839,265.837800051466,380.571885669899,583.852912796254
0.189987023841136,266.097555807644,380.510306838626,583.865966656639
0.190102474493176,266.357319774735,380.448722223986,583.879018841823
0.190217928910306,266.617092213278,380.387131874405,583.892069364253
0.190333387110616,266.876873163976,380.325535868934,583.905118225325
0.190448849010557,267.136662438843,380.263934336585,583.918165414958
0.190564314816575,267.396460502382,380.202327285894,583.931210955842
0.190679784590122,267.656267492864,380.140714768956,583.944254854272
0.190795258414515,267.916083597749,380.079096835146,583.957297119015
0.190910736209147,268.175908635669,380.017473605968,583.970337740331
0.191026218033327,268.435742740074,379.95584515282,583.983376724286
0.191141704075098,268.695586334059,379.894211481158,583.996414091474
0.191257194287274,268.955439311455,379.832572689316,584.009449835931
0.191372688721235,269.215301787867,379.770928847329,584.022483962826
0.191488187414897,269.475173848607,379.70928002624,584.035516475809
0.191603690403812,269.735055573666,379.647626297987,584.048547378266
0.191719197784556,269.994947180341,379.585967707262,584.061576680463
0.191834709433302,270.254848390019,379.524304391783,584.074604367813
0.191950225566077,270.514759688762,379.462636353779,584.087630464061
0.192065746216471,270.774681152149,379.400963653296,584.100654972367
0.192181271362398,271.034612730486,379.339286384532,584.113677889624
0.192296801093149,271.294554624674,379.277604597818,584.126699225281
0.192412335591097,271.554507245057,379.215918294393,584.139718999271
0.192527874637853,271.814470100257,379.154227644975,584.152737186366
0.192643418386752,272.074443535281,379.092532683568,584.165753803242
0.192758966896649,272.33442768255,379.030833462848,584.178768855914
0.192874520172269,272.594422552695,378.969130062264,584.191782344306
0.1929900783191,272.854428383064,378.907422520791,584.204794279689
0.193105641429271,273.114445380949,378.845710876219,584.217804671827
0.193221209396761,273.374473307801,378.783995253952,584.23081350818
0.193336782433049,273.634512639449,378.722275652842,584.24382081195
0.193452360495372,273.894563279677,378.660552163131,584.256826577718
0.193567943693077,274.154625474511,378.598824822524,584.269830817186
0.193683531921922,274.414698989413,378.537093754672,584.282833518031
0.193799125336356,274.674784171889,378.47535898244,584.295834697031
0.193914723860964,274.934880852257,378.413620613656,584.308834345111
0.19403032773032,275.194989558308,378.351878632289,584.321832488054
0.194145936805189,275.455109976765,378.290133167417,584.334829109611
0.194261551258568,275.715242496867,378.228384233458,584.34782422864
0.194377171087975,275.975387113034,378.166631903363,584.360817844271
0.194492796427549,276.235544127074,378.104876198827,584.373809970986
0.194608427211191,276.495713390269,378.043117221775,584.38680060077
0.194724063432507,276.755894888231,377.981355060889,584.399789732323
0.194839705193619,277.016088850731,377.919589754167,584.412777376537
0.194955352535305,277.276295369525,377.857821358007,584.425763537407
0.195071005402115,277.536514319847,377.796049974451,584.43874820813
0.195186664043084,277.796746262027,377.734275577558,584.451731416086
0.195302328492814,278.056991273921,377.672498214905,584.464713164571
0.195417998639271,278.31724910345,377.610718011416,584.477693440435
0.195533674502453,278.577519795609,377.548935046263,584.490672245354
0.195649356335659,278.837803920323,377.487149286845,584.503649607173
0.195765043952492,279.098101058195,377.425360876995,584.516625504405
0.195880737551843,279.358411656735,377.363569818605,584.529599958791
0.19599643703286,279.618735489024,377.301776222917,584.542572958452
0.196112142515789,279.879072825614,377.239980120866,584.555544516306
0.196227854145233,280.139423991862,377.17818151883,584.568514647992
0.196343571789576,280.399788691635,377.116380541643,584.58148333819
0.19645929565213,280.660167382382,377.054577184876,584.594450609123
0.196575025573098,280.920559704561,376.992771583757,584.607416442322
0.196690761787891,281.180966187845,376.930963720836,584.620380863603
0.196806504206675,281.441386630107,376.869153697537,584.633343862339
0.196922252785612,281.701820932716,376.807341614512,584.646305433072
0.197038007684193,281.962269454524,376.745527481699,584.659265593106
0.197153769037493,282.222732499449,376.683711304283,584.672224357004
0.197269536805066,282.483209976487,376.621893164448,584.685181719679
0.197385310877672,282.743701639851,376.560073187839,584.698137668358
0.19750109154853,283.004208149282,376.498251328161,584.711092235305
0.197616878751777,283.264729356587,376.436427669687,584.724045412591
0.197732672480989,283.525265247313,376.374602291889,584.736997198951
0.197848472765003,283.785815886347,376.312775257693,584.749947597069
0.197964279708834,284.046381509967,376.250946593068,584.762896618141
0.198080093318527,284.306962131775,376.189116361541,584.775844262297
0.198195913556402,284.567557666994,376.1272846522,584.788790524784
0.198311740657527,284.828168644524,376.065451436855,584.801735431335
0.198427574552243,285.088794907637,376.003616802962,584.814678973617
0.19854341518239,285.349436325467,375.941780852057,584.827621144596
0.198659262740496,285.610093331205,375.879943576387,584.840561965247
0.198775117279007,285.870766042855,375.818105011879,584.853501440882
0.198890978682544,286.131454200814,375.756265276205,584.86643955808
0.199006847048991,286.392158025318,375.694424405768,584.879376327244
0.199122722436747,286.65287764777,375.632582440699,584.892311754358
0.199238604831347,286.913613035621,375.570739453867,584.905245837277
0.199354494276862,287.174364288029,375.50889549741,584.918178580392
0.199470390890658,287.43513166907,375.44705058717,584.93110999627
0.199586294647915,287.695915122898,375.385204795918,584.94404008161
0.199702205558882,287.956714672573,375.323358190178,584.956968837034
0.199818123746865,288.217530595535,375.261510784964,584.969896275767
0.199934049172167,288.478362802465,375.199662658932,584.982822392858
0.200049981913939,288.739211471452,375.13781384831,584.99574719661
0.200165921992038,289.000076647175,375.075964408439,585.008670688714
0.200281869484614,289.26095850547,375.014114371674,585.02159287736
0.200397824337109,289.521856923584,374.952263825392,585.034513755947
0.200513786635689,289.782772095388,374.89041280338,585.047433333563
0.200629756396604,290.043704057448,374.828561361371,585.0603516115
0.200745733743708,290.304653088432,374.766709510633,585.073268603037
0.200861718575201,290.565618959292,374.704857355205,585.086184296321
0.200977711118572,290.826602181875,374.643004867956,585.099098716169
0.201093711235876,291.08760244581,374.581152162215,585.112011846708
0.201209719033885,291.348619991331,374.519299265699,585.124923699316
0.201325734499024,291.609654787892,374.457446245251,585.137834271972
0.201441757686047,291.870706958694,374.395593143576,585.150743570261
0.201557788664868,292.131776661042,374.333739992424,585.163651601454
0.201673827495418,292.39286402978,374.271886825919,585.176558371707
0.201789874080486,292.653968846183,374.210033748306,585.189463869705
0.201905928598402,292.915091511493,374.148180752847,585.202368114778
0.202021990916401,293.176231726992,374.086327952432,585.21527109166
0.202138061294327,293.437390077324,374.024475305064,585.228172828737
0.202254139535082,293.698566119024,373.962622945948,585.241073303597
0.202370225834753,293.959760293283,373.90077086479,585.253972537538
0.202486320166369,294.220972539419,373.8389191261,585.266870527061
0.202602422631697,294.482203086407,373.777067749313,585.279767282972
0.202718533081925,294.74345159942,373.715216857672,585.292662788249
0.202834651722788,295.004718541361,373.65336643392,585.30555706525
0.202950778573286,295.266003954982,373.59151652018,585.318450115585
0.203066913626536,295.527307824795,373.529667179697,585.331341937995
0.203183057015322,295.788630449563,373.467818417065,585.344232546727
0.203299208492807,296.049971273905,373.405970395686,585.357121913899
0.203415368290686,296.311330819133,373.344123092579,585.37001006474
0.203531536387852,296.572709037755,373.282276565874,585.382896996416
0.203647712963423,296.83410633279,373.220430797859,585.395782728309
0.203763897990883,297.095522644576,373.158585849471,585.408667256983
0.203880091401639,297.356957818778,373.096741813294,585.42155057435
0.203996293349622,297.618412201738,373.034898688228,585.434432696993
0.204112503699195,297.879885488278,372.973056586019,585.447313609394
0.204228722600707,298.14137801668,372.911215509916,585.460193327741
0.204344950132373,298.402889962928,372.849375476998,585.473071860214
0.204461186202906,298.664421121627,372.787536581679,585.48594919622
0.204577430958256,298.925971821166,372.725698825765,585.498825351449
0.204693684278246,299.187541791142,372.663862313727,585.511700312115
0.204809946400973,299.449131567277,372.602027007734,585.524574104109
0.204926217239185,299.710740953256,372.540192990633,585.537446717288
0.20504249680583,299.972369978207,372.478360320626,585.550318152615
0.205158785049444,300.234018526337,372.416529080392,585.563188403926
0.205275082152783,300.49568700885,372.35469925243,585.576057490978
0.205391388128628,300.757375454503,372.29287087782,585.588925414707
0.205507703046311,301.019084019288,372.231043982044,585.601792182311
0.205624026962408,301.280812830508,372.16921859357,585.614657799574
0.205740359692648,301.542561473547,372.107394848155,585.627522245652
0.205856701453946,301.804330436467,372.045572721176,585.640385544068
0.205973052188862,302.066119590027,371.983752282953,585.653247688002
0.206089411973013,302.327929104369,371.921933560226,585.66610868535
0.206205780843956,302.589759063991,371.860116589314,585.678968539796
0.206322158779599,302.851609419187,371.7983014344,585.691827248436
0.206438545846888,303.113480320586,371.736488124647,585.704684818208
0.206554942027669,303.375371727343,371.674676721008,585.717541246644
0.206671347449347,303.63728392612,371.612867224928,585.730396547357
0.206787762258754,303.899217247285,371.551059619164,585.743250736093
0.206904186171319,304.161171050557,371.489254074587,585.756103780973
0.207020619361472,304.423145728401,371.427450589643,585.768955700805
0.207137061777737,304.685141164998,371.365649234265,585.781806489453
0.20725351352668,304.947157600119,371.30385001979,585.794656158225
0.207369974695891,305.209195230844,371.242052956129,585.807504716326
0.207486445283413,305.471254052769,371.180258092456,585.820352163085
0.207602925413943,305.73333434646,371.118465428183,585.8331985118
0.207719414997199,305.995435908786,371.05667504967,585.846043752057
0.207835913936563,306.257558522356,370.994887060386,585.858887872762
0.207952422493918,306.519702776405,370.933101407607,585.871730902338
0.208068940571325,306.78186845057,370.871318171942,585.884572829535
0.208185468237151,307.044055698678,370.80953738216,585.897413661442
0.208302005545542,307.306264642558,370.747759064721,585.910253403577
0.208418552490749,307.568495269274,370.685983272025,585.923092054858
0.208535109115037,307.830747673922,370.624210039366,585.935929619498
0.208651675355074,308.093021714006,370.562439445863,585.948766090078
0.208768251321841,308.35531763923,370.50067150051,585.96160147838
0.208884837043415,308.617635512772,370.438906237239,585.974435787052
0.209001432590548,308.879975493822,370.377143674993,585.987269023437
0.209118038027944,309.142337727962,370.315383832796,586.000101194212
0.209234653251928,309.404721981927,370.253626804122,586.012932287527
0.209351278338188,309.667128426013,370.191872615247,586.025762311278
0.209467913327043,309.929557150936,370.130121296856,586.038591269459
0.2095845581922,310.192008097539,370.068372909617,586.051419158743
0.209701212983131,310.454481377134,370.006627485502,586.064245984137
0.209817877800846,310.716977216993,369.94488502877,586.077071756312
0.209934552773019,310.979495904382,369.883145527083,586.089896488858
0.210051237621966,311.242036814513,369.821409144639,586.102720150823
0.210167932519021,311.504600332887,369.759675876087,586.115542760613
0.210284637576017,311.767186711126,369.697945714256,586.12836433008
0.210401352592479,312.029795498167,369.636218789511,586.141184836771
0.210518077829821,312.292427282187,369.574495050565,586.154004308975
0.210634813314279,312.555082122217,369.512774520015,586.166822749135
0.210751558884865,312.817759656035,369.451057315206,586.179640139148
0.210868314755998,313.080460366085,369.389343403134,586.192456502131
0.210985080979667,313.34318436934,369.327632797622,586.205271843354
0.211101857415397,313.605931349732,369.265925605066,586.218086146976
0.211218644151006,313.868701504852,369.204221846225,586.230899422213
0.211335441289469,314.131495066393,369.142521520883,586.243711679936
0.211452248601145,314.394311517665,369.080824772144,586.256522894536
0.211569066371475,314.657151500908,369.019131539034,586.269333096902
0.211685894598614,314.92001501197,368.957441853719,586.282142286402
0.211802733296369,315.18290208192,368.895755756514,586.294950464128
0.211919582380533,315.445812521288,368.834073332423,586.307757620432
0.212036442068813,315.708746819919,368.772394540315,586.320563778756
0.212153312227136,315.971704676145,368.710719473471,586.333368923986
0.212270192902091,316.234686194794,368.649048167362,586.346173060815
0.212387084209338,316.4976916361,368.5873806174,586.358976201495
0.212503986171856,316.760721051764,368.525716853068,586.371778348121
0.212620898787731,317.023774437484,368.464056920321,586.384579500067
0.212737821998151,317.286851660929,368.402400892896,586.397379650483
0.212854755843585,317.549952813156,368.34074880517,586.410178803389
0.212971700471663,317.81307822633,368.279100637577,586.422976974531
0.21308865567742,318.076227439285,368.217456517055,586.435774141068
0.213205621705396,318.33940100223,368.155816396237,586.44857032935
0.213322598512385,318.602598817955,368.094180325914,586.461365534236
0.213439586139794,318.865820979625,368.032548335446,586.474159759845
0.213556584607437,319.129067531821,367.97092046019,586.486953007936
0.213673593957011,319.392338568364,367.909296726679,586.499745282659
0.21379061424102,319.655634207383,367.847677155105,586.512536589345
0.21390764539035,319.918954293376,367.786061818102,586.525326920033
0.214024687567661,320.182299192327,367.724450694649,586.538116292095
0.214141740665787,320.445668663109,367.662843867129,586.550904693412
0.214258804712178,320.70906276749,367.601241375437,586.563692126585
0.214375879718241,320.972481531131,367.539643259514,586.576478592461
0.214492965728535,321.235925054294,367.478049544488,586.589264095506
0.214610062881845,321.49939364924,367.416460211395,586.602048650468
0.214727171171612,321.762887301216,367.354875297888,586.614832256226
0.214844290585762,322.026405983054,367.293294853254,586.62761491106
0.214961421034226,322.289949492098,367.231718963015,586.640396604746
0.215078562672678,322.553518178615,367.170147610318,586.653177353877
0.215195715601987,322.817112269559,367.108580785433,586.665957169052
0.21531287958488,323.080731231069,367.047018628446,586.678736023994
0.215430054898114,323.344375685845,366.985461077796,586.691513948496
0.215547241451411,323.608045430763,366.923908200234,586.704290932312
0.215664439313907,323.871740621379,366.862360013153,586.717066982585
0.215781648383017,324.135461026876,366.80081660143,586.729842087744
0.215898868859108,324.399207098081,366.739277927577,586.742616269233
0.216016100670245,324.66297867314,366.677744053672,586.755389518816
0.216133343802571,324.926775720873,366.616215032402,586.768161834598
0.216250598470048,325.190598722698,366.554690814724,586.780933239491
0.216367864419159,325.454447108198,366.493171540249,586.793703705493
0.216485141928658,325.71832150457,366.431657145431,586.806473262573
0.216602430881185,325.982221647756,366.370147707483,586.819241897559
0.216719731425869,326.246147873294,366.308643209309,586.832009626296
0.21683704344684,326.51009992048,366.247143734812,586.844776435784
0.216954366940474,326.774077781156,366.185649334974,586.857542325248
0.217071702081787,327.038081849111,366.124159976861,586.870307313344
0.21718904878834,327.302111938854,366.062675726642,586.883071390714
0.217306407076777,327.566168087836,366.001196623077,586.895834558788
0.217423776958283,327.830250321225,365.939722702829,586.908596818401
0.21754115855229,328.094358907741,365.878253954514,586.921358182155
0.217658551823161,328.358493767201,365.816790426805,586.934118645791
0.217775956882739,328.622655151251,365.755332113365,586.946878221082
0.21789337372224,328.886843040129,365.693879051723,586.959636906687
0.218010802308749,329.151057359775,365.632431297039,586.972394698649
0.218128242660373,329.415298150929,365.570988884931,586.985151598558
0.218245694777469,329.679565414394,365.50955185548,586.997907606076
0.21836315866359,329.943859158167,365.448120247941,587.010662721213
0.218480634393629,330.208179550754,365.386694070036,587.023416951726
0.218598122126907,330.47252695063,365.325273287167,587.036170314527
0.218715621690729,330.73690096923,365.263858003213,587.048922790492
0.218833133246692,331.001301970146,365.202448198139,587.061674396785
0.218950656712597,331.265729768433,365.141043938453,587.074425124108
0.219068192175577,331.530184560136,365.079645230404,587.087174981543
0.219185739668487,331.794666419184,365.018252094127,587.099923972275
0.219303299110925,332.05917516467,364.956864601461,587.112672087213
0.21942087056129,332.323710927991,364.895482771852,587.125419332321
0.219538454021193,332.588273712773,364.834106640954,587.138165707403
0.219656049602097,332.852863769808,364.772736198793,587.15091122417
0.219773657293652,333.117481075807,364.711371481159,587.163655881125
0.219891277035946,333.382125495968,364.650012552896,587.17639967141
0.220008908924569,333.646797245368,364.588659415514,587.189142605015
0.220126552985326,333.911496382072,364.527312090582,587.201884684365
0.220244209257953,334.176222995483,364.465970596684,587.214625913394
0.220361877735317,334.440977069552,364.404634972348,587.227366290962
0.220479558489764,334.705758767058,364.343305224513,587.240105824532
0.220597251560231,334.970568175608,364.281981369468,587.252844517951
0.220714956847668,335.235405072341,364.220663485227,587.265582360133
0.220832674425833,335.500269623212,364.159351584286,587.278319358699
0.220950404315098,335.765161874058,364.098045691693,587.291055515488
0.221068146619429,336.030082058805,364.036745797827,587.30379084138
0.221185901266622,336.295030014988,363.975451964287,587.316525328201
0.221303668236715,336.560005697699,363.914164241379,587.329258973434
0.221421447692035,336.825009472168,363.852882597921,587.341991794267
0.221539239500228,337.090041040602,363.791607117943,587.35472377603
0.221657043808245,337.35510073364,363.730337782193,587.367454934247
0.221774860640889,337.620188607089,363.669074607886,587.380185271234
0.221892689888888,337.885304415087,363.607817676491,587.392914774825
0.222010531687584,338.150448462152,363.546566973201,587.405643459287
0.222128386077574,338.41562083963,363.485322508767,587.418371328641
0.22224625295892,338.68082132266,363.4240843592,587.431098371736
0.222364132390075,338.946050042757,363.362852542049,587.443824594533
0.222482024395072,339.211307054,363.301627080274,587.45654999927
0.222599929084873,339.476592606053,363.24040795964,587.469274597566
0.222717846432432,339.741906638061,363.179195219912,587.481998386143
0.222835776389312,340.00724904104,363.117988918879,587.494721359421
0.222953719081619,340.272620098731,363.056789041187,587.507443530654
0.223071674397864,340.538019560282,362.995595662958,587.52016488746
0.223189642387013,340.803447535868,362.934408805165,587.532885434775
0.223307623137459,341.068904224371,362.873228462617,587.545605181776
0.223425616702553,341.334389745833,362.812054640932,587.558324133859
0.223543623047865,341.599904022784,362.75088738561,587.571042286961
0.223661642109909,341.865446912384,362.689726761237,587.583759633892
0.223779674092432,342.131018873061,362.628572719159,587.596476196259
0.223897718913049,342.396619719449,362.567425316667,587.60919196483
0.224015776585015,342.662249481372,362.506284586501,587.621906940686
0.224133847194664,342.927908353084,362.445150525665,587.634621132777
0.224251930742759,343.193596336296,362.38402316241,587.647334540832
0.224370027076143,343.459313086412,362.322902596873,587.660047148021
0.224488136353034,343.725058959415,362.261788805486,587.672758971036
0.224606258654663,343.99083413808,362.200681777947,587.685470018267
0.224724393969818,344.25663859718,362.139581546047,587.698180288158
0.224842542337408,344.522472424257,362.078488126623,587.710889784549
0.224960703636664,344.788335347582,362.017401603406,587.723598494107
0.225078878000946,345.054227667218,361.956321960528,587.736306430836
0.225197065496976,345.320149533285,361.89524919481,587.749013601562
0.225315265976683,345.586100612627,361.834183398175,587.761719990024
0.225433479651441,345.85208138083,361.773124521952,587.774425618603
0.225551706447033,346.118091670913,361.712072618544,587.787130478976
0.225669946312882,346.384131369074,361.651027746281,587.799834565372
0.225788199307618,346.65020060723,361.589989917122,587.812537883754
0.225906465621238,346.916299812875,361.528959078406,587.825240454185
0.226024745036308,347.182428496782,361.467935343491,587.837942252972
0.226143037691399,347.448586970737,361.406918698249,587.850643294662
0.226261343641134,347.71477535764,361.345909144324,587.863343584776
0.226379662745294,347.980993342,361.284906770095,587.876043107927
0.226497995089271,348.247241115949,361.223911580232,587.88874187295
0.226616340871279,348.513519125467,361.162923516924,587.901439900772
0.226734699914402,348.779826972494,361.101942674498,587.914137172071
0.226853072255803,349.046164740646,361.04096907916,587.926833690504
0.226971458080256,349.312532845666,360.980002682245,587.939529475551
0.227089857249581,349.578930976647,360.919043562535,587.952224512054
0.227208269808256,349.845359233665,360.858091740299,587.964918804451
0.227326695718018,350.111817530628,360.797147262176,587.977612348311
0.227445135069816,350.378306072174,360.736210123,587.990305153049
0.22756358784675,350.644824820276,360.675280355788,588.002997216522
0.227682054174789,350.911374058364,360.614357937825,588.015688551892
0.227800533876332,351.177953386837,360.553442968581,588.028379139803
0.227919027192864,351.444563349032,360.492535386044,588.04106900579
0.228037533992547,351.71120364832,360.431635263411,588.0537581354
0.228156054365149,351.977874486673,360.370742599773,588.066446537918
0.22827458829415,352.244575826927,360.309857428217,588.079134211243
0.228393135834007,352.511307791605,360.2489797565,588.091821160876
0.228511697011853,352.778070441758,360.188109600035,588.104507389389
0.228630271773117,353.044863654603,360.127247010644,588.117192890615
0.228748860158775,353.311687522333,360.066392004727,588.129877668614
0.228867462202186,353.578542120007,360.005544596189,588.142561726626
0.228986077920331,353.845427485834,359.944704805456,588.155245066141
0.229104707278583,354.1123435419,359.8838726762,588.167927683131
0.22922335040745,354.379290581852,359.82304818456,588.180609591225
0.229342007202438,354.646268370575,359.762231397021,588.193290778925
0.229460677771339,354.913277150602,359.701422303015,588.205971257431
0.229579362154346,355.180317012367,359.640620908678,588.218651030707
0.229698060312991,355.447387869319,359.579827256567,588.231330094321
0.229816772253418,355.714489735279,359.519041375872,588.244008448607
0.229935498021737,355.981622713998,359.458263276358,588.256686098169
0.230054237626529,356.248786824779,359.397492980706,588.269363043598
0.230172991117028,356.515982178401,359.336730496079,588.28203928983
0.230291758424609,356.78320862046,359.27597587781,588.294714829218
0.230410539785154,357.050466681684,359.215229057871,588.307389686613
0.230529334841341,357.317755558106,359.154490203523,588.320063823567
0.230648143947942,357.585076047958,359.093759213482,588.332737277617
0.230766966892088,357.852427672287,359.033036187416,588.345410025733
0.230885803909672,358.11981096185,358.97232106406,588.358082092755
0.231004654689162,358.387225215703,358.911613991699,588.370753445148
0.231123519577531,358.654671214533,358.85091486912,588.383424119593
0.231242398643685,358.922149113381,358.790223674513,588.396094123102
0.231361291716572,359.189658527376,358.729540501614,588.408763437124
0.231480198842651,359.457199561054,358.668865369454,588.421432066298
0.231599119927541,359.724772002055,358.608198345531,588.434100000258
0.231718055149398,359.992376251234,358.547539387931,588.446767257667
0.23183700443331,360.260012140037,358.486888545696,588.45943383023
0.231955967838226,360.527679801098,358.426245824887,588.472099723911
0.232074945330062,360.795379157728,358.365611264604,588.484764934767
0.232193937170178,361.06311079799,358.304984782406,588.497429490302
0.232312943127836,361.330874202719,358.244366487298,588.510093365636
0.232431963210479,361.598669388667,358.183756416806,588.52275656126
0.232550997525682,361.866496597872,358.123154554166,588.535419088307
0.232670046186936,362.134356085694,358.062560871129,588.548080958529
0.232789109188209,362.40224783856,358.001975388703,588.560742170965
0.232908186409376,362.670171586184,357.941398184658,588.573402712531
0.233027277740012,362.938127080116,357.88082934173,588.586062571187
0.233146383361178,363.20611472774,357.820268818578,588.598721765876
0.233265503354911,363.474134713639,357.759716596175,588.611380305
0.233384637565535,363.742186687542,357.699172760618,588.624038171708
0.233503786212727,364.010271143725,357.638637254295,588.636695389033
0.233622949282301,364.278388050267,357.578110096584,588.649351955151
0.233742126588967,364.546536990264,357.517591392195,588.66200785008
0.233861318305025,364.814718351394,357.457081106676,588.674663091815
0.233980524448693,365.082932174649,357.396579249075,588.687317681979
0.234099745043929,365.351178513929,357.33608583273,588.699971622806
0.23421898009131,365.619457370537,357.275600881678,588.712624914052
0.234338229635274,365.887768844456,357.215124402879,588.725277560123
0.234457493582406,366.156112725503,357.15465645937,588.737929550806
0.234576772074597,366.424489332933,357.094197022614,588.750580900848
0.234696065015215,366.692898449324,357.033746151189,588.763231599696
0.234815372540649,366.961340381549,356.973303818015,588.775881661509
0.234934694673499,367.229815180462,356.912870030868,588.788531088373
0.235054031298767,367.498322587315,356.85244486166,588.801179867796
0.235173382427066,367.766862625988,356.792028339,588.813828000606
0.235292748278255,368.035435791162,356.731620395298,588.826475509797
0.235412128733187,368.30404181476,356.671221091935,588.839122382435
0.235531523751104,368.572680605073,356.610830477415,588.851768613905
0.235650933430515,368.841352383748,356.550448538922,588.864414214343
0.235770357816561,369.110057252352,356.490075276431,588.877059188224
0.235889796797814,369.37879496017,356.429710758522,588.88970352345
0.236009250590534,369.647565993791,356.36935492519,588.902347242614
0.236128719017323,369.916369954065,356.309007863436,588.914990326637
0.236248202089004,370.185206865348,356.248669603473,588.927632776372
0.236367699931968,370.454077012016,356.188340117345,588.940274604895
0.23648721251125,370.722980315402,356.128019436259,588.952915808206
0.236606739831378,370.991916785689,356.067707583983,588.965556386486
0.236726281994994,371.260886653825,356.007404541392,588.978196350292
0.236845838933365,371.529889765161,355.947110355275,588.990835692057
0.2369654107582,371.798926371039,355.886825006176,589.003474423293
0.23708499733285,372.067996164001,355.826548569589,589.016112529261
0.237204598792209,372.337099447559,355.766281020689,589.028750023922
0.237324215045138,372.606236016649,355.706022414647,589.041386897351
0.237443846228423,372.87540617904,355.645772722442,589.054023163703
0.237563492228483,373.144609679177,355.585532007923,589.066658810688
0.237683153256899,373.413846993112,355.525300211612,589.079293860354
0.237802829198756,373.683117862291,355.465077392922,589.091928300267
0.237922520131634,373.952422461266,355.404863548404,589.104562138325
0.238042225971061,374.221760599977,355.34465873339,589.117195365318
0.238161946715557,374.491132275092,355.284462977248,589.129827980803
0.238281682506965,374.760537805761,355.224276244432,589.142459999453
0.238401433254179,375.029976986993,355.164098587647,589.155091411362
0.238521199141883,375.299450234326,355.103929956715,589.167722235717
0.23864097993431,375.568957017286,355.043770463202,589.180352447362
0.238760775826401,375.838497774491,354.983620061895,589.192982066565
0.238880586876662,376.108072637579,354.923478740453,589.205611099197
0.23900041295457,376.377681312872,354.863346571539,589.218239531207
0.239120254178958,376.647324067745,354.803223535868,589.230867374833
0.239240110439186,376.917000653258,354.743109696596,589.243494618125
0.239359981687821,377.186710962687,354.683005103095,589.256121255808
0.239479868271643,377.456455776287,354.622909635858,589.268747324115
0.239599769963933,377.726234583938,354.562823390831,589.281372798871
0.239719686964884,377.996047836078,354.502746317648,589.29399770087
0.239839619139443,378.265895228835,354.442678484522,589.3066220156
0.239959566511223,378.535776815341,354.382619911278,589.319245745262
0.240079528930549,378.805692258825,354.322570683295,589.331868873824
0.240199506629855,379.075642082262,354.262530734874,589.344491425461
0.240319499421974,379.34562586453,354.202500153386,589.357113380197
0.240439507729708,379.615644556932,354.142478792905,589.369734782214
0.2405595312615,379.885697503463,354.082466771947,589.382355600554
0.24067957003593,380.155784745931,354.022464119996,589.394975836893
0.240799624051399,380.425906280736,353.96247086114,589.407595490783
0.240919693494787,380.69606252836,353.902486938911,589.420214581581
0.241039778216499,380.966253152212,353.842512425796,589.432833093275
0.241159878269047,381.236478270444,353.782547329496,589.445451031107
0.241279993872184,381.506738377502,353.722591577053,589.45806841787
0.241400124785432,381.777032932312,353.662645276392,589.470685228019
0.241520271051518,382.047362031005,353.602708444817,589.483301465763
0.241640432736176,382.317725821484,353.542781075684,589.495917137726
0.241760609828735,382.588124279743,353.482863190486,589.508532242502
0.241880802365791,382.858557488118,353.422954795224,589.521146783652
0.242001010301458,383.129025343368,353.363055928122,589.53376075608
0.242121233670351,383.399527923379,353.303166598585,589.546374163141
0.242241472580586,383.670065471408,353.243286780514,589.558987015894
0.242361727029959,383.940637982496,353.183416488458,589.571599313823
0.242481996862574,384.211245105881,353.123555807932,589.584211040301
0.242602282260207,384.481887250555,353.063704693847,589.596822214115
0.242722583201312,384.752564368041,353.003863165782,589.609432832723
0.242842899719571,385.023276534123,352.944031230177,589.622042899374
0.242963231913625,385.294023970746,352.884208864173,589.634652424123
0.243083579523351,385.56480609263,352.824396190768,589.647261379437
0.243203942888883,385.835623665075,352.764593104148,589.659869800677
0.243324321810947,386.106476239721,352.704799688577,589.672477666682
0.243444716343789,386.377363938613,352.645015951815,589.685084982863
0.243565126520255,386.648286835663,352.585241898649,589.697691752381
0.24368555237383,386.919245006206,352.52547753296,589.710297978464
0.243805993923564,387.190238493107,352.465722864482,589.722903662827
0.243926450977699,387.461266864912,352.405977992146,589.735508785131
0.244046923904956,387.73233095124,352.346242794211,589.748113383685
0.24416741248799,388.003430263066,352.286517359418,589.760717435464
0.244287916866618,388.27456511498,352.226801660035,589.773320954822
0.244408436777233,388.545734913864,352.167095818947,589.785923913918
0.244528972446568,388.816940169868,352.10739977749,589.798526336197
0.244649523975299,389.088181109512,352.047713501096,589.811128231901
0.244770091320179,389.359457635491,351.988037018932,589.823729596229
0.244890674437278,389.630769648964,351.928370370574,589.83633042432
0.245011273360871,389.902117227048,351.868713564593,589.848930719482
0.245131888099486,390.173500388932,351.809066615342,589.861530482335
0.245252518594718,390.444919003204,351.749429565946,589.874129706507
0.245373164905554,390.716373202585,351.689802414998,589.886728397891
0.245493827101744,390.987863144014,351.630185149531,589.899326563496
0.245614505305175,391.259389101734,351.570577732887,589.911924215771
0.24573519937174,391.530950751503,351.510980235639,589.924521339396
0.245855909423754,391.802548368536,351.451392634104,589.937117946868
0.245976635326613,392.074181649968,351.391814996937,589.949714023869
0.246097377175027,392.345850808899,351.332247311566,589.962309580014
0.246218134865417,392.617555612277,351.272689635297,589.974904604229
0.246338908537245,392.88929637389,351.21314193501,589.987499110793
0.246459698186727,393.161073085226,351.153604223025,590.000093099039
0.246580503919631,393.432885984258,351.094076473056,590.01268657972
0.246701325537211,393.704734623815,351.03455877956,590.025279531852
0.2468221631287,393.976619204664,350.975051136071,590.037871964472
0.246943016884432,394.24854015506,350.915553478189,590.050463897141
0.247063886642317,394.520497110303,350.856065878835,590.063055312698
0.247184772370269,394.792489998194,350.796588378427,590.07564620754
0.247305674223074,395.064519167005,350.737120934658,590.088236597521
0.247426592033354,395.336584240136,350.677663625983,590.100826464944
0.247547525932836,395.608685513969,350.618216425437,590.113415823264
0.247668476046613,395.880823269968,350.558779292291,590.126004685229
0.247789442247298,396.15299722151,350.499352288364,590.13859303731
0.247910424660421,396.425207651037,350.439935386573,590.151180892305
0.248031423091963,396.697454122005,350.380528678576,590.163768229764
0.248152437736106,396.969737071328,350.32113211342,590.176355069624
0.248273468467991,397.242056218069,350.261745750167,590.188941398634
0.248394515528892,397.514412105096,350.20236951308,590.201527241617
0.248515578766086,397.786804388782,350.143003468718,590.214112582423
0.24863665815248,398.059233008169,350.08364765375,590.226697417976
0.248757753622376,398.331697815435,350.024302116263,590.239281741193
0.248878865427768,398.604199377567,349.964966774358,590.251865577997
0.248999993445123,398.876737416615,349.905641681216,590.264448915283
0.249121137868269,399.149312368694,349.846326779664,590.27703177292
0.249242298476521,399.421923737261,349.787022166953,590.289614127722
0.249363475350008,399.694571702608,349.727727839914,590.302195987756
0.249484668422694,399.967256116151,349.668443840194,590.314777345905
0.249605877912451,400.239977468103,349.609170098824,590.327358224524
0.249727103697932,400.512735485435,349.549906669767,590.339938610751
0.249848345903387,400.785530447709,349.490653524606,590.352518517219
0.249969604408588,401.058362084411,349.431410723164,590.36509793119
0.250090879275208,401.331230534308,349.372178263793,590.377676858805
0.250212170353861,401.604135461275,349.312956222435,590.390255284315
0.250333477945403,401.877077542246,349.253744501102,590.402833238661
0.250454801901705,402.150056443925,349.194543159941,590.415410706215
0.250576142376963,402.423072513255,349.135352158892,590.427987702704
0.250697499287136,402.696125561146,349.076171540675,590.440564219152
0.250818872571971,402.969215452023,349.017001351007,590.45314024906
0.250940262370072,403.24234249775,348.957841554109,590.465715806532
0.251061668613452,403.515506545357,348.898692186535,590.478290884261
0.251183091260243,403.788707500636,348.839553285272,590.490865477659
0.251304530328278,404.061945403715,348.780424862811,590.503439588319
0.251425986009047,404.335220685444,348.72130685619,590.516013235806
0.251547458181808,404.608533074156,348.66219931916,590.528586407358
0.251668946947712,404.881882797441,348.603102232293,590.541159113188
0.251790452186351,405.155269584378,348.544015656015,590.553731340578
0.25191197397761,405.428693614711,348.484939580681,590.566303097541
0.252033512325177,405.702154896736,348.42587401706,590.578874384201
0.252155067250507,405.97565347873,348.366818971671,590.591445202521
0.252276638748651,406.249189349553,348.307774461215,590.604015551732
0.252398226829072,406.522762530501,348.248740498014,590.616585432559
0.252519831526841,406.796373100481,348.189717083151,590.629154848373
0.252641452784935,407.070020931192,348.130704253731,590.641723793025
0.252763090659959,407.343706149997,348.071702005766,590.654292272115
0.252884745200238,407.617428865625,348.012710332237,590.666860290378
0.253006416474678,407.891189233114,347.953729217114,590.679427854675
0.253128104380294,408.164987020751,347.894758713477,590.691994954114
0.253249809084633,408.438822605513,347.835798774189,590.704561605743
0.253371530338024,408.712695425643,347.776849507595,590.717127783529
0.253493268263888,408.986605758837,347.717910893187,590.729693499969
0.25361502316445,409.260554285101,347.658982817164,590.742258785995
0.253736794600525,409.53454001627,347.600065454763,590.754823596027
0.253858582634102,409.808563091819,347.541158820938,590.767387936225
0.253980387621589,410.082624313663,347.482262785316,590.779951843102
0.254102209342213,410.356723185067,347.423377430854,590.792515293622
0.254224047770252,410.630859648156,347.364502793826,590.80507828489
0.25434590306291,410.905034056637,347.305638828611,590.817640832862
0.254467775141827,411.179246234199,347.24678557303,590.830202929207
0.254589664103875,411.453496398807,347.187943006135,590.842764583656
0.254711569929037,411.727784505421,347.129111145685,590.855325793892
0.25483349243939,412.002110153716,347.070290079892,590.867886541339
0.254955431886058,412.27647390872,347.011479732644,590.880446851619
0.255077388140138,412.550875480398,346.952680157453,590.893006711201
0.255199361250374,412.82531497843,346.893891355255,590.905566124859
0.25532135128296,413.099792551749,346.835113311808,590.918125099158
0.255443358208831,413.374308134958,346.776346049272,590.930683630855
0.255565381987105,413.648861636075,346.717589600251,590.943241715494
0.255687422681002,413.923453197344,346.658843956518,590.955799359337
0.25580948038621,414.19808303406,346.600109090205,590.968356571976
0.255931554972065,414.472750852236,346.541385062582,590.980913339719
0.256053646622939,414.747457066702,346.482671820363,590.993469681283
0.256175755159936,415.022201274946,346.423969440506,591.00602557802
0.256297880702581,415.296983745897,346.365277898502,591.018581041977
0.256420023252853,415.571804484009,346.306597202034,591.031136073106
0.256542182766946,415.846663390717,346.247927382256,591.043690666658
0.256664359162369,416.121560280418,346.189268489716,591.056244813917
0.256786552591999,416.396495497086,346.130620482191,591.068798530347
0.256908763197716,416.67146935995,346.071983307479,591.08135183027
0.257030990890205,416.94648166805,346.013357005708,591.093904704257
0.257153235542112,417.22153213484,345.954741646828,591.10645713899
0.257275497404548,417.496621325322,345.896137151699,591.119009160006
0.257397776274912,417.77174878364,345.837543602294,591.131560746257
0.257520072160747,418.046914526769,345.778961020046,591.14411189828
0.25764238523813,418.322118950882,345.720389348719,591.156662633897
0.257764715495034,418.597362028915,345.661828596226,591.169212951624
0.257887062820574,418.872643511381,345.603278820457,591.18176283984
0.258009427326071,419.147963648749,345.544739996985,591.194312309722
0.258131808964721,419.423322335712,345.48621215273,591.206861356225
0.258254207750064,419.698719602733,345.427695297964,591.219409980494
0.25837662386216,419.974155854948,345.36918937293,591.23195820074
0.258499056975834,420.249630360716,345.310694511647,591.244505983389
0.258621507265028,420.525143511402,345.252210675912,591.257053346035
0.258743974746179,420.800695343992,345.193737864756,591.269600290117
0.258866459452004,421.076285932099,345.135276076113,591.282146818743
0.258988961318993,421.351915132823,345.076825346737,591.294692925166
0.2591114805472,421.627583396288,345.018385612742,591.307238629632
0.25923401696039,421.903290325966,344.95995694685,591.319783913848
0.259356570692427,422.17903622305,344.901539317429,591.33232879128
0.25947914165958,422.454820899143,344.843132764766,591.344873253114
0.259601729954507,422.730644562729,344.784737268834,591.357417308592
0.259724335475213,423.006506984317,344.726352878949,591.369960947036
0.259846958241587,423.282408208659,344.667979605821,591.382504170247
0.259969598505538,423.558348802549,344.60961736056,591.395047003745
0.260092255937247,423.834328023894,344.551266273556,591.407589413555
0.260214930884195,424.110346654527,344.492926235739,591.420131434972
0.260337622931219,424.386403760331,344.434597408831,591.43267302531
0.260460332537351,424.662500374129,344.376279643581,591.445214231258
0.26058305941754,424.938635854553,344.317973042895,591.457755023433
0.260705803779186,425.214810668258,344.259677549799,591.470295422793
0.260828565471015,425.491024474873,344.201393227412,591.48283541364
0.260951344497391,425.767277284218,344.143120094472,591.495374996188
0.261074140901915,426.043569194397,344.084858147167,591.507914174653
0.2611969548119,426.319900491865,344.026607344384,591.520452961795
0.261319786112705,426.596270918675,343.968367736565,591.532991345668
0.261442634880659,426.872680646572,343.910139311421,591.545529333827
0.261565501141765,427.149129734061,343.851922067299,591.558066928686
0.261688384729199,427.425617805787,343.79371608158,591.570604112988
0.261811285871837,427.702145376723,343.735521284791,591.583140909849
0.261934204566329,427.978712439329,343.677337678148,591.595677318684
0.262057140709888,428.255318762338,343.619165313511,591.60821332877
0.262180094479078,428.531964743014,343.561004138482,591.620748957877
0.262303065635428,428.808649844803,343.502854251184,591.633284181453
0.262426054309212,429.085374360817,343.444715624812,591.64581901255
0.262549060472632,429.362138228511,343.386588276834,591.658353448098
0.262672084442207,429.638942160054,343.328472093258,591.670887520105
0.262795125855014,429.915785338871,343.270367212299,591.683421191355
0.26291818487645,430.192668137101,343.212273599134,591.695954478469
0.263041261353596,430.469590210681,343.154191320074,591.708487365637
0.263164355498848,430.746552037498,343.096120310376,591.721019874256
0.263287467318734,431.02355363224,343.038060567646,591.733552004747
0.263410596670172,431.300594672977,342.980012158812,591.746083742311
0.263533743664561,431.57767541035,342.921975059703,591.758615098056
0.263656908351253,431.854795955408,342.863949256976,591.771146076766
0.263780090541703,432.13195588392,342.805934833943,591.783676659025
0.263903290529657,432.409155856818,342.747931695957,591.796206874484
0.264026508174224,432.686395557093,342.689939894789,591.808736708569
0.264149743432796,432.963674888879,342.631959465223,591.82126615672
0.264272996385579,433.240994032641,342.573990390537,591.833795226862
0.26439626711032,433.518353163308,342.516032646982,591.846323926658
0.264519555410597,433.795751838931,342.458086319089,591.858852235915
0.264642861405471,434.0731903274,342.4001513821,591.871380166506
0.264766185204453,434.350668875109,342.342227798345,591.88390772932
0.264889526845656,434.628187567814,342.284315556483,591.896434927988
0.265012886219014,434.90574615787,342.226414708306,591.908961751098
0.265136263226392,435.18334442447,342.168525310567,591.92148818846
0.265259657979277,435.460982618462,342.110647337251,591.934014251167
0.265383070549026,435.738660900398,342.05278076555,591.946539946227
0.265506500798298,436.01637896126,341.994925656123,591.959065259472
0.265629948981009,436.29413737236,341.937081926688,591.971590216435
0.265753415007156,436.57193593119,341.87924960998,591.984114807746
0.265876898752577,436.849774358388,341.821428769785,591.996639020585
0.266000400405637,437.127653077772,341.763619350476,592.009162873826
0.266123919776457,437.405571662117,341.705821428468,592.021686347984
0.266247457217279,437.683530903967,341.648034884761,592.03420947854
0.266371012378101,437.961530015816,341.590259849589,592.046732229778
0.266494585527187,438.23956960126,341.53249624554,592.059254628662
0.266618176472916,438.517649229149,341.474744146282,592.071776655542
0.266741785437591,438.795769399668,341.417003483994,592.084298332711
0.266865412223373,439.073929667678,341.359274336098,592.096819639895
0.266989056812625,439.352129993494,341.301556730547,592.109340575089
0.26711271936968,439.630370746869,341.243850615681,592.121861154705
0.267236399826211,439.908651774063,341.186156019771,592.134381371593
0.267360098274727,440.186973283225,341.128472919473,592.146901234889
0.267483814677637,440.465335189772,341.070801335193,592.159420740557
0.267607548947798,440.743737297634,341.013141313568,592.171939879554
0.267731301339787,441.02218017961,340.955492769952,592.184458677408
0.267855071566432,441.300663189562,340.897855814066,592.196977104838
0.267978859932049,441.5791870122,340.840230351105,592.209495192399
0.268102666248056,441.857751223214,340.782616450205,592.222012920786
0.268226490631898,442.13635608686,340.725014084248,592.234530301649
0.268350332969545,442.415001346565,340.667423303116,592.247047323233
0.268474193352903,442.69368720912,340.609844086884,592.259563994602
0.268598071679101,442.972413443066,340.552276481977,592.272080305137
0.268721967942166,443.251180034962,340.494720506548,592.284596254014
0.268845882504871,443.529987801048,340.437176028865,592.297111877647
0.268969815068492,443.808836069195,340.379643155387,592.309627145628
0.269093765727742,444.087725052508,340.32212187353,592.322142067304
0.269217734512639,444.366654818527,340.264612178334,592.334656645475
0.269341721478349,444.645625491374,340.207114055873,592.347170885481
0.269465726450449,444.924636678599,340.149627581362,592.359684769492
0.26958974962692,445.203688825659,340.092152696806,592.372198317265
0.269713790908973,445.482781710279,340.034689440877,592.384711518603
0.269837850178211,445.761915066064,339.977237874509,592.397224361344
0.269961927663159,446.041089407198,339.919797925518,592.409736868315
0.270086023263592,446.32030450817,339.862369630795,592.422249029179
0.270210136980782,446.599560371847,339.804953003744,592.434760843845
0.270334268883481,446.87885715292,339.747548027771,592.44727231902
0.270458419059631,447.158195049259,339.6901546741,592.459783463337
0.270582587400328,447.437573815828,339.632772989442,592.472294265597
0.270706773896818,447.71699343293,339.575402992627,592.484804724697
0.270830978635293,447.996454094498,339.518044660985,592.497314849098
0.270955201549561,448.275955651601,339.460698025289,592.509824631907
0.271079442644858,448.555498116019,339.403363096327,592.522334073434
0.271203702059873,448.835081799803,339.346039829501,592.534843187416
0.271327979672404,449.114706427998,339.288728274102,592.547351961327
0.271452275667482,449.394372416924,339.23142837312,592.559860413566
0.271576589871613,449.674079376219,339.174140194067,592.572368526447
0.271700922373394,449.953827505225,339.116863720494,592.584876308666
0.271825273180753,450.233616821782,339.05959895492,592.597383760797
0.271949642315183,450.513447374252,339.00234589728,592.609890884776
0.272074029687159,450.793318961196,338.94510459061,592.622397671381
0.272198435400764,451.073231816808,338.887875008658,592.634904130858
0.272322859380747,451.353185771769,338.830657184839,592.647410255419
0.27244730172335,451.633181042626,338.773451094421,592.659916054517
0.272571762376151,451.913217511429,338.716256762038,592.672421522661
0.27269624146607,452.193295463746,338.659074149607,592.684926672383
0.272820739034808,452.473414993406,338.601903242885,592.69743150764
0.272945254888764,452.753575664808,338.544744123119,592.709936008768
0.273069789102256,453.033777645164,338.487596781404,592.722440183016
0.27319434157418,453.314020706994,338.430461263698,592.734944020016
0.273318912545167,453.594305391715,338.373337490692,592.747447543703
0.27344350198887,453.874631640047,338.316225468322,592.759950751205
0.273568109758752,454.15499912228,338.259125262198,592.772453627598
0.273692735998204,454.435408161047,338.202036834018,592.784956187052
0.273817380633668,454.715858590841,338.144960214322,592.797458421968
0.273942043681219,454.99635044783,338.087895408983,592.80996033374
0.274066725192584,455.276883848403,338.030842406309,592.822461927337
0.274191425258861,455.557458997525,337.973801176553,592.834963211669
0.274316143745188,455.838075591762,337.916771775189,592.847464172995
0.2744408806493,456.118733626014,337.859754218959,592.859964810875
0.27456563618952,456.399433591509,337.802748432959,592.872465146967
0.27469041006811,456.680174818335,337.745754529069,592.884965151216
0.27481520256397,456.96095793402,337.688772423087,592.897464851351
0.274940013588362,457.241782738902,337.631802144253,592.909964238256
0.275064843106665,457.522649155085,337.574843717671,592.922463308249
0.275189691210412,457.803557388516,337.517897118953,592.934962070277
0.275314557749561,458.0845071016,337.460962409989,592.947460509102
0.275439442897674,458.365498684854,337.404039539986,592.959958641881
0.275564346585611,458.646531982714,337.347128535382,592.972456461475
0.27568926879487,458.927606953545,337.290229414484,592.984953965818
0.275814209623394,459.208723817725,337.233342149286,592.99745116449
0.275939169145723,459.489882742965,337.176466713817,593.009948064725
0.276064146988049,459.771082888198,337.119603256135,593.022444628928
0.276189143648363,460.052325373905,337.062751612758,593.034940906681
0.276314158870261,460.333609623177,337.005911865522,593.047436872123
0.276439192784997,460.614935931332,336.949083982811,593.05993253816
0.276564245291093,460.896304070049,336.892268006299,593.072427894431
0.276689316447572,461.177714172125,336.835463926419,593.084922946622
0.276814406279689,461.459166294389,336.778671738994,593.097417697037
0.276939514677224,461.740660188842,336.721891492954,593.109912134453
0.277064641786985,462.022196185804,336.665123145858,593.122406273318
0.277189787663206,462.303774407301,336.60836667729,593.134900118824
0.277314952151478,462.585394505914,336.551622150647,593.147393655342
0.277440135299859,462.867056589771,336.494889563796,593.159886887458
0.27756533704607,463.148760518745,336.43816894737,593.172379808745
0.277690557647975,463.430506873032,336.381460213237,593.184872444717
0.277815797026022,463.712295473638,336.324763385592,593.197364787211
0.277941055113232,463.99412616986,336.268078500588,593.209856829334
0.278066331919602,464.275998984194,336.21140556664,593.22234857187
0.278191627595345,464.557914254614,336.154744533891,593.23484002958
0.278316941943344,464.839871537613,336.098095477478,593.247331182595
0.278442275007685,465.121870932379,336.041458398365,593.259822035104
0.278567626772992,465.40391240432,335.984833309351,593.272312585361
0.278692997315525,465.685996125019,335.928220189585,593.284802840754
0.278818386600618,465.968122016478,335.871619055832,593.297292797614
0.278943794765091,466.250290386544,335.815029864504,593.309782469355
0.279069221692595,466.532500973428,335.758452660341,593.322271844174
0.279194667549822,466.814754152188,335.701887392476,593.334760938454
0.279320132247961,467.097049723001,335.645334093962,593.347249743136
0.279445615617864,467.379387305282,335.588792841196,593.359738241176
0.279571117856738,467.661767342749,335.532263576447,593.372226451993
0.279696638955726,467.944189815472,335.475746300919,593.384714374489
0.279822178950897,468.226654804607,335.419241007253,593.397202012038
0.279947737827053,468.509162275958,335.362747706568,593.409689362913
0.280073315594596,468.79171225293,335.306266402915,593.422176427936
0.280198912139497,469.074304478958,335.249797146994,593.43466319556
0.280324527733847,469.356939566244,335.193339848456,593.447149692623
0.280450162044745,469.639616765764,335.136894627623,593.45963588582
0.280575815386662,469.922336785079,335.080461388273,593.472121806198
0.280701487601283,470.205099267976,335.02404018297,593.484607437807
0.280827178811346,470.487904490617,334.967630978716,593.497092792632
0.280952888826553,470.770752024832,334.911233849664,593.509577851559
0.28107861788963,471.053642416756,334.854848720233,593.522062638485
0.281204365786013,471.336575183617,334.798475667369,593.534547131892
0.281330132681617,471.619550698727,334.742114645217,593.547031348046
0.281455918590083,471.902568992774,334.685765647891,593.559515288083
0.281581723648741,472.185630374756,334.629428628067,593.571998965415
0.281707547515684,472.468734075378,334.573103715321,593.584482345906
0.281833390363983,472.751880484051,334.516790869041,593.596965446526
0.281959252273391,473.035069780219,334.460490058886,593.609448274972
0.282085133190243,473.318301843134,334.404201306689,593.621930825706
0.282211032960101,473.601576325316,334.347924680568,593.634413083213
0.282336951836669,473.884893797594,334.291660099988,593.646895072438
0.282462889751442,474.168254105834,334.235407584974,593.659376786374
0.282588846705529,474.451657252529,334.179167143898,593.671858224923
0.282714822712364,474.735103267907,334.122938778834,593.684339389206
0.282840817808496,475.018592234206,334.066722482063,593.696820282634
0.282966831979559,475.302124119097,334.010518263757,593.709300903573
0.283092865330603,475.585699158946,333.954326091299,593.721781262214
0.283218917560239,475.869316675626,333.898146080285,593.734261328508
0.283344988938458,476.152977276619,333.841978151107,593.746741128984
0.283471079437132,476.436680898635,333.785822308431,593.759220660641
0.283597189038785,476.720427502354,333.729678565202,593.771699921543
0.283723317836513,477.004217297243,333.673546893738,593.784178920689
0.283849465653882,477.288049886323,333.617427362627,593.796657640417
0.283975632554792,477.57192541337,333.561319963523,593.809136086846
0.284101818721773,477.855844289077,333.505224631644,593.821614277816
0.284228023966948,478.139806090721,333.44914143418,593.834092194537
0.284354248485527,478.423811257525,333.393070312692,593.846569856103
0.284480492058982,478.707859297797,333.337011346997,593.859047240702
0.284606754868048,478.991950618197,333.280964486034,593.871524365993
0.284733036792517,479.276084948251,333.224929773375,593.884001219889
0.2848593380215,479.560262713464,333.168907149362,593.896477820864
0.284985658306129,479.844483353878,333.11289670488,593.908954144127
0.285111997952631,480.128747558508,333.05689834302,593.921430219719
0.285238356682619,480.41305470098,333.000912160233,593.933906019936
0.285364734651338,480.697405130599,332.944938117521,593.946381559908
0.285491131850641,480.981798829032,332.8889762177,593.95885683862
0.285617548173747,481.266235556019,332.833026506884,593.971331845329
0.285743983789201,481.550715690791,332.777088933652,593.983806596465
0.285870438791361,481.835239445652,332.721163460102,593.996281101121
0.285996913033721,482.119806490961,332.665250141189,594.008755344635
0.286123406510506,482.404416813728,332.609348992612,594.021229326236
0.286249919282787,482.68907055136,332.553459999077,594.033703051741
0.286376451368818,482.973767744929,332.497583156722,594.046176522742
0.286503002616752,483.258508052782,332.441718527473,594.058649724067
0.286629573256254,483.543291991659,332.385866039228,594.071122678149
0.286756163239407,483.828119453754,332.330025704596,594.083595380053
0.286882772378502,484.112990016719,332.274197601271,594.096067811085
0.287009400941676,484.397904283859,332.218381645073,594.108539997456
0.287136048897164,484.682862183707,332.162577840681,594.121011935825
0.287262716144272,484.9678634897,332.106786231721,594.133483616071
0.287389402706192,485.252908254021,332.05100682113,594.145955040277
0.287516108755636,485.537996865269,331.995239549573,594.158426225235
0.287642834106716,485.823128905198,331.939484483194,594.170897152442
0.287769578805068,486.108304476492,331.883741619697,594.183367826189
0.287896342767371,486.393523391672,331.828010995191,594.195838238078
0.28802312623048,486.678786183669,331.772292531097,594.208308411204
0.288149929074815,486.964092583423,331.71658626566,594.220778333595
0.288276751269897,487.249442522358,331.660892220899,594.233248002054
0.288403592938154,487.534836275936,331.6052103592,594.245717428414
0.288530454028411,487.820273729013,331.549540699152,594.258186607435
0.288657334546319,488.105754894307,331.493883246293,594.270655539472
0.288784234373384,488.391279505203,331.438238050813,594.283124212679
0.288911153673529,488.676847930528,331.38260506365,594.295592642964
0.289038092449971,488.962460177522,331.326984281233,594.308060830433
0.289165050700384,489.248116240952,331.271375708687,594.320528774653
0.289292028465127,489.533816211623,331.215779336525,594.332996479383
0.289419025643669,489.819559863343,331.160195205809,594.34546393455
0.289546042329178,490.105347405739,331.104623292592,594.357931149098
0.289673078458803,490.391178697396,331.049063621667,594.370398116655
0.289800134099218,490.67705388833,330.993516176519,594.382864843564
0.28992720930894,490.962973110203,330.937980937619,594.395331335358
0.290054303921571,491.248935988622,330.882457968934,594.407797575513
0.290181418102943,491.534942896709,330.826947222729,594.420263580095
0.290308551887429,491.820993911804,330.771448683878,594.432729352266
0.29043570522225,492.107088915151,330.71596237445,594.445194886646
0.29056287807271,492.393227828686,330.660488315331,594.457660179634
0.290690070376077,492.679410511263,330.605026537696,594.470125224884
0.290817282282727,492.965637301224,330.549576994751,594.48259003693
0.290944513765829,493.251908138204,330.494139694185,594.495054612939
0.291071764796802,493.538222957892,330.438714652298,594.50751894991
0.291199035455468,493.824581939892,330.383301846371,594.519983055458
0.291326325492657,494.110984523566,330.327901370365,594.532446904986
0.291453635245835,494.397431468216,330.272513117099,594.544910531339
0.291580964623698,494.68392256841,330.217137109295,594.557373925368
0.291708313623231,494.970457817358,330.161773355781,594.569837086577
0.291835682163925,495.257037033921,330.106421892334,594.582300006889
0.291963070392232,495.543660547612,330.051082674307,594.594762700434
0.292090478228424,495.830328179042,329.995755729204,594.607225159207
0.29221790575551,496.117040114985,329.940441034633,594.619687391129
0.292345352711606,496.403795766203,329.885138688954,594.632149370391
0.292472819392916,496.69059579915,329.829848601134,594.644611125762
0.292600305848957,496.977440325242,329.774570743831,594.657072661872
0.292727811981404,497.264329123247,329.719305153692,594.669533968906
0.292855337697458,497.551261984369,329.664051874878,594.681995037601
0.292982883225037,497.838239421421,329.60881083385,594.694455890024
0.293110448241569,498.125260708618,329.553582143605,594.706916494464
0.293238033060558,498.412326551345,329.498365708906,594.719376881349
0.293365637715838,498.699437025723,329.443161507593,594.731837053771
0.293493262032024,498.986591737142,329.387969605426,594.744296994403
0.293620906047797,499.273790772632,329.332790002054,594.756756706828
0.293748569766689,499.561034140138,329.277622700449,594.769216191192
0.293876253072085,499.848321577279,329.222467748337,594.781675435919
0.294003956278138,500.1356537909,329.16732504082,594.794134471464
0.294131679216489,500.42303040219,329.112194628842,594.806593281195
0.29425942202776,500.710451727548,329.057076472002,594.819051878627
0.294387184456167,500.997917191464,329.001970663022,594.831510238617
0.294514966769642,501.285427396782,328.946877120768,594.843968387097
0.294642768737152,501.57298182368,328.89179592275,594.85642630134
0.294770590480708,501.860580746681,328.836727039341,594.868883993048
0.294898432138181,502.148224475996,328.781670419521,594.881341475452
0.295026293609313,502.435912786043,328.726626096728,594.893798738579
0.295154174761282,502.723645377974,328.671594128808,594.906255769298
0.295282075900531,503.011422941284,328.61657441551,594.918712597258
0.295409996812037,503.299244992172,328.561567025321,594.931169201313
0.295537937333335,503.587111165092,328.506572031956,594.943625565458
0.295665897981991,503.875022624569,328.45158925992,594.956081739881
0.295793878277331,504.162978289084,328.3966188642,594.968537677586
0.295921878465985,504.450978713555,328.341660780614,594.980993402389
0.296049898411062,504.739023589978,328.286715054183,594.993448900771
0.296177938354126,505.027113461872,328.231781606561,595.005904196036
0.296305998078967,505.315247842764,328.176860509585,595.01835926695
0.296434077716689,505.603427027639,328.121951729451,595.030814126071
0.296562177288156,505.89165106344,328.067055257506,595.043268775227
0.296690296726597,506.179919799932,328.012171120772,595.055723207729
0.29681843600634,506.468233179354,327.95729933646,595.068177420887
0.296946595221705,506.756591413924,327.902439876368,595.080631423672
0.297074774300348,507.044994340872,327.847592766666,595.093085208858
0.297202973213255,507.333441894913,327.79275802555,595.105538773432
0.297331192165803,507.621934538146,327.737935584257,595.117992137148
0.297459431003357,507.910471922642,327.683125493067,595.130445284786
0.297587689847501,508.199054321966,327.628327718502,595.142898227956
0.297715968734613,508.487681817968,327.573542246157,595.15535096999
0.297844267386275,508.776353784208,327.518769179416,595.167803483668
0.297972586164825,509.065071035945,327.464008404653,595.180255803964
0.298100924754549,509.353832862824,327.409260024395,595.19270790004
0.298229283480757,509.642639996792,327.354523938305,595.205159803268
0.298357662146325,509.93149199432,327.299800207462,595.217611494322
0.298486060696306,510.220388731777,327.24508886436,595.230062967683
0.298614479437949,510.509330900475,327.190389805333,595.242514252949
0.298742917934941,510.798317518707,327.135703178,595.254965307619
0.298871376426885,511.087349125581,327.081028920012,595.267416154739
0.298999855024557,511.376425970342,327.0263669856,595.279866804841
0.299128353750608,511.665548103955,326.971717363231,595.292317259919
0.299256872535903,511.95471537087,326.917080079906,595.304767513076
0.299385411237769,512.243927450069,326.862455195086,595.317217550301
0.299513969967911,512.533184592889,326.807842680358,595.329667382223
0.299642548742271,512.822486835197,326.753242529307,595.342117010192
0.299771147633096,513.111834339553,326.698654718108,595.354566441003
0.299899766530742,513.401226859257,326.644079286599,595.367015663849
0.300028405577428,513.690664714301,326.589516192317,595.379464692299
0.300157064632949,513.980147589223,326.534965483498,595.391913512591
0.300285743901497,514.269675943456,326.480427096367,595.404362144287
0.300414443122162,514.559249189953,326.425901119837,595.41681056195
0.300543162458227,514.8488676961,326.371387510907,595.429258781187
0.300671901910911,515.138531464637,326.316886266341,595.441706801917
0.300800661476407,515.428240487004,326.262397390316,595.454154623578
0.300929441165267,515.717994786939,326.207920882951,595.466602246997
0.301058240872016,516.007794127126,326.153456785831,595.479049661787
0.301187060903704,516.297639198423,326.099004997053,595.491496897427
0.301315901044109,516.587529514334,326.044565583432,595.503943932822
0.301444761286164,516.877465058958,325.990138560436,595.516390767102
0.301573641725775,517.167446048081,325.935723898988,595.528837409338
0.301702542337365,517.457472424159,325.88132160737,595.541283856862
0.301831463144467,517.74754424014,325.826931681473,595.553730111754
0.301960403955182,518.037661064248,325.772554193342,595.566176155298
0.302089365111715,518.327823666448,325.718189032956,595.578622020334
0.302218346470652,518.618031724056,325.663836239394,595.591067692819
0.30234734802013,518.908285210382,325.609495825667,595.603513171416
0.302476369631132,519.198583835135,325.555167843514,595.615958443493
0.302605411523348,519.488928092621,325.50085222432,595.628403530049
0.302734473731441,519.779318060831,325.44654894877,595.640848434225
0.302863556037879,520.069753250316,325.392258095552,595.653293134856
0.30299265858415,520.360233979427,325.337979628201,595.665737645395
0.303121781445757,520.650760418042,325.283713517395,595.678181972923
0.303250924533797,520.941332366131,325.229459793927,595.690626108675
0.30338008783904,521.231949802927,325.175218468644,595.703070051575
0.303509271555422,521.522613164788,325.1209894764,595.715513820109
0.303638475384281,521.813321779721,325.066772918299,595.727957385317
0.303767699516504,522.104076077222,325.012568743295,595.740400765396
0.303896943724785,522.394875545856,324.95837702888,595.752843938269
0.304026208550445,522.685721403589,324.904197594548,595.765286955858
0.304155493490343,522.976612518361,324.850030598022,595.777729769527
0.304284798696636,523.26754923252,324.795876010276,595.790172393744
0.304414124192087,523.558531597284,324.741733822119,595.802614830505
0.304543470075592,523.849559835171,324.68760399957,595.815057089129
0.30467283610753,524.140633407032,324.63348662662,595.82749914638
0.30480222255147,524.431752905896,324.579381623751,595.839941027417
0.304931629295896,524.722918080855,324.525289022433,595.852382721322
0.305061056342495,525.014128935703,324.471208829393,595.864824228069
0.305190503886615,525.305385909972,324.417140978519,595.877265566239
0.305319971664672,525.5966884106,324.363085557553,595.889706710307
0.305449459665435,525.888036412317,324.309042586016,595.902147659015
0.305578968154734,526.179430513239,324.255011974505,595.914588437709
0.30570849715349,526.470870760442,324.20099370539,595.927029048196
0.305838046504596,526.762356800429,324.146987835043,595.939469475195
0.305967616304331,527.053888849833,324.092994340034,595.951909727761
0.306097206403301,527.345466572516,324.039013273291,595.964349791362
0.306226816956418,527.637090317029,323.985044589853,595.97678968068
0.306356447823969,527.928759769018,323.931088335955,595.989229382114
0.306486098999725,528.220474914469,323.877144523178,596.001668894884
0.306615770750444,528.512236353587,323.823213060724,596.014108244389
0.306745462893207,528.804043674805,323.769294003454,596.026547412885
0.306875175426675,529.095896875108,323.715387362379,596.038986400059
0.307004908282915,529.387795801648,323.661493166111,596.051425199212
0.307134661898139,529.679741435902,323.607611265942,596.063863851968
0.307264435652224,529.971732382592,323.553741864094,596.076302298689
0.307394229890087,530.263769417783,323.499884869381,596.088740572259
0.30752404457645,530.555852462102,323.446040284105,596.101178669102
0.307653879709049,530.847981510448,323.392208111852,596.113616588812
0.307783735431823,531.140156886689,323.338388304531,596.126054344985
0.307913611586524,531.432378234767,323.284580914118,596.138491922272
0.308043508305078,531.724645851513,323.230785903755,596.150929333118
0.308173425249077,532.016958975511,323.177003391106,596.163366544938
0.308303362843399,532.309318562736,323.123233244653,596.175803598221
0.308433320980168,532.601724370467,323.069475486429,596.188240482442
0.308563299609481,532.89417628642,323.015730139682,596.200677192638
0.308693298753364,533.186674360157,322.961997202548,596.213113730729
0.308823318359854,533.479218474761,322.908276695759,596.225550091557
0.308953358560311,533.771808925789,322.854568578198,596.237986287498
0.309083419406031,534.064445828659,322.800872828265,596.250422323259
0.30921350079772,534.357128959958,322.747189480489,596.262858189158
0.309343602770873,534.649858399553,322.693518529755,596.275293888399
0.309473725108704,534.942633659672,322.639860054656,596.287729400077
0.309603868132013,535.235455462119,322.586213955337,596.300164754667
0.309734031665368,535.528323412167,322.532580282026,596.312599935209
0.309864215804063,535.821237724231,322.478959010496,596.325034950624
0.309994420485482,536.114198257424,322.4253501619,596.33746979474
0.31012464588573,536.407205407981,322.371753679367,596.349904484185
0.310254891825501,536.700258772465,322.318169620523,596.362339001646
0.310385158409071,536.993358585499,322.264597959129,596.374773356895
0.310515445442553,537.286504410833,322.211038762356,596.387207531238
0.310645753141907,537.57969673438,322.157491965902,596.399641545102
0.310776081350654,537.87293520406,322.103957618152,596.412075383367
0.31090643022772,538.16622017746,322.050435672185,596.42450906101
0.311036799840838,538.459551806974,321.996926099731,596.436942584298
0.311167190058977,538.752929797787,321.943428945171,596.449375940544
0.311297600826581,539.046354024896,321.889944236749,596.461809124269
0.311428032337551,539.339824924578,321.836471912551,596.474242153772
0.311558484513305,539.633342320024,321.78301199365,596.486675021371
0.311688957292733,539.926906073738,321.729564506762,596.499107721055
0.311819450832083,540.220516537276,321.676129403018,596.511540267527
0.311949964962725,540.514173331221,321.622706737003,596.523972644532
0.312080499672946,540.807876429217,321.569296522822,596.536404850775
0.312211055188911,541.101626340138,321.51589868525,596.548836907607
0.312341631439144,541.395422903162,321.462513240805,596.561268808027
0.312472228339478,541.689265928915,321.409140223521,596.573700543837
0.312602846085514,541.983155857494,321.355779571814,596.586132133468
0.312733484460362,542.277092200902,321.30243135523,596.598563556088
0.312864143554529,542.571075162779,321.249095554057,596.610994820128
0.312994823182933,542.865104326687,321.195772232642,596.623425907798
0.313125523780139,543.159180670401,321.142461249866,596.635856860247
0.313256244949832,543.453303302211,321.089162726626,596.648287639589
0.313386986892291,543.747472672744,321.035876611963,596.660718264693
0.313517749587311,544.041688736538,320.982602907931,596.673148733446
0.31364853313247,544.335951713147,320.929341582644,596.685579054936
0.31377933741942,544.630261358783,320.876092671562,596.698009218675
0.313910162463558,544.924617708094,320.822856176417,596.710439225944
0.314041008336238,545.219020921625,320.769632074612,596.722869083334
0.314171874987924,545.513470887917,320.716420382282,596.735298785952
0.314302762415046,545.807967598941,320.66322110499,596.747728333274
0.314433670644599,546.102511115436,320.610034236148,596.760157727678
0.314564599561498,546.397101178458,320.556859817024,596.772586958055
0.314695549338051,546.691738175704,320.50369779532,596.785016040577
0.314826520093383,546.986422375201,320.450548124002,596.797444986356
0.314957511442336,547.281152910345,320.39741093265,596.809873758659
0.315088523695115,547.575930479098,320.344286133502,596.822302386741
0.315219556639992,547.87075460507,320.291173789968,596.834730850328
0.315350610358163,548.165625470956,320.238073884574,596.847159156945
0.31548168502853,548.46054347928,320.184986354476,596.859587323367
0.315612780569952,548.75550844748,320.131911220827,596.87201534171
0.315743896845762,549.050520068053,320.078848536072,596.884443198838
0.315875033973677,549.345578605862,320.025798268672,596.896870905728
0.316006192225811,549.640684673164,319.972760321393,596.909298487972
0.316137371211541,549.935837391056,319.919734818064,596.921725908369
0.316268571041032,550.23103700741,319.866721739827,596.934153177181
0.316399791740003,550.526283580095,319.813721077103,596.946580296658
0.316531033235667,550.82157694534,319.760732855594,596.959007259726
0.316662295744294,551.116917589751,319.707757005649,596.971434086677
0.31679357923988,551.412305454819,319.654793528214,596.983860774854
0.316924883522658,551.707740091068,319.601842494493,596.996287305169
0.317056208672349,552.003221677873,319.548903888812,597.008713684988
0.317187554700863,552.298750242031,319.495977706686,597.021139915256
0.317318921945329,552.59432654208,319.443063832324,597.033566027671
0.317450309964726,552.889949585722,319.390162403848,597.04599198033
0.317581718974841,553.185619858482,319.337273367823,597.058417793463
0.317713148874144,553.481337131912,319.284396753778,597.070843457285
0.317844599742093,553.777101584798,319.231532540054,597.083268979125
0.317976071698846,554.072913487492,319.178680683757,597.09569437015
0.318107564380555,554.368772021338,319.125841306344,597.108119595794
0.318239078164364,554.664678034908,319.073014296336,597.120544691515
0.318370612878755,554.960631142288,319.02019969902,597.132969640919
0.318502168554168,555.256631411967,318.967397511828,597.1453944467
0.318633745053903,555.552678536371,318.914607783366,597.15781909577
0.318765342717726,555.848773279971,318.86183040486,597.170243620027
0.318896961224975,556.144914921283,318.809065473232,597.182667989011
0.31902860070192,556.441103744408,318.756312960173,597.195092214465
0.319160261213264,556.737339894933,318.703572841113,597.20751630231
0.319291942700521,557.033623241262,318.650845134285,597.219940246844
0.319423645465014,557.329954461369,318.598129740008,597.232364076306
0.319555368898224,557.626332186093,318.545426855452,597.244787733112
0.319687113538197,557.922757626032,318.492736324776,597.257211267836
0.319818879521516,558.2192310885,318.440058080703,597.269634693152
0.31995066636363,558.515751483256,318.387392281825,597.282057963191
0.320082474237963,558.812319200505,318.334738892545,597.294481094131
0.320214303031385,559.108933985704,318.282097948524,597.306904075129
0.32034615305498,559.405596538794,318.229469349314,597.319326935314
0.320478023900575,559.702305941382,318.176853222508,597.331749636047
0.320609916079071,559.999063342999,318.124249412048,597.344172225274
0.320741829264729,560.29586801073,318.071658009389,597.356594672122
0.320873763500644,560.592720041537,318.019079013996,597.369016980475
0.321005718775576,560.889619410134,317.966512431314,597.381439149093
0.32113769527209,561.18656652729,317.913958200955,597.393861194978
0.321269692686938,561.4835607107,317.861416419834,597.406283089405
0.321401711231678,561.780602436364,317.80888703054,597.418704852108
0.32153375093268,562.077691763619,317.756370017494,597.431126485381
0.321665811615741,562.374828300506,317.703865439505,597.443547972656
0.321797893673657,562.672012930817,317.65137317182,597.455969350693
0.321929996565431,562.969244437308,317.598893383491,597.468390568434
0.322062120943519,563.266524288007,317.546425876441,597.480811687047
0.322194266285235,563.563851306868,317.493970803113,597.4932326572
0.322326432739201,563.861225828291,317.441528135385,597.505653492695
0.322458620122123,564.158647439865,317.389097933557,597.518074176131
0.322590829181347,564.456117823119,317.336679952099,597.530494777535
0.322723058951762,564.753634806554,317.284274487388,597.542915206052
0.322855310000875,565.051199667058,317.231881388597,597.555335514828
0.32298758214409,565.348811989291,317.179500699209,597.567755686334
0.323119875681163,565.646472447705,317.127132324166,597.580175748534
0.323252190235677,565.944180195363,317.074776379843,597.592595665904
0.323384526022141,566.241935714906,317.022432810762,597.605015458405
0.323516883145342,566.539739242109,316.970101574882,597.617435135682
0.323649261307435,566.837590106818,316.917782768968,597.629854669607
0.323781660592007,567.135488497104,316.865476379472,597.642274067851
0.323914081358918,567.433435222653,316.813182283397,597.654693363981
0.324046523263403,567.731429507745,316.760900581961,597.667112525472
0.324178986464941,568.029471711207,316.708631236331,597.679531567102
0.3243114706028,568.327561021388,316.656374365152,597.691950454879
0.324443976329899,568.625698907362,316.604129764385,597.704369249822
0.324576503003069,568.923883921994,316.551897625216,597.716787891465
0.324709050986195,569.222116884029,316.499677851921,597.729206413738
0.324841620187246,569.520397586393,316.44747046377,597.741624807832
0.324974210763845,569.818726383739,316.395275411021,597.754043088331
0.325106822529942,570.117102857457,316.343092751048,597.766461237625
0.325239455521076,570.41552708751,316.29092248103,597.778879258869
0.325372109932689,570.713999513639,316.238764535589,597.791297170176
0.325504785539783,571.0125196296,316.186618982959,597.803714950301
0.32563748263659,571.311088097417,316.134485734162,597.816132626599
0.325770200867724,571.609704117469,316.082364898344,597.828550165632
0.325902940332809,571.908367913909,316.030256458182,597.840967576552
0.326035701141878,572.207079734315,315.9781603753,597.853384869469
0.32616848316355,572.505839283075,315.926076689823,597.865802031915
0.326301286532129,572.80464686238,315.87400536303,597.878219076272
0.326434111235562,573.103502445102,315.821946394724,597.890636001229
0.326566957235612,573.402405945215,315.769899798854,597.903052803034
0.326699824657055,573.701357643463,315.717865536348,597.915469493166
0.326832713337243,574.000357173886,315.665843657775,597.927886056246
0.326965623494987,574.299405028809,315.613834097424,597.940302512537
0.327098554791607,574.598500446204,315.561836961522,597.952718830223
0.327231507652792,574.89764438387,315.509852122373,597.965135048885
0.327364481835416,575.196836294775,315.457879645252,597.977551145631
0.327497477245385,575.496075967205,315.405919571915,597.989967111504
0.327630494007173,575.795363681228,315.35397186744,598.002382957949
0.327763532175183,576.09469955925,315.302036509661,598.014798689862
0.327896591860935,576.394083852192,315.250113458876,598.027214317465
0.328029672850683,576.693516079126,315.198202782468,598.039629820633
0.328162775281688,576.992996548887,315.146304444703,598.052045211994
0.328295899085048,577.292525106447,315.094418464868,598.064460484943
0.328429044147939,577.592101497952,315.042544884537,598.076875628782
0.328562210707625,577.891726257246,314.9906836308,598.089290665458
0.32869539879782,578.191399460183,314.93883468313,598.101705597926
0.328828608166023,578.49112053864,314.886998124324,598.114120402471
0.328961838942165,578.79088978496,314.835173923326,598.126535091032
0.329095091122469,579.090707190644,314.783362078124,598.138949663076
0.329228364733591,579.390572815667,314.73156258036,598.151364120909
0.329361659743714,579.690486588444,314.679775440461,598.163778461389
0.32949497627033,579.990448773331,314.628000621411,598.176192695278
0.329628314535899,580.29045987086,314.576238044439,598.1886068431
0.329761673866872,580.590518365551,314.52448792505,598.201020841972
0.329895054804072,580.89062547425,314.472750113135,598.213434742072
0.330028457303032,581.190781096911,314.421024603783,598.22584853907
0.330161881094908,581.490984628631,314.369311486906,598.238262207772
0.330295326445219,581.791236666832,314.317610687164,598.250675772711
0.330428793307575,582.091537107131,314.265922210533,598.263089229385
0.330562281693364,582.391885975158,314.214246054793,598.275502578674
0.330695791537096,582.692283123554,314.162582242411,598.287915814311
0.330829322975372,582.992728859676,314.110930731767,598.300328948816
0.330962875846153,583.293222818934,314.059291572038,598.312741966948
0.331096450169929,583.593765047429,314.007664764034,598.325154870437
0.331230046015031,583.894355698909,313.956050285964,598.337567665457
0.331363663493834,584.194995026216,313.904448098107,598.349980362265
0.331497302529106,584.495682855577,313.852858221453,598.362392953504
0.33163096299143,584.796418895806,313.801280702838,598.37480542698
0.331764645013085,585.097203444529,313.749715505579,598.387217794802
0.33189834842914,585.398036130654,313.698162680321,598.399630041482
0.332032073575054,585.698917708961,313.646622123153,598.412042197982
0.332165820278546,585.999847791818,313.595093877756,598.424454248125
0.332299588423608,586.300826118205,313.543577989434,598.436866180975
0.332433378284202,586.601853304542,313.492074374259,598.449278021772
0.332567189457745,586.902928445015,313.440583155159,598.461689732992
0.33270102229809,587.20405233579,313.389104232288,598.474101347288
0.332834876705585,587.505224752655,313.337637625732,598.486512855233
0.332968752768575,587.806445894382,313.286183309511,598.498924264841
0.333102650473205,588.107715729799,313.234741285383,598.511335574645
0.333236569744662,588.409034090578,313.183311579119,598.523746777535
0.333370510439652,588.710400654305,313.131894242563,598.536157860061
0.333504472973573,589.011816355628,313.080489145936,598.548568860534
0.333638457044429,589.313280515054,313.029096372014,598.560979750791
0.333772462664339,589.614793159851,312.977715928798,598.573390531785
0.333906489966792,589.916354590371,312.926347774015,598.585801215702
0.334040538936319,590.217964771806,312.874991907572,598.598211800927
0.334174609455309,590.519623439535,312.823648368976,598.610622276397
0.334308701715405,590.821331024749,312.772317100995,598.623032659674
0.334442815357246,591.123086718893,312.720998215205,598.635442917328
0.334576950732813,591.424891313919,312.669691611294,598.647853081758
0.334711107746202,591.726744594042,312.618397307777,598.660263143908
0.334845286508678,592.028646809614,312.56711527092,598.672673113891
0.334979486940734,592.33059778174,312.515845522963,598.685082984176
0.335113708944705,592.632597290674,312.464588099815,598.697492745558
0.335247952733389,592.934645815213,312.413342936901,598.709902417535
0.335382218145359,593.236742992147,312.362110079144,598.722311985005
0.335516505321368,593.538889138167,312.310889486869,598.734721460802
0.335650814160122,593.841084025362,312.259681188622,598.747130835385
0.335785144619473,594.143327558902,312.208485202771,598.75954010469
0.33591949678651,594.445619934736,312.15730150379,598.771949276586
0.336053870599135,594.747961013143,312.106130109145,598.784358345162
0.336188266253998,595.050351236584,312.054970957041,598.796767328399
0.336322683625691,595.352790322892,312.003824080741,598.809176214537
0.336457122862205,595.65527860505,311.952689436668,598.821585017059
0.336591583690841,595.95781546948,311.901567109053,598.833993710619
0.336726066305106,596.260401351576,311.850457046461,598.846402312903
0.336860570568004,596.563035943097,311.79935928741,598.858810811094
0.336995096578181,596.865719465995,311.74827380525,598.871219214121
0.337129644213394,597.168451645224,311.697200636956,598.883627510532
0.337264213630912,597.471232834639,311.646139736467,598.89603571466
0.337398804755623,597.774062865241,311.595091122558,598.9084438194
0.337533417552284,598.076941657727,311.544054809771,598.920851821333
0.337668052204165,598.37986962446,311.493030740539,598.933259737175
0.337802708745961,598.6828468435,311.442018896014,598.945667569939
0.33793738713721,598.958075315717,311.391019287245,598.958075315717
0.338072087237134,598.970482961366,311.340031962337,598.970482961366
0.338206809103725,598.982890512058,311.289056909465,598.982890512058
0.338341552690695,598.995297963355,311.238094142643,598.995297963355
0.338476318130866,599.007705327312,311.187143620762,599.007705327312
0.338611105539553,599.020112614362,311.136205300882,599.020112614362
0.33874591454178,599.032519789816,311.08527929998,599.032519789816
0.338880745364671,599.044926874411,311.034365560393,599.044926874411
0.339015597947289,599.057333862363,310.983464094617,599.057333862363
0.339150472576331,599.069740779867,310.932574811074,599.069740779867
0.339285368855341,599.082147590277,310.881697826902,599.082147590277
0.339420287079934,599.094554320613,310.830833062122,599.094554320613
0.339555227104408,599.106960957296,310.77998055378,599.106960957296
0.339690188979619,599.119367504829,310.729140290656,599.119367504829
0.339825172778877,599.131773969773,310.678312247755,599.131773969773
0.339960178541334,599.144180355545,310.627496409234,599.144180355545
0.340095206196569,599.156586655498,310.576692796191,599.156586655498
0.340230255687989,599.168992864257,310.525901430322,599.168992864257
0.340365326922573,599.181398973109,310.475122345275,599.181398973109
0.340500420125712,599.193805002581,310.424355472735,599.193805002581
0.340635535189717,599.206210942604,310.373600838651,599.206210942604
0.340770671980353,599.218616780686,310.322858490417,599.218616780686
0.340905830774716,599.231022542089,310.272128344893,599.231022542089
0.341041011465311,599.243428216768,310.221410425892,599.243428216768
0.341176213926368,599.25583379301,310.170704777685,599.25583379301
0.341311438342913,599.268239287622,310.120011346662,599.268239287622
0.341446684613036,599.280644691077,310.069330158837,599.280644691077
0.341581952729998,599.293050002588,310.018661220153,599.293050002588
0.341717242842905,599.305455235652,309.968004483404,599.305455235652
0.341852555025778,599.317860396875,309.917359918389,599.317860396875
0.341987889172351,599.330265476336,309.866727555597,599.330265476336
0.342123245044717,599.342670452061,309.816107476508,599.342670452061
0.342258622826517,599.355075340716,309.765499633194,599.355075340716
0.34239402275555,599.367480163906,309.714903942471,599.367480163906
0.342529444708937,599.37988491019,309.664320432795,599.37988491019
0.342664888371501,599.392289550533,309.613749210111,599.392289550533
0.342800354201351,599.40469412672,309.563190141234,599.40469412672
0.342935841879731,599.41709860938,309.51264331121,599.41709860938
0.343071351687448,599.429503024051,309.462108641041,599.429503024051
0.343206883324823,599.441907343125,309.411586216979,599.441907343125
0.343342436828018,599.454311569748,309.361076039267,599.454311569748
0.343478012539666,599.466715735094,309.310577997733,599.466715735094
0.343613610060782,599.479119802481,309.260092206068,599.479119802481
0.343749229700199,599.491523799993,309.209618580348,599.491523799993
0.343884871267776,599.50392771006,309.159157170691,599.50392771006
0.344020534694055,599.516331526166,309.108708006366,599.516331526166
0.344156220287424,599.528735276331,309.058270992328,599.528735276331
0.344291927701852,599.54113892875,309.007846227086,599.54113892875
0.344427657295755,599.553542516009,308.957433608828,599.553542516009
0.34456340891999,599.565946024299,308.907033171875,599.565946024299
0.344699182672307,599.578349462375,308.856644889503,599.578349462375
0.344834978300371,599.590752807016,308.806268839369,599.590752807016
0.344970795994712,599.603156075457,308.755904970998,599.603156075457
0.345106635706525,599.615559263065,308.705553293379,599.615559263065
0.345242497335546,599.627962360516,308.65521383993,599.627962360516
0.345378381452485,599.640365419728,308.604886432221,599.640365419728
0.345514287450259,599.652768385106,308.554571240741,599.652768385106
0.345650215506351,599.665171272687,308.504268231785,599.665171272687
0.345786165627052,599.67757408287,308.453977399125,599.67757408287
0.345922137877187,599.689976821394,308.403698721146,599.689976821394
0.346058132024342,599.70237946689,308.353432269391,599.70237946689
0.346194148433765,599.714782052495,308.303177936736,599.714782052495
0.34633018680245,599.727184550404,308.252935805679,599.727184550404
0.346466247151218,599.739586962351,308.202705880715,599.739586962351
0.346602329675754,599.751989306001,308.152488100048,599.751989306001
0.346738434253661,599.764391570022,308.102282494385,599.764391570022
0.346874560967365,599.776793761754,308.052089041522,599.776793761754
0.347010709780648,599.789195877723,308.001907750093,599.789195877723
0.347146880732635,599.801597921321,307.951738608785,599.801597921321
0.34728307385133,599.813999894924,307.901581607171,599.813999894924
0.347419288998512,599.826401785774,307.851436787945,599.826401785774
0.347555526463396,599.838803620029,307.801304064699,599.838803620029
0.347691786082719,599.851205382646,307.751183477794,599.851205382646
0.347828067735944,599.863607062487,307.701075071052,599.863607062487
0.347964371609971,599.876008676391,307.650978790991,599.876008676391
0.348100697641571,599.888410218427,307.600894650513,599.888410218427
0.348237045883698,599.900811693239,307.550822634422,599.900811693239
0.348373416076704,599.913213077044,307.500762823291,599.913213077044
0.348509808560256,599.925614400562,307.450715119986,599.925614400562
0.348646223045247,599.938015637332,307.400679603278,599.938015637332
0.34878265987126,599.950416818054,307.350656175733,599.950416818054
0.348919118950748,599.962817934589,307.300644851999,599.962817934589
0.349055600240486,599.975218982834,307.250645647626,599.975218982834
0.349192103513701,599.987619942022,307.200658636759,599.987619942022
0.349328629265952,600.000020856997,307.150683672164,600.000020856997
0.34946517706422,600.012421688248,307.10072087125,600.012421688248
0.349601746967658,600.024822440988,307.050770230931,600.024822440988
0.349738339261033,600.037223140897,307.000831660616,600.037223140897
0.349874953756776,600.049623770767,306.950905207332,600.049623770767
0.350011590493308,600.062024333916,306.900990865095,600.062024333916
0.350148249450473,600.074424828343,306.851088639497,600.074424828343
0.350284930541305,600.086825245987,306.801198558723,600.086825245987
0.350421633723605,600.099225582857,306.751320639851,600.099225582857
0.350558359175038,600.111625854897,306.70145482889,600.111625854897
0.350695106968368,600.124026068529,306.65160109537,600.124026068529
0.350831877039164,600.136426217733,306.60175945532,600.136426217733
0.350968669374121,600.148826301134,306.551929914988,600.148826301134
0.351105484117789,600.161226331658,306.502112429505,600.161226331658
0.351242320906023,600.173626276133,306.452307107667,600.173626276133
0.351379180077741,600.186026165104,306.402513857068,600.186026165104
0.351516061513242,600.198425987548,306.352732702964,600.198425987548
0.351652965125097,600.210825735379,306.302963676042,600.210825735379
0.351789890928227,600.223225409782,306.253206775643,600.223225409782
0.351926839267973,600.235625041853,306.203461892707,600.235625041853
0.352063809774262,600.248024597906,306.153729128867,600.248024597906
0.352200802583292,600.260424090108,306.104008454691,600.260424090108
0.352337817564089,600.272823506436,306.054299907423,600.272823506436
0.352474854764296,600.285222851035,306.004603476851,600.285222851035
0.352611914508171,600.297622153067,305.954919059436,600.297622153067
0.352748996552275,600.31002139033,305.905246717493,600.31002139033
0.352886100832797,600.322420556886,305.855586479197,600.322420556886
0.353023227450913,600.334819661718,305.805938316504,600.334819661718
0.353160376469359,600.347218710323,305.756302205746,600.347218710323
0.353297547688177,600.359617684455,305.706678206241,600.359617684455
0.353434741157434,600.372016588475,305.657066310044,600.372016588475
0.353571957117176,600.384415443904,305.607466440622,600.384415443904
0.353709195526599,600.396814246873,305.557878600169,600.396814246873
0.353846456267718,600.409212986553,305.508302825658,600.409212986553
0.353983739234219,600.421611653175,305.458739155218,600.421611653175
0.354121044611379,600.434010263305,305.409187535784,600.434010263305
0.354258372340807,600.446408811496,305.35964797826,600.446408811496
0.354395722641707,600.458807317362,305.310120415161,600.458807317362
0.354533095057009,600.471205739475,305.260604980183,600.471205739475
0.354670489847606,600.483604101223,305.211101609416,600.483604101223
0.354807907211241,600.496002420269,305.161610232332,600.496002420269
0.354945346974089,600.508400680752,305.112130893357,600.508400680752
0.355082808958249,600.520798866463,305.062663653718,600.520798866463
0.355220293427458,600.533197001021,305.013208439112,600.533197001021
0.355357800165737,600.545595064777,304.963765306734,600.545595064777
0.355495329521485,600.557993088973,304.914334155135,600.557993088973
0.355632881171852,600.570391044328,304.864915071162,600.570391044328
0.355770455491978,600.582788964484,304.815507949099,600.582788964484
0.35590805205043,600.595186810388,304.766112909066,600.595186810388
0.356045670992003,600.607584594925,304.716729921669,600.607584594925
0.356183312305539,600.619982316922,304.667358986292,600.619982316922
0.356320976056862,600.632379982138,304.618000081937,600.632379982138
0.356458662112904,600.64477757842,304.568653246842,600.64477757842
0.356596370650469,600.657175121523,304.519318430752,600.657175121523
0.356734101899313,600.669572631947,304.469995555156,600.669572631947
0.356871855469169,600.681970074391,304.420684730434,600.681970074391
0.357009631568969,600.694367467495,304.371385906098,600.694367467495
0.357147430185575,600.706764809901,304.322099079302,600.706764809901
0.357285251280304,600.719162097958,304.272824261252,600.719162097958
0.357423094572737,600.73155930628,304.223561540166,600.73155930628
0.357560960458346,600.74395647027,304.174310804809,600.74395647027
0.357626124757099,600.749815769754,304.147604984649,600.749815769754
0.357691289055852,600.75,304.123883317993,600.75
0.357751820457119,600.75,304.102002739433,600.75
0.357874156484897,600.75,304.061132498952,600.75
0.357996557660688,600.75,304.017577277572,600.75
0.358121617954438,600.75,303.972702997614,600.75
0.358248257917135,600.75,303.927079727798,600.75
0.358376283282461,600.75,303.880860272247,600.75
0.358505540256855,600.75,303.834124839377,600.75
0.358635903995765,600.75,303.786932715817,600.75
0.358767257258978,600.75,303.739336808137,600.75
0.358899489626987,600.75,303.691386046176,600.75
0.359032496711373,600.75,303.643126057012,600.75
0.359166182016016,600.75,303.594598744887,600.75
0.359300457756824,600.75,303.545842049122,600.75
0.359435244589005,600.75,303.496890069138,600.75
0.359570472082884,600.75,303.447773001701,600.75
0.359706078084287,600.75,303.398517402493,600.75
0.35984200842863,600.75,303.349146375154,600.75
0.359978216317081,600.75,303.299679852671,600.75
0.360114661493643,600.75,303.250134948334,600.75
0.360251309533499,600.75,303.200526275354,600.75
0.36038813116786,600.75,303.150866245193,600.75
0.360525101939824,600.75,303.101165253217,600.75
0.360662200806251,600.75,303.051432176576,600.75
0.360799410251809,600.75,303.001674432533,600.75
0.360936715758727,600.75,302.951898177348,600.75
0.361074105269575,600.75,302.90210852199,600.75
0.361211568547171,600.75,302.852309779666,600.75
0.361349097017341,600.75,302.802505562847,600.75
0.361486683165849,600.75,302.752698998109,600.75
0.361624321742567,600.75,302.702892386055,600.75
0.361762007694397,600.75,302.653087814465,600.75
0.361899736966293,600.75,302.603286994936,600.75
0.362037506116845,600.75,302.553491368502,600.75
0.362175312507746,600.75,302.503702064652,600.75
0.362313153884833,600.75,302.453920031548,600.75
0.362451028327122,600.75,302.404146072675,600.75
0.362588934201753,600.75,302.354380868787,600.75
0.362726870277458,600.75,302.304624947516,600.75
0.36286483529666,600.75,302.254878815352,600.75
0.363002828596605,600.75,302.205142782101,600.75
0.363140849247577,600.75,302.155417208922,600.75
0.363278896661081,600.75,302.105702351751,600.75
0.363416970433542,600.75,302.055998390598,600.75
0.363555070343252,600.75,302.006305434914,600.75
0.363693195796939,600.75,301.956623698107,600.75
0.36383134666226,600.75,301.906953260975,600.75
0.363969522711598,600.75,301.857294214665,600.75
0.364107723713289,600.75,301.80764665119,600.75
0.364245949267546,600.75,301.7580107139,600.75
0.364384199475455,600.75,301.708386395521,600.75
0.364522474294789,600.75,301.658773712582,600.75
0.364660773603767,600.75,301.60917270867,600.75
0.36479909739324,600.75,301.559583395347,600.75
0.364937445340502,600.75,301.510005877192,600.75
0.36507581764726,600.75,301.460440107288,600.75
0.365214214218902,600.75,301.410886110616,600.75
0.365352635008067,600.75,301.361343906506,600.75
0.365491079911544,600.75,301.311813530818,600.75
0.365629549104046,600.75,301.262294934931,600.75
0.365768042440756,600.75,301.212788158219,600.75
0.365906560020731,600.75,301.163293175706,600.75
0.366045101576749,600.75,301.113810067712,600.75
0.366183667199,600.75,301.064338817304,600.75
0.366322257229326,600.75,301.014879316551,600.75
0.366460871233906,600.75,300.965431685993,600.75
0.366599509363327,600.75,300.915995895048,600.75
0.366738171699877,600.75,300.866571914535,600.75
0.366876858197921,600.75,300.817159754822,600.75
0.367015568780859,600.75,300.767759441124,600.75
0.36715430317789,600.75,300.718371060803,600.75
0.367293062071088,600.75,300.668994414341,600.75
0.367431845126272,600.75,300.619629578831,600.75
0.367570652322741,600.75,300.570276570682,600.75
0.367709483603403,600.75,300.520935409948,600.75
0.367848339035563,600.75,300.471606078528,600.75
0.367987218902466,600.75,300.422288486506,600.75
0.368126122903811,600.75,300.372982714713,600.75
0.368265051063215,600.75,300.323688766489,600.75
0.368404003334419,600.75,300.274406656696,600.75
0.368542979825856,600.75,300.225136353805,600.75
0.368681980490434,600.75,300.175877868126,600.75
0.368821005395485,600.75,300.12663118016,600.75
0.368960054446611,600.75,300.07739631639,600.75
0.369099127641525,600.75,300.028173280941,600.75
0.369238225091011,600.75,299.978962040206,600.75
0.369377346843842,600.75,299.929762574639,600.75
0.369516492731482,600.75,299.880574933405,600.75
0.369655662945361,600.75,299.831399064036,600.75
0.369794857575474,600.75,299.782234931926,600.75
0.369934075964528,600.75,299.733082734396,600.75
0.370073318835818,600.75,299.683942275161,600.75
0.370212586109155,600.75,299.634813553049,600.75
0.370351877628578,600.75,299.585696615375,600.75
0.370491193246333,600.75,299.536591513712,600.75
0.370630532927376,600.75,299.487498265599,600.75
0.370769896890215,600.75,299.438416806233,600.75
0.370909285381811,600.75,299.389347051175,600.75
0.371048698072631,600.75,299.340289090026,600.75
0.371188135095987,600.75,299.291242893584,600.75
0.371327596382667,600.75,299.242208479238,600.75
0.371467081942691,600.75,299.193185846034,600.75
0.371606591710394,600.75,299.144175013821,600.75
0.371746125958788,600.75,299.095175901548,600.75
0.371885684679146,600.75,299.046188501074,600.75
0.372025267484186,600.75,298.997212929452,600.75
0.372164874817634,600.75,298.948249066436,600.75
0.372304506076044,600.75,298.899297080471,600.75
0.372444161849991,600.75,298.850356813077,600.75
0.372583842061953,600.75,298.801428267072,600.75
0.372723546385642,600.75,298.752511541916,600.75
0.372863275298263,600.75,298.703606505058,600.75
0.37300302850202,600.75,298.654713229781,600.75
0.373142806135653,600.75,298.605831683084,600.75
0.373282607926411,600.75,298.55696194365,600.75
0.373422434260268,600.75,298.508103904066,600.75
0.373562284973637,600.75,298.459257599886,600.75
0.373702160025977,600.75,298.41042304776,600.75
0.373842059478733,600.75,298.361600231063,600.75
0.373981983254701,600.75,298.31278917089,600.75
0.37412193155804,600.75,298.263989807723,600.75
0.374261904199173,600.75,298.215202191138,600.75
0.374401901123168,600.75,298.166426344022,600.75
0.374541922567142,600.75,298.117662197258,600.75
0.374681968203575,600.75,298.068909840904,600.75
0.374822038371634,600.75,298.02016918356,600.75
0.374962133052266,600.75,297.971440218877,600.75
0.375102252035055,600.75,297.922723009402,600.75
0.375242395603123,600.75,297.874017477349,600.75
0.375382563572639,600.75,297.825323668034,600.75
0.375522756197363,600.75,297.776641510229,600.75
0.375662973151787,600.75,297.727971092936,600.75
0.375803214626153,600.75,297.679312369949,600.75
0.375943480563802,600.75,297.630665352224,600.75
0.376083771088332,600.75,297.582030003495,600.75
0.376224085872473,600.75,297.533406417639,600.75
0.376364425255843,600.75,297.48479450406,600.75
0.376504789031516,600.75,297.436194313195,600.75
0.37664517722184,600.75,297.387605844453,600.75
0.376785590062189,600.75,297.339029026529,600.75
0.376926027234256,600.75,297.290463945751,600.75
0.37706648895764,600.75,297.241910546825,600.75
0.377206975218159,600.75,297.19336882661,600.75
0.377347486007193,600.75,297.144838786888,600.75
0.377488021273815,600.75,297.096320442923,600.75
0.37762858105963,600.75,297.047813783888,600.75
0.377769165350917,600.75,296.999318812192,600.75
0.377909774356721,600.75,296.950835464938,600.75
0.378050407845002,600.75,296.90236380335,600.75
0.378191065811957,600.75,296.853903836182,600.75
0.378331748406642,600.75,296.805455519578,600.75
0.378472455461808,600.75,296.757018897686,600.75
0.378613187113127,600.75,296.708593935134,600.75
0.378753943317326,600.75,296.660180640001,600.75
0.378894724188171,600.75,296.611778978812,600.75
0.37903552949855,600.75,296.563389014956,600.75
0.379176359373704,600.75,296.515010718771,600.75
0.37931721394253,600.75,296.466644047496,600.75
0.379458093053659,600.75,296.418289040455,600.75
0.379598996934285,600.75,296.369945634356,600.75
0.379739925290474,600.75,296.321613908616,600.75
0.379880878017577,600.75,296.273293904435,600.75
0.380021855670552,600.75,296.224985460976,600.75
0.380162857891234,600.75,296.176688663964,600.75
0.380303884833294,600.75,296.12840347805,600.75
0.380444936301937,600.75,296.080129956605,600.75
0.380586012433207,600.75,296.031868065529,600.75
0.380727113064548,600.75,295.983617848571,600.75
0.380868238665714,600.75,295.935379170821,600.75
0.381009388746149,600.75,295.887152160665,600.75
0.381150563543466,600.75,295.838936763404,600.75
0.381291763033427,600.75,295.790732978961,600.75
0.381432987057131,600.75,295.742540854141,600.75
0.381574235972886,600.75,295.69436028794,600.75
0.38171550945909,600.75,295.646191362585,600.75
0.381856807448172,600.75,295.598034108298,600.75
0.381998130123135,600.75,295.549888474274,600.75
0.382139477475855,600.75,295.501754455877,600.75
0.38228084968546,600.75,295.453631998728,600.75
0.382422246684585,600.75,295.405521115345,600.75
0.382563668439335,600.75,295.357421816949,600.75
0.382705114685987,600.75,295.309334182906,600.75
0.382846585697118,600.75,295.26125814222,600.75
0.382988081319499,600.75,295.21319373075,600.75
0.383129601782993,600.75,295.165140884391,600.75
0.383271146977529,600.75,295.117099627032,600.75
0.383412716855935,600.75,295.069069975194,600.75
0.383554311578132,600.75,295.021051883253,600.75
0.38369593084149,600.75,294.973045434429,600.75
0.383837575096735,600.75,294.925050505597,600.75
0.383979244043812,600.75,294.877067169199,600.75
0.384120937749134,600.75,294.82909541433,600.75
0.384262656078311,600.75,294.78113527895,600.75
0.384404399155488,600.75,294.733186730767,600.75
0.384546167196481,600.75,294.685249701397,600.75
0.384687959957159,600.75,294.6373242535,600.75
0.384829777358979,600.75,294.589410417793,600.75
0.384971619789078,600.75,294.541508083663,600.75
0.385113486990572,600.75,294.493617312076,600.75
0.385255378900183,600.75,294.445738128914,600.75
0.385397295518397,600.75,294.397870536991,600.75
0.385539237048867,600.75,294.350014476185,600.75
0.385681203537194,600.75,294.302169924756,600.75
0.385823194879259,600.75,294.254336909945,600.75
0.385965210912093,600.75,294.206515482718,600.75
0.386107251856004,600.75,294.158705584411,600.75
0.386249317638079,600.75,294.110907228412,600.75
0.386391407985165,600.75,294.063120496074,600.75
0.386533523614221,600.75,294.015345186779,600.75
0.386675664059278,600.75,293.967581411019,600.75
0.386817829178515,600.75,293.91982922387,600.75
0.386960019290664,600.75,293.872088538603,600.75
0.387102234182608,600.75,293.82435940604,600.75
0.387244474055743,600.75,293.776641772987,600.75
0.387386738898761,600.75,293.728935635438,600.75
0.387529028356267,600.75,293.681241096357,600.75
0.387671342793046,600.75,293.633558061641,600.75
0.387813682066142,600.75,293.585886560565,600.75
0.387956046207273,600.75,293.538226586865,600.75
0.388098435347191,600.75,293.490578100964,600.75
0.388240849449119,600.75,293.442941107931,600.75
0.388383288324481,600.75,293.395315662917,600.75
0.388525752172919,600.75,293.347701714142,600.75
0.388668241076019,600.75,293.30009923061,600.75
0.388810754728945,600.75,293.252508296647,600.75
0.388953293333438,600.75,293.204928863618,600.75
0.389095856929418,600.75,293.157360913147,600.75
0.389238445419003,600.75,293.109804470717,600.75
0.389381058711266,600.75,293.062259565481,600.75
0.389523697197197,600.75,293.014726086698,600.75
0.389666360581574,600.75,292.967204105541,600.75
0.389809048885904,600.75,292.919693624137,600.75
0.389951762104163,600.75,292.872194644038,600.75
0.390094500392318,600.75,292.824707119441,600.75
0.390237263757386,600.75,292.777231041801,600.75
0.390380052042499,600.75,292.72976645495,600.75
0.390522865278509,600.75,292.68231335495,600.75
0.390665703519982,600.75,292.63487172489,600.75
0.390808566769938,600.75,292.587441561068,600.75
0.390951455274832,600.75,292.540022790824,600.75
0.391094368787214,600.75,292.492615476022,600.75
0.391237307234897,600.75,292.445219644839,600.75
0.391380270481411,600.75,292.397835339937,600.75
0.391523258854642,600.75,292.350462471125,600.75
0.391666272272586,600.75,292.303101049954,600.75
0.391809310580703,600.75,292.255751121835,600.75
0.391952374166518,600.75,292.208412579793,600.75
0.392095462726182,600.75,292.161085497455,600.75
0.392238576317092,600.75,292.113769866848,600.75
0.392381715147809,600.75,292.066465626139,600.75
0.392524878900554,600.75,292.01917285858,600.75
0.39266806756569,600.75,291.971891576863,600.75
0.392811281309372,600.75,291.924621734073,600.75
0.392954520150296,600.75,291.877363318098,600.75
0.393097784130578,600.75,291.83011631446,600.75
0.393241073105701,600.75,291.782880762306,600.75
0.393384387303909,600.75,291.735656600143,600.75
0.393527726451268,600.75,291.688443898449,600.75
0.393671090887912,600.75,291.641242567458,600.75
0.393814480325452,600.75,291.594052678189,600.75
0.393957894960273,600.75,291.546874182356,600.75
0.394101334751034,600.75,291.499707085126,600.75
0.394244799537669,600.75,291.452551432437,600.75
0.394388289425288,600.75,291.405407199243,600.75
0.394531804519848,600.75,291.35827435124,600.75
0.394675344901333,600.75,291.311152860306,600.75
0.394818910377095,600.75,291.264042777449,600.75
0.394962500779378,600.75,291.216944156625,600.75
0.395106116580868,600.75,291.169856868422,600.75
0.395249757380337,600.75,291.122781010777,600.75
0.395393423345155,600.75,291.07571654725,600.75
0.395537114370519,600.75,291.028663502672,600.75
0.395680830798069,600.75,290.9816217815,600.75
0.395824572471944,600.75,290.934591415523,600.75
0.395968339085547,600.75,290.887572495733,600.75
0.39611213084912,600.75,290.84056497289,600.75
0.396255947881852,600.75,290.793568805992,600.75
0.396399789996164,600.75,290.746584042598,600.75
0.396543657436606,600.75,290.69961061804,600.75
0.396687549872045,600.75,290.652648618051,600.75
0.396831467829732,600.75,290.605697902068,600.75
0.396975410667368,600.75,290.558758635012,600.75
0.397119378770944,600.75,290.511830726705,600.75
0.39726337245478,600.75,290.464914075499,600.75
0.397407391197719,600.75,290.418008816213,600.75
0.397551435129393,600.75,290.371114928168,600.75
0.397695504305566,600.75,290.324232392319,600.75
0.397839598770846,600.75,290.277361192707,600.75
0.397983718389579,600.75,290.230501365126,600.75
0.398127863254458,600.75,290.183652886939,600.75
0.398272033488159,600.75,290.136815719634,600.75
0.398416228995774,600.75,290.089989884504,600.75
0.398560449819081,600.75,290.043175371562,600.75
0.398704695901239,600.75,289.996372194977,600.75
0.398848967216227,600.75,289.949580363155,600.75
0.398993263809876,600.75,289.902799863377,600.75
0.399137585764157,600.75,289.856030669975,600.75
0.399281932952068,600.75,289.809272814918,600.75
0.399426305423929,600.75,289.762526287154,600.75
0.399570703197172,600.75,289.715791079594,600.75
0.399715126258123,600.75,289.669067194384,600.75
0.399859574691706,600.75,289.622354606914,600.75
0.400004048343488,600.75,289.575653357009,600.75
0.400148547241775,600.75,289.528963440848,600.75
0.400293071487284,600.75,289.482284828676,600.75
0.400437621197702,600.75,289.43561748259,600.75
0.400582195972515,600.75,289.388961510193,600.75
0.400726796339504,600.75,289.342316775037,600.75
0.400871422044124,600.75,289.295683331143,600.75
0.401016072986957,600.75,289.249061212395,600.75
0.401160749510732,600.75,289.2024503256,600.75
0.401305451332798,600.75,289.155850737994,600.75
0.401450178447497,600.75,289.10926245871,600.75
0.401594930820093,600.75,289.06268549799,600.75
0.401739708649147,600.75,289.01611980029,600.75
0.401884511741678,600.75,288.969565412125,600.75
0.402029340481205,600.75,288.923022230393,600.75
0.402174194618719,600.75,288.876490311451,600.75
0.402319074163101,600.75,288.829969658952,600.75
0.402463979092031,600.75,288.783460278933,600.75
0.402608909346285,600.75,288.736962187976,600.75
0.402753865043615,600.75,288.690475354211,600.75
0.402898846285846,600.75,288.643999744158,600.75
0.403043852746858,600.75,288.597535444309,600.75
0.403188884698235,600.75,288.551082388396,600.75
0.40333394205048,600.75,288.504640592456,600.75
0.403479024984305,600.75,288.458210006811,600.75
0.403624133172799,600.75,288.411790716078,600.75
0.403769267117006,600.75,288.365382589497,600.75
0.403914426103758,600.75,288.318985809767,600.75
0.404059610676119,600.75,288.27260024665,600.75
0.404204820890755,600.75,288.226225867284,600.75
0.404350056245439,600.75,288.179862807022,600.75
0.404495317306755,600.75,288.133510923432,600.75
0.404640603817068,600.75,288.08717027,600.75
0.404785915806297,600.75,288.040840843969,600.75
0.404931253121028,600.75,287.994522687105,600.75
0.405076616100558,600.75,287.94821570895,600.75
0.405222004564959,600.75,287.901919947552,600.75
0.405367418418159,600.75,287.855635433485,600.75
0.40551285777624,600.75,287.809362137376,600.75
0.405658322677513,600.75,287.76310004398,600.75
0.405803813327214,600.75,287.716849093193,600.75
0.405949329243088,600.75,287.670609411011,600.75
0.406094870793691,600.75,287.624380909582,600.75
0.406240437717397,600.75,287.578163650051,600.75
0.406386030152375,600.75,287.53195760053,600.75
0.406531648146214,600.75,287.48576274294,600.75
0.406677291827637,600.75,287.439579038214,600.75
0.406822961025055,600.75,287.393406528247,600.75
0.40696865552844,600.75,287.347245275732,600.75
0.407114375722433,600.75,287.301095180783,600.75
0.407260121616609,600.75,287.254956227366,600.75
0.407405893111158,600.75,287.208828440106,600.75
0.407551689836524,600.75,287.162711923766,600.75
0.407697512648549,600.75,287.116606453125,600.75
0.407843360823982,600.75,287.070512199811,600.75
0.407989234533884,600.75,287.02442913661,600.75
0.408135133779673,600.75,286.978357259099,600.75
0.408281058822929,600.75,286.932296493233,600.75
0.408427009448339,600.75,286.886246888426,600.75
0.408572985670611,600.75,286.840208445759,600.75
0.40871898737764,600.75,286.794181195554,600.75
0.408865014852078,600.75,286.748165062464,600.75
0.40901106793517,600.75,286.702160080053,600.75
0.409157146550806,600.75,286.656166272487,600.75
0.409303250760951,600.75,286.610183624781,600.75
0.409449380692876,600.75,286.564212098976,600.75
0.409595536260287,600.75,286.51825171316,600.75
0.409741717289659,600.75,286.472302516465,600.75
0.409887924161955,600.75,286.426364409007,600.75
0.410034156551586,600.75,286.380437467195,600.75
0.410180414531559,600.75,286.334521679311,600.75
0.410326698221568,600.75,286.288617010068,600.75
0.41047300765465,600.75,286.242723444953,600.75
0.410619342768417,600.75,286.196840998315,600.75
0.410765703618789,600.75,286.150969655592,600.75
0.410912089946704,600.75,286.105109485308,600.75
0.411058502009112,600.75,286.059260424337,600.75
0.41120493989188,600.75,286.013422440318,600.75
0.411351403462991,600.75,285.967595564406,600.75
0.411497892659633,600.75,285.921779816733,600.75
0.411644407576635,600.75,285.875975172853,600.75
0.411790948276388,600.75,285.830181611633,600.75
0.411937514961683,600.75,285.784399073786,600.75
0.412084106924742,600.75,285.738627745056,600.75
0.412230724786119,600.75,285.69286747737,600.75
0.412377368209083,600.75,285.647118343858,600.75
0.412524037563486,600.75,285.601380251011,600.75
0.412670732714717,600.75,285.555653223193,600.75
0.412817453543242,600.75,285.509937295027,600.75
0.412964200178738,600.75,285.464232434413,600.75
0.413110972314354,600.75,285.41853872034,600.75
0.41325777030519,600.75,285.372856064451,600.75
0.413404594247936,600.75,285.327184428438,600.75
0.413551443727419,600.75,285.281523919801,600.75
0.413698318975302,600.75,285.235874487582,600.75
0.413845220097097,600.75,285.190236095804,600.75
0.41399214703523,600.75,285.14460875459,600.75
0.414139099713194,600.75,285.098992485009,600.75
0.414286078294593,600.75,285.053387244092,600.75
0.414433082576285,600.75,285.007793080899,600.75
0.414580112789838,600.75,284.962209937342,600.75
0.414727168671129,600.75,284.916637877216,600.75
0.414874250507205,600.75,284.871076829164,600.75
0.415021358119793,600.75,284.825526831938,600.75
0.415168491641879,600.75,284.779987853024,600.75
0.415315650769366,600.75,284.734459970134,600.75
0.415462835806952,600.75,284.688943108973,600.75
0.415610046791599,600.75,284.643437249369,600.75
0.415757283431612,600.75,284.597942466875,600.75
0.415904545896387,600.75,284.552458723793,600.75
0.416051834173485,600.75,284.506986017895,600.75
0.416199148558067,600.75,284.461524267697,600.75
0.416346488645325,600.75,284.41607357186,600.75
0.416493854532452,600.75,284.370633915092,600.75
0.416641246318079,600.75,284.325205267896,600.75
0.416788664270005,600.75,284.27978755299,600.75
0.416936107802073,600.75,284.23438091845,600.75
0.417083577166146,600.75,284.188985313257,600.75
0.417231072673609,600.75,284.143600646042,600.75
0.41737859393207,600.75,284.098227010465,600.75
0.417526141017212,600.75,284.052864396444,600.75
0.417673714251924,600.75,284.007512714588,600.75
0.417821312991735,600.75,283.962172126855,600.75
0.417968937844586,600.75,283.916842487858,600.75
0.418116588649654,600.75,283.871523822251,600.75
0.418264265381281,600.75,283.826216138674,600.75
0.418411967984182,600.75,283.780919452112,600.75
0.418559696476923,600.75,283.735633758358,600.75
0.418707451045101,600.75,283.690359005817,600.75
0.418855231461389,600.75,283.645095248286,600.75
0.419003037947372,600.75,283.599842431578,600.75
0.419150870510465,600.75,283.554600546059,600.75
0.419298728829236,600.75,283.509369675886,600.75
0.419446613000794,600.75,283.464149804226,600.75
0.419594523304151,600.75,283.418940853013,600.75
0.419742459351028,600.75,283.373742915837,600.75
0.419890421609772,600.75,283.328555877164,600.75
0.42003840976917,600.75,283.283379805434,600.75
0.420186424055383,600.75,283.238214647083,600.75
0.420334464061385,600.75,283.193060503802,600.75
0.420482530109787,600.75,283.147917300367,600.75
0.420630622364,600.75,283.102784982764,600.75
0.420778740614922,600.75,283.057663599173,600.75
0.420926884710626,600.75,283.012553195077,600.75
0.421075054901858,600.75,282.967453707907,600.75
0.421223250959488,600.75,282.922365190268,600.75
0.42137147301445,600.75,282.87728761234,600.75
0.42151972123243,600.75,282.832220925102,600.75
0.421667995333693,600.75,282.787165196167,600.75
0.421816295557057,600.75,282.742120368819,600.75
0.421964621951974,600.75,282.697086421898,600.75
0.422112974339421,600.75,282.652063399435,600.75
0.422261352779765,600.75,282.607051289601,600.75
0.422409757345533,600.75,282.562050070565,600.75
0.422558187632895,600.75,282.517059846241,600.75
0.422706644149412,600.75,282.472080492832,600.75
0.422855126887446,600.75,282.427111996221,600.75
0.423003635672441,600.75,282.382154399862,600.75
0.423152170535653,600.75,282.337207699663,600.75
0.42330073144834,600.75,282.292271901751,600.75
0.423449318423002,600.75,282.247347002409,600.75
0.423597931541108,600.75,282.202432978379,600.75
0.423746570677355,600.75,282.157529858994,600.75
0.423895235968209,600.75,282.112637610392,600.75
0.424043927343963,600.75,282.067756245871,600.75
0.424192644881099,600.75,282.022885745549,600.75
0.424341388691463,600.75,281.978026076196,600.75
0.424490158438871,600.75,281.933177321841,600.75
0.424638954518331,600.75,281.888339386777,600.75
0.424787776615937,600.75,281.843512341578,600.75
0.424936624704725,600.75,281.798696200706,600.75
0.425085498818505,600.75,281.753890955928,600.75
0.425234399205342,600.75,281.709096539339,600.75
0.425383325767385,600.75,281.664312967366,600.75
0.425532278428483,600.75,281.619540260921,600.75
0.425681257417266,600.75,281.574778360967,600.75
0.425830262476711,600.75,281.530027327191,600.75
0.425979293754509,600.75,281.485287126591,600.75
0.426128351201372,600.75,281.440557767132,600.75
0.42627743469434,600.75,281.395839281055,600.75
0.426426544468271,600.75,281.351131609112,600.75
0.426575680396263,600.75,281.306434776464,600.75
0.426724842377453,600.75,281.261748811526,600.75
0.426874030659951,600.75,281.217073651187,600.75
0.427023245259736,600.75,281.172409282415,600.75
0.427172485944213,600.75,281.127755763677,600.75
0.427321752952613,600.75,281.083113037903,600.75
0.427471046225089,600.75,281.038481112854,600.75
0.427620365623854,600.75,280.993860024498,600.75
0.427769711272968,600.75,280.949249743421,600.75
0.427919083054693,600.75,280.904650295897,600.75
0.428068481230307,600.75,280.860061615174,600.75
0.428217905539297,600.75,280.815483760483,600.75
0.428367356172025,600.75,280.770916687726,600.75
0.428516832910038,600.75,280.726360447854,600.75
0.428666336074966,600.75,280.681814961351,600.75
0.428815865434891,600.75,280.637280278331,600.75
0.428965421122926,600.75,280.592756368653,600.75
0.429115002879434,600.75,280.548243295667,600.75
0.429264611045489,600.75,280.503740976403,600.75
0.429414245342938,600.75,280.45924947258,600.75
0.429563906123128,600.75,280.414768698313,600.75
0.429713593045357,600.75,280.370298731322,600.75
0.429863306359773,600.75,280.325839514232,600.75
0.430013045771722,600.75,280.281391116133,600.75
0.43016281173153,600.75,280.236953426316,600.75
0.430312603844002,600.75,280.192526533606,600.75
0.43046242226166,600.75,280.14811040753,600.75
0.430612267109996,600.75,280.103705010577,600.75
0.430762138229773,600.75,280.059310378529,600.75
0.430912035520867,600.75,280.014926540607,600.75
0.43106195917267,600.75,279.970553449782,600.75
0.431211909159303,600.75,279.926191105927,600.75
0.431361885599448,600.75,279.881839476783,600.75
0.431511888362394,600.75,279.837498591331,600.75
0.431661917331684,600.75,279.793168482183,600.75
0.431811972760304,600.75,279.748849086244,600.75
0.431962054531651,600.75,279.704540425069,600.75
0.432112162567629,600.75,279.660242520266,600.75
0.432262297075111,600.75,279.615955319466,600.75
0.432412457960887,600.75,279.571678839398,600.75
0.432562645421148,600.75,279.527413029801,600.75
0.43271285913987,600.75,279.483157965569,600.75
0.432863099068574,600.75,279.438913667063,600.75
0.433013365599302,600.75,279.394680033865,600.75
0.433163658292517,600.75,279.350457166693,600.75
0.433313977538237,600.75,279.306244975127,600.75
0.433464323173986,600.75,279.262043489341,600.75
0.433614695197647,600.75,279.217852712145,600.75
0.433765093649178,600.75,279.173672632371,600.75
0.433915518392489,600.75,279.129503282697,600.75
0.434065969665306,600.75,279.085344604257,600.75
0.434216447249522,600.75,279.041196645216,600.75
0.434366951255487,600.75,278.997059381492,600.75
0.43451748185118,600.75,278.952932765592,600.75
0.434668038975798,600.75,278.908816806248,600.75
0.434818622474467,600.75,278.864711543258,600.75
0.434969232312231,600.75,278.820616989264,600.75
0.435119868627929,600.75,278.776533108758,600.75
0.435270531472037,600.75,278.732459883196,600.75
0.435421220639474,600.75,278.688397361945,600.75
0.435571936287872,600.75,278.644345509022,600.75
0.435722678456967,600.75,278.600304308688,600.75
0.435873447202345,600.75,278.556273743413,600.75
0.436024242292409,600.75,278.512253869503,600.75
0.436175063996037,600.75,278.468244623233,600.75
0.436325911957912,600.75,278.424246087256,600.75
0.436476786637828,600.75,278.380258151826,600.75
0.436627687748003,600.75,278.336280876667,600.75
0.436778615464716,600.75,278.292314222201,600.75
0.436929569577976,600.75,278.248358236527,600.75
0.437080550304807,600.75,278.20441286835,600.75
0.437231557549204,600.75,278.160478135002,600.75
0.437382591357769,600.75,278.116554025265,600.75
0.437533651469548,600.75,278.072640603541,600.75
0.437684738172814,600.75,278.028737802322,600.75
0.437835851515411,600.75,277.984845600064,600.75
0.437986991600027,600.75,277.940963966488,600.75
0.438138158052082,600.75,277.897092992688,600.75
0.438289351195599,600.75,277.85323260533,600.75
0.438440570812017,600.75,277.809382850485,600.75
0.438591816862676,600.75,277.765543742164,600.75
0.438743089409013,600.75,277.721715265126,600.75
0.438894388698094,600.75,277.677897353083,600.75
0.439045714510781,600.75,277.634090052804,600.75
0.439197066947987,600.75,277.590293342742,600.75
0.439348446044155,600.75,277.546507210364,600.75
0.439499851672484,600.75,277.502731685249,600.75
0.439651283834742,600.75,277.458966769209,600.75
0.439802742609995,600.75,277.41521244106,600.75
0.439954227984133,600.75,277.371468700581,600.75
0.440105740083154,600.75,277.327735514312,600.75
0.440257278626243,600.75,277.284012948543,600.75
0.44040884392448,600.75,277.240300930637,600.75
0.440560435889824,600.75,277.196599473173,600.75
0.440712054283805,600.75,277.152908636949,600.75
0.440863699386426,600.75,277.109228356736,600.75
0.441015371197266,600.75,277.065558623659,600.75
0.441167069562962,600.75,277.021899474246,600.75
0.441318794687966,600.75,276.978250859621,600.75
0.441470546496424,600.75,276.934612792013,600.75
0.441622324948222,600.75,276.890985281716,600.75
0.441774130067036,600.75,276.847368322705,600.75
0.441925961681247,600.75,276.80376195654,600.75
0.442077820070252,600.75,276.760166115992,600.75
0.442229705166698,600.75,276.716580808889,600.75
0.442381616906637,600.75,276.673006050961,600.75
0.442533555011912,600.75,276.629441913279,600.75
0.442685520011118,600.75,276.585888269154,600.75
0.4428375116775,600.75,276.542345159687,600.75
0.442989530207827,600.75,276.498812538464,600.75
0.443141575290323,600.75,276.455290477644,600.75
0.443293647165822,600.75,276.411778923569,600.75
0.443445745692585,600.75,276.368277904516,600.75
0.443597870976737,600.75,276.324787395637,600.75
0.443750022738115,600.75,276.281307463479,600.75
0.44390220132911,600.75,276.237838025624,600.75
0.444054406661225,600.75,276.194379093395,600.75
0.444206638696128,600.75,276.150930676348,600.75
0.444358897697287,600.75,276.107492707925,600.75
0.444511183398749,600.75,276.064065246,600.75
0.444663496131143,600.75,276.020648212771,600.75
0.444815835195472,600.75,275.977241773895,600.75
0.444968201101755,600.75,275.933845819196,600.75
0.445120593764856,600.75,275.890460355968,600.75
0.445273013239198,600.75,275.847085369835,600.75
0.445425459442216,600.75,275.803720878567,600.75
0.445577932557571,600.75,275.760366836779,600.75
0.44573043238648,600.75,275.717023287773,600.75
0.445882958884469,600.75,275.673690246472,600.75
0.446035512351033,600.75,275.630367638211,600.75
0.44618809248429,600.75,275.587055528604,600.75
0.446340699299345,600.75,275.543753920188,600.75
0.44649333324385,600.75,275.500462699793,600.75
0.446645993756993,600.75,275.457181993287,600.75
0.446798681192605,600.75,275.413911725411,600.75
0.446951395402621,600.75,275.370651923262,600.75
0.44710413643146,600.75,275.327402577458,600.75
0.447256904101926,600.75,275.284163729965,600.75
0.447409698793025,600.75,275.240935289558,600.75
0.447562520261731,600.75,275.197717304966,600.75
0.44771536861367,600.75,275.154509754066,600.75
0.447868243787767,600.75,275.11131264829,600.75
0.448021145912327,600.75,275.068125955579,600.75
0.448174074743998,600.75,275.024949731617,600.75
0.448327030424611,600.75,274.981783946195,600.75
0.448480012925439,600.75,274.938628601668,600.75
0.448633022383928,600.75,274.895483662621,600.75
0.448786058834043,600.75,274.852349115084,600.75
0.448939122220294,600.75,274.809224969877,600.75
0.449092212410097,600.75,274.766111259996,600.75
0.449245329368047,600.75,274.723007996859,600.75
0.449398473083886,600.75,274.679915183062,600.75
0.449551643926058,600.75,274.636832725866,600.75
0.449704841601653,600.75,274.593760685842,600.75
0.449858066240061,600.75,274.550699036481,600.75
0.450011317916007,600.75,274.507647754891,600.75
0.450164596467616,600.75,274.464606877229,600.75
0.450317901929729,600.75,274.421576397753,600.75
0.450471234315362,600.75,274.378556311289,600.75
0.450624593535343,600.75,274.335546637996,600.75
0.450777979738843,600.75,274.292547341876,600.75
0.450931392558369,600.75,274.249558508485,600.75
0.451084832634529,600.75,274.20657998766,600.75
0.451238299659766,600.75,274.163611836729,600.75
0.451391793521407,600.75,274.120654088746,600.75
0.451545314389328,600.75,274.077706704333,600.75
0.451698862266956,600.75,274.034769676716,600.75
0.451852437048556,600.75,273.991843029839,600.75
0.45200603876755,600.75,273.948926756898,600.75
0.45215966760186,600.75,273.906020811803,600.75
0.452313323391462,600.75,273.863125227324,600.75
0.452467006125109,600.75,273.820240008675,600.75
0.452620715833829,600.75,273.777365147525,600.75
0.452774452594065,600.75,273.734500622677,600.75
0.452928216373815,600.75,273.691646438169,600.75
0.453082007045451,600.75,273.648802624568,600.75
0.453235824774608,600.75,273.605969143279,600.75
0.453389669602819,600.75,273.563145978231,600.75
0.453543541209649,600.75,273.520333205046,600.75
0.453697439738059,600.75,273.477530795993,600.75
0.453851365564726,600.75,273.434738653843,600.75
0.454005318306469,600.75,273.391956860054,600.75
0.454159298208082,600.75,273.349185362457,600.75
0.454313305002277,600.75,273.306424219478,600.75
0.454467338872118,600.75,273.263673391511,600.75
0.454621400005232,600.75,273.220932826568,600.75
0.454775488086054,600.75,273.178202594634,600.75
0.454929603148584,600.75,273.13548269413,600.75
0.455083745399036,600.75,273.092773073037,600.75
0.455237914833832,600.75,273.050073724769,600.75
0.455392111275394,600.75,273.007384690663,600.75
0.455546334579116,600.75,272.964706009642,600.75
0.455700585138053,600.75,272.922037588646,600.75
0.455854862595946,600.75,272.879379502711,600.75
0.456009167134298,600.75,272.836731714613,600.75
0.45616349874975,600.75,272.794094219575,600.75
0.456317857552019,600.75,272.751466988736,600.75
0.456472243578287,600.75,272.708850008269,600.75
0.456626656671063,600.75,272.666243313664,600.75
0.456781097121283,600.75,272.623646836626,600.75
0.45693556447202,600.75,272.581060679513,600.75
0.457090058895908,600.75,272.538484810637,600.75
0.457244580560341,600.75,272.495919184245,600.75
0.457399129102924,600.75,272.453363881939,600.75
0.457553704822909,600.75,272.410818838779,600.75
0.45770830781921,600.75,272.368284021827,600.75
0.457862937948066,600.75,272.325759460772,600.75
0.458017595140706,600.75,272.283245174416,600.75
0.458172279416325,600.75,272.24074115896,600.75
0.458326991028675,600.75,272.198247350834,600.75
0.458481729651127,600.75,272.155763820709,600.75
0.45863649560058,600.75,272.11329049826,600.75
0.458791288705778,600.75,272.070827415696,600.75
0.458946109102565,600.75,272.028374542262,600.75
0.459100956409333,600.75,271.985931965778,600.75
0.459255831010611,600.75,271.943499601639,600.75
0.459410732905479,600.75,271.901077438979,600.75
0.459565661778871,600.75,271.858665551432,600.75
0.459720617974715,600.75,271.816263862746,600.75
0.459875601380637,600.75,271.773872390039,600.75
0.460030612068786,600.75,271.73149111629,600.75
0.460185649743179,600.75,271.689120109889,600.75
0.460340714860113,600.75,271.646759266856,600.75
0.460495807137141,600.75,271.604408642217,600.75
0.460650926590078,600.75,271.562068236959,600.75
0.460806073421965,600.75,271.51973800081,600.75
0.460961247410187,600.75,271.477417980376,600.75
0.461116448695371,600.75,271.435108145601,600.75
0.461271677242158,600.75,271.392808500248,600.75
0.461426933031306,600.75,271.350519047955,600.75
0.461582216177038,600.75,271.308239760194,600.75
0.461737526469275,600.75,271.265970682975,600.75
0.461892864016063,600.75,271.223711794123,600.75
0.462048228666192,600.75,271.181463126201,600.75
0.462203620838581,600.75,271.139224580536,600.75
0.462359040265104,600.75,271.096996208961,600.75
0.462514486778764,600.75,271.05477805614,600.75
0.462669960801578,600.75,271.012570024349,600.75
0.462825462052146,600.75,270.970372168672,600.75
0.462980990456,600.75,270.928184511822,600.75
0.463136546408421,600.75,270.886006960078,600.75
0.463292129634937,600.75,270.843839567218,600.75
0.463447740059864,600.75,270.801682356095,600.75
0.463603377953002,600.75,270.759535263258,600.75
0.463759043052048,600.75,270.717398342987,600.75
0.463914735485599,600.75,270.675271569167,600.75
0.464070455071379,600.75,270.633154981201,600.75
0.464226202078183,600.75,270.591048517692,600.75
0.464381976581492,600.75,270.548952152103,600.75
0.464537778363268,600.75,270.506865932115,600.75
0.46469360754359,600.75,270.464789833052,600.75
0.464849464024482,600.75,270.422723874227,600.75
0.465005347858369,600.75,270.380668043864,600.75
0.465161258932599,600.75,270.338622366174,600.75
0.465317197566432,600.75,270.296586766146,600.75
0.46547316333732,600.75,270.254561334781,600.75
0.465629156638881,600.75,270.212545986949,600.75
0.465785177404376,600.75,270.170540727545,600.75
0.465941225554827,600.75,270.128545574437,600.75
0.466097300998792,600.75,270.086560550147,600.75
0.466253403858884,600.75,270.044585626635,600.75
0.46640953406001,600.75,270.002620817192,600.75
0.466565691817696,600.75,269.960666070486,600.75
0.466721876955987,600.75,269.918721421165,600.75
0.466878089185659,600.75,269.876786940624,600.75
0.467034329256702,600.75,269.8348624571,600.75
0.467190596358349,600.75,269.792948142543,600.75
0.467346891008139,600.75,269.751043891831,600.75
0.467503213300227,600.75,269.70914966938,600.75
0.467659562911112,600.75,269.667265546419,600.75
0.467815940061173,600.75,269.625391477311,600.75
0.467972344636742,600.75,269.583527482557,600.75
0.468128776444624,600.75,269.541673608891,600.75
0.468285236023651,600.75,269.49982973236,600.75
0.468441723000478,600.75,269.457995925996,600.75
0.468598237212217,600.75,269.416172235195,600.75
0.468754778958623,600.75,269.374358592795,600.75
0.468911348314329,600.75,269.332554972027,600.75
0.469067945096429,600.75,269.290761411611,600.75
0.469224569449936,600.75,269.2489778802,600.75
0.469381221158327,600.75,269.207204424134,600.75
0.469537900358182,600.75,269.165441014914,600.75
0.469694607123917,600.75,269.123687630318,600.75
0.469851341466295,600.75,269.081944263772,600.75
0.470008103106533,600.75,269.040210978979,600.75
0.470164892572483,600.75,268.998487657066,600.75
0.470321709272189,600.75,268.956774422953,600.75
0.470478553660139,600.75,268.915071181978,600.75
0.470635425512648,600.75,268.873377974915,600.75
0.470792324999319,600.75,268.831694764805,600.75
0.470949251897937,600.75,268.790021598495,600.75
0.471106206269065,600.75,268.748358465566,600.75
0.471263188119288,600.75,268.706705361911,600.75
0.471420197597105,600.75,268.665062250595,600.75
0.471577234628567,600.75,268.623429143361,600.75
0.471734299099151,600.75,268.581806067021,600.75
0.471891391262928,600.75,268.540192963444,600.75
0.472048511033388,600.75,268.498589844961,600.75
0.472205658009633,600.75,268.45699680571,600.75
0.472362832636764,600.75,268.415413750397,600.75
0.472520035056273,600.75,268.3738406336,600.75
0.472677265249657,600.75,268.332277452876,600.75
0.472834522958442,600.75,268.290724267184,600.75
0.472991808216332,600.75,268.249181073964,600.75
0.473149121081761,600.75,268.207647857904,600.75
0.473306461573274,600.75,268.166124611451,600.75
0.473463829682484,600.75,268.12461133424,600.75
0.473621225270386,600.75,268.083108057351,600.75
0.473778648395085,600.75,268.041614769264,600.75
0.473936099434762,600.75,268.000131378721,600.75
0.474093577952567,600.75,267.958657976106,600.75
0.474251084133396,600.75,267.917194526879,600.75
0.474408617884436,600.75,267.875741047557,600.75
0.474566179340842,600.75,267.834297506908,600.75
0.474723768369136,600.75,267.792863931157,600.75
0.474881385176244,600.75,267.751440273455,600.75
0.475039029458914,600.75,267.710026597896,600.75
0.47519670153359,600.75,267.668622836383,600.75
0.475354401232597,600.75,267.627229018972,600.75
0.475512128607122,600.75,267.585845135576,600.75
0.475669883741405,600.75,267.544471164035,600.75
0.47582766633427,600.75,267.503107170565,600.75
0.475985476750751,600.75,267.461753076161,600.75
0.476143314591589,600.75,267.420408963484,600.75
0.476301180358004,600.75,267.379074723636,600.75
0.476459073865487,600.75,267.337750385898,600.75
0.47661699495673,600.75,267.296435988552,600.75
0.476774943886437,600.75,267.255131475366,600.75
0.476932920665247,600.75,267.213836836126,600.75
0.477090925113809,600.75,267.17255210982,600.75
0.47724895696577,600.75,267.131277361287,600.75
0.477407016774692,600.75,267.090012467977,600.75
0.47756510423882,600.75,267.048757484659,600.75
0.47772321932432,600.75,267.0075124237,600.75
0.477881362306602,600.75,266.966277221301,600.75
0.47803953280155,600.75,266.925051957834,600.75
0.478197731338322,600.75,266.883836518227,600.75
0.478355957502629,600.75,266.84263098412,600.75
0.478514211415725,600.75,266.801435335033,600.75
0.478672493240165,600.75,266.760249529754,600.75
0.478830802570545,600.75,266.719073655915,600.75
0.478989139775589,600.75,266.677907636633,600.75
0.479147504711881,600.75,266.636751495062,600.75
0.479305897483257,600.75,266.595605208218,600.75
0.479464318199314,600.75,266.554468746799,600.75
0.47962276668182,600.75,266.513342147183,600.75
0.47978124283504,600.75,266.472225434101,600.75
0.479939746866132,600.75,266.431118561175,600.75
0.480098278588427,600.75,266.390021564793,600.75
0.48025683820776,600.75,266.348934400058,600.75
0.480415425585333,600.75,266.307857092501,600.75
0.480574040688728,600.75,266.266789650928,600.75
0.480732683555385,600.75,266.225732066294,600.75
0.480891354349616,600.75,266.184684298296,600.75
0.481050053149858,600.75,266.143646322872,600.75
0.481208779783253,600.75,266.102618175572,600.75
0.481367534164029,600.75,266.06159987867,600.75
0.481526316442941,600.75,266.02059139866,600.75
0.481685126356057,600.75,265.979592790967,600.75
0.481843964258759,600.75,265.938603978681,600.75
0.482002830080242,600.75,265.897624968026,600.75
0.482161723530976,600.75,265.856655824537,600.75
0.482320645118922,600.75,265.815696437643,600.75
0.482479594381019,600.75,265.774746899736,600.75
0.482638571552612,600.75,265.733807165605,600.75
0.482797576624264,600.75,265.692877231045,600.75
0.482956609413634,600.75,265.651957135784,600.75
0.483115670377423,600.75,265.611046778266,600.75
0.483274759223356,600.75,265.570146212587,600.75
0.483433875909511,600.75,265.529255452798,600.75
0.483593020491925,600.75,265.488374486336,600.75
0.483752192802803,600.75,265.447503348693,600.75
0.483911393230582,600.75,265.406641953595,600.75
0.484070621540749,600.75,265.365790343513,600.75
0.484229877931861,600.75,265.324948476276,600.75
0.484389162061306,600.75,265.284116423998,600.75
0.484548474174911,600.75,265.243294137156,600.75
0.484707814289523,600.75,265.202481605021,600.75
0.484867182284231,600.75,265.161678852391,600.75
0.485026578177107,600.75,265.120885876451,600.75
0.485186001875336,600.75,265.080102696601,600.75
0.485345453665877,600.75,265.03932924818,600.75
0.485504933399176,600.75,264.998565556539,600.75
0.485664441071137,600.75,264.957811623874,600.75
0.48582397679257,600.75,264.917067423829,600.75
0.485983540547647,600.75,264.876332955605,600.75
0.486143132228899,600.75,264.835608242042,600.75
0.486302751955792,600.75,264.794893257112,600.75
0.486462399595583,600.75,264.754188026627,600.75
0.486622075284693,600.75,264.713492520995,600.75
0.486781778824582,600.75,264.672806780534,600.75
0.48694151033081,600.75,264.632130782004,600.75
0.48710126994759,600.75,264.591464488698,600.75
0.487261057685513,600.75,264.550807892598,600.75
0.487420873316356,600.75,264.510161043004,600.75
0.48758071688891,600.75,264.469523932911,600.75
0.487740588391512,600.75,264.428896562787,600.75
0.487900488188652,600.75,264.388278848694,600.75
0.488060416179774,600.75,264.347670802552,600.75
0.4882203719723,600.75,264.307072512885,600.75
0.488380355681689,600.75,264.266483962063,600.75
0.488540367593463,600.75,264.225905082276,600.75
0.488700407668271,600.75,264.185335873319,600.75
0.488860475804882,600.75,264.144776356449,600.75
0.489020571924927,600.75,264.104226550293,600.75
0.489180696152905,600.75,264.063686427422,600.75
0.489340848271537,600.75,264.023156032328,600.75
0.489501028330336,600.75,263.982635357257,600.75
0.489661236666897,600.75,263.942124323848,600.75
0.489821473122755,600.75,263.901622957564,600.75
0.489981737725548,600.75,263.861131253429,600.75
0.49014203030795,600.75,263.820649247165,600.75
0.490302350935036,600.75,263.780176926633,600.75
0.490462699783089,600.75,263.73971424942,600.75
0.490623076778672,600.75,263.699261225817,600.75
0.49078348199054,600.75,263.65881783999,600.75
0.490943915067539,600.75,263.618384167637,600.75
0.491104376192204,600.75,263.577960174676,600.75
0.49126486579224,600.75,263.537545759957,600.75
0.491425383320049,600.75,263.497141033565,600.75
0.491585929156184,600.75,263.456745920746,600.75
0.491746503009562,600.75,263.416360477222,600.75
0.491907105096485,600.75,263.375984659087,600.75
0.492067735142663,600.75,263.33561852155,600.75
0.492228393434954,600.75,263.295262004924,600.75
0.492389079919611,600.75,263.254915113238,600.75
0.492549794525583,600.75,263.214577861247,600.75
0.492710537244898,600.75,263.174250250916,600.75
0.492871308266168,600.75,263.133932238843,600.75
0.493032107571957,600.75,263.093623822651,600.75
0.493192934887308,600.75,263.053325061976,600.75
0.493353790229463,600.75,263.013035958106,600.75
0.493514673886732,600.75,262.972756445428,600.75
0.493675585922575,600.75,262.932486501011,600.75
0.493836525872766,600.75,262.892226224291,600.75
0.493997494143527,600.75,262.85197553419,600.75
0.494158490555193,600.75,262.811734460486,600.75
0.494319515152691,600.75,262.771502994814,600.75
0.494480568237025,600.75,262.731281067792,600.75
0.494641649544642,600.75,262.69106872896,600.75
0.494802758953989,600.75,262.650866009284,600.75
0.49496389659757,600.75,262.610672881345,600.75
0.495125062513067,600.75,262.570489332297,600.75
0.495286256602999,600.75,262.530315380846,600.75
0.495447479046679,600.75,262.490150987711,600.75
0.495608729608103,600.75,262.449996199537,600.75
0.495770008528209,600.75,262.409850966424,600.75
0.49593131574165,600.75,262.369715295983,600.75
0.49609265114069,600.75,262.329589211389,600.75
0.496254014741886,600.75,262.289472710074,600.75
0.496415406670474,600.75,262.24936576254,600.75
0.496576826753299,600.75,262.209268402404,600.75
0.496738275139172,600.75,262.169180598863,600.75
0.496899752038936,600.75,262.129102300413,600.75
0.497061256967539,600.75,262.08903360722,600.75
0.497222790347748,600.75,262.04897443522,600.75
0.497384352099725,600.75,262.008924791528,600.75
0.497545942195904,600.75,261.968884681393,600.75
0.497707560445906,600.75,261.928854146035,600.75
0.497869207014606,600.75,261.888833152094,600.75
0.498030881924034,600.75,261.848821689613,600.75
0.49819258539569,600.75,261.808819707044,600.75
0.498354317189458,600.75,261.768827250238,600.75
0.498516077063553,600.75,261.728844376034,600.75
0.498677865479757,600.75,261.688870987469,600.75
0.498839682035074,600.75,261.648907161312,600.75
0.499001527152426,600.75,261.608952811133,600.75
0.499163400331157,600.75,261.569008036376,600.75
0.499325302094713,600.75,261.529072731062,600.75
0.499487232095256,600.75,261.48914695881,600.75
0.499649190454526,600.75,261.449230698136,600.75
0.499811177241454,600.75,261.409323930168,600.75
0.499973192433893,600.75,261.369426656179,600.75
0.500135236149228,600.75,261.329538849016,600.75
0.500297308019363,600.75,261.2896605851,600.75
0.500459408145074,600.75,261.249791849152,600.75
0.500621536684447,600.75,261.209932603424,600.75
0.500783693930039,600.75,261.17008277804,600.75
0.50094587944878,600.75,261.130242458792,600.75
0.501108093590928,600.75,261.090411576726,600.75
0.501270336022675,600.75,261.050590196167,600.75
0.501432606704498,600.75,261.010778331211,600.75
0.50159490604885,600.75,260.970975891711,600.75
0.50175723368463,600.75,260.931182947556,600.75
0.501919589738195,600.75,260.891399477094,600.75
0.502081974358724,600.75,260.851625443985,600.75
0.502244387250549,600.75,260.81186090737,600.75
0.50240682846414,600.75,260.772105861129,600.75
0.502569298514117,600.75,260.732360190777,600.75
0.502731796729246,600.75,260.692624028894,600.75
0.502894323361455,600.75,260.652897333288,600.75
0.503056878817876,600.75,260.613180009277,600.75
0.503219462612767,600.75,260.573472150918,600.75
0.503382074967648,600.75,260.533773718559,600.75
0.50354471587568,600.75,260.494084708092,600.75
0.503707384968174,600.75,260.454405197844,600.75
0.503870082479102,600.75,260.414735143893,600.75
0.5040328085688,600.75,260.375074505152,600.75
0.50419556304814,600.75,260.335423316692,600.75
0.504358346099367,600.75,260.29578154112,600.75
0.504521157873329,600.75,260.256149140152,600.75
0.504683997958566,600.75,260.216526197531,600.75
0.504846866856661,600.75,260.176912611867,600.75
0.505009764095856,600.75,260.137308473289,600.75
0.505172689861692,600.75,260.09771374966,600.75
0.505335644046885,600.75,260.058128459451,600.75
0.50549862691725,600.75,260.018552545427,600.75
0.505661638098988,600.75,259.978986080966,600.75
0.50582467799965,600.75,259.939428984098,600.75
0.505987746359336,600.75,259.899881300883,600.75
0.506150843336245,600.75,259.860343000415,600.75
0.506313968872753,600.75,259.820814090431,600.75
0.506477122977843,600.75,259.78129456829,600.75
0.506640305658953,600.75,259.741784430636,600.75
0.506803516913021,600.75,259.702283676282,600.75
0.506966756777752,600.75,259.662792295461,600.75
0.50713002530662,600.75,259.623310274077,600.75
0.507293322277168,600.75,259.583837657169,600.75
0.507456647912104,600.75,259.544374400022,600.75
0.507620002146458,600.75,259.504920510404,600.75
0.50778338492967,600.75,259.465475998493,600.75
0.507946796387085,600.75,259.42604083689,600.75
0.508110236496968,600.75,259.386615025847,600.75
0.50827370506648,600.75,259.347198605426,600.75
0.508437202379167,600.75,259.307791517394,600.75
0.508600728336186,600.75,259.268393775317,600.75
0.508764282912083,600.75,259.229005384552,600.75
0.508927866061292,600.75,259.189626354043,600.75
0.509091477860833,600.75,259.150256666712,600.75
0.509255118328827,600.75,259.110896315334,600.75
0.509418787535124,600.75,259.071545282597,600.75
0.509582485298039,600.75,259.032203604183,600.75
0.509746211724934,600.75,258.992871259382,600.75
0.509909966687058,600.75,258.953548272175,600.75
0.510073750395607,600.75,258.91423459828,600.75
0.510237562785249,600.75,258.874930245473,600.75
0.510401403808008,600.75,258.835635223316,600.75
0.510565273647686,600.75,258.796349491981,600.75
0.510729172072509,600.75,258.757073095377,600.75
0.510893099077904,600.75,258.717806037674,600.75
0.511057054818401,600.75,258.678548284818,600.75
0.511221039569584,600.75,258.63929977265,600.75
0.511385052710262,600.75,258.600060625635,600.75
0.511549094665605,600.75,258.560830764684,600.75
0.51171316547075,600.75,258.521610172506,600.75
0.511877264860813,600.75,258.48239890221,600.75
0.512041393170891,600.75,258.443196886434,600.75
0.512205549988338,600.75,258.404004204671,600.75
0.512369735626917,600.75,258.364820796887,600.75
0.512533949969839,600.75,258.325646680197,600.75
0.512698193101692,600.75,258.286481836787,600.75
0.512862464981453,600.75,258.24732627204,600.75
0.513026765553302,600.75,258.208179996922,600.75
0.513191094859552,600.75,258.16904300212,600.75
0.51335545311603,600.75,258.129915239194,600.75
0.51351984006576,600.75,258.09079675615,600.75
0.513684255564442,600.75,258.051687587302,600.75
0.513848700011907,600.75,258.012587649876,600.75
0.514013173160923,600.75,257.973496986102,600.75
0.514177675330627,600.75,257.934415531036,600.75
0.514342206303632,600.75,257.895343322522,600.75
0.514506765796873,600.75,257.856280423177,600.75
0.514671354234586,600.75,257.817226748238,600.75
0.514835971415496,600.75,257.778182329928,600.75
0.515000617204949,600.75,257.739147198606,600.75
0.51516529209889,600.75,257.700121250916,600.75
0.515329995730228,600.75,257.661104552156,600.75
0.515494728140335,600.75,257.622097098901,600.75
0.51565948941852,600.75,257.583098870524,600.75
0.515824279424909,600.75,257.544109892932,600.75
0.515989098354985,600.75,257.50513012599,600.75
0.516153946240346,600.75,257.466159557278,600.75
0.516318823072621,600.75,257.427198185695,600.75
0.516483728546276,600.75,257.388246074252,600.75
0.516648663007253,600.75,257.349303155109,600.75
0.516813626127497,600.75,257.310369488932,600.75
0.516978618161991,600.75,257.271445026726,600.75
0.517143639064627,600.75,257.232529771596,600.75
0.517308688962562,600.75,257.19362369545,600.75
0.517473767673118,600.75,257.154726832361,600.75
0.517638875451938,600.75,257.115839130547,600.75
0.517804011998924,600.75,257.076960646335,600.75
0.517969177287937,600.75,257.038091389678,600.75
0.518134371776036,600.75,256.999231263986,600.75
0.518299595133945,600.75,256.960380326794,600.75
0.518464847249636,600.75,256.92153860618,600.75
0.518630128309008,600.75,256.882706064674,600.75
0.518795438070986,600.75,256.843882747513,600.75
0.518960776867958,600.75,256.80506858806,600.75
0.519126144560674,600.75,256.766263607044,600.75
0.51929154146912,600.75,256.727467737851,600.75
0.519456967241808,600.75,256.688681045778,600.75
0.519622421856181,600.75,256.649903540952,600.75
0.519787905446782,600.75,256.611135194879,600.75
0.519953417858643,600.75,256.572376035537,600.75
0.520118959153454,600.75,256.53362605141,600.75
0.520284529716533,600.75,256.494885159067,600.75
0.520450129146119,600.75,256.456153432289,600.75
0.520615757633196,600.75,256.417430837335,600.75
0.520781414986996,600.75,256.378717409233,600.75
0.520947101301716,600.75,256.340013130448,600.75
0.521112816644408,600.75,256.301317983663,600.75
0.52127856093661,600.75,256.262631981912,600.75
0.521444334255714,600.75,256.22395510889,600.75
0.521610136599414,600.75,256.185287361891,600.75
0.521775967752209,600.75,256.146628784122,600.75
0.52194182810059,600.75,256.107979297992,600.75
0.522107717398699,600.75,256.069338945156,600.75
0.522273635887395,600.75,256.03070767817,600.75
0.522439583161034,600.75,255.992085575208,600.75
0.5226055596672,600.75,255.953472549704,600.75
0.522771565167487,600.75,255.914868640814,600.75
0.522937599461548,600.75,255.876273892775,600.75
0.523103662957831,600.75,255.837688223824,600.75
0.523269755427717,600.75,255.799111671444,600.75
0.523435876985534,600.75,255.760544214179,600.75
0.523602027706997,600.75,255.72198583261,600.75
0.523768207439963,600.75,255.683436554802,600.75
0.523934416219697,600.75,255.644896374898,600.75
0.524100654145291,600.75,255.606365270275,600.75
0.524266921085279,600.75,255.567843264341,600.75
0.52443321740761,600.75,255.529330281686,600.75
0.524599542470906,600.75,255.490826445995,600.75
0.524765896858871,600.75,255.452331647681,600.75
0.52493228016247,600.75,255.413845958706,600.75
0.525098692536623,600.75,255.375369352863,600.75
0.525265133938655,600.75,255.336901834868,600.75
0.525431604802261,600.75,255.298443313848,600.75
0.525598104358504,600.75,255.259993937917,600.75
0.52576463340674,600.75,255.221553555679,600.75
0.525931191514836,600.75,255.18312223934,600.75
0.52609777875903,600.75,255.144699979004,600.75
0.526264395035857,600.75,255.106286793702,600.75
0.526431040471593,600.75,255.067882657839,600.75
0.526597714994593,600.75,255.02948758205,600.75
0.526764418623707,600.75,254.991101562021,600.75
0.526931151428658,600.75,254.952724581436,600.75
0.527097913426909,600.75,254.914356633476,600.75
0.527264704312323,600.75,254.875997779044,600.75
0.527431524545731,600.75,254.837647928056,600.75
0.52759837407034,600.75,254.799307081343,600.75
0.52776525248324,600.75,254.760975320343,600.75
0.527932160308355,600.75,254.722652544297,600.75
0.528099097358795,600.75,254.684338779737,600.75
0.528266063718711,600.75,254.646034010487,600.75
0.528433059188012,600.75,254.607738274615,600.75
0.528600083926906,600.75,254.569451541703,600.75
0.528767137801171,600.75,254.531173834734,600.75
0.528934220775594,600.75,254.492905161815,600.75
0.529101333108199,600.75,254.454645469361,600.75
0.529268474436054,600.75,254.41639482476,600.75
0.52943564520572,600.75,254.378153141875,600.75
0.529602845144457,600.75,254.339920466249,600.75
0.529770074374997,600.75,254.301696775868,600.75
0.529937332576731,600.75,254.263482132761,600.75
0.530104620150404,600.75,254.225276459797,600.75
0.530271937289733,600.75,254.187079707827,600.75
0.530439283326309,600.75,254.148892006927,600.75
0.530606658677758,600.75,254.110713283744,600.75
0.53077406334643,600.75,254.072543528864,600.75
0.530941497379118,600.75,254.034382730089,600.75
0.531108960739333,600.75,253.996230892132,600.75
0.531276453222311,600.75,253.958088055855,600.75
0.531443974880541,600.75,253.919954213357,600.75
0.531611526059431,600.75,253.881829291862,600.75
0.531779106357545,600.75,253.843713364173,600.75
0.531946716021051,600.75,253.805606386084,600.75
0.532114355250217,600.75,253.767508310802,600.75
0.532282023583061,600.75,253.729419226069,600.75
0.532449721315437,600.75,253.691339079246,600.75
0.53261744824926,600.75,253.653267903874,600.75
0.532785204386704,600.75,253.615205701421,600.75
0.532952989856361,600.75,253.577152444429,600.75
0.533120804531412,600.75,253.539108154325,600.75
0.533288648710672,600.75,253.50107277102,600.75
0.533456522154014,600.75,253.463046335625,600.75
0.533624425003477,600.75,253.42502882199,600.75
0.533792357330614,600.75,253.387020211473,600.75
0.533960318961376,600.75,253.34902053597,600.75
0.534128309729817,600.75,253.311029831013,600.75
0.534296330002395,600.75,253.273048024521,600.75
0.534464379571222,600.75,253.235075149709,600.75
0.534632458431935,600.75,253.197111209304,600.75
0.534800566933594,600.75,253.159156131429,600.75
0.534968704806129,600.75,253.121209961854,600.75
0.535136871947744,600.75,253.083272724391,600.75
0.5353050686809,600.75,253.045344354875,600.75
0.535473294643631,600.75,253.007424918451,600.75
0.535641549946752,600.75,252.96951439789,600.75
0.535809834802082,600.75,252.931612747203,600.75
0.53597814890992,600.75,252.893720020667,600.75
0.536146492577023,600.75,252.855836160385,600.75
0.536314865528877,600.75,252.81796121442,600.75
0.536483267998314,600.75,252.780095139173,600.75
0.536651699806272,600.75,252.742237964874,600.75
0.536820161048863,600.75,252.704389673715,600.75
0.536988651670294,600.75,252.666550273675,600.75
0.537157171987809,600.75,252.628719700113,600.75
0.537325721848367,600.75,252.590897975718,600.75
0.537494301068333,600.75,252.553085138294,600.75
0.537662909683747,600.75,252.51528118312,600.75
0.537831547841915,600.75,252.477486078647,600.75
0.538000215294977,600.75,252.439699869977,600.75
0.538168912186678,600.75,252.40192253133,600.75
0.538337638685852,600.75,252.364154024677,600.75
0.53850639446605,600.75,252.326394410153,600.75
0.538675179915032,600.75,252.288643614547,600.75
0.53884399491304,600.75,252.250901652969,600.75
0.539012839360106,600.75,252.213168545465,600.75
0.539181713258841,600.75,252.175444292175,600.75
0.539350616549607,600.75,252.137728903641,600.75
0.539519549412288,600.75,252.100022343393,600.75
0.53968851213611,600.75,252.062324548212,600.75
0.53985750407993,600.75,252.024635638521,600.75
0.54002652572785,600.75,251.986955528263,600.75
0.540195576953881,600.75,251.949284232537,600.75
0.540364657651608,600.75,251.911621772574,600.75
0.540533767969249,600.75,251.873968119493,600.75
0.540702907692177,600.75,251.836323311809,600.75
0.540872076940928,600.75,251.798687327871,600.75
0.541041275805169,600.75,251.761060146113,600.75
0.541210504115034,600.75,251.723441796715,600.75
0.541379762070316,600.75,251.685832241384,600.75
0.541549049752926,600.75,251.64823145841,600.75
0.541718366801696,600.75,251.610639516094,600.75
0.541887713398194,600.75,251.573056383779,600.75
0.542057089673134,600.75,251.535482030888,600.75
0.542226495736392,600.75,251.497916430829,600.75
0.54239593119126,600.75,251.460359658402,600.75
0.54256539630119,600.75,251.422811667362,600.75
0.54273489091358,600.75,251.385272481999,600.75
0.542904415232789,600.75,251.347742062572,600.75
0.543073969224658,600.75,251.310220410359,600.75
0.543243552639977,600.75,251.272707573522,600.75
0.543413165737762,600.75,251.235203504073,600.75
0.543582808644777,600.75,251.197708170497,600.75
0.543752480726855,600.75,251.16022169396,600.75
0.543922182752247,600.75,251.122743932864,600.75
0.544091914216805,600.75,251.085274971448,600.75
0.544261675530162,600.75,251.047814735353,600.75
0.544431466241746,600.75,251.010363305012,600.75
0.544601286860612,600.75,250.972920586165,600.75
0.54477113703375,600.75,250.935486637779,600.75
0.54494101716333,600.75,250.898061384615,600.75
0.545110926991687,600.75,250.860644868661,600.75
0.545280866472372,600.75,250.823237101862,600.75
0.545450835467911,600.75,250.785838111297,600.75
0.545620834497037,600.75,250.748447795695,600.75
0.545790862981373,600.75,250.711066257606,600.75
0.545960921116358,600.75,250.673693467278,600.75
0.54613100863557,600.75,250.636329473021,600.75
0.546301125828683,600.75,250.598974220997,600.75
0.546471273163292,600.75,250.561627611947,600.75
0.546641450178897,600.75,250.524289725012,600.75
0.546811656896814,600.75,250.486960562518,600.75
0.546981893177981,600.75,250.449640150866,600.75
0.547152159097592,600.75,250.412328476468,600.75
0.547322455011243,600.75,250.375025466419,600.75
0.547492780476447,600.75,250.337731198915,600.75
0.547663135734897,600.75,250.300445632788,600.75
0.54783352076538,600.75,250.263168766703,600.75
0.548003935902498,600.75,250.225900533153,600.75
0.548174380359729,600.75,250.188641078497,600.75
0.54834485494026,600.75,250.151390258236,600.75
0.548515359064275,600.75,250.114148170372,600.75
0.548685893035023,600.75,250.076914763601,600.75
0.548856456855811,600.75,250.03969003077,600.75
0.54902705019601,600.75,250.002474034487,600.75
0.549197673546225,600.75,249.965266683404,600.75
0.549368326719131,600.75,249.928068003591,600.75
0.549539009913111,600.75,249.890877957193,600.75
0.549709722576312,600.75,249.853696647151,600.75
0.549880465223953,600.75,249.81652398151,600.75
0.550051237815718,600.75,249.77935995752,600.75
0.550222040168635,600.75,249.742204609092,600.75
0.550392872076649,600.75,249.705057978572,600.75
0.550563733948171,600.75,249.66791998898,600.75
0.550734625937256,600.75,249.630790600939,600.75
0.550905547514536,600.75,249.593669912324,600.75
0.551076498927801,600.75,249.556557883196,600.75
0.551247480061647,600.75,249.519454530757,600.75
0.551418490906732,600.75,249.482359857009,600.75
0.551589531803164,600.75,249.44527379432,600.75
0.551760602443026,600.75,249.408196394416,600.75
0.55193170330352,600.75,249.371127567925,600.75
0.552102833950483,600.75,249.334067389086,600.75
0.552273994394511,600.75,249.297015861803,600.75
0.552445184785806,600.75,249.259972955926,600.75
0.552616405009449,600.75,249.222938689312,600.75
0.552787654953759,600.75,249.185913083996,600.75
0.552958934754076,600.75,249.148896114444,600.75
0.553130244607379,600.75,249.111887738308,600.75
0.553301584428223,600.75,249.074887966393,600.75
0.553472954269202,600.75,249.037896788071,600.75
0.553644354079283,600.75,249.000914210798,600.75
0.553815783735166,600.75,248.963940257838,600.75
0.553987243213864,600.75,248.926974934593,600.75
0.554158732827419,600.75,248.890018179638,600.75
0.554330252501229,600.75,248.853069999773,600.75
0.554501801897757,600.75,248.816130459602,600.75
0.554673381082329,600.75,248.779199551592,600.75
0.554844990408704,600.75,248.742277205077,600.75
0.555016629533175,600.75,248.705363477976,600.75
0.555188298672237,600.75,248.668458332647,600.75
0.555359997564666,600.75,248.631561814505,600.75
0.55553172669448,600.75,248.59467383296,600.75
0.555703485843802,600.75,248.557794419626,600.75
0.555875275013438,600.75,248.520923575954,600.75
0.556047094223289,600.75,248.484061296906,600.75
0.556218943281214,600.75,248.447207617667,600.75
0.556390822238444,600.75,248.410362530445,600.75
0.556562731369685,600.75,248.373525980025,600.75
0.556734670507991,600.75,248.336697991565,600.75
0.556906639645218,600.75,248.299878567642,600.75
0.557078638771222,600.75,248.263067709099,600.75
0.557250667919553,600.75,248.226265408114,600.75
0.557422727049537,600.75,248.189471670287,600.75
0.557594816455351,600.75,248.152686438066,600.75
0.557766935866392,600.75,248.115909756328,600.75
0.557939085081912,600.75,248.079141666706,600.75
0.558111264539568,600.75,248.042382087854,600.75
0.558283473991492,600.75,248.005631057855,600.75
0.558455713406562,600.75,247.968888584925,600.75
0.558627983114822,600.75,247.932154605112,600.75
0.55880028270145,600.75,247.895429190231,600.75
0.558972612588588,600.75,247.858712264907,600.75
0.559144972285669,600.75,247.822003914423,600.75
0.559317362158587,600.75,247.78530407557,600.75
0.55948978218436,600.75,247.748612745112,600.75
0.559662232471568,600.75,247.711929900345,600.75
0.559834712609547,600.75,247.67525561627,600.75
0.560007222817719,600.75,247.638589856927,600.75
0.560179763097577,600.75,247.601932617098,600.75
0.560352333507884,600.75,247.565283883469,600.75
0.560524933972966,600.75,247.528643667724,600.75
0.560697564998672,600.75,247.492011872818,600.75
0.560870225859364,600.75,247.455388626372,600.75
0.561042916791658,600.75,247.418773894389,600.75
0.561215638068706,600.75,247.38216762008,600.75
0.561388389495576,600.75,247.345569833458,600.75
0.561561170941531,600.75,247.308980560967,600.75
0.561733982563218,600.75,247.272399774001,600.75
0.561906824322919,600.75,247.235827475487,600.75
0.562079696219556,600.75,247.199263664423,600.75
0.562252598353164,600.75,247.162708320204,600.75
0.562425530328031,600.75,247.126161514735,600.75
0.562598492868953,600.75,247.089623115668,600.75
0.562771485262402,600.75,247.053093244306,600.75
0.562944508159316,600.75,247.01657178721,600.75
0.563117561225122,600.75,246.980058795507,600.75
0.563290644505328,600.75,246.943554264027,600.75
0.563463758148981,600.75,246.907058162616,600.75
0.563636901660408,600.75,246.870570581035,600.75
0.563810075515257,600.75,246.834091436403,600.75
0.563983279370597,600.75,246.797620784274,600.75
0.564156513676207,600.75,246.761158543191,600.75
0.564329778041548,600.75,246.724704777797,600.75
0.564503072785671,600.75,246.688259432445,600.75
0.564676397839986,600.75,246.651822513296,600.75
0.564849752964255,600.75,246.615394064978,600.75
0.565023138482181,600.75,246.578974029211,600.75
0.565196554176598,600.75,246.542562439964,600.75
0.565370000104491,600.75,246.506159288295,600.75
0.565543476408414,600.75,246.469764544972,600.75
0.565716982807044,600.75,246.433378258857,600.75
0.565890519520176,600.75,246.397000391771,600.75
0.566064086527931,600.75,246.360630942324,600.75
0.566237684213882,600.75,246.324269836393,600.75
0.566411311755127,600.75,246.287917220646,600.75
0.566584969749585,600.75,246.251572995249,600.75
0.56675865794464,600.75,246.215237196793,600.75
0.566932376563206,600.75,246.178909785211,600.75
0.567106125639468,600.75,246.142590748727,600.75
0.567279904935013,600.75,246.10628012964,600.75
0.567453714227987,600.75,246.069977972546,600.75
0.567627554295175,600.75,246.033684134176,600.75
0.567801424438902,600.75,245.997398730314,600.75
0.567975324845201,600.75,245.961121735755,600.75
0.568149255884686,600.75,245.924853077062,600.75
0.568323216976906,600.75,245.888592854646,600.75
0.568497208435383,600.75,245.852341017971,600.75
0.568671230347531,600.75,245.816097544352,600.75
0.568845282789385,600.75,245.779862415718,600.75
0.569019365556807,600.75,245.743635667183,600.75
0.569193478229451,600.75,245.70741737973,600.75
0.56936762165201,600.75,245.671207401481,600.75
0.569541795539576,600.75,245.635005769525,600.75
0.569715999625233,600.75,245.598812535893,600.75
0.569890234082858,600.75,245.562627671836,600.75
0.570064498817973,600.75,245.526451190877,600.75
0.570238794281524,600.75,245.490283008377,600.75
0.570413119962597,600.75,245.454123210241,600.75
0.570587475870948,600.75,245.417971801587,600.75
0.570761862502605,600.75,245.381828688856,600.75
0.57093627946434,600.75,245.345693934914,600.75
0.571110727034509,600.75,245.309567492359,600.75
0.571285204500059,600.75,245.273449488512,600.75
0.571459712852279,600.75,245.23733974923,600.75
0.571634251572145,600.75,245.20123835304,600.75
0.571808820716074,600.75,245.165145295421,600.75
0.571983420202148,600.75,245.129060589987,600.75
0.572158050429395,600.75,245.092984162209,600.75
0.572332710903858,600.75,245.056916095456,600.75
0.572507402067014,600.75,245.020856314122,600.75
0.572682123512701,600.75,244.984804885192,600.75
0.572856875361125,600.75,244.948761791321,600.75
0.573031657904259,600.75,244.912726975142,600.75
0.573206470829853,600.75,244.876700487651,600.75
0.573381314038845,600.75,244.840682350798,600.75
0.573556187773987,600.75,244.804672520276,600.75
0.573731092294111,600.75,244.768670942197,600.75
0.57390602724484,600.75,244.732677675616,600.75
0.574080992861038,600.75,244.696692681252,600.75
0.574255988822589,600.75,244.660716013421,600.75
0.574431015591632,600.75,244.624747590207,600.75
0.57460607275938,600.75,244.588787478108,600.75
0.574781160380244,600.75,244.55283567202,600.75
0.574956278604897,600.75,244.516892142223,600.75
0.57513142733265,600.75,244.48095690302,600.75
0.575306606548906,600.75,244.445029957046,600.75
0.575481816348029,600.75,244.409111285699,600.75
0.575657056876052,600.75,244.373200858706,600.75
0.57583232784014,600.75,244.337298725854,600.75
0.576007629407332,600.75,244.301404859689,600.75
0.5761829615544,600.75,244.265519260503,600.75
0.576358324210571,600.75,244.229641939941,600.75
0.576533717310333,600.75,244.193772909843,600.75
0.57670914110708,600.75,244.157912123159,600.75
0.576884595605914,600.75,244.122059572935,600.75
0.577060080692387,600.75,244.086215278128,600.75
0.577235596487291,600.75,244.050379216925,600.75
0.577411143038084,600.75,244.014551377093,600.75
0.577586720030247,600.75,243.978731814006,600.75
0.577762327371767,600.75,243.942920548632,600.75
0.577937965578221,600.75,243.907117486713,600.75
0.578113634276945,600.75,243.871322686244,600.75
0.578289333505502,600.75,243.835536144392,600.75
0.578465063567557,600.75,243.79975780371,600.75
0.578640824354372,600.75,243.763987677166,600.75
0.578816615389318,600.75,243.728225852183,600.75
0.578992437394985,600.75,243.692472203117,600.75
0.579168289889291,600.75,243.656726805013,600.75
0.579344172945118,600.75,243.620989650164,600.75
0.579520087069943,600.75,243.585260643394,600.75
0.579696031941662,600.75,243.549539833116,600.75
0.579872007111478,600.75,243.513827304869,600.75
0.580048013118438,600.75,243.478122966867,600.75
0.58022404997517,600.75,243.442426806572,600.75
0.580400117128415,600.75,243.40673892256,600.75
0.580576215243876,600.75,243.371059201085,600.75
0.58075234406763,600.75,243.335387676327,600.75
0.580928503495436,600.75,243.29972436908,600.75
0.581104693433223,600.75,243.264069297271,600.75
0.581280914562817,600.75,243.228422336556,600.75
0.581457166513969,600.75,243.192783541157,600.75
0.581633449381324,600.75,243.157152897481,600.75
0.581809762603468,600.75,243.121530505572,600.75
0.581986106697573,600.75,243.085916279304,600.75
0.582162481096024,600.75,243.050310312686,600.75
0.582338886631698,600.75,243.014712461246,600.75
0.582515322900745,600.75,242.979122783363,600.75
0.582691789909871,600.75,242.94354128183,600.75
0.582868287852153,600.75,242.907967920483,600.75
0.583044816711886,600.75,242.872402697298,600.75
0.583221376421573,600.75,242.836845622951,600.75
0.583397966533757,600.75,242.801296778601,600.75
0.583574587627466,600.75,242.765756065363,600.75
0.58375123945975,600.75,242.730223516569,600.75
0.583927921897708,600.75,242.69469915802,600.75
0.584104635300733,600.75,242.659182925548,600.75
0.584281379378287,600.75,242.623674864369,600.75
0.584458154416989,600.75,242.58817492528,600.75
0.584634960049056,600.75,242.55268316901,600.75
0.584811796601686,600.75,242.517199540559,600.75
0.584988664178587,600.75,242.481724014501,600.75
0.585165562533415,600.75,242.446256631575,600.75
0.585342491525847,600.75,242.410797419772,600.75
0.585519451477652,600.75,242.375346322171,600.75
0.58569644214803,600.75,242.339903375536,600.75
0.585873463738221,600.75,242.304468545463,600.75
0.586050516150893,600.75,242.269041844929,600.75
0.586227599509791,600.75,242.23362325134,600.75
0.586404713914749,600.75,242.198212743102,600.75
0.58658185901634,600.75,242.162810379919,600.75
0.586759034928492,600.75,242.127416145565,600.75
0.586936242008444,600.75,242.092029972635,600.75
0.587113479770163,600.75,242.056651940996,600.75
0.587290748521382,600.75,242.021282001296,600.75
0.587468048442977,600.75,241.985920114902,600.75
0.587645378836822,600.75,241.950566402591,600.75
0.587822740612448,600.75,241.915220710527,600.75
0.588000132777898,600.75,241.87988320157,600.75
0.588177555945566,600.75,241.844553779358,600.75
0.588355010057387,600.75,241.809232443967,600.75
0.588532495568004,600.75,241.77391911192,600.75
0.588710011769036,600.75,241.738613901369,600.75
0.588887558978246,600.75,241.703316765032,600.75
0.589065136878905,600.75,241.668027754205,600.75
0.5892427458172,600.75,241.632746810067,600.75
0.589420385730853,600.75,241.59747393684,600.75
0.589598056802329,600.75,241.562209100639,600.75
0.589775758925758,600.75,241.52695231588,600.75
0.589953492022259,600.75,241.491703596714,600.75
0.59013125560087,600.75,241.45646303131,600.75
0.590309050784076,600.75,241.421230425372,600.75
0.590486876859713,600.75,241.386005886717,600.75
0.59066473357282,600.75,241.350789469697,600.75
0.590842621529618,600.75,241.315581069743,600.75
0.591020540440082,600.75,241.28038072746,600.75
0.591198490257078,600.75,241.245188453604,600.75
0.59137647134178,600.75,241.210004183263,600.75
0.591554483253187,600.75,241.174827987778,600.75
0.591732526176387,600.75,241.139659839397,600.75
0.591910599871791,600.75,241.104499777064,600.75
0.592088705089952,600.75,241.06934766889,600.75
0.59226684113385,600.75,241.034203625473,600.75
0.592445008313132,600.75,240.999067600514,600.75
0.592623206734017,600.75,240.963939569488,600.75
0.592801435860599,600.75,240.928819624242,600.75
0.592979696098437,600.75,240.893707699809,600.75
0.593157987638041,600.75,240.858603754772,600.75
0.593336309895654,600.75,240.823507887729,600.75
0.593514663534933,600.75,240.788419988408,600.75
0.593693048253733,600.75,240.753340098908,600.75
0.593871464028748,600.75,240.718268225833,600.75
0.594049910996236,600.75,240.683204344306,600.75
0.594228388867624,600.75,240.648148501948,600.75
0.594406898155089,600.75,240.613100610791,600.75
0.594585438298507,600.75,240.578060760752,600.75
0.594764009901021,600.75,240.543028851691,600.75
0.594942612253246,600.75,240.508004998913,600.75
0.595121245922959,600.75,240.472989111024,600.75
0.595299910475047,600.75,240.437981255402,600.75
0.595478606251559,600.75,240.402981376202,600.75
0.595657333489968,600.75,240.367989424722,600.75
0.595836091746871,600.75,240.333005473495,600.75
0.596014881151699,600.75,240.298029505085,600.75
0.596193701713695,600.75,240.263061514991,600.75
0.596372553498369,600.75,240.22810148977,600.75
0.596551436683455,600.75,240.193149395304,600.75
0.596730350853743,600.75,240.158205300475,600.75
0.596909295973145,600.75,240.123269216826,600.75
0.597088272447894,600.75,240.088341072358,600.75
0.597267280019814,600.75,240.053420904484,600.75
0.597446318744127,600.75,240.018508705494,600.75
0.597625388638582,600.75,239.983604470235,600.75
0.597804489982237,600.75,239.948708147547,600.75
0.597983622403275,600.75,239.913819796852,600.75
0.59816278595558,600.75,239.878939412858,600.75
0.598341980999274,600.75,239.844066930298,600.75
0.598521207503034,600.75,239.809202347127,600.75
0.598700465097944,600.75,239.774345726751,600.75
0.598879753739581,600.75,239.73949708171,600.75
0.599059073592331,600.75,239.704656382996,600.75
0.599238424865183,600.75,239.669823589682,600.75
0.599417807502934,600.75,239.63499870617,600.75
0.599597221328976,600.75,239.600181762549,600.75
0.599776666439254,600.75,239.565372743486,600.75
0.599956142763474,600.75,239.530571658594,600.75
0.60013565013525,600.75,239.495778536634,600.75
0.600315189118953,600.75,239.460993279825,600.75
0.600494759246069,600.75,239.426215959868,600.75
0.600674360682072,600.75,239.391446552981,600.75
0.600853993476312,600.75,239.356685047057,600.75
0.601033657525156,600.75,239.321931457731,600.75
0.601213352903978,600.75,239.2871857719,600.75
0.60139307972903,600.75,239.252447966632,600.75
0.601572837889488,600.75,239.217718057814,600.75
0.601752627548951,600.75,239.182996016923,600.75
0.601932448415784,600.75,239.148281891043,600.75
0.602112300527514,600.75,239.113575676668,600.75
0.602292184340093,600.75,239.078877292436,600.75
0.602472099099887,600.75,239.044186861107,600.75
0.602652045284767,600.75,239.009504309237,600.75
0.602832022798674,600.75,238.974829645552,600.75
0.603012031601876,600.75,238.940162876299,600.75
0.603192072042027,600.75,238.905503940024,600.75
0.60337214378986,600.75,238.870852887086,600.75
0.603552246797279,600.75,238.836209729194,600.75
0.603732381492315,600.75,238.80157439156,600.75
0.603912547191963,600.75,238.766946984906,600.75
0.604092744622774,600.75,238.732327391544,600.75
0.604272973362446,600.75,238.69771567284,600.75
0.604453233491445,600.75,238.663111818994,600.75
0.60463352510691,600.75,238.628515810969,600.75
0.604813848051602,600.75,238.593927672974,600.75
0.604994202233311,600.75,238.559347421954,600.75
0.605174588377245,600.75,238.524774932076,600.75
0.605355005583139,600.75,238.490210346705,600.75
0.605535454145222,600.75,238.45565362664,600.75
0.605715934264223,600.75,238.421104732266,600.75
0.605896445716912,600.75,238.386563697168,600.75
0.6060769884294,600.75,238.35203053591,600.75
0.606257563152435,600.75,238.317505118305,600.75
0.60643816878775,600.75,238.28298762132,600.75
0.606618806180923,600.75,238.248477913392,600.75
0.606799475160632,600.75,238.213976010877,600.75
0.60698017557683,600.75,238.179481939718,600.75
0.607160907313994,600.75,238.144995721092,600.75
0.607341670666832,600.75,238.110517304679,600.75
0.607522465415035,600.75,238.076046722578,600.75
0.607703291689924,600.75,238.041583953641,600.75
0.607884149762779,600.75,238.007128947703,600.75
0.608065039135181,600.75,237.972681784871,600.75
0.608245960210635,600.75,237.938242401524,600.75
0.608426912720793,600.75,237.903810836898,600.75
0.60860789686351,600.75,237.869387059048,600.75
0.608788912391948,600.75,237.834971106346,600.75
0.608969959354179,600.75,237.80056297269,600.75
0.609151037951166,600.75,237.766162621573,600.75
0.609332148136388,600.75,237.731770056236,600.75
0.609513289732172,600.75,237.697385306208,600.75
0.60969446301376,600.75,237.663008325515,600.75
0.609875668011165,600.75,237.628639103418,600.75
0.610056904598053,600.75,237.594277659265,600.75
0.610238172667529,600.75,237.55992401195,600.75
0.610419472318335,600.75,237.525578144975,600.75
0.610600803564139,600.75,237.491240053151,600.75
0.610782166344236,600.75,237.45690974506,600.75
0.610963560922311,600.75,237.422587174851,600.75
0.611144987072612,600.75,237.388272375728,600.75
0.611326444792357,600.75,237.353965349873,600.75
0.611507934417744,600.75,237.319666038541,600.75
0.611689455626901,600.75,237.28537449018,600.75
0.611871008429822,600.75,237.251090706187,600.75
0.612052592813707,600.75,237.216814687678,600.75
0.612234208647072,600.75,237.182546455961,600.75
0.612415856203488,600.75,237.148285964799,600.75
0.612597535340202,600.75,237.11403323303,600.75
0.612779246367696,600.75,237.079788207831,600.75
0.612960989134942,600.75,237.045550908868,600.75
0.613142763332619,600.75,237.011321389498,600.75
0.613324569354764,600.75,236.977099586047,600.75
0.613506406971061,600.75,236.942885530736,600.75
0.613688276107076,600.75,236.908679237827,600.75
0.613870176997573,600.75,236.87448066728,600.75
0.614052109848686,600.75,236.840289778871,600.75
0.614234074116135,600.75,236.806106660379,600.75
0.614416070310046,600.75,236.771931231552,600.75
0.614598098050474,600.75,236.737763548607,600.75
0.614780157678222,600.75,236.703603557179,600.75
0.614962249144198,600.75,236.669451259401,600.75
0.615144372139658,600.75,236.635306706667,600.75
0.615326526981014,600.75,236.60116984857,600.75
0.615508713468348,600.75,236.567040713251,600.75
0.615690931893838,600.75,236.532919252178,600.75
0.615873181913025,600.75,236.498805518202,600.75
0.616055463711394,600.75,236.464699483281,600.75
0.616237777429296,600.75,236.430601119756,600.75
0.616420122671156,600.75,236.396510490915,600.75
0.616602499757673,600.75,236.362427546787,600.75
0.616784908569535,600.75,236.328352301809,600.75
0.616967349434661,600.75,236.294284700238,600.75
0.617149821935052,600.75,236.26022480658,600.75
0.617332326394046,600.75,236.22617257057,600.75
0.617514862612203,600.75,236.192128020213,600.75
0.617697430559221,600.75,236.158091161836,600.75
0.617880030364655,600.75,236.124061972827,600.75
0.618062662015857,600.75,236.090040451935,600.75
0.618245325474998,600.75,236.0560266041,600.75
0.618428020488453,600.75,236.022020471394,600.75
0.618610747492412,600.75,235.988021982604,600.75
0.618793506442678,600.75,235.954031137385,600.75
0.618976297355078,600.75,235.920047931595,600.75
0.619159119995346,600.75,235.886072403171,600.75
0.619341974517237,600.75,235.852104528356,600.75
0.619524860965646,600.75,235.818144296155,600.75
0.619707779364651,600.75,235.784191700138,600.75
0.619890729727728,600.75,235.750246736137,600.75
0.620073711692098,600.75,235.716309463664,600.75
0.620256725742786,600.75,235.68237980512,600.75
0.620439771498571,600.75,235.648457816413,600.75
0.620622849130825,600.75,235.614543472348,600.75
0.620805958674327,600.75,235.580636763556,600.75
0.620989100249511,600.75,235.546737667538,600.75
0.621172273601753,600.75,235.512846223766,600.75
0.621355479135005,600.75,235.478962366593,600.75
0.621538716308727,600.75,235.445086179675,600.75
0.62172198578349,600.75,235.411217558249,600.75
0.621905286969985,600.75,235.377356590593,600.75
0.622088619899555,600.75,235.343503278059,600.75
0.622271984842744,600.75,235.309657574215,600.75
0.622455381819406,600.75,235.275819470136,600.75
0.622638810675042,600.75,235.241988989533,600.75
0.62282227161375,600.75,235.208166099058,600.75
0.623005764503381,600.75,235.174350816575,600.75
0.623189289245619,600.75,235.140543158853,600.75
0.623372846270012,600.75,235.106743054219,600.75
0.623556435255534,600.75,235.072950548616,600.75
0.623740055802594,600.75,235.039165711738,600.75
0.623923708652499,600.75,235.005388424718,600.75
0.624107393762273,600.75,234.97161868268,600.75
0.624291110746461,600.75,234.937856548124,600.75
0.624474859801211,600.75,234.904101992741,600.75
0.624658640705406,600.75,234.870355049741,600.75
0.624842453928812,600.75,234.83661564234,600.75
0.625026299253158,600.75,234.802883798742,600.75
0.625210176178275,600.75,234.76915960359,600.75
0.625394085068743,600.75,234.735443002569,600.75
0.625578026236723,600.75,234.70173393748,600.75
0.62576199936163,600.75,234.668032455024,600.75
0.625946004656014,600.75,234.634338522663,600.75
0.626130041939593,600.75,234.60065216629,600.75
0.626314111156395,600.75,234.566973396249,600.75
0.626498212390537,600.75,234.533302198243,600.75
0.626682345875698,600.75,234.499638530795,600.75
0.626866511417193,600.75,234.465982421192,600.75
0.627050709117399,600.75,234.432333853556,600.75
0.627234938895123,600.75,234.398692838731,600.75
0.627419200891223,600.75,234.365059353004,600.75
0.627603494894844,600.75,234.331433427991,600.75
0.627787820974663,600.75,234.297815053853,600.75
0.627972179249418,600.75,234.264204208767,600.75
0.628156569707835,600.75,234.230600891311,600.75
0.628340992117299,600.75,234.197005138625,600.75
0.628525446750066,600.75,234.163416907675,600.75
0.628709933733996,600.75,234.129836172149,600.75
0.628894452991469,600.75,234.096262941164,600.75
0.629079004344175,600.75,234.062697243798,600.75
0.629263587545722,600.75,234.029139122258,600.75
0.629448203021619,600.75,233.99558850873,600.75
0.629632850666077,600.75,233.962045413322,600.75
0.6298175304358,600.75,233.928509842686,600.75
0.630002242641141,600.75,233.894981744881,600.75
0.63018698686548,600.75,233.86146118279,600.75
0.630371763294618,600.75,233.827948130074,600.75
0.630556572199716,600.75,233.794442538436,600.75
0.630741413321026,600.75,233.760944445054,600.75
0.630926286476917,600.75,233.727453881934,600.75
0.631111191705469,600.75,233.693970844518,600.75
0.631296129378599,600.75,233.660495269841,600.75
0.631481099207187,600.75,233.627027198543,600.75
0.631666101180093,600.75,233.593566634759,600.75
0.631851135593727,600.75,233.560113528871,600.75
0.63203620212166,600.75,233.526667928863,600.75
0.632221300849133,600.75,233.493229823697,600.75
0.632406431996238,600.75,233.459799175001,600.75
0.632591595535805,600.75,233.426375982482,600.75
0.63277679139278,600.75,233.392960257138,600.75
0.632962019581557,600.75,233.359551996374,600.75
0.633147279744828,600.75,233.326151257423,600.75
0.633332572396089,600.75,233.29275795987,600.75
0.633517897184366,600.75,233.25937215288,600.75
0.633703254198077,600.75,233.225993824948,600.75
0.633888643511551,600.75,233.192622961674,600.75
0.634074065586408,600.75,233.159259484777,600.75
0.634259519670386,600.75,233.125903509215,600.75
0.634445006041162,600.75,233.092554998493,600.75
0.634630524836071,600.75,233.059213925803,600.75
0.634816075756318,600.75,233.025880336286,600.75
0.635001659244953,600.75,232.99255416019,600.75
0.635187275093774,600.75,232.959235424123,600.75
0.635372923138614,600.75,232.925924155943,600.75
0.635558603707001,600.75,232.892620303433,600.75
0.635744316628184,600.75,232.859323888593,600.75
0.635930062027584,600.75,232.826034891565,600.75
0.636115839637033,600.75,232.792753353159,600.75
0.636301649685016,600.75,232.759479238464,600.75
0.636487491821084,600.75,232.726212600337,600.75
0.636673366419453,600.75,232.692953381145,600.75
0.636859273839573,600.75,232.659701515933,600.75
0.637045213360311,600.75,232.626457115038,600.75
0.637231185219081,600.75,232.593220148355,600.75
0.637417189819183,600.75,232.559990546476,600.75
0.637603226621941,600.75,232.526768389538,600.75
0.637789296038241,600.75,232.493553616506,600.75
0.637975397679463,600.75,232.460346284044,600.75
0.638161532107785,600.75,232.427146304448,600.75
0.638347698632181,600.75,232.393953781051,600.75
0.638533897761904,600.75,232.360768638954,600.75
0.638720129570345,600.75,232.32759085848,600.75
0.638906393690222,600.75,232.294420496111,600.75
0.639092690097893,600.75,232.261257559488,600.75
0.639279019018992,600.75,232.228102011545,600.75
0.639465380353869,600.75,232.19495386386,600.75
0.639651774422975,600.75,232.161813064183,600.75
0.639838200670014,600.75,232.128679696783,600.75
0.64002465934593,600.75,232.095553727207,600.75
0.640211150735969,600.75,232.062435105086,600.75
0.640397674632219,600.75,232.029323858246,600.75
0.640584231105498,600.75,231.996219976396,600.75
0.640770820010965,600.75,231.963123480891,600.75
0.640957441556527,600.75,231.930034338765,600.75
0.641144095404569,600.75,231.896952600453,600.75
0.641330782186414,600.75,231.863878167137,600.75
0.641517501366181,600.75,231.830811115425,600.75
0.641704252790436,600.75,231.797751475511,600.75
0.641891037026097,600.75,231.764699157499,600.75
0.642077853643822,600.75,231.731654221432,600.75
0.64226470295828,600.75,231.698616620491,600.75
0.642451585227971,600.75,231.66558630772,600.75
0.642638499756443,600.75,231.632563389886,600.75
0.642825446761532,600.75,231.599547840116,600.75
0.64301242654374,600.75,231.566539606591,600.75
0.643199438703209,600.75,231.533538747749,600.75
0.643386483534364,600.75,231.500545220068,600.75
0.643573561272087,600.75,231.467558980774,600.75
0.643760671273495,600.75,231.434580128132,600.75
0.643947814107086,600.75,231.401608578206,600.75
0.644134989394382,600.75,231.368644383313,600.75
0.644322197481825,600.75,231.335687491043,600.75
0.644509438213639,600.75,231.302737920634,600.75
0.644696711537951,600.75,231.269795680798,600.75
0.64488401756044,600.75,231.236860754175,600.75
0.645071356074772,600.75,231.203933171106,600.75
0.645258727184079,600.75,231.171012916475,600.75
0.645446131085067,600.75,231.138099956227,600.75
0.645633567850314,600.75,231.105194274447,600.75
0.645821037290803,600.75,231.072295898727,600.75
0.646008539546739,600.75,231.039404807851,600.75
0.64619607452977,600.75,231.006521012941,600.75
0.646383641798694,600.75,230.973644584313,600.75
0.646571242025378,600.75,230.94077541954,600.75
0.646758874763804,600.75,230.90791357973,600.75
0.646946540303008,600.75,230.875059022657,600.75
0.647134238355791,600.75,230.842211789362,600.75
0.647321969362739,600.75,230.809371811803,600.75
0.647509733209481,600.75,230.776539101078,600.75
0.647697529906077,600.75,230.743713655232,600.75
0.64788535916324,600.75,230.710895519081,600.75
0.648073221220841,600.75,230.678084657133,600.75
0.648261116258166,600.75,230.645281036543,600.75
0.64844904383833,600.75,230.612484722725,600.75
0.648637003989676,600.75,230.579695715675,600.75
0.648824996948633,600.75,230.546913976643,600.75
0.649013022645297,600.75,230.514139512073,600.75
0.649201081359023,600.75,230.481372276782,600.75
0.649389172834567,600.75,230.44861230619,600.75
0.649577297057234,600.75,230.415859604481,600.75
0.649765454371714,600.75,230.383114116127,600.75
0.649953644046894,600.75,230.350375951176,600.75
0.650141866544211,600.75,230.317645044732,600.75
0.650330121889374,600.75,230.284921385971,600.75
0.650518410161982,600.75,230.252204959931,600.75
0.650706731583347,600.75,230.219495728971,600.75
0.650895085283104,600.75,230.186793826578,600.75
0.651083472379835,600.75,230.154099085941,600.75
0.651271892051627,600.75,230.121411621661,600.75
0.651460344807927,600.75,230.088731361591,600.75
0.651648830479949,600.75,230.056058325161,600.75
0.651837348523204,600.75,230.023392598905,600.75
0.65202589984816,600.75,229.990734045212,600.75
0.652214483598546,600.75,229.958082786339,600.75
0.652403100687733,600.75,229.925438687126,600.75
0.652591750726967,600.75,229.892801796189,600.75
0.652780433401369,600.75,229.860172166088,600.75
0.65296914903974,600.75,229.827549748435,600.75
0.653157897589419,600.75,229.794934546181,600.75
0.653346679193592,600.75,229.762326535674,600.75
0.653535493454435,600.75,229.729725776405,600.75
0.653724341202691,600.75,229.697132141358,600.75
0.653913221617525,600.75,229.664545747715,600.75
0.654102135332678,600.75,229.631966504468,600.75
0.654291081337925,600.75,229.59939456183,600.75
0.654480060605813,600.75,229.566829778428,600.75
0.654669072781272,600.75,229.534272196832,600.75
0.654858117935142,600.75,229.501721808119,600.75
0.65504719610136,600.75,229.469178605074,600.75
0.655236306992347,600.75,229.436642631065,600.75
0.655425451057613,600.75,229.404113818023,600.75
0.655614628307367,600.75,229.371592157271,600.75
0.655803838377337,600.75,229.339077703939,600.75
0.65599308165265,600.75,229.306570401208,600.75
0.656182357810775,600.75,229.274070293654,600.75
0.656371666810922,600.75,229.241577390263,600.75
0.656561008954635,600.75,229.209091643417,600.75
0.656750384362445,600.75,229.176613028871,600.75
0.656939792650778,600.75,229.144141603339,600.75
0.657129233590816,600.75,229.111677406396,600.75
0.657318708038494,600.75,229.079220306379,600.75
0.657508215330249,600.75,229.046770394525,600.75
0.657697755878601,600.75,229.0143276128,600.75
0.657887329443963,600.75,228.981891992642,600.75
0.658076935912563,600.75,228.949463553282,600.75
0.658266575604805,600.75,228.917042245193,600.75
0.658456248442805,600.75,228.88462807507,600.75
0.658645954229741,600.75,228.852221072953,600.75
0.658835693117606,600.75,228.819821216567,600.75
0.659025464885657,600.75,228.787428537284,600.75
0.659215270141609,600.75,228.755042941778,600.75
0.659405108405553,600.75,228.722664495647,600.75
0.659594979567845,600.75,228.690293220338,600.75
0.659784883983014,600.75,228.657929061424,600.75
0.659974821532492,600.75,228.625572031482,600.75
0.660164792265657,600.75,228.593222122621,600.75
0.66035479628979,600.75,228.56087931632,600.75
0.660544833081204,600.75,228.528543691274,600.75
0.660734903255024,600.75,228.496215157417,600.75
0.660925006602161,600.75,228.463893738405,600.75
0.661115143218075,600.75,228.431579420091,600.75
0.661305313025564,600.75,228.399272212138,600.75
0.661495515880681,600.75,228.366972136554,600.75
0.661685751781475,600.75,228.334679194389,600.75
0.661876020856916,600.75,228.302393364561,600.75
0.662066323408186,600.75,228.270114597315,600.75
0.662256658966465,600.75,228.237842959832,600.75
0.662447027855299,600.75,228.205578406519,600.75
0.662637430019111,600.75,228.173320941014,600.75
0.662827865298509,600.75,228.141070587064,600.75
0.663018333824711,600.75,228.108827325244,600.75
0.663208835575788,600.75,228.076591156139,600.75
0.663399370598172,600.75,228.044362071395,600.75
0.663589939015248,600.75,228.012140050037,600.75
0.663780540548751,600.75,227.979925132105,600.75
0.663971175502432,600.75,227.947717272909,600.75
0.664161843578508,600.75,227.915516513517,600.75
0.664352545179451,600.75,227.883322794053,600.75
0.664543279722235,600.75,227.851136198287,600.75
0.664734047721979,600.75,227.818956652652,600.75
0.664924849120633,600.75,227.786784158751,600.75
0.665115683511161,600.75,227.75461877818,600.75
0.665306551410522,600.75,227.722460435393,600.75
0.66549745240638,600.75,227.690309186368,600.75
0.665688386987257,600.75,227.65816495934,600.75
0.665879355173417,600.75,227.626027743966,600.75
0.666070356247827,600.75,227.593897648465,600.75
0.666261390930612,600.75,227.561774570181,600.75
0.666452458868903,600.75,227.529658553606,600.75
0.666643560154205,600.75,227.497549587116,600.75
0.666834694336115,600.75,227.465447737874,600.75
0.667025862346459,600.75,227.433352867255,600.75
0.66721706363929,600.75,227.401265046149,600.75
0.667408298364783,600.75,227.369184256166,600.75
0.667599566460729,600.75,227.337110504293,600.75
0.667790867751947,600.75,227.305043816816,600.75
0.667982202406113,600.75,227.272984169121,600.75
0.668173570593939,600.75,227.240931531792,600.75
0.668364972389325,600.75,227.208885889763,600.75
0.668556407131274,600.75,227.176847341823,600.75
0.668747875619778,600.75,227.144815772747,600.75
0.668939377540043,600.75,227.11279121988,600.75
0.66913091297538,600.75,227.080773672291,600.75
0.669322482109869,600.75,227.04876309984,600.75
0.669514084301378,600.75,227.016759596998,600.75
0.669705719959133,600.75,226.984763108096,600.75
0.669897389093809,600.75,226.952773625749,600.75
0.670089091749186,600.75,226.920791141341,600.75
0.670280827572984,600.75,226.888815706763,600.75
0.670472597135665,600.75,226.8568472382,600.75
0.670664399831399,600.75,226.824885819867,600.75
0.670856236086687,600.75,226.792931392576,600.75
0.671048106004495,600.75,226.760983934576,600.75
0.671240009264061,600.75,226.729043491629,600.75
0.671431946357458,600.75,226.697109991499,600.75
0.671623916980576,600.75,226.665183473305,600.75
0.671815921003075,600.75,226.633263958972,600.75
0.672007958630186,600.75,226.601351418092,600.75
0.672200029687122,600.75,226.569445873555,600.75
0.672392134206553,600.75,226.537547321126,600.75
0.672584272345969,600.75,226.50565573539,600.75
0.672776443831451,600.75,226.473771154643,600.75
0.67296864901209,600.75,226.441893527911,600.75
0.673160887649282,600.75,226.410022886012,600.75
0.673353160018148,600.75,226.378159188559,600.75
0.67354546601893,600.75,226.346302446186,600.75
0.67373780557094,600.75,226.314452670833,600.75
0.67393017884859,600.75,226.282609835974,600.75
0.674122585615586,600.75,226.250773974067,600.75
0.674315026033843,600.75,226.218945062152,600.75
0.674507499598015,600.75,226.187123173746,600.75
0.674700006970794,600.75,226.155308213538,600.75
0.674892547951529,600.75,226.123500202771,600.75
0.675085122450696,600.75,226.091699155448,600.75
0.675277730809501,600.75,226.059905020071,600.75
0.675470373049853,600.75,226.028117787862,600.75
0.675663048842259,600.75,225.996337506674,600.75
0.675855758005634,600.75,225.964564206817,600.75
0.676048501060572,600.75,225.932797811198,600.75
0.676241277745639,600.75,225.901038351648,600.75
0.676434088016032,600.75,225.869285836338,600.75
0.676626932082671,600.75,225.837540233083,600.75
0.676819809786917,600.75,225.805801561961,600.75
0.67701272101208,600.75,225.774069841071,600.75
0.677205666070833,600.75,225.742345023734,600.75
0.677398644867549,600.75,225.710627119296,600.75
0.677591657427681,600.75,225.678916123499,600.75
0.677784703538429,600.75,225.647212066924,600.75
0.677977783533385,600.75,225.615514900829,600.75
0.678170897275948,600.75,225.583824640572,600.75
0.678364045013289,600.75,225.552141249071,600.75
0.67855722591029,600.75,225.520464847647,600.75
0.678750440678131,600.75,225.488795338493,600.75
0.678943689093744,600.75,225.457132745928,600.75
0.679136971546334,600.75,225.42547701221,600.75
0.679330287812726,600.75,225.3938281649,600.75
0.679523637651429,600.75,225.362186241348,600.75
0.679717021216497,600.75,225.330551220553,600.75
0.679910438531365,600.75,225.298923096163,600.75
0.680103889459074,600.75,225.267301886977,600.75
0.68029737463102,600.75,225.235687498839,600.75
0.680490893387204,600.75,225.204080021579,600.75
0.680684446000199,600.75,225.172479420679,600.75
0.680878032271255,600.75,225.140885722053,600.75
0.681071652764705,600.75,225.109298842262,600.75
0.681265306764805,600.75,225.077718880252,600.75
0.681458994508115,600.75,225.046145807718,600.75
0.681652716119574,600.75,225.01457960268,600.75
0.681846472095673,600.75,224.98302018793,600.75
0.682040261855044,600.75,224.951467642651,600.75
0.682234085298771,600.75,224.919921987052,600.75
0.682427942337017,600.75,224.888383235305,600.75
0.682621833586665,600.75,224.856851295475,600.75
0.682815758616707,600.75,224.825326222989,600.75
0.683009717210143,600.75,224.793808053549,600.75
0.683203710063134,600.75,224.762296685428,600.75
0.683397736599823,600.75,224.730792194798,600.75
0.683591797312533,600.75,224.69929451344,600.75
0.683785891516148,600.75,224.667803736658,600.75
0.683980020065333,600.75,224.636319744046,600.75
0.6841741824708,600.75,224.604842597357,600.75
0.684368378543189,600.75,224.573372328577,600.75
0.684562608982325,600.75,224.541908835418,600.75
0.684756873298821,600.75,224.510452180964,600.75
0.684951171456432,600.75,224.479002374591,600.75
0.685145503461627,600.75,224.44755941516,600.75
0.685339869634886,600.75,224.416123253913,600.75
0.685534269697516,600.75,224.384693926993,600.75
0.685728703576375,600.75,224.35327144707,600.75
0.685923171368222,600.75,224.321855799828,600.75
0.686117673564019,600.75,224.290446910222,600.75
0.686312209617951,600.75,224.259044851701,600.75
0.686506779548583,600.75,224.227649626432,600.75
0.686701383817236,600.75,224.196261165379,600.75
0.686896021923392,600.75,224.164879535735,600.75
0.687090694057968,600.75,224.133504713646,600.75
0.687285400119969,600.75,224.102136711092,600.75
0.687480140184194,600.75,224.07077551685,600.75
0.687674914360225,600.75,224.039421112707,600.75
0.687869722825492,600.75,224.008073469816,600.75
0.688064565034993,600.75,223.976732665115,600.75
0.688259441107767,600.75,223.945398686308,600.75
0.688454351339751,600.75,223.914071487743,600.75
0.688649295764114,600.75,223.88275105957,600.75
0.688844274540635,600.75,223.851437376233,600.75
0.68903928691331,600.75,223.820130545932,600.75
0.689234333635795,600.75,223.788830465524,600.75
0.689429414533386,600.75,223.757537151268,600.75
0.689624529324453,600.75,223.726250644664,600.75
0.689819678317046,600.75,223.694970902788,600.75
0.690014861714683,600.75,223.663697891128,600.75
0.69021007902111,600.75,223.632431678616,600.75
0.690405330702321,600.75,223.601172201354,600.75
0.690600616337788,600.75,223.569919514887,600.75
0.690795936153653,600.75,223.538673589393,600.75
0.690991290116883,600.75,223.507434426268,600.75
0.691186678149765,600.75,223.476202035873,600.75
0.691382100457543,600.75,223.444976387867,600.75
0.691577556622124,600.75,223.413757539979,600.75
0.691773047294362,600.75,223.382545400417,600.75
0.691968572078559,600.75,223.35134001859,600.75
0.692164131288036,600.75,223.320141351435,600.75
0.692359724658569,600.75,223.28894943313,600.75
0.692555352256281,600.75,223.257764255679,600.75
0.692751013606762,600.75,223.226585886838,600.75
0.692946709364842,600.75,223.195414235295,600.75
0.693142439259819,600.75,223.164249332096,600.75
0.693338203717805,600.75,223.133091116233,600.75
0.693534002093284,600.75,223.101939675998,600.75
0.693729834842815,600.75,223.070794950811,600.75
0.693925701808044,600.75,223.03965695789,600.75
0.694121603269649,600.75,223.00852565648,600.75
0.694317538716137,600.75,222.977401116824,600.75
0.694513508489512,600.75,222.946283293686,600.75
0.694709512688869,600.75,222.915172167943,600.75
0.694905551101287,600.75,222.884067767877,600.75
0.695101623837862,600.75,222.852970078538,600.75
0.695297730897293,600.75,222.821879097871,600.75
0.695493872227851,600.75,222.790794832136,600.75
0.695690047925171,600.75,222.759717266856,600.75
0.695886257889836,600.75,222.728646414242,600.75
0.696082501808554,600.75,222.697582319756,600.75
0.696278780525866,600.75,222.666524863296,600.75
0.696475093477816,600.75,222.635474115939,600.75
0.696671440404343,600.75,222.604430120012,600.75
0.696867821811458,600.75,222.573392804593,600.75
0.697064237814241,600.75,222.542362146127,600.75
0.697260688266991,600.75,222.511338162612,600.75
0.697457172965739,600.75,222.480320884042,600.75
0.697653692001903,600.75,222.449310298621,600.75
0.697850245809093,600.75,222.418306341517,600.75
0.698046833897667,600.75,222.387309077277,600.75
0.6982434564678,600.75,222.356318481037,600.75
0.698440113146032,600.75,222.32533460392,600.75
0.698636804228849,600.75,222.29435740607,600.75
0.698833529980274,600.75,222.263386845028,600.75
0.699030289679023,600.75,222.232423020477,600.75
0.699227083853598,600.75,222.201465863018,600.75
0.69942391262954,600.75,222.170515347935,600.75
0.699620775994851,600.75,222.139571473718,600.75
0.699817673649653,600.75,222.108634282473,600.75
0.70001460580151,600.75,222.077703746643,600.75
0.700211572748889,600.75,222.046779819928,600.75
0.700408573917967,600.75,222.015862580221,600.75
0.700605609729161,600.75,221.984951972137,600.75
0.700802680037084,600.75,221.954048011216,600.75
0.700999784908643,600.75,221.923150687916,600.75
0.701196923809693,600.75,221.892260077392,600.75
0.701394097280247,600.75,221.86137610692,600.75
0.701591305545323,600.75,221.830498737224,600.75
0.701788548423747,600.75,221.799627989956,600.75
0.701985825795939,600.75,221.768763882993,600.75
0.702183137440396,600.75,221.73790644867,600.75
0.702380484103847,600.75,221.707055581266,600.75
0.702577864790795,600.75,221.676211414209,600.75
0.702775280102817,600.75,221.645373870699,600.75
0.702972730250995,600.75,221.614542913373,600.75
0.703170214972588,600.75,221.583718575683,600.75
0.703367734170067,600.75,221.552900873255,600.75
0.7035652882442,600.75,221.52208974892,600.75
0.703762876554785,600.75,221.491285288808,600.75
0.703960499670761,600.75,221.460487417223,600.75
0.704158156926506,600.75,221.429696222489,600.75
0.704355849180712,600.75,221.39891158758,600.75
0.704553576051788,600.75,221.36813355673,600.75
0.704751337401392,600.75,221.337362152062,600.75
0.704949133244175,600.75,221.306597372342,600.75
0.705146964162386,600.75,221.275839133189,600.75
0.705344829554296,600.75,221.245087512727,600.75
0.70554272958273,600.75,221.214342492846,600.75
0.705740664275261,600.75,221.183604067268,600.75
0.705938633492475,600.75,221.152872254303,600.75
0.70613663733628,600.75,221.122147039822,600.75
0.706334676001207,600.75,221.0914283939,600.75
0.706532749341691,600.75,221.060716333803,600.75
0.70673085736065,600.75,221.030010859427,600.75
0.706929000172206,600.75,220.999311953507,600.75
0.70712717769392,600.75,220.968619625362,600.75
0.707325389870362,600.75,220.937933882578,600.75
0.707523636869524,600.75,220.90725470084,600.75
0.707721918477048,600.75,220.876582107669,600.75
0.707920234970484,600.75,220.845916064719,600.75
0.708118586366832,600.75,220.815256565497,600.75
0.708316972244445,600.75,220.784603668332,600.75
0.708515392817699,600.75,220.753957346435,600.75
0.708713848216465,600.75,220.723317578257,600.75
0.708912338599255,600.75,220.692684338435,600.75
0.709110863211238,600.75,220.662057731021,600.75
0.709309422900622,600.75,220.631437642953,600.75
0.709508017416171,600.75,220.600824099906,600.75
0.709706646937582,600.75,220.57021707721,600.75
0.709905311158349,600.75,220.539616615388,600.75
0.710104009973321,600.75,220.509022731554,600.75
0.710302743947381,600.75,220.478435346116,600.75
0.710501512339874,600.75,220.447854556538,600.75
0.710700315681393,600.75,220.417280294368,600.75
0.710899153894456,600.75,220.386712564218,600.75
0.711098026972059,600.75,220.356151366274,600.75
0.711296934822803,600.75,220.325596712472,600.75
0.711495877625802,600.75,220.295048577438,600.75
0.71169485533934,600.75,220.264506964027,600.75
0.711893867777715,600.75,220.233971897634,600.75
0.712092915233695,600.75,220.20344333795,600.75
0.712291997627806,600.75,220.172921291983,600.75
0.712491114992857,600.75,220.142405754573,600.75
0.712690266876157,600.75,220.111896788167,600.75
0.71288945387805,600.75,220.081394312096,600.75
0.713088675954297,600.75,220.050898325208,600.75
0.713287932835537,600.75,220.020408864181,600.75
0.713487224768418,600.75,219.989925896228,600.75
0.713686551418615,600.75,219.959449464855,600.75
0.713885913094865,600.75,219.928979529008,600.75
0.714085309627519,600.75,219.898516108327,600.75
0.714284741100907,600.75,219.868059191412,600.75
0.71448420762477,600.75,219.837608760944,600.75
0.714683708946139,600.75,219.807164850049,600.75
0.714883245653798,600.75,219.776727377619,600.75
0.715082817158803,600.75,219.74629641894,600.75
0.715282423666369,600.75,219.715871950074,600.75
0.715482065056869,600.75,219.685453985045,600.75
0.715681741474811,600.75,219.655042503627,600.75
0.715881452836398,600.75,219.624637514957,600.75
0.716081199524487,600.75,219.594238965043,600.75
0.716280980900962,600.75,219.563846938006,600.75
0.71648079725499,600.75,219.533461398953,600.75
0.716680648992084,600.75,219.503082287467,600.75
0.716880535595595,600.75,219.472709669956,600.75
0.717080457358335,600.75,219.442343509641,600.75
0.717280414305941,600.75,219.41198379915,600.75
0.717480406273232,600.75,219.38163055992,600.75
0.717680433188879,600.75,219.351283802624,600.75
0.71788049515887,600.75,219.320943512342,600.75
0.718080592661286,600.75,219.290609620114,600.75
0.718280725043049,600.75,219.26028221061,600.75
0.71848089245267,600.75,219.229961268732,600.75
0.718681095090024,600.75,219.19964676457,600.75
0.718881332571947,600.75,219.169338748132,600.75
0.719081605020996,600.75,219.139037205232,600.75
0.719281912739952,600.75,219.108742091616,600.75
0.719482255764173,600.75,219.078453397788,600.75
0.719682633660863,600.75,219.048171182189,600.75
0.719883046934844,600.75,219.017895378186,600.75
0.720083495281899,600.75,218.987626021947,600.75
0.720283979043925,600.75,218.957363067654,600.75
0.720484497667617,600.75,218.927106587712,600.75
0.720685051530252,600.75,218.896856534338,600.75
0.720885640692434,600.75,218.866612894462,600.75
0.721086264925153,600.75,218.83637569776,600.75
0.721286924654581,600.75,218.806144886395,600.75
0.721487619609177,600.75,218.775920492562,600.75
0.721688349770207,600.75,218.745702520327,600.75
0.721889114872933,600.75,218.715491005828,600.75
0.72208991574692,600.75,218.685285835906,600.75
0.722290751736707,600.75,218.655087091538,600.75
0.722491622461299,600.75,218.624894830726,600.75
0.722692528659015,600.75,218.594708954964,600.75
0.722893470208497,600.75,218.564529472348,600.75
0.723094446966687,600.75,218.534356402119,600.75
0.723295458982334,600.75,218.504189738103,600.75
0.723496506572426,600.75,218.474029435033,600.75
0.723697589377373,600.75,218.443875538065,600.75
0.723898707567591,600.75,218.413728026163,600.75
0.724099860627454,600.75,218.383586968026,600.75
0.724301049209745,600.75,218.353452277876,600.75
0.724502273024776,600.75,218.323323988064,600.75
0.724703532147212,600.75,218.293202089665,600.75
0.724904826772122,600.75,218.263086554155,600.75
0.725106156598302,600.75,218.232977419833,600.75
0.725307522133043,600.75,218.202874618758,600.75
0.725508922776957,600.75,218.172778227295,600.75
0.725710358713174,600.75,218.14268822513,600.75
0.72591182991316,600.75,218.112604613765,600.75
0.726113336970904,600.75,218.082527310505,600.75
0.726314878906076,600.75,218.052456442777,600.75
0.726516456236184,600.75,218.022391948284,600.75
0.726718069197422,600.75,217.99233378892,600.75
0.726919717601541,600.75,217.962281986445,600.75
0.727121401464723,600.75,217.932236539319,600.75
0.727323120805725,600.75,217.902197443945,600.75
0.727524875461429,600.75,217.872164721475,600.75
0.7277266654503,600.75,217.842138370056,600.75
0.727928490988132,600.75,217.812118358991,600.75
0.728130352078994,600.75,217.782104684324,600.75
0.728332248488053,600.75,217.75209737692,600.75
0.728534180279751,600.75,217.722096429397,600.75
0.728736147580541,600.75,217.692101822936,600.75
0.728938150519233,600.75,217.662113537423,600.75
0.729140189001748,600.75,217.632131583164,600.75
0.729342262737984,600.75,217.602155999686,600.75
0.729544372141335,600.75,217.572186732586,600.75
0.729746516948694,600.75,217.542223812694,600.75
0.72994869725639,600.75,217.51226722817,600.75
0.73015091310626,600.75,217.482316971467,600.75
0.730353164472171,600.75,217.452373044571,600.75
0.730555451490257,600.75,217.422435428072,600.75
0.730757774148905,600.75,217.392504121088,600.75
0.730960132052261,600.75,217.362579176584,600.75
0.731162525379174,600.75,217.332660573336,600.75
0.731364954257478,600.75,217.302748291367,600.75
0.731567419160574,600.75,217.272842263551,600.75
0.731769919296723,600.75,217.242942591549,600.75
0.731972455126869,600.75,217.213049219441,600.75
0.732175026577707,600.75,217.183162152101,600.75
0.732377633645102,600.75,217.153281389395,600.75
0.732580276418984,600.75,217.123406918137,600.75
0.732782954815311,600.75,217.093538747789,600.75
0.732985668703134,600.75,217.06367689592,600.75
0.733188418395315,600.75,217.03382132044,600.75
0.733391203888775,600.75,217.00397201757,600.75
0.733594024655705,600.75,216.974129057681,600.75
0.733796881390152,600.75,216.944292351059,600.75
0.733999773649608,600.75,216.914461949971,600.75
0.734202701436926,600.75,216.884637856952,600.75
0.734405665020211,600.75,216.854820034991,600.75
0.734608664547199,600.75,216.825008460225,600.75
0.734811699499916,600.75,216.79520319999,600.75
0.73501477016555,600.75,216.765404219631,600.75
0.735217876371397,600.75,216.735611539025,600.75
0.735421018515637,600.75,216.705825104768,600.75
0.735624196655618,600.75,216.676044904044,600.75
0.735827409903756,600.75,216.646271054906,600.75
0.736030659249849,600.75,216.616503431691,600.75
0.736233943943738,600.75,216.586742125341,600.75
0.736437265034612,600.75,216.556986999892,600.75
0.736640621766397,600.75,216.527238146213,600.75
0.736844014414791,600.75,216.497495532929,600.75
0.73704744231649,600.75,216.467759246433,600.75
0.737250906125778,600.75,216.438029204093,600.75
0.737454405696644,600.75,216.408305418406,600.75
0.737657941261072,600.75,216.378587857922,600.75
0.737861512899572,600.75,216.348876508463,600.75
0.738065120307036,600.75,216.319171409081,600.75
0.738268763273737,600.75,216.289472590117,600.75
0.738472442133492,600.75,216.259780008107,600.75
0.738676156453725,600.75,216.230093717015,600.75
0.738879906848055,600.75,216.200413637376,600.75
0.739083692997393,600.75,216.17073980513,600.75
0.739287515207338,600.75,216.141072180858,600.75
0.739491372999104,600.75,216.111410825032,600.75
0.739695266922673,600.75,216.081755667409,600.75
0.739899196802908,600.75,216.052106725292,600.75
0.740103162690052,600.75,216.022463992211,600.75
0.740307164208346,600.75,215.992827517234,600.75
0.740511201440864,600.75,215.963197292051,600.75
0.74071527488632,600.75,215.933573248276,600.75
0.740919384360966,600.75,215.903955404315,600.75
0.741123529413556,600.75,215.874343821013,600.75
0.741327710929398,600.75,215.844738383568,600.75
0.741531928236749,600.75,215.815139172322,600.75
0.741736181006852,600.75,215.785546236314,600.75
0.741940470268825,600.75,215.755959440822,600.75
0.742144795202109,600.75,215.726378884418,600.75
0.74234915613394,600.75,215.696804529706,600.75
0.742553553047862,600.75,215.667236375301,600.75
0.74275798600036,600.75,215.637674412538,600.75
0.74296245502117,600.75,215.608118635858,600.75
0.743166960142504,600.75,215.578569039607,600.75
0.743371501370473,600.75,215.549025621621,600.75
0.743576078773074,600.75,215.519488371754,600.75
0.743780691488159,600.75,215.489957403327,600.75
0.743985340307477,600.75,215.460432618479,600.75
0.744190025489035,600.75,215.430913974581,600.75
0.744394746862448,600.75,215.401401489932,600.75
0.744599503716935,600.75,215.371895259644,600.75
0.744804296855776,600.75,215.342395183162,600.75
0.745009126260044,600.75,215.312901254567,600.75
0.745213991830252,600.75,215.283413485518,600.75
0.745418893052352,600.75,215.253931944388,600.75
0.745623830397084,600.75,215.224456572919,600.75
0.745828803896366,600.75,215.194987361612,600.75
0.746033813650164,600.75,215.165524295403,600.75
0.746238859418464,600.75,215.136067404106,600.75
0.746443941654825,600.75,215.106616628854,600.75
0.746649059779719,600.75,215.077172041245,600.75
0.746854213771012,600.75,215.047733648657,600.75
0.747059404595924,600.75,215.018301322597,600.75
0.747264631361728,600.75,214.988875170732,600.75
0.747469894342217,600.75,214.959455163846,600.75
0.74767519350363,600.75,214.930041303523,600.75
0.747880528730486,600.75,214.900633604208,600.75
0.748085900556252,600.75,214.871231995465,600.75
0.748291308119395,600.75,214.841836585081,600.75
0.748496751854911,600.75,214.812447322662,600.75
0.748702231753381,600.75,214.783064204915,600.75
0.748907747889783,600.75,214.753687220633,600.75
0.749113300544754,600.75,214.724316330962,600.75
0.749318888960101,600.75,214.6949516322,600.75
0.749524514212128,600.75,214.665592988558,600.75
0.749730175753813,600.75,214.636240461245,600.75
0.749935873053793,600.75,214.606894123878,600.75
0.750141606541581,600.75,214.577553924618,600.75
0.750347376468896,600.75,214.548219825543,600.75
0.750553182985774,600.75,214.518891802965,600.75
0.750759025416759,600.75,214.489569943142,600.75
0.750964904149591,600.75,214.460254200616,600.75
0.751170819371158,600.75,214.430944546601,600.75
0.751376770683352,600.75,214.401641030318,600.75
0.751582758310729,600.75,214.372343624995,600.75
0.751788782485184,600.75,214.343052297306,600.75
0.751994842870349,600.75,214.313767088007,600.75
0.752200939646748,600.75,214.284487975508,600.75
0.752407072960064,600.75,214.255214938236,600.75
0.752613242481743,600.75,214.225948016785,600.75
0.752819448409248,600.75,214.196687187375,600.75
0.753025691076317,600.75,214.167432403601,600.75
0.753231969709116,600.75,214.138183762563,600.75
0.753438284405319,600.75,214.108941257804,600.75
0.753644635628197,600.75,214.07970482737,600.75
0.753851023648582,600.75,214.050474430142,600.75
0.754057448005437,600.75,214.021250122418,600.75
0.754263909096885,600.75,213.992031855382,600.75
0.75447040645033,600.75,213.962819686497,600.75
0.754676939769763,600.75,213.933613657861,600.75
0.75488350965091,600.75,213.904413693914,600.75
0.755090116116071,600.75,213.875219785201,600.75
0.755296758879622,600.75,213.846031967294,600.75
0.75550343803423,600.75,213.816850229867,600.75
0.755710154274249,600.75,213.787674480625,600.75
0.755916906574898,600.75,213.758504845573,600.75
0.756123695553109,600.75,213.729341252609,600.75
0.756330520859134,600.75,213.700183741342,600.75
0.756537382444396,600.75,213.67103232004,600.75
0.75674428083291,600.75,213.641886920171,600.75
0.756951216170437,600.75,213.612747516718,600.75
0.75715818745662,600.75,213.583614237174,600.75
0.757365195830893,600.75,213.554486941785,600.75
0.75757224028542,600.75,213.525365750692,600.75
0.757779321570816,600.75,213.496250574026,600.75
0.757986439166716,600.75,213.467141472128,600.75
0.758193593407127,600.75,213.438038405004,600.75
0.758400784420118,600.75,213.408941352246,600.75
0.758608011941364,600.75,213.379850345737,600.75
0.75881527601811,600.75,213.350765380827,600.75
0.759022576477164,600.75,213.32168647886,600.75
0.759229913488843,600.75,213.292613618419,600.75
0.759437287427954,600.75,213.263546748397,600.75
0.759644697587681,600.75,213.234485955765,600.75
0.759852144500028,600.75,213.205431177053,600.75
0.76005962843998,600.75,213.176382371171,600.75
0.760267148872318,600.75,213.147339603432,600.75
0.760474705973782,600.75,213.118302854902,600.75
0.760682299529266,600.75,213.089272151305,600.75
0.760889929741006,600.75,213.060247467455,600.75
0.761097597100364,600.75,213.031228737044,600.75
0.761305300548431,600.75,213.002216091219,600.75
0.761513041485289,600.75,212.973209357701,600.75
0.76172081871731,600.75,212.944208677389,600.75
0.761928632595581,600.75,212.915214014211,600.75
0.762136483088878,600.75,212.886225368939,600.75
0.762344370073061,600.75,212.85724275669,600.75
0.762552294302118,600.75,212.828266080362,600.75
0.762760254696533,600.75,212.799295471209,600.75
0.762968252558109,600.75,212.770330770008,600.75
0.763176287048654,600.75,212.74137207244,600.75
0.763384358230463,600.75,212.712419376438,600.75
0.763592466166327,600.75,212.683472673119,600.75
0.763800611009878,600.75,212.654531941161,600.75
0.764008792765381,600.75,212.625597177554,600.75
0.764217011021398,600.75,212.596668434151,600.75
0.764425266179582,600.75,212.567745662256,600.75
0.764633558394913,600.75,212.538828837559,600.75
0.764841886849026,600.75,212.509918062533,600.75
0.76505025227917,600.75,212.481013249099,600.75
0.765258655080496,600.75,212.452114339284,600.75
0.765467094082212,600.75,212.423221478153,600.75
0.765675569958326,600.75,212.394334588961,600.75
0.765884083185991,600.75,212.365453604201,600.75
0.766092632928782,600.75,212.336578625188,600.75
0.766301219782441,600.75,212.307709582044,600.75
0.766509843371404,600.75,212.278846517127,600.75
0.766718504246119,600.75,212.249989362023,600.75
0.766927201624661,600.75,212.221138211121,600.75
0.767135936231044,600.75,212.192292977683,600.75
0.767344707811236,600.75,212.163453687179,600.75
0.767553515902264,600.75,212.13462039973,600.75
0.767762361381794,600.75,212.105793006691,600.75
0.767971243247655,600.75,212.076971627483,600.75
0.768180162303637,600.75,212.04815616707,600.75
0.768389118592203,600.75,212.019346612405,600.75
0.768598111772838,600.75,211.990543005004,600.75
0.76880714171519,600.75,211.961745363741,600.75
0.769016208908618,600.75,211.93295362678,600.75
0.769225312937362,600.75,211.904167841811,600.75
0.769434453496534,600.75,211.87538805028,600.75
0.76964363164142,600.75,211.846614119889,600.75
0.769852846602113,600.75,211.817846138279,600.75
0.770062098692626,600.75,211.789084070789,600.75
0.770271387888468,600.75,211.76032791736,600.75
0.770480714273856,600.75,211.731577666365,600.75
0.770690077519168,600.75,211.702833358096,600.75
0.770899477590331,600.75,211.674094998998,600.75
0.771108915025477,600.75,211.645362520316,600.75
0.771318389815422,600.75,211.616635917332,600.75
0.771527901466634,600.75,211.587915251495,600.75
0.771737450102632,600.75,211.559200510807,600.75
0.77194703604352,600.75,211.530491653016,600.75
0.772156659180115,600.75,211.50178868802,600.75
0.772366319311571,600.75,211.473091641137,600.75
0.772576016357668,600.75,211.444400523607,600.75
0.772785751167888,600.75,211.415715227706,600.75
0.772995522673237,600.75,211.387035880298,600.75
0.773205331368984,600.75,211.358362426864,600.75
0.773415177138589,600.75,211.329694877612,600.75
0.773625059739847,600.75,211.301033263,600.75
0.773834979899107,600.75,211.272377492454,600.75
0.774044936794657,600.75,211.24372766258,600.75
0.774254931199658,600.75,211.215083681598,600.75
0.774464962932726,600.75,211.186445565122,600.75
0.774675032300986,600.75,211.157813274473,600.75
0.774885139352658,600.75,211.129186800004,600.75
0.775095282976233,600.75,211.100566280632,600.75
0.775305463526815,600.75,211.071951680831,600.75
0.77551568195162,600.75,211.043342877825,600.75
0.775725936773424,600.75,211.014740048172,600.75
0.775936229618401,600.75,210.986142998484,600.75
0.776146559626356,600.75,210.957551822706,600.75
0.776356926516477,600.75,210.928966561891,600.75
0.776567330887295,600.75,210.90038714298,600.75
0.776777772875008,600.75,210.871813542738,600.75
0.776988252139388,600.75,210.843245801375,600.75
0.777198768818077,600.75,210.814683903668,600.75
0.777409322640829,600.75,210.786127881815,600.75
0.777619913593653,600.75,210.757577739071,600.75
0.777830541747117,600.75,210.729033466024,600.75
0.778041207706463,600.75,210.700494985058,600.75
0.778251910963331,600.75,210.671962353594,600.75
0.778462651425813,600.75,210.643435586411,600.75
0.778673429385204,600.75,210.614914647326,600.75
0.778884244680624,600.75,210.586399553128,600.75
0.779095097269789,600.75,210.557890309453,600.75
0.779305986887548,600.75,210.529386949197,600.75
0.779516914093952,600.75,210.500889403685,600.75
0.779727879040961,600.75,210.472397648124,600.75
0.779938880603844,600.75,210.44391182073,600.75
0.780149919914239,600.75,210.415431788897,600.75
0.78036099708499,600.75,210.386957528343,600.75
0.780572111495643,600.75,210.358489113918,600.75
0.780783263305621,600.75,210.330026530283,600.75
0.780994452584076,600.75,210.301569767042,600.75
0.781205679698181,600.75,210.273118776687,600.75
0.78141694414402,600.75,210.244673617966,600.75
0.781628246066792,600.75,210.216234276113,600.75
0.78183958543986,600.75,210.187800752718,600.75
0.782050962111713,600.75,210.159373065972,600.75
0.782262376575655,600.75,210.130951154797,600.75
0.782473828441318,600.75,210.102535062731,600.75
0.782685318144508,600.75,210.074124737641,600.75
0.782896845039888,600.75,210.04572025555,600.75
0.783108409802546,600.75,210.0173215369,600.75
0.783320012005799,600.75,209.988928628487,600.75
0.783531652100549,600.75,209.960541476565,600.75
0.783743329494369,600.75,209.932160150359,600.75
0.783955044557122,600.75,209.903784607922,600.75
0.784166796976185,600.75,209.875414884479,600.75
0.784378586618178,600.75,209.84705099825,600.75
0.78459041396046,600.75,209.818692890432,600.75
0.784802279309889,600.75,209.790340517865,600.75
0.785014182467925,600.75,209.761993901218,600.75
0.785226122963674,600.75,209.733653099644,600.75
0.78543810122689,600.75,209.705318063322,600.75
0.785650117338624,600.75,209.676988777945,600.75
0.78586217155256,600.75,209.648665210133,600.75
0.786074262748235,600.75,209.620347495687,600.75
0.786286391970776,600.75,209.592035513936,600.75
0.786498558704316,600.75,209.563729319634,600.75
0.786710762880039,600.75,209.535428924179,600.75
0.786923004973461,600.75,209.507134268807,600.75
0.787135284754105,600.75,209.478845377066,600.75
0.787347602168957,600.75,209.450562256304,600.75
0.787559957072382,600.75,209.422284924338,600.75
0.787772350229025,600.75,209.394013287097,600.75
0.78798478121533,600.75,209.365747389479,600.75
0.788197249739705,600.75,209.337487269801,600.75
0.788409755778421,600.75,209.309232933073,600.75
0.788622299678216,600.75,209.280984336109,600.75
0.788834881365424,600.75,209.252741484118,600.75
0.789047501340908,600.75,209.224504314792,600.75
0.789260158618228,600.75,209.196272944645,600.75
0.789472854070757,600.75,209.168047273412,600.75
0.789685587388132,600.75,209.139827331669,600.75
0.78989835835783,600.75,209.11161314682,600.75
0.790111166900361,600.75,209.08340472991,600.75
0.790324013429666,600.75,209.055202030009,600.75
0.790536897477349,600.75,209.02700510037,600.75
0.790749819235569,600.75,208.99881392024,600.75
0.790962779768513,600.75,208.97062835655,600.75
0.791175777799241,600.75,208.942448556062,600.75
0.791388813992023,600.75,208.914274446587,600.75
0.791601887977494,600.75,208.886106067948,600.75
0.791814999645734,600.75,208.857943435568,600.75
0.79202814902585,600.75,208.82978654627,600.75
0.792241336908486,600.75,208.801635302005,600.75
0.792454562099055,600.75,208.773489841617,600.75
0.79266782586144,600.75,208.745350018982,600.75
0.792881127650308,600.75,208.71721589013,600.75
0.793094467062872,600.75,208.68908750738,600.75
0.793307844684777,600.75,208.660964802058,600.75
0.793521260271329,600.75,208.632847798604,600.75
0.793734713457187,600.75,208.60473654258,600.75
0.793948204587254,600.75,208.576630994275,600.75
0.794161733869286,600.75,208.54853112475,600.75
0.794375301365246,600.75,208.520436923522,600.75
0.794588906867975,600.75,208.492348414385,600.75
0.794802550063012,600.75,208.464265636709,600.75
0.795016231784256,600.75,208.436188490684,600.75
0.795229950905694,600.75,208.408117106099,600.75
0.795443708637596,600.75,208.380051343395,600.75
0.795657504791427,600.75,208.351991215235,600.75
0.795871338500422,600.75,208.323936827264,600.75
0.796085210662068,600.75,208.295888076789,600.75
0.796299120268628,600.75,208.267845078886,600.75
0.796513068444102,600.75,208.239807703689,600.75
0.796727054808009,600.75,208.211775987861,600.75
0.796941079282679,600.75,208.183749942444,600.75
0.797155141656422,600.75,208.155729593349,600.75
0.797369242616815,600.75,208.127714857991,600.75
0.797583381620791,600.75,208.099705795933,600.75
0.797797558657734,600.75,208.071702411766,600.75
0.798011773981817,600.75,208.043704674295,600.75
0.798226027596285,600.75,208.015712580187,600.75
0.79844031875519,600.75,207.987726219029,600.75
0.798654648360873,600.75,207.959745486763,600.75
0.798869016085792,600.75,207.931770415242,600.75
0.799083422092219,600.75,207.903800986037,600.75
0.79929786646037,600.75,207.875837187457,600.75
0.799512348673019,600.75,207.847879080645,600.75
0.799726869701629,600.75,207.819926551361,600.75
0.799941428723265,600.75,207.79197969071,600.75
0.800156026046956,600.75,207.764038466694,600.75
0.800370661381557,600.75,207.736102911786,600.75
0.800585334988864,600.75,207.708172995745,600.75
0.800800046837491,600.75,207.680248719558,600.75
0.801014797545291,600.75,207.652330007739,600.75
0.801229586237681,600.75,207.624416960058,600.75
0.801444412943461,600.75,207.596509579167,600.75
0.80165927839452,600.75,207.568607776269,600.75
0.801874181943292,600.75,207.540711622628,600.75
0.802089124441818,600.75,207.512821019437,600.75
0.802304104755908,600.75,207.484936096147,600.75
0.802519123572849,600.75,207.457056777958,600.75
0.802734180893531,600.75,207.429183059062,600.75
0.802949276533378,600.75,207.40131496042,600.75
0.803164410338791,600.75,207.373452501281,600.75
0.803379583055889,600.75,207.345595592391,600.75
0.80359479414362,600.75,207.317744292014,600.75
0.803810042927239,600.75,207.289898684583,600.75
0.804025330549663,600.75,207.26205863779,600.75
0.804240656281778,600.75,207.234224229549,600.75
0.804456021177673,600.75,207.206395337482,600.75
0.804671424055036,600.75,207.178572094696,600.75
0.804886865520165,600.75,207.15075443664,600.75
0.805102345381154,600.75,207.122942381436,600.75
0.805317863367392,600.75,207.09513596198,600.75
0.805533419804849,600.75,207.06733514071,600.75
0.805749015240897,600.75,207.039539848626,600.75
0.805964649824255,600.75,207.011750062303,600.75
0.80618032187667,600.75,206.983965980631,600.75
0.806396033180334,600.75,206.956187403008,600.75
0.806611782174432,600.75,206.928414502251,600.75
0.806827569733501,600.75,206.900647184405,600.75
0.807043396485489,600.75,206.872885367331,600.75
0.807259261713795,600.75,206.845129130221,600.75
0.807475165174783,600.75,206.817378506898,600.75
0.807691107365371,600.75,206.789633439719,600.75
0.807907088028452,600.75,206.761893954772,600.75
0.808123107477636,600.75,206.734160015524,600.75
0.808339165378144,600.75,206.706431658809,600.75
0.808555262044069,600.75,206.678708848868,600.75
0.808771397021242,600.75,206.65099163684,600.75
0.808987570855473,600.75,206.623279960307,600.75
0.80920378319506,600.75,206.595573856313,600.75
0.809420034314259,600.75,206.567873293863,600.75
0.809636324351755,600.75,206.540178253651,600.75
0.80985265303863,600.75,206.512488765657,600.75
0.810069020312497,600.75,206.484804838673,600.75
0.810285426270449,600.75,206.457126461102,600.75
0.810501871222219,600.75,206.42945359456,600.75
0.810718354472609,600.75,206.401786318443,600.75
0.810934876879401,600.75,206.374124535365,600.75
0.811151437517108,600.75,206.346468348173,600.75
0.811368036398888,600.75,206.31881776148,600.75
0.81158467495696,600.75,206.291172604792,600.75
0.811801352239506,600.75,206.263532978776,600.75
0.812018067950352,600.75,206.235898924558,600.75
0.812234822486578,600.75,206.20827039735,600.75
0.812451615701904,600.75,206.180647410802,600.75
0.812668447877366,600.75,206.153029931689,600.75
0.8128853186314,600.75,206.125418002323,600.75
0.813102228293812,600.75,206.097811585735,600.75
0.813319176618672,600.75,206.070210707928,600.75
0.813536163760773,600.75,206.042615351562,600.75
0.81375319015357,600.75,206.015025463452,600.75
0.813970255288765,600.75,205.987441099429,600.75
0.814187359534477,600.75,205.95986221898,600.75
0.814404502390373,600.75,205.932288877986,600.75
0.814621683791349,600.75,205.904721087209,600.75
0.814838904081932,600.75,205.877158806036,600.75
0.81505616345451,600.75,205.84960200823,600.75
0.815273462311208,600.75,205.822050643693,600.75
0.815490798977034,600.75,205.794504906169,600.75
0.815708174967984,600.75,205.766964629113,600.75
0.815925590551564,600.75,205.739429769221,600.75
0.816143044357421,600.75,205.711900484227,600.75
0.816360537213327,600.75,205.684376686531,600.75
0.816578069203834,600.75,205.656858359795,600.75
0.816795639963245,600.75,205.629345545131,600.75
0.817013249801333,600.75,205.601838208132,600.75
0.81723089892317,600.75,205.574336321696,600.75
0.817448586987612,600.75,205.546839923409,600.75
0.817666313648163,600.75,205.519349055913,600.75
0.817884079585423,600.75,205.491863641417,600.75
0.8181018845234,600.75,205.46438370646,600.75
0.818319728742212,600.75,205.436909219078,600.75
0.818537611789353,600.75,205.409440229681,600.75
0.818755533933064,600.75,205.381976709451,600.75
0.818973495427337,600.75,205.354518626017,600.75
0.819191495821394,600.75,205.327066029377,600.75
0.819409535111965,600.75,205.299618922591,600.75
0.819627613437655,600.75,205.27217728902,600.75
0.819845731220998,600.75,205.244741077274,600.75
0.820063887621966,600.75,205.21731038165,600.75
0.820282083341867,600.75,205.189885125579,600.75
0.820500318707238,600.75,205.162465265107,600.75
0.820718592949436,600.75,205.135050886477,600.75
0.820936905709079,600.75,205.107642036902,600.75
0.821155257730732,600.75,205.080238631911,600.75
0.821373649291849,600.75,205.052840632675,600.75
0.821592079851878,600.75,205.025448098939,600.75
0.821810550204416,600.75,204.998060941246,600.75
0.822029059266874,600.75,204.970679279571,600.75
0.822247607754671,600.75,204.943303037623,600.75
0.822466195720394,600.75,204.915932203675,600.75
0.822684822504937,600.75,204.888566853075,600.75
0.822903488502635,600.75,204.861206944216,600.75
0.823122194111966,600.75,204.833852427254,600.75
0.823340938269494,600.75,204.806503422097,600.75
0.823559721953759,600.75,204.779159821987,600.75
0.823778544848014,600.75,204.75182165618,600.75
0.823997407531495,600.75,204.724488858277,600.75
0.824216309586106,600.75,204.697161471921,600.75
0.824435250398968,600.75,204.669839570675,600.75
0.824654230553077,600.75,204.642523091082,600.75
0.824873250043451,600.75,204.615212028892,600.75
0.825092309474529,600.75,204.587906312706,600.75
0.825311408010195,600.75,204.560606034291,600.75
0.825530545947431,600.75,204.533311164557,600.75
0.825749723609807,600.75,204.506021663502,600.75
0.825968939928879,600.75,204.478737651818,600.75
0.826188195302036,600.75,204.451459090744,600.75
0.826407490705899,600.75,204.424185863856,600.75
0.826626825304994,600.75,204.396918059489,600.75
0.826846199952801,600.75,204.369655583738,600.75
0.827065613906364,600.75,204.342398516011,600.75
0.827285067304226,600.75,204.315146844795,600.75
0.827504560177183,600.75,204.287900565282,600.75
0.827724092574927,600.75,204.26065967072,600.75
0.827943664079037,600.75,204.233424208439,600.75
0.828163275360454,600.75,204.206194103288,600.75
0.828382925160529,600.75,204.178969495271,600.75
0.828602615315763,600.75,204.151750180542,600.75
0.828822344748875,600.75,204.124536269597,600.75
0.829042113540719,600.75,204.097327759454,600.75
0.829261921998129,600.75,204.070124614064,600.75
0.829481770039339,600.75,204.0429268398,600.75
0.829701657853183,600.75,204.015734414583,600.75
0.829921584744482,600.75,203.988547416558,600.75
0.830141551218046,600.75,203.96136579203,600.75
0.830361557553607,600.75,203.934189504643,600.75
0.83058160384929,600.75,203.9070185399,600.75
0.830801689405758,600.75,203.879852976761,600.75
0.831021814860537,600.75,203.852692746421,600.75
0.831241979347236,600.75,203.825537943595,600.75
0.831462183892654,600.75,203.798388455595,600.75
0.831682428171836,600.75,203.771244311843,600.75
0.831902712074154,600.75,203.744105526176,600.75
0.832123035740926,600.75,203.716972082721,600.75
0.83234339877844,600.75,203.689844025086,600.75
0.832563801684061,600.75,203.662721298349,600.75
0.832784244203277,600.75,203.635603927533,600.75
0.833004726012577,600.75,203.608491950707,600.75
0.833225247602876,600.75,203.581385313451,600.75
0.833445809266137,600.75,203.554283978056,600.75
0.833666410594003,600.75,203.527187988126,600.75
0.833887051239454,600.75,203.500097385683,600.75
0.834107732150926,600.75,203.473012064256,600.75
0.83432845223449,600.75,203.445932141578,600.75
0.834549212634607,600.75,203.418857493518,600.75
0.834770012504169,600.75,203.39178820846,600.75
0.834990852186107,600.75,203.364724252144,600.75
0.835211731748892,600.75,203.337665614019,600.75
0.835432650603542,600.75,203.310612360063,600.75
0.835653609765495,600.75,203.283564377871,600.75
0.835874608443996,600.75,203.256521749885,600.75
0.83609564696511,600.75,203.229484443462,600.75
0.836316725733576,600.75,203.202452409755,600.75
0.836537843995863,600.75,203.175425730906,600.75
0.836759002479633,600.75,203.148404328584,600.75
0.836980200750326,600.75,203.12138824676,600.75
0.837201438786963,600.75,203.094377489967,600.75
0.837422716546234,600.75,203.067372062916,600.75
0.837644034526044,600.75,203.040371908537,600.75
0.837865392283217,600.75,203.013377072945,600.75
0.838086789829699,600.75,202.986387557108,600.75
0.8383082278486,600.75,202.959403282784,600.75
0.838529705114758,600.75,202.93242438367,600.75
0.838751222898788,600.75,202.905450723233,600.75
0.838972780608197,600.75,202.878482359528,600.75
0.83919437831386,600.75,202.851519287448,600.75
0.839416015779205,600.75,202.824561533075,600.75
0.839637693343327,600.75,202.797609058969,600.75
0.839859411227561,600.75,202.770661836954,600.75
0.840081169046109,600.75,202.743719908314,600.75
0.840302966758669,600.75,202.716783279701,600.75
0.8405248044495,600.75,202.689851941471,600.75
0.840746682067117,600.75,202.662925898218,600.75
0.840968600347922,600.75,202.636005066102,600.75
0.841190558457463,600.75,202.609089533623,600.75
0.841412556624086,600.75,202.582179279978,600.75
0.841634594147162,600.75,202.555274382747,600.75
0.841856672362506,600.75,202.52837469507,600.75
0.842078790611582,600.75,202.501480281377,600.75
0.842300948917603,600.75,202.474591142375,600.75
0.842523147498426,600.75,202.447707253023,600.75
0.84274538642762,600.75,202.420828602772,600.75
0.842967665579435,600.75,202.393955204518,600.75
0.843189984226947,600.75,202.367087140651,600.75
0.843412343856256,600.75,202.340224248121,600.75
0.843634743199117,600.75,202.313366659017,600.75
0.843857182602472,600.75,202.2865143419,600.75
0.844079662700065,600.75,202.259667222878,600.75
0.844302182953529,600.75,202.23282535718,600.75
0.844524743211453,600.75,202.205988764775,600.75
0.844747343677563,600.75,202.179157423533,600.75
0.844969984929536,600.75,202.152331266352,600.75
0.8451926659489,600.75,202.125510402942,600.75
0.845415387333187,600.75,202.098694772473,600.75
0.845638149181184,600.75,202.071884359486,600.75
0.845860950725453,600.75,202.045079248602,600.75
0.846083792479719,600.75,202.018279386918,600.75
0.846306674864736,600.75,201.991484723223,600.75
0.846529597651528,600.75,201.964695279207,600.75
0.846752561032415,600.75,201.937911034012,600.75
0.846975564542005,600.75,201.911132038059,600.75
0.847198608329556,600.75,201.884358277263,600.75
0.8474216925942,600.75,201.85758972787,600.75
0.847644817367151,600.75,201.83082638421,600.75
0.847867982216396,600.75,201.804068293751,600.75
0.848091187969586,600.75,201.777315366192,600.75
0.848314433882134,600.75,201.750567678644,600.75
0.848537720464798,600.75,201.723825178146,600.75
0.848761047311188,600.75,201.697087906368,600.75
0.848984414924428,600.75,201.670355809,600.75
0.84920782268567,600.75,201.643628951306,600.75
0.849431270983055,600.75,201.616907293403,600.75
0.84965475944793,600.75,201.590190873488,600.75
0.849878288561685,600.75,201.563479639534,600.75
0.850101858301252,600.75,201.536773590235,600.75
0.850325468071657,600.75,201.510072791311,600.75
0.850549119262452,600.75,201.483377091242,600.75
0.85077281072432,600.75,201.456686608129,600.75
0.850996542303721,600.75,201.430001365905,600.75
0.851220314618963,600.75,201.403321296803,600.75
0.851444127508328,600.75,201.376646413926,600.75
0.851667980865357,600.75,201.349976729277,600.75
0.851891874736431,600.75,201.323312237921,600.75
0.852115809801959,600.75,201.296652863187,600.75
0.852339784784816,600.75,201.269998741813,600.75
0.852563800674277,600.75,201.243349771768,600.75
0.852787857369847,600.75,201.216705957363,600.75
0.853011954035835,600.75,201.190067391082,600.75
0.853236091385316,600.75,201.16343399901,600.75
0.853460269380516,600.75,201.136805780172,600.75
0.853684487999661,600.75,201.110182736184,600.75
0.853908747417837,600.75,201.083564847135,600.75
0.854133047938618,600.75,201.056952077486,600.75
0.85435738887696,600.75,201.030344500444,600.75
0.854581770741842,600.75,201.003742063627,600.75
0.854806193658363,600.75,200.977144749395,600.75
0.855030657314725,600.75,200.950552590556,600.75
0.855255161319966,600.75,200.923965632002,600.75
0.855479706062918,600.75,200.897383833027,600.75
0.855704291195267,600.75,200.870807229106,600.75
0.855928917884806,600.75,200.844235692503,600.75
0.856153585039237,600.75,200.817669335481,600.75
0.856378292851363,600.75,200.791108143121,600.75
0.856603041540748,600.75,200.764552089854,600.75
0.856827831285713,600.75,200.738001153727,600.75
0.857052661363337,600.75,200.71145541266,600.75
0.857277532382223,600.75,200.684914803781,600.75
0.857502444914303,600.75,200.658379259474,600.75
0.857727397702599,600.75,200.631848913581,600.75
0.857952391474963,600.75,200.605323693642,600.75
0.858177425888965,600.75,200.578803632535,600.75
0.858402501475996,600.75,200.552288673012,600.75
0.858627617799686,600.75,200.525778859061,600.75
0.858852775498007,600.75,200.499274122502,600.75
0.8590779737981,600.75,200.472774543732,600.75
0.85930321301238,600.75,200.446280092796,600.75
0.859528493294661,600.75,200.419790750459,600.75
0.859753814367,600.75,200.393306545482,600.75
0.859979176972426,600.75,200.366827397346,600.75
0.860204580156768,600.75,200.340353405433,600.75
0.860430023874939,600.75,200.313884580346,600.75
0.860655508981279,600.75,200.287420828467,600.75
0.860881034705486,600.75,200.260962227942,600.75
0.8611066017873,600.75,200.234508701733,600.75
0.861332209954621,600.75,200.208060274456,600.75
0.861557859034966,600.75,200.181616965935,600.75
0.861783549025827,600.75,200.155178777237,600.75
0.862009280403168,600.75,200.128745655706,600.75
0.862235052747879,600.75,200.102317643435,600.75
0.862460865905308,600.75,200.075894759421,600.75
0.862686720116513,600.75,200.049476977996,600.75
0.86291261576948,600.75,200.023064254511,600.75
0.863138552084965,600.75,199.996656670891,600.75
0.863364530306987,600.75,199.97025409552,600.75
0.863590549286517,600.75,199.943856645472,600.75
0.863816609779172,600.75,199.917464244727,600.75
0.864042711059785,600.75,199.891076967509,600.75
0.8642688539041,600.75,199.864694733025,600.75
0.864495037738199,600.75,199.83831759851,600.75
0.864721262089793,600.75,199.81194561849,600.75
0.864947528603605,600.75,199.785578616349,600.75
0.86517383545679,600.75,199.759216779504,600.75
0.865400183786788,600.75,199.732859994775,600.75
0.865626573773582,600.75,199.706508235229,600.75
0.865853005242652,600.75,199.680161517459,600.75
0.866079477544027,600.75,199.653819912852,600.75
0.866305991482535,600.75,199.627483337731,600.75
0.866532546359443,600.75,199.601151862566,600.75
0.866759142597143,600.75,199.574825445096,600.75
0.866985780202528,600.75,199.548504081524,600.75
0.867212459546165,600.75,199.522187730672,600.75
0.867439179338826,600.75,199.495876529707,600.75
0.867665941057579,600.75,199.469570326019,600.75
0.86789274445531,600.75,199.44326913662,600.75
0.868119588829771,600.75,199.416973038097,600.75
0.868346474146534,600.75,199.390682038551,600.75
0.86857340109099,600.75,199.364396063665,600.75
0.868800370011399,600.75,199.338115070434,600.75
0.869027379598089,600.75,199.311839197652,600.75
0.869254431024324,600.75,199.285568326171,600.75
0.869481524193028,600.75,199.25930245881,600.75
0.869708658030392,600.75,199.233041711425,600.75
0.869935834254262,600.75,199.206785904612,600.75
0.87016305166773,600.75,199.180535156528,600.75
0.870390310864963,600.75,199.154289409386,600.75
0.870617611474152,600.75,199.128048699585,600.75
0.870844953396897,600.75,199.10181303944,600.75
0.87107233654955,600.75,199.075582438331,600.75
0.871299761186545,600.75,199.049356868814,600.75
0.871527227677444,600.75,199.0231362887,600.75
0.87175473544675,600.75,198.996920756989,600.75
0.871982285224253,600.75,198.970710197955,600.75
0.872209876458038,600.75,198.94450466611,600.75
0.872437508803352,600.75,198.918304201445,600.75
0.872665183114025,600.75,198.892108713909,600.75
0.872892899056994,600.75,198.865918233377,600.75
0.873120656599081,600.75,198.839732764624,600.75
0.873348455637761,600.75,198.813552318578,600.75
0.873576296048149,600.75,198.787376908889,600.75
0.873804178346638,600.75,198.761206480281,600.75
0.874032102696615,600.75,198.735041011238,600.75
0.874260068807067,600.75,198.708880531177,600.75
0.87448807653467,600.75,198.682725056864,600.75
0.874716125674212,600.75,198.656574611008,600.75
0.874944216777974,600.75,198.630429135155,600.75
0.875172349407603,600.75,198.604288672339,600.75
0.875400523560856,600.75,198.578153224857,600.75
0.875628739951005,600.75,198.55202271581,600.75
0.875856998429163,600.75,198.525897155937,600.75
0.87608529800473,600.75,198.499776651652,600.75
0.876313639009579,600.75,198.473661173485,600.75
0.876542022217509,600.75,198.447550636274,600.75
0.876770447269586,600.75,198.421445072655,600.75
0.876998914164897,600.75,198.395344484106,600.75
0.877227423447274,600.75,198.369248812052,600.75
0.877455973978403,600.75,198.343158174374,600.75
0.877684566174868,600.75,198.317072533168,600.75
0.877913200722386,600.75,198.290991812406,600.75
0.878141876589331,600.75,198.264916117216,600.75
0.878370594423908,600.75,198.238845384115,600.75
0.878599354646752,600.75,198.212779563918,600.75
0.878828156129826,600.75,198.186718773586,600.75
0.879057000033891,600.75,198.160662895723,600.75
0.87928588574002,600.75,198.134611988966,600.75
0.879514812808244,600.75,198.108566103212,600.75
0.879743782647747,600.75,198.082525090724,600.75
0.879972794634527,600.75,198.056489008616,600.75
0.880201847962718,600.75,198.03045794565,600.75
0.880430944000105,600.75,198.004431761093,600.75
0.880660081866368,600.75,197.978410539835,600.75
0.880889261917439,600.75,197.952394248435,600.75
0.881118483716408,600.75,197.926382931101,600.75
0.881347746991404,600.75,197.900376618956,600.75
0.881577052673273,600.75,197.874375214392,600.75
0.881806400231182,600.75,197.848378767457,600.75
0.88203579060545,600.75,197.822387180527,600.75
0.882265222749126,600.75,197.796400558621,600.75
0.882494696242057,600.75,197.770418952227,600.75
0.882724212505303,600.75,197.744442213144,600.75
0.882953770855398,600.75,197.718470404495,600.75
0.883183371382034,600.75,197.692503519878,600.75
0.883413014244864,600.75,197.666541541648,600.75
0.883642699090594,600.75,197.640584505762,600.75
0.883872426522603,600.75,197.614632349924,600.75
0.884102195746232,600.75,197.588685154222,600.75
0.884332006726793,600.75,197.56274292665,600.75
0.884561860459331,600.75,197.536805561915,600.75
0.884791756350182,600.75,197.510873116008,600.75
0.885021694427497,600.75,197.484945588721,600.75
0.885251675244701,600.75,197.459022921129,600.75
0.885481697752681,600.75,197.433105220231,600.75
0.885711762621674,600.75,197.407192421084,600.75
0.885941869872449,600.75,197.381284517276,600.75
0.886172019490351,600.75,197.355381509371,600.75
0.886402211379518,600.75,197.329483407082,600.75
0.886632445188943,600.75,197.303590247642,600.75
0.886862721351386,600.75,197.277701987168,600.75
0.887093039646703,600.75,197.251818645821,600.75
0.887323400571845,600.75,197.225940171823,600.75
0.88755380416808,600.75,197.200066557268,600.75
0.887784250278265,600.75,197.174197817732,600.75
0.888014738389866,600.75,197.148334007778,600.75
0.88824526884249,600.75,197.122475094528,600.75
0.888475841976252,600.75,197.096621039793,600.75
0.888706456689748,600.75,197.070771956721,600.75
0.888937114569017,600.75,197.044927684664,600.75
0.889167814929857,600.75,197.019088285653,600.75
0.889398557696787,600.75,196.993253770652,600.75
0.889629343032611,600.75,196.967424122922,600.75
0.889860171286435,600.75,196.941599304342,600.75
0.890091041560269,600.75,196.915779406526,600.75
0.890321954668269,600.75,196.889964348991,600.75
0.890552910525768,600.75,196.864154135502,600.75
0.890783908562816,600.75,196.838348825535,600.75
0.89101494920412,600.75,196.812548377698,600.75
0.891246032347311,600.75,196.786752799896,600.75
0.891477157767972,600.75,196.760962115608,600.75
0.891708326330164,600.75,196.735176235232,600.75
0.891939537379716,600.75,196.709395221532,600.75
0.892170790468811,600.75,196.683619124626,600.75
0.892402086439404,600.75,196.657847859043,600.75
0.892633425150167,600.75,196.632081434066,600.75
0.892864806478999,600.75,196.60631986243,600.75
0.893096230142982,600.75,196.580563174109,600.75
0.893327696375559,600.75,196.554811346086,600.75
0.893559205771504,600.75,196.529064314398,600.75
0.893790758063439,600.75,196.503322102674,600.75
0.894022352948344,600.75,196.477584743486,600.75
0.894253990098732,600.75,196.451852272647,600.75
0.894485669992342,600.75,196.426124642057,600.75
0.894717393138244,600.75,196.400401795309,600.75
0.894949158753285,600.75,196.374683810203,600.75
0.895180967302262,600.75,196.348970642429,600.75
0.895412818914177,600.75,196.323262275627,600.75
0.895644712805496,600.75,196.297558789981,600.75
0.895876649693674,600.75,196.271860115106,600.75
0.896108628875813,600.75,196.246166319703,600.75
0.896340650801822,600.75,196.22047736046,600.75
0.896572715964746,600.75,196.194793183151,600.75
0.896804824035504,600.75,196.16911381826,600.75
0.897036975116608,600.75,196.143439256459,600.75
0.897269168799049,600.75,196.117769539396,600.75
0.897501406244269,600.75,196.09210454843,600.75
0.897733685649676,600.75,196.06644446344,600.75
0.897966008333176,600.75,196.040789157664,600.75
0.898198374388839,600.75,196.015138613694,600.75
0.89843078356265,600.75,195.989492856202,600.75
0.898663235267084,600.75,195.963851947221,600.75
0.898895729883991,600.75,195.938215850504,600.75
0.899128267773639,600.75,195.912584526226,600.75
0.899360848119022,600.75,195.886958056191,600.75
0.899593472044724,600.75,195.861336328269,600.75
0.899826138316885,600.75,195.835719463323,600.75
0.900058847858995,600.75,195.810107372302,600.75
0.900291600641085,600.75,195.784500052827,600.75
0.900524396058805,600.75,195.758897566707,600.75
0.900757234886321,600.75,195.733299837148,600.75
0.900990116785986,600.75,195.707706894212,600.75
0.901223041861841,600.75,195.682118728393,600.75
0.901456010156607,600.75,195.656535334389,600.75
0.9016890214624,600.75,195.630956732955,600.75
0.901922075671539,600.75,195.605382936035,600.75
0.902155172970081,600.75,195.579813924765,600.75
0.902388313886769,600.75,195.554249643077,600.75
0.902621497800509,600.75,195.528690151281,600.75
0.90285472450914,600.75,195.503135473308,600.75
0.903087994684802,600.75,195.477585541019,600.75
0.903321308861741,600.75,195.452040294975,600.75
0.903554665401861,600.75,195.42649989988,600.75
0.90378806563555,600.75,195.40096422803,600.75
0.904021508981088,600.75,195.375433331672,600.75
0.90425499523755,600.75,195.349907233914,600.75
0.904488525033867,600.75,195.324385871134,600.75
0.904722097860508,600.75,195.298869291604,600.75
0.904955713939761,600.75,195.273357474804,600.75
0.905189373544766,600.75,195.247850391158,600.75
0.905423076992509,600.75,195.222348005945,600.75
0.905656823589633,600.75,195.196850387899,600.75
0.90589061313155,600.75,195.171357561661,600.75
0.906124446341886,600.75,195.14586945418,600.75
0.906358322910598,600.75,195.120386092596,600.75
0.906592242979435,600.75,195.094907463446,600.75
0.906826206528973,600.75,195.06943356762,600.75
0.907060213209433,600.75,195.04396444061,600.75
0.907294262761756,600.75,195.018500110654,600.75
0.907528356055298,600.75,194.993040490049,600.75
0.907762493267484,600.75,194.96758555512,600.75
0.907996673607069,600.75,194.942135384907,600.75
0.908230897646598,600.75,194.916689925099,600.75
0.908465165349082,600.75,194.891249176088,600.75
0.908699476445554,600.75,194.865813164919,600.75
0.908933830996976,600.75,194.840381886589,600.75
0.909168228662179,600.75,194.814955375326,600.75
0.909402670718709,600.75,194.789533502287,600.75
0.909637156116104,600.75,194.764116366844,600.75
0.909871685410953,600.75,194.738703917436,600.75
0.910106258015579,600.75,194.71329621085,600.75
0.910340873460619,600.75,194.687893297795,600.75
0.910575532940436,600.75,194.662495059195,600.75
0.910810235983138,600.75,194.637101535854,600.75
0.911044983044243,600.75,194.611712683155,600.75
0.911279773544361,600.75,194.586328557233,600.75
0.911514608402137,600.75,194.560949067437,600.75
0.911749486148842,600.75,194.535574357697,600.75
0.911984407539807,600.75,194.510204359046,600.75
0.912219372761003,600.75,194.48483904844,600.75
0.912454381832529,600.75,194.459478421966,600.75
0.912689434235039,600.75,194.434122531767,600.75
0.912924530486842,600.75,194.408771327867,600.75
0.913159670833927,600.75,194.383424782108,600.75
0.913394855266094,600.75,194.358082893444,600.75
0.913630083288262,600.75,194.332745711681,600.75
0.913865354592284,600.75,194.307413270641,600.75
0.914100670206462,600.75,194.282085467743,600.75
0.914336029411709,600.75,194.256762369601,600.75
0.91457143183662,600.75,194.231444017161,600.75
0.914806878978296,600.75,194.206130260908,600.75
0.915042369707576,600.75,194.18082120622,600.75
0.91527790401774,600.75,194.15551685927,600.75
0.91551348257224,600.75,194.130217153143,600.75
0.915749105182442,600.75,194.104922102698,600.75
0.91598477168033,600.75,194.079631725324,600.75
0.916220482111038,600.75,194.054346017171,600.75
0.916456236806481,600.75,194.029064944175,600.75
0.916692035564777,600.75,194.003788524417,600.75
0.91692787790781,600.75,193.978516806836,600.75
0.917163764646489,600.75,193.953249712097,600.75
0.917399694485641,600.75,193.927987366048,600.75
0.917635669094021,600.75,193.902729607103,600.75
0.917871687536419,600.75,193.87747652012,600.75
0.918107750415458,600.75,193.852228048608,600.75
0.918343857154081,600.75,193.826984247316,600.75
0.918580007486499,600.75,193.801745145739,600.75
0.918816202037933,600.75,193.776510682366,600.75
0.919052440765946,600.75,193.751280857608,600.75
0.919288723431443,600.75,193.726055695082,600.75
0.919525050476248,600.75,193.700835151373,600.75
0.919761422016871,600.75,193.675619211988,600.75
0.919997837681626,600.75,193.650407913071,600.75
0.920234297608264,600.75,193.625201242533,600.75
0.920470801352582,600.75,193.599999244056,600.75
0.920707349552374,600.75,193.574801855737,600.75
0.920943942067567,600.75,193.549609087822,600.75
0.921180578286842,600.75,193.524421001797,600.75
0.921417258675617,600.75,193.499237554184,600.75
0.921653983295648,600.75,193.474058736054,600.75
0.921890752382033,600.75,193.448884522889,600.75
0.922127565844685,600.75,193.423714921972,600.75
0.922364423228988,600.75,193.39854997891,600.75
0.922601324858316,600.75,193.373389663626,600.75
0.922838271119501,600.75,193.348233935417,600.75
0.923075261484922,600.75,193.323082844368,600.75
0.923312296141264,600.75,193.297936374277,600.75
0.923549375627302,600.75,193.272794470117,600.75
0.923786499261234,600.75,193.247657196558,600.75
0.924023666935409,600.75,193.222524567647,600.75
0.924260878936316,600.75,193.197396555361,600.75
0.924498135455956,600.75,193.172273138601,600.75
0.924735436789976,600.75,193.147154286262,600.75
0.924972782246736,600.75,193.122040065258,600.75
0.925210172327524,600.75,193.096930429042,600.75
0.925447607187499,600.75,193.071825359311,600.75
0.925685086422156,600.75,193.046724894956,600.75
0.925922609935779,600.75,193.021629047405,600.75
0.926160178527259,600.75,192.996537737482,600.75
0.926397791274138,600.75,192.971451052263,600.75
0.926635448395273,600.75,192.946368974457,600.75
0.926873150222646,600.75,192.921291469892,600.75
0.927110896863535,600.75,192.896218525591,600.75
0.927348687597841,600.75,192.871150212069,600.75
0.927586523323204,600.75,192.846086443758,600.75
0.927824403245296,600.75,192.82102729457,600.75
0.928062327595341,600.75,192.79597274524,600.75
0.928300297092606,600.75,192.770922723064,600.75
0.928538311276463,600.75,192.745877269307,600.75
0.928776369944827,600.75,192.720836405948,600.75
0.929014472911251,600.75,192.695800152523,600.75
0.929252621401021,600.75,192.670768388342,600.75
0.929490814744784,600.75,192.645741172678,600.75
0.929729052048154,600.75,192.620718597035,600.75
0.929967334598544,600.75,192.595700538866,600.75
0.930205661882222,600.75,192.570687041987,600.75
0.930444033661328,600.75,192.545678131883,600.75
0.930682450227586,600.75,192.520673780914,600.75
0.930920912198592,600.75,192.495673926159,600.75
0.931159418024085,600.75,192.470678717053,600.75
0.931397968752178,600.75,192.445688057985,600.75
0.93163656527721,600.75,192.42070185514,600.75
0.931875205683615,600.75,192.395720292019,600.75
0.93211389158381,600.75,192.370743219261,600.75
0.932352621833883,600.75,192.345770741463,600.75
0.932591397167977,600.75,192.320802791463,600.75
0.93283021773453,600.75,192.295839350744,600.75
0.933069082788014,600.75,192.270880491388,600.75
0.933307993033282,600.75,192.24592614764,600.75
0.933546947994514,600.75,192.220976362552,600.75
0.933785948298706,600.75,192.196031076348,600.75
0.934024993509343,600.75,192.171090328473,600.75
0.934264083502047,600.75,192.146154133005,600.75
0.934503218475783,600.75,192.121222470943,600.75
0.934742398660833,600.75,192.096295318293,600.75
0.93498162324085,600.75,192.071372753679,600.75
0.935220893199954,600.75,192.046454684405,600.75
0.935460208338036,600.75,192.021541124801,600.75
0.935699568841269,600.75,191.996632056927,600.75
0.935938974028935,600.75,191.971727546424,600.75
0.93617842416163,600.75,191.946827571075,600.75
0.936417919259504,600.75,191.921932127486,600.75
0.9366574597012,600.75,191.897041177964,600.75
0.936897045377891,600.75,191.872154730792,600.75
0.937136676149305,600.75,191.847272799855,600.75
0.937376352431367,600.75,191.822395344921,600.75
0.937616073775531,600.75,191.797522407468,600.75
0.937855840212351,600.75,191.772653986485,600.75
0.938095651759375,600.75,191.747790080004,600.75
0.938335508720504,600.75,191.722930657883,600.75
0.938575411031866,600.75,191.698075724416,600.75
0.938815358273785,600.75,191.673225320578,600.75
0.9390553514102,600.75,191.648379354139,600.75
0.939295389700624,600.75,191.623537892175,600.75
0.939535473908952,600.75,191.598700863356,600.75
0.939775602703181,600.75,191.573868393732,600.75
0.940015776865432,600.75,191.549040413535,600.75
0.940255996966398,600.75,191.524216863141,600.75
0.940496261988306,600.75,191.499397838154,600.75
0.940736572089717,600.75,191.474583328046,600.75
0.94097692761075,600.75,191.449773298973,600.75
0.941217327863841,600.75,191.424967815762,600.75
0.94145777456056,600.75,191.400166714859,600.75
0.941698266707074,600.75,191.375370083891,600.75
0.94193880410736,600.75,191.350577946272,600.75
0.942179386689602,600.75,191.325790310237,600.75
0.942420015309781,600.75,191.301007092722,600.75
0.942660689262706,600.75,191.27622835749,600.75
0.942901409242056,600.75,191.251454040218,600.75
0.943142173831892,600.75,191.226684274893,600.75
0.943382984772431,600.75,191.201918899428,600.75
0.943623841118356,600.75,191.177157996705,600.75
0.943864742960106,600.75,191.152401561964,600.75
0.944105690054105,600.75,191.127649618509,600.75
0.944346683268769,600.75,191.102902083075,600.75
0.944587721149079,600.75,191.078159092011,600.75
0.944828805633829,600.75,191.053420464391,600.75
0.945069935488807,600.75,191.028686309916,600.75
0.945311110664612,600.75,191.003956638837,600.75
0.945552331665034,600.75,190.979231402884,600.75
0.945793598663197,600.75,190.954510582396,600.75
0.946034911528702,600.75,190.929794188596,600.75
0.946276269782763,600.75,190.905082268184,600.75
0.946517674045132,600.75,190.880374763567,600.75
0.946759124160493,600.75,190.855671686452,600.75
0.947000619798423,600.75,190.830973069083,600.75
0.947242161249644,600.75,190.806278884921,600.75
0.947483748612378,600.75,190.781589122839,600.75
0.947725381846275,600.75,190.756903785837,600.75
0.947967060963317,600.75,190.732222872675,600.75
0.948208786143459,600.75,190.707546365703,600.75
0.948450556467458,600.75,190.682874352418,600.75
0.94869237329829,600.75,190.658206705879,600.75
0.94893423511387,600.75,190.633543565807,600.75
0.949176143453409,600.75,190.608884791,600.75
0.949418097396524,600.75,190.584230462445,600.75
0.949660097682427,600.75,190.559580512871,600.75
0.949902143931045,600.75,190.534934975148,600.75
0.950144236292754,600.75,190.510293836267,600.75
0.950386374254729,600.75,190.485657144715,600.75
0.950628558289691,600.75,190.461024857419,600.75
0.950870788275711,600.75,190.436396983603,600.75
0.951113063994406,600.75,190.411773544437,600.75
0.951355385902366,600.75,190.38715449699,600.75
0.951597754021053,600.75,190.362539836671,600.75
0.951840168625308,600.75,190.337929536551,600.75
0.952082628979597,600.75,190.313323665569,600.75
0.952325135260475,600.75,190.288722210282,600.75
0.952567687799032,600.75,190.264125138108,600.75
0.952810286587509,600.75,190.239532447762,600.75
0.953052931520459,600.75,190.214944149007,600.75
0.953295622742675,600.75,190.190360228298,600.75
0.953538360099979,600.75,190.165780699483,600.75
0.953781143217643,600.75,190.141205598958,600.75
0.954023972962306,600.75,190.116634845543,600.75
0.954266848671487,600.75,190.092068498074,600.75
0.954509771335315,600.75,190.06750646467,600.75
0.954752740009199,600.75,190.04294883061,600.75
0.954995755235221,600.75,190.018395548343,600.75
0.955238816039058,600.75,189.993846708362,600.75
0.955481923668813,600.75,189.969302196031,600.75
0.955725077205243,600.75,189.944762092873,600.75
0.955968277311533,600.75,189.920226339557,600.75
0.956211523780504,600.75,189.8956949526,600.75
0.956454817274548,600.75,189.871167869405,600.75
0.956698156407822,600.75,189.846645218601,600.75
0.956941541658859,600.75,189.822126961198,600.75
0.957184973192536,600.75,189.797613079391,600.75
0.957428451664282,600.75,189.773103509468,600.75
0.957671977009416,600.75,189.748598253929,600.75
0.957915548436497,600.75,189.724097387974,600.75
0.958159166401256,600.75,189.699600872124,600.75
0.958402830612895,600.75,189.675108731865,600.75
0.958646541457809,600.75,189.650620931533,600.75
0.95889029863378,600.75,189.626137497779,600.75
0.959134103170698,600.75,189.601658333906,600.75
0.959377953648582,600.75,189.577183569496,600.75
0.959621850842547,600.75,189.552713137542,600.75
0.959865794906843,600.75,189.528247019865,600.75
0.960109785216141,600.75,189.503785274513,600.75
0.960353821928933,600.75,189.479327889337,600.75
0.960597905485158,600.75,189.454874821871,600.75
0.960842035932538,600.75,189.430426065092,600.75
0.961086212718109,600.75,189.405981670772,600.75
0.961330436261475,600.75,189.381541601744,600.75
0.961574706273055,600.75,189.357105883349,600.75
0.961819023431751,600.75,189.332674452406,600.75
0.962063387279786,600.75,189.308247348736,600.75
0.962307797846077,600.75,189.283824571445,600.75
0.962552254800745,600.75,189.259406151591,600.75
0.962796759246775,600.75,189.234991986363,600.75
0.963041310281625,600.75,189.21058215546,600.75
0.963285908426143,600.75,189.186176613575,600.75
0.963530553029434,600.75,189.161775419761,600.75
0.963775244384573,600.75,189.137378549232,600.75
0.964019982599074,600.75,189.112985990439,600.75
0.964264767610294,600.75,189.088597748433,600.75
0.96450959875023,600.75,189.064213886271,600.75
0.964754478170833,600.75,189.039834204238,600.75
0.964999403625475,600.75,189.015458903408,600.75
0.965244376524479,600.75,188.991087861072,600.75
0.965489396012806,600.75,188.966721151468,600.75
0.965734462975599,600.75,188.942358694797,600.75
0.965979577076691,600.75,188.918000518453,600.75
0.966224737864722,600.75,188.893646666062,600.75
0.966469945659471,600.75,188.869297109757,600.75
0.966715200151288,600.75,188.844951877078,600.75
0.966960502295217,600.75,188.820610879479,600.75
0.967205850648042,600.75,188.796274247752,600.75
0.967451246196141,600.75,188.771941895835,600.75
0.967696689072218,600.75,188.747613806778,600.75
0.967942179011135,600.75,188.723290004239,600.75
0.968187716654524,600.75,188.698970429097,600.75
0.96843330123275,600.75,188.674655150336,600.75
0.968678933109585,600.75,188.650344137251,600.75
0.968924612300414,600.75,188.62603738677,600.75
0.969170338466433,600.75,188.601734930266,600.75
0.969416112082386,600.75,188.577436724768,600.75
0.969661932752268,600.75,188.553142804993,600.75
0.969907800041668,600.75,188.528853213185,600.75
0.970153715404937,600.75,188.504567815377,600.75
0.970399677818797,600.75,188.48028670015,600.75
0.970645687831734,600.75,188.456009820495,600.75
0.970891745189741,600.75,188.431737197732,600.75
0.971137849784817,600.75,188.407468842849,600.75
0.971384001362584,600.75,188.383204780082,600.75
0.971630200298769,600.75,188.358944975473,600.75
0.971876446775176,600.75,188.334689410142,600.75
0.972122740740681,600.75,188.310438087656,600.75
0.972369082356355,600.75,188.286190993012,600.75
0.972615471022269,600.75,188.261948181252,600.75
0.97286190732396,600.75,188.237709600516,600.75
0.973108390787397,600.75,188.213475292212,600.75
0.973354921718472,600.75,188.189245229761,600.75
0.973601500181366,600.75,188.165019405722,600.75
0.973848126233127,600.75,188.140797814199,600.75
0.97409479966448,600.75,188.116580474214,600.75
0.974341521435337,600.75,188.092367297328,600.75
0.974588290288627,600.75,188.068158395748,600.75
0.974835107582988,600.75,188.043953648766,600.75
0.975081971272165,600.75,188.019753240339,600.75
0.975328882920412,600.75,187.995557034375,600.75
0.975575842626786,600.75,187.971365014766,600.75
0.975822849361869,600.75,187.947177275841,600.75
0.976069904539563,600.75,187.922993691156,600.75
0.976317006740423,600.75,187.898814385865,600.75
0.976564157009232,600.75,187.874639269229,600.75
0.976811355056697,600.75,187.850468363456,600.75
0.977058600849597,600.75,187.826301672491,600.75
0.977305894267833,600.75,187.802139207593,600.75
0.977553236227336,600.75,187.777980884415,600.75
0.977800624771796,600.75,187.7538268796,600.75
0.9780480611859,600.75,187.729677083131,600.75
0.978295546269953,600.75,187.705531415437,600.75
0.978543078437597,600.75,187.681390018771,600.75
0.978790659448295,600.75,187.657252737598,600.75
0.9790382877107,600.75,187.63311971111,600.75
0.979285963862671,600.75,187.608990887182,600.75
0.979533687796624,600.75,187.584866273192,600.75
0.979781459986855,600.75,187.560745825499,600.75
0.980029279885811,600.75,187.536629592281,600.75
0.980277148143822,600.75,187.512517515844,600.75
0.980525064071353,600.75,187.488409656795,600.75
0.980773028325957,600.75,187.464305957427,600.75
0.981021040407805,600.75,187.44020646084,600.75
0.981269100269588,600.75,187.416111173399,600.75
0.981517208479469,600.75,187.392020043065,600.75
0.98176536456028,600.75,187.367933110984,600.75
0.982013568580984,600.75,187.343850372725,600.75
0.98226182127085,600.75,187.319771760932,600.75
0.982510122031012,600.75,187.29569732712,600.75
0.982758470576419,600.75,187.271627099943,600.75
0.983006867187229,600.75,187.247561055118,600.75
0.983255312388868,600.75,187.223499143054,600.75
0.983503805673218,600.75,187.199441407726,600.75
0.983752346912659,600.75,187.175387862933,600.75
0.984000936415954,600.75,187.151338481024,600.75
0.984249574294327,600.75,187.127293250292,600.75
0.984498260141223,600.75,187.103252207276,600.75
0.984746994214561,600.75,187.079215330078,600.75
0.984995776456042,600.75,187.055182622879,600.75
0.985244606765198,600.75,187.031154094946,600.75
0.985493485744629,600.75,187.007129691458,600.75
0.985742412881974,600.75,186.983109456449,600.75
0.985991388806352,600.75,186.959093334405,600.75
0.986240413679795,600.75,186.935081307684,600.75
0.986489486380914,600.75,186.911073477813,600.75
0.986738607622063,600.75,186.887069784741,600.75
0.986987777374779,600.75,186.863070228101,600.75
0.987236995896162,600.75,186.839074784174,600.75
0.987486262536439,600.75,186.815083511037,600.75
0.987735577231208,600.75,186.7910964174,600.75
0.987984941117691,600.75,186.7671133999,600.75
0.988234353337309,600.75,186.743134531546,600.75
0.988483813524989,600.75,186.719159849092,600.75
0.98873332289578,600.75,186.695189243658,600.75
0.988982880471828,600.75,186.671222798825,600.75
0.98923248727695,600.75,186.647260425269,600.75
0.989482142029028,600.75,186.623302235348,600.75
0.989731845786242,600.75,186.599348138167,600.75
0.989981598303421,600.75,186.575398151563,600.75
0.990231399063214,600.75,186.551452323283,600.75
0.990481248669716,600.75,186.52751060075,600.75
0.99073114678597,600.75,186.503573011948,600.75
0.990981094278988,600.75,186.479639479298,600.75
0.991231090356778,600.75,186.45571007085,600.75
0.991481134787003,600.75,186.431784810968,600.75
0.99173122829817,600.75,186.407863634781,600.75
0.991981370276564,600.75,186.383946594685,600.75
0.992231560843256,600.75,186.360033682143,600.75
0.992481800476261,600.75,186.336124853367,600.75
0.992732088980707,600.75,186.312220123732,600.75
0.992982426489885,600.75,186.288319481794,600.75
0.993232812932142,600.75,186.264422933458,600.75
0.993483248567363,600.75,186.240530455411,600.75
0.993733733029932,600.75,186.216642079563,600.75
0.993984266373068,600.75,186.192757802619,600.75
0.994234848646302,600.75,186.168877619928,600.75
0.994485479781885,600.75,186.145001537313,600.75
0.994736160409699,600.75,186.121129498029,600.75
0.994986889894979,600.75,186.097261556579,600.75
0.99523766815327,600.75,186.073397723194,600.75
0.995488495517817,600.75,186.049537968323,600.75
0.995739371911715,600.75,186.025682297378,600.75
0.995990297363972,600.75,186.001830707897,600.75
0.996241271970056,600.75,185.977983191097,600.75
0.996492295539261,600.75,185.95413976369,600.75
0.996743368183256,600.75,185.930300416375,600.75
0.996994490057199,600.75,185.906465134672,600.75
0.997245661616726,600.75,185.882633876724,600.75
0.997496881829356,600.75,185.858806733415,600.75
0.997748151041513,600.75,185.834983677976,600.75
0.997999469071413,600.75,185.811164725535,600.75
0.9982508368171,600.75,185.78734979588,600.75
0.998502254331372,600.75,185.763538880234,600.75
0.99875372097696,600.75,185.739732035328,600.75
0.999005237236042,600.75,185.715929220628,600.75
0.999256801850585,600.75,185.69213054728,600.75
0.999508416437799,600.75,185.668335875368,600.75
0.999760080311915,600.75,185.64454525967,600.75
1.00001179303826,600.75,185.620758741648,600.75
1.00026355598542,600.75,185.596976200578,600.75
1.00051536757833,600.75,185.573197771836,600.75
1.00076722868202,600.75,185.549423384304,600.75
1.00101913927982,600.75,185.525653036143,600.75
1.00127109962314,600.75,185.501886704554,600.75
1.00152310934761,600.75,185.478124421039,600.75
1.00177516920622,600.75,185.454366119659,600.75
1.00202727848693,600.75,185.43061186097,600.75
1.0022794368395,600.75,185.406861679206,600.75
1.00253164504295,600.75,185.38311550643,600.75
1.00278390265669,600.75,185.359373378711,600.75
1.00303621005908,600.75,185.33563526384,600.75
1.00328856719619,600.75,185.311901165094,600.75
1.00354097420351,600.75,185.288171070459,600.75
1.00379343067314,600.75,185.264445015793,600.75
1.0040459367549,600.75,185.240722989451,600.75
1.0042984927175,600.75,185.217004966911,600.75
1.00455109806848,600.75,185.193290990867,600.75
1.00480375399784,600.75,185.169580957199,600.75
1.00505645911043,600.75,185.145874985278,600.75
1.0053092141928,600.75,185.122173010675,600.75
1.00556201873518,600.75,185.098475075852,600.75
1.00581487302332,600.75,185.074781157289,600.75
1.00606777688796,600.75,185.051091268951,600.75
1.00632073139851,600.75,185.027405316242,600.75
1.00657373571579,600.75,185.003723369229,600.75
1.00682678942651,600.75,184.980045467982,600.75
1.00707989296836,600.75,184.956371575664,600.75
1.0073330459512,600.75,184.932701725188,600.75
1.00758624910568,600.75,184.909035853113,600.75
1.00783950266945,600.75,184.885373935251,600.75
1.00809280590446,600.75,184.861716035869,600.75
1.0083461593275,600.75,184.838062112209,600.75
1.00859956287057,600.75,184.814412168344,600.75
1.0088530162482,600.75,184.790766229728,600.75
1.00910651995677,600.75,184.767124253594,600.75
1.00936007381589,600.75,184.743486253899,600.75
1.00961367811002,600.75,184.719852206051,600.75
1.00986733216672,600.75,184.696222168483,600.75
1.01012103627332,600.75,184.672596118566,600.75
1.01037479007112,600.75,184.648974087049,600.75
1.01062859443656,600.75,184.625355997786,600.75
1.01088244903613,600.75,184.601741876623,600.75
1.01113635384341,600.75,184.578131727037,600.75
1.01139030921446,600.75,184.554525517792,600.75
1.01164431439089,600.75,184.530923314435,600.75
1.01189836988295,600.75,184.507325075025,600.75
1.01215247582891,600.75,184.483730785431,600.75
1.01240663207242,600.75,184.460140458704,600.75
1.01266083857411,600.75,184.436554098952,600.75
1.01291509594593,600.75,184.41297165242,600.75
1.01316940291277,600.75,184.389393229019,600.75
1.01342376035849,600.75,184.365818756056,600.75
1.01367816815526,600.75,184.342248241468,600.75
1.01393262674005,600.75,184.318681647004,600.75
1.01418713571285,600.75,184.295119006096,600.75
1.01444169536763,600.75,184.271560294451,600.75
1.01469630514161,600.75,184.248005560538,600.75
1.01495096561487,600.75,184.224454755632,600.75
1.01520567717227,600.75,184.20090784363,600.75
1.01546043896421,600.75,184.177364897463,600.75
1.01571525126178,600.75,184.153825896806,600.75
1.01597011431472,600.75,184.130290818892,600.75
1.01622502746041,600.75,184.106759720814,600.75
1.01647999180238,600.75,184.08323250839,600.75
1.01673500652389,600.75,184.059709248912,600.75
1.01699007232173,600.75,184.036189884345,600.75
1.01724518887742,600.75,184.01267444001,600.75
1.01750035621065,600.75,183.98916291535,600.75
1.01775557370632,600.75,183.965655364362,600.75
1.01801084223,600.75,183.942151713802,600.75
1.01826616127083,600.75,183.918652005021,600.75
1.01852153096903,600.75,183.895156227614,600.75
1.01877695202404,600.75,183.871664319953,600.75
1.01903242332696,600.75,183.848176376163,600.75
1.01928794631401,600.75,183.824692275041,600.75
1.01954351951757,600.75,183.801212139369,600.75
1.01979914353252,600.75,183.77773592285,600.75
1.02005481891882,600.75,183.754263574578,600.75
1.02031054475325,600.75,183.730795172739,600.75
1.02056632198389,600.75,183.707330638224,600.75
1.02082214988369,600.75,183.683870030928,600.75
1.021078029109,600.75,183.660413296335,600.75
1.02133395917764,600.75,183.636960474079,600.75
1.02158993978329,600.75,183.613511592729,600.75
1.02184597210827,600.75,183.590066550665,600.75
1.02210205545713,600.75,183.566625403756,600.75
1.02235818989177,600.75,183.543188149167,600.75
1.02261437562798,600.75,183.519754768144,600.75
1.02287061185127,600.75,183.496325330774,600.75
1.0231268995847,600.75,183.472899751348,600.75
1.02338323849659,600.75,183.449478054816,600.75
1.02363962852815,600.75,183.426060247388,600.75
1.02389606964287,600.75,183.402646332644,600.75
1.02415256214943,600.75,183.379236283993,600.75
1.0244091059819,600.75,183.355830105969,600.75
1.02466570151545,600.75,183.332427766228,600.75
1.02492234801623,600.75,183.309029327058,600.75
1.02517904606039,600.75,183.285634741423,600.75
1.0254357955014,600.75,183.262244019996,600.75
1.02569259634479,600.75,183.238857162792,600.75
1.02594944864928,600.75,183.215474164816,600.75
1.02620635215049,600.75,183.192095048831,600.75
1.02646330729769,600.75,183.168719777039,600.75
1.02672031436224,600.75,183.145348324258,600.75
1.02697737191653,600.75,183.121980812962,600.75
1.02723448137806,600.75,183.098617126238,600.75
1.02749164241704,600.75,183.075257287385,600.75
1.02774885481444,600.75,183.051901316316,600.75
1.02800611908314,600.75,183.02854916974,600.75
1.02826343439384,600.75,183.005200917437,600.75
1.02852080154953,600.75,182.981856493293,600.75
1.0287782204861,600.75,182.958515899934,600.75
1.02903569020155,600.75,182.935179223987,600.75
1.02929321196476,600.75,182.911846360049,600.75
1.02955078537783,600.75,182.888517337723,600.75
1.02980840999799,600.75,182.865192196492,600.75
1.03006608697456,600.75,182.841870839221,600.75
1.03032381523251,600.75,182.818553354199,600.75
1.03058159580266,600.75,182.795239656649,600.75
1.03083942797132,600.75,182.771929804353,600.75
1.03109731215356,600.75,182.748623764227,600.75
1.03135524810061,600.75,182.725321556351,600.75
1.03161323574329,600.75,182.702023187661,600.75
1.03187127503848,600.75,182.678728662316,600.75
1.03212936650618,600.75,182.655437935876,600.75
1.03238750963984,600.75,182.632151049914,600.75
1.0326457053522,600.75,182.608867927945,600.75
1.03290395260966,600.75,182.585588655402,600.75
1.03316225218083,600.75,182.562313170234,600.75
1.03342060356572,600.75,182.539041512744,600.75
1.03367900743897,600.75,182.515773626898,600.75
1.03393746336153,600.75,182.492509547951,600.75
1.03419597088134,600.75,182.469249316345,600.75
1.03445453040353,600.75,182.445992899388,600.75
1.03471314246101,600.75,182.42274025003,600.75
1.03497180677928,600.75,182.399491389649,600.75
1.03523052256168,600.75,182.376246387532,600.75
1.03548929094144,600.75,182.353005150004,600.75
1.0357481113339,600.75,182.32976772298,600.75
1.03600698409268,600.75,182.306534078276,600.75
1.03626590893218,600.75,182.283304239218,600.75
1.03652488625478,600.75,182.260078172545,600.75
1.03678391621769,600.75,182.236855863445,600.75
1.0370429984279,600.75,182.213637344898,600.75
1.0373021330923,600.75,182.190422600877,600.75
1.03756132013242,600.75,182.167211637533,600.75
1.037820558944,600.75,182.144004506833,600.75
1.03807985050018,600.75,182.120801128242,600.75
1.03833919407182,600.75,182.097601560436,600.75
1.03859859009601,600.75,182.074405768815,600.75
1.03885803878586,600.75,182.051213733832,600.75
1.03911753996565,600.75,182.028025469629,600.75
1.03937709345608,600.75,182.00484099224,600.75
1.03963669968738,600.75,181.981660265922,600.75
1.03989635845317,600.75,181.958483306759,600.75
1.04015606976048,600.75,181.935310114969,600.75
1.04041583434703,600.75,181.912140627969,600.75
1.04067565060121,600.75,181.888974980105,600.75
1.04093551997779,600.75,181.865813053892,600.75
1.04119544184234,600.75,181.842654898216,600.75
1.04145541667356,600.75,181.819500474571,600.75
1.04171544369663,600.75,181.796349847234,600.75
1.04197552386275,600.75,181.77320293846,600.75
1.04223565651711,600.75,181.750059800512,600.75
1.04249584194441,600.75,181.726920411631,600.75
1.04275608017687,600.75,181.703784768322,600.75
1.04301637092784,600.75,181.680652894829,600.75
1.04327671452257,600.75,181.657524764823,600.75
1.04353711154285,600.75,181.634400327979,600.75
1.04379756120985,600.75,181.611279648087,600.75
1.04405806410221,600.75,181.58816267915,600.75
1.04431861955381,600.75,181.565049475732,600.75
1.04457922805785,600.75,181.541939998659,600.75
1.04483988962884,600.75,181.518834245155,600.75
1.04510060410095,600.75,181.495732229203,600.75
1.04536137171104,600.75,181.472633931569,600.75
1.04562219229401,600.75,181.44953936551,600.75
1.04588306588737,600.75,181.426448528588,600.75
1.04614399237657,600.75,181.403361430541,600.75
1.04640497207193,600.75,181.380278045763,600.75
1.04666600492928,600.75,181.357198376984,600.75
1.04692709140154,600.75,181.334122386243,600.75
1.04718823008527,600.75,181.311050190355,600.75
1.04744942300307,600.75,181.287981624208,600.75
1.04771066903755,600.75,181.26491677485,600.75
1.04797196792403,600.75,181.241855668426,600.75
1.04823331986163,600.75,181.218798289673,600.75
1.04849472551594,600.75,181.195744582056,600.75
1.04875618394305,600.75,181.172694622585,600.75
1.04901769569523,600.75,181.149648368344,600.75
1.04927926125286,600.75,181.126605777289,600.75
1.04954088007014,600.75,181.103566893509,600.75
1.04980255238039,600.75,181.080531699508,600.75
1.05006427838994,600.75,181.057500177429,600.75
1.05032605776311,600.75,181.034472354819,600.75
1.0505878905082,600.75,181.011448232384,600.75
1.05084977723355,600.75,180.988427759325,600.75
1.051111716494,600.75,180.965411054793,600.75
1.05137371002471,600.75,180.942397978695,600.75
1.05163575720755,600.75,180.919388576936,600.75
1.05189785753806,600.75,180.89638289381,600.75
1.052160011384,600.75,180.873380900766,600.75
1.05242221844397,600.75,180.850382622007,600.75
1.05268448000449,600.75,180.827387951004,600.75
1.05294679490787,600.75,180.804396980112,600.75
1.05320916369559,600.75,180.781409668195,600.75
1.05347158623645,600.75,180.758426024753,600.75
1.05373406188003,600.75,180.735446104716,600.75
1.0539965921394,600.75,180.712469784266,600.75
1.05425917639464,600.75,180.68949710995,600.75
1.05452181406855,600.75,180.666528132079,600.75
1.0547845053861,600.75,180.643562834409,600.75
1.05504725106591,600.75,180.620601156497,600.75
1.05531005027803,600.75,180.597643165063,600.75
1.0555729034937,600.75,180.574688823872,600.75
1.05583581054864,600.75,180.551738145324,600.75
1.0560987722774,600.75,180.528791060538,600.75
1.05636178739449,600.75,180.505847673814,600.75
1.0566248569418,600.75,180.482907903104,600.75
1.05688798045902,600.75,180.459971783481,600.75
1.05715115775002,600.75,180.437039332898,600.75
1.05741438932249,600.75,180.414110510168,600.75
1.05767767484545,600.75,180.391185341226,600.75
1.0579410147843,600.75,180.368263788656,600.75
1.05820440836086,600.75,180.345345915751,600.75
1.05846785633907,600.75,180.322431661973,600.75
1.05873135882021,600.75,180.29952101654,600.75
1.05899491565081,600.75,180.276613991842,600.75
1.05925852637737,600.75,180.2537106263,600.75
1.05952219124543,600.75,180.230810901481,600.75
1.05978591082253,600.75,180.207914769749,600.75
1.06004968429655,600.75,180.185022296537,600.75
1.06031351260779,600.75,180.16213340692,600.75
1.06057739513733,600.75,180.13924814923,600.75
1.06084133243185,600.75,180.116366480413,600.75
1.06110532398419,600.75,180.093488440903,600.75
1.06136937004289,600.75,180.070614012069,600.75
1.06163347085063,600.75,180.047743173304,600.75
1.06189762561427,600.75,180.024875989526,600.75
1.06216183499666,600.75,180.002012408957,600.75
1.062426098478,600.75,179.979152472619,600.75
1.0626904173334,600.75,179.956296077041,600.75
1.06295479016846,600.75,179.9334433332,600.75
1.06321921777938,600.75,179.910594180276,600.75
1.06348370049939,600.75,179.887748588508,600.75
1.06374823698686,600.75,179.864906667475,600.75
1.06401282867157,600.75,179.842068304186,600.75
1.06427747470952,600.75,179.819233563724,600.75
1.06454217552883,600.75,179.796402413671,600.75
1.06480693096445,600.75,179.773574866561,600.75
1.06507174165133,600.75,179.750750870805,600.75
1.0653366069744,600.75,179.72793047509,600.75
1.06560152749315,600.75,179.705113635649,600.75
1.06586650314926,600.75,179.682300355722,600.75
1.06613153286622,600.75,179.659490724235,600.75
1.06639661770431,600.75,179.636684658093,600.75
1.06666175825974,600.75,179.613882105023,600.75
1.06692695285731,600.75,179.591083200578,600.75
1.0671922021046,600.75,179.568287900905,600.75
1.06745750709931,600.75,179.545496114371,600.75
1.06772286733065,600.75,179.522707879105,600.75
1.06798828205572,600.75,179.499923257883,600.75
1.06825375207634,600.75,179.477142187972,600.75
1.06851927687127,600.75,179.454364709757,600.75
1.06878485696049,600.75,179.431590782487,600.75
1.06905049301542,600.75,179.408820349675,600.75
1.06931618390017,600.75,179.386053502186,600.75
1.06958193010701,600.75,179.363290203836,600.75
1.06984773108893,600.75,179.340530498283,600.75
1.07011358733907,600.75,179.317774347226,600.75
1.07037949951756,600.75,179.295021695302,600.75
1.07064546637528,600.75,179.272272642526,600.75
1.0709114895161,600.75,179.249527062232,600.75
1.07117756759854,600.75,179.226785059094,600.75
1.07144370116832,600.75,179.204046593104,600.75
1.07170989019439,600.75,179.181311665528,600.75
1.07197613449213,600.75,179.158580291705,600.75
1.07224243491165,600.75,179.135852403162,600.75
1.07250879034589,600.75,179.113128087626,600.75
1.07277520123982,600.75,179.090407312743,600.75
1.07304166745755,600.75,179.067690088621,600.75
1.0733081895613,600.75,179.044976370055,600.75
1.07357476677448,600.75,179.022266218699,600.75
1.073841400265,600.75,178.999559542239,600.75
1.07410808913758,600.75,178.976856410036,600.75
1.0743748337256,600.75,178.954156798066,600.75
1.07464163370165,600.75,178.93146073236,600.75
1.07490849012511,600.75,178.908768128068,600.75
1.07517540207295,600.75,178.886079056983,600.75
1.07544237004764,600.75,178.863393481493,600.75
1.07570939316869,600.75,178.840711471991,600.75
1.07577745093312,600.75,178.834195145867,600.75
1.07584550869755,600.75,178.828361232555,600.75
1.0758877181063,600.75,178.824684113571,600.75
1.07590544216591,600.75,178.823083346006,600.75
1.07592316622552,600.75,178.821573693064,600.75
1.07595583977936,600.75,178.818879049436,600.75
1.0759885133332,600.75,178.816174730426,600.75
1.07611471773553,600.75,178.806390072715,600.75
1.07624084915784,600.75,178.796815508073,600.75
1.07637084458608,600.75,178.787410211587,600.75
1.07650483137759,600.75,178.778151155312,600.75
1.07664306584066,600.75,178.768994355855,600.75
1.0767858203957,600.75,178.759895778864,600.75
1.07693339434238,600.75,178.750812059558,600.75
1.07708611888309,600.75,178.741700284565,600.75
1.07724435949077,600.75,178.732517827027,600.75
1.07740852288091,600.75,178.723221910746,600.75
1.07757906298405,600.75,178.713769240407,600.75
1.07775648907975,600.75,178.704115521671,600.75
1.07794137672455,600.75,178.694214841594,600.75
1.07813437888444,600.75,178.684019048286,600.75
1.07833624409129,600.75,178.673476774835,600.75
1.07854783595729,600.75,178.662532406146,600.75
1.07877016459065,600.75,178.651124452636,600.75
1.07900442630726,600.75,178.639183521483,600.75
1.07925206265012,600.75,178.626629336923,600.75
1.07951485220022,600.75,178.613366144505,600.75
1.07979506077709,600.75,178.599275238925,600.75
1.0800956909727,600.75,178.584202602065,600.75
1.08042099011889,600.75,178.567933803417,600.75
1.0807775503298,600.75,178.550139728109,600.75
1.08117735093877,600.75,178.530226636305,600.75
1.08165025222246,600.75,178.506720970758,600.75
1.08215895567294,600.75,178.481452138556,600.75
1.08266765912341,600.75,178.456199914791,600.75
1.08312814311503,600.75,178.433346601577,600.75
1.08356546914148,600.75,178.411677939068,600.75
1.08398958491043,600.75,178.390691410527,600.75
1.08441085394694,600.75,178.369871506983,600.75
1.08483263406739,600.75,178.349048011786,600.75
1.08525661029531,600.75,178.328136641123,600.75
1.08568295611259,600.75,178.307128357907,600.75
1.08611150591759,600.75,178.286031487899,600.75
1.08654195581853,600.75,178.264861263793,600.75
1.08697408212289,600.75,178.243629012727,600.75
1.08740774221126,600.75,178.222342028193,600.75
1.08784287637911,600.75,178.20100349755,600.75
1.08827948017186,600.75,178.17961386925,600.75
1.08871757628387,600.75,178.158172244862,600.75
1.08915720207177,600.75,178.136677005896,600.75
1.08959839884797,600.75,178.11512634301,600.75
1.09004120807408,600.75,178.093518446406,600.75
1.0904856741455,600.75,178.071851373285,600.75
1.09093183913579,600.75,178.050123301283,600.75
1.09137974699596,600.75,178.028332327353,600.75
1.09182944249807,600.75,178.006476517601,600.75
1.09228097395495,600.75,177.984553776843,600.75
1.09273439140929,600.75,177.962561935621,600.75
1.09318974487526,600.75,177.940498835857,600.75
1.09364708867116,600.75,177.918362123601,600.75
1.09410648221792,600.75,177.896149210298,600.75
1.09456798743863,600.75,177.873857398392,600.75
1.09503166921949,600.75,177.851483860955,600.75
1.0954975967095,600.75,177.829025580297,600.75
1.0959658438618,600.75,177.80647932283,600.75
1.09643648799064,600.75,177.783841709119,600.75
1.09690961296456,600.75,177.761109063086,600.75
1.09738530703766,600.75,177.738277516164,600.75
1.09786366635766,600.75,177.715342842296,600.75
1.09834479026991,600.75,177.69230068242,600.75
1.09882879314175,600.75,177.669145985238,600.75
1.09931578645975,600.75,177.645873857449,600.75
1.09980590334072,600.75,177.622478406548,600.75
1.10029928244305,600.75,177.598953501694,600.75
1.10079607124353,600.75,177.575292625007,600.75
1.1012964384408,600.75,177.551488287432,600.75
1.10180056260889,600.75,177.527532567021,600.75
1.10230864132708,600.75,177.503416684657,600.75
1.10282089246106,600.75,177.479130947191,600.75
1.10333756117292,600.75,177.454664423345,600.75
1.10385891247607,600.75,177.430005300404,600.75
1.1043852529482,600.75,177.405139872959,600.75
1.10491692693947,600.75,177.380052728266,600.75
1.10545431829981,600.75,177.354726678382,600.75
1.10599788068652,600.75,177.329141354342,600.75
1.10654812801404,600.75,177.303273667933,600.75
1.10710566482624,600.75,177.277096415827,600.75
1.10767120679537,600.75,177.250577347068,600.75
1.10824561559924,600.75,177.223677571273,600.75
1.10882994128128,600.75,177.196349630367,600.75
1.10942549402617,600.75,177.168534219998,600.75
1.11003395080357,600.75,177.140155317508,600.75
1.11065753177442,600.75,177.111112116143,600.75
1.1112993011259,600.75,177.081265265006,600.75
1.11196374208709,600.75,177.050410549292,600.75
1.11265799394761,600.75,177.018222233047,600.75
1.11339511387383,600.75,176.984103561414,600.75
1.11420585410529,600.75,176.946646726729,600.75
1.11524344858079,600.75,176.898825997073,600.75
1.11608516317596,600.75,176.860065785012,600.75
1.11680329612782,600.75,176.827063484046,600.75
1.11769707991262,600.75,176.786105505192,600.75
1.11830225701172,600.75,176.758377906955,600.75
1.11890743411081,600.75,176.730718814098,600.75
1.11964766788673,600.75,176.696952843448,600.75
1.12027504901681,600.75,176.668359214034,600.75
1.12085410630344,600.75,176.6420093211,600.75
1.12143841421179,600.75,176.615460993149,600.75
1.12200973357239,600.75,176.589536261574,600.75
1.12256570668868,600.75,176.564340500405,600.75
1.12311231116987,600.75,176.539601237675,600.75
1.1236512409159,600.75,176.515240061207,600.75
1.12418320705032,600.75,176.49122348752,600.75
1.12470907019198,600.75,176.467511550501,600.75
1.12522951775044,600.75,176.444072272399,600.75
1.12574506955111,600.75,176.420881370757,600.75
1.12625614136586,600.75,176.397919359879,600.75
1.12676308020997,600.75,176.375169936,600.75
1.12726617591197,600.75,176.352619437969,600.75
1.12776568274292,600.75,176.330255862894,600.75
1.12826181627787,600.75,176.308068995651,600.75
1.12875476722339,600.75,176.286049780703,600.75
1.12924470862177,600.75,176.26418999351,600.75
1.12973179107823,600.75,176.242482448034,600.75
1.13021615337559,600.75,176.220920518058,600.75
1.13069792253215,600.75,176.199498131213,600.75
1.13117721139329,600.75,176.178209872632,600.75
1.13165412532301,600.75,176.157050684079,600.75
1.1321287640438,600.75,176.136015780339,600.75
1.13260121422232,600.75,176.115100975986,600.75
1.13307156140673,600.75,176.094302153552,600.75
1.13353988269387,600.75,176.073615587539,600.75
1.134006253646,600.75,176.053037636489,600.75
1.13447073807435,600.75,176.03256519341,600.75
1.13493339834301,600.75,176.01219522822,600.75
1.1353942961188,600.75,175.991924754717,600.75
1.13585348828196,600.75,175.971751010254,600.75
1.13631102638565,600.75,175.951671477983,600.75
1.1367669621438,600.75,175.931683644493,600.75
1.13722133980201,600.75,175.911785334757,600.75
1.13767420453971,600.75,175.891974341559,600.75
1.13812559982685,600.75,175.872248541975,600.75
1.13857556735379,600.75,175.852605899787,600.75
1.13902414074955,600.75,175.833044739451,600.75
1.13947136041227,600.75,175.813563096184,600.75
1.13991726014285,600.75,175.794159301789,600.75
1.14036187234817,600.75,175.774831755132,600.75
1.14080522972954,600.75,175.755578848705,600.75
1.14124736079764,600.75,175.736399163934,600.75
1.14168829651103,600.75,175.717291181233,600.75
1.14212806238447,600.75,175.698253623839,600.75
1.14256668826162,600.75,175.679285031791,600.75
1.14300419633474,600.75,175.660384283135,600.75
1.14344061472574,600.75,175.641550002769,600.75
1.14387596520302,600.75,175.622781096708,600.75
1.14431026684194,600.75,175.604076590874,600.75
1.14474354630179,600.75,175.585435187214,600.75
1.14517582239741,600.75,175.566855932359,600.75
1.14560711647034,600.75,175.548337766706,600.75
1.14603744749191,600.75,175.529879737218,600.75
1.14646683435239,600.75,175.511480897753,600.75
1.14689529526277,600.75,175.493140335046,600.75
1.14732284743332,600.75,175.474857182271,600.75
1.14774950840599,600.75,175.45663056158,600.75
1.14817529434196,600.75,175.438459657782,600.75
1.14860022111118,600.75,175.420343671071,600.75
1.14902430406463,600.75,175.402281826872,600.75
1.14944755691649,600.75,175.384273423457,600.75
1.14986999546543,600.75,175.366317672451,600.75
1.15029163294616,600.75,175.348413898308,600.75
1.15071248535999,600.75,175.330561309633,600.75
1.15113256355725,600.75,175.312759337991,600.75
1.15155188119383,600.75,175.295007296645,600.75
1.15197045063548,600.75,175.277304556854,600.75
1.15238828200765,600.75,175.259650587169,600.75
1.1528053896558,600.75,175.242044678519,600.75
1.15322178492368,600.75,175.224486252735,600.75
1.15363747789204,600.75,175.206974786687,600.75
1.15405247780105,600.75,175.189509794406,600.75
1.15446679754246,600.75,175.172090637085,600.75
1.15488044791509,600.75,175.154716767638,600.75
1.15529343624842,600.75,175.137387787,600.75
1.15570577297287,600.75,175.120103165844,600.75
1.15611746781757,600.75,175.102862407096,600.75
1.1565285302004,600.75,175.085665028498,600.75
1.1569389702813,600.75,175.068510518256,600.75
1.15734879489434,600.75,175.051398506429,600.75
1.15775801473036,600.75,175.034328461554,600.75
1.15816663798083,600.75,175.01729996,600.75
1.15857466985355,600.75,175.00031270411,600.75
1.15898212094197,600.75,174.983366170803,600.75
1.15938899794002,600.75,174.966460003607,600.75
1.15979530939259,600.75,174.9495937689,600.75
1.16020106263272,600.75,174.932767085723,600.75
1.16060626358163,600.75,174.915979633074,600.75
1.1610109196013,600.75,174.899231030544,600.75
1.16141503769922,600.75,174.882520914275,600.75
1.16181862542378,600.75,174.86584889911,600.75
1.16222169039746,600.75,174.84921459836,600.75
1.16262423799188,600.75,174.832617720283,600.75
1.16302627453326,600.75,174.816057933784,600.75
1.16342780611999,600.75,174.79953491865,600.75
1.16382883849872,600.75,174.783048370317,600.75
1.16422937772898,600.75,174.766597972211,600.75
1.16462943099686,600.75,174.750183362357,600.75
1.16502900356125,600.75,174.733804260131,600.75
1.16542809890768,600.75,174.71746045848,600.75
1.16582672669273,600.75,174.701151495692,600.75
1.16622488865819,600.75,174.684877240235,600.75
1.16662259098816,600.75,174.668637375268,600.75
1.16701983984626,600.75,174.652431587311,600.75
1.16741663910383,600.75,174.636259658371,600.75
1.16781299453342,600.75,174.620121292209,600.75
1.16820891109061,600.75,174.60401622781,600.75
1.1686043931365,600.75,174.587944229182,600.75
1.16899944565591,600.75,174.571905035319,600.75
1.16939407318299,600.75,174.55589840479,600.75
1.16978828007488,600.75,174.539924104073,600.75
1.17018207067254,600.75,174.523981901012,600.75
1.17057545052185,600.75,174.508071515013,600.75
1.17096842290709,600.75,174.492192759231,600.75
1.17136099235127,600.75,174.476345396046,600.75
1.17175316360528,600.75,174.460529179794,600.75
1.17214493941532,600.75,174.44474394739,600.75
1.17253632549466,600.75,174.428989414762,600.75
1.1729273246497,600.75,174.413265418142,600.75
1.17331794104073,600.75,174.397571738176,600.75
1.17370817848487,600.75,174.381908170652,600.75
1.1740980401311,600.75,174.366274539024,600.75
1.17448753104496,600.75,174.350670589394,600.75
1.17487665314743,600.75,174.335096196807,600.75
1.17526541244314,600.75,174.319551070245,600.75
1.17565380982395,600.75,174.304035127967,600.75
1.17604185025663,600.75,174.288548121805,600.75
1.17642953565492,600.75,174.273089929245,600.75
1.17681687133861,600.75,174.257660289639,600.75
1.17720385993099,600.75,174.242259053269,600.75
1.17759050484589,600.75,174.226886037956,600.75
1.17797680880246,600.75,174.211541090316,600.75
1.17836277411447,600.75,174.196224073437,600.75
1.17874840585012,600.75,174.180934740093,600.75
1.17913370597371,600.75,174.165672969657,600.75
1.17951867732925,600.75,174.150438605233,600.75
1.17990332348651,600.75,174.135231461692,600.75
1.180287648065,600.75,174.120051352915,600.75
1.18067165158975,600.75,174.104898217107,600.75
1.18105533850669,600.75,174.08977183454,600.75
1.18143871167331,600.75,174.074672051441,600.75
1.18182177291817,600.75,174.059598754897,600.75
1.18220452640958,600.75,174.04455173857,600.75
1.18258697411902,600.75,174.029530885387,600.75
1.18296911854958,600.75,174.01453605646,600.75
1.18335096257447,600.75,173.999567098824,600.75
1.18373250881653,600.75,173.984623870163,600.75
1.18411375826187,600.75,173.96970629341,600.75
1.18449471531657,600.75,173.954814155315,600.75
1.18487538259879,600.75,173.939947315891,600.75
1.18525576094009,600.75,173.925105705458,600.75
1.18563585371889,600.75,173.91028915281,600.75
1.18601566374642,600.75,173.895497511016,600.75
1.18639519283335,600.75,173.880730672897,600.75
1.18677444250244,600.75,173.865988542377,600.75
1.18715341529612,600.75,173.851270983294,600.75
1.18753211349386,600.75,173.836577870828,600.75
1.18791054070829,600.75,173.821909028015,600.75
1.1882886969279,600.75,173.807264421636,600.75
1.18866658711239,600.75,173.79264382133,600.75
1.18904421140712,600.75,173.778047189078,600.75
1.18942157253548,600.75,173.763474383325,600.75
1.1897986720885,600.75,173.7489253086,600.75
1.19017551167279,600.75,173.734399868564,600.75
1.19055209416608,600.75,173.719897917428,600.75
1.19092842187412,600.75,173.70541933297,600.75
1.19130449651286,600.75,173.690964016094,600.75
1.19168031961329,600.75,173.676531874841,600.75
1.19205589331121,600.75,173.662122793811,600.75
1.19243121945648,600.75,173.64773666946,600.75
1.19280630113061,600.75,173.633373350497,600.75
1.19318113761661,600.75,173.619032834527,600.75
1.1935557321108,600.75,173.604714964824,600.75
1.19393008760191,600.75,173.590419595471,600.75
1.19430420356112,600.75,173.576146717481,600.75
1.19467808313438,600.75,173.56189617726,600.75
1.19505172777122,600.75,173.547667889517,600.75
1.19542513900442,600.75,173.533461765108,600.75
1.19579831946325,600.75,173.519277672743,600.75
1.19617126935647,600.75,173.505115575729,600.75
1.19654399208692,600.75,173.49097531271,600.75
1.19691648817303,600.75,173.476856835998,600.75
1.19728875971154,600.75,173.462760035514,600.75
1.19766080794568,600.75,173.448684835262,600.75
1.19803263486461,600.75,173.434631130294,600.75
1.19840424088978,600.75,173.420598876681,600.75
1.19877562950097,600.75,173.406587912176,600.75
1.19914680008367,600.75,173.392598234089,600.75
1.19951775699132,600.75,173.378629646677,600.75
1.19988850041202,600.75,173.36468211751,600.75
1.20025902996055,600.75,173.350755633603,600.75
1.20062934915571,600.75,173.336850032087,600.75
1.20099945877995,600.75,173.322965257801,600.75
1.2013693599121,600.75,173.309101242754,600.75
1.20173905535492,600.75,173.295257853454,600.75
1.20210854621134,600.75,173.281435022822,600.75
1.2024778328828,600.75,173.2676327096,600.75
1.20284691718213,600.75,173.253850818337,600.75
1.20321580047169,600.75,173.24008927196,600.75
1.20358448411926,600.75,173.226347993175,600.75
1.20395296916078,600.75,173.212626917496,600.75
1.20432125763016,600.75,173.198925942533,600.75
1.20468935077447,600.75,173.185244996729,600.75
1.20505724962222,600.75,173.171584016497,600.75
1.20542495601383,600.75,173.157942907516,600.75
1.2057924693392,600.75,173.144321668953,600.75
1.20615979304711,600.75,173.130720144906,600.75
1.20652692667317,600.75,173.117138330479,600.75
1.20689387307354,600.75,173.103576092905,600.75
1.20726063203907,600.75,173.090033417559,600.75
1.20762720652247,600.75,173.07651016871,600.75
1.20799359683406,600.75,173.063006312635,600.75
1.20835980220296,600.75,173.049521854516,600.75
1.20872582678466,600.75,173.036056613534,600.75
1.20909167021721,600.75,173.022610582607,600.75
1.20945733451339,600.75,173.009183662481,600.75
1.20982281920809,600.75,172.995775848566,600.75
1.21018812724331,600.75,172.982387006971,600.75
1.21055325863936,600.75,172.96901711597,600.75
1.21091821531878,600.75,172.955666080744,600.75
1.21128299760244,600.75,172.942333867864,600.75
1.21164760719385,600.75,172.929020391269,600.75
1.21201204406969,600.75,172.915725630506,600.75
1.21237630989973,600.75,172.90244950083,600.75
1.2127404073234,600.75,172.889191882907,600.75
1.21310433480445,600.75,172.875952813901,600.75
1.2134680950642,600.75,172.862732169387,600.75
1.21383168813536,600.75,172.849529928267,600.75
1.21419511582597,600.75,172.836346001748,600.75
1.21455837956892,600.75,172.82318031648,600.75
1.21492147888319,600.75,172.81003287,600.75
1.21528441534644,600.75,172.796903582078,600.75
1.21564719088601,600.75,172.783792361357,600.75
1.21600980443508,600.75,172.770699227765,600.75
1.2163722599451,600.75,172.757624013504,600.75
1.21673455566071,600.75,172.744566765689,600.75
1.21709669317673,600.75,172.731527403409,600.75
1.2174586745164,600.75,172.718505832643,600.75
1.21782049992795,600.75,172.70550202552,600.75
1.21818216989806,600.75,172.692515944018,600.75
1.21854368654121,600.75,172.679547490518,600.75
1.21890504975334,600.75,172.666596650493,600.75
1.21926626056319,600.75,172.653663366133,600.75
1.21962732111388,600.75,172.640747539793,600.75
1.21998822949252,600.75,172.627849223608,600.75
1.2203489894216,600.75,172.614968260012,600.75
1.22070959959147,600.75,172.602104680401,600.75
1.22107006113732,600.75,172.589258422803,600.75
1.22143037700176,600.75,172.576429361274,600.75
1.22179054595021,600.75,172.563617524264,600.75
1.22215056904117,600.75,172.550822853065,600.75
1.2225104478746,600.75,172.538045271146,600.75
1.22287018354304,600.75,172.525284721296,600.75
1.22322977618742,600.75,172.512541180635,600.75
1.22358922629086,600.75,172.499814613031,600.75
1.2239485349323,600.75,172.487104961068,600.75
1.22430770378458,600.75,172.474412146527,600.75
1.22466673306795,600.75,172.461736144611,600.75
1.22502562328609,600.75,172.449076919055,600.75
1.22538437534178,600.75,172.436434419411,600.75
1.22574298988918,600.75,172.423808604736,600.75
1.22610146753687,600.75,172.411199435645,600.75
1.22645980996996,600.75,172.398606833982,600.75
1.22681801740792,600.75,172.386030775619,600.75
1.22717609049549,600.75,172.373471219902,600.75
1.22753402915143,600.75,172.360928152692,600.75
1.2278918361438,600.75,172.348401456808,600.75
1.22824951006517,600.75,172.335891167993,600.75
1.22860705258253,600.75,172.323397207843,600.75
1.22896446554641,600.75,172.310919494174,600.75
1.22932174863788,600.75,172.29845802317,600.75
1.22967890197378,600.75,172.286012773385,600.75
1.23003592681153,600.75,172.273583682868,600.75
1.23039282458094,600.75,172.261170684801,600.75
1.23074959397491,600.75,172.248773810545,600.75
1.23110623674033,600.75,172.23639297978,600.75
1.23146275367302,600.75,172.22402814904,600.75
1.23181914599021,600.75,172.21167925929,600.75
1.23217541451587,600.75,172.199346266007,600.75
1.23253155917829,600.75,172.18702915629,600.75
1.2328875803853,600.75,172.174727899316,600.75
1.23324347913466,600.75,172.162442443797,600.75
1.23359925572565,600.75,172.150172763978,600.75
1.23395491136427,600.75,172.1379188014,600.75
1.23431044688429,600.75,172.125680511792,600.75
1.23466586233618,600.75,172.113457878426,600.75
1.23502115785238,600.75,172.101250880906,600.75
1.23537633571834,600.75,172.089059422842,600.75
1.23573139501632,600.75,172.076883523349,600.75
1.23608633663089,600.75,172.064723134873,600.75
1.2364411630876,600.75,172.052578153722,600.75
1.23679587184019,600.75,172.04044865688,600.75
1.23715046473317,600.75,172.028334561622,600.75
1.23750494423,600.75,172.016235767742,600.75
1.23785930892029,600.75,172.004152312372,600.75
1.23821355900819,600.75,171.992084171976,600.75
1.2385676968443,600.75,171.980031249132,600.75
1.23892172169552,600.75,171.967993557066,600.75
1.23927563591138,600.75,171.95597099807,600.75
1.2396294381568,600.75,171.943963606518,600.75
1.23998312918333,600.75,171.93197134018,600.75
1.24033670999667,600.75,171.919994149925,600.75
1.24069018070902,600.75,171.908032018369,600.75
1.24104354306878,600.75,171.896084870226,600.75
1.24139679617325,600.75,171.88415272441,600.75
1.2417499419258,600.75,171.872235499456,600.75
1.24210298055234,600.75,171.860333175202,600.75
1.24245591228884,600.75,171.84844572965,600.75
1.2428087373462,600.75,171.836573141602,600.75
1.24316145573909,600.75,171.824715396678,600.75
1.24351406924453,600.75,171.812872419243,600.75
1.24386657812516,600.75,171.80104418819,600.75
1.24421898199422,600.75,171.789230703471,600.75
1.2445712820902,600.75,171.777431908004,600.75
1.24492347910829,600.75,171.765647765323,600.75
1.24527557374712,600.75,171.753878238504,600.75
1.24562756671594,600.75,171.742123290322,600.75
1.24597945743271,600.75,171.730382928157,600.75
1.2463312468528,600.75,171.718657105012,600.75
1.24668293623644,600.75,171.706945765097,600.75
1.24703452514973,600.75,171.695248911489,600.75
1.24738601436456,600.75,171.683566504001,600.75
1.24773740447287,600.75,171.671898509906,600.75
1.24808869472315,600.75,171.66024494253,600.75
1.24843988763364,600.75,171.648605701631,600.75
1.24879098204183,600.75,171.636980816761,600.75
1.24914197937735,600.75,171.625370224914,600.75
1.24949288003332,600.75,171.613773901249,600.75
1.24984368484042,600.75,171.602191805119,600.75
1.25019439365526,600.75,171.590623929624,600.75
1.25054500650505,600.75,171.579070260999,600.75
1.25089552503128,600.75,171.567530730629,600.75
1.25124594879588,600.75,171.556005342708,600.75
1.25159627863612,600.75,171.544494055836,600.75
1.25194651419843,600.75,171.532996870442,600.75
1.25229665801419,600.75,171.52151368777,600.75
1.25264670797126,600.75,171.510044570038,600.75
1.25299666640376,600.75,171.498589423531,600.75
1.2533465330173,600.75,171.487148248491,600.75
1.2536963087632,600.75,171.47572100038,600.75
1.25404599338291,600.75,171.464307676895,600.75
1.25439558762436,600.75,171.452908240432,600.75
1.25474509209371,600.75,171.44152265934,600.75
1.25509450712474,600.75,171.430150911164,600.75
1.25544383226891,600.75,171.418792999535,600.75
1.25579306841596,600.75,171.407448882066,600.75
1.25614221685809,600.75,171.396118504444,600.75
1.25649127722891,600.75,171.384801868858,600.75
1.25684024955065,600.75,171.373498962515,600.75
1.2571891353492,600.75,171.362209722498,600.75
1.25753793376648,600.75,171.350934167798,600.75
1.25788664700766,600.75,171.339672212064,600.75
1.25823527485144,600.75,171.328423853817,600.75
1.25858381711206,600.75,171.317189087784,600.75
1.25893227377347,600.75,171.305967902835,600.75
1.25928064661284,600.75,171.294760228203,600.75
1.25962893437395,600.75,171.283566096675,600.75
1.25997713814436,600.75,171.272385459344,600.75
1.26032525847064,600.75,171.261218287985,600.75
1.26067329601212,600.75,171.25006455027,600.75
1.26102125057585,600.75,171.238924242384,600.75
1.2613691226407,600.75,171.227797337165,600.75
1.26171691258326,600.75,171.216683811652,600.75
1.26206462132877,600.75,171.205583624691,600.75
1.26241224922704,600.75,171.194496754978,600.75
1.26275979593975,600.75,171.18342320339,600.75
1.26310726271266,600.75,171.172362917491,600.75
1.2634546493717,600.75,171.161315893801,600.75
1.26380195735629,600.75,171.15028207397,600.75
1.26414918545953,600.75,171.139261488985,600.75
1.26449633524587,600.75,171.128254075242,600.75
1.26484340626262,600.75,171.117259838949,600.75
1.26519039815234,600.75,171.106278780897,600.75
1.26553731242758,600.75,171.095310840306,600.75
1.26588414910049,600.75,171.084356008211,600.75
1.26623090857245,600.75,171.073414261195,600.75
1.26657759186917,600.75,171.062485555773,600.75
1.26692419810028,600.75,171.051569912188,600.75
1.2672707280768,600.75,171.040667292545,600.75
1.2676171830913,600.75,171.029777645265,600.75
1.26796356234871,600.75,171.018900987941,600.75
1.26830986709055,600.75,171.008037268986,600.75
1.26865609610676,600.75,170.997186519339,600.75
1.26900225200994,600.75,170.98634864227,600.75
1.26934833319933,600.75,170.975523683251,600.75
1.26969434149923,600.75,170.964711571097,600.75
1.27004027570941,600.75,170.953912337176,600.75
1.2703861374554,600.75,170.943125917368,600.75
1.27073192693879,600.75,170.93235229733,600.75
1.27107764374389,600.75,170.921591481209,600.75
1.27142328828298,600.75,170.910843445356,600.75
1.27176886084977,600.75,170.900108171024,600.75
1.2721143629991,600.75,170.88938559865,600.75
1.27245979412433,600.75,170.878675740361,600.75
1.27280515466504,600.75,170.867978571748,600.75
1.27315044471318,600.75,170.857294080826,600.75
1.27349566408356,600.75,170.846622264217,600.75
1.2738408137299,600.75,170.835963081457,600.75
1.27418589429487,600.75,170.825316503685,600.75
1.27453090428405,600.75,170.814682570564,600.75
1.27487584638801,600.75,170.804061184266,600.75
1.275220719044,600.75,170.793452389161,600.75
1.27556552409736,600.75,170.78285611491,600.75
1.27591026155554,600.75,170.772272354409,600.75
1.27625493062372,600.75,170.761701124145,600.75
1.2765995337124,600.75,170.751142336717,600.75
1.27694406877345,600.75,170.740596051752,600.75
1.27728853741714,600.75,170.730062206155,600.75
1.27763294027024,600.75,170.719540772875,600.75
1.27797727585331,600.75,170.709031791152,600.75
1.2783215457493,600.75,170.698535199574,600.75
1.27866574965751,600.75,170.688051000791,600.75
1.27900988916328,600.75,170.677579135222,600.75
1.2793539634563,600.75,170.667119621974,600.75
1.27969797269529,600.75,170.656672446235,600.75
1.28004191792343,600.75,170.646237566238,600.75
1.28038579870087,600.75,170.635814988659,600.75
1.28072961629594,600.75,170.625404664113,600.75
1.28107337010369,600.75,170.615006604827,600.75
1.28141706107653,600.75,170.604620771341,600.75
1.28176068840105,600.75,170.59424718204,600.75
1.28210425392894,600.75,170.583885768846,600.75
1.2824477558006,600.75,170.573536584431,600.75
1.28279119652033,600.75,170.56319953892,600.75
1.28313457486951,600.75,170.552874665596,600.75
1.28347789261752,600.75,170.542561898916,600.75
1.28382114759302,600.75,170.532261301158,600.75
1.28416434235152,600.75,170.521972780764,600.75
1.28450747554683,600.75,170.511696375072,600.75
1.28485054850202,600.75,170.501432032652,600.75
1.28519356111214,600.75,170.491179750293,600.75
1.28553651392352,600.75,170.480939502672,600.75
1.2858794068279,600.75,170.470711285776,600.75
1.28622224058492,600.75,170.46049506762,600.75
1.28656501422834,600.75,170.450290871337,600.75
1.28690772956055,600.75,170.440098631279,600.75
1.2872503859333,600.75,170.429918362116,600.75
1.28759298415771,600.75,170.419750029834,600.75
1.28793552426849,600.75,170.409593626487,600.75
1.28827800631448,600.75,170.399449142752,600.75
1.28862043070314,600.75,170.389316558121,600.75
1.28896279869677,600.75,170.379195826149,600.75
1.28930510817944,600.75,170.369087006511,600.75
1.28964736140856,600.75,170.358990018456,600.75
1.28998955769959,600.75,170.348904878461,600.75
1.29033169726899,600.75,170.338831571315,600.75
1.29067378124609,600.75,170.328770054633,600.75
1.29101580851268,600.75,170.318720356941,600.75
1.29135778014023,600.75,170.308682435973,600.75
1.29169969625594,600.75,170.298656281625,600.75
1.29204155734817,600.75,170.288641871562,600.75
1.29238336357391,600.75,170.278639194139,600.75
1.2927251152178,600.75,170.268648233359,600.75
1.29306681215638,600.75,170.25866898595,600.75
1.29340845442682,600.75,170.248701443124,600.75
1.29375004268235,600.75,170.238745577416,600.75
1.29409157637839,600.75,170.228801399056,600.75
1.29443305743921,600.75,170.218868840995,600.75
1.29477448444588,600.75,170.208947942116,600.75
1.29511585928038,600.75,170.199038635664,600.75
1.29545718128696,600.75,170.189140937065,600.75
1.2957984491973,600.75,170.179254876944,600.75
1.29613966477711,600.75,170.169380392181,600.75
1.29648082939829,600.75,170.159517436321,600.75
1.29682194152416,600.75,170.149666051272,600.75
1.29716300195075,600.75,170.139826203504,600.75
1.29750401122969,600.75,170.129997870161,600.75
1.29784496949911,600.75,170.120181040903,600.75
1.29818587647906,600.75,170.110375717442,600.75
1.29852673228072,600.75,170.10058188894,600.75
1.298867537159,600.75,170.090799540779,600.75
1.29920829259126,600.75,170.081028621707,600.75
1.29954899713324,600.75,170.071269170737,600.75
1.29988965141827,600.75,170.061521159744,600.75
1.30023025616978,600.75,170.051784560797,600.75
1.30057081151715,600.75,170.04205936432,600.75
1.30091131716632,600.75,170.032345572616,600.75
1.30125177281326,600.75,170.022643187532,600.75
1.3015921810942,600.75,170.012952122523,600.75
1.30193253937323,600.75,170.003272454078,600.75
1.30227284969648,600.75,169.993604110243,600.75
1.30261311126401,600.75,169.983947111166,600.75
1.30295332543743,600.75,169.974301408366,600.75
1.30329349163802,600.75,169.964667014571,600.75
1.30363360975164,600.75,169.955043925803,600.75
1.30397368040532,600.75,169.945432116456,600.75
1.30431370338225,600.75,169.935831587376,600.75
1.30465367904726,600.75,169.926242320843,600.75
1.30499360860328,600.75,169.916664275044,600.75
1.30533349088,600.75,169.907097480279,600.75
1.30567332699994,600.75,169.897541894965,600.75
1.30601311724117,600.75,169.887997506042,600.75
1.30635286140857,600.75,169.878464313471,600.75
1.30669255940286,600.75,169.868942313515,600.75
1.3070322114661,600.75,169.859431492423,600.75
1.30737181860894,600.75,169.849931814289,600.75
1.30771138066401,600.75,169.840443279419,600.75
1.30805089646289,600.75,169.830965915892,600.75
1.30839036740388,600.75,169.82149967419,600.75
1.30872979455457,600.75,169.812044518684,600.75
1.30906917595001,600.75,169.802600502975,600.75
1.30940851425479,600.75,169.793167539337,600.75
1.30974780839847,600.75,169.783745657194,600.75
1.31008705849472,600.75,169.77433484565,600.75
1.31042626470795,600.75,169.764935093797,600.75
1.31076542752744,600.75,169.75554638144,600.75
1.31110454598003,600.75,169.746168731835,600.75
1.31144362143264,600.75,169.736802097322,600.75
1.3117826541214,600.75,169.727446467077,600.75
1.31212164380926,600.75,169.718101842594,600.75
1.31246059128132,600.75,169.7087681946,600.75
1.3127994958743,600.75,169.699445537757,600.75
1.31313835835854,600.75,169.690133842653,600.75
1.31347717908084,600.75,169.680833094468,600.75
1.31381595733563,600.75,169.671543308522,600.75
1.314154694104,600.75,169.662264449275,600.75
1.3144933884478,600.75,169.652996539662,600.75
1.31483204143614,600.75,169.643739541356,600.75
1.31517065380336,600.75,169.634493428926,600.75
1.31550922610296,600.75,169.625258181964,600.75
1.31584775639426,600.75,169.616033851945,600.75
1.31618624666581,600.75,169.606820372414,600.75
1.31652469636872,600.75,169.59761775661,600.75
1.31686310562586,600.75,169.588425994636,600.75
1.31720147415672,600.75,169.579245089045,600.75
1.31753980282613,600.75,169.570075008787,600.75
1.31787809211745,600.75,169.560915735756,600.75
1.31821634227237,600.75,169.551767258364,600.75
1.31855455216173,600.75,169.542629603976,600.75
1.31889272281051,600.75,169.53350273569,600.75
1.31923085459203,600.75,169.524386638849,600.75
1.31956894741975,600.75,169.515281311207,600.75
1.31990700168623,600.75,169.50618673595,600.75
1.32024501669211,600.75,169.497102928274,600.75
1.32058299378408,600.75,169.488029843081,600.75
1.32092093240004,600.75,169.478967493225,600.75
1.32125883280635,600.75,169.469915864914,600.75
1.32159669558102,600.75,169.46087493668,600.75
1.32193452003583,600.75,169.451844723792,600.75
1.32227230711539,600.75,169.442825192913,600.75
1.32261005673581,600.75,169.433816342656,600.75
1.32294776876531,600.75,169.424818171443,600.75
1.32328544389005,600.75,169.415830654286,600.75
1.3236230814012,600.75,169.406853807191,600.75
1.32396068255835,600.75,169.397887588094,600.75
1.32429824733996,600.75,169.388931994508,600.75
1.324635774735,600.75,169.379987049957,600.75
1.32497326586591,600.75,169.371052715767,600.75
1.3253107210341,600.75,169.362128980099,600.75
1.32564814039761,600.75,169.353215834059,600.75
1.32598552438895,600.75,169.344313260701,600.75
1.32632287181273,600.75,169.335421289363,600.75
1.32666018449557,600.75,169.326539861555,600.75
1.32699746082211,600.75,169.317669020666,600.75
1.32733470267503,600.75,169.30880870621,600.75
1.32767190865421,600.75,169.299958955557,600.75
1.32800908075694,600.75,169.29111970554,600.75
1.32834621780167,600.75,169.282290987642,600.75
1.32868331979599,600.75,169.273472794871,600.75
1.32902038745981,600.75,169.264665102021,600.75
1.32935742046273,600.75,169.255867914678,600.75
1.32969442025308,600.75,169.247081187084,600.75
1.33003138489627,600.75,169.238304970829,600.75
1.33036831634308,600.75,169.229539203481,600.75
1.33070521385917,600.75,169.220783903867,600.75
1.33104207699452,600.75,169.212039078614,600.75
1.3313789071935,600.75,169.203304681909,600.75
1.33171570378431,600.75,169.194580730146,600.75
1.33205246750757,600.75,169.185867197041,600.75
1.33238919803848,600.75,169.177164088104,600.75
1.33272589554194,600.75,169.168471393561,600.75
1.33306256040273,600.75,169.15978909833,600.75
1.33339919203105,600.75,169.151117214719,600.75
1.33373579245975,600.75,169.142455680991,600.75
1.33407236020167,600.75,169.133804537124,600.75
1.33440889562614,600.75,169.125163765907,600.75
1.3347453987844,600.75,169.116533361775,600.75
1.33508186999359,600.75,169.10791331155,600.75
1.33541830966879,600.75,169.099303599862,600.75
1.33575471813004,600.75,169.090704214208,600.75
1.33609109492682,600.75,169.082115163064,600.75
1.33642744059086,600.75,169.073536426577,600.75
1.33676375519421,600.75,169.064967999202,600.75
1.33710003815026,600.75,169.056409892693,600.75
1.33743629056505,600.75,169.047862071317,600.75
1.33777251155049,600.75,169.039324556807,600.75
1.3381087020321,600.75,169.030797318022,600.75
1.33844486260142,600.75,169.022280336058,600.75
1.33878099247478,600.75,169.013773629085,600.75
1.33911709217754,600.75,169.005277177092,600.75
1.3394531619403,600.75,168.99679097033,600.75
1.33978920167611,600.75,168.98831500733,600.75
1.34012521156047,600.75,168.979849278897,600.75
1.34046119093319,600.75,168.971393798901,600.75
1.3407971416472,600.75,168.96294851173,600.75
1.34113306190116,600.75,168.95451346517,600.75
1.34146895318235,600.75,168.946088611701,600.75
1.3418048151323,600.75,168.937673959296,600.75
1.3421406484099,600.75,168.929269485533,600.75
1.34247645267004,600.75,168.920875196714,600.75
1.34281222841073,600.75,168.912491074717,600.75
1.34314797529975,600.75,168.904117125204,600.75
1.34348369389652,600.75,168.895753328459,600.75
1.34381938415236,600.75,168.887399682683,600.75
1.34415504644726,600.75,168.87905617359,600.75
1.3444906806073,600.75,168.870722802472,600.75
1.34482628639551,600.75,168.862399571316,600.75
1.34516186435134,600.75,168.854086461164,600.75
1.3454974141841,600.75,168.845783476718,600.75
1.34583293616606,600.75,168.837490606205,600.75
1.34616843087982,600.75,168.829207830576,600.75
1.34650389884424,600.75,168.820935133209,600.75
1.34683933896924,600.75,168.812672540212,600.75
1.34717475220452,600.75,168.804420020378,600.75
1.34751013808524,600.75,168.796177583754,600.75
1.34784549744848,600.75,168.787945203468,600.75
1.34818083022498,600.75,168.779722879013,600.75
1.34851613551626,600.75,168.771510630252,600.75
1.34885141456581,600.75,168.763308418674,600.75
1.34918666762965,600.75,168.755116235939,600.75
1.34952189352338,600.75,168.746934110134,600.75
1.34985709383421,600.75,168.738761993331,600.75
1.35019226807106,600.75,168.730599897562,600.75
1.35052741615137,600.75,168.722447820488,600.75
1.3508625392863,600.75,168.714305726281,600.75
1.35119763540583,600.75,168.706173667875,600.75
1.35153270671926,600.75,168.698051579688,600.75
1.3518677525768,600.75,168.68993947904,600.75
1.35220277330678,600.75,168.681837352693,600.75
1.35253776807896,600.75,168.673745219212,600.75
1.35287273884709,600.75,168.665663022271,600.75
1.35320768411618,600.75,168.657590800967,600.75
1.35354260438003,600.75,168.649528536115,600.75
1.35387750096755,600.75,168.641476190219,600.75
1.35421237126273,600.75,168.633433830444,600.75
1.35454721768346,600.75,168.625401385314,600.75
1.35488203940549,600.75,168.617378877036,600.75
1.35521683717494,600.75,168.60936628141,600.75
1.35555161083867,600.75,168.601363600226,600.75
1.35588635989721,600.75,168.593370842677,600.75
1.35622108566025,600.75,168.585387970322,600.75
1.35655578738797,600.75,168.577415001316,600.75
1.3568904647229,600.75,168.569451940109,600.75
1.35722511869781,600.75,168.561498755722,600.75
1.35755974972728,600.75,168.553555436022,600.75
1.35789435776454,600.75,168.545621979787,600.75
1.35822894223222,600.75,168.537698398423,600.75
1.35856350336396,600.75,168.529784681324,600.75
1.35889804119148,600.75,168.521880824628,600.75
1.35923255583098,600.75,168.513986822045,600.75
1.35956704802575,600.75,168.506102651393,600.75
1.35990151766229,600.75,168.498228313753,600.75
1.36023596501788,600.75,168.490363798595,600.75
1.36057038917373,600.75,168.482509126602,600.75
1.36090479118132,600.75,168.474664265779,600.75
1.36123917138785,600.75,168.466829205969,600.75
1.36157352849831,600.75,168.459003977747,600.75
1.36190786377381,600.75,168.451188543148,600.75
1.36224217757779,600.75,168.443382892043,600.75
1.36257646881056,600.75,168.435587050065,600.75
1.36291073826848,600.75,168.427800991575,600.75
1.36324498596099,600.75,168.420024714557,600.75
1.363579212363,600.75,168.412258203927,600.75
1.36391341788633,600.75,168.40450144708,600.75
1.36424760176972,600.75,168.396754461021,600.75
1.36458176355215,600.75,168.389017252709,600.75
1.36491590491307,600.75,168.381289775542,600.75
1.36525002449672,600.75,168.373572063939,600.75
1.36558412359915,600.75,168.365864079625,600.75
1.3659182015089,600.75,168.358165839857,600.75
1.36625225869695,600.75,168.350477328434,600.75
1.36658629570317,600.75,168.342798529604,600.75
1.36692031173105,600.75,168.335129461474,600.75
1.36725430792325,600.75,168.327470090813,600.75
1.3675882840609,600.75,168.319820422332,600.75
1.36792223979456,600.75,168.312180461486,600.75
1.36825617509682,600.75,168.304550205184,600.75
1.36859009005314,600.75,168.296929648165,600.75
1.36892398612342,600.75,168.289318751248,600.75
1.36925786153865,600.75,168.281717558604,600.75
1.36959171701029,600.75,168.274126046099,600.75
1.36992555393066,600.75,168.266544177414,600.75
1.37025937039325,600.75,168.258971999997,600.75
1.37059316796957,600.75,168.251409468189,600.75
1.37092694538168,600.75,168.24385661374,600.75
1.37126070497265,600.75,168.236313373344,600.75
1.37159444456947,600.75,168.228779802624,600.75
1.37192816515607,600.75,168.2212558702,600.75
1.37226186670696,600.75,168.213741575579,600.75
1.37259554865662,600.75,168.206236929949,600.75
1.37292921224189,600.75,168.198741898829,600.75
1.37326285834304,600.75,168.191256460325,600.75
1.37359648547607,600.75,168.183780650232,600.75
1.37393009397439,600.75,168.176314454578,600.75
1.37426368398343,600.75,168.168857867476,600.75
1.37459725544156,600.75,168.161410888035,600.75
1.37493080925377,600.75,168.153973491271,600.75
1.37526434446378,600.75,168.146545699777,600.75
1.37559786222929,600.75,168.139127480674,600.75
1.37593136183912,600.75,168.13171885095,600.75
1.3762648438612,600.75,168.124319792744,600.75
1.37659830738297,600.75,168.116930326701,600.75
1.37693175359994,600.75,168.109550419193,600.75
1.37726518277118,600.75,168.10218006372,600.75
1.37759859382411,600.75,168.094819284453,600.75
1.3779319878347,600.75,168.087468050404,600.75
1.3782653643848,600.75,168.080126371237,600.75
1.37859872407629,600.75,168.072794229071,600.75
1.37893206674871,600.75,168.065471626453,600.75
1.37926539260982,600.75,168.058158555561,600.75
1.37959870133905,600.75,168.050855022,600.75
1.37993199411988,600.75,168.043560994055,600.75
1.38026526929691,600.75,168.036276511582,600.75
1.38059852805826,600.75,168.029001540069,600.75
1.38093176991196,600.75,168.021736091136,600.75
1.3812649957472,600.75,168.014480140071,600.75
1.38159820506456,600.75,168.007233698251,600.75
1.38193139884651,600.75,167.99999673875,600.75
1.38226457532997,600.75,167.992769303371,600.75
1.38259773583454,600.75,167.985551354399,600.75
1.38293088037073,600.75,167.978342891746,600.75
1.38326400955451,600.75,167.971143898564,600.75
1.38359712242864,600.75,167.96395439664,600.75
1.38393021937702,600.75,167.956774372422,600.75
1.38426330086518,600.75,167.949603813138,600.75
1.38459636601523,600.75,167.942442738351,600.75
1.38492941596612,600.75,167.935291116809,600.75
1.38526245114057,600.75,167.928148938536,600.75
1.38559547179892,600.75,167.921016196213,600.75
1.38592847662639,600.75,167.913892919301,600.75
1.38626146661157,600.75,167.906779079247,600.75
1.3865944416168,600.75,167.899674678976,600.75
1.3869274017731,600.75,167.892579712993,600.75
1.38726034688649,600.75,167.885494183878,600.75
1.38759327686464,600.75,167.878418091126,600.75
1.38792619231295,600.75,167.871351418017,600.75
1.38825909315392,600.75,167.864294165483,600.75
1.38859197928017,600.75,167.857246333761,600.75
1.38892485061369,600.75,167.850207922205,600.75
1.38925770798878,600.75,167.843178908892,600.75
1.38959055083476,600.75,167.836159306851,600.75
1.38992337952961,600.75,167.829149103944,600.75
1.39025619420497,600.75,167.822148295694,600.75
1.39058899492304,600.75,167.815156878869,600.75
1.39092178141719,600.75,167.808174857706,600.75
1.39125455388992,600.75,167.801202224768,600.75
1.39158731308219,600.75,167.79423896114,600.75
1.39192005832575,600.75,167.78728508196,600.75
1.392252789453,600.75,167.780340587629,600.75
1.39258550771149,600.75,167.773405446675,600.75
1.3929182125696,600.75,167.766479672156,600.75
1.39325090378863,600.75,167.759563266554,600.75
1.39358358123601,600.75,167.752656230237,600.75
1.39391624608649,600.75,167.745758533727,600.75
1.39424889681997,600.75,167.738870212681,600.75
1.39458153503982,600.75,167.731991224918,600.75
1.39491416065227,600.75,167.725121574021,600.75
1.39524677373476,600.75,167.718261256319,600.75
1.39557937279414,600.75,167.711410304254,600.75
1.39591195955531,600.75,167.704568672891,600.75
1.39624453358393,600.75,167.69773637392,600.75
1.39657709537248,600.75,167.690913393463,600.75
1.39690964395868,600.75,167.684099752641,600.75
1.39724218001599,600.75,167.677295432015,600.75
1.39757470498676,600.75,167.67050039821,600.75
1.39790721771144,600.75,167.66371467923,600.75
1.39823971796443,600.75,167.656938275918,600.75
1.39857220603388,600.75,167.650171179113,600.75
1.3989046816042,600.75,167.643413394724,600.75
1.39923714500087,600.75,167.636664912831,600.75
1.39956959674005,600.75,167.629925720612,600.75
1.39990203698715,600.75,167.623195813781,600.75
1.40023446552371,600.75,167.616475195957,600.75
1.40056688214942,600.75,167.609763869383,600.75
1.4008992868517,600.75,167.603061832025,600.75
1.401231679597,600.75,167.596369082767,600.75
1.40156406094443,600.75,167.58968560717,600.75
1.40189643172767,600.75,167.583011386067,600.75
1.40222879072679,600.75,167.57634644717,600.75
1.40256113879848,600.75,167.569690766826,600.75
1.4028934754747,600.75,167.56304435558,600.75
1.4032258010491,600.75,167.556407204191,600.75
1.40355811574886,600.75,167.549779306491,600.75
1.40389041905509,600.75,167.543160672955,600.75
1.40422271223934,600.75,167.536551272375,600.75
1.40455499450717,600.75,167.5299511237,600.75
1.40488726565849,600.75,167.523360228073,600.75
1.40521952625382,600.75,167.516778570762,600.75
1.40555177644307,600.75,167.510206148089,600.75
1.4058840164107,600.75,167.503642954812,600.75
1.4062162460199,600.75,167.497088992833,600.75
1.40654846583533,600.75,167.490544247778,600.75
1.40688067493004,600.75,167.484008739867,600.75
1.40721287409504,600.75,167.477482447948,600.75
1.40754506224466,600.75,167.470965396092,600.75
1.4078772406581,600.75,167.464457552095,600.75
1.40820940861979,600.75,167.45795893301,600.75
1.40854156704607,600.75,167.451469515679,600.75
1.4088737156482,600.75,167.444989306994,600.75
1.40920585469314,600.75,167.438518299066,600.75
1.40953798338676,600.75,167.432056508366,600.75
1.40987010277592,600.75,167.425603908618,600.75
1.41020221270607,600.75,167.419160504088,600.75
1.41053431316204,600.75,167.412726293466,600.75
1.41086640373509,600.75,167.406301284132,600.75
1.41119848558478,600.75,167.39988544838,600.75
1.41153055791664,600.75,167.393478804788,600.75
1.41186262077763,600.75,167.387081349194,600.75
1.41219467435523,600.75,167.380693076062,600.75
1.41252671876645,600.75,167.374313981889,600.75
1.41285875439079,600.75,167.367944057381,600.75
1.41319078137138,600.75,167.361583299009,600.75
1.41352279954398,600.75,167.355231709376,600.75
1.41385480781563,600.75,167.348889310314,600.75
1.41418680825951,600.75,167.34255605305,600.75
1.41451880028658,600.75,167.336231953791,600.75
1.41485078317604,600.75,167.32991702567,600.75
1.41518275781297,600.75,167.323611246469,600.75
1.41551472336949,600.75,167.317314634647,600.75
1.41584668068856,600.75,167.311027168951,600.75
1.41617862946957,600.75,167.304748856431,600.75
1.41651057026466,600.75,167.298479683413,600.75
1.41684250242431,600.75,167.292219663802,600.75
1.41717442666967,600.75,167.285968779439,600.75
1.41750634306903,600.75,167.27972702927,600.75
1.4178382516444,600.75,167.273494411898,600.75
1.41817015243757,600.75,167.267270925282,600.75
1.41850204461393,600.75,167.26105658602,600.75
1.41883392958616,600.75,167.254851360855,600.75
1.41916580686758,600.75,167.248655262244,600.75
1.41949767656569,600.75,167.242468285796,600.75
1.41982953897473,600.75,167.236290424295,600.75
1.42016139345921,600.75,167.230121690738,600.75
1.42049323992425,600.75,167.22396208442,600.75
1.42082507907105,600.75,167.217811589034,600.75
1.42115691141197,600.75,167.211670194389,600.75
1.42148873604802,600.75,167.205537919679,600.75
1.4218205541037,600.75,167.199414738037,600.75
1.42215236505798,600.75,167.193300661924,600.75
1.42248416796661,600.75,167.187195708915,600.75
1.42281596400767,600.75,167.18109985078,600.75
1.42314775308019,600.75,167.175013091303,600.75
1.42347953488915,600.75,167.16893543554,600.75
1.42381131051083,600.75,167.162866859242,600.75
1.42414307928564,600.75,167.156807377747,600.75
1.42447484114695,600.75,167.15075698995,600.75
1.42480659634728,600.75,167.144715689266,600.75
1.42513834461987,600.75,167.138683480814,600.75
1.42547008727764,600.75,167.132660335749,600.75
1.42580182309416,600.75,167.126646281745,600.75
1.42613355275303,600.75,167.120641300831,600.75
1.42646527525608,600.75,167.114645414118,600.75
1.42679699200622,600.75,167.10865858927,600.75
1.42712870258973,600.75,167.102680837225,600.75
1.42746040720073,600.75,167.09671215227,600.75
1.42779210570926,600.75,167.090752536559,600.75
1.4281237978686,600.75,167.084801993917,600.75
1.42845548373803,600.75,167.078860521532,600.75
1.42878716378204,600.75,167.072928109063,600.75
1.42911883792684,600.75,167.067004758311,600.75
1.42945050569158,600.75,167.0610904781,600.75
1.42978216792937,600.75,167.055185248876,600.75
1.43011382513285,600.75,167.049289061811,600.75
1.43044547596005,600.75,167.043401944804,600.75
1.43077712227707,600.75,167.037523855709,600.75
1.43110876280552,600.75,167.031654824181,600.75
1.43144039766007,600.75,167.02579484413,600.75
1.43177202757303,600.75,167.019943899936,600.75
1.43210365184563,600.75,167.014102006821,600.75
1.43243527086975,600.75,167.008269154402,600.75
1.43276688465624,600.75,167.00244534253,600.75
1.43309849333872,600.75,166.996630567823,600.75
1.43343009637152,600.75,166.990824840832,600.75
1.43376169450172,600.75,166.985028144356,600.75
1.43409328759201,600.75,166.979240482211,600.75
1.43442487679077,600.75,166.973461830413,600.75
1.43475646075714,600.75,166.967692218075,600.75
1.4350880400154,600.75,166.961931630714,600.75
1.4354196141943,600.75,166.956180076112,600.75
1.43575118347934,600.75,166.950437548962,600.75
1.43608274894204,600.75,166.944704027608,600.75
1.43641430915161,600.75,166.9389795427,600.75
1.43674586505635,600.75,166.933264071162,600.75
1.43707741651807,600.75,166.927557617249,600.75
1.43740896343953,600.75,166.921860182045,600.75
1.43774050576218,600.75,166.916171765771,600.75
1.43807204388387,600.75,166.910492359714,600.75
1.43840357773273,600.75,166.904821965685,600.75
1.43873510788725,600.75,166.899160571531,600.75
1.43906663348594,600.75,166.893508195137,600.75
1.43939815569153,600.75,166.887864810837,600.75
1.43972967365861,600.75,166.882230437561,600.75
1.44006118655897,600.75,166.876605088976,600.75
1.44039269669531,600.75,166.870988716927,600.75
1.44072420284525,600.75,166.865381350727,600.75
1.44105570554078,600.75,166.859782976659,600.75
1.44138720447984,600.75,166.854193601247,600.75
1.44171869919899,600.75,166.848613232283,600.75
1.44205019092729,600.75,166.843041843959,600.75
1.44238167845521,600.75,166.837479462477,600.75
1.4427131629107,600.75,166.831926062409,600.75
1.44304464307905,600.75,166.826381669598,600.75
1.44337612081902,600.75,166.820846244455,600.75
1.44370759477411,600.75,166.815319817506,600.75
1.444039065953,600.75,166.809802365506,600.75
1.44437053369094,600.75,166.804293903264,600.75
1.44470199798463,600.75,166.798794428794,600.75
1.44503345942974,600.75,166.793303930005,600.75
1.44536491782463,600.75,166.787822411931,600.75
1.44569637333702,600.75,166.782349870502,600.75
1.44602782623919,600.75,166.776886300482,600.75
1.44635927602291,600.75,166.771431711976,600.75
1.44669072267964,600.75,166.765986103423,600.75
1.44702216594594,600.75,166.760549479316,600.75
1.4473536067192,600.75,166.755121821376,600.75
1.44768504542513,600.75,166.749703123474,600.75
1.44801648068382,600.75,166.744293412899,600.75
1.44834791419995,600.75,166.738892653189,600.75
1.4486793455908,600.75,166.733500855603,600.75
1.44901077449906,600.75,166.728118025921,600.75
1.4493422001049,600.75,166.722744178311,600.75
1.44967362358756,600.75,166.717379287773,600.75
1.45000504494434,600.75,166.712023357064,600.75
1.45033646431935,600.75,166.706676383413,600.75
1.45066788112487,600.75,166.70133837802,600.75
1.45099929566581,600.75,166.696009333266,600.75
1.45133070827604,600.75,166.690689243281,600.75
1.45166211953015,600.75,166.68537809798,600.75
1.45199352737332,600.75,166.680075937323,600.75
1.45232493387408,600.75,166.674782716755,600.75
1.45265633804527,600.75,166.669498459723,600.75
1.45298774073016,600.75,166.664223147954,600.75
1.45331914141273,600.75,166.658956792976,600.75
1.45365054098788,600.75,166.653699376643,600.75
1.45398193871971,600.75,166.648450914814,600.75
1.45431333477662,600.75,166.643211402324,600.75
1.4546447292415,600.75,166.637980837745,600.75
1.45497612244644,600.75,166.632759214993,600.75
1.45530751390723,600.75,166.627546543806,600.75
1.45563890455299,600.75,166.622342805572,600.75
1.45597029255503,600.75,166.617148036386,600.75
1.45630167948779,600.75,166.611962202162,600.75
1.4566330644213,600.75,166.606785323847,600.75
1.45696444898063,600.75,166.601617369147,600.75
1.45729583204219,600.75,166.59645836293,600.75
1.45762721395494,600.75,166.591308295905,600.75
1.45795859498697,600.75,166.586167163783,600.75
1.45828997461719,600.75,166.581034976815,600.75
1.45862135344369,600.75,166.575911722587,600.75
1.4589527312189,600.75,166.570797407091,600.75
1.4592841080054,600.75,166.565692028552,600.75
1.4596154844174,600.75,166.560595575852,600.75
1.45994686034974,600.75,166.555508052595,600.75
1.46027823482612,600.75,166.550429476317,600.75
1.46060960902711,600.75,166.545359822808,600.75
1.4609409824973,600.75,166.54029910338,600.75
1.46127235547645,600.75,166.535247312664,600.75
1.46160372817088,600.75,166.530204447516,600.75
1.46193509993313,600.75,166.525170520248,600.75
1.462266471421,600.75,166.520145517242,600.75
1.4625978421637,600.75,166.515129448687,600.75
1.46292921263048,600.75,166.510122304991,600.75
1.46326058355707,600.75,166.50512407422,600.75
1.46359195431413,600.75,166.500134769901,600.75
1.46392332392541,600.75,166.495154407949,600.75
1.46425469334642,600.75,166.490182968422,600.75
1.46458606287345,600.75,166.485220448571,600.75
1.46491743201187,600.75,166.480266858344,600.75
1.4652488017443,600.75,166.475322179021,600.75
1.46558017113323,600.75,166.470386430046,600.75
1.46591154126441,600.75,166.465459589812,600.75
1.4662429113223,600.75,166.460541675782,600.75
1.46657428070983,600.75,166.455632696552,600.75
1.46690565095542,600.75,166.450732623343,600.75
1.46723702167126,600.75,166.445841467365,600.75
1.46756839170995,600.75,166.440959248235,600.75
1.46789976312803,600.75,166.436085926547,600.75
1.46823113498509,600.75,166.431221524621,600.75
1.46856250681068,600.75,166.42636604867,600.75
1.46889387932426,600.75,166.421519484711,600.75
1.46922525234521,600.75,166.416681838036,600.75
1.46955662561424,600.75,166.411853113022,600.75
1.46988800006484,600.75,166.4070332928,600.75
1.47021937446396,600.75,166.402222401706,600.75
1.47055074999629,600.75,166.397420416,600.75
1.4708821264978,600.75,166.392627341907,600.75
1.47121350368209,600.75,166.387843184438,600.75
1.47154488130805,600.75,166.383067947166,600.75
1.47187625974907,600.75,166.378301623104,600.75
1.47220763983538,600.75,166.373544199192,600.75
1.47253902036815,600.75,166.368795698898,600.75
1.47287040220288,600.75,166.364056104484,600.75
1.47320178458754,600.75,166.359325431387,600.75
1.47353316904368,600.75,166.35460365176,600.75
1.47386455367012,600.75,166.349890802805,600.75
1.47419594005007,600.75,166.345186852518,600.75
1.47452732820554,600.75,166.340491805033,600.75
1.47485871759874,600.75,166.335805670312,600.75
1.47519010819131,600.75,166.331128447813,600.75
1.47552150030293,600.75,166.326460132196,600.75
1.47585289368321,600.75,166.321800729002,600.75
1.47618428844211,600.75,166.317150236074,600.75
1.47651568507351,600.75,166.312508645679,600.75
1.47684708299969,600.75,166.307875969466,600.75
1.47717848283314,600.75,166.303252195895,600.75
1.47750988347581,600.75,166.29863734558,600.75
1.47784128703424,600.75,166.294031380303,600.75
1.47817269214887,600.75,166.289434329344,600.75
1.47850409791808,600.75,166.284846204788,600.75
1.47883550662282,600.75,166.280266965784,600.75
1.47916691668477,600.75,166.275696645742,600.75
1.47949832965469,600.75,166.271135215044,600.75
1.47982974399758,600.75,166.266582704059,600.75
1.48016116041828,600.75,166.262039097302,600.75
1.48049257869083,600.75,166.257504400746,600.75
1.48082399921772,600.75,166.252978607657,600.75
1.48115542162845,600.75,166.248461725842,600.75
1.48148684678614,600.75,166.243953740472,600.75
1.48181827364663,600.75,166.239454671853,600.75
1.48214970277473,600.75,166.234964508253,600.75
1.48248113430759,600.75,166.230483249365,600.75
1.48281256808378,600.75,166.226010898924,600.75
1.48314400428789,600.75,166.221547453993,600.75
1.4834754432917,600.75,166.217092909525,600.75
1.48380688447759,600.75,166.212647277387,600.75
1.48413832788498,600.75,166.208210555745,600.75
1.4844697750483,600.75,166.203782720014,600.75
1.4848012244627,600.75,166.199363800012,600.75
1.48513267666371,600.75,166.194953783469,600.75
1.48546413084432,600.75,166.190552685396,600.75
1.48579558794407,600.75,166.186160488785,600.75
1.48612704790003,600.75,166.18177719791,600.75
1.48645851089643,600.75,166.177402810452,600.75
1.4867899761976,600.75,166.173037339527,600.75
1.48712144406047,600.75,166.168680779436,600.75
1.48745291529749,600.75,166.164333118286,600.75
1.48778438982015,600.75,166.159994360681,600.75
1.48811586685233,600.75,166.155664519741,600.75
1.48844734697839,600.75,166.151343584379,600.75
1.48877883030115,600.75,166.147031555195,600.75
1.4891103172299,600.75,166.142728426771,600.75
1.48944180707827,600.75,166.138434212087,600.75
1.48977330081534,600.75,166.134148894388,600.75
1.4901047973705,600.75,166.129872494267,600.75
1.49043629698531,600.75,166.125605005583,600.75
1.49076779991877,600.75,166.12134642542,600.75
1.4910993064886,600.75,166.117096750307,600.75
1.49143081639493,600.75,166.1128559868,600.75
1.49176232980554,600.75,166.108624132173,600.75
1.49209384730592,600.75,166.104401178381,600.75
1.4924253679034,600.75,166.100187143715,600.75
1.49275689239672,600.75,166.095982013481,600.75
1.49308842009274,600.75,166.09178580159,600.75
1.49341995170795,600.75,166.087598495641,600.75
1.49375148688491,600.75,166.083420104091,600.75
1.49408302563492,600.75,166.079250626657,600.75
1.4944145692242,600.75,166.075090044311,600.75
1.49474611586182,600.75,166.070938389771,600.75
1.49507766629495,600.75,166.06679564704,600.75
1.49540922027643,600.75,166.062661822665,600.75
1.49574077888238,600.75,166.058536900173,600.75
1.49607234122122,600.75,166.054420897552,600.75
1.49640390777496,600.75,166.050313805732,600.75
1.49673547876652,600.75,166.046215623427,600.75
1.49706705388641,600.75,166.042126357121,600.75
1.49739863269607,600.75,166.038046013593,600.75
1.4977302157187,600.75,166.033974584252,600.75
1.49806180266461,600.75,166.02991207597,600.75
1.49839339453024,600.75,166.025858473605,600.75
1.49872499013194,600.75,166.021813799271,600.75
1.49905658997863,600.75,166.01777804269,600.75
1.4993881942392,600.75,166.013751203516,600.75
1.49971980345942,600.75,166.009733275022,600.75
1.50005141674639,600.75,166.005724273536,600.75
1.50038303490344,600.75,166.001724185179,600.75
1.50071465742829,600.75,165.997733020844,600.75
1.50104628478611,600.75,165.993750773103,600.75
1.50137791688821,600.75,165.989777445638,600.75
1.50170955355463,600.75,165.985813042021,600.75
1.50204119454866,600.75,165.981857566259,600.75
1.50237284080105,600.75,165.977911004569,600.75
1.50270449136501,600.75,165.973973375078,600.75
1.50303614684977,600.75,165.97004466695,600.75
1.50336780765378,600.75,165.966124876944,600.75
1.50369947295874,600.75,165.962214019769,600.75
1.50403114251882,600.75,165.958312097698,600.75
1.50436281715357,600.75,165.954419098581,600.75
1.50469449722,600.75,165.95053502069,600.75
1.50502618263605,600.75,165.946659867682,600.75
1.50535787268969,600.75,165.942793651079,600.75
1.50568956826969,600.75,165.93893635655,600.75
1.50602126809473,600.75,165.935088006782,600.75
1.50635297374599,600.75,165.931248575707,600.75
1.50668468464401,600.75,165.927418077689,600.75
1.50701640102958,600.75,165.923596508892,600.75
1.5073481227571,600.75,165.919783873246,600.75
1.50767984932171,600.75,165.915980178906,600.75
1.50801158141445,600.75,165.91218541527,600.75
1.50834331972924,600.75,165.90839957543,600.75
1.50867506308257,600.75,165.904622680243,600.75
1.50900681119131,600.75,165.900854731447,600.75
1.50933856590904,600.75,165.897095702061,600.75
1.5096703253284,600.75,165.893345626815,600.75
1.51000209101183,600.75,165.889604478673,600.75
1.51033386213843,600.75,165.885872275256,600.75
1.51066563879172,600.75,165.88214901435,600.75
1.5109974211866,600.75,165.878434694164,600.75
1.51132920921796,600.75,165.874729318155,600.75
1.51166100269691,600.75,165.871032890011,600.75
1.51199280250275,600.75,165.867345397742,600.75
1.51232460783522,600.75,165.863666856857,600.75
1.51265641919017,600.75,165.859997259204,600.75
1.51298823687724,600.75,165.856336603046,600.75
1.51332006063553,600.75,165.852684894523,600.75
1.51365189040306,600.75,165.849042135078,600.75
1.51398372564814,600.75,165.845408333309,600.75
1.51431556711341,600.75,165.841783478264,600.75
1.51464741499971,600.75,165.838167570683,600.75
1.514979268844,600.75,165.834560619292,600.75
1.5153111284213,600.75,165.830962627179,600.75
1.51564299474308,600.75,165.827373580594,600.75
1.51597486709125,600.75,165.823793494205,600.75
1.51630674604215,600.75,165.82022235924,600.75
1.51663863088094,600.75,165.81666018878,600.75
1.51697052246059,600.75,165.813106970106,600.75
1.51730242012144,600.75,165.809562716407,600.75
1.51763432410454,600.75,165.806027423799,600.75
1.51796623442686,600.75,165.802501094069,600.75
1.51829815158108,600.75,165.798983721902,600.75
1.51863007493688,600.75,165.795475319077,600.75
1.51896200528663,600.75,165.791975874144,600.75
1.51929394187526,600.75,165.788485401397,600.75
1.51962588527976,600.75,165.785003892069,600.75
1.51995783557348,600.75,165.781531348304,600.75
1.52028979266824,600.75,165.778067773172,600.75
1.52062175651533,600.75,165.774613168564,600.75
1.52095372676048,600.75,165.771167540629,600.75
1.52128570392115,600.75,165.767730882604,600.75
1.52161768793538,600.75,165.764303198436,600.75
1.52194967854835,600.75,165.760884493035,600.75
1.52228167601655,600.75,165.757474763581,600.75
1.5226136806674,600.75,165.754074007923,600.75
1.52294569204919,600.75,165.750682234857,600.75
1.52327771062853,600.75,165.74729943822,600.75
1.52360973563014,600.75,165.743925631432,600.75
1.52394176813282,600.75,165.740560799077,600.75
1.52427380838295,600.75,165.73720494277,600.75
1.52460585579756,600.75,165.733858073018,600.75
1.52493791014722,600.75,165.730520192637,600.75
1.52526997122629,600.75,165.727191305042,600.75
1.52560203964608,600.75,165.72387140291,600.75
1.52593411550775,600.75,165.720560488462,600.75
1.52626619866009,600.75,165.717258565831,600.75
1.52659828950144,600.75,165.71396563089,600.75
1.52693038737444,600.75,165.710681695264,600.75
1.5272624928679,600.75,165.707406750724,600.75
1.52759460552743,600.75,165.704140806694,600.75
1.52792672591393,600.75,165.70088385608,600.75
1.52825885469318,600.75,165.697635893553,600.75
1.52859099010328,600.75,165.694396946286,600.75
1.52892313381508,600.75,165.691166988386,600.75
1.52925528429237,600.75,165.687946046722,600.75
1.52958744281972,600.75,165.684734101525,600.75
1.52991960877101,600.75,165.681531166551,600.75
1.53025178348799,600.75,165.678337224316,600.75
1.53058396450261,600.75,165.675152312908,600.75
1.53091615401443,600.75,165.671976397647,600.75
1.53124835119182,600.75,165.668809497732,600.75
1.53158055624395,600.75,165.665651609992,600.75
1.53191276866316,600.75,165.662502743219,600.75
1.53224498919594,600.75,165.659362887907,600.75
1.5325772178112,600.75,165.656232048598,600.75
1.53290945500578,600.75,165.653110220811,600.75
1.5332416995571,600.75,165.649997423636,600.75
1.53357395288516,600.75,165.64689363677,600.75
1.53390621370428,600.75,165.643798882841,600.75
1.53423848260228,600.75,165.640713152222,600.75
1.53457075998571,600.75,165.637636443226,600.75
1.5349030453978,600.75,165.634568764982,600.75
1.53523533904364,600.75,165.631510115315,600.75
1.53556764092547,600.75,165.628460496611,600.75
1.53589995111561,600.75,165.625419909871,600.75
1.5362322692233,600.75,165.622388362104,600.75
1.5365645954112,600.75,165.619365851824,600.75
1.53689693033241,600.75,165.616352373176,600.75
1.53722927408397,600.75,165.613347929101,600.75
1.53756162644433,600.75,165.61035252478,600.75
1.53789398625083,600.75,165.607366175845,600.75
1.53822635593623,600.75,165.604388849993,600.75
1.53855873284607,600.75,165.601420589977,600.75
1.53889111840493,600.75,165.598461371716,600.75
1.53922351268113,600.75,165.595511200445,600.75
1.53955591552458,600.75,165.592570080549,600.75
1.53988832713636,600.75,165.589638011036,600.75
1.54022074775548,600.75,165.586714991586,600.75
1.54055317663328,600.75,165.583801034192,600.75
1.54088561520461,600.75,165.580896120818,600.75
1.54121806186867,600.75,165.578000277672,600.75
1.54155051744183,600.75,165.575113491711,600.75
1.54188298205081,600.75,165.572235765771,600.75
1.5422154551011,600.75,165.5693671097,600.75
1.54254793681755,600.75,165.566507520789,600.75
1.54288042737095,600.75,165.5636569996,600.75
1.5432129272951,600.75,165.560815542384,600.75
1.54354543598088,600.75,165.557983160391,600.75
1.54387795436572,600.75,165.55515984249,600.75
1.54421048130989,600.75,165.552345607443,600.75
1.54454301794854,600.75,165.549540440086,600.75
1.54487556345005,600.75,165.546744356015,600.75
1.54520811844146,600.75,165.54395734729,600.75
1.54554068205775,600.75,165.541179428215,600.75
1.54587325488236,600.75,165.53841059114,600.75
1.54620583716233,600.75,165.53565083704,600.75
1.54653842935089,600.75,165.532900163708,600.75
1.54687102969715,600.75,165.530158595519,600.75
1.54720363965946,600.75,165.527426111516,600.75
1.54753625946175,600.75,165.524702715795,600.75
1.54786888853761,600.75,165.521988418303,600.75
1.54820152714087,600.75,165.519283216353,600.75
1.54853417486845,600.75,165.516587117521,600.75
1.5488668316918,600.75,165.513900122953,600.75
1.54919949857108,600.75,165.511222223488,600.75
1.54953217485668,600.75,165.508553432172,600.75
1.54986486091376,600.75,165.505893744996,600.75
1.55019755675847,600.75,165.503243165089,600.75
1.55053026207015,600.75,165.500601698498,600.75
1.55086297759531,600.75,165.497969337778,600.75
1.55119570219018,600.75,165.495346100771,600.75
1.5515284358418,600.75,165.492731986042,600.75
1.55186117937763,600.75,165.490126986031,600.75
1.55219393287489,600.75,165.487531105002,600.75
1.55252669641296,600.75,165.484944344834,600.75
1.55285947065608,600.75,165.482366700613,600.75
1.55319225486234,600.75,165.479798185376,600.75
1.55352504799216,600.75,165.47723881069,600.75
1.55385785106879,600.75,165.474688563455,600.75
1.55419066419014,600.75,165.472147448174,600.75
1.55452348707734,600.75,165.469615470908,600.75
1.55485632039074,600.75,165.467092625668,600.75
1.55518916279375,600.75,165.464578931919,600.75
1.55552201623369,600.75,165.462074365805,600.75
1.55585487939109,600.75,165.459578950828,600.75
1.55618775360327,600.75,165.45709267042,600.75
1.55652063786664,600.75,165.454615542429,600.75
1.55685353220893,600.75,165.452147565723,600.75
1.55718643700192,600.75,165.449688738423,600.75
1.55751935110145,600.75,165.447239076769,600.75
1.55785227551956,600.75,165.444798568109,600.75
1.55818521057073,600.75,165.442367214687,600.75
1.55851815577763,600.75,165.439945025518,600.75
1.55885111155535,600.75,165.43753199692,600.75
1.55918407860587,600.75,165.435128125071,600.75
1.55951705568753,600.75,165.432733428468,600.75
1.55985004264259,600.75,165.430347907021,600.75
1.56018304017052,600.75,165.427971554723,600.75
1.56051604790454,600.75,165.425604380403,600.75
1.56084906707872,600.75,165.423246372212,600.75
1.56118209617006,600.75,165.420897553243,600.75
1.56151513628909,600.75,165.41855790903,600.75
1.56184818664163,600.75,165.416227454074,600.75
1.56218124802117,600.75,165.4139061799,600.75
1.56251432015308,600.75,165.411594094576,600.75
1.56284740254212,600.75,165.409291205081,600.75
1.56318049615815,600.75,165.406997501872,600.75
1.56351360050298,600.75,165.404712996071,600.75
1.5638467152985,600.75,165.402437691624,600.75
1.56417984073778,600.75,165.400171587918,600.75
1.56451297733766,600.75,165.397914682723,600.75
1.5648461251894,600.75,165.39566697959,600.75
1.56517928328464,600.75,165.393428492064,600.75
1.56551245261904,600.75,165.391199208788,600.75
1.56584563280417,600.75,165.388979139679,600.75
1.56617882434269,600.75,165.386768281035,600.75
1.56651202691165,600.75,165.384566640522,600.75
1.5668452405627,600.75,165.382374219205,600.75
1.56717846474972,600.75,165.380191025396,600.75
1.56751170049633,600.75,165.378017049299,600.75
1.56784494671582,600.75,165.375852308189,600.75
1.56817820386572,600.75,165.373696796399,600.75
1.56851147300638,600.75,165.371550507205,600.75
1.56884475366406,600.75,165.369413452069,600.75
1.56917804455451,600.75,165.36728564522,600.75
1.5695113479578,600.75,165.365167061586,600.75
1.56984466302889,600.75,165.363057720304,600.75
1.57017798869538,600.75,165.360957632397,600.75
1.57051132661139,600.75,165.358866779924,600.75
1.57084467481253,600.75,165.356785190892,600.75
1.57117803483112,600.75,165.354712846082,600.75
1.57151140603526,600.75,165.352649759556,600.75
1.57184478851836,600.75,165.350595931246,600.75
1.57217818201302,600.75,165.348551366712,600.75
1.57251158832201,600.75,165.346516050031,600.75
1.5728450051819,600.75,165.344490012738,600.75
1.57317843356868,600.75,165.34247324026,600.75
1.57351187510751,600.75,165.340465722479,600.75
1.57384532730213,600.75,165.338467492757,600.75
1.57417879106574,600.75,165.336478536325,600.75
1.5745122666064,600.75,165.334498856617,600.75
1.57484575368014,600.75,165.332528459819,600.75
1.57517925275517,600.75,165.330567343433,600.75
1.57551276315941,600.75,165.32861551842,600.75
1.5758462855664,600.75,165.326672978822,600.75
1.57617981972822,600.75,165.324739732165,600.75
1.57651336586534,600.75,165.322815778491,600.75
1.57684692381225,600.75,165.320901123002,600.75
1.57718049359563,600.75,165.318995767777,600.75
1.57751407555052,600.75,165.317099712592,600.75
1.57784766913594,600.75,165.315212966703,600.75
1.57818127465303,600.75,165.313335528271,600.75
1.57851489303624,600.75,165.31146739242,600.75
1.57884852226902,600.75,165.309608584505,600.75
1.5791821644519,600.75,165.307759080635,600.75
1.5795158186968,600.75,165.305918899261,600.75
1.57984948448317,600.75,165.304088045458,600.75
1.58018316270869,600.75,165.302266511692,600.75
1.58051685339842,600.75,165.300454303891,600.75
1.58085055598498,600.75,165.298651430622,600.75
1.58118427094129,600.75,165.296857888428,600.75
1.58151799810045,600.75,165.295073683433,600.75
1.58185173778886,600.75,165.293298815176,600.75
1.58218548972629,600.75,165.291533290409,600.75
1.58251925418744,600.75,165.289777108711,600.75
1.58285303107866,600.75,165.288030274918,600.75
1.5831868200599,600.75,165.286292794866,600.75
1.58352062146568,600.75,165.284564667286,600.75
1.58385443545431,600.75,165.282845894972,600.75
1.58418826135053,600.75,165.281136487723,600.75
1.58452209910765,600.75,165.279436446518,600.75
1.58485595032678,600.75,165.277745759811,600.75
1.58518981442671,600.75,165.276064441893,600.75
1.58552369090973,600.75,165.274392498576,600.75
1.58585757943122,600.75,165.27272993396,600.75
1.58619148093792,600.75,165.271076741357,600.75
1.58652539477678,600.75,165.269432933089,600.75
1.58685932146301,600.75,165.267798505603,600.75
1.58719326099496,600.75,165.26617346383,600.75
1.58752721269069,600.75,165.264557816989,600.75
1.58786117781016,600.75,165.262951554737,600.75
1.58819515626797,600.75,165.26135468558,600.75
1.58852914669851,600.75,165.259767224522,600.75
1.58886315036696,600.75,165.258189158674,600.75
1.58919716717811,600.75,165.256620496446,600.75
1.58953119680566,600.75,165.255061243851,600.75
1.58986523938472,600.75,165.253511401708,600.75
1.59019929404579,600.75,165.251970981021,600.75
1.59053336211692,600.75,165.250439970491,600.75
1.59086744237446,600.75,165.248918388485,600.75
1.59120153621195,600.75,165.247406222248,600.75
1.59153564321244,600.75,165.24590348352,600.75
1.59186976303501,600.75,165.244410177238,600.75
1.59220389586513,600.75,165.242926303711,600.75
1.59253804198675,600.75,165.241451864456,600.75
1.59287220066536,600.75,165.23998686999,600.75
1.59320637236517,600.75,165.238531317039,600.75
1.59354055812916,600.75,165.237085201892,600.75
1.59387475707274,600.75,165.235648539292,600.75
1.5942089691762,600.75,165.234221329665,600.75
1.59454319433892,600.75,165.232803576827,600.75
1.5948774329547,600.75,165.231395280509,600.75
1.59521168467797,600.75,165.229996448356,600.75
1.5955459489251,600.75,165.228607087224,600.75
1.59588022757137,600.75,165.227227183028,600.75
1.59621451900168,600.75,165.225856759183,600.75
1.59654882470696,600.75,165.224495801495,600.75
1.596883143285,600.75,165.223144329846,600.75
1.59721747586408,600.75,165.221802333686,600.75
1.59755182118187,600.75,165.220469830389,600.75
1.59788618008721,600.75,165.219146812104,600.75
1.59822055281915,600.75,165.217833283304,600.75
1.59855493943601,600.75,165.216529248168,600.75
1.59888933911727,600.75,165.215234716889,600.75
1.59922375239703,600.75,165.213949685587,600.75
1.59955818012526,600.75,165.212674152958,600.75
1.59989262047174,600.75,165.211408140126,600.75
1.60022707462427,600.75,165.210151634547,600.75
1.60056154330133,600.75,165.208904638268,600.75
1.60089602534626,600.75,165.207667166831,600.75
1.60123052061725,600.75,165.20643922056,600.75
1.60156502978445,600.75,165.205220796955,600.75
1.60189955272668,600.75,165.204011903024,600.75
1.60223408917406,600.75,165.202812544088,600.75
1.60256864032449,600.75,165.201622713597,600.75
1.60290320439786,600.75,165.20044243309,600.75
1.60323778285133,600.75,165.199271688617,600.75
1.60357237534482,600.75,165.198110491471,600.75
1.60390698114807,600.75,165.196958849767,600.75
1.60424160143709,600.75,165.195816755431,600.75
1.60457623514289,600.75,165.194684224345,600.75
1.60491088380543,600.75,165.193561244961,600.75
1.60524554587557,600.75,165.192447838011,600.75
1.60558022181886,600.75,165.191343998088,600.75
1.6056365303534,600.75,165.192295251498,600.75
1.60563653035342,600.75,165.192621089895,600.75
1.60597122112704,600.75,165.192426565837,600.75
1.60642340723707,600.75,165.200759453895,600.75
1.60687934771696,600.75,165.218183242455,600.75
1.60734111186,600.75,165.243994990903,600.75
1.60780874588583,600.75,165.277910822175,600.75
1.6082823503752,600.75,165.319683595545,600.75
1.60876202468987,600.75,165.369076852831,600.75
1.60924786557206,600.75,165.425861916215,600.75
1.60973996602852,600.75,165.489817275933,600.75
1.61023841518093,600.75,165.56072827366,600.75
1.61074329682089,600.75,165.638386661866,600.75
1.6112546886314,600.75,165.722590200167,600.75
1.61177266251951,600.75,165.813142439153,600.75
1.61229728111119,600.75,165.909851932797,600.75
1.6128285992981,600.75,166.012532149405,600.75
1.61336666065875,600.75,166.121000641396,600.75
1.61391149832988,600.75,166.235078866805,600.75
1.61446313300556,600.75,166.354591605565,600.75
1.61502157196744,600.75,166.479366501862,600.75
1.615586806859,600.75,166.609233367831,600.75
1.61615881451229,600.75,166.74402408675,600.75
1.61673755456413,600.75,166.883571943716,600.75
1.617322969951,600.75,167.027711500033,600.75
1.61791498400663,600.75,167.176277797387,600.75
1.61851350315716,600.75,167.32910674141,600.75
1.61911841375274,600.75,167.486034318124,600.75
1.61972958453277,600.75,167.646896969475,600.75
1.6203468652975,600.75,167.811531240999,600.75
1.62097008839054,600.75,167.979774010509,600.75
1.62159906995128,600.75,168.151462749731,600.75
1.6222336113741,600.75,168.326435849052,600.75
1.6228734996301,600.75,168.504532666828,600.75
1.62351851108182,600.75,168.685594423039,600.75
1.62416841125252,600.75,168.869464174399,600.75
1.62482295884783,600.75,169.055987754386,600.75
1.62548190803067,600.75,169.245014386135,600.75
1.62614501038108,600.75,169.436397166282,600.75
1.62681201639252,600.75,169.629993402281,600.75
1.62748267798583,600.75,169.825665188756,600.75
1.62815675221427,600.75,170.023280323056,600.75
1.62883400078939,600.75,170.222712147919,600.75
1.62951419274658,600.75,170.423840089422,600.75
1.63019710622783,600.75,170.626550040561,600.75
1.63088252818332,600.75,170.830734162104,600.75
1.63157025703955,600.75,171.036291409287,600.75
1.63226010139145,600.75,171.243127071933,600.75
1.63295188196782,600.75,171.45115308169,600.75
1.63364543087084,600.75,171.660287674832,600.75
1.63434059155338,600.75,171.870455180424,600.75
1.63503721980211,600.75,172.081586104358,600.75
1.63573518114017,600.75,172.293616273733,600.75
1.63643435278559,600.75,172.506487124341,600.75
1.63713462204325,600.75,172.720145153573,600.75
1.63783588519029,600.75,172.934541414711,600.75
1.63853804814394,600.75,173.149631517109,600.75
1.63924102590488,600.75,173.365375356738,600.75
1.63994474027512,600.75,173.581736343369,600.75
1.64064912117608,600.75,173.798681574369,600.75
1.6413541052556,600.75,174.016181376809,600.75
1.64205963440851,600.75,174.234208755265,600.75
1.64276565736987,600.75,174.45273969291,600.75
1.64347212800584,600.75,174.671752639853,600.75
1.64417900496482,600.75,174.891228289241,600.75
1.64488625011944,600.75,175.111149055779,600.75
1.64559383017035,600.75,175.331499409546,600.75
1.64630171485393,600.75,175.552265364681,600.75
1.64700987813325,600.75,175.773434708656,600.75
1.64771829563522,600.75,175.994996269435,600.75
1.64842694529361,600.75,176.21693997227,600.75
1.64913580883317,600.75,176.439257234308,600.75
1.64984486910185,600.75,176.661940228833,600.75
1.65055411139791,600.75,176.88498214572,600.75
1.65126352209048,600.75,177.108376809725,600.75
1.65197308922085,600.75,177.332118783257,600.75
1.65268280230101,600.75,177.556203303212,600.75
1.65339265204181,600.75,177.780626178817,600.75
1.65410263041756,600.75,178.005383782645,600.75
1.65481273025762,600.75,178.230472919703,600.75
1.65552294510372,600.75,178.455890758618,600.75
1.65623326957462,600.75,178.681634916715,600.75
1.65694369736259,600.75,178.90770288732,600.75
1.65765422576057,600.75,179.134093257523,600.75
1.65836485054848,600.75,179.360804383754,600.75
1.65907556834695,600.75,179.587834896879,600.75
1.65978637632592,600.75,179.815183676101,600.75
1.66049727202806,600.75,180.042849788182,600.75
1.661208253459,600.75,180.270832501104,600.75
1.6619193183023,600.75,180.499131054948,600.75
1.66263046616072,600.75,180.727745276803,600.75
1.66334169480549,600.75,180.956674569167,600.75
1.66405300394412,600.75,181.185918871452,600.75
1.66476439278123,600.75,181.415478070745,600.75
1.66547586065741,600.75,181.645352110176,600.75
1.66618740672992,600.75,181.875540908373,600.75
1.66689903084108,600.75,182.106044599414,600.75
1.66761073269406,600.75,182.336863320961,600.75
1.66832251277018,600.75,182.567997453325,600.75
1.66903437046088,600.75,182.799447103355,600.75
1.66974630650997,600.75,183.03121275165,600.75
1.67045832081738,600.75,183.263294690764,600.75
1.67117041311436,600.75,183.495693150591,600.75
1.67188258469815,600.75,183.728408822169,600.75
1.67259483555413,600.75,183.961442078023,600.75
1.67330716634962,600.75,184.194793458698,600.75
1.67401957709676,600.75,184.428463341225,600.75
1.67473206889639,600.75,184.662452409087,600.75
1.67544464249319,600.75,184.896761285694,600.75
1.67615729809468,600.75,185.131390433839,600.75
1.67687003660901,600.75,185.366340508689,600.75
1.67758285870061,600.75,185.601612122715,600.75
1.67829576465643,600.75,185.837205775523,600.75
1.67900875578996,600.75,186.073122261082,600.75
1.67972183244007,600.75,186.309362125487,600.75
1.68043499545304,600.75,186.545926037524,600.75
1.68114824620184,600.75,186.782814842098,600.75
1.68186158516367,600.75,187.020029142925,600.75
1.68257501295509,600.75,187.257569557778,600.75
1.68328853077304,600.75,187.495436882829,600.75
1.68400213869806,600.75,187.733631606241,600.75
1.68471583805967,600.75,187.972154552811,600.75
1.68542963004304,600.75,188.211006550046,600.75
1.68614351521928,600.75,188.45018824376,600.75
1.68685749536365,600.75,188.68970062048,600.75
1.68757157001625,600.75,188.929544041893,600.75
1.68828574060203,600.75,189.16971935822,600.75
1.68900000905969,600.75,189.410227640007,600.75
1.68971437497318,600.75,189.651069277854,600.75
1.69042883960351,600.75,189.892245083109,600.75
1.69114340392845,600.75,190.133755838838,600.75
1.69185806925904,600.75,190.375602426238,600.75
1.69257283598554,600.75,190.617785462756,600.75
1.6932877058337,600.75,190.860305938388,600.75
1.69400267889168,600.75,191.103164397033,600.75
1.6947177563554,600.75,191.346361662619,600.75
1.69543293975013,600.75,191.589898698103,600.75
1.69614822984101,600.75,191.833776254465,600.75
1.69686362760516,600.75,192.077995121739,600.75
1.69757913411608,600.75,192.322556126873,600.75
1.69829475014761,600.75,192.567460011921,600.75
1.69901047630174,600.75,192.812707457224,600.75
1.69972631447916,600.75,193.058299534401,600.75
1.70044226556191,600.75,193.30423705596,600.75
1.70115832977041,600.75,193.550520599106,600.75
1.70187450887695,600.75,193.797151189252,600.75
1.7025908043129,600.75,194.044129807749,600.75
1.70330721580097,600.75,194.291456905656,600.75
1.70402374509289,600.75,194.53913349169,600.75
1.70474039327696,600.75,194.787160445825,600.75
1.70545716107252,600.75,195.035538517911,600.75
1.70617405002708,600.75,195.284268698983,600.75
1.70689106082144,600.75,195.53335174585,600.75
1.70760819421514,600.75,195.782788410342,600.75
1.70832545151146,600.75,196.032579614558,600.75
1.70904283448396,600.75,196.28272645079,600.75
1.70976034394558,600.75,196.533229737049,600.75
1.71047798040125,600.75,196.784090161212,600.75
1.7111957454939,600.75,197.035308750859,600.75
1.71191363956648,600.75,197.286886175369,600.75
1.71263166432372,600.75,197.538823482733,600.75
1.71334982088564,600.75,197.791121591274,600.75
1.71406811044825,600.75,198.04378142706,600.75
1.7147865337857,600.75,198.296803787592,600.75
1.71550509157193,600.75,198.550189423827,600.75
1.71622378547256,600.75,198.803939393777,600.75
1.71694261661201,600.75,199.058054628391,600.75
1.71766158592816,600.75,199.312535984396,600.75
1.71838069498101,600.75,199.567384506916,600.75
1.71909994439752,600.75,199.822600974478,600.75
1.71981933566238,600.75,200.07818640214,600.75
1.72053886974791,600.75,200.334141677536,600.75
1.72125854754157,600.75,200.590467645845,600.75
1.72197837049199,600.75,200.84716532651,600.75
1.72269833983869,600.75,201.104235698271,600.75
1.72341845658489,600.75,201.361679661174,600.75
1.7241387217686,600.75,201.619498117993,600.75
1.72485913699756,600.75,201.877692155242,600.75
1.72557970316967,600.75,202.13626266048,600.75
1.72630042107244,600.75,202.395210460938,600.75
1.72702129213747,600.75,202.654536583657,600.75
1.72774231748002,600.75,202.914241983879,600.75
1.7284634986561,600.75,203.174327749631,600.75
1.72918483665735,600.75,203.434794808861,600.75
1.72990633254319,600.75,203.695644091376,600.75
1.73062798770739,600.75,203.956876637056,600.75
1.7313498030647,600.75,204.218493349105,600.75
1.73207178091057,600.75,204.480495557765,600.75
1.73279392138587,600.75,204.742883961133,600.75
1.73351622606508,600.75,205.005659633867,600.75
1.73423869596446,600.75,205.268823525978,600.75
1.7349613325298,600.75,205.532376710137,600.75
1.73568413683047,600.75,205.796320156821,600.75
1.7364071103795,600.75,206.060654967946,600.75
1.73713025439998,600.75,206.325382172209,600.75
1.73785356991934,600.75,206.590502726794,600.75
1.73857705818518,600.75,206.856017652979,600.75
1.73930072035053,600.75,207.121927952548,600.75
1.74002455814465,600.75,207.388234814077,600.75
1.74074857284663,600.75,207.654939307849,600.75
1.74147276553327,600.75,207.922042423821,600.75
1.74219713740392,600.75,208.18954518356,600.75
1.74292168972419,600.75,208.457448637142,600.75
1.74364642412548,600.75,208.725753960419,600.75
1.74437134187534,600.75,208.99446222997,600.75
1.74509644393033,600.75,209.263574408797,600.75
1.74582173212972,600.75,209.533091736374,600.75
1.74654720714774,600.75,209.803015110766,600.75
1.74727287071408,600.75,210.073345731033,600.75
1.74799872436649,600.75,210.344084778516,600.75
1.74872476910248,600.75,210.615233255696,600.75
1.74945100638814,600.75,210.886792297186,600.75
1.75017743728583,600.75,211.158762925722,600.75
1.75090406374174,600.75,211.431146442524,600.75
1.75163088626389,600.75,211.703943714841,600.75
1.75235790724576,600.75,211.977156175222,600.75
1.75308512704086,600.75,212.25078466304,600.75
1.75381254817776,600.75,212.524830657073,600.75
1.75454017132665,600.75,212.799295113066,600.75
1.75526799791239,600.75,213.074179164657,600.75
1.75599602990304,600.75,213.349484155738,600.75
1.75672426809237,600.75,213.625211070408,600.75
1.75745271443554,600.75,213.901361231524,600.75
1.75818136957146,600.75,214.177935573838,600.75
1.75891023555906,600.75,214.454935453479,600.75
1.75963931383388,600.75,214.732362081545,600.75
1.7603686056895,600.75,215.0102166023,600.75
1.76109811280396,600.75,215.288500282744,600.75
1.76182783591292,600.75,215.567214093601,600.75
1.76255777729902,600.75,215.846359485785,600.75
1.76328793826518,600.75,216.1259376526,600.75
1.76401831993729,600.75,216.405949692102,600.75
1.76474892447683,600.75,216.686397041742,600.75
1.76547975322888,600.75,216.967280914924,600.75
1.76621080714451,600.75,217.248602361428,600.75
1.76694208785663,600.75,217.53036264174,600.75
1.76767359724994,600.75,217.812563135085,600.75
1.76840533666827,600.75,218.095205056446,600.75
1.76913730777708,600.75,218.378289708898,600.75
1.76986951145261,600.75,218.661818143249,600.75
1.77060195048597,600.75,218.945792028018,600.75
1.7713346255743,600.75,219.230212411418,600.75
1.77206753808174,600.75,219.515080480182,600.75
1.7728006901991,600.75,219.800397728243,600.75
1.7735340833746,600.75,220.086165442624,600.75
1.77426771924186,600.75,220.372384945784,600.75
1.77500159895951,600.75,220.659057406282,600.75
1.77573572509083,600.75,220.946184454691,600.75
1.77647009860871,600.75,221.233767246548,600.75
1.77720472098713,600.75,221.521807041712,600.75
1.77793959357747,600.75,221.810305077555,600.75
1.77867471830377,600.75,222.099262787729,600.75
1.77941009725766,600.75,222.388681695462,600.75
1.78014573194723,600.75,222.678563138269,600.75
1.78088162386786,600.75,222.9689084249,600.75
1.78161777483167,600.75,223.25971897312,600.75
1.78235418677836,600.75,223.550996264035,600.75
1.78309086094712,600.75,223.842741548035,600.75
1.78382779894696,600.75,224.134956172647,600.75
1.78456500254867,600.75,224.427641559684,600.75
1.78530247420249,600.75,224.720799380936,600.75
1.78604021467066,600.75,225.014430760618,600.75
1.78677822633792,600.75,225.308537309535,600.75
1.78751651046404,600.75,225.603120323269,600.75
1.78825506876712,600.75,225.898181211956,600.75
1.78899390379863,600.75,226.193721698452,600.75
1.78973301687774,600.75,226.489743123774,600.75
1.79047240964121,600.75,226.786246885571,600.75
1.79121208371933,600.75,227.083234392192,600.75
1.79195204172112,600.75,227.380707400146,600.75
1.79269228472504,600.75,227.678667183362,600.75
1.79343281444187,600.75,227.977115168062,600.75
1.7941736333932,600.75,228.276053093876,600.75
1.79491474272887,600.75,228.575482266448,600.75
1.79565614475059,600.75,228.875404335091,600.75
1.79639784139754,600.75,229.175820877679,600.75
1.79713983419983,600.75,229.476733318735,600.75
1.79788212542306,600.75,229.778143323825,600.75
1.79862471688549,600.75,230.080052440286,600.75
1.79936761057585,600.75,230.382462260667,600.75
1.80011080790188,600.75,230.685374181871,600.75
1.80085431095233,600.75,230.988789816485,600.75
1.80159812210675,600.75,231.292710917444,600.75
1.80234224261403,600.75,231.5971388587,600.75
1.80308667536685,600.75,231.902075546143,600.75
1.80383142205973,600.75,232.207522543723,600.75
1.80457648456674,600.75,232.513481429139,600.75
1.80532186433391,600.75,232.819953633849,600.75
1.80606756378193,600.75,233.126940919461,600.75
1.80681358537427,600.75,233.434445117454,600.75
1.80755993054795,600.75,233.74246770391,600.75
1.80830660127994,600.75,234.051010297975,600.75
1.8090535999951,600.75,234.360074706788,600.75
1.80980092897189,600.75,234.669662716692,600.75
1.8105485898936,600.75,234.979775899345,600.75
1.81129658486064,600.75,235.290415947753,600.75
1.81204491627775,600.75,235.601584688063,600.75
1.81279358619375,600.75,235.913283841468,600.75
1.8135425964802,600.75,236.22551505206,600.75
1.81429194954707,600.75,236.538280151374,600.75
1.81504164724277,600.75,236.851580800172,600.75
1.81579169168693,600.75,237.165418734271,600.75
1.81654208570319,600.75,237.479795961667,600.75
1.81729283077732,600.75,237.794714049143,600.75
1.81804392943011,600.75,238.110174874892,600.75
1.81879538371297,600.75,238.426180199954,600.75
1.81954719589819,600.75,238.742731850289,600.75
1.82029936848888,600.75,239.059831750824,600.75
1.82105190380406,600.75,239.377481778319,600.75
1.82180480422225,600.75,239.695683827489,600.75
1.82255807129808,600.75,240.014439497905,600.75
1.82331170833557,600.75,240.333750989008,600.75
1.82406571688007,600.75,240.653619953182,600.75
1.82482009929902,600.75,240.97404826084,600.75
1.8255748584499,600.75,241.295038003512,600.75
1.82632999629122,600.75,241.616590979194,600.75
1.82708551567554,600.75,241.938709272896,600.75
1.82784141800828,600.75,242.261394485576,600.75
1.82859770699709,600.75,242.584648996066,600.75
1.82935438420421,600.75,242.908474518136,600.75
1.83011145210035,600.75,243.232872997804,600.75
1.83086891373172,600.75,243.557846638543,600.75
1.83162677066549,600.75,243.883397138393,600.75
1.83238502588466,600.75,244.209526644639,600.75
1.83314368199026,600.75,244.536237240256,600.75
1.83390274156232,600.75,244.863530992474,600.75
1.83466220677162,600.75,245.191409818091,600.75
1.83542208049745,600.75,245.519875878757,600.75
1.83618236502712,600.75,245.848931158917,600.75
1.83694306354806,600.75,246.178577954755,600.75
1.83770417794045,600.75,246.508818127978,600.75
1.83846571125347,600.75,246.839653911923,600.75
1.83922766599556,600.75,247.171087402949,600.75
1.83999004486683,600.75,247.503120750137,600.75
1.84075285047385,600.75,247.835756081,600.75
1.84151608522049,600.75,248.168995447379,600.75
1.84227975220246,600.75,248.502841154214,600.75
1.84304385405963,600.75,248.837295380145,600.75
1.84380839372205,600.75,249.172360396477,600.75
1.844573373752,600.75,249.508038355683,600.75
1.84533879701552,600.75,249.844331510083,600.75
1.84610466627707,600.75,250.181242094831,600.75
1.8468709840503,600.75,250.518772251232,600.75
1.84763775379762,600.75,250.85692447026,600.75
1.84840497834266,600.75,251.195701062216,600.75
1.84917266015265,600.75,251.535104175492,600.75
1.84994080258554,600.75,251.875136276932,600.75
1.8507094077236,600.75,252.215799404312,600.75
1.85147847945522,600.75,252.557096217765,600.75
1.85224802047943,600.75,252.899029031774,600.75
1.85301803368943,600.75,253.24160018032,600.75
1.85378852182808,600.75,253.584811949515,600.75
1.85455948843602,600.75,253.928666927981,600.75
1.85533093600783,600.75,254.273167357793,600.75
1.85610286816437,600.75,254.618315859961,600.75
1.85687528712289,600.75,254.964114584833,600.75
1.85764819703393,600.75,255.310566352135,600.75
1.85842160042722,600.75,255.657673475044,600.75
1.85919550061884,600.75,256.005438487866,600.75
1.85996990065432,600.75,256.353863864587,600.75
1.86074480421587,600.75,256.702952319078,600.75
1.86152021451477,600.75,257.052706428343,600.75
1.86229613400961,600.75,257.403128458966,600.75
1.86307256687612,600.75,257.754221297271,600.75
1.86384951625803,600.75,258.105987538945,600.75
1.86462698498266,600.75,258.458429610269,600.75
1.86540497703974,600.75,258.811550367951,600.75
1.86618349489282,600.75,259.165352152329,600.75
1.86696254279785,600.75,259.519837918689,600.75
1.8677421237817,600.75,259.875010253766,600.75
1.86852224148065,600.75,260.230871922482,600.75
1.86930289929343,600.75,260.587425634029,600.75
1.87008410047886,600.75,260.944674037676,600.75
1.87086584921001,600.75,261.302620136292,600.75
1.87164814846836,600.75,261.66126653071,600.75
1.87243100213398,600.75,262.020616110104,600.75
1.87321441432556,600.75,262.380671913689,600.75
1.87399838791829,600.75,262.741436520783,600.75
1.87478292629106,600.75,263.102912635586,600.75
1.87556803361618,600.75,263.465103303743,600.75
1.87635371376419,600.75,263.828011514411,600.75
1.87713997054344,600.75,264.191640226397,600.75
1.87792680789695,600.75,264.555992452553,600.75
1.87871422875117,600.75,264.921070818104,600.75
1.87950223777687,600.75,265.286878578216,600.75
1.88029083903727,600.75,265.653418862331,600.75
1.88108003594122,600.75,266.020694520786,600.75
1.88186983257876,600.75,266.388708633127,600.75
1.88266023246997,600.75,266.757464098266,600.75
1.88345124025714,600.75,267.126964235124,600.75
1.88424285982916,600.75,267.497212141121,600.75
1.88503509498497,600.75,267.868210842957,600.75
1.88582795009883,600.75,268.239963591781,600.75
1.88662142934064,600.75,268.61247360168,600.75
1.88741553702916,600.75,268.985744144366,600.75
1.88821027687528,600.75,269.359778263845,600.75
1.88900565379491,600.75,269.734579453298,600.75
1.88980167136403,600.75,270.110150752675,600.75
1.89059833428286,600.75,270.486495578158,600.75
1.89139564702882,600.75,270.863617329981,600.75
1.89219361357767,600.75,271.241519207042,600.75
1.89299223877267,600.75,271.62020472876,600.75
1.89379152658649,600.75,271.999677125884,600.75
1.89459148212465,600.75,272.379940040229,600.75
1.89539210980855,600.75,272.760996916388,600.75
1.89619341391191,600.75,273.142851108008,600.75
1.89699539954826,600.75,273.525506300052,600.75
1.89779807092197,600.75,273.908965873074,600.75
1.89860143264675,600.75,274.293233324091,600.75
1.89940548964103,600.75,274.678312301893,600.75
1.90021024656249,600.75,275.064206380893,600.75
1.90101570860371,600.75,275.45091934517,600.75
1.9018218806736,600.75,275.838454906576,600.75
1.90262876765326,600.75,276.226816757518,600.75
1.90343637408858,600.75,276.616008456285,600.75
1.90424470518585,600.75,277.00603381313,600.75
1.90505376595388,600.75,277.396896608665,600.75
1.90586356160929,600.75,277.788600707642,600.75
1.90667409767964,600.75,278.181150123442,600.75
1.90748537816664,600.75,278.574548274783,600.75
1.90829740961799,600.75,278.968799525372,600.75
1.90911019681658,600.75,279.363907691145,600.75
1.90992374503105,600.75,279.759876690158,600.75
1.91073805951681,600.75,280.156710462532,600.75
1.9115531456501,600.75,280.554413007024,600.75
1.91236900934942,600.75,280.952988562471,600.75
1.91318565602516,600.75,281.352441206298,600.75
1.91400309087445,600.75,281.752774902933,600.75
1.91482131991642,600.75,282.15399394363,600.75
1.91564034852918,600.75,282.556102419058,600.75
1.91646018294951,600.75,282.959104743727,600.75
1.91728082905071,600.75,283.363005246846,600.75
1.91810229194007,600.75,283.767807927228,600.75
1.91892457815466,600.75,284.173517325126,600.75
1.91974769329266,600.75,284.580137695387,600.75
1.92057164412064,600.75,284.987673730527,600.75
1.92139643616791,600.75,285.396129693779,600.75
1.92222207536733,600.75,285.805509941464,600.75
1.92304856786328,600.75,286.215818943475,600.75
1.92387592046618,600.75,286.627061473994,600.75
1.92470413928579,600.75,287.039242074012,600.75
1.92553323030955,600.75,287.452365193978,600.75
1.92636320055031,600.75,287.866435705262,600.75
1.92719405684355,600.75,288.281458487887,600.75
1.92802580500964,600.75,288.69743799897,600.75
1.92885845213718,600.75,289.114379157247,600.75
1.92969200476232,600.75,289.532286741427,600.75
1.9305264701053,600.75,289.951165795145,600.75
1.93136185403269,600.75,290.371020845212,600.75
1.93219816478505,600.75,290.79185732989,600.75
1.93303540876716,600.75,291.213680087816,600.75
1.93387359332846,600.75,291.636494245537,600.75
1.93471272476472,600.75,292.060304545229,600.75
1.93555281110398,600.75,292.4851163954,600.75
1.93639385971519,600.75,292.910935055972,600.75
1.93723587766489,600.75,293.337765630723,600.75
1.93807887250535,600.75,293.765613406866,600.75
1.93892285157812,600.75,294.194483621464,600.75
1.93976782289061,600.75,294.624381789267,600.75
1.9406137938432,600.75,295.05531322261,600.75
1.94146077267868,600.75,295.487283558205,600.75
1.94230876722203,600.75,295.920298320709,600.75
1.94315778506021,600.75,296.354362913556,600.75
1.94400783413586,600.75,296.789482874412,600.75
1.9448589231612,600.75,297.22566410087,600.75
1.94571106048427,600.75,297.662912404981,600.75
1.9465642540913,600.75,298.101233428413,600.75
1.94741851242471,600.75,298.540632980986,600.75
1.94827384385591,600.75,298.98111687816,600.75
1.94913025741079,600.75,299.422691220432,600.75
1.94998776118998,600.75,299.865361766349,600.75
1.95084636470674,600.75,300.30913482019,600.75
1.95170607655752,600.75,300.754016399326,600.75
1.95256690557012,600.75,301.20001256501,600.75
1.95342886102962,600.75,301.647129589442,600.75
1.95429195272381,600.75,302.095374004901,600.75
1.95515618932474,600.75,302.544751910179,600.75
1.95602158066555,600.75,302.99526982512,600.75
1.95688813629429,600.75,303.446934231461,600.75
1.95775586546606,600.75,303.899751474365,600.75
1.95862477865152,600.75,304.353728403581,600.75
1.95949488512211,600.75,304.808871445573,600.75
1.96036619571627,600.75,305.265187625663,600.75
1.96123872010439,600.75,305.722683579003,600.75
1.96211246889492,600.75,306.181366270899,600.75
1.96298745239129,600.75,306.641242600506,600.75
1.96386368056654,600.75,307.102319306603,600.75
1.96474116511685,600.75,307.564603851857,600.75
1.96561991636635,600.75,308.028103238632,600.75
1.96649994496235,600.75,308.492824514883,600.75
1.96738126235405,600.75,308.958775092046,600.75
1.9682638796738,600.75,309.425962310981,600.75
1.96914780823596,600.75,309.894393574052,600.75
1.97003306003234,600.75,310.364076592448,600.75
1.97091964652966,600.75,310.835018903343,600.75
1.97180757937316,600.75,311.307228083074,600.75
1.97269687084429,600.75,311.780711994614,600.75
1.97358753283899,600.75,312.255478382696,600.75
1.97447957817012,600.75,312.731535367875,600.75
1.97537301850459,600.75,313.20889063384,600.75
1.97626786724667,600.75,313.68755253954,600.75
1.97716413678229,600.75,314.167529123923,600.75
1.97806184043386,600.75,314.648828766507,600.75
1.97896099109293,600.75,315.131459719231,600.75
1.97986160194434,600.75,315.615430328931,600.75
1.98076368699715,600.75,316.100749321525,600.75
1.98166725979128,600.75,316.58742528047,600.75
1.98257233447872,600.75,317.075467021799,600.75
1.98347892465388,600.75,317.564883151104,600.75
1.98438704514797,600.75,318.055682771951,600.75
1.98529671028092,600.75,318.547874850266,600.75
1.98620793475205,600.75,319.041468478369,600.75
1.9871207338925,600.75,319.536473046,600.75
1.98803512255197,600.75,320.032897773107,600.75
1.98895111583464,600.75,320.530751943351,600.75
1.98986872982615,600.75,321.030045280576,600.75
1.99078798034895,600.75,321.530787463503,600.75
1.99170888334921,600.75,322.032988197507,600.75
1.99263145514736,600.75,322.536657345214,600.75
1.993555712041,600.75,323.041804772513,600.75
1.99448167148987,600.75,323.548440849142,600.75
1.99540934993452,600.75,324.056575567967,600.75
1.99633876577928,600.75,324.566219705804,600.75
1.99726993606574,600.75,325.07738356573,600.75
1.99820287844508,600.75,325.590077599266,600.75
1.99913761170738,600.75,326.104312783427,600.75
2.00007415319367,600.75,326.620099519882,600.75
2.00101252248441,600.75,327.137449074844,600.75
2.00195273899486,600.75,327.65637279451,600.75
2.00289482111756,600.75,328.176881540245,600.75
2.00383878955306,600.75,328.6989870898,600.75
2.00478466348661,600.75,329.222700693685,600.75
2.00573246411725,600.75,329.748034366326,600.75
2.00668221129426,600.75,330.274999635962,600.75
2.0076339265756,600.75,330.8036086633,600.75
2.00858763091723,600.75,331.333873431892,600.75
2.00954334726523,600.75,331.865806748821,600.75
2.0105010971252,600.75,332.399420895092,600.75
2.01146090243109,600.75,332.934728185298,600.75
2.012422786467,600.75,333.471741516198,600.75
2.01338677235835,600.75,334.010473784212,600.75
2.01435288453451,600.75,334.55093842565,600.75
2.01532114643058,600.75,335.093148482148,600.75
2.01629158310785,600.75,335.63711759646,600.75
2.01726421983562,600.75,336.182859579004,600.75
2.01823908102063,600.75,336.730387813328,600.75
2.01921619291158,600.75,337.279716373155,600.75
2.020195050733,600.75,337.83061556425,600.75
2.02117542097659,600.75,338.382928465328,600.75
2.02215731389706,600.75,338.936627626688,600.75
2.02314074114429,600.75,339.491712563072,600.75
2.02412571705115,600.75,340.048188331565,600.75
2.02511225566185,600.75,340.606060703085,600.75
2.0261003722093,600.75,341.165335987849,600.75
2.02709008197653,600.75,341.726020515045,600.75
2.0280814002733,600.75,342.288120509918,600.75
2.02907434231898,600.75,342.851642017196,600.75
2.0300689241015,600.75,343.416591280112,600.75
2.03106516103568,600.75,343.982974200846,600.75
2.03206306914408,600.75,344.550796763863,600.75
2.03306266456909,600.75,345.120064904638,600.75
2.03406396368655,600.75,345.690784526567,600.75
2.03506698379168,600.75,346.26296182073,600.75
2.03607174054218,600.75,346.836602148324,600.75
2.03707825180057,600.75,347.411711571076,600.75
2.03808653446333,600.75,347.988295722447,600.75
2.03909660586155,600.75,348.566360191342,600.75
2.04010848454047,600.75,349.145910975759,600.75
2.0411221879795,600.75,349.726953515437,600.75
2.04213773392336,600.75,350.309493089592,600.75
2.04315514155932,600.75,350.893535455858,600.75
2.04417442973166,600.75,351.479086151572,600.75
2.04519561681536,600.75,352.066150270667,600.75
2.04621872261572,600.75,352.654733299779,600.75
2.04724376662135,600.75,353.244840486539,600.75
2.04827076920024,600.75,353.836477241733,600.75
2.04929975014287,600.75,354.429648552174,600.75
2.05033073008625,600.75,355.024359502335,600.75
2.05136372974961,600.75,355.620615034291,600.75
2.05239877031057,600.75,356.218420056696,600.75
2.05343587407378,600.75,356.817779776104,600.75
2.05447506192375,600.75,357.418698576569,600.75
2.05551635649937,600.75,358.021181236995,600.75
2.05655978020632,600.75,358.625232281705,600.75
2.05760535626511,600.75,359.230856300796,600.75
2.05865310849068,600.75,359.838057918819,600.75
2.05970305952742,600.75,360.446840953096,600.75
2.06075523469618,600.75,361.057210007906,600.75
2.06180965754817,600.75,361.669168761609,600.75
2.06286635347246,600.75,362.282721232814,600.75
2.06392534792245,600.75,362.897871250019,600.75
2.06498666659256,600.75,363.514622387448,600.75
2.06605033600113,600.75,364.132978218037,600.75
2.06711638325988,600.75,364.752942251803,600.75
2.06818483523699,600.75,365.374517517159,600.75
2.06925571997493,600.75,365.997707114281,600.75
2.07032906514932,600.75,366.622513615309,600.75
2.07140490002429,600.75,367.248939817003,600.75
2.07248325358203,600.75,367.876988035321,600.75
2.07356415591155,600.75,368.506660565975,600.75
2.07464763730258,600.75,369.137959362073,600.75
2.07573372941028,600.75,369.770886479251,600.75
2.07682246343528,600.75,370.405443319564,600.75
2.07791387201073,600.75,371.041631311325,600.75
2.07900798699341,600.75,371.679451031518,600.75
2.08010484274329,600.75,372.31890349761,600.75
2.08120447298475,600.75,372.959989000825,600.75
2.08230691240465,600.75,373.60270754006,600.75
2.08341219705397,600.75,374.247059102893,600.75
2.08452036290903,600.75,374.893043034874,600.75
2.08563144709423,600.75,375.540658432772,600.75
2.08674548734796,600.75,376.189903972878,600.75
2.08786252243539,600.75,376.840778030452,600.75
2.08898259158219,600.75,377.493278421975,600.75
2.09010573522252,600.75,378.147402660666,600.75
2.09123199427021,600.75,378.80314765457,600.75
2.09236141082496,600.75,379.460509927246,600.75
2.09349402717495,600.75,380.119485183205,600.75
2.09462988844695,600.75,380.780069387823,600.75
2.09576903850823,600.75,381.442257109497,600.75
2.09691152366445,600.75,382.10604277544,600.75
2.09805739057936,600.75,382.771420000298,600.75
2.09920668718303,600.75,383.438381784437,600.75
2.10035946290105,600.75,384.106920634772,600.75
2.10151576794016,600.75,384.77702821975,600.75
2.10267565332634,600.75,385.448695258219,600.75
2.10383917207284,600.75,386.121911982717,600.75
2.10500637813499,600.75,386.79666772506,600.75
2.10617732666874,600.75,387.472950875722,600.75
2.1073520744204,600.75,388.150749002725,600.75
2.10853067982576,600.75,388.830048867049,600.75
2.10971320217185,600.75,389.510835985174,600.75
2.11089970238936,600.75,390.193094818636,600.75
2.11209024272161,600.75,390.876808611261,600.75
2.11328488781493,600.75,391.561959766438,600.75
2.1144837036243,600.75,392.24852937587,600.75
2.11568675793024,600.75,392.936497253775,600.75
2.11689411987372,600.75,393.625841664899,600.75
2.11810586094483,600.75,394.316539613203,600.75
2.11932205528454,600.75,395.008566959688,600.75
2.12054277758957,600.75,395.701897422618,600.75
2.12176810549877,600.75,396.39650328989,600.75
2.12299811936389,600.75,397.092355403036,600.75
2.12423290080621,600.75,397.789422394796,600.75
2.12547253430765,600.75,398.487671086461,600.75
2.12671710701968,600.75,399.187066392186,600.75
2.12796670884729,600.75,399.887571194336,600.75
2.12922143133337,600.75,400.589145695127,600.75
2.13048137019813,600.75,401.291748215238,600.75
2.13174662414311,600.75,401.995334732367,600.75
2.13301729309194,600.75,402.699857836833,600.75
2.13429348243837,600.75,403.405268133135,600.75
2.13557529961966,600.75,404.111512964246,600.75
2.13686285614022,600.75,404.818536737317,600.75
2.13815626706146,600.75,405.526280614356,600.75
2.13945565078609,600.75,406.234682124907,600.75
2.14076113163792,600.75,406.943675929891,600.75
2.1420728360256,600.75,407.653192180317,600.75
2.14339089579822,600.75,408.363157231895,600.75
2.14471544794506,600.75,409.073493464708,600.75
2.14604663362616,600.75,409.784118536739,600.75
2.14738459970375,600.75,410.494945523048,600.75
2.14872949749737,600.75,411.205882140582,600.75
2.15008148569329,600.75,411.916831378003,600.75
2.15144072822329,600.75,412.627690454395,600.75
2.15280739441285,600.75,413.338350213501,600.75
2.15418166185082,600.75,414.04869571519,600.75
2.15556371500657,600.75,414.758605409935,600.75
2.15695374539204,600.75,415.467950504597,600.75
2.15835195309031,600.75,416.176594907009,600.75
2.15975854643773,600.75,416.884394563432,600.75
2.16117374147356,600.75,417.591196507815,600.75
2.16259776640744,600.75,418.296839695866,600.75
2.16403085719243,600.75,419.001152927077,600.75
2.16547326181573,600.75,419.70395516224,600.75
2.16692523968107,600.75,420.405054670261,600.75
2.16838706245745,600.75,421.104248279664,600.75
2.16985901358374,600.75,421.80132015386,600.75
2.17134139235912,600.75,422.4960419869,600.75
2.17283451145883,600.75,423.188171195318,600.75
2.17433870294339,600.75,423.877451390204,600.75
2.17585431101491,600.75,424.563608900613,600.75
2.17738170300457,600.75,425.246354231987,600.75
2.17892126353367,600.75,425.925379222411,600.75
2.18047340056154,600.75,426.60035667715,600.75
2.18203854578267,600.75,427.270938824248,600.75
2.18361715498837,600.75,427.936755213457,600.75
2.18520971285415,600.75,428.597411709603,600.75
2.18681673545816,600.75,429.252488876307,600.75
2.18843876896459,600.75,429.901538816086,600.75
2.19007640012541,600.75,430.544084800274,600.75
2.19173025297459,600.75,431.179617457835,600.75
2.19340099697916,600.75,431.807592814262,600.75
2.19508935124807,600.75,432.427429497673,600.75
2.19679609017414,600.75,433.038505563823,600.75
2.19852204866764,600.75,433.640154655225,600.75
2.20026813144102,600.75,434.231662400117,600.75
2.20203532173353,600.75,434.812262048376,600.75
2.20382469407267,600.75,435.381129944914,600.75
2.20563742252391,600.75,435.937379003546,600.75
2.2074748005691,600.75,436.480052911523,600.75
2.20933825867006,600.75,437.008118648592,600.75
2.21122939000992,600.75,437.520458194086,600.75
2.21314997784014,600.75,438.015858080094,600.75
2.21510203672971,600.75,438.492997802233,600.75
2.21708785866105,600.75,438.950434992158,600.75
2.21911007961172,600.75,439.386587773197,600.75
2.22117176462986,600.75,439.799712333189,600.75
2.22327652322389,600.75,440.187873923801,600.75
2.22542868062802,600.75,440.548909577031,600.75
2.2276335076595,600.75,440.880376008858,600.75
2.22989758330547,600.75,441.179477089078,600.75
2.2322293480981,600.75,441.44295635937,600.75
2.2343851748636,600.75,441.659905860962,600.75
2.23438517486362,600.749999999998,441.783953884877,600.75
2.23484128849293,598.601265810458,441.819139707733,600.75
2.23529740212223,596.511686893044,441.853694733684,600.75
2.23576118687672,594.445537596482,441.88668188682,600.75
2.23622850293681,592.421283727492,441.918220915416,600.75
2.23669942452472,590.437857010153,441.948267078503,600.75
2.23717398658172,588.494375256435,441.976902404136,600.75
2.23765222493428,586.589966363762,442.004226086923,600.75
2.23813417646758,584.723768553539,442.030335839616,600.75
2.2386198793958,582.894929574969,442.055324666945,600.75
2.23910937318955,581.102607152909,442.079280508091,600.75
2.2396026988959,579.345967962492,442.102286389847,600.75
2.24009989808107,577.624191468441,442.124420680828,600.75
2.24060101446466,575.936464198369,442.145757296406,600.75
2.24110609287055,574.281983586951,442.166365991399,600.75
2.24161517949763,572.659957068958,442.186312554087,600.75
2.242128322157,571.069601404173,442.205659021972,600.75
2.24264557002867,569.510143532205,442.224463894799,600.75
2.24316697384437,567.980820052857,442.24278231708,600.75
2.24369258638626,566.48087588759,442.260666258936,600.75
2.24422246172724,565.009566596071,442.278164714981,600.75
2.24475665574052,563.566156940284,442.295323837447,600.75
2.24529522611574,562.149920937788,442.312187104453,600.75
2.24583823252948,560.760141509685,442.328795467169,600.75
2.24638573643032,559.396111122765,442.345187498374,600.75
2.24693780153404,558.057130623309,442.361399510465,600.75
2.24749449339891,556.742510384378,442.37746570337,600.75
2.24805587968883,555.451569707662,442.393418267065,600.75
2.24862203049582,554.183636170917,442.409287496206,600.75
2.2491930183432,552.938045751948,442.425101909606,600.75
2.24976891814725,551.714143013281,442.440888354636,600.75
2.25034980736109,550.511280875745,442.456672100124,600.75
2.25093576608676,549.328820476773,442.472476930793,600.75
2.25152687716232,548.166131086656,442.488325237432,600.75
2.25212322658395,547.022589389884,442.504238095961,600.75
2.25272490336314,545.897579903706,442.520235363933,600.75
2.25333200013925,544.790493964648,442.536335741926,600.75
2.253944611583,543.700732732379,442.552556893563,600.75
2.25456283750829,542.627701675202,442.568915404656,600.75
2.25518678092973,541.570814276249,442.585426982976,600.75
2.25581654843503,540.529491437533,442.602106461242,600.75
2.25645225157987,539.50315931346,442.618967834119,600.75
2.25709400554669,538.49125169294,442.636024387463,600.75
2.25774193065795,537.493207700345,442.653288684921,600.75
2.25839615246244,536.508471908884,442.670772663413,600.75
2.25905680121229,535.536495315334,442.688487701301,600.75
2.2597240130403,534.576733751751,442.706444626044,600.75
2.26039793070734,533.628647081425,442.724653783687,600.75
2.26107870245439,532.691701065895,442.743125133834,600.75
2.26176648408865,531.765364669838,442.761868217448,600.75
2.26246143851667,530.849111010239,442.780892271191,600.75
2.26316373677664,529.942416258492,442.800206241274,600.75
2.2638735582584,529.044759670847,442.819818850444,600.75
2.26459109167215,528.155622676905,442.839738629003,600.75
2.26531653615896,527.27448788104,442.859973965571,600.75
2.26605010092564,526.400839898211,442.880533190608,600.75
2.26679200772824,525.534162774565,442.901424559593,600.75
2.26754249087194,524.673940486697,442.922656370789,600.75
2.26830179896679,523.819655404152,442.944236980043,600.75
2.26907019566152,522.970788004374,442.966174882138,600.75
2.26984796236668,522.126814445446,442.988478731459,600.75
2.27063539828146,521.287207204618,443.011157473326,600.75
2.27143282465762,520.45143121164,443.034220320804,600.75
2.27224058580086,519.618943654578,443.057676923337,600.75
2.27305905219558,518.78919162783,443.081537407467,600.75
2.2738886230338,517.961610541102,443.105812487689,600.75
2.27472973117985,517.135620246284,443.130513528951,600.75
2.27558284762624,516.31062193925,443.155652705995,600.75
2.27644848574673,515.485995461599,443.181243164127,600.75
2.27732720905491,514.661093489713,443.207299119075,600.75
2.27821963821454,513.835236811285,443.233836098404,600.75
2.27912646037045,513.007707790345,443.260871145439,600.75
2.28004844256196,512.177740588336,443.28842304917,600.75
2.2809864452751,511.344511895415,443.316512743037,600.75
2.28194144119946,510.507127684421,443.345163665327,600.75
2.28291453870822,509.664606705215,443.374402253951,600.75
2.28390701580657,508.81585606162,443.404258504287,600.75
2.28492035993676,507.95964334098,443.434766878252,600.75
2.28595632378455,507.094557080457,443.465967284038,600.75
2.28598705046349,507.069107678795,443.513087803608,600.75
2.28601777714244,507.043789413232,443.522660770923,600.75
2.28605860050202,507.010264298744,443.525088411344,600.75
2.28626271729994,506.844152518353,443.524231137682,600.75
2.28689772300347,506.342757482376,443.523354730214,600.75
2.28753338148459,505.863577909512,443.540221807261,600.75
2.28817533858859,505.40255136988,443.560726777795,600.75
2.28882388406104,504.959247312404,443.582466560741,600.75
2.28947920384415,504.533208320387,443.60500182273,600.75
2.29014145989682,504.123985927535,443.628254777303,600.75
2.29081081500837,503.731140637405,443.652213884906,600.75
2.29148743900472,503.354241297899,443.676879842606,600.75
2.29217150945591,502.992865523322,443.702255800206,600.75
2.29286321300336,502.64659934958,443.728345579705,600.75
2.29356274546071,502.315037506819,443.755153421466,600.75
2.29427031465632,501.997782421592,443.782683941077,600.75
2.29498613839944,501.694445568663,443.810942279021,600.75
2.29571044722951,501.404646585344,443.839934046883,600.75
2.2964434860956,501.128013072071,443.869665441531,600.75
2.29718551409204,500.86418118837,443.90014336147,600.75
2.29793680678963,500.612795268793,443.931375426187,600.75
2.29869765822463,500.373507718468,443.963370087614,600.75
2.29946838273015,500.145979065362,443.996136747571,600.75
2.30024931653128,499.929878148999,444.029685872267,600.75
2.30104082094498,499.724881936095,444.064029089744,600.75
2.30184328565187,499.530675493138,444.099179352462,600.75
2.30265713199478,499.346952103003,444.135151117904,600.75
2.30348281661641,499.173413433594,444.171960534973,600.75
2.30432083710722,499.009769446376,444.2096256412,600.75
2.30517173837171,498.85573843204,444.248166647278,600.75
2.30603611914798,498.711047282025,444.287606272744,600.75
2.30691464150074,498.575431533239,444.32797009507,600.75
2.30780804141323,498.448635635566,444.36928702901,600.75
2.30871714206229,498.330413255146,444.41158987872,600.75
2.30964287047256,498.22052765192,444.454916018359,600.75
2.31058628150058,498.118751860687,444.499308236939,600.75
2.31154858380005,498.024869553928,444.544815932857,600.75
2.31253117769838,497.938675706078,444.591496460824,600.75
2.31353570721046,497.859977433015,444.639417012257,600.75
2.31456412661745,497.788595548669,444.688657205947,600.75
2.31561880258786,497.724366075559,444.739312436406,600.75
2.31670265441739,497.667143003368,444.791498885444,600.75
2.31781937574559,497.616801696174,444.845360486841,600.75
2.31897378510441,497.573244206186,444.901079745069,600.75
2.32017241813922,497.536407637446,444.958894811656,600.75
2.32142461876755,497.506277853624,445.019128123648,600.75
2.3227447716669,497.482914326811,445.082238693281,600.75
2.32415765461826,497.466501393234,445.148928175959,600.75
2.32571512515534,497.457479345876,445.220393086973,600.75
2.3275876493698,497.457082463216,445.29911373218,600.75
2.32923255241129,497.465775078178,445.392471945708,600.75
2.33087745545278,497.484308062585,445.479375793163,600.75
2.33234108784022,497.50805808241,445.565202177459,600.75
2.33371867532843,497.536668766598,445.643405849527,600.75
2.33503863849948,497.568916389103,445.716712168649,600.75
2.33632162098366,497.604179909057,445.786801914913,600.75
2.33757828379548,497.64200445392,445.854840525744,600.75
2.33881502509032,497.682060366182,445.921483290764,600.75
2.34003596634788,497.724089502284,445.987113968745,600.75
2.34124398636225,497.767881242431,446.051971657374,600.75
2.34244121699373,497.813258681817,446.116217330812,600.75
2.34362930581393,497.860070405052,446.179966771627,600.75
2.3448095618769,497.90818494077,446.243307558224,600.75
2.34598305219636,497.957487153401,446.306308240176,600.75
2.34715065943835,498.0078753378,446.369024014067,600.75
2.34831312404825,498.059259116031,446.431500142737,600.75
2.34947107523474,498.111557815131,446.493774315751,600.75
2.35062505201745,498.164699084637,446.555878352382,600.75
2.35177551902781,498.218617770495,446.617839371772,600.75
2.35292288247632,498.273255156694,446.679680653859,600.75
2.35406749682386,498.328558047704,446.741422447047,600.75
2.35520967274596,498.384478136674,446.803082380824,600.75
2.35634968755094,498.440971647808,446.864675867891,600.75
2.3574877856883,498.49799863021,446.92621660011,600.75
2.35862418582523,498.55552269843,446.987716653345,600.75
2.35975908271958,498.613510587157,447.049186794233,600.75
2.36089265240362,498.671931952787,447.110636610161,600.75
2.36202505154226,498.730758936022,447.172074741371,600.75
2.36315642261086,498.789966081045,447.23350889335,600.75
2.36428689362891,498.849530005369,447.294946050371,600.75
2.36541658087602,498.909429272194,447.356392499524,600.75
2.36654558967367,498.96964418613,447.417853945086,600.75
2.36767401633797,499.030156680815,447.479335559564,600.75
2.36880194675195,499.090950051186,447.540842069141,600.75
2.36992946119916,499.152009041108,447.602377709936,600.75
2.37105663129422,499.213319516084,447.663946418272,600.75
2.37218352380149,499.274868537322,447.725551735628,600.75
2.37331019896787,499.336644139164,447.787196948904,600.75
2.37443671177667,499.398635289579,447.848885043317,600.75
2.37556311327381,499.460831856241,447.910618746342,600.75
2.37668944961885,499.523224459868,447.972400588948,600.75
2.37781576334038,499.585804461704,448.034232875388,600.75
2.37894209354153,499.648563895024,448.096117729715,600.75
2.380068476479,499.711495426484,448.158057112085,600.75
2.38119494490638,499.774592256143,448.220052844036,600.75
2.38232152943912,499.83784813634,448.282106585003,600.75
2.38344825754426,499.901257259902,448.344219884009,600.75
2.38457515525794,499.964814308733,448.406394146516,600.75
2.38570224633007,500.028514357375,448.468630700188,600.75
2.38682955317535,500.092352887372,448.530930770215,600.75
2.38795709509838,500.156325650445,448.593295512431,600.75
2.38908489057046,500.22042876558,448.655725944483,600.75
2.39021295661668,500.284658646052,448.718223030214,600.75
2.39134131000506,500.349012037486,448.780787669565,600.75
2.39246996327602,500.413485769314,448.843420742179,600.75
2.39359893139753,500.478077111822,448.906122950943,600.75
2.3947282270293,500.542783468271,448.968895076019,600.75
2.39585786077332,500.60760238439,449.031737815133,600.75
2.39698784397656,500.672531685448,449.094651768074,600.75
2.39811818599465,500.737569296105,449.157637552085,600.75
2.39924889488594,500.80271327246,449.22069570401,600.75
2.40037998048117,500.867961955811,449.283826696319,600.75
2.40151145004065,500.933313705201,449.347031068329,600.75
2.4026433105226,500.998767027251,449.410309262809,600.75
2.4037755683801,501.064320546026,449.473661694531,600.75
2.40490822977209,501.129973003746,449.537088754076,600.75
2.4060413004759,501.195723245129,449.600590817436,600.75
2.40717478617989,501.26157022491,449.664168244116,600.75
2.40830869037521,501.327512880415,449.727821386473,600.75
2.40944301816019,501.393550345085,449.791550503458,600.75
2.41057777509129,501.459681862185,449.855355910801,600.75
2.41171296394852,501.52590659977,449.919237953565,600.75
2.4128485865693,501.592223761382,449.9831968602,600.75
2.4139846483701,501.658632828239,450.047232802634,600.75
2.41512115141528,501.725133144341,450.111346098105,600.75
2.41625809846284,501.791724165957,450.175536944858,600.75
2.41739549354101,501.858405476364,450.239805553181,600.75
2.41853333721993,501.925176510621,450.304152188734,600.75
2.41967163287418,501.992036924576,450.368576978924,600.75
2.42081038220685,502.058986314545,450.433080149223,600.75
2.42194958703197,502.126024330364,450.497661870211,600.75
2.42308924851614,502.193150624095,450.562322307373,600.75
2.42422936964861,502.260364989509,450.627061599897,600.75
2.42536995069044,502.327667091326,450.691879960668,600.75
2.42651099353316,502.39505672811,450.756777497443,600.75
2.42765249942838,502.462533685002,450.821754371301,600.75
2.42879446906661,502.530097743425,450.886810724554,600.75
2.42993690468958,502.597748800171,450.951946673736,600.75
2.43107980648461,502.665486651352,451.017162398012,600.75
2.43222317523242,502.733311155818,451.082457997372,600.75
2.43336701243725,502.801222231698,451.147833585315,600.75
2.43451131916748,502.869219786873,451.213289310349,600.75
2.43565609572515,502.937303703598,451.278825307336,600.75
2.43680134235854,503.005473880079,451.344441674445,600.75
2.43794706089183,503.073730319787,451.410138503207,600.75
2.43909325074173,503.142072894756,451.475915952122,600.75
2.44023991237099,503.210501558757,451.541774085198,600.75
2.44138704733655,503.27901633659,451.607712998019,600.75
2.44253465519326,503.34761714336,451.673732839129,600.75
2.44368273691099,503.416303993353,451.739833678528,600.75
2.44483129323786,503.485076892281,451.806015635748,600.75
2.44598032393611,503.553935797785,451.8722788284,600.75
2.44712982927627,503.622880708991,451.93862332992,600.75
2.44827980999864,503.691911657763,452.005049229505,600.75
2.44943026594113,503.761028628257,452.071556639631,600.75
2.45058119728484,503.830231634294,452.138145636699,600.75
2.45173260544193,503.89952076575,452.204816307955,600.75
2.45288448945748,503.968895975382,452.271568795745,600.75
2.4540368500614,504.038357328157,452.338403147135,600.75
2.45518968761349,504.107904866263,452.405319468094,600.75
2.45634300122615,504.177538564463,452.472317857049,600.75
2.45749679183119,504.247258512707,452.539398356585,600.75
2.45865105969032,504.317064758482,452.606561081444,600.75
2.45980580507837,504.386957355403,452.673806129261,600.75
2.46096102901072,504.456936403814,452.741133596292,600.75
2.46211672972723,504.527001842165,452.808543608858,600.75
2.46327290816478,504.597153780633,452.876036175112,600.75
2.46442956452616,504.667392278854,452.943611404361,600.75
2.46558669905019,504.737717402613,453.011269391109,600.75
2.46674431104996,504.808129165939,453.079010227599,600.75
2.46790240171776,504.878627698982,453.146833965651,600.75
2.46906097044879,504.949213020882,453.214740733938,600.75
2.47022001760412,505.019885215992,453.282730593841,600.75
2.47137954326753,505.09064435084,453.350803638599,600.75
2.47253954741304,505.161490487783,453.418959954485,600.75
2.4737000293002,505.232423649177,453.487199620476,600.75
2.47486098991506,505.303443963402,453.555522683507,600.75
2.47602242896322,505.374551477506,453.623929262969,600.75
2.47718434714496,505.44574630296,453.692419433752,600.75
2.47834674330481,505.517028439261,453.760993306233,600.75
2.47950961873764,505.588398039157,453.8296509145,600.75
2.48067297208476,505.659855089867,453.898392388945,600.75
2.48183680412282,505.731399715925,453.967217757215,600.75
2.4830011153859,505.803032020399,454.036127127167,600.75
2.48416590553766,505.874752055541,454.10512060916,600.75
2.48533117482645,505.946559912947,454.174198274257,600.75
2.48649692273095,506.018455637232,454.243360212552,600.75
2.48766314929666,506.090439310307,454.312606482477,600.75
2.48882985383696,506.162510968973,454.381937162149,600.75
2.48999703803721,506.234670794434,454.451352302318,600.75
2.49116470128254,506.306918821515,454.52085205688,600.75
2.49233284327263,506.379255113118,454.590436491436,600.75
2.49350146387394,506.451679742468,454.660105670218,600.75
2.49467056344535,506.5241928117,454.72985966575,600.75
2.49584014224676,506.5967944151,454.79969857521,600.75
2.49701019977386,506.669484601821,454.869622494734,600.75
2.4981807368452,506.742263503951,454.939631486098,600.75
2.49935175214561,506.815131120817,455.009725664265,600.75
2.50052324694656,506.888087615658,455.079905056872,600.75
2.50169522154227,506.961133083209,455.150169796347,600.75
2.50286767422489,507.034267501271,455.220519985716,600.75
2.50404060562855,507.10749099785,455.29095563093,600.75
2.50521401639244,507.180803692245,455.361476830917,600.75
2.50638790547094,507.254205601228,455.432083699904,600.75
2.50756227400129,507.327696880589,455.502776278007,600.75
2.50873712200544,507.40127761053,455.573554693846,600.75
2.50991244857415,507.474947819095,455.644419038271,600.75
2.5110882543235,507.548707631307,455.715369352896,600.75
2.51226453849323,507.622557083002,455.786405741002,600.75
2.51344130170638,507.696496298957,455.857528253625,600.75
2.51461854364147,507.770525341528,455.928736996869,600.75
2.51579626464751,507.844644317258,456.000032042935,600.75
2.51697446501488,507.918853326873,456.071413489763,600.75
2.5181531439472,507.993152405292,456.142881435872,600.75
2.51933230176467,508.067541660206,456.214435929401,600.75
2.52051193855894,508.142021181185,456.286077062357,600.75
2.52169205438699,508.216591056189,456.357804923954,600.75
2.52287264934387,508.291251375894,456.429619601342,600.75
2.5240537221608,508.366002147896,456.501521181312,600.75
2.52523527435842,508.440843555917,456.573509688791,600.75
2.52641730478768,508.515775609216,456.645585267894,600.75
2.52759981412658,508.590798439,456.717747958823,600.75
2.52878280288764,508.665912159829,456.789997870385,600.75
2.52996627073988,508.741116834659,456.862335115114,600.75
2.53115021682257,508.816412498002,456.934759764848,600.75
2.5323346415781,508.89179926712,457.007271860017,600.75
2.53351954559398,508.96727726268,457.079871498476,600.75
2.53470492801954,509.042846515772,457.152558793921,600.75
2.53589078933565,509.118507145671,457.225333795148,600.75
2.5370771295537,509.194259237792,457.298196602879,600.75
2.53826394880646,509.270102886487,457.371147304931,600.75
2.53945124658763,509.346038146572,457.444185991819,600.75
2.54063902289031,509.42206510651,457.517312724191,600.75
2.54182727817055,509.498183881466,457.590527582097,600.75
2.54301601198559,509.574394528843,457.663830670598,600.75
2.54420522434375,509.65069713772,457.737222056243,600.75
2.54539491568314,509.727091822309,457.810701821054,600.75
2.54658508585978,509.803578658751,457.884270070199,600.75
2.54777573429671,509.880157698831,457.957926884182,600.75
2.54896686153258,509.956829065799,458.031672319268,600.75
2.55015846738008,510.033592833175,458.1055064809,600.75
2.55135055167003,510.110449078282,458.179429448176,600.75
2.55254311472886,510.187397909605,458.253441296893,600.75
2.55373615674639,510.264439425019,458.327542126441,600.75
2.55492967709097,510.341573671727,458.401732032854,600.75
2.55612367594169,510.418800751257,458.476011072276,600.75
2.5573181527076,510.496120713992,458.550379332322,600.75
2.55851310829618,510.573533706755,458.624836870562,600.75
2.55970854283977,510.651039821709,458.699383811871,600.75
2.56090445587774,510.728639116794,458.774020254706,600.75
2.56210084720918,510.806331669422,458.848746263732,600.75
2.5632977160845,510.884117521904,458.923561909447,600.75
2.56449506444835,510.961996887538,458.998467239894,600.75
2.56569289135923,511.039969786948,459.07346242856,600.75
2.56689119645703,511.118036288896,459.148547530135,600.75
2.56808997969833,511.196196481124,459.223722606498,600.75
2.56928924151611,511.274450479615,459.298987737227,600.75
2.57048898211662,511.352798383731,459.374343028612,600.75
2.57168920127414,511.431240266527,459.449788580153,600.75
2.57288989817502,511.509776166232,459.525324467869,600.75
2.57409107312293,511.588406194437,459.600950735623,600.75
2.57529272647103,511.667130461066,459.676667477067,600.75
2.57649485839731,511.745949064143,459.75247479741,600.75
2.57769746779166,511.824862021156,459.828372793641,600.75
2.57890055643321,511.903869538355,459.904361500717,600.75
2.58010412355994,511.982971648919,459.980441083261,600.75
2.58130816874641,512.062168417401,460.056611603355,600.75
2.58251269147579,512.141459902506,460.132873120779,600.75
2.58371769350159,512.220846307233,460.209225693299,600.75
2.58492317295285,512.300327594166,460.285669487521,600.75
2.58612913049948,512.379903902595,460.362204511673,600.75
2.58733556596147,512.459575308277,460.43883087114,600.75
2.58854248052239,512.539341976269,460.515548648464,600.75
2.58974987233084,512.619203872628,460.592357986692,600.75
2.59095774198195,512.699161132557,460.669258890441,600.75
2.59216608967099,512.779213856296,460.746251461452,600.75
2.59337491568919,512.859362150677,460.823335799518,600.75
2.59458421997482,512.939606099819,460.900512008545,600.75
2.59579400154981,513.019945730965,460.977780174221,600.75
2.5970042610421,513.100381178591,461.055140334598,600.75
2.59821499922153,513.180912579452,461.132592600422,600.75
2.59942621555233,513.261539985127,461.210137101537,600.75
2.60063790909017,513.342263427005,461.28777390465,600.75
2.6018500810058,513.423083074999,461.365503046751,600.75
2.60306273105649,513.503998998744,461.443324664985,600.75
2.60427585915819,513.585011283403,461.521238843513,600.75
2.60548946502302,513.666120001192,461.599245664521,600.75
2.60670354778912,513.747325188267,461.677345198716,600.75
2.6079181090908,513.828627044403,461.755537488651,600.75
2.6091331481461,513.91002560233,461.833822695956,600.75
2.61034866438968,513.991520918543,461.912200881346,600.75
2.61156465838929,514.073113123208,461.990672099351,600.75
2.61278113057721,514.154802332481,462.069236461174,600.75
2.61399808012998,514.236588581249,462.147894080073,600.75
2.61521550749999,514.318471993015,462.226645007046,600.75
2.6164334128727,514.400452668928,462.305489346649,600.75
2.61765179529311,514.482530636699,462.384427198279,600.75
2.618870655056,514.564706010605,462.463458603418,600.75
2.62008999292693,514.646978930425,462.54258365768,600.75
2.62130980811976,514.729349432171,462.621802489036,600.75
2.62253010092123,514.811817628677,462.701115153005,600.75
2.62375087157732,514.894383626179,462.780521746936,600.75
2.62497211960602,514.977047483121,462.860022372975,600.75
2.6261938449664,515.059809290147,462.939617097179,600.75
2.62741604750135,515.14266912873,463.019306001572,600.75
2.62863872785507,515.225627133007,463.099089166198,600.75
2.62986188519338,515.308683336795,463.178966710383,600.75
2.63108552011545,515.391837874218,463.258938686042,600.75
2.63230963165981,515.475090771401,463.339005204935,600.75
2.6335342205778,515.558442173222,463.419166311158,600.75
2.63475928749278,515.641892209125,463.49942212509,600.75
2.63598483153702,515.725440910388,463.579772772826,600.75
2.63721085284419,515.809088381247,463.660218305292,600.75
2.63843735142454,515.89283471414,463.74075881146,600.75
2.63966432717571,515.976679994107,463.82139438083,600.75
2.64089178012613,516.060624315392,463.902125097344,600.75
2.64211971003329,516.144667753881,463.982951050434,600.75
2.64334811644335,516.228810372716,464.063872316168,600.75
2.64457700038214,516.313052333904,464.144888958975,600.75
2.64580636225915,516.397393752017,464.226001117857,600.75
2.64703620023366,516.481834594946,464.307208910639,600.75
2.6482665151388,516.56637501857,464.388512336661,600.75
2.6494973068042,516.651015101084,464.469911512258,600.75
2.65072857580061,516.735754972928,464.55140652379,600.75
2.65196032134973,516.820594672146,464.632997489372,600.75
2.65319254412987,516.905534339579,464.714684463956,600.75
2.65442524421965,516.990574070274,464.796467566741,600.75
2.65565842093856,517.075713910866,464.878346896378,600.75
2.65689207433869,517.160953960719,464.960322508638,600.75
2.6581262045141,517.246294319033,465.042394490056,600.75
2.65936081174999,517.331735097126,465.124562935381,600.75
2.66059589572174,517.417276364738,465.206827950296,600.75
2.66183145572711,517.502918169225,465.289189609826,600.75
2.66306749309461,517.588660695848,465.371647965868,600.75
2.66430400672569,517.674503958216,465.454203170662,600.75
2.66554099719509,517.760448092259,465.536855268509,600.75
2.6667784644457,517.846493185193,465.619604371751,600.75
2.66801640784277,517.932639287612,465.702450571126,600.75
2.66925482855367,518.018886574159,465.785393924932,600.75
2.67049372443229,518.105234988834,465.868434577275,600.75
2.67173309741909,518.191684764899,465.951572516803,600.75
2.67297294686306,518.278235943931,466.034807917964,600.75
2.67421327274081,518.364888619732,466.118140852311,600.75
2.67545407524918,518.45164289956,466.201571406136,600.75
2.67669535393434,518.538498845562,466.285099679482,600.75
2.67793710914654,518.62545657711,466.368725741173,600.75
2.67917934125171,518.712516211284,466.452449697355,600.75
2.68042204875286,518.799677738765,466.536271659709,600.75
2.68166523199798,518.886941283847,466.620191643333,600.75
2.68290889163611,518.9743069835,466.704209744767,600.75
2.68415302788499,519.061774942963,466.788326091376,600.75
2.68539763983419,519.149345192927,466.872540791781,600.75
2.68664272818536,519.237017879282,466.956853892454,600.75
2.68788829247055,519.324793061588,467.04126551373,600.75
2.6891343332504,519.412670873975,467.125775727943,600.75
2.69038084956213,519.500651342778,467.210384652185,600.75
2.69162784222629,519.588734622467,467.295092331838,600.75
2.69287531077024,519.67692077184,467.37989889378,600.75
2.69412325508127,519.765209879397,467.464804410587,600.75
2.69537167478384,519.853602014753,467.549808963941,600.75
2.69662057086984,519.942097341995,467.634912624668,600.75
2.6978699425773,520.030695898993,467.720115533637,600.75
2.69911979013222,520.119397798862,467.805417750836,600.75
2.70037011344121,520.208203129265,467.890819374539,600.75
2.70162091287234,520.297112010525,467.976320493376,600.75
2.70287218732738,520.38612446043,468.061921217569,600.75
2.70412393786252,520.475240651409,468.147621584161,600.75
2.7053761636034,520.564460613876,468.23342173169,600.75
2.70662886489673,520.653784470167,468.319321713789,600.75
2.70788204225242,520.743212349176,468.405321635206,600.75
2.70913569500672,520.832744297629,468.491421617754,600.75
2.71038982293002,520.922380397762,468.577621722832,600.75
2.71164442606545,521.012120749273,468.663922024724,600.75
2.712899505065,521.101965492315,468.75032261579,600.75
2.71415505946699,521.191914687071,468.83682362385,600.75
2.7154110884779,521.281968375872,468.923425121894,600.75
2.71666759339874,521.372126748251,469.010127157041,600.75
2.71792457338404,521.46238983532,469.096929884152,600.75
2.71918202916153,521.552757786325,469.183833362021,600.75
2.72043996005293,521.64323064685,469.270837716575,600.75
2.72169836611639,521.733808519548,469.357943009684,600.75
2.72295724671105,521.824491455799,469.445149331115,600.75
2.72421660240166,521.915279593674,469.532456738687,600.75
2.72547643392818,522.006173078019,469.619865351107,600.75
2.72673673947456,522.097171874272,469.707375305126,600.75
2.72799752007008,522.18827615841,469.794986602882,600.75
2.72925877577064,522.279486026373,469.882699377884,600.75
2.7305205066984,522.370801581784,469.970513734246,600.75
2.7317827117896,522.462222845757,470.05842977298,600.75
2.73304539209959,522.553749993331,470.14644753123,600.75
2.73430854734742,522.645383096572,470.234567150444,600.75
2.73557217673146,522.737122196334,470.322788716602,600.75
2.73683628093768,522.828967441027,470.411112278199,600.75
2.7381008599965,522.920918926271,470.499537958857,600.75
2.73936591387383,523.012976745494,470.588065859606,600.75
2.74063144240635,523.105140983857,470.676696073607,600.75
2.74189744497789,523.19741169548,470.765428684859,600.75
2.74316392175769,523.289788991983,470.854263751285,600.75
2.74443087364908,523.382273033078,470.943201370758,600.75
2.74569829967775,523.474863842221,471.032241687532,600.75
2.74696620031991,523.567561553934,471.121384751073,600.75
2.74823457541015,523.660366251665,471.210630673857,600.75
2.74950342431665,523.753277988248,471.299979543558,600.75
2.75077274766503,523.846296908,471.38943141854,600.75
2.75204254518195,523.939423085847,471.478986421381,600.75
2.75331281632383,524.032656581231,471.568644635756,600.75
2.75458356239182,524.125997586162,471.658406125076,600.75
2.75585478253801,524.219446131591,471.748271050497,600.75
2.75712647643588,524.313002294935,471.83823947083,600.75
2.75839864479201,524.406666225793,471.928311456526,600.75
2.75967128702038,524.500437976621,472.018487137093,600.75
2.76094440272106,524.594317618786,472.1087665802,600.75
2.7622179921896,524.688305273031,472.199149853382,600.75
2.76349205510736,524.782401012819,472.289637062837,600.75
2.76476659223735,524.876604991296,472.380228288409,600.75
2.76604160286364,524.970917251259,472.470923664784,600.75
2.76731708760068,525.065337937224,472.561723254456,600.75
2.76859304555799,525.159867080653,472.652627180442,600.75
2.76986947774882,525.254504855803,472.743635493624,600.75
2.77114638280801,525.349251258307,472.834748337175,600.75
2.77242376251526,525.444106519637,472.925965739542,600.75
2.77370161508901,525.539070602045,473.01728788317,600.75
2.77497994195652,525.63414371368,473.108714779602,600.75
2.77625874169781,525.729325844706,473.200246588708,600.75
2.77753801462235,525.824617121666,473.29188333716,600.75
2.77881776069994,525.920017639791,473.383625125447,600.75
2.78009798030586,526.015527524141,473.475472048787,600.75
2.78137867242986,526.111146798187,473.567424223163,600.75
2.78265983812594,526.206875640844,473.65948169132,600.75
2.78394147675483,526.302714099622,473.751644599009,600.75
2.78522358885971,526.398662314568,473.843913015231,600.75
2.78650617366997,526.494720326098,473.93628706131,600.75
2.78778923240405,526.590888324341,474.028766794959,600.75
2.78907276284906,526.687166242156,474.121352372849,600.75
2.79035676634926,526.783554285754,474.214043776257,600.75
2.79164124224183,526.880052500301,474.306841156823,600.75
2.79292619150949,526.976661058087,474.399744583802,600.75
2.79421161383044,527.073380029847,474.492754204874,600.75
2.79549750911906,527.170209509194,474.585870107199,600.75
2.7967838761317,527.267149505278,474.679092379161,600.75
2.79807071525862,527.364200151699,474.772421044082,600.75
2.79935802758957,527.461361625451,474.86585620865,600.75
2.8006458124965,527.558633973887,474.959398033779,600.75
2.80193406991539,527.656017293742,475.053046591454,600.75
2.80322280043368,527.75351172777,475.146801970698,600.75
2.80451200252662,527.851117260982,475.24066429932,600.75
2.80580167712381,527.948834067876,475.334633592094,600.75
2.8070918245106,528.046662264878,475.428709985083,600.75
2.80838244373428,528.144601879525,475.522893598015,600.75
2.80967353561023,528.242653075504,475.617184477335,600.75
2.81096509895134,528.340815861717,475.711582757,600.75
2.8122571340242,528.439090362616,475.806088471761,600.75
2.8135496414003,528.537476718955,475.90070172332,600.75
2.8148426205419,528.635974987582,475.995422642499,600.75
2.81613607177975,528.734585294647,476.090251301546,600.75
2.81742999490029,528.833307722711,476.185187812234,600.75
2.81872439038815,528.93214240808,476.280232262517,600.75
2.82001925622693,529.031089299545,476.375384774335,600.75
2.82131459510476,529.130148705124,476.470645333922,600.75
2.82261040540955,529.229320593296,476.566014174566,600.75
2.82390668693753,529.328605055343,476.661491323777,600.75
2.82520344093177,529.428002285198,476.757076855454,600.75
2.82650066530422,529.527512222236,476.852770933926,600.75
2.82779836170236,529.627135098282,476.94857354766,600.75
2.82909652902321,529.726870924579,477.044484870293,600.75
2.83039516812112,529.826719869149,477.140504949286,600.75
2.83169427786419,529.9266819444,477.236633922497,600.75
2.83299385877512,530.026757294568,477.33287182868,600.75
2.83429391173346,530.126946083328,477.429218786672,600.75
2.83559443537989,530.227248305039,477.525674949067,600.75
2.83689543032776,530.327664112131,477.622240343939,600.75
2.83819689639756,530.428193589483,477.718915092667,600.75
2.83949883308658,530.528836800663,477.815699286482,600.75
2.84080124082356,530.629593880849,477.912592992783,600.75
2.84210411996523,530.730464955401,478.009596329987,600.75
2.84340747020451,530.831450099921,478.106709421059,600.75
2.84471128978526,530.932549285059,478.203932348792,600.75
2.84601558108369,531.033762798661,478.30126510622,600.75
2.84732034267792,531.135090623885,478.398707912796,600.75
2.84862557476732,531.236532882142,478.496260804529,600.75
2.84993127728864,531.338089669345,478.593923880248,600.75
2.85123745022426,531.439761085278,478.691697234746,600.75
2.85254409301177,531.541547188639,478.789580964295,600.75
2.85385120706151,531.643448189334,478.887575134772,600.75
2.85515879053399,531.74546404298,478.985679921672,600.75
2.85646684444617,531.847594935767,479.083895328406,600.75
2.85777536904695,531.949840983545,479.182221497566,600.75
2.85908436387593,532.052202250866,479.280658550644,600.75
2.86039382848365,532.15467880724,479.379206562577,600.75
2.86170376271584,532.257270744967,479.477865600636,600.75
2.86301416736676,532.359978226538,479.576635749424,600.75
2.86432504221486,532.462801332523,479.675517153087,600.75
2.86563638730788,532.565740168594,479.774509905752,600.75
2.86694820149011,532.66879474858,479.873614107443,600.75
2.86826048512996,532.771965207953,479.972829787902,600.75
2.86957323822417,532.875251646817,480.072157055829,600.75
2.87088646139025,532.978654213332,480.17159601264,600.75
2.87220015401462,533.082172959155,480.271146794961,600.75
2.87351431728383,533.185808079072,480.370809472988,600.75
2.87482894847958,533.289559462137,480.470584210319,600.75
2.87614404957224,533.393427373702,480.570470954802,600.75
2.87745961934716,533.497411814478,480.670469896747,600.75
2.87877565863518,533.601512954658,480.770581079255,600.75
2.88009216685685,533.705730848179,480.870804641633,600.75
2.88140914449708,533.810065636485,480.971140655982,600.75
2.88272659124506,533.914517395616,481.071589246276,600.75
2.88404450646476,534.019086180215,481.172150497168,600.75
2.8853628913752,534.123772189306,481.272824467924,600.75
2.88668174505341,534.228575448349,481.373611324727,600.75
2.88800106765661,534.333496075621,481.474511123343,600.75
2.88932085809662,534.438534089554,481.57552396421,600.75
2.89064111807414,534.543689728732,481.676649882194,600.75
2.89196184564018,534.648962937275,481.777889067985,600.75
2.89328304308435,534.754354002776,481.879241520704,600.75
2.89460470805198,534.859862835488,481.980707460602,600.75
2.89592684203215,534.965489663496,482.082286866404,600.75
2.89724944462944,535.07123455256,482.183979907376,600.75
2.89857251489783,535.177097533302,482.285786671301,600.75
2.89989605353303,535.283078767218,482.387707198426,600.75
2.90122006064323,535.389178362285,482.489741621129,600.75
2.90254453593876,535.495396397675,482.591890052185,600.75
2.90386947879206,535.601732928867,482.694152575861,600.75
2.90519488926285,535.708188066683,482.796529250839,600.75
2.90652076778274,535.814761947405,482.899020174026,600.75
2.9078471139533,535.921454640461,483.001625471757,600.75
2.90917392837693,536.028266297196,483.104345225236,600.75
2.91050121048283,536.135196973197,483.207179568524,600.75
2.91182896017856,536.24224676685,483.310128572951,600.75
2.91315717683834,536.349415733273,483.413192327562,600.75
2.91448586181277,536.45670408412,483.516370893223,600.75
2.91581501396013,536.564111826658,483.619664446654,600.75
2.91714463292322,536.671639041157,483.723073031205,600.75
2.91847471963829,536.779285906505,483.82659671572,600.75
2.9198052736066,536.887052482185,483.93023565337,600.75
2.92113629553982,536.994938929093,484.033989924284,600.75
2.92246778386823,537.102945224198,484.137859668929,600.75
2.92379973928192,537.211071532787,484.24184489795,600.75
2.92513216158351,537.319317940147,484.34594573893,600.75
2.92646505132486,537.427684593541,484.450162286062,600.75
2.92779840695577,537.53617147174,484.554494672655,600.75
2.92913222990068,537.644778797972,484.658942909685,600.75
2.930466519926,537.753506650853,484.763507171286,600.75
2.93180127668008,537.862355106542,484.868187557307,600.75
2.93313649908998,537.971324186093,484.972984145842,600.75
2.93447218827146,538.080414087055,485.077896967314,600.75
2.9358083433259,538.189624836886,485.182926179791,600.75
2.93714496512151,538.29895661169,485.288071839207,600.75
2.93848205295704,538.408409455618,485.393334093062,600.75
2.9398196070063,538.51798348927,485.498713007242,600.75
2.94115762797349,538.627678871732,485.604208688463,600.75
2.94249611437139,538.737495585236,485.709821282816,600.75
2.94383506698734,538.847433803549,485.815550806573,600.75
2.94517448556226,538.957493606902,485.921397395567,600.75
2.9465143691891,539.067675028058,486.027361140708,600.75
2.94785471909725,539.177978273585,486.133442085178,600.75
2.94919553432546,539.288403365047,486.239640397545,600.75
2.95053681500112,539.398950420815,486.345956130933,600.75
2.95187856175788,539.509619595331,486.452389386991,600.75
2.95322077407157,539.620410947499,486.558940307742,600.75
2.9545634513272,539.731324534799,486.665608968703,600.75
2.95590659411598,539.842360512295,486.772395428284,600.75
2.957250202345,539.953518974095,486.879299818351,600.75
2.95859427633517,540.064800050238,486.986322240937,600.75
2.95993881448152,540.176203714987,487.093462817573,600.75
2.9612838177032,540.287730154682,487.200721551915,600.75
2.9626292862059,540.39937948633,487.308098587249,600.75
2.96397521926488,540.511151754419,487.415594046143,600.75
2.96532161690155,540.623047068731,487.523207988158,600.75
2.96666847959514,540.735065572581,487.630940509596,600.75
2.96801580683424,540.847207326759,487.73879174228,600.75
2.96936359860759,540.959472437275,487.846761761191,600.75
2.9707118547998,541.07186099982,487.954850663006,600.75
2.97206057473561,541.184373065193,488.063058541263,600.75
2.9734097597747,541.297008851291,488.171385454338,600.75
2.97475940936895,541.409768411672,488.279831584267,600.75
2.97610952265284,541.522651783181,488.388397012297,600.75
2.97746010028487,541.635659128853,488.49708178169,600.75
2.97881114223697,541.74879054834,488.605886026945,600.75
2.98016264775046,541.862046084764,488.714809854358,600.75
2.98151461683636,541.975425847923,488.823853318184,600.75
2.98286705018307,542.088929998928,488.933016513591,600.75
2.98421994686945,542.202558564183,489.042299586171,600.75
2.98557330797225,542.316311740491,489.151702587631,600.75
2.98692713225961,542.430189527587,489.261225680789,600.75
2.98828141959247,542.544192025137,489.370868899315,600.75
2.98963617021299,542.65831935943,489.480632324593,600.75
2.99099138372634,542.772571602067,489.590516071232,600.75
2.99234706054628,542.88694889362,489.70052021897,600.75
2.99370320073867,543.001451342449,489.810644893784,600.75
2.99505980390139,543.116079020169,489.920890207125,600.75
2.99641687106406,543.230832118212,490.031256238201,600.75
2.99777440105168,543.345710640588,490.141743152598,600.75
2.99913239363422,543.460714679561,490.2523509879,600.75
3.00049084879989,543.575844341615,490.36307982025,600.75
3.00184976668368,543.691099743383,490.473929747342,600.75
3.00320914646211,543.806480921836,490.584900879834,600.75
3.00456898931534,543.921988083409,490.695993269115,600.75
3.005929294894,544.037621298866,490.807207086616,600.75
3.00729006209562,544.15338058408,490.918542424595,600.75
3.00865129232884,544.269266166573,491.029999312768,600.75
3.01001298444577,544.385278050505,491.141577933393,600.75
3.01137513840815,544.501416343503,491.25327832869,600.75
3.0127377540315,544.617681136824,491.365100588342,600.75
3.01410083192313,544.734072587108,491.477044801644,600.75
3.01546437138375,544.850590738897,491.589111109436,600.75
3.01682837202047,544.967235668622,491.701299575658,600.75
3.01819283577366,545.084007644915,491.81361027199,600.75
3.01955776034855,545.200906573266,491.926043423741,600.75
3.02092314665415,545.317932645861,492.038599005202,600.75
3.02228899494907,545.435085986564,492.151277157079,600.75
3.02365530347714,545.552366553541,492.264078006147,600.75
3.02502207310162,545.669774533544,492.377001544055,600.75
3.02638930368202,545.787310017071,492.490047911546,600.75
3.02775699549848,545.904973133208,492.603217210166,600.75
3.0291251482784,546.022763963473,492.716509562036,600.75
3.03049376200942,546.140682613948,492.829925056327,600.75
3.03186283733074,546.25872924407,492.943463793999,600.75
3.03323237260111,546.376903819511,493.057125920407,600.75
3.03460236853335,546.495206514311,493.170911437735,600.75
3.03597282484982,546.613637408489,493.284820479023,600.75
3.03734374163445,546.732196616018,493.398853135191,600.75
3.03871511884516,546.850884238988,493.513009513646,600.75
3.04008695634736,546.969700372304,493.62728971633,600.75
3.04145925345846,547.088645065583,493.741693837633,600.75
3.04283201131839,547.20771852426,493.856221934759,600.75
3.04420522881757,547.326920755527,493.970874179572,600.75
3.04557890628586,547.446251898475,494.085650614215,600.75
3.04695304324504,547.565712017993,494.200551353622,600.75
3.04832764002279,547.68530125018,494.315576472028,600.75
3.04970269632878,547.805019675226,494.430726090317,600.75
3.05107821212803,547.924867397698,494.546000296316,600.75
3.05245418736413,548.044844519401,494.661399189069,600.75
3.05383062152297,548.164951103513,494.77692286797,600.75
3.05520751451591,548.285187251601,494.892571401667,600.75
3.05658486743968,548.405553163299,495.008344882727,600.75
3.05796267954598,548.52604887559,495.124243487685,600.75
3.05934095039435,548.646674460917,495.240267283291,600.75
3.06071968029809,548.767430055183,495.356416337442,600.75
3.06209886840047,548.888315690828,495.472690768924,600.75
3.06347851576342,549.009331568742,495.589090627197,600.75
3.0648586211814,549.13047768769,495.705616078637,600.75
3.06623918550969,549.251754232591,495.822267157468,600.75
3.06762020772306,549.373161218815,495.939044013401,600.75
3.06900168855066,549.49469881988,496.055946689753,600.75
3.07038362678545,549.616367036119,496.172975329299,600.75
3.07176602346828,549.738166068755,496.290129961682,600.75
3.07314887858119,549.8600960177,496.407410749316,600.75
3.07453219162133,549.982156945938,496.524817806204,600.75
3.0759159623586,550.104348943194,496.642351204303,600.75
3.07730019049672,550.226672092428,496.760011026515,600.75
3.07868487633049,550.349126527214,496.877797353496,600.75
3.08007001997259,550.471712362261,496.995710306112,600.75
3.0814556212617,550.594429689478,497.113749999988,600.75
3.08284167907001,550.717278519668,497.231916530417,600.75
3.08422819475266,550.840259082056,497.350209923464,600.75
3.08561516707668,550.963371370693,497.468630362677,600.75
3.08700259627591,551.086615518154,497.587177882417,600.75
3.08839048241418,551.20999163603,497.705852590979,600.75
3.08977882606336,551.333499879614,497.824654598774,600.75
3.09116762545567,551.457140200161,497.943584050715,600.75
3.09255688270266,551.580912895723,498.062640937659,600.75
3.0939465961061,551.704817916146,498.181825489597,600.75
3.09533676609908,551.828855413616,498.301137716902,600.75
3.09672739234174,551.953025464348,498.420577737333,600.75
3.0981184746702,552.077328162621,498.540145634698,600.75
3.09951001257073,552.201763571865,498.659841498641,600.75
3.10090200746605,552.326331924846,498.779665396381,600.75
3.10229445758632,552.451033167419,498.899617524685,600.75
3.10368736359157,552.575867472439,499.019697882383,600.75
3.10508072473248,552.700834879224,499.139906600996,600.75
3.10647454156293,552.825935546309,499.260243738474,600.75
3.10786881443634,552.951169608443,499.380709430372,600.75
3.10926354290177,553.07653713084,499.501303812202,600.75
3.11065872639978,553.202038174012,499.622026963062,600.75
3.11205436496992,553.327672851816,499.74287894429,600.75
3.11345045859301,553.453441269654,499.86385985596,600.75
3.11484700760156,553.579343563404,499.984969801306,600.75
3.11624401096472,553.705379748103,500.106208908339,600.75
3.11764146883537,553.831549949511,500.22757721414,600.75
3.11903938163351,553.957854311001,500.349074822531,600.75
3.12043774930153,554.084292931874,500.470701868285,600.75
3.12183657109301,554.210865853692,500.592458457938,600.75
3.12323584759475,554.337573239017,500.714344644712,600.75
3.12463557795435,554.464415117338,500.836360565677,600.75
3.12603576260127,554.591391637636,500.958506272023,600.75
3.12743640124576,554.71850287954,501.080781889607,600.75
3.12883749376124,554.845748940175,501.20318750714,600.75
3.13023903966663,554.973129885058,501.325723217932,600.75
3.13164103972195,555.100645890729,501.448389091432,600.75
3.1330434928762,555.228296967592,501.571185280195,600.75
3.13444639973435,555.356083281223,501.694111823939,600.75
3.13584975996313,555.484004906456,501.817168859101,600.75
3.13725357378303,555.61206197115,501.940356473321,600.75
3.13865784050293,555.740254520241,502.063674784421,600.75
3.14006256063392,555.868582709664,502.187123851179,600.75
3.14146773340249,555.997046575627,502.31070380687,600.75
3.14287335888578,556.125646235968,502.434414706991,600.75
3.14427943723406,556.25438181103,502.558256653557,600.75
3.14568596837738,556.38325340064,502.682229762305,600.75
3.14709295183824,556.512261069684,502.806334135621,600.75
3.1485003872394,556.641404894421,502.930569844242,600.75
3.14990827484126,556.770685007387,503.054936960445,600.75
3.15131661534488,556.900101576539,503.179435602698,600.75
3.15272540730392,557.02965457596,503.304065929004,600.75
3.15413465139133,557.159344180246,503.428827950891,600.75
3.1555443471333,557.289170451381,503.553721805083,600.75
3.15695449414158,557.419133463934,503.678747568743,600.75
3.15836509271509,557.549233353956,503.803905314435,600.75
3.15977614328746,557.67947026558,503.929195163485,600.75
3.16118764488125,557.809844215678,504.054617255549,600.75
3.16259959799833,557.940355361348,504.180171632125,600.75
3.16401200173817,558.071003726847,504.30585842323,600.75
3.16542485708492,558.201789512049,504.431677674153,600.75
3.16683816369409,558.332712788032,504.557629550781,600.75
3.16825192077657,558.463773592327,504.683714144775,600.75
3.16966612804851,558.594972011239,504.809931502,600.75
3.17108078601766,558.726308199521,504.936281696719,600.75
3.1724958940837,558.85778220734,505.062764865652,600.75
3.17391145292192,558.989394205268,505.189381076738,600.75
3.1753274622695,559.121144273057,505.316130477921,600.75
3.17674392121889,559.253032436946,505.443013163395,600.75
3.17816083075668,559.385058898235,505.570029170876,600.75
3.17957818969341,559.517223651596,505.697178665402,600.75
3.1809959978929,559.649526797761,505.824461676724,600.75
3.18241425598093,559.781968501696,505.951878286819,600.75
3.18383296408706,559.914548878402,506.079428642896,600.75
3.18525212061748,560.04726788929,506.207112867519,600.75
3.18667172656947,560.180125740565,506.334930952952,600.75
3.18809178147825,560.31312249232,506.462883057155,600.75
3.18951228518848,560.446258239155,506.590969261318,600.75
3.19093323776731,560.579533095059,506.719189655285,600.75
3.19235463904767,560.712947151321,506.847544346798,600.75
3.19377648912635,560.846500524386,506.976033429704,600.75
3.19519878743099,560.980193268525,507.104657014613,600.75
3.19662153473133,561.114025563808,507.233415166127,600.75
3.19804473067045,561.247997480512,507.362308039195,600.75
3.19946837391742,561.382109005726,507.49133572208,600.75
3.2008924653702,561.51636033613,507.620498219134,600.75
3.20231700455723,561.650751531182,507.749795683795,600.75
3.20374199211707,561.785282757925,507.879228195737,600.75
3.20516742683585,561.919954008684,508.008795903056,600.75
3.20659330933743,562.054765453837,508.138498829374,600.75
3.20801963914267,562.189717153487,508.26833711157,600.75
3.20944641624339,562.324809215895,508.3983108255,600.75
3.21087364096094,562.46004177754,508.528420070835,600.75
3.21230131173028,562.595414799649,508.658664975901,600.75
3.2137294303033,562.730928558531,508.789045534248,600.75
3.21515799514577,562.866583010754,508.919561961313,600.75
3.21658700650245,563.002378293037,509.050214268565,600.75
3.21801646401974,563.138314479017,509.181002562601,600.75
3.21944636781772,563.274391688106,509.311926922822,600.75
3.22087671899143,563.410610127134,509.442987459102,600.75
3.22230751536441,563.546969695415,509.574184359607,600.75
3.22373875758061,563.683470570803,509.70551758226,600.75
3.22517044661402,563.820112947565,509.836987253875,600.75
3.2266025808709,563.956896778744,509.968593556871,600.75
3.22803516104096,564.09382224314,510.100336491418,600.75
3.22946818586825,564.230889328124,510.232216195493,600.75
3.23090165646856,564.368098250265,510.364232686242,600.75
3.23233557269546,564.505449096633,510.496386136906,600.75
3.23376993409974,564.642941931931,510.628676654421,600.75
3.23520474014574,564.780576815553,510.761104310749,600.75
3.23663999071581,564.918353846445,510.893669164863,600.75
3.23807568594882,565.056273144855,511.026371304828,600.75
3.23951182544566,565.194334779046,511.15921084338,600.75
3.24094840976859,565.332538909675,511.292187857136,600.75
3.24238543805283,565.470885559283,511.425302488781,600.75
3.24382291120618,565.609374923333,511.558554785118,600.75
3.2452608280392,565.748006992351,511.691944909628,600.75
3.24669918875441,565.886781897802,511.825472888185,600.75
3.24813799351587,566.025699760836,511.95913882697,600.75
3.24957724129058,566.164760589875,512.092942843978,600.75
3.25101693277078,566.303964561647,512.226884968328,600.75
3.25245706700384,566.443311689584,512.360965344048,600.75
3.25389764425916,566.582802109902,512.49518401097,600.75
3.25533866474867,566.722435947362,512.629541082863,600.75
3.25678012862446,566.862213320601,512.76403668269,600.75
3.25822203491932,567.002134243593,512.898670930626,600.75
3.25966438416917,567.142198878235,513.033443860746,600.75
3.26110717582527,567.282407276397,513.168355606231,600.75
3.26255041009884,567.422759566674,513.303406235408,600.75
3.26399408632609,567.563255791502,513.438595862924,600.75
3.26543820457879,567.7038960672,513.573924544786,600.75
3.26688276454346,567.844680469947,513.709392382629,600.75
3.26832776732061,567.985609211057,513.844999456735,600.75
3.26977321174238,568.126682279587,513.980745952315,600.75
3.27121909698469,568.267899709483,514.116631899449,600.75
3.27266542362521,568.409261666809,514.252657325954,600.75
3.27411219198069,568.550768284281,514.3888223671,600.75
3.27555940153875,568.692419616472,514.52512715788,600.75
3.27700705146291,568.834215692346,514.661571769354,600.75
3.27845514284099,568.976156725937,514.798156235521,600.75
3.2799036749571,569.118242748875,514.934880732426,600.75
3.28135264746562,569.260473837165,515.071745322691,600.75
3.28280206050078,569.402850111527,515.208750076672,600.75
3.2842519133347,569.545371607518,515.345895103376,600.75
3.28570220563157,569.688038402595,515.483180451973,600.75
3.28715293880992,569.830850739526,515.620606190697,600.75
3.28860411187096,569.973808619921,515.758172527875,600.75
3.29005572433717,570.116912108239,515.895879509693,600.75
3.29150777657365,570.260161348114,516.033727192929,600.75
3.29296026759804,570.403556349012,516.171715702049,600.75
3.29441319853092,570.547097328672,516.309845068542,600.75
3.29586656817431,570.69078427142,516.448115471183,600.75
3.29732037758182,570.834617389432,516.586526934437,600.75
3.29877462611929,570.9785967215,516.725079630586,600.75
3.30022931288639,571.122722289353,516.863773627221,600.75
3.3016844382266,571.26699423678,517.00260895158,600.75
3.30314000146027,571.411412601984,517.14158572097,600.75
3.30459600380239,571.555977610216,517.280703988578,600.75
3.30605244320811,571.70068916262,517.41996394513,600.75
3.30750932053371,571.845547457558,517.559365550093,600.75
3.30896663618825,571.990552635325,517.698908948326,600.75
3.31042438896107,572.135704680623,517.838594283949,600.75
3.31188258024229,572.281003838944,517.978421572888,600.75
3.31334120825561,572.426450035931,518.118391013089,600.75
3.31480027341029,572.572043425286,518.258502585826,600.75
3.31625977561322,572.717784101265,518.398756404993,600.75
3.31771971443604,572.863672127001,518.539152569195,600.75
3.31918009029646,573.009707649736,518.679691147483,600.75
3.32064090217732,573.155890672898,518.820372270752,600.75
3.32210215081427,573.302221377739,518.961195967166,600.75
3.32356383613375,573.448699857521,519.102162385001,600.75
3.32502595745362,573.595326150015,519.243271630648,600.75
3.3264885148467,573.742100370551,519.384523754305,600.75
3.32795150777853,573.889022571324,519.525918855906,600.75
3.32941493570936,574.036092806922,519.667456996208,600.75
3.33087880020935,574.183311337646,519.809138227547,600.75
3.33234309965323,574.330678099776,519.950962769638,600.75
3.33380783343677,574.478193146766,520.092930618169,600.75
3.33527300274771,574.625856703042,520.235041808348,600.75
3.33673860658558,574.77366876775,520.377296526219,600.75
3.33820464600986,574.921629553019,520.519694810082,600.75
3.33967111948434,575.069739006483,520.662236836676,600.75
3.3411380278063,575.217997318273,520.804922599704,600.75
3.34260537007139,575.36640449966,520.947752246591,600.75
3.34407314627704,575.514960658719,521.090725816277,600.75
3.34554135605643,575.663665863421,521.233843400158,600.75
3.34700999992312,575.81252026956,521.377105069583,600.75
3.34847907718472,575.961523909356,521.520510963355,600.75
3.34994858722792,576.110676829396,521.664061135728,600.75
3.35141853117684,576.259979247454,521.807755630971,600.75
3.35288890867514,576.409431225024,521.951594631894,600.75
3.35435971840396,576.559032736467,522.095578227962,600.75
3.35583096142239,576.708783997402,522.239706412846,600.75
3.35730263750815,576.858685083364,522.383979354913,600.75
3.3587747458912,577.008736021729,522.528397151372,600.75
3.36024728674546,577.158936937308,522.672959841675,600.75
3.36172025931812,577.309287857973,522.817667531366,600.75
3.36319366342212,577.459788872249,522.962520262755,600.75
3.36466749965054,577.610440142914,523.107518111884,600.75
3.36614176798575,577.761241767023,523.252661224446,600.75
3.36761646793537,577.912193797728,523.397949709625,600.75
3.3690915992071,578.06329631145,523.543383631273,600.75
3.3705671613496,578.214549367935,523.688963061202,600.75
3.37204315465,578.365953100916,523.834688059256,600.75
3.37351957886534,578.517507586894,523.98055874338,600.75
3.3749964341748,578.669212946956,524.126575198727,600.75
3.37647371929473,578.821069154385,524.272737539635,600.75
3.37795143493916,578.973076389969,524.419045765283,600.75
3.37942958070193,579.125234711596,524.565500017352,600.75
3.38090815670363,579.27754423492,524.71210037175,600.75
3.38238716157518,579.430004924425,524.858846936252,600.75
3.38386659683,579.582617041166,525.005739700785,600.75
3.38534646160628,579.735380592158,525.152778871075,600.75
3.38682675601491,579.888295694064,525.299964497102,600.75
3.38830747901215,580.041362343776,525.447296680809,600.75
3.38978863191921,580.194580781418,525.594775437299,600.75
3.39127021357396,580.347950984427,525.742400961557,600.75
3.39275222310922,580.501472973187,525.890173277111,600.75
3.39423466137718,580.655146940577,526.038092399174,600.75
3.39571752859012,580.808973004306,526.186158483301,600.75
3.39720082362775,580.962951150629,526.334371658871,600.75
3.39868454658783,581.117081496991,526.482731939732,600.75
3.40016869724258,581.271364121554,526.631239419254,600.75
3.40165327529505,581.425799096406,526.779894178406,600.75
3.40313828068669,581.58038651814,526.928696289938,600.75
3.40462371367726,581.735126513964,527.077645844523,600.75
3.40610957325964,581.890019080983,527.226742963323,600.75
3.40759585989615,582.045064372243,527.375987666972,600.75
3.40908257351228,582.200262478343,527.525380079896,600.75
3.41056971400301,582.35561348894,527.674920300914,600.75
3.41205728033006,582.511117399742,527.824608422286,600.75
3.41354527309403,582.66677437821,527.97444445617,600.75
3.41503369164678,582.82258445563,528.124428537276,600.75
3.41652253666821,582.978547804349,528.274560717649,600.75
3.41801180725244,583.134664428387,528.424841146085,600.75
3.41950150316661,583.290934408933,528.575269856228,600.75
3.42099162393245,583.447357799125,528.725846916948,600.75
3.42248217054832,583.603934803172,528.876572381756,600.75
3.42397314235513,583.760665447443,529.027446426087,600.75
3.42546453774984,583.917549671246,529.178469109719,600.75
3.42695635815708,584.074587729553,529.329640389661,600.75
3.42844860318982,584.231779674295,529.480960459232,600.75
3.42994127222439,584.389125542012,529.632429403145,600.75
3.4314343658959,584.546625500658,529.784047265317,600.75
3.43292788341291,584.704279564775,529.935814189094,600.75
3.43315162825677,584.715295388641,530.088833181753,600.736323994163
3.43337537310064,584.727357311867,530.135292893751,600.722299082532
3.43449409731997,584.788104889564,530.161521057099,600.652186558631
3.43616122728057,584.874913581049,530.258931843196,600.547612415508
3.43783518795505,584.962685926505,530.41551709827,600.442629197267
3.43950783131296,585.055233136602,530.583494651159,600.337855969988
3.44116504397828,585.152257152014,530.753510280252,600.234188399367
3.44280622474579,585.253481493669,530.922674429372,600.131657127469
3.4444327680736,585.358567627442,531.090409282188,600.030163436032
3.44604641414806,585.467201194805,531.256725203777,599.929587154249
3.44764874574621,585.579099506825,531.421768966412,599.829819071993
3.44924111376848,585.694009709605,531.58569923383,599.730765653249
3.45082466549351,585.811705427015,531.748657575976,599.632347131847
3.45240037710695,585.931982852677,531.910765525224,599.534495320851
3.45396908754656,586.054657821207,532.072126729712,599.43715136406
3.45553152131332,586.179563059906,532.232830164971,599.340264199954
3.45708830982025,586.306546206684,532.392952608506,599.243789139732
3.45864000990952,586.435468286249,532.552560864342,599.147686639069
3.46018711158887,586.566201858482,532.71171372017,599.051921752553
3.46173005053306,586.6986299967,532.870462934104,598.956463304517
3.46326921448163,586.832645067644,533.028854461714,598.8612834461
3.46480495087379,586.968147897031,533.186929206327,598.766357143161
3.46633757179001,587.105046914121,533.344723793617,598.671661836406
3.46786736057552,587.243257627604,533.502271119277,598.577177002383
3.46939457134479,587.382701617392,533.659601011271,598.482884158366
3.47091943507124,587.523306253753,533.816740294162,598.388766464047
3.4724421630366,587.665004256457,533.973713313312,598.294808488364
3.47396294636713,587.807732998231,534.130542323643,598.200996220651
3.4754819605071,587.951434347047,534.287247510391,598.107316779264
3.47699936671338,588.096054277696,534.443847372084,598.013758305224
3.47851531156042,588.241542366331,534.600358917378,597.92030998048
3.48002992990882,588.387851663048,534.756797651168,597.826961833892
3.48154334666114,588.534938476251,534.91317782277,597.733704622698
3.48305567614824,588.682761975345,535.069512621905,597.640529861276
3.48456702372009,588.831284045612,535.225814157168,597.547429715082
3.48458468744884,588.833085882859,535.384802364952,597.546343304261
3.48460235117758,588.833004883927,535.415173298693,597.543225340729
3.48462383730525,588.831806095726,535.422176224294,597.538287169714
3.48473126794362,588.82586031976,535.42509935549,597.513601165136
3.48526842113543,588.796521241646,535.433880341396,597.390217801517
3.48697221339889,588.707525072773,535.478573112405,596.999351270802
3.48868046800196,588.626709542974,535.630653449193,596.608412689874
3.49043069056537,588.560429627492,535.80241320778,596.209566895583
3.49228012248504,588.508306328718,535.981050383214,595.78994825949
3.49427984173515,588.470561719875,536.169065518363,595.338150861095
3.49654118350858,588.448175034327,536.37103280872,594.829360703871
3.49901453120235,588.445296608737,536.597544569211,594.275146906021
3.50148787889612,588.464491346934,536.846795802108,593.723252536814
3.50358646407662,588.500215761058,537.101175219834,593.256987235426
3.50550736986866,588.550112969182,537.324280614249,592.831948100726
3.50731807952872,588.609902204028,537.526497554746,592.432603173009
3.50906431900234,588.677564843109,537.71545667755,592.048517229664
3.51076721531933,588.751763888431,537.896471134606,591.674829069462
3.51243834265906,588.831612398451,538.072315958427,591.308859692683
3.51408460877479,588.916449011854,538.244486104636,590.948996685144
3.51571061522404,589.005748258533,538.413843657414,590.594157253749
3.51731967342085,589.099073950403,538.580938216273,590.243556277818
3.51891430295875,589.196054484325,538.74615223745,589.896592349433
3.52049648893034,589.296367432175,538.909770169571,589.552788650087
3.52139976551996,589.3568403219,539.074882407369,589.356840321901
3.52139976551999,589.356840321895,539.18442478917,589.356840321895
3.52297111618494,589.018753486251,539.197080138104,589.018753486251
3.52747542333928,588.062288944942,539.315083495565,588.062288944942
3.53198383572226,587.125565995305,539.707397075022,587.125565995305
3.53651820333636,586.209130118872,540.145207893771,586.209130118872
3.54108638507806,585.312226644962,540.588367042416,585.312226644962
3.54566216689601,584.439907515198,541.029872230002,584.439907515198
3.55023551781378,583.593578693336,541.465568160796,583.593578693336
3.55480656406877,582.772564888865,541.893110807842,582.772564888865
3.559375505899,581.976148053856,542.311333452715,581.976148053856
3.56394270588105,581.203577759591,542.719234886009,581.203577759591
3.5685087246645,580.454072295406,543.115804531518,580.454072295406
3.57307435729527,579.726816860642,543.499993411315,579.726816860642
3.57764066381659,579.02096264466,543.870710611705,579.02096264466
3.58220901705019,578.33562362417,544.22682220622,578.33562362417
3.58678115448917,577.669873428941,544.567150429259,577.669873428941
3.59135925148073,577.022739855527,544.890470602333,577.022739855527
3.5959460109339,576.393198065815,545.19550631323,576.393198065815
3.60054478525187,575.78016058606,545.480921029857,575.78016058606
3.60515974280354,575.182463008757,545.745305287015,575.182463008757
3.60979609377393,574.598844182696,545.987157647061,574.598844182696
3.61446041903269,574.02791635547,546.204855188921,574.02791635547
3.61529754206083,573.927799210024,546.623406449599,573.927799210024
3.61613466508897,573.82954421305,546.726564798974,573.82954421305
3.6170545103088,573.722383176311,546.767159807308,573.722383176311
3.61797435552863,573.615803913686,546.803173339481,573.615803913686
3.61858390283948,573.545527966407,546.856635472908,573.545527966407
3.61919345015032,573.47826852511,546.884317629415,573.47826852511
3.62019402916233,573.371501033581,546.88219884216,573.371501033581
3.62519692422238,572.841386032067,546.644312139749,572.841386032067
3.63032218069598,572.304060780295,546.698791141408,572.304060780295
3.63551515649896,571.771558114548,546.781668381106,571.771558114548
3.64086294715374,571.235933973969,546.829812999579,571.235933973969
3.64646310611871,570.68763424917,546.826298468815,570.68763424917
3.65251644916528,570.107546122581,546.749984842813,570.107546122581
3.65977252803896,569.425753692244,546.520882951164,569.425753692244
3.66537561617738,568.908979173796,546.501067471731,568.908979173796
3.6709787043158,568.402718601169,546.317853683852,568.402718601169
3.67597683607514,567.957327859572,546.140435081932,567.957327859572
3.68060055586807,567.550052644922,545.922991095863,567.550052644922
3.68496303342426,567.168932422605,545.669809559171,567.168932422605
3.68912814461292,566.807042753465,545.38758008618,566.807042753465
3.69313435267652,566.460112132764,545.081136020859,566.460112132764
3.69700720150943,566.125249266842,544.753733360532,566.125249266842
3.70076503057149,565.800348652032,544.407725104694,565.800348652032
3.70442176425628,565.483796102184,544.04495896299,565.483796102184
3.70798840503607,565.174309000833,543.666977658342,565.174309000833
3.71147390969063,564.870841341355,543.275120481607,564.870841341355
3.71488573664692,564.572523479662,542.870579672572,564.572523479662
3.71823020771369,564.278621678064,542.454434350797,564.278621678064
3.72151276263569,563.988509293942,542.0276716271,563.988509293942
3.72473813831784,563.701646087286,541.591201974645,563.701646087286
3.72791050260563,563.417562584807,541.145869891207,563.417562584807
3.73103355684524,563.135847953204,540.692461652531,563.135847953204
3.7341106090906,562.856141045489,540.231712661099,562.856141045489
3.73714464116317,562.578122406527,539.76431093925,562.578122406527
3.73885342819675,562.420808713355,539.577932264247,562.420808713355
3.73944323687113,562.366612443927,539.567946424943,562.366612443927
3.74003304554551,562.312519854732,539.486379585771,562.312519854732
3.74022192800948,562.295439530592,539.482881068966,562.295439530592
3.74041081047344,562.278744629983,539.456513329965,562.278744629983
3.74135522279328,562.195042885954,539.254244015979,562.195042885954
3.74427979067889,561.93294418457,538.636794164349,561.93294418457
3.74718133919567,561.668931178721,538.12717841234,561.668931178721
3.75005810614002,561.404434576332,537.632969361836,561.404434576332
3.75290561491101,561.140095390671,537.139183847258,561.140095390671
3.75572439739426,560.875920750009,536.643212892894,560.875920750009
3.75851579372188,560.611811289496,536.144894265214,560.611811289496
3.76128121723008,560.347656935611,535.644524297261,560.347656935611
3.76402202244512,560.083354323616,535.142468712411,560.083354323616
3.76673948143232,559.818809771285,534.639088911587,559.818809771285
3.7694347898024,559.553938635589,534.134727232214,559.553938635589
3.77210907030546,559.288664769952,533.629705846392,559.288664769952
3.77476337871555,559.022919760395,533.124327147746,559.022919760395
3.77739871037969,558.756642106753,532.618874301916,558.756642106753
3.78001600376362,558.489776720179,532.113612498854,558.489776720179
3.78261614684209,558.222274147744,531.608789235178,558.222274147744
3.78519997730178,557.954090442604,531.104636125954,557.954090442604
3.78776828950979,557.685186353953,530.601368645801,557.685186353953
3.79032183517332,557.415527174161,530.099187618054,557.415527174161
3.79286132724627,557.145082261478,529.598279552535,557.145082261478
3.79538744277004,556.873824677309,529.098817278572,556.873824677309
3.79790082459549,556.601730949905,528.600960755638,556.601730949905
3.80040208312486,556.328780844574,528.104857756031,556.328780844574
3.80289179924386,556.054957008349,527.610644178749,556.054957008349
3.80537052414793,555.780244958934,527.118445144635,555.780244958934
3.80783878301967,555.504632655401,526.628374935812,555.504632655401
3.81029707686479,555.228110267954,526.140537509016,555.228110267954
3.81274588133433,554.9506702926,525.655027665564,554.9506702926
3.81518564994729,554.672307176842,525.171930924762,554.672307176842
3.8176168142886,554.393017285132,524.691324299445,554.393017285132
3.82003978601781,554.112798660992,524.213276473835,554.112798660992
3.82245495732429,553.831650967268,523.737848404546,553.831650967268
3.82486270065566,553.549575516206,523.265094010822,553.549575516206
3.82726337186202,553.266574901358,522.795059941322,553.266574901358
3.82965731011331,552.982653003341,522.327786271918,552.982653003341
3.832044837732,552.697815011658,521.86330707398,552.697815011658
3.83442626190539,552.41206722445,521.401650468179,552.41206722445
3.83680187461225,552.12541706009,520.942839181641,552.12541706009
3.83917195366857,551.837872936375,520.48689073935,551.837872936375
3.84153676477091,551.549444025596,520.03381743491,551.549444025596
3.84198542786504,551.494642029222,520.050179764628,551.494642029222
3.84243409095917,551.441759368001,519.980410120746,551.441759368001
3.84280468182963,551.39825011073,519.915611287815,551.39825011073
3.84465763618196,551.1798997481,519.480878020144,551.1798997481
3.84700052336356,550.901681248588,518.995684603416,550.901681248588
3.84934253776817,550.621782970534,518.547378604871,550.621782970534
3.85168332182827,550.340579689457,518.107649099738,550.340579689457
3.85402085034857,550.058403500094,517.672115024043,550.058403500094
3.85635492940581,549.775326476631,517.239904902383,549.775326476631
3.85868565962638,549.491376739691,516.810835364469,549.491376739691
3.8610131918615,549.206574099341,516.384851098391,549.206574099341
3.86333768042342,548.920936897802,515.96191887974,548.920936897802
3.86565927283506,548.634483489078,515.542007998796,548.634483489078
3.86797810583176,548.34723278672,515.125087167469,548.34723278672
3.87029430972142,548.059203745527,514.711122824964,548.059203745527
3.87260800641487,547.770415614639,514.300079889497,547.770415614639
3.87491930851645,547.480888064857,513.891922107877,547.480888064857
3.87722832206758,547.190640857649,513.48661157924,547.190640857649
3.87953514658822,546.89969384781,513.084109078132,546.89969384781
3.88183987136101,546.608067464744,512.684375120547,546.608067464744
3.88414258245183,546.315781837534,512.287368375669,546.315781837534
3.88644335745225,546.022857467638,511.893047351461,546.022857467638
3.88874226799637,545.72931492322,511.501369790549,545.72931492322
3.89103938031439,545.435174777511,511.112292796674,545.435174777511
3.89333475285862,545.140457924011,510.725773559626,545.140457924011
3.89562844097329,544.845184988679,510.341768350294,544.845184988679
3.89792049350995,544.549376772795,509.960233623534,544.549376772795
3.9002109547159,544.253054021842,509.58112559965,544.253054021842
3.9024998650464,543.956237329145,509.20440028238,543.956237329145
3.90478725779425,543.658947583878,508.830014365434,543.658947583878
3.90707316390433,543.361205357899,508.4579241312,543.361205357899
3.90935760985967,543.063031188127,508.088086229137,543.063031188127
3.91164061836315,542.764445498801,507.720457557032,542.764445498801
3.91392220804821,542.465468649613,507.354995437308,542.465468649613
3.91620239402323,542.16612087508,506.991657574724,542.16612087508
3.91848118933224,541.866422102143,506.63040185072,541.866422102143
3.92075860286963,541.566392233976,506.271186922092,541.566392233976
3.92303464158929,541.266050870227,505.913971729637,541.266050870227
3.92374489150014,541.172346415717,505.890062810215,541.172346415717
3.92445514141098,541.078825285648,505.791358118579,541.078825285648
3.92521281799368,540.982744307581,505.670597020835,540.982744307581
3.92597049457639,540.886724305208,505.550405917179,540.886724305208
3.92822718037292,540.600019851812,505.11232556098,540.600019851812
3.93047579344002,540.313150506101,504.75199347408,540.313150506101
3.9327327519739,540.024631565714,504.403868871336,540.024631565714
3.93499049576381,539.73553931777,504.059965407271,539.73553931777
3.93724785915097,539.446061392058,503.718511223238,539.446061392058
3.93950457558407,539.156254841933,503.379124312829,539.156254841933
3.94176056869372,538.866148856229,503.041691282367,538.866148856229
3.94401579903576,538.575766745846,502.706152618964,538.575766745846
3.94627023500926,538.285130148318,502.372460069982,538.285130148318
3.94852384428489,537.994260233472,502.04056888678,537.994260233472
3.95077659415682,537.703177689296,501.710435760859,537.703177689296
3.95302845090642,537.411902819486,501.382018655242,537.411902819486
3.95527938161151,537.120455321954,501.055276371397,537.120455321954
3.95752935287872,536.828854464208,500.730168895841,536.828854464208
3.95977832944104,536.537119278411,500.406657636647,536.537119278411
3.96202627697566,536.245268208412,500.084704785445,536.245268208412
3.96427316059614,535.953319316292,499.764273751751,535.953319316292
3.96651894678398,535.661290043307,499.445328725582,535.661290043307
3.9687636016684,535.36919744459,499.127835106569,535.36919744459
3.97100708977044,535.077058365643,498.811759672277,535.077058365643
3.97324937934292,534.784888758047,498.497069445745,534.784888758047
3.97549043639859,534.492704467401,498.183733121111,534.492704467401
3.97773022887007,534.200520704203,497.871719975613,534.200520704203
3.97996872529646,533.908352224686,497.56100028548,533.908352224686
3.98220589399169,533.616213450974,497.251545435051,533.616213450974
3.98444170490903,533.324118238492,496.943327491247,533.324118238492
3.98667612790491,533.032080112896,496.636319612185,533.032080112896
3.98890913370381,532.74011215499,496.330495768918,532.74011215499
3.99114069530839,532.448226825814,496.02583049449,532.448226825814
3.99337078562952,532.156436286398,495.722299400714,532.156436286398
3.99559937878104,531.864752239046,495.419878801494,531.864752239046
3.99782644858947,531.573186131979,495.118546026699,531.573186131979
4.00005197183844,531.281748743935,494.818278713941,531.281748743935
4.00069378435825,531.197793431865,494.821449756,531.197793431865
4.00133559687807,531.114037075222,494.747087150209,531.114037075222
4.00155656744936,531.085218563061,494.742477385989,531.085218563061
4.00171421865542,531.064672838354,494.728148459971,531.064672838354
4.00187186986147,531.044885206853,494.707379725338,531.044885206853
4.00207808633669,531.019087470934,494.676138383454,531.019087470934
4.0031091687128,530.889977638023,494.486657776198,530.889977638023
4.00529908084688,530.615020488458,494.116133060532,530.615020488458
4.00748931320819,530.339323277254,493.812233897179,530.339323277254
4.0096895217023,530.062161770651,493.518298247385,530.062161770651
4.0118908663629,529.784735020944,493.227556501806,529.784735020944
4.01409194696138,529.507245375464,492.938415782743,529.507245375464
4.01629240738526,529.229750200848,492.650536745909,529.229750200848
4.0184921310846,528.952273691315,492.36382498883,528.952273691315
4.02069104929226,528.674833126289,492.078237684647,528.674833126289
4.02288910688643,528.397443610957,491.793742940493,528.397443610957
4.02508624968999,528.120119776862,491.510312757016,528.120119776862
4.02728242800891,527.842875366056,491.22792016322,527.842875366056
4.02947759461522,527.565723499633,490.94653937914,527.565723499633
4.03167170429005,527.288676748464,490.666145725662,527.288676748464
4.03386471266754,527.011747291287,490.386715747986,527.011747291287
4.03605657808197,526.734946692751,490.108226767005,526.734946692751
4.03824726151637,526.45828591998,489.83065693193,526.45828591998
4.04043672565923,526.18177547232,489.553985362242,526.18177547232
4.04262493413345,525.905425489454,489.278192199642,525.905425489454
4.04481185417517,525.629245422724,489.003258034,525.629245422724
4.04699745288699,525.353244517573,488.729164674662,525.353244517573
4.0491817012146,525.077431321126,488.45589421942,525.077431321126
4.05136457057655,524.801814115949,488.183429804491,524.801814115949
4.05354603473132,524.526400693679,487.911755085275,524.526400693679
4.05572606729817,524.251198676201,487.640854720012,524.251198676201
4.05790464678458,523.976214888815,487.370713315488,523.976214888815
4.06008175044449,523.701456142615,487.101316737492,523.701456142615
4.06225735790588,523.426928785439,486.832651148784,523.426928785439
4.06443145028806,523.152638819402,486.564703278663,523.152638819402
4.0666040110996,522.878591794492,486.297460209813,522.878591794492
4.06877502300986,522.604793222724,486.030909967124,522.604793222724
4.07094447248137,522.331248000449,485.765040504494,522.331248000449
4.07311234511304,522.057961000945,485.499840719335,522.057961000945
4.07527862964686,521.784936575854,485.235299508394,521.784936575854
4.07744331285896,521.512179204343,484.971406821806,521.512179204343
4.07785937122738,521.459833436632,485.019202330267,521.459833436632
4.07818023456467,521.420886189716,484.999116485371,521.420886189716
4.07850109790195,521.382326537234,484.961636471634,521.382326537234
4.08010541458835,521.189326234985,484.68933983102,521.189326234985
4.08222786492104,520.933347778767,484.389349122832,520.933347778767
4.08435935739019,520.675979356664,484.125215550131,520.675979356664
4.08649741928113,520.417773273763,483.867050624594,520.417773273763
4.08863629895812,520.159471838817,483.610913131869,520.159471838817
4.09077500787444,519.901209223663,483.355869653646,519.901209223663
4.09291327715166,519.643025216132,483.101714406755,519.643025216132
4.09505100245754,519.38493800758,482.848386029461,519.38493800758
4.09718811418882,519.126961034803,482.595854184171,519.126961034803
4.09932455389603,518.869106076931,482.344095456772,518.869106076931
4.10146026778893,518.611384099635,482.093088768684,518.611384099635
4.10359520592096,518.353805375342,481.842814230635,518.353805375342
4.10572931928802,518.096379846774,481.593253346092,518.096379846774
4.10786256273025,517.839116788154,481.344388265753,517.839116788154
4.10999489296049,517.582025052586,481.096202189423,517.582025052586
4.11212627123167,517.325112760231,480.848678771406,517.325112760231
4.1142566606947,517.068387625839,480.601802644832,517.068387625839
4.1163860244154,516.811857207709,480.355559591705,516.811857207709
4.11851433024568,516.555528329064,480.109935542334,516.555528329064
4.12064154945606,516.299407249709,479.86491699474,516.299407249709
4.1227676514369,516.043500313057,479.620491835802,516.043500313057
4.12489261021684,515.787813169335,479.376647912443,515.787813169335
4.12701640245802,515.532351022372,479.13337362346,515.532351022372
4.1291390049147,515.277118942989,478.890658252592,515.277118942989
4.13126039652499,515.022121624266,478.648491436996,515.022121624266
4.13338055652455,514.767363614007,478.406863535322,514.767363614007
4.13549946887018,514.512848788716,478.165764764315,514.512848788716
4.13761711719944,514.258580964257,477.925186229724,514.258580964257
4.13973348585774,514.004563778939,477.685119496171,514.004563778939
4.14184856189141,513.750800458648,477.445556240537,513.750800458648
4.14396233366539,513.497293987082,477.206488561099,513.497293987082
4.1460747895228,513.244047271572,476.967909120492,513.244047271572
4.14818591892599,512.991063010639,476.729810851796,512.991063010639
4.15029571265808,512.738343673423,476.492186947266,512.738343673423
4.15240416471225,512.485891276864,476.255030537975,512.485891276864
4.15451126853914,512.233707838904,476.01833539758,512.233707838904
4.15661701726066,511.981795357222,475.782095708807,511.981795357222
4.15872140540145,511.730155604867,475.546305739297,511.730155604867
4.16082442916141,511.47879010015,475.3109598641,511.47879010015
4.16292608519793,511.22770025526,475.076052777671,511.22770025526
4.16502637059483,510.976887383069,474.841579424302,510.976887383069
4.16712528325655,510.726352652575,474.607534906571,510.726352652575
4.1692228213145,510.476097162157,474.373914587217,510.476097162157
4.17131898425884,510.226121806802,474.1407138606,510.226121806802
4.17341377203066,509.97642738846,473.907928342979,509.97642738846
4.17550718548189,509.727014563485,473.675553746059,509.727014563485
4.17759922428171,509.477884094223,473.44358622766,509.477884094223
4.17968988981091,509.229036506134,473.212021800005,509.229036506134
4.18177918361728,508.980472272901,472.980856704721,508.980472272901
4.18386710709258,508.732191856901,472.750087397441,508.732191856901
4.18595366321682,508.484195503177,472.519710226752,508.484195503177
4.18803885457371,508.236483476691,472.289721835583,508.236483476691
4.19012268519948,507.989055844332,472.060118762133,507.989055844332
4.19220515755144,507.741912836209,471.830898008524,507.741912836209
4.19428627597787,507.495054435206,471.602056324408,507.495054435206
4.19636604167231,507.248480976475,471.373591178433,507.248480976475
4.19844446274473,507.002191954186,471.145498876037,507.002191954186
4.20052154110705,506.75618757644,470.917777166323,506.75618757644
4.2025972813735,506.510467713675,470.690423194444,506.510467713675
4.2046716892262,506.26503209125,470.463434122546,506.26503209125
4.20674476816838,506.019880675295,470.236807624529,506.019880675295
4.20881652484181,505.77501304472,470.010540849087,505.77501304472
4.21088696384635,505.530429003905,469.784631498866,505.530429003905
4.21295609049933,505.286128258193,469.559077153997,505.286128258193
4.21502391030341,505.042110476845,469.333875459356,505.042110476845
4.2170904292883,504.798375253438,469.109024054529,504.798375253438
4.21915565357936,504.55492215744,468.88452065553,504.55492215744
4.22121958876311,504.311750809784,468.660363134478,504.311750809784
4.2232822391494,504.068860970462,468.43654960048,504.068860970462
4.22534361171752,503.826252073862,468.21307771794,503.826252073862
4.22740371309911,503.583923584051,467.989945381828,503.583923584051
4.22946254894738,503.341875070313,467.767150693914,503.341875070313
4.23152012560468,503.100106011397,467.544691641826,503.100106011397
4.23185570513182,503.060739296184,467.60128032177,503.060739296184
4.23219128465896,503.022045362839,467.576832947962,503.022045362839
4.23259311694354,502.979133871296,467.529872150738,502.979133871296
4.23459053392438,502.765528214052,467.22250640621,502.765528214052
4.23658044234483,502.552185167369,466.996398885418,502.552185167369
4.238588301631,502.336843382832,466.780083924117,502.336843382832
4.24060018589966,502.12106722306,466.56689015115,502.12106722306
4.24261415321822,501.905086215247,466.355045088923,501.905086215247
4.244629635278,501.688970602829,466.144181146742,501.688970602829
4.24664640870376,501.472751009319,465.934190910272,501.472751009319
4.24866432403845,501.256449308574,465.725022312922,501.256449308574
4.25068325124754,501.040084852737,465.516636417859,501.040084852737
4.25270306934806,500.823675676211,465.308998591232,500.823675676211
4.25472366179614,500.607239022182,465.102077022802,500.607239022182
4.25674492159869,500.39079081429,464.895841263138,500.39079081429
4.25876674531924,500.174346314476,464.690263204039,500.174346314476
4.26078903716235,499.957919701954,464.485316050723,499.957919701954
4.26281170365008,499.741524657449,464.280975189449,499.741524657449
4.26483465945362,499.525173753696,464.077216934208,499.525173753696
4.26685782309464,499.308878927948,463.874019336517,499.308878927948
4.26888111673751,499.092651518013,463.671361934426,499.092651518013
4.27090446871326,498.876502004492,463.469225230405,498.876502004492
4.27292781249809,498.660440131233,463.267590874736,498.660440131233
4.27495108462856,498.444475139691,463.066441859022,498.444475139691
4.27697422438804,498.228615813476,462.865762366817,498.228615813476
4.2789971770202,498.012870145083,462.665537171748,498.012870145083
4.28101989095536,497.797245640962,462.465752137206,497.797245640962
4.28304231687827,497.58174943068,462.266394166632,497.58174943068
4.28506440986987,497.366388047138,462.067450745476,497.366388047138
4.2870861278417,497.151167601149,461.86891020917,497.151167601149
4.28910743141577,496.936093802216,461.670761634001,496.936093802216
4.29112828402906,496.721171954614,461.472994746249,496.721171954614
4.29314865345463,496.506406802254,461.2755996407,496.506406802254
4.29516850501774,496.29180325673,461.078567821656,496.29180325673
4.29718781278076,496.077365214814,460.881890147964,496.077365214814
4.29920654867255,495.863096717791,460.685558925605,495.863096717791
4.30122468749246,495.649001427153,460.489566645291,495.649001427153
4.30324220697028,495.435082622208,460.293906113556,495.435082622208
4.30525908543959,495.221343451741,460.098570790163,495.221343451741
4.30727530407674,495.007786701341,459.903554305503,495.007786701341
4.30929084604947,494.794414887461,459.708850648307,494.794414887461
4.3113056933882,494.581230593061,459.514454569353,494.581230593061
4.31331983347928,494.368235783944,459.320360426269,494.368235783944
4.31533324997762,494.155432773028,459.126563803577,494.155432773028
4.31734593234741,493.942823215586,458.933059662361,493.942823215586
4.31935786893346,493.730408843275,458.739843757069,493.730408843275
4.32136904971569,493.518191177102,458.546911919728,493.518191177102
4.32337946455598,493.306171714671,458.354260392495,493.306171714671
4.32538910729895,493.09435149996,458.161885128501,493.09435149996
4.32739796927358,492.882731810686,457.969782924134,492.882731810686
4.32940604438813,492.671313624243,457.777950355124,492.671313624243
4.33141332707685,492.460097835141,457.586384272254,492.460097835141
4.33341981222479,492.249085265182,457.395081725157,492.249085265182
4.33542549654228,492.038276520554,457.204039731495,492.038276520554
4.33743037457045,491.827672413497,457.013255915508,491.827672413497
4.33943444472247,491.617273329128,456.822727420667,491.617273329128
4.34143770354738,491.407079828712,456.632452010228,491.407079828712
4.34344014885878,491.197092323327,456.442427353154,491.197092323327
4.34544177931173,490.987311118939,456.252651194975,490.987311118939
4.34744259448144,490.777736409427,456.063121332856,490.777736409427
4.34944259221985,490.568368554864,455.873835995685,490.568368554864
4.35144177271667,490.359207657259,455.684793112904,490.359207657259
4.35344013518651,490.150253907745,455.495990971246,490.150253907745
4.35543768109191,489.941507250696,455.307427600639,489.941507250696
4.35743441074806,489.732967739283,455.119101400496,489.732967739283
4.35943032458586,489.524635404727,454.93101080222,489.524635404727
4.36142542368103,489.316510201401,454.743154227317,489.316510201401
4.36341970896373,489.108592089895,454.555530228481,489.108592089895
4.36541318251016,488.900880902985,454.368137262753,488.900880902985
4.36740584676139,488.693376427561,454.180973858423,488.693376427561
4.36939770210571,488.486078657329,453.994038930471,488.486078657329
4.37138875116354,488.278987347145,453.80733103339,488.278987347145
4.3733789960958,488.072102293005,453.620848939022,488.072102293005
4.37536843904639,487.865423286944,453.434591464549,487.865423286944
4.37735708375548,487.658949949627,453.248557242969,487.658949949627
4.37934493202035,487.45268209836,453.062745310198,487.45268209836
4.38133198569055,487.246619540664,452.877154652776,487.246619540664
4.38331824898417,487.040761833718,452.691783946156,487.040761833718
4.38530372407351,486.835108742388,452.506632311035,486.835108742388
4.38728841398902,486.629659939131,452.321698695501,486.629659939131
4.38927232254412,486.424415011545,452.136981997145,486.424415011545
4.39125545258783,486.219373643651,451.952481324257,486.219373643651
4.39151937296586,486.192839178397,452.017010434095,486.192839178397
4.39178329334389,486.166962237896,452.003273901626,486.166962237896
4.39310289523403,486.037522309734,451.82263733959,486.037522309734
4.39504140176753,485.84701587309,451.600860139035,485.84701587309
4.39698943944013,485.655406174122,451.415111778175,485.655406174122
4.39894762355653,485.462832862508,451.234229622782,485.462832862508
4.40090799561651,485.270111578604,451.054913977408,485.270111578604
4.40286935565547,485.077369893552,450.876289547875,485.077369893552
4.40483135272384,484.884646285807,450.698174172081,484.884646285807
4.40679385294689,484.691956650571,450.520513912041,484.691956650571
4.40875676700593,484.499312108429,450.343283266277,484.499312108429
4.4107200174729,484.306722401578,450.166463587938,484.306722401578
4.41268353521486,484.114196293217,449.990038183701,484.114196293217
4.41464725630206,483.921741887989,449.813991719901,483.921741887989
4.41661112073232,483.729366768693,449.638310025278,483.729366768693
4.41857507068816,483.53707817674,449.462980143772,483.53707817674
4.42053905469425,483.344882613452,449.287989572731,483.344882613452
4.42250302544445,483.152786060401,449.113326676377,483.152786060401
4.42446693694241,482.960794267507,448.938980930635,482.960794267507
4.42643074845438,482.768912373783,448.76494215488,482.768912373783
4.42839441909067,482.577145443307,448.591201369209,482.577145443307
4.43035791416425,482.38549785067,448.417749613793,482.38549785067
4.43232120061855,482.193973732636,448.244578799556,482.193973732636
4.4342842471097,482.002576986457,448.071681459893,482.002576986457
4.43624702498883,481.811311179048,447.899050543062,481.811311179048
4.43820950898846,481.620179484683,447.72667931539,481.620179484683
4.44017167319225,481.429185082343,447.554561911644,481.429185082343
4.44213349658094,481.238330620092,447.382692341616,481.238330620092
4.44409495754492,481.047618752538,447.211065447571,481.047618752538
4.44605603881159,480.857051665821,447.039675960674,480.857051665821
4.44801672115651,480.666631692015,446.868519535482,480.666631692015
4.44997699032973,480.476360639846,446.697591495045,480.476360639846
4.45193683032226,480.286240450842,446.52688801923,480.286240450842
4.45389622967254,480.096272590739,446.356404971954,480.096272590739
4.45585517361938,479.906458812642,446.186139212083,479.906458812642
4.45781365298814,479.716800298586,446.016087016167,479.716800298586
4.45977165780235,479.527298279786,445.846245308004,479.527298279786
4.46172917921287,479.337953852895,445.676611120885,479.337953852895
4.46368620853673,479.148768074635,445.507181766709,479.148768074635
4.46564273850499,478.959741842873,445.33795461049,478.959741842873
4.46759876127999,478.770876089794,445.168927377929,478.770876089794
4.46955427420565,478.582171228005,445.000097272288,478.582171228005
4.47150926947283,478.393628149589,444.831462625241,478.393628149589
4.47346374341249,478.205247331688,444.663021165469,478.205247331688
4.47541769068392,478.017029396937,444.494771174997,478.017029396937
4.4773711094939,477.828974612278,444.32671054653,477.828974612278
4.47932399560109,477.641083467127,444.158837801688,477.641083467127
4.4812763466897,477.45335625399,443.991151233985,477.45335625399
4.48322816009991,477.265793287103,443.823649379583,477.265793287103
4.48517943533049,477.078394662935,443.656330587071,477.078394662935
4.48713016931731,476.891160714564,443.489193753354,476.891160714564
4.489080361501,476.704091526107,443.322237423893,476.704091526107
4.49103001138012,476.517187167595,443.155460327695,476.517187167595
4.49297911836941,476.330447709667,442.988861302789,476.330447709667
4.49492768253757,476.143873153417,442.82243917251,476.143873153417
4.4968757033245,475.957463553744,442.656192944738,475.957463553744
4.49882318026181,475.771218950934,442.490121653765,475.771218950934
4.50077011355238,475.585139315458,442.324224304538,475.585139315458
4.50271650534266,475.39922442668,442.158499729294,475.39922442668
4.50466235553598,475.213474273545,441.992947208089,475.213474273545
4.50660766515662,475.027888734037,441.827565825736,475.027888734037
4.5085524347872,474.842467724144,441.662354810521,474.842467724144
4.5104966658808,474.657211073166,441.497313300284,474.657211073166
4.51244036014399,474.472118582714,441.332440476198,474.472118582714
4.51438351811527,474.287190162612,441.167735727662,474.287190162612
4.51632614179845,474.102425580406,441.003198229016,474.102425580406
4.51826823185958,473.91782472807,440.838827424918,473.91782472807
4.52020979175736,473.733387229663,440.674622362526,473.733387229663
4.52215082147763,473.549113036796,440.510582700546,473.549113036796
4.52409132359171,473.36500185389,440.346707632312,473.36500185389
4.52603130032582,473.181053415802,440.182996521259,473.181053415802
4.52797075349456,472.997267494814,440.019448803983,472.997267494814
4.52990968507927,472.81364384589,439.856063894827,472.81364384589
4.53184809792117,472.63018214102,439.692841117665,472.63018214102
4.53378599314874,472.446882212992,439.529780080694,472.446882212992
4.5357233722681,472.263743857835,439.366880283156,472.263743857835
4.53766023853029,472.0807667052,439.204141016189,472.0807667052
4.53959659371386,471.897950522664,439.041561861527,471.897950522664
4.5415324408448,471.715294959271,438.879142191398,471.715294959271
4.54346778091661,471.532799854979,438.716881707951,471.532799854979
4.54540261797153,471.350464761538,438.55477963494,471.350464761538
4.54733695262985,471.168289552288,438.392835786772,471.168289552288
4.54927078842874,470.9862738255,438.23104946202,470.9862738255
4.55120412753312,470.804417307688,438.069420265185,470.804417307688
4.5531369721557,470.622719720585,437.907947754583,470.622719720585
4.5550693239351,470.441180839429,437.746631567238,470.441180839429
4.55700118562366,470.259800334322,437.585471174262,470.259800334322
4.55758648252319,470.204925401802,437.602196488041,470.204925401802
4.55797405568504,470.169587820023,437.586529585533,470.169587820023
4.5583616288469,470.135166477911,437.554781241719,470.135166477911
4.56025545522198,469.966804366178,437.31830000933,469.966804366178
4.56214113230319,469.798832922754,437.152362879111,469.798832922754
4.56404718009454,469.629058433919,436.993307706985,469.629058433919
4.56595684190758,469.459019142973,436.836483901404,469.459019142973
4.56786813062535,469.288904928336,436.68041640507,469.288904928336
4.56978046131281,469.118772203825,436.524828247852,469.118772203825
4.57169364641124,468.948640261878,436.369645159882,468.948640261878
4.57360757806975,468.778520810208,436.214837167953,468.778520810208
4.57552216830411,468.60842356778,436.060384390267,468.60842356778
4.57743733894125,468.438357222292,435.906269766309,468.438357222292
4.5793530182839,468.268329747115,435.75247776113,468.268329747115
4.58126913874402,468.098348623461,435.598994188044,468.098348623461
4.58318563678106,467.928420855489,435.445805955568,467.928420855489
4.58510245562193,467.758552737329,435.292900603207,467.758552737329
4.58701953985372,467.588750340328,435.140267023479,467.588750340328
4.5889368423548,467.419018906734,434.987894265384,467.419018906734
4.59085431429185,467.249363742132,434.83577301478,467.249363742132
4.59277191419572,467.079789419388,434.683893947933,467.079789419388
4.59468960045347,466.910300447938,434.532248977052,466.910300447938
4.5966073375844,466.740900725186,434.38083009559,466.740900725186
4.59852509150672,466.571593959493,434.229630167198,466.571593959493
4.60044283253471,466.402383410977,434.078642307707,466.402383410977
4.60236053081339,466.233272298926,433.927860522081,466.233272298926
4.60427815888982,466.064263579539,433.777279137552,466.064263579539
4.60619569259663,465.895359871417,433.626892741453,465.895359871417
4.60811311034468,465.726563521566,433.47669628219,465.726563521566
4.61003039153223,465.557876749225,433.32668520457,465.557876749225
4.61194751703927,465.389301605689,433.176855275484,465.389301605689
4.61386446944456,465.220839957984,433.027202536441,465.220839957984
4.61578123177767,465.05249360126,432.877723440519,465.05249360126
4.61769778954962,464.884264082873,432.728414514747,464.884264082873
4.61961413075604,464.716152704256,432.579272419655,464.716152704256
4.62153024186864,464.548160875182,432.430294435513,464.548160875182
4.62344611327855,464.380289638548,432.281477579598,464.380289638548
4.62536173364484,464.212540167169,432.132819513865,464.212540167169
4.62727709307268,464.044913487566,431.984317901057,464.044913487566
4.62919218557757,463.877410265238,431.835970196688,463.877410265238
4.6311070016249,463.710031459138,431.687774685713,463.710031459138
4.63302153588218,463.542777645634,431.539729181554,463.542777645634
4.63493578061839,463.375649595894,431.391832141328,463.375649595894
4.63684973056848,463.208647852711,431.244081789989,463.208647852711
4.63876338200389,463.041772812163,431.096476411339,463.041772812163
4.64067672928994,462.875025025339,430.94901474408,462.875025025339
4.64258976941975,462.70840480411,430.801695252305,462.70840480411
4.64319850552145,462.655458904854,430.81670341287,462.655458904854
4.64380724162315,462.6026245632,430.775492505502,462.6026245632
4.64402842212273,462.583439357698,430.776911582624,462.583439357698
4.64424960262231,462.564962895153,430.761187620278,462.564962895153
4.64445897372519,462.547770332204,430.744879882327,462.547770332204
4.64550582923956,462.46175735723,430.620480095809,462.46175735723
4.64737561304419,462.307862904955,430.429836010965,462.307862904955
4.64925244975442,462.153218541512,430.280926287298,462.153218541512
4.6511429641405,461.997476136288,430.136749022697,461.997476136288
4.65303636420388,461.841553618144,429.99411228524,461.841553618144
4.65493123401155,461.685575995116,429.852074068594,461.685575995116
4.65682714878437,461.529581455427,429.710450155825,461.529581455427
4.65872395298777,461.373584924155,429.569186699228,461.373584924155
4.66062154611463,461.217596457091,429.428258627082,461.217596457091
4.66251984410678,461.0616245808,429.287647572571,461.0616245808
4.66441877106812,460.905677014885,429.147337480234,460.905677014885
4.66631825570659,460.749760979966,429.007313846827,460.749760979966
4.66821823373026,460.593883010936,428.867563024543,460.593883010936
4.67011864258421,460.438049397162,428.728072820886,460.438049397162
4.67201942756867,460.282265688537,428.58883144375,460.282265688537
4.67392053580654,460.126537196707,428.449828383243,460.126537196707
4.67582191970853,459.970868718376,428.311053675086,459.970868718376
4.67772353415237,459.815264772168,428.172498286656,459.815264772168
4.67962533705165,459.659729558088,428.034153866627,459.659729558088
4.68152729172195,459.504266769065,427.89601240975,459.504266769065
4.68342936269602,459.348879938136,427.758066800813,459.348879938136
4.68533151861301,459.193572207404,427.62031023938,459.193572207404
4.68723372811122,459.038346667609,427.482736780825,459.038346667609
4.68913596407269,458.883206015817,427.345340613174,458.883206015817
4.69103820043426,458.728152818877,427.208116558074,458.728152818877
4.6929404152424,458.573189268073,427.071059545735,458.573189268073
4.69484258643121,458.418317526296,426.934165195399,458.418317526296
4.69674469478022,458.263539490447,426.797429255388,458.263539490447
4.69864672138275,458.108856999956,426.660847978128,458.108856999956
4.70054865094035,457.95427157142,426.524417601855,457.95427157142
4.70245046753726,457.799784744375,426.388134953471,457.799784744375
4.70435215785466,457.645397822617,426.251996871528,457.645397822617
4.70625370808194,457.491112126755,426.116000665974,457.491112126755
4.7081551081327,457.336928654018,425.980143478349,457.336928654018
4.7100563471685,457.182848442867,425.8444229582,457.182848442867
4.71195741562232,457.028872410998,425.70883682772,457.028872410998
4.71385830437528,456.875001423215,425.573383027806,456.875001423215
4.71575900473071,456.721236294906,425.438059676111,456.721236294906
4.71765951168057,456.567577528812,425.30286466621,456.567577528812
4.71955981632035,456.41402592975,425.167796682747,456.41402592975
4.72145991439035,456.260581915643,425.032853872451,456.260581915643
4.72335980055572,456.107245979878,424.898034839206,456.107245979878
4.7252594700289,455.954018561893,424.763338231587,455.954018561893
4.72715891767788,455.800900119712,424.628762881457,455.800900119712
4.72905814101104,455.647890889934,424.494307414181,455.647890889934
4.73095713554658,455.494991261562,424.359970905799,455.494991261562
4.73285589814536,455.342201508544,424.225752298228,455.342201508544
4.73475442685611,455.189521802417,424.09165053439,455.189521802417
4.73665271890602,455.036952374701,423.9576647927,455.036952374701
4.73855077269146,454.884493357495,423.823794162033,454.884493357495
4.74044858645586,454.732144890011,423.690037866072,454.732144890011
4.74234615863988,454.579907091017,423.556395168421,454.579907091017
4.74424348776579,454.427780068448,423.422865390322,454.427780068448
4.74614057307512,454.275763868599,423.289447828668,454.275763868599
4.74803741364774,454.123858547061,423.156141881082,454.123858547061
4.7499340093461,453.972064093474,423.022946897725,453.972064093474
4.75183035932602,453.820380551012,422.889862386338,453.820380551012
4.7537264625269,453.668807977514,422.756887891231,453.668807977514
4.75562232112837,453.517346169081,422.624022607471,453.517346169081
4.75751793153615,453.36599538081,422.491266567126,453.36599538081
4.75941329729435,453.21475529598,422.358618776709,453.21475529598
4.7613084161826,453.063626055401,422.2260792166,453.063626055401
4.76320328956894,452.912607512492,422.093647263458,452.912607512492
4.7650979179406,452.761699588858,421.961322549222,452.761699588858
4.76699230129736,452.610902243658,421.829104761013,452.610902243658
4.76888644043586,452.4602153713,421.696993490678,452.4602153713
4.77078033554253,452.309638913461,421.56498845031,452.309638913461
4.7726739877727,452.159172733686,421.433089235753,452.159172733686
4.77456739838086,452.008816686554,421.301295487071,452.008816686554
4.77646056692853,451.85857076032,421.169607060949,451.85857076032
4.77835349520481,451.708434765691,421.038023500667,451.708434765691
4.78024618381713,451.558408606145,420.906544584911,451.558408606145
4.78213863399939,451.408492134988,420.775169991805,451.408492134988
4.78403084586361,451.258685293799,420.643899559684,451.258685293799
4.78592282087287,451.108987916679,420.512732936889,451.108987916679
4.78781455925269,450.959399935039,420.381669974451,450.959399935039
4.78970606271706,450.809921162194,420.25071031552,450.809921162194
4.79159733359713,450.660551362118,420.119853600162,450.660551362118
4.79348837174693,450.511290494283,419.989099790071,450.511290494283
4.79537917860333,450.362138393161,419.85844857039,450.362138393161
4.79726975534134,450.213094913404,419.727899717984,450.213094913404
4.79916010331345,450.064159895479,419.597452990856,450.064159895479
4.80105022298572,449.91533324954,419.467108259314,449.91533324954
4.80294011673808,449.766614734859,419.336865144887,449.766614734859
4.8048297853543,449.618004236081,419.206723531978,449.618004236081
4.80671922860391,449.469501717771,419.07668336353,449.469501717771
4.80860844905369,449.321106924409,418.946744220013,449.321106924409
4.81049744757961,449.172819732959,418.816905990742,449.172819732959
4.81238622637211,449.024639917341,418.687168361451,449.024639917341
4.8142747848373,448.87656746993,418.557531383078,448.87656746993
4.81616312503528,448.72860217511,418.427994696988,448.72860217511
4.81805124923129,448.580743800822,418.298558025018,448.580743800822
4.8199391581097,448.432992238979,418.169221289898,448.432992238979
4.82182685337539,448.285347301844,418.03998423645,448.285347301844
4.82248951230794,448.233586535297,418.049144291014,448.233586535297
4.82315217124049,448.181928770211,418.008142637093,448.181928770211
4.82337542629425,448.164535879843,418.012368334622,448.164535879843
4.82359868134801,448.147841086537,417.998409000582,448.147841086537
4.823810783425,448.132247506315,417.983640679984,448.132247506315
4.82487129380996,448.054234024932,417.869236041619,448.054234024932
4.82671535025755,447.918350426855,417.701168082929,447.918350426855
4.82856736790533,447.781742299572,417.570801879568,447.781742299572
4.83043325089676,447.644140603219,417.444507065337,447.644140603219
4.83230210194543,447.506372453022,417.319574269236,447.506372453022
4.83417255460927,447.368545551248,417.19516494517,447.368545551248
4.83604418623653,447.230693730578,417.071119054508,447.230693730578
4.83791684057745,447.092830297454,416.947388246117,447.092830297454
4.8397904143083,446.954964374133,416.823949237306,446.954964374133
4.84166482159723,446.817103643058,416.700784503713,446.817103643058
4.84353998355669,446.679255156738,416.577878875873,446.679255156738
4.84541582797436,446.54142537125,416.455218438466,446.54142537125
4.84729228716919,446.403620312636,416.332790515066,446.403620312636
4.84916929977649,446.265845453448,416.210583261978,446.265845453448
4.85104680993115,446.128105779547,416.088585725052,446.128105779547
4.8529247645971,445.990405992844,415.96678801207,445.990405992844
4.85480311286794,445.852750568797,415.845181166259,445.852750568797
4.85668181065968,445.71514341761,415.723756538309,445.71514341761
4.85856081757758,445.577588118664,415.60250625001,445.577588118664
4.86044009411721,445.440088130882,415.481423318115,445.440088130882
4.86231960602168,445.302646478285,415.360500989949,445.302646478285
4.86419932158226,445.165265951214,415.239733147736,445.165265951214
4.86607921034093,445.027949205405,415.119114299785,445.027949205405
4.86795924521557,444.890698610178,414.998639236351,444.890698610178
4.86983940164531,444.753516313895,414.878303159274,444.753516313895
4.87171965623816,444.616404345866,414.758101758376,444.616404345866
4.87359998834899,444.47936450407,414.638030942994,444.47936450407
4.87548037846667,444.342398475191,414.51808703884,444.342398475191
4.8773608092841,444.205507759138,414.398266579299,444.205507759138
4.87924126334796,444.068693842336,414.278566563846,444.068693842336
4.88112172642669,443.931957954635,414.158983975705,443.931957954635
4.88300218538056,443.795301225864,414.039516115221,443.795301225864
4.88488262887784,443.658724635787,413.920160425102,443.658724635787
4.88676304380103,443.522229276842,413.800914871451,443.522229276842
4.88864342050375,443.385815973868,413.681777215107,443.385815973868
4.89052375004335,443.249485485834,413.56274549276,443.249485485834
4.89240402381199,443.113238534234,413.443817945976,443.113238534234
4.89428423275382,442.977075860957,413.324993061191,442.977075860957
4.89616437152333,442.840997927916,413.206269079046,442.840997927916
4.89804443287645,442.705005323989,413.087644746481,442.705005323989
4.89992441133085,442.569098501469,412.96911870023,442.569098501469
4.9018043017208,442.433277881012,412.850689737334,442.433277881012
4.90368409960885,442.29754382278,412.732356715764,442.29754382278
4.90556379998571,442.161896721025,412.61411869379,442.161896721025
4.90744340030771,442.026336785425,412.495974547858,442.026336785425
4.90932289672949,441.890864313359,412.377923483211,441.890864313359
4.9112022857982,441.755479568573,412.259964703494,441.755479568573
4.91308156515426,441.62018273088,412.142097384707,441.62018273088
4.91496073078939,441.484974094108,412.024320993057,441.484974094108
4.9168397825057,441.349853673609,411.90663459516,441.349853673609
4.91871871842655,441.214821601289,411.789037645389,441.214821601289
4.92059753657364,441.07987801313,411.67152961007,441.07987801313
4.922476234575,440.945023070186,411.554110035353,440.945023070186
4.92435481241175,440.810256761496,411.436778248848,440.810256761496
4.92623326839347,440.67557919315,411.319533891435,440.67557919315
4.92811160240877,440.540990355698,411.202376418576,440.540990355698
4.92998981265394,440.406490358635,411.085305556641,440.406490358635
4.93186789970963,440.2720791387,410.968320751548,440.2720791387
4.93374586270508,440.137756734471,410.851421722425,440.137756734471
4.935623701445,440.003523134664,410.734608095293,440.003523134664
4.93750141562521,439.869378334161,410.617879554676,439.869378334161
4.93937900432902,439.735322370214,410.501235869723,439.735322370214
4.94125646869871,439.601355131699,410.384676590761,439.601355131699
4.94313380911104,439.467476560799,410.268201449951,439.467476560799
4.94501102432378,439.333686714334,410.151810342902,439.333686714334
4.94688811599574,439.199985441394,410.035502810252,439.199985441394
4.94876508239545,439.066372831525,409.919278871608,439.066372831525
4.95064192574901,438.93284869189,409.803138022455,438.93284869189
4.9525186447543,438.799413079693,409.687080285702,438.799413079693
4.95439524251684,438.66606573829,409.571105110837,438.66606573829
4.95627171665451,438.53280680027,409.455212693046,438.53280680027
4.95814806900649,438.399636098274,409.339402592885,438.399636098274
4.96002430075911,438.266553510342,409.223674598052,438.266553510342
4.96190041171429,438.133559012516,409.108028638004,438.133559012516
4.96377640305608,438.000652482587,408.992464448581,438.000652482587
4.96565227537381,437.867833840029,408.876981884173,437.867833840029
4.96752802925069,437.735103004546,408.761580787474,437.735103004546
4.9694036643319,437.602459961986,408.646261100965,437.602459961986
4.97127918183,437.469904587069,408.531022572353,437.469904587069
4.97315458383638,437.337436691974,408.415864924416,437.337436691974
4.97502986878468,437.205056347244,408.300788303259,437.205056347244
4.97690503917318,437.07276333649,408.185792296202,437.07276333649
4.97878009557091,436.940557578956,408.070876842817,436.940557578956
4.98065503851765,436.808438996117,407.956041827367,436.808438996117
4.98252986802011,436.676407546936,407.841287183295,436.676407546936
4.9844045861218,436.544463046765,407.726612615863,436.544463046765
4.98627919437095,436.412605345612,407.612017964994,436.412605345612
4.98815369132856,436.280834503861,407.497503367269,436.280834503861
4.99002807885842,436.149150349763,407.383068500307,436.149150349763
4.99190235855796,436.017552729876,407.268713192399,436.017552729876
4.99377652933683,435.886041679684,407.154437551092,435.886041679684
4.99565059391325,435.754616967486,407.040241187913,435.754616967486
4.99752455295031,435.623278505426,406.926124068648,435.623278505426
4.99939840593793,435.492026288239,406.812086212489,435.492026288239
5.00127215516738,435.360860114396,406.698127299359,435.360860114396
5.00314580138724,435.229779890183,406.584247275446,435.229779890183
5.00501934600056,435.098785476355,406.47044597131,435.098785476355
5.00689278838481,434.967876875407,406.356723444809,434.967876875407
5.00876612980088,434.837053958335,406.243079483676,434.837053958335
5.01063937136017,434.706316606376,406.129513959436,434.706316606376
5.01251251394147,434.575664717115,406.016026769984,434.575664717115
5.01292083498733,434.547225652599,406.052514080889,434.547225652599
5.01332915603318,434.520241301636,406.033084680823,434.520241301636
5.01367678544061,434.497511277656,406.013864727205,434.497511277656
5.01541493247776,434.38376419709,405.846020574894,434.38376419709
5.01724180980196,434.26398730157,405.725299212224,434.26398730157
5.01908952760269,434.142841240131,405.613232315293,434.142841240131
5.02094251456587,434.021389176266,405.50316618565,434.021389176266
5.02279771707448,433.899841108151,405.393759736442,433.899841108151
5.02465442702809,433.778246683901,405.28473687067,433.778246683901
5.02651241761972,433.656622619921,405.176026804158,433.656622619921
5.02837156080275,433.534978787255,405.067600707021,433.534978787255
5.03023175498835,433.413323156325,404.959439023311,433.413323156325
5.03209291067667,433.291662785686,404.851525050483,433.291662785686
5.03395494381974,433.170004272615,404.743843953129,433.170004272615
5.03581777866938,433.048353576749,404.636381907844,433.048353576749
5.03768134428203,432.926716255973,404.529126393291,432.926716255973
5.03954557437049,432.80509748344,404.422065961359,432.80509748344
5.04141040964306,432.683501901242,404.315189886444,432.683501901242
5.04327579480511,432.561933821927,404.208488458315,432.561933821927
5.04514167961469,432.440397165573,404.101952681531,432.440397165573
5.04700801590984,432.318895658635,403.995574514806,432.318895658635
5.04887476069896,432.197432637535,403.889346378907,432.197432637535
5.05074187547716,432.076011097307,403.783261266954,432.076011097307
5.05260932298351,431.954633906905,403.677312981113,431.954633906905
5.05447706994757,431.833303634557,403.571495674354,431.833303634557
5.05634508670781,431.71202257576,403.465803929709,431.71202257576
5.05821334497787,431.590792901757,403.360232922402,431.590792901757
5.0600818186448,431.469616610825,403.254778205721,431.469616610825
5.06195048442282,431.348495488408,403.149435627627,431.348495488408
5.06381932041619,431.227431202798,403.044201459674,431.227431202798
5.06568830732116,431.106425229643,402.939072190742,431.106425229643
5.06755742745662,430.985478916793,402.834044629813,430.985478916793
5.06942666368329,430.864593556347,402.729115945436,430.864593556347
5.07129600164299,430.743770241544,402.624283375211,430.743770241544
5.07316542686995,430.623010055077,402.519544562649,430.623010055077
5.07503492752588,430.502313894017,402.414897164699,430.502313894017
5.07690449186224,430.381682634942,402.310339171523,430.381682634942
5.07877410996427,430.261117022817,402.205868628804,430.261117022817
5.0806437725612,430.140617748799,402.101483793304,430.140617748799
5.08251347120633,430.020185439817,401.997183058066,430.020185439817
5.08438319705951,429.899820737977,401.892965056045,429.899820737977
5.08625294299176,429.77952416588,401.788828396697,429.77952416588
5.08812270436068,429.659296077361,401.684771658289,429.659296077361
5.0899924739603,429.539136983317,401.580793897746,429.539136983317
5.09186224690538,429.419047238613,401.476893976575,429.419047238613
5.0937320178787,429.29902721915,401.373070986202,429.29902721915
5.09560178403391,429.17907713624,401.269323872617,429.17907713624
5.09747154021248,429.059197344051,401.165651988462,429.059197344051
5.09934128194968,428.939388147524,401.062054620719,428.939388147524
5.10121100744556,428.819649676051,400.958530896514,428.819649676051
5.10308071486033,428.699982057234,400.855080123566,428.699982057234
5.10495039974418,428.58038558221,400.751701930058,428.58038558221
5.10682006075052,428.460860340277,400.648395604486,428.460860340277
5.10868969613232,428.341406442883,400.545160637411,428.341406442883
5.11055930375735,428.222024023339,400.4419966005,428.222024023339
5.11242888216119,428.102713169727,400.338903030286,428.102713169727
5.1142984312928,427.983473877448,400.235879394595,427.983473877448
5.11616794786849,427.864306345994,400.132925561812,427.864306345994
5.11803743160112,427.745210582018,400.030041029566,427.745210582018
5.11990688243019,427.626186575594,399.927225409863,427.626186575594
5.12177629845879,427.507234432204,399.824478536644,427.507234432204
5.12364567958145,427.38835414195,399.721800030433,427.38835414195
5.12551502477018,427.269545752088,399.619189684885,427.269545752088
5.12738433540147,427.150809155823,399.516647059842,427.150809155823
5.12925360946775,427.032144460191,399.41417214422,427.032144460191
5.13112284765797,426.913551600253,399.311764568428,426.913551600253
5.13299204906275,426.795030611345,399.209424221652,426.795030611345
5.13486121483594,426.67658139721,399.107150762221,426.67658139721
5.13673034306083,426.558204055385,399.004944225121,426.558204055385
5.13859943557777,426.439898444872,398.902804193835,426.439898444872
5.1404684918494,426.321664574317,398.80073062096,426.321664574317
5.14233751052348,426.203502503645,398.698723467482,426.203502503645
5.14420649433738,426.085412033549,398.596782281144,426.085412033549
5.14607544165836,425.96739324024,398.494907182562,425.96739324024
5.14794435371036,425.849446019452,398.393097879897,425.849446019452
5.14981323098374,425.731570312601,398.291354251726,425.731570312601
5.15168207318331,425.613766110473,398.18967623848,425.613766110473
5.15355088145323,425.496033312838,398.088063619899,425.496033312838
5.15541965631857,425.378371858121,397.986516291642,425.378371858121
5.15728839764816,425.260781725967,397.885034197207,425.260781725967
5.15915710502612,425.143262913783,397.7836172835,425.143262913783
5.16102577912469,425.025815350259,397.682265386597,425.025815350259
5.16289442179607,424.908438889584,397.580978278143,424.908438889584
5.16476303296021,424.791133507245,397.479755963199,424.791133507245
5.16663161319847,424.673899137299,397.378598319043,424.673899137299
5.16850016292092,424.55673572439,397.277505259752,424.55673572439
5.17036868201844,424.43964324565,397.176476745613,424.43964324565
5.17223717136452,424.322621616527,397.07551262796,424.322621616527
5.17410563178325,424.205670755396,396.974612801026,424.205670755396
5.1759740645057,424.088790555144,396.873777125746,424.088790555144
5.17784246923644,423.971981004194,396.773005621831,423.971981004194
5.17971084636671,423.855242048122,396.672298189957,423.855242048122
5.18157919663828,423.738573610449,396.57165472044,423.738573610449
5.18344752093784,423.621975605587,396.471075107735,423.621975605587
5.185315820385,423.505447933426,396.370559233671,423.505447933426
5.18718409404926,423.388990621832,396.270107179646,423.388990621832
5.18905234455569,423.272603477054,396.169718623294,423.272603477054
5.19092057041465,423.156286561556,396.069393749978,423.156286561556
5.19278877452785,423.040039664609,395.969132198476,423.040039664609
5.19465695536661,422.923862850995,395.868934168193,422.923862850995
5.19652511489238,422.807755968735,395.768799385711,422.807755968735
5.19839325302916,422.691718992257,395.668727882446,422.691718992257
5.20026136969294,422.575751896713,395.568719625898,422.575751896713
5.20212946657358,422.459854547048,395.468774414458,422.459854547048
5.20399754540302,422.344026805509,395.368892110808,422.344026805509
5.20586560460376,422.228268739832,395.269072889463,422.228268739832
5.20773364492728,422.112580273627,395.169316586614,422.112580273627
5.209601667856,421.996961284943,395.069623047876,421.996961284943
5.21146967457577,421.881411670224,394.969992182947,421.881411670224
5.2133376647633,421.765931419494,394.870424031957,421.765931419494
5.21377572592016,421.738888527627,394.902712051651,421.738888527627
5.21421378707702,421.712816709459,394.883708900689,421.712816709459
5.21462550015613,421.689046911685,394.861807849996,421.689046911685
5.21645588138164,421.583275433574,394.704722304313,421.583275433574
5.21827736011667,421.477827993123,394.602694154891,421.477827993123
5.22012175156686,421.371068012757,394.50482370558,421.371068012757
5.221970107305,421.264114705954,394.408555453796,421.264114705954
5.22382066657669,421.157077071207,394.312806713581,421.157077071207
5.22567281186946,421.049993271028,394.217399260374,421.049993271028
5.2275263422675,420.94287649542,394.122278102268,420.94287649542
5.22938113118863,420.835735361701,394.027417738785,420.835735361701
5.23123707144111,420.72857722764,393.932799608736,420.72857722764
5.2330940670647,420.621408695697,393.83840745209,420.621408695697
5.2349520304956,420.5142357892,393.744226516549,420.5142357892
5.23681088302595,420.407063934354,393.650243176275,420.407063934354
5.23867054800138,420.299898359948,393.556445404569,420.299898359948
5.24053095891072,420.192743637743,393.462821688534,420.192743637743
5.24239205284024,420.085604065158,393.369361782251,420.085604065158
5.24425377208417,419.978483578646,393.276056250024,419.978483578646
5.24611606277946,419.871385837248,393.182896534608,419.871385837248
5.24797887754382,419.764314075569,393.089874596703,419.764314075569
5.24984217197925,419.657271309157,392.996983240795,419.657271309157
5.25170590497185,419.550260321629,392.90421589621,419.550260321629
5.25357003926,419.443283635656,392.811566501302,419.443283635656
5.25543454155936,419.336343509156,392.719029455224,419.336343509156
5.25729938000088,419.22944208556,392.62659979372,419.22944208556
5.25916452586033,419.122581297638,392.534272891999,419.122581297638
5.26102995234388,419.01576293959,392.442044579694,419.01576293959
5.26289563868932,418.908988434577,392.349910703163,418.908988434577
5.26476155966653,418.80225943817,392.257868148312,418.80225943817
5.26662769691478,418.695577192044,392.165913440913,418.695577192044
5.26849403270862,418.588942881624,392.074043642558,418.588942881624
5.27036055052861,418.482357605806,391.982256077646,418.482357605806
5.27222723362814,418.375822460332,391.890548430042,418.375822460332
5.27409406996287,418.269338257672,391.798918238749,418.269338257672
5.27596104806645,418.162905763528,391.707363411723,418.162905763528
5.27782815493822,418.056525818979,391.615882250366,418.056525818979
5.27969537875331,417.950199187024,391.524473102158,417.950199187024
5.28156271309678,417.843926311976,391.433134071591,417.843926311976
5.28343014900449,417.737707773647,391.341863858437,417.737707773647
5.28529767766663,417.631544134937,391.250661228538,417.631544134937
5.28716529200512,417.525435852458,391.159524936401,417.525435852458
5.28903298637576,417.41938329405,391.068453806177,417.41938329405
5.29090075409751,417.31338687995,390.977446928304,417.31338687995
5.29276859123355,417.207446868791,390.886503232014,417.207446868791
5.29463649250778,417.101563589685,390.795621957607,417.101563589685
5.29650445192239,416.995737407956,390.704802455889,416.995737407956
5.29837246793471,416.889968431895,390.614043746314,416.889968431895
5.30024053708745,416.784256873901,390.523345249284,416.784256873901
5.30210865520049,416.678602983894,390.432706459803,416.678602983894
5.30397681903835,416.573006955019,390.342126820428,416.573006955019
5.30584502815654,416.467468819368,390.251605623715,416.467468819368
5.30771327764646,416.361988858439,390.161142701156,416.361988858439
5.30958156751616,416.256567073784,390.070737357039,416.256567073784
5.31144989600315,416.151203564215,389.980389255554,416.151203564215
5.31331826022896,416.045898489659,389.890098146233,416.045898489659
5.31518666019192,415.94065184595,389.79986352264,415.94065184595
5.31705509364844,415.835463753332,389.709685203001,415.835463753332
5.31892356057158,415.730334205806,389.619562774383,415.730334205806
5.32079205800463,415.625263360722,389.529496173511,415.625263360722
5.32266058673157,415.520251163835,389.439484943787,415.520251163835
5.32452914432038,415.41529774025,389.349529051328,415.41529774025
5.32639773286712,415.31040295976,389.259627993949,415.31040295976
5.32826635075926,415.205566899216,389.169781758129,415.205566899216
5.33013499815883,415.100789535346,389.079990076366,415.100789535346
5.33200367319735,414.996070957862,388.990252920578,414.996070957862
5.33387237576251,414.891411157374,388.900570059064,414.891411157374
5.33574110696072,414.786810055332,388.810941227957,414.786810055332
5.33760986553448,414.68226770496,388.721366425512,414.68226770496
5.33947865332798,414.577783985547,388.631845317483,414.577783985547
5.34134746792252,414.473359014186,388.542378043653,414.473359014186
5.34321631042208,414.368992710888,388.452964310342,414.368992710888
5.34508518076374,414.264685060143,388.363604044452,414.264685060143
5.34695407883451,414.160436049006,388.274297153721,414.160436049006
5.3488230051452,414.056245629402,388.185043495063,414.056245629402
5.35069195977298,413.952113777123,388.095842990303,413.952113777123
5.35256094132679,413.848040549601,388.006695676227,413.848040549601
5.35442995346323,413.744025722845,387.917601116709,413.744025722845
5.35629899510691,413.640069335868,387.828559455939,413.640069335868
5.35816806573437,413.536171397272,387.739570641203,413.536171397272
5.36003716464601,413.432331925165,387.650634641983,413.432331925165
5.36190629397818,413.328550779768,387.561751188706,413.328550779768
5.36377545366593,413.224827943292,387.47292030225,413.224827943292
5.36564464395546,413.121163380815,387.384141910682,413.121163380815
5.367513864694,413.017557079428,387.29541598183,413.017557079428
5.36938311721491,412.914008943727,387.206742348093,412.914008943727
5.37125240047867,412.810519009659,387.118121094464,412.810519009659
5.37312171653237,412.707087142296,387.029551970158,412.707087142296
5.3749910646212,412.603713361566,386.941035063275,412.603713361566
5.37686044392119,412.50039769141,386.852570378078,412.50039769141
5.3787298582482,412.397139899062,386.764157523161,412.397139899062
5.38059930563247,412.293940071231,386.6757967564,412.293940071231
5.38246878864256,412.190798044449,386.587487767603,412.190798044449
5.38433830389946,412.087713983215,386.499230885042,412.087713983215
5.38620785588328,411.984687618784,386.411025586584,411.984687618784
5.38807744180147,411.881719082829,386.322872217322,411.881719082829
5.3899470640962,411.778808219135,386.234770454238,411.778808219135
5.39181672129266,411.675955086784,386.146720463785,411.675955086784
5.39368641603888,411.573159518218,386.058721948255,411.573159518218
5.39555614860089,411.470421476655,385.9707749435,411.470421476655
5.39742591771406,411.36774100976,385.882879540158,411.36774100976
5.39929572475681,411.265118020029,385.795035548548,411.265118020029
5.40116556910658,411.162552519607,385.707243033487,411.162552519607
5.40303545207334,411.060044414727,385.619501838421,411.060044414727
5.40490537576055,410.957593567984,385.531811805275,410.957593567984
5.40677533942468,410.855199998151,385.444173045568,410.855199998151
5.40864534222687,410.752863729508,385.356585579715,410.752863729508
5.41051538686614,410.650584592535,385.269049124344,410.650584592535
5.41238546950426,410.548362775243,385.18156405878,410.548362775243
5.41425559553711,410.446197961022,385.094129783729,410.446197961022
5.41612576314267,410.344090227187,385.00674660054,410.344090227187
5.41799597336836,410.242039495001,384.919414348634,410.242039495001
5.41986622722167,410.14004568769,384.83213295005,410.14004568769
5.42173652252282,410.038108902466,384.74490259451,410.038108902466
5.42360686248585,409.936228942574,384.657722917707,409.936228942574
5.42547724757484,409.834405760782,384.570593961798,409.834405760782
5.42734767697085,409.732639380124,384.483515794121,409.732639380124
5.42921815126879,409.630929746764,384.396488312409,409.630929746764
5.43108866985239,409.529276872625,384.309511558282,409.529276872625
5.43295923597941,409.427680559053,384.222585219718,409.427680559053
5.43482984828013,409.326140858717,384.135709495818,409.326140858717
5.43670050720332,409.22465772596,384.048884286479,409.22465772596
5.43857121332842,409.123231107864,383.962109530188,409.123231107864
5.44044196805467,409.021860907065,383.875385108969,409.021860907065
5.4423127708361,408.920547131703,383.78871109302,408.920547131703
5.4441836228053,408.819289699157,383.70208735029,408.819289699157
5.44605452306712,408.718088636523,383.615513966006,408.718088636523
5.44792547360757,408.616943815114,383.528990725626,408.616943815114
5.4497964733054,408.515855274155,383.442517761737,408.515855274155
5.45166752476212,408.414822851894,383.356094805487,408.414822851894
5.45353862690538,408.313846584883,383.269722006744,408.313846584883
5.45540978020705,408.212926426632,383.183399272945,408.212926426632
5.45728098643173,408.112062260762,383.097126449809,408.112062260762
5.45915224410226,408.011254145734,383.010903694914,408.011254145734
5.46102355383904,407.910502027198,382.924730887161,407.910502027198
5.46289491896106,407.809805705246,382.8386077512,407.809805705246
5.46476633575028,407.709165358817,382.752534680165,407.709165358817
5.46663780751818,407.60858078912,382.666511263462,407.60858078912
5.46850933313271,407.508052035792,382.580537671493,407.508052035792
5.47038091407155,407.407578998617,382.494613731523,407.407578998617
5.47225255048846,407.307161648345,382.408739455288,407.307161648345
5.47412424163232,407.206800004465,382.322914888597,407.206800004465
5.47599598950007,407.106493939076,382.237139821151,407.106493939076
5.47786779392836,407.006243439966,382.151414308944,407.006243439966
5.4797396556626,406.906048446476,382.065738268845,406.906048446476
5.48161157563901,406.80590888771,381.980111627513,406.80590888771
5.48348355456556,406.705824705066,381.894534339215,406.705824705066
5.48535559158663,406.60579592369,381.80900647603,406.60579592369
5.48722768715831,406.505822498704,381.723527949738,406.505822498704
5.48909984137312,406.405904404528,381.638098741589,406.405904404528
5.49097205479542,406.306041590422,381.552718786859,406.306041590422
5.49284432791692,406.206234009519,381.467388042364,406.206234009519
5.49471666268565,406.106481537343,381.3821063481,406.106481537343
5.49658905888351,406.006784164918,381.296873767244,406.006784164918
5.49846151608003,405.907141894837,381.211690309229,405.907141894837
5.50033403368365,405.807554738252,381.126555981612,405.807554738252
5.50220661567609,405.708022462911,381.041470421941,405.708022462911
5.5040792594536,405.608545186622,380.956433949323,405.608545186622
5.50595196688722,405.509122789912,380.871446314583,405.509122789912
5.5078247384302,405.409755228282,380.786507514892,405.409755228282
5.50969757264084,405.310442558025,380.701617662055,405.310442558025
5.5115704705874,405.211184702352,380.616776599657,405.211184702352
5.51344343418128,405.111981539561,380.531984184983,405.111981539561
5.51531646339336,405.012833050875,380.447240466326,405.012833050875
5.51718955707582,404.91373927701,380.362545516622,404.91373927701
5.51906271852816,404.814700023318,380.277899012444,404.814700023318
5.52093594488244,404.715715421191,380.193301266573,404.715715421191
5.52280923759363,404.61678537392,380.108752052644,404.61678537392
5.52468259926809,404.517909723595,380.024251183124,404.517909723595
5.52655602740076,404.419088582335,379.939798926082,404.419088582335
5.52842952384606,404.320321832561,379.855395035116,404.320321832561
5.5303030896778,404.221609397541,379.771039458458,404.221609397541
5.53217672493748,404.122951255151,379.686732212216,404.122951255151
5.53405042814636,404.024347463499,379.602473394714,404.024347463499
5.53592420165885,403.925797878899,379.518262747435,403.925797878899
5.53779804484213,403.827302514619,379.434100372698,403.827302514619
5.53967195827239,403.728861320631,379.349986188166,403.728861320631
5.54154594274492,403.630474235319,379.26592012676,403.630474235319
5.54341999910924,403.532141194271,379.181902128104,403.532141194271
5.54529412677918,403.433862208529,379.09793224701,403.433862208529
5.54716832778162,403.33563715216,379.014010285096,403.33563715216
5.5490426016979,403.237466027363,378.930136319708,403.237466027363
5.55091694860232,403.139348810751,378.846310314436,403.139348810751
5.55279136815168,403.041285500759,378.762532274678,403.041285500759
5.55466586235565,402.943275972661,378.678802009333,402.943275972661
5.55654042945361,402.845320298884,378.595119700224,402.845320298884
5.55841507100145,402.747418378726,378.511485150165,402.747418378726
5.56028978784696,402.649570148251,378.427898318242,402.649570148251
5.56216457986326,402.551775594583,378.344359225455,402.551775594583
5.56403944907328,402.454034592774,378.26086769106,402.454034592774
5.56591439372667,402.356347214639,378.177423896962,402.356347214639
5.56778941433457,402.258713414374,378.094027728086,402.258713414374
5.56966451285577,402.161133070539,378.010679022043,402.161133070539
5.57153968798173,402.063606231823,377.927377925551,402.063606231823
5.57341494054306,401.966132835862,377.84412431417,401.966132835862
5.57529027180668,401.868712797439,377.760918091842,401.868712797439
5.57716568095202,401.771346139899,377.677759345086,401.771346139899
5.5790411714356,401.674032664597,377.594647761257,401.674032664597
5.58091673896547,401.576772574987,377.511583763973,401.576772574987
5.58279238630411,401.479565708995,377.428566983877,401.479565708995
5.58466811377227,401.382412030598,377.345597453993,401.382412030598
5.58654392180517,401.285311498136,377.262675137663,401.285311498136
5.58841981113772,401.188264054486,377.179799972716,401.188264054486
5.59029578205704,401.091269665744,377.096971941331,401.091269665744
5.59217183508483,400.994328285962,377.014190993521,400.994328285962
5.59404796981844,400.897439917001,376.931457156831,400.897439917001
5.59592418608006,400.800604549169,376.848770411081,400.800604549169
5.5978004856704,400.703822070551,376.766130588971,400.703822070551
5.59967687033453,400.607092372054,376.683537594748,400.607092372054
5.60155333718728,400.510415583591,376.600991692174,400.510415583591
5.60342988811633,400.413791589317,376.518492624093,400.413791589317
5.60530652267199,400.317220393415,376.436040457337,400.317220393415
5.60718324255884,400.220701889358,376.353635030258,400.220701889358
5.60906004679789,400.124236108635,376.271276452158,400.124236108635
5.61093693750963,400.027822923564,376.188964512214,400.027822923564
5.61281391299095,399.931462402831,376.106699386961,399.931462402831
5.61469097549805,399.835154412026,376.024480832481,399.835154412026
5.61656812383696,399.738898993618,375.942308988559,399.738898993618
5.61844536028418,399.642696012305,375.860183627393,399.642696012305
5.6203226833041,399.54654552808,375.778104916991,399.54654552808
5.62220009508673,399.450447410309,375.696072625237,399.450447410309
5.62407759405037,399.354401721307,375.614086919424,399.354401721307
5.62595518252843,399.258408323282,375.532147554982,399.258408323282
5.62783285965454,399.162467241899,375.45025464936,399.162467241899
5.62971062602636,399.066578428256,375.36840811426,399.066578428256
5.63158848183974,398.970741853881,375.286607931145,398.970741853881
5.63346642650354,398.874957530533,375.204854131774,398.874957530533
5.63534446218989,398.779225328993,375.123146511728,398.779225328993
5.63722258884934,398.683545233236,375.041485123879,398.683545233236
5.63910080650941,398.587917223577,374.959869950305,398.587917223577
5.64097911532135,398.492341274031,374.878300959743,398.492341274031
5.64285751685879,398.396817286196,374.796778017394,398.396817286196
5.64473601017065,398.301345290119,374.715301226499,398.301345290119
5.64661459593709,398.205925233095,374.633870488404,398.205925233095
5.64849327451769,398.11055707859,374.552485774825,398.11055707859
5.6503720458813,398.015240809978,374.471147081013,398.015240809978
5.65225091197075,397.919976310479,374.389854240247,397.919976310479
5.65412987179592,397.824763612071,374.308607370186,397.824763612071
5.65600892429061,397.729602750824,374.227406503664,397.729602750824
5.65788807172546,397.634493593634,374.146251411616,397.634493593634
5.65976731545683,397.539436053527,374.065142042701,397.539436053527
5.66164665562279,397.444430105435,373.984078417527,397.444430105435
5.66352609190689,397.349475747462,373.903060548456,397.349475747462
5.66540562337082,397.25457300917,373.822088475266,397.25457300917
5.66728525160916,397.15972179212,373.741162026098,397.15972179212
5.66916497563348,397.064922128133,373.660281303468,397.064922128133
5.6710447973932,396.970173900985,373.5794461137,396.970173900985
5.67292471808957,396.87547703205,373.498656407781,396.87547703205
5.67480473554348,396.780831613272,373.417912373111,396.780831613272
5.67668485247688,396.686237489926,373.337213719213,396.686237489926
5.67856506812182,396.591694682667,373.25656056518,396.591694682667
5.68044538187862,396.49720320399,373.17595291821,396.49720320399
5.68232579512937,396.402762966683,373.095390633718,396.402762966683
5.6842063088195,396.30837390537,373.014873664128,396.30837390537
5.68608692193154,396.214036053394,372.934402099818,396.214036053394
5.68796763573035,396.119749329684,372.853975796783,396.119749329684
5.68984845045175,396.025513704647,372.773594755493,396.025513704647
5.69172936687784,395.931329121443,372.693258909155,395.931329121443
5.69361038480439,395.83719557267,372.612968279177,395.83719557267
5.69549150323116,395.743113090866,372.532722915328,395.743113090866
5.69737272548226,395.649081492175,372.452522518574,395.649081492175
5.69925404876578,395.555100898421,372.372367380007,395.555100898421
5.701135476089,395.461171142014,372.292257177027,395.461171142014
5.70301700651561,395.367292251995,372.21219204828,395.367292251995
5.70489863939701,395.273464243378,372.132172000069,395.273464243378
5.70678037666145,395.179687002535,372.052196847049,395.179687002535
5.70866221902588,395.08596047612,371.972266576622,395.08596047612
5.71054416403186,394.992284769223,371.892381379002,394.992284769223
5.71242621620401,394.898659639307,371.812540824659,394.898659639307
5.71430837256785,394.805085216719,371.73274525106,394.805085216719
5.71619063535616,394.711561373344,371.652994391838,394.711561373344
5.71807300327377,394.618088156093,371.573288386097,394.618088156093
5.71995547840198,394.524665444379,371.49362702585,394.524665444379
5.72183805956138,394.431293279347,371.414010441373,394.431293279347
5.72372074740756,394.337971611327,371.334438533168,394.337971611327
5.72560354337862,394.244700351707,371.254911194186,394.244700351707
5.7274864457012,394.151479571087,371.175428582583,394.151479571087
5.72936945766677,394.058309089384,371.095990385726,394.058309089384
5.7312525769331,393.965189005161,371.016596855709,393.965189005161
5.73313580532797,393.872119211068,370.937247774141,393.872119211068
5.73501914307565,393.779099678767,370.85794315724,393.779099678767
5.7369025896732,393.686130416035,370.77868303447,393.686130416035
5.73878614633122,393.593211346073,370.699467283159,393.593211346073
5.74066981317242,393.500342445695,370.620295912171,393.500342445695
5.74255359027187,393.407523694194,370.541168904169,393.407523694194
5.74443747741571,393.314755085125,370.462086258416,393.314755085125
5.74632147645739,393.222036510196,370.383047814322,393.222036510196
5.74820558576663,393.129368032593,370.304053729499,393.129368032593
5.7500898068232,393.036749562689,370.225103830995,393.036749562689
5.75197414077929,392.944181026772,370.146198058596,392.944181026772
5.75385858808041,392.851662386009,370.067336401597,392.851662386009
5.75574314697006,392.759193709869,369.988518986008,392.759193709869
5.75762781790911,392.666774959033,369.909745705086,392.666774959033
5.759512602725,392.574406026918,369.831016416937,392.574406026918
5.76139750203856,392.482086866122,369.752331116631,392.482086866122
5.76328251547574,392.389817478204,369.67368983749,392.389817478204
5.76516764367675,392.297597815144,369.595092504675,392.297597815144
5.76705288691015,392.205427847056,369.516539098992,392.205427847056
5.76893824324609,392.113307651642,369.438029750876,392.113307651642
5.77082371610511,392.0212370451,369.359564134918,392.0212370451
5.7727093040447,391.929216080945,369.281142438429,391.929216080945
5.77459500672307,391.837244759341,369.202764631537,391.837244759341
5.77648082750912,391.745322899245,369.124430438908,391.745322899245
5.77836676416372,391.65345059301,369.046140107496,391.65345059301
5.78025281781091,391.561627769484,368.967893477283,391.561627769484
5.78213898859157,391.469854405152,368.889690548809,391.469854405152
5.78402527882006,391.378130370802,368.811531144658,391.378130370802
5.78591168633845,391.286455754801,368.733415474082,391.286455754801
5.78779821194043,391.194830502285,368.655343400642,391.194830502285
5.78968485718755,391.103254520834,368.577314812859,391.103254520834
5.79157162053987,391.011727868692,368.49932985304,391.011727868692
5.79345850296648,390.920250482524,368.42138838988,390.920250482524
5.79534550441475,390.82882234837,368.343490434735,390.82882234837
5.79723262667447,390.737443363052,368.265635842308,390.737443363052
5.79911986824751,390.646113582657,368.187824757011,390.646113582657
5.80100723110776,390.554832895387,368.110056978198,390.554832895387
5.80289471365391,390.463601362251,368.032332659069,390.463601362251
5.80478231860763,390.372418835435,367.95465154306,390.372418835435
5.80667004435394,390.281285376507,367.87701380721,390.281285376507
5.80855789194816,390.190200918372,367.799419315495,390.190200918372
5.81044586244764,390.099165393658,367.721868003166,390.099165393658
5.81233395539006,390.008178808399,367.644359920348,390.008178808399
5.81422217042538,389.917241163338,367.566895062481,389.917241163338
5.81611050709005,389.826352464635,367.489473432147,389.826352464635
5.81799896768556,389.73551258525,367.412094832677,389.73551258525
5.8198875515502,389.644721540665,367.334759362815,389.644721540665
5.82177626055741,389.553979224702,367.257466858084,389.553979224702
5.82366509403077,389.46328565367,367.180217404753,389.46328565367
5.8255540522983,389.372640795839,367.10301094581,389.372640795839
5.82744313522172,389.282044641792,367.025847481376,389.282044641792
5.8293323423875,389.191497195333,366.948727019011,389.191497195333
5.83122167772134,389.100998252189,366.871649250868,389.100998252189
5.83311113719423,389.0105479892,366.794614562679,389.0105479892
5.83500072251173,388.920146309035,366.717622703342,388.920146309035
5.8368904338187,388.829793188605,366.640673686471,388.829793188605
5.83878027277309,388.739488532597,366.563767386213,388.739488532597
5.84067023924832,388.649232331029,366.486903845427,388.649232331029
5.84256033233875,388.559024611326,366.410083110714,388.559024611326
5.84445055349022,388.468865288629,366.33330503489,388.468865288629
5.84634090205514,388.378754377854,366.256569687284,388.378754377854
5.84823137896375,388.288691818821,366.179876969033,388.288691818821
5.85012198440236,388.198677586732,366.103226876339,388.198677586732
5.85201271994482,388.108711590794,366.026619289633,388.108711590794
5.8539035846008,388.018793862293,365.950054309316,388.018793862293
5.85579457732325,387.928924435389,365.873531964976,387.928924435389
5.85768569980485,387.839103213874,365.797052086224,387.839103213874
5.85957695357994,387.749330108917,365.720614596987,387.749330108917
5.86146833676789,387.659605194028,365.644219662276,387.659605194028
5.86335985079307,387.569928386059,365.567867112596,387.569928386059
5.86525149638187,387.480299634751,365.491556918219,387.480299634751
5.86714327275335,387.390718961426,365.415289141704,387.390718961426
5.86903518111716,387.301186293203,365.339063659985,387.301186293203
5.87092722073479,387.211701649332,365.262880541606,387.211701649332
5.87281939247423,387.122264973178,365.186739689646,387.122264973178
5.87471169688643,387.032876223012,365.110641073006,387.032876223012
5.87660413433876,386.943535365863,365.03458466786,386.943535365863
5.87849670469334,386.854242392687,364.958570479232,386.854242392687
5.88038940843248,386.764997265203,364.882598453302,386.764997265203
5.88228224697631,386.67579990087,364.806668488736,386.67579990087
5.88417521901851,386.586650345722,364.730780702803,386.586650345722
5.88606832646293,386.497548494712,364.654934911136,386.497548494712
5.88796156718768,386.408494432192,364.579131297065,386.408494432192
5.88985494241281,386.319488085455,364.503369700064,386.319488085455
5.89174845349486,386.230529375131,364.427650040713,386.230529375131
5.89364209964273,386.141618322902,364.351972400309,386.141618322902
5.89553588151981,386.052754882289,364.27633669621,386.052754882289
5.89742980057856,385.963938969685,364.200742829399,385.963938969685
5.89932385394034,385.87517070473,364.125191026052,385.87517070473
5.90121804603026,385.786449864789,364.049680882568,385.786449864789
5.90311237434065,385.697776551747,363.974212679379,385.697776551747
5.90500683969004,385.609150712199,363.898786279594,385.609150712199
5.90690144305875,385.520572284914,363.823401617429,385.520572284914
5.90879618409525,385.432041271013,363.748058731132,385.432041271013
5.91069106183039,385.343557700594,363.672757662385,385.343557700594
5.91258607856367,385.25512145102,363.597498207124,385.25512145102
5.91448123375416,385.166732532138,363.522280451574,385.166732532138
5.9163765291589,385.078390846824,363.447104248783,385.078390846824
5.91827196364443,384.990096432688,363.371969710704,384.990096432688
5.92016753697629,384.901849285631,363.296876807229,384.901849285631
5.92206325128988,384.813649291058,363.221825366055,384.813649291058
5.92395910484485,384.725496514722,363.146815551743,384.725496514722
5.9258550993808,384.637390860734,363.071847182945,384.637390860734
5.92775123502455,384.549332307988,362.996920281714,384.549332307988
5.92964751052253,384.461320899685,362.922034924697,384.461320899685
5.9315439285532,384.373356496478,362.847190876534,384.373356496478
5.93344048713688,384.285439175016,362.772388331168,384.285439175016
5.93533718891435,384.197568797965,362.697627040966,384.197568797965
5.93723403087476,384.109745489707,362.622907266916,384.109745489707
5.939131016027,384.021969096078,362.548228705991,384.021969096078
5.94102814401155,383.934239618506,362.473591447478,383.934239618506
5.94292541553975,383.846557009184,362.398995423613,383.846557009184
5.94482282882436,383.758921335803,362.324440759299,383.758921335803
5.94672038662665,383.671332455956,362.249927200381,383.671332455956
5.94861808787243,383.583790404137,362.17545487979,383.583790404137
5.95051593354156,383.496295120337,362.101023690299,383.496295120337
5.95241392376101,383.40884658378,362.026633633395,383.40884658378
5.95431205926225,383.321444745915,361.952284649467,383.321444745915
5.95621033841319,383.234089667082,361.877976853984,383.234089667082
5.95810876308957,383.146781246206,361.803710058208,383.146781246206
5.96000733333112,383.059519466494,361.729484294048,383.059519466494
5.96190604889529,382.972304324323,361.655299567364,382.972304324323
5.96380491051982,382.885135771033,361.581155805625,382.885135771033
5.9657039174211,382.798013827794,361.507053066136,382.798013827794
5.96760307134909,382.710938399567,361.432991194224,382.710938399567
5.96950237434361,382.62390937793,361.358970086327,382.62390937793
5.97140182356565,382.536926878287,361.28498998051,382.536926878287
5.97330142079198,382.449990804822,361.211050664106,382.449990804822
5.9752011644248,382.363101215906,361.137152272405,382.363101215906
5.97710105608137,382.276258022964,361.063294638576,382.276258022964
5.97900109533466,382.189461230725,360.98947781836,382.189461230725
5.98090128462211,382.102710713178,360.915701624588,382.102710713178
5.98280162143031,382.016006570377,360.84196627903,382.016006570377
5.98470210825057,381.929348674209,360.768271532637,381.929348674209
5.9866027434484,381.84273708449,360.694617544486,381.84273708449
5.98850352888202,381.756171702057,360.62100413337,381.756171702057
5.99040446396664,381.669652538881,360.547431372315,381.669652538881
5.99230555009736,381.583179516971,360.473899140164,381.583179516971
5.99420678624721,381.496752668489,360.400407528375,381.496752668489
5.99610817279982,381.410371961592,360.326956469183,381.410371961592
5.99800971106925,381.324037322036,360.253545868116,381.324037322036
5.99991140121297,381.237748728137,360.180175737675,381.237748728137
6.00181324239342,381.151506203517,360.1068461254,381.151506203517
6.00371523601337,381.065309670187,360.033556898885,381.065309670187
6.00561738072622,380.979159174702,359.960308169641,380.979159174702
6.00751967630676,380.893054712943,359.887099901273,380.893054712943
6.00942212648474,380.806996101562,359.813931821976,380.806996101562
6.01132472864027,380.720983444509,359.740804195719,380.720983444509
6.01322748454347,380.635016647596,359.667716824086,380.635016647596
6.01513039398709,380.549095705744,359.594669749774,380.549095705744
6.01703345742351,380.463220584241,359.521662925308,380.463220584241
6.01893667404448,380.377391305266,359.448696400849,380.377391305266
6.0208400455514,380.291607777812,359.375770026653,380.291607777812
6.0227435727484,380.205869951239,359.30288378103,380.205869951239
6.02464725280913,380.120177938659,359.230037861177,380.120177938659
6.0265510881686,380.034531616352,359.157232012872,380.034531616352
6.0284550792112,379.948930952569,359.084466257966,379.948930952569
6.03035922674859,379.863375896582,359.011740544466,379.863375896582
6.03226352785317,379.77786656579,358.939055073112,379.77786656579
6.03416798674752,379.692402756481,358.866409470382,379.692402756481
6.03607260249201,379.606984496373,358.793803895502,379.606984496373
6.03797737430026,379.521611806737,358.721238367742,379.521611806737
6.03988230219667,379.43628467241,358.648712845792,379.43628467241
6.04178738804972,379.351002995493,358.576227190721,379.351002995493
6.04369263089446,379.265766804965,358.503781503175,379.265766804965
6.04559803127813,379.180576062319,358.431375709335,379.180576062319
6.04750358995406,379.095430719734,358.359009758143,379.095430719734
6.04940930647833,379.01033078295,358.286683685701,379.01033078295
6.05131518079021,378.925276240663,358.214397469927,378.925276240663
6.05322121518303,378.840266976425,358.1421509437,378.840266976425
6.05512740900901,378.755303004995,358.069944198556,378.755303004995
6.0570337616092,378.670384341872,357.997777249237,378.670384341872
6.05894027343833,378.585510952863,357.925650030895,378.585510952863
6.06084694515264,378.500682794715,357.853562496735,378.500682794715
6.06275377731049,378.415899828565,357.781514614916,378.415899828565
6.06466076957717,378.331162055342,357.709506409353,378.331162055342
6.06656792174573,378.246469470351,357.637537870201,378.246469470351
6.06847523370302,378.161822064687,357.565608982946,378.161822064687
6.07038270792141,378.077219714623,357.493719569026,378.077219714623
6.07229034263586,377.992662484424,357.421869796596,377.992662484424
6.07419813844438,377.908150333827,357.35005956839,377.908150333827
6.07610609779041,377.823683140616,357.278288724632,377.823683140616
6.07801421915226,377.739260958221,357.20655741806,377.739260958221
6.0799225026523,377.654883767571,357.134865588978,377.654883767571
6.08183094881353,377.570551531715,357.063213188577,377.570551531715
6.0837395590048,377.486264176304,356.991600128456,377.486264176304
6.08564833081122,377.402021794197,356.92002658826,377.402021794197
6.08755726653649,377.317824270061,356.848492340881,377.317824270061
6.08946636517632,377.233671634268,356.776997494438,377.233671634268
6.09137562773666,377.149563828764,356.705541946709,377.149563828764
6.09328505543635,377.065500786016,356.63412563073,377.065500786016
6.09519464777488,376.981482514312,356.562748599924,376.981482514312
6.09710440389217,376.897509037894,356.491410883441,376.897509037894
6.0990143242823,376.813580321382,356.420112409652,376.813580321382
6.1009244102249,376.729696294759,356.348853093515,376.729696294759
6.10283466153164,376.645856952535,356.277632968941,376.645856952535
6.1047450776972,376.562062303274,356.206452051286,376.562062303274
6.106655660438,376.478312258035,356.135310202016,376.478312258035
6.1085664104172,376.394606774,356.064207410498,376.394606774
6.11047732580593,376.31094591774,355.993143800746,376.31094591774
6.11238840792836,376.227329617801,355.922119224775,376.227329617801
6.1142996560998,376.143757890456,355.851133743599,376.143757890456
6.11621107339057,376.060230587845,355.780187131474,376.060230587845
6.11812265798376,375.97674777569,355.709279572506,375.97674777569
6.12003440907176,375.893309475929,355.63841106013,375.893309475929
6.12194632891409,375.809915576402,355.567581410099,375.809915576402
6.12385841641947,375.726566111055,355.496790736969,375.726566111055
6.1257706727589,375.643261015404,355.426038927183,375.643261015404
6.1276830952502,375.56000039278,355.35532616569,375.56000039278
6.12959568726894,375.476784082782,355.284652153308,375.476784082782
6.13150844952783,375.393612040636,355.214016917254,375.393612040636
6.13342138131035,375.310484284073,355.143420515539,375.310484284073
6.13533448322931,375.227400773128,355.072862877361,375.227400773128
6.13724775456152,375.144361525802,355.002344048772,375.144361525802
6.13916119570194,375.061366511594,354.931863971686,375.061366511594
6.14107480687583,374.978415707283,354.861422626541,374.978415707283
6.14298858786444,374.895509108929,354.791020019603,374.895509108929
6.14490254162385,374.812646575025,354.72065594531,374.812646575025
6.14681666602424,374.729828184313,354.650330603385,374.729828184313
6.14873096076398,374.647053936701,354.580043946911,374.647053936701
6.15064542705624,374.564323766362,354.509795872404,374.564323766362
6.15256006455069,374.481637674999,354.439586419483,374.481637674999
6.15447487560488,374.398995547446,354.36941541947,374.398995547446
6.15638985821844,374.316397456665,354.299283046811,374.316397456665
6.15830501384341,374.233843326883,354.229189147248,374.233843326883
6.1602203430507,374.151333120128,354.159133705823,374.151333120128
6.16213584347275,374.068866925187,354.089116874552,374.068866925187
6.1640515193876,373.98644454469,354.01913830929,373.98644454469
6.16596736804392,373.90406608358,353.949198278009,373.90406608358
6.16788338972574,373.821731516648,353.879296683619,373.821731516648
6.16979958621929,373.739440753846,353.809433402447,373.739440753846
6.17171595671942,373.657193816457,353.739608519012,373.657193816457
6.17363250228321,373.574990645992,353.669821935745,373.574990645992
6.17554922151514,373.492831289117,353.600073752057,373.492831289117
6.17746611676541,373.410715631974,353.530363772357,373.410715631974
6.17938318670667,373.32864371816,353.460692125213,373.32864371816
6.18130043224865,373.246615495688,353.391058709424,373.246615495688
6.18321785249325,373.164630989818,353.321463588227,373.164630989818
6.18513544904847,373.082690118689,353.251906625604,373.082690118689
6.18705322288845,373.000792827446,353.182387788596,373.000792827446
6.18897117219881,372.918939180515,353.112907205072,372.918939180515
6.19088929880422,372.837129087061,353.043464701764,372.837129087061
6.19280760239581,372.755362547092,352.974060328577,372.755362547092
6.19472608110767,372.673639627174,352.90469418212,372.673639627174
6.1966447391203,372.591960136183,352.835365940058,372.591960136183
6.19856357429573,372.510324151884,352.766075827949,372.510324151884
6.20048258629791,372.42873167576,352.696823804461,372.42873167576
6.20240177759324,372.347182589895,352.627609690479,372.347182589895
6.20432114619218,372.265676965729,352.558433659249,372.265676965729
6.20624069457727,372.184214684966,352.489295496646,372.184214684966
6.20816042195808,372.102795768072,352.420195299341,372.102795768072
6.21008032848067,372.021420196014,352.351133028603,372.021420196014
6.21200041408504,371.94008795842,352.282108676475,371.94008795842
6.21392067896667,371.858799034094,352.213122215574,371.858799034094
6.21584112341704,371.777553397758,352.14417361921,371.777553397758
6.21776174653585,371.696351074584,352.075262936772,371.696351074584
6.21968255035616,371.615191965697,352.006390006901,371.615191965697
6.22160353482268,371.5340760604,351.937554871281,371.5340760604
6.22352470143313,371.453003282595,351.868757427729,371.453003282595
6.22544604802058,371.371973710893,351.799997834437,371.371973710893
6.22736757450308,371.290987336079,351.731276028265,371.290987336079
6.22928928352515,371.210044033761,351.662591827402,371.210044033761
6.2312111730692,371.129143875962,351.593945410491,371.129143875962
6.23313324396577,371.04828681503,351.525336665828,371.04828681503
6.23505549760409,370.967472779608,351.45676551304,370.967472779608
6.2369779335406,370.886701775488,351.388232003684,370.886701775488
6.23890055213893,370.805973774674,351.31973609346,370.805973774674
6.24082335474658,370.725288707808,351.251277695646,370.725288707808
6.2427463379715,370.644646704507,351.182857038279,370.644646704507
6.24466950612391,370.564047571393,351.11447376019,370.564047571393
6.24659285779636,370.48349135447,351.046128039005,370.48349135447
6.24851639254763,370.402978059657,350.977819859857,370.402978059657
6.25044011192228,370.322507609606,350.909549101524,370.322507609606
6.25236401473143,370.242080041292,350.841315861527,370.242080041292
6.25428810203136,370.161695297936,350.773120034632,370.161695297936
6.2562123732439,370.081353390957,350.704961667377,370.081353390957
6.25813682910492,370.001054276975,350.63684068888,370.001054276975
6.26006147019824,369.920797918901,350.568757068602,369.920797918901
6.26198629783749,369.840584249271,350.500710730834,369.840584249271
6.26391130968554,369.760413352874,350.432701838287,369.760413352874
6.26583650804602,369.680285121277,350.364730180773,369.680285121277
6.26776189264718,369.600199553047,350.296795816214,369.600199553047
6.2696874631147,369.520156651227,350.228898751204,369.520156651227
6.27161321939217,369.440156405614,350.16103896551,369.440156405614
6.27353916262779,369.360198755899,350.093216374498,369.360198755899
6.27546529440468,369.280283623701,350.025430899691,369.280283623701
6.27739161181361,369.200411117203,349.957682745412,369.200411117203
6.27931811492553,369.120581221122,349.889971821809,369.120581221122
6.28124480696936,369.040793788977,349.822297918202,369.040793788977
6.28317168680406,368.96104885531,349.754661173078,368.96104885531
6.28509875412777,368.881346420237,349.687061568586,368.881346420237
6.28702600921925,368.801686459746,349.619499064766,368.801686459746
6.28895345403777,368.722068880299,349.551973537917,368.722068880299
6.29088108829378,368.642493681307,349.48448504323,368.642493681307
6.29280890946721,368.562960954484,349.417033714,368.562960954484
6.29473691967557,368.483470600111,349.349619345343,368.483470600111
6.29666512023043,368.404022551457,349.282241895248,368.404022551457
6.29859351015625,368.324616836253,349.214901446551,368.324616836253
6.30052208976588,368.245253429292,349.147597945356,368.245253429292
6.30245085790186,368.1659323658,349.08033145304,368.1659323658
6.30437981748937,368.08665351305,349.013101753789,368.08665351305
6.30630896839576,368.007416863931,348.945908915125,368.007416863931
6.30823830983431,367.92822243848,348.878752973093,367.92822243848
6.31016784011299,367.849070293903,348.811633994217,367.849070293903
6.31209756247677,367.769960284715,348.744551728354,367.769960284715
6.31402747720093,367.690892387047,348.67750622569,367.690892387047
6.31595758219307,367.611866674375,348.610497610337,367.611866674375
6.31788787857417,367.532883088594,348.543525750372,367.532883088594
6.31981836779535,367.453941557873,348.476590571396,367.453941557873
6.32174904985511,367.3750420699,348.409692099663,367.3750420699
6.32367992289333,367.296184688488,348.342830434627,367.296184688488
6.32561098988773,367.217369279796,348.276005340735,367.217369279796
6.32754224900349,367.13859590629,348.209216984658,367.13859590629
6.32947370158536,367.059864500969,348.142465233678,367.059864500969
6.33140534790194,366.98117504055,348.075750089697,366.98117504055
6.33333718684203,366.902527558091,348.009071614199,366.902527558091
6.33526921833893,366.823922044132,347.942429770451,366.823922044132
6.33720144476058,366.745358390008,347.875824402862,366.745358390008
6.33913386554049,366.666836606399,347.809255591559,366.666836606399
6.34106647990734,366.588356712532,347.742723359256,366.588356712532
6.34299928937657,366.509918634692,347.676227583937,366.509918634692
6.34493229415746,366.43152235211,347.609768277105,366.43152235211
6.34686549315188,366.353167897193,347.543345498186,366.353167897193
6.34879888813442,366.274855185891,347.476959103586,366.274855185891
6.35073247709049,366.196584287584,347.410609240233,366.196584287584
6.35266626320525,366.118355061241,347.344295662523,366.118355061241
6.35460024431624,366.040167582063,347.278018559753,366.040167582063
6.35653442242588,365.962021757092,347.211777754503,365.962021757092
6.35846879584965,365.883917642196,347.145573378004,365.883917642196
6.36040336562144,365.805855183607,347.079405318799,365.805855183607
6.3623381319827,365.72783435939,347.013273572796,365.72783435939
6.36427309619542,365.649855106524,346.947178062111,365.649855106524
6.36620825704728,365.571917461766,346.88111887647,365.571917461766
6.36814361610572,365.494021349997,346.815095884498,365.494021349997
6.37007917383037,365.41616674059,346.749109083714,365.41616674059
6.37201492810016,365.338353706894,346.683158598375,365.338353706894
6.37395087966542,365.260582206832,346.617244320191,365.260582206832
6.37588703017315,365.18285216208,346.551366155809,365.18285216208
6.37782337903627,365.105163584096,346.485524168937,365.105163584096
6.37975992650164,365.027516451025,346.419718321463,365.027516451025
6.38169667178319,364.949910782386,346.353948651021,364.949910782386
6.38363361737033,364.872346466415,346.288214982484,364.872346466415
6.38557076215605,364.794823535343,346.222517427346,364.794823535343
6.3875081069198,364.717341946107,346.156855905532,364.717341946107
6.38944565000749,364.639901752906,346.091230516641,364.639901752906
6.39138339343336,364.562502863321,346.025641092665,364.562502863321
6.3933213369095,364.485145276768,345.960087684298,364.485145276768
6.3952594806474,364.407828972893,345.894570263596,364.407828972893
6.39719782502673,364.330553924613,345.829088801099,364.330553924613
6.39913637025268,364.253320111815,345.76364328224,364.253320111815
6.40107511689898,364.17612749973,345.69823366747,364.17612749973
6.40301406479397,364.098976083294,345.632859968616,364.098976083294
6.4049532139036,364.021865852014,345.56752217189,364.021865852014
6.40689256459202,363.944796779535,345.502220242739,363.944796779535
6.4088321167344,363.867768858928,345.436954184588,363.867768858928
6.41077187159235,363.79078202821,345.371723910694,363.79078202821
6.41271182753956,363.713836340044,345.306529532,363.713836340044
6.41465198868615,363.636931619596,345.241370764653,363.636931619596
6.41659235199088,363.560067975462,345.176247867114,363.560067975462
6.41853291783668,363.48324538091,345.111160738141,363.48324538091
6.42047368631299,363.406463820556,345.046109363752,363.406463820556
6.42241465823053,363.329723250479,344.981093688068,363.329723250479
6.42435583484454,363.253023609182,344.916113647724,363.253023609182
6.42629721377731,363.176364978843,344.851169397376,363.176364978843
6.42823879673018,363.099747280618,344.786260772504,363.099747280618
6.43018058242368,363.02317055311,344.721387870096,363.02317055311
6.43212257324905,362.946634690247,344.656550514493,362.946634690247
6.43406476827103,362.870139716998,344.591748802408,362.870139716998
6.43600716947575,362.793685543439,344.526982591189,362.793685543439
6.43794977410746,362.717272266285,344.462252070718,362.717272266285
6.43989258425428,362.640899791808,344.397557047371,362.640899791808
6.44183560084334,362.56456807169,344.33289750227,362.56456807169
6.44377882135475,362.488277193251,344.268273591251,362.488277193251
6.44572224893658,362.412027021292,344.2036850656,362.412027021292
6.44766588168559,362.335817618644,344.139132091651,362.335817618644
6.44960972236766,362.259648865267,344.074614461447,362.259648865267
6.45155376737847,362.183520890665,344.010132428638,362.183520890665
6.45349802101779,362.10743351494,343.945685657483,362.10743351494
6.45544247925583,362.031386883965,343.881274458975,362.031386883965
6.45738714618415,361.955380826242,343.816898502097,361.955380826242
6.45933201935143,361.879415425739,343.752558003457,361.879415425739
6.46127710019731,361.803490614741,343.688252818532,361.803490614741
6.46322239045885,361.727606313711,343.623982868542,361.727606313711
6.46516788685611,361.651762639012,343.559748368825,361.651762639012
6.46711358858126,361.575959610741,343.495549276331,361.575959610741
6.46905950098719,361.500197008585,343.431385254807,361.500197008585
6.47100562182712,361.424474908148,343.367256544674,361.424474908148
6.4729519514386,361.348793284927,343.303163071221,361.348793284927
6.47489848997014,361.273152121589,343.239104818208,361.273152121589
6.47684523634842,361.197551448307,343.175081836937,361.197551448307
6.478792191566,361.121991214993,343.111094034572,361.121991214993
6.480739357942,361.046471319965,343.047141292153,361.046471319965
6.48268673422609,360.970991800117,342.983223724482,360.970991800117
6.48463432091466,360.895552624832,342.919341266425,360.895552624832
6.48658211740356,360.820153806025,342.855493948842,360.820153806025
6.48853012433437,360.744795307402,342.791681710301,360.744795307402
6.49047834097146,360.669477145897,342.727904593552,360.669477145897
6.49242676874272,360.594199254823,342.664162491187,360.594199254823
6.49437540566403,360.518961699293,342.600455533504,360.518961699293
6.49632425404932,360.443764378522,342.536783536095,360.443764378522
6.49827331447135,360.368607258766,342.473146507048,360.368607258766
6.50022258558308,360.293490380534,342.409544526498,360.293490380534
6.50217206910233,360.218413666242,342.345977457037,360.218413666242
6.50412176519975,360.14337709779,342.2824453156,360.14337709779
6.50607167296501,360.068380698841,342.21894814734,360.068380698841
6.50802179335905,359.993424421073,342.155485866205,359.993424421073
6.50997212376945,359.918508353467,342.092058624605,359.918508353467
6.51192266907452,359.843632297238,342.028666082694,359.843632297238
6.51387342579801,359.768796374197,341.965308530059,359.768796374197
6.51582439518998,359.694000525192,341.901985812875,359.694000525192
6.51777557899197,359.619244671931,341.838697847412,359.619244671931
6.51972697518005,359.544528880535,341.775444775692,359.544528880535
6.52167858667136,359.469853028026,341.712226381882,359.469853028026
6.52363041160765,359.395217174045,341.649042820802,359.395217174045
6.52558245059047,359.32062128438,341.585894009001,359.32062128438
6.52753470457946,359.246065310972,341.522779893133,359.246065310972
6.52948717108413,359.171549337601,341.459700620518,359.171549337601
6.53143985302379,359.097073241584,341.396655963451,359.097073241584
6.53339274908475,359.022637061525,341.333646045776,359.022637061525
6.53534586032353,358.948240745893,341.270670772582,358.948240745893
6.53729918708225,358.873884270279,341.207730136155,358.873884270279
6.53925273003823,358.799567597592,341.144824097775,358.799567597592
6.54120648800584,358.72529076167,341.081952726521,358.72529076167
6.54316046188971,358.651053716909,341.019115934894,358.651053716909
6.54511465163261,358.576856454149,340.95631373318,358.576856454149
6.54706905789015,358.502698937225,340.893546074309,358.502698937225
6.5490236798396,358.42858118608,340.830813006326,358.42858118608
6.55097851833986,358.354503156915,340.768114452972,358.354503156915
6.55293357465159,358.280464790632,340.705450353016,358.280464790632
6.55488884801361,358.206466104798,340.642820766757,358.206466104798
6.55684433855971,358.132507083206,340.580225659809,358.132507083206
6.55880004528259,358.058587752753,340.517665076436,358.058587752753
6.56075596981646,357.98470804045,340.455138893534,357.98470804045
6.56271211137752,357.910867964584,340.392647177838,357.910867964584
6.56466847073693,357.837067484855,340.330189860936,357.837067484855
6.56662504948058,357.76330653016,340.267766862616,357.76330653016
6.56858184726937,357.689585102059,340.205378227616,357.689585102059
6.57053886257976,357.615903246891,340.143024021016,357.615903246891
6.57249609745896,357.54226087647,340.080704085379,357.54226087647
6.57445355088697,357.468658017916,340.018418508228,357.468658017916
6.57641122151166,357.395094711002,339.956167330262,357.395094711002
6.57836911218774,357.321570837269,339.893950354141,357.321570837269
6.58032722375061,357.248086354002,339.831767587149,357.248086354002
6.58228555448601,357.17464131445,339.769619133722,357.17464131445
6.58424410469362,357.101235696381,339.707504928346,357.101235696381
6.58583904107207,357.041507389699,339.664904689475,357.041507389699
6.58583904107213,357.041507389698,339.701747724548,357.041507389698
6.58779781209068,357.041507389698,338.128293490138,357.041507389698
6.59173512468243,357.041507389698,334.920160749653,357.041507389698
6.59566972571305,357.041507389698,331.683669149499,357.041507389698
6.59960963548173,357.041507389698,328.48912913034,357.041507389698
6.60355633662147,357.041507389698,325.341032582821,357.041507389698
6.6075102999514,357.041507389698,322.239346909446,357.041507389698
6.61147191882803,357.041507389698,319.183714403097,357.041507389698
6.61544156654217,357.041507389698,316.173756130133,357.041507389698
6.6194196096905,357.041507389698,313.209087046958,357.041507389698
6.62340642369901,357.041507389698,310.289307266612,357.041507389698
6.62740236194961,357.041507389698,307.414024198674,357.041507389698
6.63140778634056,357.041507389698,304.582832651455,357.041507389698
6.63542304860635,357.041507389698,301.795327582712,357.041507389698
6.63944849774632,357.041507389698,299.051100032603,357.041507389698
6.64348447775573,357.041507389698,296.34973897396,357.041507389698
6.64753133435818,357.041507389698,293.690827602763,357.041507389698
6.65158940058233,357.041507389698,291.073952747754,357.041507389698
6.65565902046022,357.041507389698,288.498690947368,357.041507389698
6.65974052294879,357.041507389698,285.964624415126,357.041507389698
6.66383424355009,357.041507389698,283.471328914573,357.041507389698
6.66794051066571,357.041507389698,281.018381865643,357.041507389698
6.67205964919213,357.041507389698,278.605360761411,357.041507389698
6.676191987161,357.041507389698,276.231839745446,357.041507389698
6.68033784372848,357.041507389698,273.897396474787,357.041507389698
6.68449754797847,357.041507389698,271.601602463915,357.041507389698
6.68867142004248,357.041507389698,269.344033279253,357.041507389698
6.69285977874373,357.041507389698,267.124264967222,357.041507389698
6.6970629420577,357.041507389698,264.941873938273,357.041507389698
6.70128122796144,357.041507389698,262.796436798379,357.041507389698
6.70551495258289,357.041507389698,260.687531489723,357.041507389698
6.70976443728566,357.041507389698,258.614734209431,357.041507389698
6.71403000453574,357.041507389698,256.577621651434,357.041507389698
6.71831196681405,357.041507389698,254.575776281633,357.041507389698
6.72261064410394,357.041507389698,252.608778648762,357.041507389698
6.72692634778163,357.041507389698,250.676214484532,357.041507389698
6.73125940200174,357.041507389698,248.777665816492,357.041507389698
6.73561012470427,357.041507389698,246.912719112459,357.041507389698
6.73997883646758,357.041507389698,245.08096189637,357.041507389698
6.74436585441625,357.041507389698,243.281985237602,357.041507389698
6.74877150370323,357.041507389698,241.515379409432,357.041507389698
6.75319610679196,357.041507389698,239.780738166941,357.041507389698
6.75763998476084,357.041507389698,238.077658387428,357.041507389698
6.76210346695648,357.041507389698,236.405736624372,357.041507389698
6.76658686818028,357.041507389698,234.764577333818,357.041507389698
6.77109053409782,357.041507389698,233.153777151615,357.041507389698
6.77561478690786,357.041507389698,231.57294368965,357.041507389698
6.78015995469623,357.041507389698,230.021685748856,357.041507389698
6.78472637704571,357.041507389698,228.499611448839,357.041507389698
6.78931439196127,357.041507389698,227.006332657539,357.041507389698
6.79392433962852,357.041507389698,225.541463944485,357.041507389698
6.7985565600496,357.041507389698,224.104623316371,357.041507389698
6.80321139573432,357.041507389698,222.695431442664,357.041507389698
6.80788919086894,357.041507389698,221.313511931559,357.041507389698
6.81259029756342,357.041507389698,219.958489652692,357.041507389698
6.81731506915377,357.041507389698,218.629992713153,357.041507389698
6.82206386458516,357.041507389698,217.327651375008,357.041507389698
6.82683704298319,357.041507389698,216.051099541535,357.041507389698
6.83163497195031,357.041507389698,214.799972693222,357.041507389698
6.8364580196227,357.041507389698,213.573909956458,357.041507389698
6.84130654708326,357.041507389698,212.372555916524,357.041507389698
6.84618093463338,357.041507389698,211.195554341731,357.041507389698
6.85108156868929,357.041507389698,210.04255142928,357.041507389698
6.85600882527979,357.041507389698,208.913199617944,357.041507389698
6.86096309551948,357.041507389698,207.807151900955,357.041507389698
6.86594477638066,357.041507389698,206.724063904614,357.041507389698
6.87095425968498,357.041507389698,205.663596249295,357.041507389698
6.87599195356955,357.041507389698,204.625410168324,357.041507389698
6.88105826472272,357.041507389698,203.609171113438,357.041507389698
6.88615360184103,357.041507389698,202.6145480838,357.041507389698
6.89127838370574,357.041507389698,201.641212092884,357.041507389698
6.89643304385906,357.041507389698,200.688835445185,357.041507389698
6.90161801238022,357.041507389698,199.757095093654,357.041507389698
6.9068337247228,357.041507389698,198.845671070401,357.041507389698
6.91208061743759,357.041507389698,197.954247147843,357.041507389698
6.91735914555703,357.041507389698,197.082508028155,357.041507389698
6.92266976242795,357.041507389698,196.230142651138,357.041507389698
6.92801294104764,357.041507389698,195.396840956265,357.041507389698
6.93338914275082,357.041507389698,194.582298619477,357.041507389698
6.93879884864618,357.041507389698,193.786212402825,357.041507389698
6.94424254983304,357.041507389698,193.008281637724,357.041507389698
6.94972073050559,357.041507389698,192.248210579145,357.041507389698
6.9552338986672,357.041507389698,191.505704258169,357.041507389698
6.96078256910843,357.041507389698,190.78047081596,357.041507389698
6.96636724880667,357.041507389698,190.072223332315,357.041507389698
6.97198847833526,357.041507389698,189.380674735156,357.041507389698
6.97764678164915,357.041507389698,188.705543847211,357.041507389698
6.98334271364189,357.041507389698,188.046549872741,357.041507389698
6.98907682525376,357.041507389698,187.403416373797,357.041507389698
6.9948496854809,357.041507389698,186.775868889856,357.041507389698
7.00066187365246,357.041507389698,186.163635803054,357.041507389698
7.0065139654454,357.041507389698,185.566449747007,357.041507389698
7.01240657180052,357.041507389698,184.984043773864,357.041507389698
7.01834029657148,357.041507389698,184.416155510459,357.041507389698
7.02431575217056,357.041507389698,183.862525636925,357.041507389698
7.03033358094293,357.041507389698,183.322895994613,357.041507389698
7.03639442269805,357.041507389698,182.797012499172,357.041507389698
7.0424989367437,357.041507389698,182.284623270466,357.041507389698
7.04864780100497,357.041507389698,181.785478762393,357.041507389698
7.05484168632825,357.041507389698,181.299333783432,357.041507389698
7.06108130196655,357.041507389698,180.825944016817,357.041507389698
7.06736734974212,357.041507389698,180.36506945993,357.041507389698
7.07370056539686,357.041507389698,179.9164714789,357.041507389698
7.08008169486809,357.041507389698,179.479914524645,357.041507389698
7.08651148920233,357.041507389698,179.055166459943,357.041507389698
7.09299071807519,357.041507389698,178.641997648243,357.041507389698
7.09952017801201,357.041507389698,178.240180495405,357.041507389698
7.10610068016459,357.041507389698,177.849490257401,357.041507389698
7.1127330527792,357.041507389698,177.469704918837,357.041507389698
7.1194181320103,357.041507389698,177.100605685704,357.041507389698
7.1261567910355,357.041507389698,176.741975439767,357.041507389698
7.13294991563065,357.041507389698,176.393600082712,357.041507389698
7.13979839850625,357.041507389698,176.055268792559,357.041507389698
7.14670317477805,357.041507389698,175.72677232407,357.041507389698
7.15366518497175,357.041507389698,175.407904785994,357.041507389698
7.16068539320478,357.041507389698,175.098462807268,357.041507389698
7.16776479477285,357.041507389698,174.79824524078,357.041507389698
7.17490439924168,357.041507389698,174.507053897666,357.041507389698
7.18210526128385,357.041507389698,174.224692361148,357.041507389698
7.18936843977697,357.041507389698,173.950967595501,357.041507389698
7.19669502566408,357.041507389698,173.685688891786,357.041507389698
7.2040861259656,357.041507389698,173.428668431254,357.041507389698
7.21154290550964,357.041507389698,173.179719919155,357.041507389698
7.21906654487087,357.041507389698,172.938660046637,357.041507389698
7.22665824626812,357.041507389698,172.705308286995,357.041507389698
7.2343192475027,357.041507389698,172.479486465892,357.041507389698
7.24205082477032,357.041507389698,172.261018720518,357.041507389698
7.24985428429773,357.041507389698,172.049731767648,357.041507389698
7.25773094956834,357.041507389698,171.845455224763,357.041507389698
7.26568221294442,357.041507389698,171.648020325459,357.041507389698
7.2737094936662,357.041507389698,171.457261026524,357.041507389698
7.2818142202699,357.041507389698,171.27301437995,357.041507389698
7.28999792290179,357.041507389698,171.09511851178,357.041507389698
7.29826210336024,357.041507389698,170.923415443482,357.041507389698
7.30660835870665,357.041507389698,170.757748532026,357.041507389698
7.31503831815771,357.041507389698,170.597963789085,357.041507389698
7.32355365305412,357.041507389698,170.443909704882,357.041507389698
7.33215607620861,357.041507389698,170.295437253198,357.041507389698
7.34084737500733,357.041507389698,170.1523993651,357.041507389698
7.34962935646757,357.041507389698,170.014651842144,357.041507389698
7.35850391784272,357.041507389698,169.882052276391,357.041507389698
7.36747300177961,357.041507389698,169.754460770977,357.041507389698
7.3765385761885,357.041507389698,169.631740193491,357.041507389698
7.38570273267964,357.041507389698,169.513754889754,357.041507389698
7.39496758451019,357.041507389698,169.400372046396,357.041507389698
7.40433532533059,357.041507389698,169.29146096516,357.041507389698
7.41380822266712,357.041507389698,169.186893169093,357.041507389698
7.42338863984665,357.041507389698,169.086542214942,357.041507389698
7.43307896319015,357.041507389698,168.990284448141,357.041507389698
7.44288170200928,357.041507389698,168.897998011436,357.041507389698
7.45279943472063,357.041507389698,168.809563398431,357.041507389698
7.46283484602594,357.041507389698,168.724863152995,357.041507389698
7.47299069786469,357.041507389698,168.643782139229,357.041507389698
7.48326983130628,357.041507389698,168.566207519652,357.041507389698
7.4936752077664,357.041507389698,168.492028460588,357.041507389698
7.50420993586223,357.041507389698,168.421136011108,357.041507389698
7.51487714651314,357.041507389698,168.353423941339,357.041507389698
7.52568014972246,357.041507389698,168.288787736248,357.041507389698
7.53662236905558,357.041507389698,168.227125045676,357.041507389698
7.54770734819126,357.041507389698,168.168335664681,357.041507389698
7.55893877854952,357.041507389698,168.112321406926,357.041507389698
7.57032045311077,357.041507389698,168.058986340925,357.041507389698
7.58185635275219,357.041507389698,168.008236398934,357.041507389698
7.59355061970767,357.041507389698,167.959979540186,357.041507389698
7.60540759233094,357.041507389698,167.914125649044,357.041507389698
7.61743168382344,357.041507389698,167.870586995981,357.041507389698
7.62962755601961,357.041507389698,167.829277596851,357.041507389698
7.64200010451758,357.041507389698,167.790113330052,357.041507389698
7.6545543592431,357.041507389698,167.753012269698,357.041507389698
7.66729556885123,357.041507389698,167.71789441981,357.041507389698
7.68022927908377,357.041507389698,167.684681537494,357.041507389698
7.69336119739622,357.041507389698,167.653297505574,357.041507389698
7.70669739345557,357.041507389698,167.623667870725,357.041507389698
7.7202440770032,357.041507389698,167.595720356707,357.041507389698
7.73400782139331,357.041507389698,167.569384391878,357.041507389698
7.74799553855264,357.041507389698,167.544591206341,357.041507389698
7.76221442407774,357.041507389698,167.521273950668,357.041507389698
7.77667205127147,357.041507389698,167.499367550553,357.041507389698
7.79137627928442,357.041507389698,167.478808852313,357.041507389698
7.80633552583176,357.041507389698,167.459536265687,357.041507389698
7.82155849273877,357.041507389698,167.441490152709,357.041507389698
7.83705436389708,357.041507389698,167.424612580198,357.041507389698
7.85283286090617,357.041507389698,167.408847288143,357.041507389698
7.86890418669639,357.041507389698,167.394139770005,357.041507389698
7.88527907084355,357.041507389698,167.380437234756,357.041507389698
7.90196888798106,357.041507389698,167.367688522223,357.041507389698
7.91898558986939,357.041507389698,167.355844171363,357.041507389698
7.93634192220928,357.041507389698,167.344856284518,357.041507389698
7.9540512883616,357.041507389698,167.334678635538,357.041507389698
7.97212789596126,357.041507389698,167.325266586455,357.041507389698
7.99058687237448,357.041507389698,167.316577044518,357.041507389698
8.00944427414701,357.041507389698,167.308568477031,357.041507389698
8.02871717043575,357.041507389698,167.301200886548,357.041507389698
8.04842364990233,357.041507389698,167.294435813091,357.041507389698
8.06858309880798,357.041507389698,167.288236246987,357.041507389698
8.08921619068741,357.041507389698,167.282566651198,357.041507389698
8.1103450020806,357.041507389698,167.27739293706,357.041507389698
8.13199315401872,357.041507389698,167.272682436319,357.041507389698
8.15418607918521,357.041507389698,167.26840385533,357.041507389698
8.1769508459144,357.041507389698,167.264527315288,357.041507389698
8.20031698366082,357.041507389698,167.261024218644,357.041507389698
8.22431592766972,357.041507389698,167.257867350077,357.041507389698
8.2489818144716,357.041507389698,167.255030764738,357.041507389698
8.27435143867522,357.041507389698,167.252489804052,357.041507389698
8.30046485319175,357.041507389698,167.250221039642,357.041507389698
8.3273653898183,357.041507389698,167.248202278656,357.041507389698
8.35510043445022,357.041507389698,167.246412507248,357.041507389698
8.38372134531662,357.041507389698,167.244831899241,357.041507389698
8.41328479420569,357.041507389698,167.243441741605,357.041507389698
8.44385241147173,357.041507389698,167.242224456979,357.041507389698
8.47549257680589,357.041507389698,167.241163527965,357.041507389698
8.50828019731973,357.041507389698,167.240243509117,357.041507389698
8.54229816536781,357.041507389698,167.239449976033,357.041507389698
8.57763914354228,357.041507389698,167.238769484882,357.041507389698
8.61440584916009,357.041507389698,167.238189567011,357.041507389698
8.65271318825707,357.041507389698,167.237698684478,357.041507389698
8.69269068225342,357.041507389698,167.237286194301,357.041507389698
8.73448385435383,357.041507389698,167.236942327633,357.041507389698
8.77825827134847,357.041507389698,167.2366581455,357.041507389698
8.82420240254417,357.041507389698,167.236425512325,357.041507389698
8.87253155714141,357.041507389698,167.23623706207,357.041507389698
8.92349539094577,357.041507389698,167.236086155727,357.041507389698
8.97738271736312,357.041507389698,167.235966854888,357.041507389698
9.03453097496756,357.041507389698,167.235873881887,357.041507389698
9.09533853902579,357.041507389698,167.235802581789,357.041507389698
9.16027881748351,357.041507389698,167.235748886737,357.041507389698
9.22992036339971,357.041507389698,167.235709277243,357.041507389698
9.30495334711796,357.041507389698,167.235680743463,357.041507389698
9.38622511347767,357.041507389698,167.235660745829,357.041507389698
9.47479362986405,357.041507389698,167.235647174317,357.041507389698
9.57199879618828,357.041507389698,167.235638308509,357.041507389698
9.67956924938367,357.041507389698,167.235632776358,357.041507389698
9.7997854533631,357.041507389698,167.235629512648,357.041507389698
9.93573827406712,357.041507389698,167.235627717451,357.041507389698
10,357.041507389698,167.235627230096,357.041507389698
