Time_s,Tractive_Force_N
0,0
1.43536367514833e-07,-6.1317184809595e-05
8.61218205088999e-07,-0.000367898660170098
4.44962739295983e-06,-0.00190068936228894
2.2391673332314e-05,-0.00956095979631437
7.18241960324176e-05,-0.0306057148450227
0.000121258983806619,-0.0514642609528558
0.000170736153198149,-0.0719749584037713
0.000220282591408049,-0.0919061042864531
0.000269925576727781,-0.110960075220682
0.00031969302603615,-0.128771189618127
0.000369613771243484,-0.144902944910978
0.000419717862349804,-0.158844539704445
0.000470036908031445,-0.170006564570042
0.000520604467096013,-0.177715705281517
0.000571456507975549,-0.181208249736084
0.000622631958629572,-0.179622118628811
0.00067417337702349,-0.171987041521974
0.000726127783483887,-0.157212360682303
0.000778547713120005,-0.134071743538886
0.000832450123878908,-0.100493657355753
0.000889041507636298,-0.0531973189544322
0.000948502063136986,0.0114397213657595
0.00101107209076163,0.0979995419145729
0.00107705322768737,0.21232298673752
0.0011468358206274,0.361965843855726
0.00122094448241974,0.556914330974255
0.00130012098784512,0.810797205725215
0.00138549227455074,1.14316915319834
0.00147896916289478,1.58454096760483
0.00158447312463544,2.19072086717031
0.00170582503269686,3.04563013208398
0.00182109874240256,4.03084263144051
0.00193637245210826,5.20140207582387
0.00203588626225071,6.37322943656908
0.00212813899200166,7.60213653078248
0.00221635737729628,8.91273471211493
0.00230182009407121,10.3146421486752
0.00238522581253051,11.8134662602619
0.00246703196023116,13.4134441929316
0.00254825126615118,15.1332340884992
0.00263115090096288,17.0272894258769
0.00271589940433727,19.1120157447805
0.0028026298159732,21.4042739587103
0.00289148229443604,23.9223268559553
0.00298260826730072,26.6860404183821
0.00307617425982365,29.7171160168478
0.00317236633557244,33.0393845734298
0.00327139554346535,36.6791884391159
0.0033735048916688,40.6658889534797
0.0034789786125233,45.0325580177756
0.00358815490580875,49.8169462596887
0.00370144410922132,55.0628807887124
0.0038193556646553,60.8223572614805
0.00394254006534724,67.1588109933523
0.00407168512249024,74.1429416139962
0.00420648175278306,81.7927468199356
0.00434881815730915,90.2536643028044
0.00450197712978242,99.7766526072805
0.00467349806884085,110.927187031713
0.00487856908507441,124.885330786585
0.00507968187135009,139.183161944232
0.00524344315500078,151.234527214159
0.00539323704888334,162.555979131238
0.00553721114642016,173.689414877177
0.00567792344579262,184.796647265084
0.00581668486224006,195.959247066138
0.00595438977255628,207.235636115171
0.00609174220249956,218.676207836133
0.00622935582759896,230.330144490086
0.00636781329796634,242.249831744223
0.00650771129173377,254.4947175228
0.0066497046743737,267.135673827902
0.00679456122491862,280.260962763484
0.00694324336309122,293.98559679877
0.00709704979762029,308.467831047202
0.00725789874793137,323.942111805242
0.00742900319563817,340.796937667682
0.00761698573852219,359.815707326777
0.00784372575879329,383.506951493158
0.00803839929215176,404.549704276707
0.00823307282551023,426.281273645507
0.00840853003646034,446.485506195326
0.00857541607633679,466.26535172468
0.00873798594542503,486.073914062868
0.00889825267085271,506.131905827974
0.00905750178953658,526.587754534968
0.00921671506296429,547.562306022503
0.00937673879910377,569.166858364427
0.0095383780453338,591.513995587256
0.00970246758318495,614.726800361359
0.00986994382074826,638.949408482861
0.01,658.116680083989
0.0101783488179401,684.886759956725
0.0103676205635287,713.879460515216
0.0105695149016537,745.424967057879
0.0107921941939194,780.903486390699
0.0110614209088191,824.671655383346
0.0113503729108393,872.600295329609
0.0115861380995405,912.363766223243
0.011800537132565,948.992462584241
0.0120095336862181,985.101321290957
0.0122184835747063,1021.58304778786
0.0124311675722286,1059.09869662775
0.0126520235300192,1098.46196829502
0.0128885268613934,1141.07978119669
0.0131609503673573,1190.78745571893
0.0134495979553816,1244.21177342294
0.0136959109124407,1290.44900125331
0.0139100116064139,1331.14695398126
0.0141104016083352,1369.68072551482
0.0143034317969284,1407.21259927967
0.0144917679400301,1444.22778546167
0.0146769650413699,1481.0087378014
0.0148600939436811,1517.7498133892
0.0150419589639612,1554.59654970909
0.0152231993427052,1591.66375704472
0.0154043438075202,1629.04512777788
0.0155858419760933,1666.81866716236
0.0157680826920492,1705.04976162698
0.0159514040854478,1743.7927386026
0.0161360977695388,1783.09134278311
0.0163224084568834,1822.97835425289
0.0165105297715814,1863.47449063986
0.0167005969627849,1904.58673747096
0.0168926775009614,1946.3063237053
0.0170867611260311,1988.60669596922
0.0172827517112574,2031.44202112767
0.0174804640157468,2074.74689552108
0.0176796285354499,2118.43795127337
0.0178799066879614,2162.41780794408
0.0180809162560845,2206.58127959003
0.0182822639383506,2250.82305164055
0.0184835792939296,2295.04548415848
0.0186845437122387,2339.16508658005
0.0188849097143378,2383.11662725428
0.019084508964332,2426.85456250975
0.0192832503520226,2470.35215252936
0.0194811112356158,2513.59901442955
0.0196781252317086,2556.59791517656
0.019874369274607,2599.36144098387
0.02,2626.70003847805
0.0201943683390728,2668.93513337513
0.0203900030739132,2711.36498117589
0.0205853346138826,2753.64245792661
0.020780478668375,2795.78607651927
0.0209755752046766,2837.81847603911
0.0211707651584343,2879.76120098165
0.0213661876716498,2921.63397873935
0.0215619782515808,2963.45423363867
0.0217582674692705,3005.23675093965
0.0219551800601429,3046.99345763054
0.0221528343387274,3088.73329793049
0.0223513418587988,3130.46218572675
0.022550807277714,3172.18302200677
0.0227513284043649,3213.89576945749
0.022952996413043,3255.59757659398
0.0231558962260254,3297.28294751553
0.0233601070549954,3338.94395012063
0.0235657031095228,3380.57045874565
0.0237727544644794,3422.1504232578
0.0239813280816358,3463.67015694157
0.024191488973868,3505.11463392889
0.0244033014946743,3546.46778582017
0.0246168307346677,3587.7127872238
0.0248321439987573,3628.83231888977
0.0250493123466607,3669.80879952072
0.0252684121737554,3710.62457695759
0.0254895268217643,3751.26207249437
0.0257127482170798,3791.70387405331
0.0259381785400786,3831.93277510036
0.0261659319517692,3871.93176001523
0.0263961364112838,3911.68393687115
0.0266289356389479,3951.17242058979
0.0268644913006673,3990.38017033803
0.0271029855106419,4029.28978474828
0.0273446237823261,4067.88325866585
0.0275896385939659,4106.14170373099
0.0278382937930432,4144.04503438184
0.0280908901396764,4181.57161885833
0.0283477724013026,4218.69789257132
0.0286093385871288,4255.39792967068
0.0288760521746435,4291.64296601542
0.0291484586104085,4327.4008655447
0.0294272080719027,4362.63552174793
0.0297130876929909,4397.30619019038
0.03,4430.56710300079
0.0303030656521971,4463.98112301255
0.0306170176751255,4496.67605720144
0.0309439932811777,4528.58592154916
0.031287042995555,4559.6406077776
0.031650848721767,4589.77325835415
0.0320434934787604,4618.95002564125
0.0321720498843115,4627.72868577376
0.0323006062898627,4636.11844713461
0.0323830729565503,4641.29368550024
0.0324302159990617,4644.17911597319
0.0324619027032981,4646.08853640918
0.0324935894075344,4647.97283597787
0.0325421050836654,4650.80762749186
0.0327846834643202,4664.09994010402
0.0332786248480565,4686.97940793453
0.0337970359990688,4705.67733928247
0.0343333410958649,4720.11089657912
0.0348821593898663,4730.4620869297
0.0354403852984077,4737.08713792435
0.0360079297248773,4740.41206502548
0.0365873247982812,4740.84180032862
0.0371833551657003,4738.71363370509
0.0378034903046953,4734.27518854984
0.0384599883493772,4727.65345431336
0.0391751927884674,4718.77424491807
0.0398857420032362,4708.76447179616
0.04,4707.07568871804
0.0405712899838191,4698.40368635478
0.0412791861066027,4687.32841740076
0.0419633299719095,4676.52517684468
0.0426068612718432,4666.45647469501
0.0432260026392724,4656.97860201672
0.0438302579271053,4648.01257335824
0.0444249460459599,4639.52334980328
0.0450135436921713,4631.49104045922
0.0455985991003208,4623.90105780678
0.0461821392148411,4616.74057993186
0.0467658858264938,4609.99711186955
0.047351386728797,4603.65785272898
0.0479401053313749,4597.7093963552
0.0485334898804862,4592.13756765223
0.0491330345135165,4586.92730239221
0.0497403409138899,4582.06252225595
0.05,4580.10449145555
0.0506306483404439,4575.63921349703
0.0512624983749718,4571.55618115892
0.0519097195089466,4567.74936399599
0.0525752758528527,4564.19725000757
0.0532635112712671,4560.87254127288
0.0539804580710302,4557.7427611922
0.0547351926866589,4554.76667516493
0.0555430378454776,4551.88599024918
0.0564113111118181,4549.07436269276
0.0572736478539497,4546.50748786615
0.0581351238356991,4544.10711870778
0.0590009823408892,4541.80666580277
0.0598761596546024,4539.54997728985
0.06,4539.23394811762
0.0606192017269881,4537.65990544035
0.0614287746643339,4535.60497328145
0.0622340842719785,4533.5481778768
0.0630361939542743,4531.47451691367
0.0638407113154333,4529.3615635111
0.0646524792197502,4527.19178140551
0.0654760756004884,4524.95054386708
0.0663162572842984,4522.62450648796
0.0671783959658579,4520.20010981085
0.0680690493849009,4517.66178424935
0.0689968905747358,4514.98922317228
0.07,4512.07812591176
0.071047465724971,4509.02684196923
0.0721587189129994,4505.79126738297
0.073250865673253,4502.62630953256
0.0743374040919765,4499.50402540498
0.0754306392206896,4496.39886522141
0.0765414585894281,4493.28920251329
0.0776705741318463,4490.18167960779
0.078779595324732,4487.18630362572
0.0798845620410132,4484.26069906972
0.08,4483.95851110842
0.0805771897949342,4482.45745524789
0.0817145881890253,4479.54780527625
0.0828653289321931,4476.66886815166
0.0840548749942393,4473.76015595965
0.0852981778017169,4470.79098399669
0.0866178205832585,4467.71578652292
0.0880014773131624,4464.57182100905
0.0893502033748621,4461.58234744432
0.09,4460.16735820872
0.0913562889829724,4457.2646118276
0.0927213449825768,4454.40940572765
0.0941280138705522,4451.53339337055
0.0955998125616892,4448.59294829879
0.0971590457804794,4445.55129956647
0.0987443471296464,4442.53339098076
0.1,4440.19474773254
0.101759047761229,4436.99326128219
0.103638895147249,4433.66577685116
0.105431579012718,4430.5805165816
0.107177431355772,4427.65630472183
0.108943090756735,4424.77770646522
0.11,4423.09171003538
0.112006469660698,4419.96567380968
0.114018509679633,4416.92681440782
0.116081378601195,4413.90783118056
0.118257644471867,4410.82561654648
0.12,4408.43167187946
0.122119992772862,4405.60463310514
0.124233863731709,4402.87680182835
0.126402833913801,4400.16956009533
0.12870234492953,4397.39785572838
0.13,4395.87737581777
0.132263453528278,4393.29883126702
0.134526907056556,4390.81173260399
0.136960324223228,4388.23732114277
0.139353260281521,4385.80377449021
0.14,4385.16243886968
0.141152004222336,4384.03708971638
0.142304008444672,4382.9334143614
0.143537499837785,4381.77565827838
0.144810674269935,4380.60679644334
0.146146030241758,4379.40968138836
0.147391836945923,4378.31984933481
0.148573957009838,4377.31022085852
0.149732303646271,4376.34439086617
0.15,4376.12452946021
0.151171911709276,4375.17695526421
0.152527357174168,4374.11163942177
0.153843321034717,4373.10934972204
0.155067109772373,4372.20605229935
0.156253146785776,4371.3575258468
0.157429113487165,4370.54272852699
0.158611419202717,4369.75049210906
0.15981368979908,4368.97286778233
0.16,4368.85490311368
0.1609315510046,4368.2753435848
0.16253627326315,4367.31724518324
0.164185294215233,4366.38607760379
0.165668741952663,4365.59487820878
0.167076503588805,4364.88490312249
0.168467322572507,4364.22262390208
0.17,4363.5378770498
0.171434302485944,4362.93982753256
0.173058479442053,4362.31237097536
0.17474830927263,4361.71550368954
0.176352747510643,4361.2014679847
0.177835723569533,4360.7718468591
0.179282496922505,4360.39470191904
0.18,4360.22299705027
0.181489030254172,4359.898977251
0.183208327010214,4359.57888171771
0.185008205364353,4359.30552559108
0.186583737814886,4359.11783907429
0.188083220959349,4358.98374564552
0.189572968118616,4358.89333181366
0.19,4358.87525254803
0.191582490031243,4358.838567206
0.193463205190437,4358.85674453699
0.195370949324517,4358.94328386283
0.197055313434638,4359.07633285746
0.198674352829698,4359.25397919261
0.2,4359.43553626272
0.201665319371687,4359.70938691635
0.203736265819945,4360.12054094641
0.205817183280406,4360.61188797817
0.207650974840022,4361.10936094851
0.209424769127917,4361.64760071929
0.21,4361.83412506631
0.21188415413675,4362.48590561421
0.214234213771284,4363.38592907573
0.21646499790292,4364.32890346085
0.218486464257719,4365.25729157246
0.22,4365.99804402497
0.222065616746222,4367.07158214639
0.223874354014935,4368.07055346165
0.225900844622857,4369.25480179543
0.227859521902932,4370.46447252579
0.229625031783544,4371.60950620002
0.23,4371.85935860646
0.231756948679814,4373.06113921723
0.233815586562959,4374.53443548813
0.235793314942809,4376.01611753045
0.237577431259541,4377.40861353924
0.23931966916414,4378.8197145241
0.24,4379.38453269263
0.24138418781876,4380.55767696719
0.242768375637519,4381.76310374695
0.244314911203677,4383.14843462234
0.245923384412326,4384.63297642442
0.247399988933412,4386.03577820008
0.248772023306626,4387.37422938899
0.25,4388.60131646903
0.251340422699556,4389.97286356056
0.252818867421306,4391.52533662302
0.254265559384776,4393.08573578015
0.255708858804581,4394.68415564943
0.257175550183828,4396.35216947064
0.258691051245932,4398.12306969395
0.26,4399.69223383341
0.261745834549347,4401.84360104118
0.263673024627482,4404.2979502359
0.265938251186661,4407.29262847083
0.268320881588467,4410.57490753001
0.27,4412.97227601911
0.272026251542808,4415.96102268684
0.27385427562163,4418.75004363222
0.275822772894255,4421.85514274197
0.277635146346224,4424.81065005769
0.279309396627851,4427.62629733181
0.28,4428.81228231842
0.281680598417144,4431.76005491788
0.283718604362048,4435.45571095985
0.285642083840491,4439.07051139047
0.287388031452401,4442.46305349861
0.289096180588842,4445.88912664526
0.29,4447.74624332057
0.291810157917172,4451.5611805615
0.293787410240318,4455.8796505269
0.295858173378378,4460.58055445964
0.297734005312651,4465.00488223185
0.299478565668127,4469.26880312917
0.3,4470.57227414184
0.301778631024784,4475.1229139888
0.303872307758614,4480.69579990584
0.305921649083944,4486.39115035944
0.307742566668253,4491.66418660967
0.309510525769241,4496.98718519601
0.31,4498.49792736396
0.311881582220145,4504.46193934789
0.313918388059848,4511.21274215218
0.316064605654874,4518.68266148993
0.317946535545444,4525.55720948574
0.319713562528881,4532.30925447385
0.32,4533.43231208271
0.321432187355593,4539.17273366896
0.323467475648139,4547.70838905068
0.325582670087646,4557.08817590956
0.327422022391321,4565.70545512687
0.329149529637859,4574.22446333809
0.33,4578.58082912494
0.330999446594033,4583.84536746254
0.331998893188066,4589.2746666677
0.333125156170172,4595.60273420299
0.334277893293002,4602.32684330962
0.335475160817205,4609.59848070144
0.336564823282848,4616.49511092873
0.337586767064424,4623.22720648769
0.338579856303954,4630.03687201397
0.339561508150178,4637.05145159937
0.34,4640.28266925645
0.340990941939215,4647.82472006998
0.342024120103689,4656.07103251918
0.343057759397202,4664.75242784166
0.344100792403539,4673.99711305689
0.345161856214656,4683.9562681051
0.346250257028986,4694.82041081562
0.347377285387696,4706.84642351197
0.348558271933488,4720.40591142628
0.349816830238109,4736.08756406859
0.35,4738.4867990266
0.350915848809455,4750.97160953159
0.352427413437769,4773.55984078106
0.353965252521621,4799.53924245815
0.355579790217192,4830.82635216991
0.357149742727942,4866.20197863216
0.358725376189351,4908.01609589802
0.36,4947.80953159363
0.360608816143226,4969.15026355526
0.361217632286452,4992.27301822418
0.361828594853216,5017.47367923716
0.363067743586007,5075.40155572608
0.364287588053964,5142.63014364861
0.365489058745009,5220.57422109428
0.366683223854206,5311.80793973463
0.36787534259093,5419.25091376178
0.36906053343853,5545.27562825193
0.37,5660.62792771147
0.371082166803653,5811.10548495382
0.372003742706443,5951.28209415165
0.372805535912536,6074.10957378778
0.37349333450096,6165.91232023077
0.374089203479172,6214.65949764008
0.37461460940715,6206.52147707531
0.375087183830025,6123.68903977807
0.375522090944825,5942.03373652767
0.375935014307805,5625.63284431846
0.37635072367738,5105.16986892349
0.376708331623773,4449.73553400171
0.377013014721044,3721.70135880352
0.377290112683495,2929.84056573475
0.377553789768301,2084.86320568845
0.377807223861933,1223.35925208604
0.378054776155378,374.617330227585
0.378304115235366,-448.603843429128
0.378563129229052,-1235.86674762997
0.378842879753536,-1982.09174803116
0.379150001190449,-2663.55178522022
0.379462721031904,-3213.19932484336
0.379778887901604,-3637.57869900886
0.38,-3867.44639096968
0.380303358756096,-4108.42218388295
0.380606005605231,-4278.38376186403
0.380909219812915,-4392.10938430464
0.381214696637753,-4460.56636295247
0.381523156064227,-4491.34201294091
0.381834784144629,-4489.82451081226
0.382149464476419,-4459.85023231824
0.382466907972846,-4404.17190785924
0.382770348577349,-4330.29936975277
0.383090952891397,-4233.7937778685
0.383417699964529,-4118.64914744757
0.383750281848731,-3986.30828790311
0.384088288517138,-3838.22024648783
0.384431491919753,-3675.92448532154
0.384779853844486,-3501.18930304562
0.385133557955336,-3316.12133105453
0.385493066477038,-3123.2492295401
0.385859215387193,-2925.5850006289
0.386233377186739,-2726.67139470789
0.386608441722893,-2535.24216407782
0.386981862203172,-2357.66621491019
0.387353457996795,-2198.97366960415
0.38772295682375,-2063.96441821153
0.388090030390222,-1956.96777642948
0.388454359263287,-1881.6045359517
0.388815716281773,-1840.57708235191
0.389126358498098,-1833.60143021358
0.389487877194123,-1857.47914873069
0.389855306563284,-1914.51164405917
0.39,-1945.25169494554
0.390346259009478,-2035.64456789488
0.390692029135538,-2146.20129290326
0.391034601765571,-2271.24045508771
0.391376174840435,-2406.64132871955
0.391718718552479,-2548.56962202962
0.392064040016123,-2693.434448792
0.392413884494493,-2837.90173343521
0.39277000091858,-2978.91598965464
0.393134188931919,-3113.72109126753
0.39350833778143,-3239.8742830948
0.393894464615431,-3355.24916928325
0.394294760375172,-3458.02375104759
0.394711655787561,-3546.6486426476
0.395147930591546,-3619.78762381247
0.395606913345214,-3676.21571062554
0.396092877756514,-3714.64354954518
0.396611903249458,-3733.39410594265
0.397136573208111,-3730.70861303653
0.397663096705957,-3707.3563047901
0.398192542099395,-3663.44274528458
0.398725760207495,-3598.08339546221
0.3991813735664,-3525.15574955147
0.399755183176517,-3410.58680161771
0.4,-3353.73651286308
0.400539003609027,-3210.89901345044
0.401071030275593,-3044.70182387297
0.401588202516346,-2857.51162704455
0.402092386493665,-2649.38007213275
0.402585273265165,-2420.67290937855
0.403068429318048,-2172.2265743508
0.403543515192702,-1905.3454139204
0.404012420104873,-1621.74525393411
0.404477357673825,-1323.45604064866
0.404940962806399,-1012.69207898154
0.405406435123799,-691.689929465924
0.405877800053624,-362.496518776217
0.406360435773926,-26.6502209507955
0.406862260958848,315.419047858705
0.407385697588771,658.710869597227
0.40791735534335,988.339724486336
0.408460449337868,1301.60571090151
0.409018826015205,1596.88648836684
0.409580315596367,1865.93932153199
0.41,2049.28362856498
0.410501144169006,2249.44792599957
0.410993564379523,2427.75792054336
0.411481065834608,2588.11701245299
0.411967742468621,2733.96942971646
0.412456833582872,2868.01068816149
0.4129512231048,2992.4714048915
0.413453775727893,3109.27572596951
0.413967629759366,3220.14305924861
0.414496550751847,3326.67124059862
0.415045486910015,3430.43038782683
0.415621640701833,3533.11372919297
0.416237006804155,3636.87306109821
0.416863374572998,3737.11666433637
0.417495717033704,3833.45882224932
0.418137591779276,3926.66594020049
0.418792416391001,4017.21508523334
0.419447383397661,4103.29249452439
0.42,4172.44124257268
0.420598685505781,4243.76062484178
0.42118657489777,4310.1604192297
0.421766694949356,4372.1771556998
0.422342277334103,4430.3178420286
0.422915700599137,4484.96100835453
0.423488834689799,4536.41317415321
0.424063251697995,4584.94038396381
0.424640354058654,4630.78515136065
0.425221461760921,4674.17561849868
0.425807879255536,4715.33024028277
0.426400953980659,4754.45968590342
0.427002135062152,4791.76680134303
0.427613040296757,4827.44493314181
0.428235541533687,4861.67445344231
0.428871883928732,4894.61678216553
0.429524866211712,4926.40435589997
0.43,4948.29825687799
0.430702523947574,4978.77017164039
0.431428134732114,5007.75344904546
0.432194679178434,5035.2721445323
0.4330202039964,5060.52679739994
0.433849761573138,5079.79596563803
0.434682183102456,5090.43714308206
0.435485312045767,5089.10088886501
0.436321625895427,5070.74049609575
0.437089888098384,5032.79416687829
0.437802874230059,4973.25094566595
0.4384718808422,4889.7856692001
0.439101691813583,4780.76962213622
0.439695162833608,4645.6676659408
0.44,4562.47620075963
0.440539538773576,4390.16756782588
0.441056653490403,4193.35748737627
0.44154987635452,3976.34651687161
0.442023871326403,3742.0882479115
0.442483295346668,3493.80251005743
0.442932783818878,3234.89435604744
0.443373029544702,2971.32812969552
0.443801950958911,2711.01318920022
0.444222437537745,2458.55895171107
0.444637041119095,2218.16894641916
0.44504800757886,1993.56584587479
0.445457410897026,1787.88273245321
0.445867276538561,1603.6050262708
0.446279704717358,1442.56449617346
0.446697011898552,1305.97670666436
0.447121922951906,1194.50901036297
0.447545712242442,1110.3977248729
0.447954971045068,1053.33447311103
0.448354752826785,1018.51007548674
0.448748949338949,1002.07381939763
0.449140768785564,1000.62811036562
0.449531415702587,1011.0252391218
0.449925367773585,1030.601375859
0.45,1035.11049374054
0.450373161132077,1060.46811053164
0.450780397109721,1091.65147632743
0.451195956527462,1124.67782172578
0.451623105466993,1157.35137799496
0.452065247303555,1187.35752966222
0.452527491512763,1212.21226815583
0.452990461436959,1228.3752956302
0.45345064928009,1234.16864403455
0.453910249412463,1228.58940100868
0.454371432891607,1210.89951069148
0.454830834885458,1181.13397671942
0.455305995947454,1138.16098964451
0.455792022671852,1082.52749897116
0.456258951952953,1019.5011857984
0.456713364621714,950.944800323228
0.457160650349554,878.461860666136
0.457604513713576,803.702380994477
0.458047896134858,728.368933938175
0.458493448834497,654.218564424748
0.458943826681543,583.07058633526
0.45940194740467,516.823177852756
0.459871313365805,457.48663080147
0.46,442.98671777279
0.460514402779012,393.636833444033
0.461030281417042,359.357791247111
0.461541952431146,341.774683730234
0.462053203179389,341.29580596264
0.462567079420457,357.968473661582
0.463096715052175,392.445897220729
0.463644960475703,445.37800564041
0.464208882340527,516.356252031766
0.464753459404739,598.821261558827
0.465288418704433,691.103049485194
0.465821123395927,792.062100668873
0.466356828528437,900.692669754394
0.466900152719535,1016.14688058667
0.467455920974534,1137.78318459773
0.468029968147022,1265.25962476077
0.468630405640888,1398.73389066409
0.469270463184609,1539.36203191523
0.47,1695.68490553328
0.470685790513565,1837.47022343921
0.471389869752796,1977.05094472554
0.472117867182023,2114.71076834557
0.472791112082179,2236.11164618821
0.47343692797601,2347.5824730895
0.474071519024144,2452.81781671966
0.474703685247163,2553.92113711941
0.475339840940008,2652.42513493896
0.475985786890576,2749.6300829422
0.476647707634222,2846.76779786764
0.477333211521527,2945.14206140776
0.478053085194079,3046.34139092297
0.478802218051722,3149.56581771825
0.479551626728805,3250.73894911145
0.48,3310.2308065211
0.480769414715174,3410.34707167439
0.481553360277965,3509.50179167734
0.482359113238401,3607.99645076914
0.483135118053089,3699.15024911685
0.483888712782399,3783.80137446659
0.484631295931683,3863.1448910432
0.485369869655885,3937.76024333838
0.486109258708247,4007.9159426136
0.486853264574047,4073.71650319351
0.487605220657731,4135.16419009733
0.488368336790747,4192.18541732548
0.489145985795747,4244.6386000332
0.49,4295.53984986033
0.490818520633132,4337.61815542996
0.491678303494939,4374.60248562404
0.492575127682487,4405.10856589746
0.493525547639733,4428.15898478463
0.49453364031898,4441.75698309148
0.495539388062643,4443.65997630347
0.496553941781838,4433.15317262598
0.497592118525042,4408.79784401745
0.49852970405462,4374.43903840685
0.49940031362333,4331.69946772766
0.5,4296.11614384326
0.500807412289877,4240.34190943172
0.501608873946043,4176.34908004807
0.502389269766292,4106.32189347549
0.503161404718079,4030.30468387783
0.503932438995886,3948.69996410458
0.504710354566052,3861.82087603072
0.505493872810597,3771.13886245747
0.506257244076559,3681.23029944423
0.507007193519797,3592.88196500863
0.507750040484409,3506.73274866186
0.508491583376081,3423.33646438787
0.509237704961268,3343.12955023638
0.51,3265.9109324215
0.51075359811146,3194.88514363604
0.511474605515736,3132.185153112
0.512175980395095,3076.18280866297
0.512867080136095,3025.6822527173
0.513555996392515,2979.71130219537
0.514249060618795,2937.53169405548
0.514952583532223,2898.50549664872
0.515673794390567,2862.05722050907
0.516422176673426,2827.64663156701
0.517212204138027,2794.7271447129
0.518055679815266,2763.16150606156
0.518900336542961,2735.14779516277
0.519759816325809,2710.42766496779
0.52,2704.23628193431
0.520851794661479,2684.98709602849
0.521722713335614,2670.0576215031
0.522548008533861,2660.87329478423
0.52335323407224,2657.07582147336
0.524155712164884,2658.81711497524
0.524967334487049,2666.56404757566
0.525799027115563,2681.01725993993
0.526663204440898,2703.14789546179
0.527576602805674,2734.34916148694
0.52855169855912,2776.16709770807
0.529538072160223,2826.75800198349
0.53,2853.0699054941
0.531063245557107,2919.25650238376
0.532127796026734,2992.23579318383
0.533256210641259,3075.3086383062
0.53445886569277,3168.46197727022
0.535737946789563,3270.7089440827
0.537064455052384,3378.16307035246
0.538306545971618,3478.51105127134
0.53945314900274,3569.86109790557
0.54,3612.76298332782
0.541164091861942,3702.25439046599
0.542402783589264,3794.2385654105
0.54362189390547,3881.01518215501
0.544814342821494,3961.92298428504
0.545992825095001,4037.73649290357
0.547171742677103,4109.20630187746
0.548364812082943,4176.85049256958
0.549586942175087,4241.0234954682
0.55,4261.50048405472
0.551124204308844,4314.02965827866
0.552293060028862,4363.5230241879
0.553414202690059,4405.89585226216
0.554509789374305,4442.29447803116
0.555599127714493,4473.40418678431
0.556696643542292,4499.4585854278
0.557816297067409,4520.41134592466
0.558975198718744,4535.9666614866
0.56,4544.43094309695
0.561340254436386,4547.92296910117
0.562539691455584,4543.78360469843
0.563767382390884,4532.60368913323
0.5650433976744,4513.8954250769
0.566186853836638,4491.45841564866
0.567271861953968,4465.73691936362
0.568338258650813,4436.83028645795
0.56940768802955,4404.88076395904
0.57,4386.16800888879
0.57117397059652,4347.53169519506
0.572308621837598,4309.01079749986
0.573422587072543,4270.91142992612
0.574534184447565,4233.37045058649
0.575658923476236,4196.54055596295
0.57679992053154,4160.9413821319
0.577874280951209,4129.45804601427
0.578913586180519,4101.16082718695
0.58,4074.05673107469
0.581031114770646,4050.80816207296
0.582030195089414,4030.68721262473
0.58309371722812,4011.99814265119
0.584256252323813,3994.9810600749
0.585498161580503,3981.02099116927
0.586781449893903,3971.53473835486
0.588077962624189,3967.43407790939
0.589269133390467,3968.81793207562
0.59,3972.19711281789
0.591166132378915,3981.64237972024
0.592319768718455,3995.88012674401
0.593530199900339,4015.91185180757
0.59482268521587,4042.73392513483
0.596220670340384,4077.47703897451
0.597655539464813,4118.49942537671
0.59915289269362,4166.04030784034
0.6,4194.64093371378
0.601667753930572,4253.59546692629
0.603137097545674,4307.52948335671
0.604709916334845,4366.42129492177
0.606008200656657,4415.43187696653
0.607226987564602,4461.45664226861
0.608434566575658,4506.84247696128
0.609660289521884,4552.48021063989
0.61,4565.02432584781
0.611401431687332,4616.15548788582
0.61268716214811,4661.97244622641
0.614001246470716,4707.40713734952
0.615344943209901,4752.06185800957
0.616743604014292,4796.20797754821
0.618068351889967,4835.45406734585
0.61934192678566,4870.51429810699
0.62,4887.51431783857
0.621276669078024,4918.17402731591
0.62244320695514,4943.38349161005
0.623730877910839,4967.9995198671
0.625120774267971,4990.76174240561
0.626546294128857,5010.0713956163
0.628047295298273,5026.17071134184
0.629415373043104,5037.29768200225
0.63,5041.08659255139
0.631334002779231,5047.71916801977
0.63260067358203,5051.61621621511
0.63397076091432,5053.44228006589
0.635510979901545,5052.81421911058
0.637067578815474,5049.57890239778
0.638687205410523,5043.71151635214
0.64,5037.25987292364
0.641414844075972,5028.77640137058
0.642627213771453,5020.40609271108
0.644017396720205,5009.825377147
0.645482215192891,4997.95432059307
0.647039383055396,4985.13381994591
0.648442196331849,4974.01276748436
0.649780419439863,4964.32005468903
0.65,4962.84878772647
0.651097902800685,4956.1155411735
0.652443405696586,4949.51623377003
0.653904186894664,4944.75750284759
0.655375933226121,4942.75370984895
0.656904233222177,4943.75504867717
0.658347811246269,4947.55342667572
0.659724806847688,4953.63452810142
0.66,4955.12250312024
0.661375965761559,4963.8399728899
0.662598738627748,4973.27627268166
0.663964007398676,4985.58482795913
0.665359459318291,5000.04237194849
0.666770000491429,5016.57638473881
0.66804899700021,5033.25537722202
0.66928210746547,5050.87240617382
0.67,5061.82480436117
0.671257165310709,5082.22406442117
0.672476882080926,5103.4486263949
0.673788731863235,5127.73171855411
0.675238643538123,5156.09722244327
0.676713550892578,5186.25909343514
0.678247218052998,5218.57738957633
0.679836014206632,5252.55548960639
0.68,5256.06927838191
0.680819928966842,5273.61015659972
0.682101799252232,5300.81729953381
0.68346328320896,5329.21950435479
0.684968168529082,5359.80969897858
0.6865300439313,5390.52013755697
0.688015594983652,5418.68851315912
0.689399256275133,5444.00708148021
0.69,5454.72808981136
0.691403863211003,5479.15251714482
0.692718343304789,5501.22492563003
0.69417989465072,5524.83349299331
0.695718195643647,5548.54084487284
0.697308535049309,5571.6816196849
0.698883067793325,5593.0440078521
0.7,5607.15708342605
0.701432234733736,5623.86787600267
0.702685864321929,5637.13917633969
0.704104860711356,5650.59696433856
0.705568675970662,5662.76738458907
0.707088991053388,5673.67242650392
0.708578564773505,5682.81141795922
0.71,5690.30080830697
0.711370208125201,5696.57402534707
0.712675076863355,5701.84676487915
0.714084841151688,5706.92433263327
0.715659232728058,5711.98071942861
0.717262046760328,5716.57191642155
0.718945963236702,5720.85016425754
0.72,5723.24864517151
0.721477610967575,5726.23922605409
0.722739689737009,5728.45721304946
0.724178391478561,5730.6629460537
0.725655371411021,5732.69067888946
0.727197384831452,5734.75335665761
0.728675880286243,5736.91993316495
0.73,5739.2294062868
0.731373372216279,5742.19579744277
0.73268519254843,5745.73357552941
0.734104438059299,5750.46958552456
0.735670429052029,5756.88529585466
0.737270493086182,5764.74956999461
0.738958049005716,5774.40223821699
0.74,5780.99094890146
0.741504453643089,5791.23607816223
0.742780481348496,5800.51654809729
0.744236084287386,5811.69821145741
0.745717572273423,5823.70864224813
0.747268721008763,5836.99191414618
0.748714091131579,5850.07998011783
0.75,5862.35712140643
0.751358177294915,5876.0232657875
0.752653211904016,5889.74968620298
0.754046672632898,5905.26858542475
0.755597120573481,5923.38022537901
0.757179852433458,5942.6437001417
0.75883512862848,5963.40297549621
0.76,5978.23868934174
0.761533388021629,5997.85663934834
0.762870955423127,6014.89764928745
0.764371260677553,6033.78818004085
0.765978145244023,6053.64230830941
0.767647981538534,6073.78458594225
0.769276748258847,6092.92591692098
0.77,6101.26706985355
0.77149823713064,6118.24592076177
0.772926265156625,6134.06110949053
0.774450526332995,6150.54283766587
0.776133485735797,6168.23157061986
0.777908212217767,6186.235104089
0.779763155491443,6204.22097048134
0.78,6206.44883091939
0.781184222542784,6217.33220534255
0.782738420966008,6230.91948945813
0.784351909597852,6244.11553439288
0.786108427947817,6257.35814136041
0.788046796985139,6270.56315917386
0.79,6282.36461963358
0.792030317088252,6293.06486173838
0.793912939015718,6301.6185677855
0.795781451959975,6308.87713848436
0.797718430238545,6315.18588836497
0.8,6321.13780992709
0.802415449562225,6325.82556873876
0.804838622578929,6328.99344422636
0.807246280632696,6330.74562248632
0.809479895350353,6331.24219608624
0.81,6331.21447454158
0.812445813383423,6330.4292247807
0.815146973925587,6328.46089486737
0.817936060822006,6325.45584738054
0.82,6322.74799796219
0.821892671185491,6320.00532556031
0.823785342370982,6317.08364921719
0.825758129232881,6313.88595132605
0.827801717021159,6310.41799662222
0.8296616276841,6307.1131063662
0.83,6306.49535397662
0.831691861579501,6303.32464002795
0.833623154035058,6299.51526144588
0.835645215929023,6295.25044242769
0.837530773800897,6290.94563674516
0.839335257383734,6286.46281122665
0.84,6284.71078925032
0.841941132959414,6279.2570254224
0.843917618606656,6273.14024655313
0.845986894068353,6266.04857090051
0.847952901636918,6258.58057825308
0.85,6249.97754042916
0.851877903919037,6241.30353904781
0.853881877381814,6231.19259092843
0.855972525371577,6219.66975973565
0.857949475023846,6207.83176026319
0.86,6194.57944184651
0.861903112532482,6181.41551894176
0.863917385673214,6166.61961184788
0.866004182443383,6150.40576440531
0.867999439868471,6134.11862905816
0.87,6117.09424856204
0.871914256751382,6100.24801065335
0.873902783604077,6082.28220272297
0.875959140797365,6063.31809256177
0.877921282949664,6044.96461409779
0.87979673536659,6027.28842806302
0.88,6025.36931897607
0.881016323167052,6015.77500166281
0.882992378602276,5997.17784617362
0.884979427374293,5978.64625103391
0.886983431387099,5960.22178557322
0.888846800935413,5943.40048623146
0.89,5933.16857814135
0.891893883767395,5916.70931390881
0.893839169462803,5900.29866618934
0.895866698854331,5883.75837415889
0.897781826618246,5868.66587205889
0.899615412003816,5854.69012035096
0.9,5851.81680319357
0.901922939980919,5837.74935612007
0.903907711016835,5823.73385536969
0.905986851888723,5809.54593402242
0.907942585036575,5796.58917012381
0.91,5783.28612956329
0.911901423345,5771.2307841123
0.913924949043294,5758.58939203838
0.916039341224907,5745.49529616855
0.918049012179013,5733.06055236516
0.92,5720.91677796826
0.921940816423643,5708.70834223355
0.924017134503954,5695.45221631117
0.926190344907811,5681.29178717331
0.928230281412343,5667.67178289531
0.93,5655.56683574301
0.931989281179151,5641.63034277649
0.934072815283352,5626.66176800258
0.936245929469791,5610.64274677657
0.938292264043441,5595.18149340021
0.94,5582.01368459228
0.941987019480308,5566.42771469212
0.94411660395571,5549.46565310609
0.946338447437732,5531.54926817798
0.948397376565644,5514.80870926607
0.95,5501.73275860626
0.952029530623549,5485.1881370446
0.954128957074839,5468.17538203357
0.956312600264881,5450.67043999873
0.958364286145613,5434.46251631664
0.96,5421.74670175887
0.962005016167759,5406.46244864137
0.964075205302885,5391.08222694658
0.966237092141512,5375.48502588019
0.968267187154088,5361.27707088352
0.97,5349.48650839751
0.971993176847428,5336.31424089748
0.97413196600868,5322.6429646672
0.976373734596425,5308.7994716616
0.978462345175754,5296.30683678538
0.98,5287.33611515778
0.982085876289669,5275.45230319385
0.984179358754483,5263.82223721573
0.986368629839757,5251.91217847702
0.988455746592394,5240.72081375557
0.99,5232.50114584624
0.992040190160386,5221.68150109188
0.994190255728719,5210.28062223384
0.996453455391516,5198.20875176881
0.998554236915725,5186.87090258015
1,5178.96912081105
1.0021005313131,5167.3294288461
1.00433548535369,5154.72727122148
1.00667977124649,5141.25118691305
1.00884505001615,5128.56302930722
1.01,5121.70496578845
1.01217442429186,5108.64758866118
1.01435964063497,5095.36839169053
1.01664644435558,5081.33614543033
1.01877398071167,5068.18447121449
1.02,5060.57789903024
1.02211565132993,5047.44036387411
1.02435204243359,5033.58800011786
1.02670059689218,5019.13187733706
1.0288460808148,5006.049286873
1.03,4999.07817974838
1.03218092716684,4986.06604128837
1.03440179527729,4973.08045939555
1.0367256498318,4959.8134091024
1.0388875589523,4947.78238110866
1.04,4941.71399061797
1.04217841836155,4930.08643733756
1.04435243899866,4918.8272842024
1.04663564750741,4907.3541558211
1.04877030743587,4896.91849814681
1.05,4891.02186909501
1.05214883498315,4880.9052709802
1.05440470044433,4870.51633314574
1.05678411810699,4859.76255321247
1.05897852661376,4849.97680789568
1.06,4845.45313627526
1.06225950817239,4835.50325369787
1.06449689483969,4825.70381856317
1.06684903377636,4815.41064158705
1.06904601024484,4805.75732447701
1.07,4801.54524136529
1.0722256000508,4791.66312659167
1.07452190175321,4781.37498354811
1.07694970569818,4770.3725338751
1.0791624800079,4760.21612761439
1.08,4756.34017605372
1.08229283898203,4745.65291804936
1.08463834586292,4734.62639211769
1.08710769006545,4722.93768550077
1.08936017043974,4712.2266031033
1.09,4709.18031652697
1.09233516362877,4698.07401585365
1.09458490281274,4687.42133549364
1.09695078722834,4676.29101863086
1.09913861448997,4666.07498261556
1.1,4662.07633459296
1.10223252119431,4651.79049640068
1.10457416898689,4641.1424686984
1.10705209135742,4630.04355346585
1.10929231009612,4620.16464757363
1.11,4617.07668323655
1.11236688507896,4606.8775637159
1.11468629970852,4597.08766236484
1.11712620026073,4587.00395134654
1.11938449104588,4577.85356509422
1.12,4575.38897787022
1.12234436497726,4566.11842096528
1.12466203404781,4557.12801129611
1.12711667812292,4547.76580368288
1.12936476404881,4539.30265907243
1.13,4536.92734851418
1.1323672343411,4528.13362931841
1.1346976151228,4519.55267003972
1.13716184007404,4510.52523506759
1.13942729857856,4502.23366758356
1.14,4500.13615219643
1.14237718594925,4491.42129468306
1.14478000026231,4482.59256948382
1.14733065524563,4473.18027946912
1.14963678491497,4464.62235164471
1.15,4463.27050382991
1.15181607542515,4456.49960866675
1.15412784521053,4447.85918638201
1.15650701613265,4438.93815598646
1.15880840911279,4430.26890430696
1.16,4425.76310994231
1.16226046982122,4417.19072253325
1.16466465772918,4408.04841436935
1.16721352130053,4398.33175190385
1.16950652145042,4389.57473740383
1.17,4387.68991308859
1.1724592306194,4378.31283710462
1.17483658157,4369.29376144708
1.17734243738521,4359.84954829991
1.17964111072527,4351.24937264817
1.18,4349.91300302641
1.18179444637363,4343.26277629551
1.18417267134089,4334.54018897923
1.18662899220173,4325.64167373855
1.18895682969099,4317.30479008807
1.19,4313.59867053097
1.19235680902697,4305.30060594938
1.19473900632518,4297.02275300087
1.19725269081093,4288.3938404234
1.19956136910389,4280.54681052379
1.2,4279.06367347928
1.20219315448057,4271.68665383342
1.20457283893366,4263.75170304856
1.20706764148715,4255.4893378672
1.20938578806514,4247.83929763491
1.21,4245.81493131963
1.21242174599152,4237.84408781406
1.21480298994767,4230.01838938782
1.21732597293552,4221.71743607619
1.2196300053333,4214.10765438313
1.22,4212.88247336707
1.22184997333348,4206.74528397754
1.22423847955286,4198.79497336925
1.22670720125796,4190.53594624791
1.22905254167663,4182.6361691161
1.23,4179.42919498739
1.23237179575186,4171.36978175792
1.23484234685238,4162.93964657449
1.23746084383438,4153.97362927524
1.24,4145.26087772349
1.24232599902368,4137.29101826018
1.24467999397014,4129.26179193464
1.24714496244563,4120.8975584639
1.2494444977086,4113.12997282298
1.25,4111.25879297682
1.25238280923933,4103.26202899779
1.25476161481611,4095.32957859416
1.25728912114291,4086.94473359594
1.2595798446631,4079.37020264849
1.26,4077.98320640464
1.26210077668452,4071.06277607562
1.26457980412251,4062.9329688741
1.26716844358723,4054.48372587797
1.26956184145039,4046.70481708144
1.27,4045.28474086325
1.27219079274804,4038.21004589207
1.27454320787937,4030.66600426001
1.27699572478411,4022.84749269887
1.27930974562604,4015.4940902511
1.28,4013.30310466257
1.28237412020655,4005.77647414666
1.28484889571257,3997.94387980303
1.28748972290915,3989.5870706974
1.29,3981.63614586401
1.29234344186584,3974.21874242175
1.29478791949842,3966.50252826627
1.29734736272366,3958.4464505716
1.29972276836872,3950.98705667521
1.3,3950.11780258161
1.30138615815642,3945.77770655483
1.30383747467098,3938.13338070651
1.30633072828136,3930.3974908977
1.30876226230268,3922.88190165385
1.31,3919.06618640569
1.31240257292872,3911.68679858203
1.3148507097339,3904.21172504815
1.31743531512219,3896.36131722788
1.32,3888.60313967961
1.32231893002621,3881.62035385762
1.3246755274583,3874.55802365343
1.32715104660501,3867.15600419682
1.32945674144813,3860.25168549277
1.33,3858.62170188972
1.33241145802587,3851.37086682272
1.33488882773603,3843.89115096716
1.33753358845562,3835.85591669002
1.34,3828.30672949268
1.34234821190903,3821.08109570851
1.34490246438062,3813.20144915698
1.34758564898495,3804.91729357326
1.35,3797.47306252344
1.35240026637736,3790.10981531848
1.35481380575765,3782.76773271195
1.35735106600413,3775.11880659093
1.35969199616385,3768.11914279287
1.36,3767.20229744619
1.36154001918075,3762.63419750991
1.36401048646167,3755.36477658905
1.36653954500479,3747.9888244009
1.36896186878702,3740.96952340486
1.37,3737.97243199333
1.3724511666072,3730.9258529543
1.37490820792422,3723.90410309809
1.37750385877597,3716.51363062361
1.38,3709.41286893833
1.38232454814481,3702.80243823449
1.38478060619049,3695.81913194747
1.38736997723521,3688.43962762265
1.38973399410759,3681.66922829491
1.39,3680.90516936693
1.39133002946205,3677.07908526648
1.39392287034842,3669.59733014271
1.39655380843794,3661.9772553878
1.39907486564358,3654.65068136766
1.4,3651.95864036088
1.40254634388335,3644.555859596
1.4049773897788,3637.51135520006
1.4075415152412,3630.10338903478
1.41,3623.01316103115
1.41229154966208,3616.41892414491
1.4148703160225,3609.02379173736
1.41761006115137,3601.1956643572
1.42,3594.39345686996
1.42242247992849,3587.54198181361
1.42496680720152,3580.41352507336
1.42763260817197,3573.02325133947
1.43,3566.52662302057
1.43238830087473,3560.04419568624
1.43482576244429,3553.50531424469
1.43739617474422,3546.67238031137
1.43974335104471,3540.4628290993
1.44,3539.78485314389
1.44128324477647,3536.39755433238
1.44390162474846,3529.4964962553
1.44655769166046,3522.49624671436
1.44908798274766,3515.81090235462
1.45,3513.39646062208
1.4525845749516,3506.54852232436
1.4551314442468,3499.79965827942
1.45782154034088,3492.66531953585
1.46,3486.87908574396
1.46239420477829,3480.51849206204
1.46494488716728,3473.75006900391
1.46764353044474,3466.5929121916
1.47,3460.34219852511
1.47239172562418,3454.00651979247
1.47485072327251,3447.50919518324
1.4774339678644,3440.68736146565
1.48,3433.8935117287
1.48230354502344,3427.77490990099
1.48490171720027,3420.85248441359
1.48765721559542,3413.47717130522
1.49,3407.17632426443
1.49242886998101,3400.62929445163
1.49499018859556,3393.72777890889
1.49767685797288,3386.49540548202
1.5,3380.24839171555
1.50238870127955,3373.84434854975
1.50507971804024,3366.67304832706
1.50793882702054,3359.11734622937
1.51,3353.72113311906
1.51252065932068,3347.20293723215
1.51505375924501,3340.76045176907
1.51771206417847,3334.11107092771
1.52,3328.46776388601
1.52237295334162,3322.68854420779
1.52494120211495,3316.51108902844
1.52766498928682,3310.01938885591
1.53,3304.47944551985
1.53241239570759,3298.77167912581
1.5349929064419,3292.67655643126
1.53770820233419,3286.24956987642
1.54,3280.79448224239
1.54241355539417,3275.0145618398
1.54498455268418,3268.81539103227
1.54770059461682,3262.2011244431
1.55,3256.53636143633
1.55239951640563,3250.5653551624
1.55512026955871,3243.73581882285
1.55800198162436,3236.44566593877
1.56,3231.36829889183
1.56253226450528,3224.93364755972
1.56507212074927,3218.50465553148
1.56774049807021,3211.78242401351
1.57,3206.11381711203
1.57236454300543,3200.21168867194
1.57508489970218,3193.47106601489
1.57795360209176,3186.42372776267
1.58,3181.43919259478
1.58254547943375,3175.30637378157
1.58508205344988,3169.28172219423
1.5877548181728,3163.01569906936
1.59,3157.80092376606
1.59237830021189,3152.31774239031
1.59509687299456,3146.09406913968
1.59797504871723,3139.53645200333
1.6,3134.93445508209
1.60255397816991,3129.1498599091
1.6050816643119,3123.44922474951
1.60776622426827,3117.40197410835
1.61,3112.3565506775
1.61238302025813,3106.95211693243
1.61510755430132,3100.74051052419
1.61798419667099,3094.13119954389
1.62,3089.46654484899
1.62254751313071,3083.5469292676
1.62523987953149,3077.28075547791
1.62806472735332,3070.70409242804
1.63,3066.20148499644
1.63249784368783,3060.40776402402
1.63504943068887,3054.51926414756
1.63774643337088,3048.31537169364
1.64,3043.1332952177
1.64237555441934,3037.67003157535
1.64512646092191,3031.34523336686
1.64805040050636,3024.61887967198
1.65,3020.1324233892
1.65256606843273,3014.24045069211
1.65525043114325,3008.10965280407
1.65807231421185,3001.70327899317
1.66,2997.34926490108
1.6624944818191,2991.75029555587
1.66518101171203,2985.77238892421
1.66803186977845,2979.47995808016
1.67,2975.16171053447
1.67250952768373,2969.69134583647
1.6752115617183,2963.85121207444
1.67806447785391,2957.7299383195
1.68,2953.59669018546
1.68251985819813,2948.24185806481
1.68521377068285,2942.55120318289
1.68806493531396,2936.55108407055
1.69,2932.48362394669
1.69251441485402,2927.20532724798
1.69521675182779,2921.54227870458
1.69807578859496,2915.54734235727
1.7,2911.50339376451
1.70251862341411,2906.20233454397
1.70522118643076,2900.50811777904
1.70807998456289,2894.46747718931
1.71,2890.39563022859
1.71251476241194,2885.05036250885
1.71521940919209,2879.29332604651
1.71808036058439,2873.18787359566
1.72,2869.07924060077
1.72251366638001,2863.6929952174
1.72539905489241,2857.51851097056
1.72844312392813,2851.02939312308
1.73,2847.72815441572
1.73269629379004,2842.06080184054
1.73531181955913,2836.63966618339
1.73811721592175,2830.90419943044
1.74,2827.09407409553
1.74247304700458,2822.13543247193
1.74518458830911,2816.75260091448
1.74807114531045,2811.05898262765
1.75,2807.26230690844
1.75253663038447,2802.27549747478
1.75525631656886,2796.93221140075
1.75812453878662,2791.27925424554
1.76,2787.5624545408
1.76252829241777,2782.52534829346
1.76541374145774,2776.74408291427
1.76845156030278,2770.62123092741
1.77,2767.48980954737
1.77269895675267,2762.03270100128
1.77531147028261,2756.76561676528
1.77813080855796,2751.09442648774
1.78,2747.33681133432
1.78247511481297,2742.36616605986
1.78537445023007,2736.55741883686
1.78833374522286,2730.64599437467
1.79,2727.32936936367
1.79271346986427,2721.96436799447
1.79529783967729,2716.90823947664
1.7981163195677,2711.44477263721
1.8,2707.81384937101
1.8024785979686,2703.05742849379
1.80537340562838,2697.52952597963
1.8083266032323,2691.90935995162
1.81,2688.73239819155
1.81271847059789,2683.59412736934
1.81529628239512,2678.75342944941
1.81812318517383,2673.46475708263
1.82,2669.95342979426
1.82248385209646,2665.300406982
1.82538220899648,2659.85739871411
1.8283377503533,2654.28107586078
1.83,2651.13315819377
1.8327159992113,2645.98527328826
1.83550503599251,2640.71035485268
1.83851016288394,2635.04749936057
1.84,2632.25033248994
1.84264536551679,2627.31123560019
1.84547782166187,2622.07209899344
1.84849084875118,2616.55253417306
1.85,2613.8079887065
1.85265890713997,2609.01193445939
1.85531077557849,2604.27852376444
1.85815999355272,2599.2248341055
1.86,2595.96434756547
1.8625028783493,2591.52434614874
1.8654193072323,2586.33463208993
1.86844505770389,2580.91513709938
1.87,2578.11383643253
1.8727363398333,2573.167289833
1.87552156591426,2568.12198922114
1.87853378319716,2562.65540418152
1.88,2559.99144062402
1.88264612381965,2555.18780864786
1.88549142279139,2550.03790526873
1.88851459649869,2544.58180264293
1.89,2541.90705442981
1.89266426100504,2537.12875358631
1.89552945693734,2532.02734294335
1.89856737695039,2526.65810751881
1.9,2524.13955388156
1.90267857281967,2519.46039535513
1.90553117663679,2514.52441040354
1.90856370023276,2509.32004896112
1.91,2506.86737825006
1.91267482348819,2502.32369273579
1.91553618283895,2497.49784778815
1.91857801189899,2492.39184752219
1.92,2490.00934560078
1.92268408313489,2485.52176531642
1.92554579993288,2480.75029015139
1.92858823175723,2475.67695518203
1.93,2473.31875301316
1.93268185531567,2468.83461945041
1.93554606697172,2464.04042092518
1.9385918281213,2458.92444606968
1.94,2456.55024926208
1.94268042197439,2452.02040037942
1.94554650483933,2447.16587722335
1.94859322805361,2441.98552847895
1.95,2439.58531408929
1.95267801844059,2435.00852039049
1.95554486120912,2430.10486296954
1.95859190812137,2424.88346348811
1.96,2422.46647767745
1.96267688450765,2417.87198473983
1.96554475800444,2412.95751284769
1.96859250801955,2407.73873338555
1.97,2405.32898200846
1.97267796569877,2400.75198233612
1.97579768687231,2395.44851517716
1.97896224098548,2390.11711791379
1.98,2388.38378027125
1.98294650832401,2383.52112054776
1.98561404725913,2379.20418271815
1.98859834562325,2374.46128235181
1.99,2372.25994196903
1.99261765617014,2368.18958698969
1.99549226742054,2363.76912924137
1.99851720692783,2359.14246146399
2,2356.8749099464
2.00270945147855,2352.72829343416
2.00585430861836,2347.9097028977
2.00914972463845,2342.85183106653
2.01,2341.54660186087
2.01298653878131,2336.97306663509
2.01564507549732,2332.92008486895
2.01864076142949,2328.35869780061
2.02,2326.28552761842
2.02261772778035,2322.28371577598
2.02550443611625,2317.84948993918
2.02852854440212,2313.15890415521
2.03,2310.85487602436
2.03270618638264,2306.58404895151
2.03585393107931,2301.57471980155
2.0391223710045,2296.34290943011
2.04,2294.93665122822
2.04296211313206,2290.20485507891
2.04563388937754,2285.96822659888
2.04862889495009,2281.25010474804
2.05,2279.09805656269
2.05261331512335,2275.01075597571
2.055759823842,2270.11824074301
2.05882973111042,2265.37729994683
2.06,2263.58111871849
2.0629923153253,2259.03165505106
2.0656191569007,2255.09597935472
2.06861631182336,2250.65760955611
2.07,2248.62083861488
2.072621177888,2244.77794821706
2.07574875644118,2240.21058603174
2.07880092843154,2235.75957060441
2.08,2234.01241772692
2.08298757578194,2229.67286961741
2.08561376060307,2225.87711338355
2.08862175507328,2221.53365374973
2.09,2219.53835210386
2.09262645011933,2215.72197876423
2.09575553537438,2211.14571654878
2.09880529331043,2206.64767994108
2.1,2204.87687722583
2.1029739835287,2200.46267482612
2.10586525430617,2196.18119154426
2.10911072612339,2191.40135704071
2.11,2190.09852879311
2.11285844259051,2185.94131049014
2.11589064378674,2181.59214173942
2.11900311939393,2177.19344125071
2.12,2175.79893123182
2.12288499489357,2171.8083659023
2.12560106065884,2168.10961063397
2.12863158552754,2164.02186643201
2.13,2162.1803816871
2.13265657962319,2158.60368070763
2.135807152532,2154.3458735295
2.13894660320856,2150.06778299173
2.14,2148.62352397029
2.14301081611563,2144.4798411589
2.14589150239679,2140.50265602554
2.14914555141238,2135.99756392142
2.15,2134.81303980274
2.15286578685931,2130.84296930646
2.15591257075244,2126.63398220426
2.1590383961068,2122.32796616514
2.16,2121.00629625585
2.16289394325472,2117.04555693532
2.16592427028067,2112.93350080836
2.16915246596648,2108.59217131322
2.17,2107.45924799358
2.17291744690751,2103.58651426122
2.17562478970573,2100.02566494054
2.17865741947891,2096.0458743527
2.18,2094.27787364843
2.18265002466531,2090.76837860971
2.18582034625146,2086.52432534311
2.18896103855855,2082.2573713724
2.19,2080.83223477174
2.19301997947118,2076.6631050977
2.19589496671695,2072.67046163281
2.19915197574483,2068.12772307116
2.2,2066.94286043025
2.20285932081557,2062.95099899335
2.20591183237113,2058.7048940972
2.20903077109548,2054.38591560588
2.21,2053.0487752276
2.21289280547379,2049.08126185865
2.21592325445422,2044.97174244258
2.21915419912994,2040.64297958067
2.22,2039.51885678494
2.22291923707191,2035.67341233418
2.22593848461285,2031.7539681607
2.2291295762953,2027.66366205781
2.23,2026.55582983152
2.23291444521889,2022.87236329304
2.2359355348189,2019.09256453758
2.2391484118281,2015.09809177912
2.24,2014.04175395124
2.2429287620827,2010.41692726959
2.24593406577813,2006.70621108745
2.24914491507846,2002.73451258161
2.25,2001.67384425279
2.25292096410264,1998.04360892211
2.25639460424227,1993.72282381991
2.26,1989.25588654368
2.26301338341801,1985.56866554796
2.26578005904978,1982.23949164617
2.26894949768375,1978.48585416842
2.27,1977.25342178919
2.27278739042693,1974.0089902793
2.27586617235837,1970.45850642211
2.27899499619629,1966.86107279019
2.28,1965.70447350042
2.28295203246103,1962.30305044771
2.28589880494441,1958.89664319395
2.28919378556796,1955.05577195451
2.29,1954.10904413943
2.2929269101892,1950.64985967068
2.295943853259,1947.04500798212
2.29911869016202,1943.19516999913
2.3,1942.11522336925
2.3029082768034,1938.52210387543
2.30640616307679,1934.15918123486
2.31,1929.66480911706
2.31301535704277,1925.92778050978
2.31578367989197,1922.55066140276
2.31895505272442,1918.74641140481
2.32,1917.50669504243
2.32278255238985,1914.23844650486
2.32586615606657,1910.66510236624
2.32899043571547,1907.0744621838
2.33,1905.91746012012
2.33295317779828,1902.54180851022
2.33646712133745,1898.54674980384
2.34,1894.56291872245
2.34306404834571,1891.15426282224
2.34582091878691,1888.13222035234
2.34900381408167,1884.6779532132
2.35,1883.60039616404
2.35279751505721,1880.57728564437
2.35589408248638,1877.22114860089
2.35903940915119,1873.77266025461
2.36,1872.70816754096
2.3629667714728,1869.3872177342
2.36648552695091,1865.39162755121
2.37,1861.35837059628
2.3730505764642,1857.85415037116
2.37581811440135,1854.6906761144
2.37900415416318,1851.06195633857
2.38,1849.92875179353
2.38278932719497,1846.75722954758
2.38630044972191,1842.77436815135
2.38950755713336,1839.15503966834
2.39,1838.60233544514
2.39246221433321,1835.85905563511
2.39524858397727,1832.80267908276
2.39836190364922,1829.44094839832
2.4,1827.68802632772
2.40273496780609,1824.77898798876
2.40620816774683,1821.1075735491
2.40940013259813,1817.74883994089
2.41,1817.11979898972
2.41299933700935,1813.99292488207
2.41572493748516,1811.17964246128
2.41891047251156,1807.90840697001
2.42,1806.78904681456
2.4227938625883,1803.91099772485
2.42626425737775,1800.31136525513
2.42945157742591,1796.97551160564
2.43,1796.39937386844
2.43274211287044,1793.51718402351
2.43550050379632,1790.62059262817
2.43866003275387,1787.29669830639
2.44,1785.88068618776
2.44276472148929,1782.94369679887
2.44623933323102,1779.22139964221
2.44942261079434,1775.78378827075
2.45,1775.15885589841
2.45288694602828,1772.03907859283
2.45563413061836,1769.08583959605
2.45881087095986,1765.68330069365
2.46,1764.40999304415
2.46277811116525,1761.43350172429
2.46625199939699,1757.70645689356
2.4694332992445,1754.29013216485
2.47,1753.68241711032
2.47283350377751,1750.6580617696
2.47593376795399,1747.39213494932
2.47944502025668,1743.7642477396
2.48,1743.19872014819
2.48277489871662,1740.40833310275
2.48566443026464,1737.56461473446
2.4888558535851,1734.469128881
2.49,1733.36395094732
2.49281813636487,1730.64236729143
2.49637625125642,1727.19303581653
2.5,1723.65200286225
2.50307477647311,1720.63542236008
2.50611942635877,1717.65284953958
2.50964659951612,1714.20921500059
2.51,1713.86515392828
2.51176700241942,1712.14907398356
2.5151300089726,1708.90691903496
2.51856824953962,1705.62481212718
2.52,1704.26792789138
2.52307346538016,1701.38061351369
2.52587792744137,1698.77287847663
2.52912575519926,1695.75774646217
2.53,1694.94270374314
2.53286029394925,1692.25848068752
2.53637319795827,1688.91363325313
2.53965370445698,1685.73403845159
2.54,1685.39558489026
2.54173147771511,1683.69776832995
2.54500016700498,1680.47799635133
2.54840534915256,1677.11719798209
2.55,1675.5448644036
2.55300167212904,1672.59867226783
2.55633720821226,1669.35714578575
2.5596650269419,1666.1616785795
2.56,1665.84247444505
2.56167486529048,1664.2547760815
2.56507783567663,1661.07744839926
2.56852548266143,1657.92604677951
2.57,1656.59850153259
2.57308271511957,1653.8656676918
2.5763210292557,1651.05606103162
2.58,1647.92456898987
2.58296834393789,1645.43676597468
2.58578654970231,1643.09371170303
2.58902467325033,1640.38434484915
2.59,1639.55772327692
2.59285333627932,1637.09942067154
2.59639160363812,1633.95041952901
2.6,1630.60979845432
2.60304957527924,1627.6982964932
2.60611415121042,1624.71375038248
2.60909900266825,1621.76450044932
2.61,1620.86840067032
2.61306233165258,1617.8147968065
2.6164052800416,1614.48481925587
2.62,1610.9260781615
2.62292118179286,1608.07070717754
2.62621713864011,1604.90994227612
2.62920189704547,1602.11014856357
2.63,1601.37229766408
2.63317331207458,1598.48940050759
2.63640560271717,1595.63780877819
2.64,1592.55522318312
2.64296449067435,1590.07630887681
2.64622753970921,1587.40602561828
2.64921851905897,1584.99487634229
2.65,1584.36878728476
2.65320308476111,1581.81628383584
2.65640304360538,1579.27812887908
2.66,1576.41482939039
2.66298195997818,1574.02257260338
2.66623183668082,1571.3902879621
2.66921178178776,1568.94276239658
2.67,1568.28920423204
2.67317862142446,1565.63126402176
2.67743218414256,1562.04346845501
2.68,1559.88487039185
2.68285408902036,1557.5214280664
2.68570817804071,1555.21508557197
2.68909233935804,1552.55635436759
2.69,1551.85603611666
2.69299240377207,1549.5827274713
2.69636559701079,1547.07310966647
2.69966327722526,1544.64913294617
2.7,1544.40248417236
2.70168361387369,1543.17114446382
2.70506343735468,1540.70472663843
2.70852033341699,1538.17151183649
2.71,1537.07834189758
2.71309071310789,1534.77370566623
2.71632582349219,1532.3228216317
2.72,1529.47189501402
2.72296041214262,1527.11854047691
2.72623106684713,1524.46291276283
2.72921335633155,1521.98803606726
2.73,1521.32703915397
2.73317572233147,1518.63080459996
2.73640744165775,1515.84945434024
2.74,1512.71891261181
2.74295826398254,1510.12346012051
2.74721783562194,1506.40380275324
2.75,1504.01958032229
2.75355316872899,1501.07681550115
2.75641084855662,1498.81449264471
2.76,1496.09959502444
2.76290417564579,1493.99328260323
2.76628162450441,1491.62314383777
2.76962126174044,1489.32791642457
2.77,1489.06923367716
2.77189369129781,1487.77884815105
2.77521356950699,1485.51955132196
2.77869642743413,1483.12513987139
2.78,1482.21594819398
2.78312000470689,1480.00381102403
2.78633999152172,1477.6559030784
2.79,1474.88402535175
2.7929624136264,1472.55607297542
2.797299852085,1469.04045796045
2.8,1466.81722494664
2.80285269080409,1464.47445906391
2.80570538160819,1462.16270330082
2.8090960909856,1459.46500234754
2.81,1458.75494888611
2.81298273903276,1456.43995340725
2.81636541649176,1453.86073933219
2.81965075326865,1451.38628276784
2.82,1451.12451130579
2.82174623365677,1449.81949717543
2.82616662884471,1446.55251134047
2.83,1443.78249178784
2.83283835907759,1441.79045836638
2.83567671815517,1439.85690774103
2.83906447312501,1437.60859152105
2.84,1436.99514450604
2.84299973361258,1435.0400532538
2.84639856288546,1432.82404345883
2.85,1430.43460496892
2.85298738251036,1428.40296324968
2.85736921593903,1425.34605375205
2.86,1423.48050220963
2.8628434070497,1421.45938747765
2.86568681409941,1419.44596369749
2.8690831599381,1417.04638893599
2.87,1416.39786463307
2.87298870995628,1414.27962311742
2.87680376057819,1411.57050051163
2.88,1409.31181994681
2.88280394631433,1407.36149494424
2.88560789262866,1405.4547174039
2.88899215403387,1403.205076544
2.89,1402.54314698455
2.8929834615978,1400.59886910114
2.89681342862335,1398.12709605237
2.9,1396.09083064298
2.90280670392689,1394.32408013319
2.90561340785378,1392.5886610831
2.90901255337122,1390.51364028537
2.91,1389.91233122551
2.91300113399586,1388.07927872985
2.91636826600706,1385.99057920463
2.91964812038285,1383.88974734052
2.92,1383.65946750917
2.92175939808574,1382.49337208202
2.92629451593769,1379.38241868017
2.93,1376.75557778693
2.93283906004852,1374.72311680911
2.93567812009703,1372.69323586148
2.93907174402274,1370.27068387565
2.94,1369.60763362047
2.94297894748425,1367.47824705749
2.94675715594345,1364.78103483652
2.95,1362.48731165853
2.95357225965061,1360.02197354437
2.95687629666032,1357.83378453208
2.96,1355.86488538299
2.96338891412496,1353.85060904474
2.96638022304829,1352.16947734324
2.96966824195269,1350.39027744319
2.97,1350.21312150832
2.97165879023656,1349.33100350468
2.97573479402098,1347.17177708983
2.97957189271633,1345.12625783511
2.98,1344.89693999938
2.98214053641833,1343.74843502894
2.98507438028319,1342.16758217853
2.98839820076815,1340.34786919403
2.99,1339.4503405919
2.99292998127882,1337.76183239559
2.99675936410517,1335.45260808719
3,1333.41284638781
3.0028098721756,1331.60118765656
3.00561974435121,1329.76624946013
3.00902525320116,1327.51263126208
3.01,1326.86057321931
3.01298142686591,1324.84665104573
3.01678363264687,1322.2427173934
3.02,1320.02734251712
3.02348808074361,1317.65087004649
3.02683645105551,1315.43474517
3.03,1313.42468026677
3.03340990106521,1311.36884741861
3.03639234848205,1309.66217168551
3.03966948963558,1307.85490921458
3.04,1307.67517036077
3.04165255182208,1306.78097762047
3.04567501027281,1304.62106479294
3.04947413414834,1302.58323707735
3.05,1302.30108047687
3.0526293292583,1300.89287104637
3.05600163142482,1299.09855325849
3.06,1296.99183295885
3.06347348166793,1295.18175377103
3.0664527790529,1293.63331621003
3.07,1291.75805486505
3.07290027683788,1290.17520760488
3.07715854419735,1287.75310661454
3.08,1286.07684019258
3.08375143868978,1283.82066290314
3.0870423789584,1281.83180887919
3.09,1280.05565356236
3.09333685752272,1278.08368871526
3.0963476125987,1276.33641698956
3.09964949630531,1274.43514435472
3.1,1274.2332433109
3.10175251847344,1273.2221063582
3.10577284323684,1270.88754803211
3.10953345165084,1268.68627674233
3.11,1268.41294566928
3.11233274174582,1267.05041625696
3.11577944825269,1265.06236703865
3.12,1262.68863601084
3.12349024004578,1260.78992803495
3.12732936143902,1258.77691832269
3.13,1257.4221456337
3.13338285197555,1255.76070156671
3.13630759349426,1254.3629499552
3.14,1252.60683028362
3.14295858855123,1251.1732502376
3.14726002222686,1249.0088045042
3.15,1247.57271775613
3.15371657324182,1245.56746815784
3.15701298384378,1243.75329634096
3.16,1242.09335227427
3.16337731383563,1240.21470282293
3.16721815138629,1238.09566406862
3.17,1236.58135420718
3.17334444270357,1234.79648535546
3.17628765781038,1233.2575990631
3.1792380063133,1231.72634527188
3.18,1231.33003134489
3.18309258489443,1229.71001739051
3.18737093522111,1227.42294544179
3.19,1225.98912420069
3.19372720044888,1223.93709003901
3.19702649342105,1222.12133557078
3.2,1220.49626628907
3.20338203392944,1218.67337881563
3.2072217246625,1216.64849347648
3.21,1215.21582743613
3.21335816412766,1213.52758036383
3.21704415779237,1211.73630618459
3.22,1210.34604871546
3.2234478984578,1208.77704216184
3.2270859131337,1207.1794735055
3.23,1205.93397794505
3.23340562508239,1204.508695939
3.23633384830133,1203.29184911257
3.24,1201.73015596081
3.24294506868346,1200.40941088177
3.24725317663091,1198.33399114162
3.25,1196.91716501537
3.25373417440956,1194.89532678582
3.25702853030474,1193.0471151007
3.26,1191.34764511012
3.26335619227645,1189.41511850499
3.26720556336118,1187.21168667238
3.27,1185.63608545272
3.27333549995435,1183.80176864807
3.27706142829572,1181.83407739344
3.28,1180.35112720345
3.28343226404853,1178.70385655175
3.2870906170132,1177.04969835342
3.29,1175.80104487958
3.29340699864511,1174.40517597757
3.29706681237694,1172.97060452881
3.3,1171.85276055703
3.30345046744624,1170.559054179
3.30705727871994,1169.21406892734
3.31,1168.10651508782
3.31343661138619,1166.7904664563
3.31707402359204,1165.36129268494
3.32,1164.17649016692
3.32341976051474,1162.75102284004
3.32708286997295,1161.17805889194
3.33,1159.89202300143
3.33340370349539,1158.36177804118
3.33709503032551,1156.67732651167
3.34,1155.33876238552
3.34339542004585,1153.77043923137
3.34709579845668,1152.06890219856
3.35,1150.74330699437
3.35340016431713,1149.210134655
3.35708818874705,1147.57699546027
3.36,1146.30903844634
3.36341044968341,1144.85005299823
3.36707924957053,1143.3118186175
3.37,1142.10505455608
3.37342011482329,1140.70937635472
3.37707421683804,1139.23443067373
3.38,1138.05799095792
3.38342356181745,1136.68261952775
3.38707486000624,1135.2127817936
3.39,1134.02655873868
3.39342027263345,1132.62801184455
3.39707909504815,1131.11717295638
3.4,1129.89656914886
3.40341382696201,1128.45547412791
3.40708395672327,1126.89183866619
3.41,1125.63807975703
3.41340862796466,1124.16405135636
3.41708663299656,1122.56863816654
3.42,1121.30152698462
3.42340729412886,1119.82051380855
3.42708598913574,1118.22760893263
3.43,1116.96969179905
3.43340962193352,1115.50544476245
3.437083161008,1113.93981596024
3.44,1112.70313422179
3.44341344990186,1111.26438521763
3.44708035841954,1109.72945831412
3.45,1108.51133937375
3.45341628484964,1107.0904285389
3.45707917287198,1105.57159556702
3.46,1104.3595902522
3.46341676780895,1102.94066198532
3.46707983656601,1101.41788087237
3.47,1100.1990698065
3.47341519976625,1098.77025422876
3.47702351155798,1097.2757719546
3.48,1096.0812453817
3.4829642917338,1094.95303131869
3.4859285834676,1093.90154219279
3.49,1092.57656387134
3.49335186225059,1091.56834851378
3.49725514764994,1090.45183728295
3.5,1089.67962733855
3.50349405788596,1088.69139377843
3.50695031228864,1087.68944097717
3.51,1086.76719550029
3.51350535085028,1085.64892257763
3.51713059712611,1084.4140584275
3.52,1083.37118096665
3.52338692640405,1082.0655372634
3.5270803968358,1080.55576738279
3.53,1079.30374466255
3.53341612413899,1077.78668085785
3.53709700132914,1076.10768460633
3.54,1074.76152035953
3.54338047253654,1073.18667879923
3.54694305194989,1071.55268080334
3.55,1070.21011485119
3.55295640154235,1068.99862869715
3.5559128030847,1067.89271605655
3.56,1066.53575613418
3.56335335381615,1065.54998650603
3.56725115273754,1064.5070613944
3.57,1063.80880165597
3.57350893613177,1062.93339656466
3.57694708069741,1062.06518076122
3.58,1061.25945876223
3.58352643146201,1060.26478740589
3.58712532899146,1059.15727258165
3.59,1058.19143200975
3.59339613083158,1056.95314957481
3.59707718340443,1055.49547765416
3.6,1054.25699457096
3.60341529336148,1052.73514648463
3.6070059798475,1051.08724921087
3.61,1049.71958305814
3.6129538541931,1048.41780579236
3.6159077083862,1047.19190201591
3.62,1045.63525967565
3.62332963771789,1044.48572328685
3.62723144157366,1043.25056254358
3.63,1042.42768101922
3.63348576027825,1041.43546925061
3.63694359845023,1040.47812922108
3.64,1039.63101273465
3.64352126441393,1038.63239496747
3.64717339289876,1037.56495169528
3.65,1036.72613199269
3.65296222575853,1035.85131754046
3.65592445151706,1034.99047067124
3.66,1033.82084220576
3.66337554608534,1032.84825286199
3.66728649254957,1031.69267154747
3.67,1030.85880515581
3.67346224676691,1029.75054175234
3.67696152962678,1028.57781494795
3.68,1027.51284260254
3.68347500483774,1026.24446857635
3.68707242344329,1024.89557732707
3.69,1023.79906912173
3.69294949744912,1022.72521276055
3.69589899489824,1021.70198754382
3.7,1020.36798909477
3.70336504235301,1019.33921163157
3.70726701120732,1018.19555680575
3.71,1017.40769537976
3.71347591975815,1016.40643503919
3.71695251265575,1015.39157987294
3.72,1014.47551374321
3.72350351995099,1013.38061916377
3.72713476198359,1012.20467681514
3.73,1011.26496047044
3.73295858996542,1010.30615720314
3.73591717993085,1009.37367262249
3.74,1008.12886496409
3.74336831889912,1007.12561336695
3.74727771896875,1005.96516407179
3.75,1005.14464041828
3.75346635592023,1004.07742255645
3.75727893807737,1002.88729952329
3.76,1002.04662758558
3.76298829571132,1001.15325982549
3.76597659142264,1000.30206477307
3.77,999.211837145539
3.77331045487297,998.34148250259
3.77725590017576,997.302797768817
3.78,996.559794990454
3.7835045902156,995.574260931976
3.78737387847957,994.447818908706
3.79,993.677198046666
3.79299060196096,992.813988623959
3.79598120392192,991.976958305736
3.8,990.884572105293
3.80330538037086,989.995803409404
3.80725605337126,988.91744627242
3.81,988.141844371
3.81349738800561,987.113747353317
3.81735112900976,985.943790887722
3.82,985.136676061172
3.8229906056383,984.245016101972
3.82598121127659,983.38649540745
3.83,982.277812812409
3.83330443580643,981.38829598995
3.83659238577893,980.517129360752
3.84,979.640616990879
3.84290749195435,978.931443106521
3.84581498390869,978.266878423034
3.84955480252716,977.464828459786
3.85,977.371855336731
3.85222598736421,976.910446097726
3.85614966121027,976.088340989476
3.86,975.226349242147
3.86337128615901,974.401033106977
3.86722127102314,973.380904611709
3.87,972.611065161026
3.87299049091596,971.773808455983
3.87598098183191,970.941150613321
3.88,969.826145211112
3.88329524267609,968.90305309468
3.88725109573865,967.765015732191
3.89,966.943496036402
3.8934864426472,965.863121614078
3.89732898625868,964.642989574055
3.9,963.799611758753
3.90299098127532,962.88444367241
3.90598196255064,962.013702808131
3.91,960.907213732281
3.91330332559093,960.03447939573
3.91659316843663,959.190759067038
3.92,958.352919128654
3.92290754543371,957.681824133396
3.92581509086741,957.05789584244
3.92955674514517,956.308055107646
3.93,956.22155655044
3.93221627427415,955.791496896479
3.93614335519673,955.014876793139
3.94,954.186883201364
3.94337414146432,953.38207382529
3.94722731686668,952.373494401874
3.95,951.606680050204
3.95299096216523,950.764235413617
3.95598192433047,949.920523139809
3.96,948.78398967159
3.96329282182647,947.840881817757
3.96656228565867,946.896382538056
3.97,945.91565089334
3.97291389240598,945.11922488707
3.97582778481196,944.369976005482
3.97956922416967,943.472327422277
3.98,943.372594692436
3.98215387915163,942.881983591086
3.98548687753002,942.142983636248
3.98904266371815,941.380015782022
3.99,941.180548427864
3.99295826839862,940.586087468942
3.99591653679723,940.025886599807
4,939.286351004977
4.00350256694461,938.648970090624
4.00681664668581,938.023214962186
4.01,937.402047340731
4.01291951851018,936.826211279998
4.01583903702035,936.251129049941
4.0196148636437,935.497212695644
4.02,935.41867327055
4.02192568178152,935.019205932575
4.02528556108548,934.29135839903
4.02881037234912,933.490184334144
4.03,933.214828144774
4.03296444248424,932.529082204422
4.03592888496848,931.852488544265
4.04,930.933109548928
4.04346693040021,930.142294277043
4.0467651832406,929.377077466632
4.05,928.625044020288
4.05292425093399,927.961447226293
4.05584850186797,927.323846480986
4.05961971092502,926.531577871119
4.06,926.452606131789
4.06190144537493,926.057968582274
4.06526550743193,925.355444068765
4.06879281633421,924.613031871189
4.07,924.360161229721
4.07296137016731,923.750827477141
4.07592274033462,923.161399461593
4.08,922.367208181971
4.08348492474225,921.676510195871
4.08735409589168,920.857985732745
4.09,920.246195118522
4.09345088535862,919.37308325044
4.09725065693549,918.325183237412
4.1,917.532319296994
4.10430379542368,916.28697023951
4.10872249613427,915.074304086719
4.11,914.746180597343
4.11316431356024,913.989487750994
4.11632862712047,913.314159045543
4.12,912.612357526479
4.12328865373455,912.031983555195
4.12672706476499,911.456475151826
4.13,910.936945475754
4.13293415828406,910.500375664673
4.13586831656811,910.089593897249
4.13961720809391,909.574843011422
4.14,909.521163015305
4.14191395953043,909.245713370219
4.14527826222009,908.723222097228
4.14882493659615,908.113046751102
4.15,907.899250287874
4.15295595096639,907.343992191525
4.15591190193277,906.769387184629
4.16,905.933841414154
4.16347352917866,905.169308841249
4.1667617647229,904.395799999494
4.17,903.602100331927
4.17292978303694,902.87947018169
4.17585956607387,902.168701285747
4.18,901.184844346901
4.18348219116964,900.362762726701
4.18677637641024,899.585269112747
4.19,898.835695295163
4.19292315778446,898.182658298789
4.19584631556891,897.564534364496
4.19961947733452,896.807573223509
4.2,896.732707380703
4.2019026133274,896.359778486951
4.2052723014621,895.698405005684
4.20880672037759,895.000685750075
4.21,894.76612381751
4.21296047336352,894.193511969767
4.21592094672704,893.637097192484
4.22,892.879228414309
4.22348989228685,892.210766004378
4.2268003183471,891.545294158935
4.23,890.8785340113
4.23473699761193,889.88961128882
4.23882084832038,889.085526727339
4.24,888.867855432357
4.24308820055848,888.335300559207
4.24617640111695,887.853007282637
4.25,887.29526939371
4.25325515883008,886.822976176977
4.25666203367617,886.312546382698
4.26,885.797895850174
4.26293107625888,885.344550098229
4.26586215251777,884.893526888194
4.26960632534112,884.302635358802
4.27,884.238189446073
4.27196837329439,883.906263192726
4.27530705505433,883.300360750538
4.27883436024821,882.603147611972
4.28,882.363119090175
4.2840549475942,881.514242101468
4.28807634267329,880.69239378259
4.29,880.320186008308
4.29307652424072,879.764806465444
4.29615304848144,879.257846936607
4.3,878.665828431864
4.30324989598374,878.17329229713
4.30665544559142,877.648512895486
4.31,877.127480439767
4.31293110615573,876.677196583702
4.31586221231145,876.236346678284
4.31960537309585,875.667932675325
4.32,875.606219530266
4.32197313452073,875.289217555698
4.32531432892027,874.713493542587
4.32884684790429,874.051106403849
4.33,873.825728265415
4.33404109789899,873.021702410509
4.33805013097229,872.240414425379
4.34,871.879511365033
4.34307057055741,871.347455438811
4.34614114111482,870.858519056895
4.35,870.278298386499
4.35325138689338,869.790234414698
4.35665660247522,869.26419500499
4.36,868.73669143309
4.36293156624037,868.27700838651
4.36586313248075,867.824403279264
4.36960742172709,867.238929846688
4.37,867.175710271323
4.37196289136455,866.851275520806
4.37530252608492,866.261064705288
4.37883056651248,865.585791453812
4.38,865.353243940338
4.38404583903395,864.537252219635
4.38805829882615,863.749341830975
4.39,863.388903857186
4.39307066399776,862.857497541115
4.39614132799552,862.371890825635
4.4,861.79908727156
4.4032522082147,861.31918959863
4.40665864915005,860.802860376421
4.41,860.285819605614
4.41424895207913,859.637595347697
4.41818605667222,859.074816819315
4.42,858.833705117263
4.42310954147661,858.450472707417
4.42621908295323,858.096962208416
4.43,857.672422027986
4.43327586512487,857.275631432824
4.43670978383431,856.812372129917
4.44,856.326337589174
4.44293690194935,855.870444013483
4.4458738038987,855.400296030268
4.45,854.699918788913
4.45342045081889,854.060767448127
4.45669762232899,853.390598229648
4.46,852.671061695811
4.46468276906387,851.630613790942
4.46872863514396,850.776541551104
4.47,850.525414270514
4.47311084228687,849.955412713563
4.47622168457374,849.446862410654
4.48,848.88503693471
4.48324772117652,848.420949248279
4.48665795262123,847.933729181965
4.49,847.456250268923
4.49422830504545,846.870654318536
4.49815082871134,846.368026097716
4.5,846.148970344857
4.50309944786051,845.808997569226
4.50619889572101,845.493035007737
4.51,845.100923515182
4.51328009622857,844.723208481901
4.51671544873036,844.269466354804
4.52,843.783601829516
4.52426587505805,843.106251378522
4.52824658701669,842.465981503061
4.53,842.190581674875
4.53312845209559,841.717967024285
4.53625690419117,841.267296419034
4.54,840.732769031227
4.54326322852258,840.246027309849
4.54668368857067,839.703876567856
4.55,839.155065139252
4.55430689896911,838.441456197718
4.55829315042674,837.818006088414
4.56,837.569416561768
4.56311739978076,837.149451744366
4.56623479956153,836.767325824588
4.57,836.324286229047
4.57327416523992,835.923102334198
4.57670659844904,835.468155064211
4.58,835.000755791892
4.58425924602744,834.376329027769
4.58822604403263,833.806331752327
4.59,833.56210582183
4.59483365699971,832.945740346672
4.59950873793533,832.434276217515
4.6,832.386098812284
4.60245631032334,832.162203618772
4.60572124408456,831.902676735505
4.60953692176203,831.622136604712
4.61,831.587321432586
4.61231539118983,831.404372970664
4.6158007068589,831.088741219959
4.62,830.634814235751
4.62463691944991,830.062921370365
4.62866053687534,829.541704673751
4.63,829.368362183261
4.63310026977554,828.973565873638
4.63620053955108,828.584457473884
4.64,828.090023103992
4.64326318903738,827.625008139896
4.64667131709685,827.089699219226
4.65,826.528486214204
4.65433177623137,825.780507043708
4.65832287942215,825.118544143985
4.66,824.857116074465
4.66475046143509,824.190268436629
4.66937808841552,823.664422556718
4.67,823.604016064203
4.67310955792238,823.339453475698
4.67630208679565,823.12282644221
4.68,822.903378063118
4.68338363658995,822.688768487799
4.68682325729684,822.426673393447
4.69,822.13747433715
4.69439853679202,821.674812574533
4.6984037998262,821.215468732002
4.7,821.027876691349
4.7030866315539,820.663527305644
4.70617326310779,820.2935458538
4.71,819.801570933824
4.71326483597593,819.328640591105
4.71667041003304,818.775128199518
4.72,818.18746921712
4.72435178146037,817.39409582964
4.72835542375997,816.689076941218
4.73,816.416252989451
4.73471083612027,815.711492347673
4.73931095817798,815.155629642105
4.74,815.084915212666
4.74344520911008,814.781855339562
4.74660567796807,814.566331233782
4.75,814.367122248743
4.75335561384492,814.162719806194
4.75679837648566,813.914961285841
4.76,813.640646804697
4.76439759872155,813.204694986419
4.76839525873697,812.770915301485
4.77,812.591746027918
4.7750150034355,812.029341034176
4.78,811.491412340513
4.78306267527044,811.185626439815
4.78612535054089,810.898220094001
4.79,810.533634991136
4.79338536944185,810.182689132529
4.79680649250722,809.779686380982
4.8,809.36224179957
4.80449002144552,808.737034753434
4.80853874208217,808.17323831392
4.81,807.976367354226
4.81489585268243,807.361411094189
4.82,806.81826743267
4.82305900135423,806.551150073278
4.82611800270846,806.322704020383
4.83,806.053143439137
4.83339837365374,805.795751890224
4.83683260147285,805.489239247549
4.84,805.161356630819
4.84441818964343,804.649907177866
4.8484391507331,804.159207968627
4.85,803.968314944294
4.85495496878305,803.379217255031
4.86,802.832274036059
4.86306188768976,802.539780225306
4.86612377537952,802.27506822202
4.87,801.949426103959
4.87339026914849,801.638334590606
4.87681674000886,801.277811753618
4.88,800.901095241581
4.88445772810143,800.329977959598
4.88849330477501,799.803107954859
4.89,799.610307342092
4.89492724518463,799.013053207919
4.9,798.476037955283
4.90305964299552,798.201685987658
4.90611928599103,797.960662720457
4.91,797.669555493581
4.91339529530348,797.390303624092
4.91682621660739,797.060876007254
4.92,796.71163199983
4.9244359395913,796.17282604376
4.92846394033238,795.664149029073
4.93,795.471537095039
4.93493960050089,794.8759538806
4.94,794.329641655592
4.94469573811391,793.908397942929
4.95,793.558429221466
4.95293126265217,793.426539890798
4.95586252530435,793.328476172793
4.96,793.199333556536
4.96338728355279,793.051712162555
4.96680323268292,792.8329060737
4.97,792.558973059013
4.97431048750347,792.101747087152
4.97827549336441,791.623452890912
4.98,791.40626416273
4.98487933789351,790.785842796947
4.99,790.164489936145
4.99459979542938,789.674785660855
5,789.22923503055
5.00291834682636,789.057298960265
5.00583669365271,788.926834583316
5.01,788.766735853559
5.01338693907201,788.610083869847
5.01680181013556,788.39620524165
5.02,788.138324853198
5.0242969743009,787.718922359171
5.02825125968828,787.285809474325
5.03,787.086763783704
5.03493763319486,786.520088465282
5.04,785.963301242145
5.04306733202718,785.65491751065
5.04613466405437,785.369186144998
5.05,785.014827591176
5.05338624940758,784.678121549841
5.05680776038794,784.294679535583
5.06,783.899357351933
5.06448466014274,783.309438306222
5.06852767872425,782.778585260245
5.07,782.591656819087
5.07492945580825,782.008130519032
5.08,781.4977724068
5.08471727794093,781.125585110328
5.09,780.842155516728
5.0929414679039,780.745434581987
5.0958829358078,780.679985084923
5.1,780.590046028207
5.10338777357763,780.465829064119
5.10680600105904,780.261831668854
5.11,779.99405465558
5.11431054977075,779.533182112766
5.11827823007105,779.041063085716
5.12,778.81595624784
5.12485427082751,778.170121174575
5.13,777.511657695724
5.13457662573697,776.995764539672
5.14,776.521494064293
5.14653026661599,776.1918115417
5.15,776.123638478233
5.15286176539564,776.116095357168
5.15572353079128,776.137728613023
5.15960666856601,776.165126581705
5.16,776.165112278288
5.16196665716996,776.151556769734
5.16549555614793,776.055138045483
5.16929286134225,775.831778481222
5.17,775.776707254399
5.17353569328873,775.44577699654
5.17753744875934,774.982149194528
5.18,774.664853885477
5.185260381686,773.947917320065
5.19,773.307489787646
5.19463163824996,772.742263332752
5.2,772.223247742305
5.20692820697534,771.834161278824
5.21,771.765890669485
5.21285956148255,771.75380582697
5.21571912296509,771.776835641187
5.21960087862847,771.81510230502
5.22,771.816733211084
5.22199560685764,771.812281942563
5.22552558409057,771.736255939501
5.22933583213908,771.53830260936
5.23,771.491506153919
5.23332083930458,771.208662778816
5.23731787781501,770.779631743746
5.24,770.453130100738
5.24551462442381,769.730617618219
5.25,769.139505317956
5.25468739493662,768.572978768494
5.26,768.054491832764
5.26696531639046,767.643468721838
5.27,767.564764264125
5.27286991774411,767.541336092268
5.27573983548821,767.553493736992
5.28,767.578531429139
5.28344498277536,767.545233046637
5.28689109171099,767.425343426647
5.29,767.234159729912
5.29427875506988,766.855847958761
5.29825893426474,766.413716069488
5.3,766.201467887427
5.30488257202924,765.572823895834
5.31,764.909413302785
5.31458518589955,764.365191996147
5.32,763.846134690511
5.32693063957242,763.44474793443
5.33,763.366166676007
5.33287067321848,763.342717684904
5.33574134643696,763.353711126309
5.34,763.375201570224
5.34344420138485,763.337898350459
5.34688968005099,763.213427411834
5.35,763.017805091385
5.35428201315353,762.63339117896
5.35826377822208,762.186400629728
5.36,761.973051519091
5.36487827366699,761.341574535495
5.37,760.676289721738
5.37458410448684,760.132882377264
5.38,759.616341025994
5.38691285624766,759.220576485059
5.39,759.14374101194
5.39735722502168,759.173990590759
5.4,759.241615347417
5.40291238761532,759.33806304115
5.40582477523064,759.43993866361
5.41,759.535381509137
5.41342889979205,759.511889856447
5.41686106871684,759.362691187189
5.42,759.112953939938
5.42434117970148,758.615974275413
5.42834988118889,758.046679331979
5.43,757.793284158958
5.43473228961181,757.042057559778
5.43933844637242,756.328581260175
5.44,756.231311105944
5.44330776813788,755.775964196662
5.45,755.07116672087
5.45722796301988,754.713153010508
5.46,754.686257494686
5.46749263602969,754.856484459603
5.47,754.970036232325
5.47293073122635,755.121699628956
5.47586146245269,755.27341777592
5.48,755.42406638471
5.48342786615088,755.432915660136
5.48686324092078,755.30156977271
5.49,755.055866339257
5.49434401115245,754.545777766197
5.49835840734165,753.948359541263
5.5,753.681882399098
5.50469454151267,752.889089526881
5.50926852116677,752.130426098333
5.51,752.015040492548
5.51365739416616,751.478818420831
5.52,750.77105041398
5.52697071681123,750.396681405571
5.53,750.365369024861
5.53726870162036,750.550547863165
5.54,750.688001597798
5.54599262567175,751.046911097048
5.55,751.287140744537
5.55292297656463,751.441952150713
5.55584595312927,751.560729204051
5.56,751.61391056257
5.56341366633107,751.508801586934
5.56683358832282,751.247120279485
5.57,750.87258986317
5.57444119803462,750.18046556318
5.5785059267199,749.443879310633
5.58,749.162258791357
5.58459741208468,748.301785856675
5.58911973793459,747.522245325631
5.59,747.383904163154
5.59440131032704,746.780481446056
5.6,746.267522219385
5.60664709691653,746.059567936971
5.61,746.104002210929
5.61752559849258,746.460566191201
5.62,746.62398760411
5.62584543127778,747.025604194073
5.63,747.279132467991
5.63628740953809,747.541539213872
5.64,747.608313298358
5.64287087746773,747.611860937568
5.64574175493546,747.567288664051
5.65,747.378955170509
5.65340697100801,747.092940443201
5.65680276202633,746.680090066909
5.66,746.190562105766
5.66453200560135,745.388109507511
5.66862151692374,744.627245417888
5.67,744.374937363613
5.67462413604279,743.579946719788
5.67919811056357,742.916053370169
5.68,742.815745127288
5.68400944718213,742.396946466656
5.69,742.046900545694
5.69621768527743,742.019746938633
5.7,742.137952337436
5.7080427799782,742.580900537581
5.71,742.703065972334
5.71598741109301,743.047457788732
5.72,743.221761458888
5.7267673786846,743.361817953139
5.73,743.354548314841
5.73768581990295,743.168053816832
5.74,743.076437502348
5.74289733646746,742.947089228002
5.74579467293491,742.800176057773
5.75,742.528790819527
5.75338887912913,742.231442525103
5.75678706416291,741.85167814667
5.76,741.427683620444
5.76446918571032,740.77625259118
5.76851291174598,740.17753489877
5.77,739.964470936576
5.77477545360534,739.332063596165
5.7794701293251,738.81694011586
5.78,738.766782288363
5.78264935337451,738.542723964248
5.79,738.168357507977
5.79701946659223,738.133560607926
5.8,738.193097625976
5.81,738.551412793362
5.81621370323847,738.775243835088
5.82,738.873791589103
5.82765789078627,738.943632330565
5.83,738.928234244171
5.83845809321443,738.752327807989
5.84,738.705184073852
5.84733976775234,738.455655267862
5.85,738.365819694965
5.85286524620319,738.275374586122
5.85573049240638,738.187116072455
5.85914442393701,738.061724159361
5.86,738.022951124633
5.86343969762799,737.823094921747
5.86684923009209,737.545067120832
5.87,737.220697680743
5.87437981795077,736.693222551503
5.8783946444297,736.173960678922
5.88,735.965778939339
5.88483466186107,735.362575121243
5.89,734.795328165361
5.89462172711546,734.391061128982
5.9,734.074535036173
5.90611405052472,733.92539103139
5.91,733.93349518817
5.91831130885504,734.130399516115
5.92,734.186973924935
5.92641227131304,734.405227574872
5.93,734.509514199502
5.93726222679441,734.633912806963
5.94,734.644066508627
5.94824113398708,734.555572901202
5.95,734.517247669836
5.95778177599677,734.300561646333
5.96,734.232831779753
5.96286021324522,734.146719456681
5.96572042649044,734.057685585203
5.96960346302207,733.902994654937
5.97,733.883251999418
5.97198268488967,733.769876738438
5.97546867639231,733.503622947421
5.97921413793347,733.122245731978
5.98,733.031445069623
5.98392931033268,732.538066516744
5.98795869656946,731.996829910787
5.99,731.722207033927
5.99500114792997,731.080868866995
6,730.523975193967
6.00464531055669,730.117467924635
6.01,729.810793166073
6.01608308963086,729.678842375842
6.02,729.699711946399
6.02835396296175,729.923940916568
6.03,729.983210282784
6.03637675853155,730.211227408848
6.04,730.318968124532
6.0472443945982,730.439859047047
6.05,730.446556385334
6.05821157707904,730.343747053136
6.06,730.301267907663
6.06766647719032,730.074319921198
6.07,729.999824844391
6.07746151375918,729.784081102304
6.08,729.726260897079
6.08843099074537,729.616436967234
6.09,729.610789772314
6.09283672994721,729.611178670239
6.09567345989442,729.616427503357
6.09955432550997,729.593271037402
6.1,729.585865685375
6.10222837245018,729.528008904821
6.10571480474623,729.356204182902
6.1095505684404,729.047315235295
6.11,729.003608228591
6.11224715779798,728.765106421477
6.11629843447262,728.270470646138
6.12,727.777799858977
6.12547140060496,727.042787768186
6.13,726.479841203081
6.13468913763419,725.987755396049
6.14,725.586827606107
6.14641646071413,725.354288306568
6.15,725.337460732684
6.15781206974811,725.510406542107
6.16,725.59241494631
6.1662677942208,725.853191612587
6.17,725.999386694129
6.17682809515685,726.191434163654
6.18,726.234585291901
6.18785188890685,726.204096829698
6.19,726.16490649435
6.19792376005396,725.942784967936
6.2,725.873019174277
6.20729703974155,725.631573751901
6.21,725.553903052236
6.21784525262833,725.398078786033
6.22,725.376617536834
6.22898362193269,725.385048747611
6.23,725.394625257873
6.23508189033655,725.460901745894
6.24,725.542872004512
6.24281571571222,725.591133177128
6.24563143142443,725.629341887601
6.24951464861119,725.627009084317
6.25,725.619513358676
6.25242675694406,725.55083935233
6.25589786809262,725.351744085697
6.26,724.963841376533
6.2646392665979,724.369914432819
6.26866609836362,723.778490255078
6.27,723.576151437249
6.27466397503767,722.874616742175
6.27928657596089,722.232533387581
6.28,722.141545390728
6.28356712019555,721.729762785431
6.29,721.20840764887
6.29708074460703,720.999446652946
6.3,721.015121696881
6.30803948111655,721.274934077759
6.31,721.368143235135
6.31611987720215,721.675008738827
6.32,721.850804389132
6.32667101467307,722.058154832608
6.33,722.102864300732
6.33765864051278,722.050405952506
6.34,721.996373480291
6.34758940299026,721.741816621106
6.35,721.647662821146
6.35708436698396,721.380894856712
6.36,721.288214978158
6.36768551436235,721.126998356198
6.37,721.10544530005
6.37878332092182,721.132131913326
6.38,721.147254468178
6.3860833953909,721.249556792984
6.39,721.328069332828
6.39792110624159,721.477061156198
6.4,721.508256932137
6.40895169719506,721.582529408997
6.41,721.584324464851
6.41524151402471,721.572785307984
6.42,721.537276132465
6.42272944585272,721.508692105159
6.42545889170543,721.469447200549
6.42933567896276,721.366147896697
6.43,721.339555110555
6.43332160518619,721.154947657519
6.43673536421649,720.867224072799
6.44,720.505191305544
6.44446348248866,719.912099896267
6.44849655165772,719.330435457935
6.45,719.112414580052
6.45474702557671,718.44939307289
6.45940926806123,717.873490085917
6.46,717.808000211704
6.46295365969385,717.510853102604
6.47,717.035533340207
6.47727618374741,716.904869359609
6.48,716.937059951319
6.48858205049212,717.221230863878
6.49,717.282576596853
6.49626713475586,717.551005962149
6.5,717.684913109898
6.50702980514192,717.832783488981
6.51,717.846407190286
6.51796711093342,717.744756386643
6.52,717.692104069309
6.52750356221711,717.444315013716
6.53,717.35449720001
6.53726185782107,717.115809627213
6.54,717.044402775382
6.54813898290269,716.920675751872
6.55,716.912310887011
6.56,716.977466022043
6.56904583971921,717.130603602969
6.57,717.147823104566
6.57477080140397,717.22860344306
6.58,717.29769970735
6.58869355871701,717.345713724349
6.59,717.345205058695
6.59653220641497,717.316220556446
6.6,717.286670210319
6.61,717.17920279097
6.62,717.093849933573
6.63,717.072405924311
6.63272788882109,717.077629181963
6.63545577764217,717.079767411483
6.63933162053848,717.043338870322
6.64,717.028592084802
6.64334189730761,716.902518915443
6.64676305250905,716.671479275197
6.65,716.36032970783
6.65442006018597,715.823771959691
6.65844081098339,715.271484164451
6.66,715.050963939055
6.66476108234113,714.386337968
6.66942086154419,713.789465777972
6.67,713.721353141257
6.67289569227906,713.406624939065
6.68,712.855805099075
6.68766877643422,712.653147194555
6.69,712.664857355484
6.69839905339457,712.902717674085
6.7,712.969786397701
6.70623883387738,713.244229961009
6.71,713.393361167726
6.71686631080554,713.576818815767
6.72,713.610925434464
6.72783621953447,713.554558171633
6.73,713.507734272137
6.73769876371009,713.270805605418
6.74,713.188926713411
6.74723869648058,712.941898989655
6.75,712.862617741193
6.75788501717106,712.714220721712
6.76,712.696722281286
6.76900469589287,712.722236088252
6.77,712.733430394607
6.77497652053567,712.80602813631
6.78,712.895090982563
6.78809332556988,713.030566427859
6.79,713.055888192969
6.8,713.122890964423
6.80892989482975,713.088149485361
6.81,713.079336797558
6.81535052585126,713.026376222928
6.82,712.974957541364
6.82901531282744,712.888775810771
6.83,712.881796772808
6.83492343586279,712.856605245672
6.84,712.848494708606
6.85,712.878813031146
6.86,712.940386424011
6.87,712.99153498357
6.88,713.006691516695
6.89,712.986658870958
6.89272860705072,712.977005495959
6.89545721410143,712.959604636883
6.89933436833987,712.889909758732
6.9,712.869116558429
6.90332815830065,712.712666714424
6.9067454565765,712.451226907016
6.91,712.111753235151
6.91444591258634,711.542347266385
6.91847414293637,710.971360550225
6.92,710.751469159984
6.92297776032057,710.328919857618
6.92595552064115,709.935670898082
6.93,709.510771335476
6.933514106611,709.303679325087
6.93636620833411,709.261246744654
6.94,709.339785646127
6.94324871840682,709.484726059561
6.94644405122022,709.649557007741
6.95,709.823614461595
6.95444387024657,710.000518239063
6.95815045736484,710.103358319345
6.96,710.136715729878
6.9654769555001,710.150943037964
6.97,710.055976438413
6.97461732658029,709.865393219181
6.98,709.560107142061
6.98596998415671,709.184146695495
6.99,708.944221933782
6.99587103788185,708.656617257543
7,708.516419232016
7.00813570420859,708.412822137857
7.01,708.419821343944
7.01873990674652,708.564719279669
7.02,708.595870714141
7.02630046626742,708.762742177696
7.03,708.85546367437
7.03749089351968,708.992354762677
7.04,709.017239664887
7.0488913103613,709.0128843669
7.05,709.003112614108
7.05554344819349,708.931433248728
7.06,708.85558235617
7.06827391772427,708.710084743001
7.07,708.683518854018
7.07863041137864,708.591791722449
7.08,708.584621664649
7.08684794310682,708.579863390532
7.09,708.593278965758
7.1,708.676544581222
7.11,708.768633463831
7.12,708.815424668339
7.13,708.801586115583
7.14,708.749523330781
7.15,708.697610016475
7.16,708.674874906475
7.17,708.687095526692
7.18,708.719244591804
7.19,708.748924441264
7.2,708.760622500638
7.21,708.752651541871
7.22,708.734700377961
7.23,708.71965404109
7.24,708.715637181512
7.2427281408459,708.716119908086
7.24545628169181,708.710213329469
7.2493336571063,708.657907389131
7.25,708.640089036708
7.2533317144685,708.497925617821
7.25675081364928,708.249542403644
7.26,707.920988519884
7.26326128936999,707.520884649269
7.26652257873997,707.089357324125
7.27,706.65733757045
7.27333297497738,706.329085619814
7.27693320660711,706.112404510103
7.28,706.052916599462
7.2840478762812,706.139985961298
7.28737728054437,706.314843067649
7.29,706.481010014317
7.29338432244035,706.686392071948
7.29700029913587,706.851262971008
7.3,706.925971719896
7.30404577552505,706.928936238278
7.30799995872619,706.825749374027
7.31,706.735917413109
7.31503463666611,706.4098013888
7.32,705.978368860835
7.32481485225137,705.508015287137
7.33,705.012906080986
7.33764815929477,704.435278365557
7.34,704.312068603533
7.34654045239716,704.122394051691
7.35,704.110011641675
7.3574449347921,704.248657769077
7.36,704.3325722935
7.36699945322004,704.597318693242
7.37,704.707124977822
7.37706182851638,704.906565564021
7.38,704.954846385358
7.3881584447598,704.966484478009
7.39,704.945754607933
7.39828245595719,704.776177097647
7.4,704.730997035683
7.40761574373684,704.526390099607
7.41,704.468561431954
7.41802920157792,704.327038385038
7.42,704.307779892574
7.43,704.307379796636
7.44,704.424211867073
7.45,704.561701564361
7.45845163198654,704.630747113599
7.46,704.636324374371
7.46774184006729,704.631214902166
7.47,704.620618207946
7.48,704.544550195754
7.49,704.464711607341
7.5,704.426178633374
7.51,704.44018389958
7.52,704.486096356321
7.53,704.530663100315
7.54,704.549577673995
7.55,704.538800266308
7.56,704.511835210113
7.57,704.487914606937
7.58,704.479887606568
7.59,704.48862648896
7.6,704.505467867967
7.61,704.5193643151
7.62,704.523613824765
7.63,704.518525239629
7.64,704.509530386173
7.65,704.502907313801
7.66,704.502079031323
7.67,704.506406697857
7.68,704.512538590895
7.69,704.516938866384
7.7,704.517900199155
7.71,704.51604651018
7.72,704.513415381463
7.73,704.511978252838
7.74,704.512559454774
7.75,704.514658068328
7.76,704.517050878864
7.76272817023475,704.517078280657
7.76545634046949,704.509880937808
7.76933432442891,704.454533058203
7.77,704.436097739587
7.77332837785547,704.29174398773
7.77618707147658,704.100251148747
7.78,703.788144850985
7.7832557615366,703.52560501237
7.78644101261643,703.316070015534
7.79,703.163149290051
7.79338868396057,703.099570758574
7.79677736792113,703.092420664518
7.8,703.097433351626
7.80325661764275,703.075483400584
7.80683791119012,702.992628259458
7.81,702.863008820432
7.81398071192288,702.63490314992
7.81791571423677,702.356255430189
7.82,702.193116819692
7.82477884074657,701.792535548925
7.82936305488052,701.394912543944
7.83,701.340339086139
7.83318472559739,701.075851522354
7.84,700.596061863552
7.84634368256166,700.306600023959
7.85,700.216621719566
7.85683827879762,700.185016511725
7.86,700.219270351754
7.86687853984929,700.359015007254
7.87,700.435565176992
7.87752560493112,700.601824916097
7.88,700.641394159589
7.88833157452513,700.692537696755
7.89,700.686749910813
7.89834212737433,700.589052254031
7.9,700.559100279898
7.90813875690572,700.391131165855
7.91,700.352543064701
7.91829400362202,700.20877162352
7.92,700.187659353597
7.92852998188988,700.136117761505
7.93,700.136261604527
7.93735009055063,700.169901394818
7.94,700.192248193119
7.95,700.293292313293
7.96,700.368646301542
7.97,700.380218465502
7.98,700.335468157801
7.99,700.271902506523
8,700.228701747906
8.01,700.224400082115
8.02,700.251546138904
8.03,700.287152200559
8.04,700.309247461478
8.05,700.308826549835
8.06,700.291667989257
8.07,700.271486950788
8.08,700.260350997463
8.09,700.262360603807
8.1,700.27331137804
8.11,700.285061758664
8.12,700.291023992072
8.13,700.289447774731
8.14,700.283209221925
8.15,700.277077471796
8.16,700.274596971259
8.17,700.276414272466
8.18,700.280626917331
8.19,700.284465475993
8.2,700.286046542142
8.21,700.28520384155
8.22,700.283160524757
8.23,700.281508515952
8.24,700.28123240016
8.25,700.282310109393
8.26,700.283971476859
8.27,700.285309820101
8.28,700.2858198565
8.29,700.285580649095
8.3,700.285068632167
8.31,700.284795267481
8.32,700.2850138662
8.33,700.285641793131
8.34,700.286388644595
8.35,700.286968678517
8.36,700.287258675163
8.37,700.287326737981
8.38,700.287347585695
8.39,700.287479243796
8.4,700.287779195401
8.41,700.288196994721
8.42,700.288628745088
8.43,700.288987990593
8.44,700.289249557499
8.45,700.289448568429
8.46,700.289646145772
8.47,700.289889038874
8.48,700.290187127355
8.49,700.290516944831
8.5,700.290842895964
8.51,700.291140031394
8.52,700.291405326303
8.53,700.291653999552
8.54,700.291906581689
8.55,700.29217619146
8.56,700.292463049556
8.57,700.292757511994
8.58,700.293047850342
8.59,700.293327288335
8.6,700.293596561116
8.61,700.293861668641
8.62,700.294129249133
8.63,700.294402729393
8.64,700.294681203988
8.65,700.294960999357
8.66,700.29523839551
8.67,700.295511707669
8.68,700.295781726094
8.69,700.296050671023
8.7,700.296320607694
8.71,700.296592335299
8.72,700.296865252377
8.73,700.297138034455
8.74,700.297409548234
8.75,700.297679435734
8.76,700.297948124068
8.77,700.29821639597
8.78,700.298484867511
8.79,700.298753686363
8.8,700.299022564506
8.81,700.299291045393
8.82,700.299558799488
8.82272819978899,700.299112907278
8.82545639957798,700.291520644663
8.82933479412221,700.235757547554
8.83,700.217284698076
8.83332602938894,700.072905449574
8.83618489402746,699.881419283395
8.84,699.569250533682
8.84325622906411,699.306854927157
8.84644144028446,699.097557151891
8.85,698.944939058339
8.85442019506647,698.878936086743
8.85813768079814,698.916255391478
8.86,698.962430277339
8.86294931120648,699.068200153678
8.86589862241295,699.200732598306
8.87,699.376479233535
8.87357314860769,699.4603702435
8.87701592291894,699.439550923337
8.88,699.330714585799
8.88324835983475,699.123312112875
8.8864967196695,698.851543135557
8.89,698.542443445582
8.89330229581934,698.290797950898
8.89687040879441,698.105296892659
8.9,698.031823672839
8.90401834324117,698.056846609537
8.90737054687804,698.150824774267
8.91,698.239803269144
8.91336904427825,698.335536318477
8.91696721626882,698.38228866783
8.92,698.365278582272
8.92408698542778,698.261714160322
8.92806999998011,698.082424039876
8.93,697.97157424782
8.93296894173674,697.775647788839
8.93593788347347,697.56353710488
8.94,697.30218020725
8.94348196732621,697.164018008939
8.94690120206255,697.144169254088
8.95,697.234194299735
8.95327072609699,697.430934461363
8.95654145219398,697.700255915401
8.96,698.005911102245
8.96331106906569,698.261626241691
8.96689752877008,698.452250668886
8.97,698.527818044762
8.97400807861414,698.501140447841
8.97793168726523,698.350758275167
8.98,698.227668736241
8.98487541274877,697.838198470687
8.98951377248476,697.375085614993
8.99,697.323497688726
8.9924311375762,697.062581906999
8.99569720161952,696.724097473212
8.99950231164482,696.406755987747
9,696.375411085046
9.00248844177588,696.26442379069
9.00597713575491,696.253814441817
9.01,696.45967510019
9.01324935617995,696.776754202503
9.0164987123599,697.185771447171
9.02,697.659337764756
9.02335148199209,698.075097085526
9.02698718775339,698.425730805668
9.03,698.613317130072
9.03398091331568,698.707744579129
9.03790315083285,698.635001715119
9.04,698.533449396894
9.04490677250817,698.147748428955
9.05,697.582350012057
9.05303459580767,697.203007313586
9.05606919161535,696.828725100261
9.06,696.424575806143
9.06337323388642,696.216175087748
9.06682345393869,696.176280816476
9.07,696.301282861075
9.07329850899852,696.579364348829
9.07659701799704,696.967671094134
9.08,697.416793082123
9.08335072281787,697.838520825748
9.08698940832691,698.213109738361
9.09,698.431150790612
9.09396617870242,698.576663637144
9.09787394725222,698.56178382842
9.1,698.490454760263
9.10497937521833,698.166387859866
9.11,697.66293352528
9.11471509872597,697.100987385552
9.12,696.467285115936
9.12282530930899,696.161276845621
9.12565061861798,695.901929812946
9.12955867248269,695.671000571526
9.13,695.657104546227
9.13220663758658,695.630781489448
9.13516052327221,695.710057653318
9.13868665774577,695.950808629547
9.14,696.068890100144
9.14317496569586,696.38496543299
9.14637983712897,696.708212254642
9.15,697.035228650413
9.15442173207962,697.345983242966
9.15809645423677,697.517545477464
9.16,697.572836975949
9.1654952797348,697.594366741225
9.17,697.45818791702
9.174566192983,697.20004419859
9.18,696.794326008114
9.18628134552713,696.297432486178
9.19,696.033979079974
9.19569607356575,695.722642764103
9.2,695.581490299607
9.20759536737079,695.542270738857
9.21,695.579984497576
9.21761893517666,695.808457865763
9.22,695.899664415445
9.22695392299076,696.166449860652
9.23,696.267431883192
9.23729197296824,696.429738955309
9.24,696.455839888009
9.24845022420103,696.419130677324
9.25,696.395731651767
9.25774887899483,696.230998032195
9.26,696.175492508317
9.26771961116227,695.99606879447
9.27,695.952671226029
9.27855476951772,695.854378117971
9.28,695.848878374771
9.28722615241142,695.866779532657
9.29,695.890612248015
9.29897514134848,696.003348726158
9.3,696.017532979008
9.30512429325761,696.085019398127
9.31,696.137084148913
9.32,696.183757922749
9.33,696.148848579303
9.34,696.071341749102
9.35,696.004499334463
9.36,695.982698273491
9.37,696.006900784766
9.38,696.052279426056
9.39,696.088330122787
9.4,696.097225103776
9.41,696.080624134529
9.42,696.053977974494
9.43,696.034553648137
9.44,696.031380273167
9.45,696.042239487556
9.46,696.057650956117
9.47,696.067923472316
9.48,696.068598154332
9.49,696.061648563787
9.5,696.052808252423
9.51,696.047460286197
9.52,696.047727700143
9.53,696.052089877886
9.54,696.057120174699
9.55,696.059858869271
9.56,696.059345656209
9.57,696.056664662016
9.58,696.053840927914
9.59,696.052483408885
9.6,696.052991555623
9.61,696.054629025849
9.62,696.056211317697
9.63,696.056874492494
9.64,696.05647742491
9.65,696.055503446075
9.66,696.0546386069
9.67,696.054340349968
9.68,696.054638928799
9.69,696.055225110353
9.7,696.055705307245
9.71,696.055841212336
9.72,696.055644394949
9.73,696.055308717071
9.74,696.055057859769
9.75,696.055013569602
9.76,696.05515286264
9.77,696.055356229264
9.78,696.055497750045
9.79,696.055516726093
9.8,696.055435492068
9.81,696.055326670284
9.82,696.055260457767
9.83,696.055266161942
9.84,696.055325899957
9.85,696.055396096464
9.86,696.05543801621
9.87,696.055438131976
9.88,696.055409482587
9.89,696.055377917185
9.9,696.055364577972
9.91,696.05537528843
9.92,696.055401061765
9.93,696.055426725354
9.94,696.055440876523
9.95,696.055441304513
9.96,696.05543397119
9.97,696.05542769402
9.98,696.055428541185
9.99,696.055437128027
10,696.055449609023
